2026-09-23 00:48:27 [INFO] shabbat_detector.hebcal_gate: Hebcal refreshed: 5 start(s), 2 end(s) (geo=281184, diaspora=True)
2026-09-23 04:49:29 [INFO] shabbat_detector.hebcal_gate: Hebcal refreshed: 5 start(s), 2 end(s) (geo=281184, diaspora=True)
2026-09-23 05:08:09 [INFO] shabbat_detector.hebcal_gate: Hebcal refreshed: 5 start(s), 2 end(s) (geo=281184, diaspora=True)
2026-09-23 05:08:09 [INFO] shabbat_detector.cycle_analyzer: Elevator idle 1061s - resetting cycle (was in _Phase.LEG_ONE)
2026-09-23 06:11:00 [INFO] shabbat_detector.hebcal_gate: Hebcal refreshed: 5 start(s), 2 end(s) (geo=281184, diaspora=True)
2026-09-23 06:11:00 [INFO] shabbat_detector.cycle_analyzer: Elevator idle 3762s - resetting cycle (was in _Phase.LEG_ONE)
2026-09-23 06:35:57 [INFO] shabbat_detector.hebcal_gate: Hebcal refreshed: 5 start(s), 2 end(s) (geo=281184, diaspora=True)
2026-09-23 06:50:03 [INFO] shabbat_detector.hebcal_gate: Hebcal refreshed: 5 start(s), 2 end(s) (geo=281184, diaspora=True)
2026-09-23 07:10:13 [INFO] shabbat_detector.hebcal_gate: Hebcal refreshed: 5 start(s), 2 end(s) (geo=281184, diaspora=True)
2026-09-23 07:38:37 [INFO] shabbat_detector.hebcal_gate: Hebcal refreshed: 5 start(s), 2 end(s) (geo=281184, diaspora=True)
2026-09-23 07:52:15 [INFO] shabbat_detector.hebcal_gate: Hebcal refreshed: 5 start(s), 2 end(s) (geo=281184, diaspora=True)
2026-09-23 08:02:20 [INFO] shabbat_detector.cycle_analyzer: Cycle recovered (missed TOP-terminal read): 1252s, up_stops=['-2', '3', '10', '0', '3', '-2', '-1'], down_stops=['-1', '11', '8', '-1', '-2', '3']
2026-09-23 08:02:20 [INFO] shabbat_detector.fsm: [A] DetectorState.CANDIDATE_SHABBAT → DetectorState.NORMAL
2026-09-23 08:02:20 [INFO] detector: SHABBAT TRANSITION CANDIDATE_SHABBAT -> NORMAL | סיבה: מחזור לא תאם - עצירות לא חוקיות בעלייה: ['10', '3']; עצירות לא חוקיות בירידה: ['8']; כיסוי קומות חלקי (עלייה 100%, ירידה 44%); 6 חריגות טיימינג
2026-09-23 08:02:51 [INFO] detector: Config updated remotely (keys=['SHABBAT_DETECTOR'])
2026-09-23 08:07:41 [INFO] shabbat_detector.hebcal_gate: Hebcal refreshed: 5 start(s), 2 end(s) (geo=281184, diaspora=True)
2026-09-23 08:07:41 [INFO] shabbat_detector.cycle_analyzer: Elevator idle 375s - resetting cycle (was in _Phase.LEG_ONE)
2026-09-23 08:19:18 [INFO] shabbat_detector.fsm: [A] DetectorState.NORMAL → DetectorState.CANDIDATE_SHABBAT
2026-09-23 08:19:18 [INFO] detector: SHABBAT TRANSITION NORMAL -> CANDIDATE_SHABBAT | סיבה: מחזור אפשרי החל - ממתין להשלמה
2026-09-23 08:19:51 [INFO] shabbat_detector.hebcal_gate: Hebcal refreshed: 5 start(s), 2 end(s) (geo=281184, diaspora=True)
2026-09-23 08:21:19 [INFO] detector: Config updated remotely (keys=['SHABBAT_DETECTOR'])
2026-09-23 08:29:41 [INFO] shabbat_detector.cycle_analyzer: Elevator idle 303s - resetting cycle (was in _Phase.LEG_TWO)
2026-09-23 08:30:03 [INFO] shabbat_detector.hebcal_gate: Hebcal refreshed: 5 start(s), 2 end(s) (geo=281184, diaspora=True)
2026-09-23 08:39:20 [WARNING] shabbat_detector.cycle_analyzer: Unexpected: touched opposite terminal again in leg 2
2026-09-23 08:41:03 [INFO] shabbat_detector.hebcal_gate: Hebcal refreshed: 5 start(s), 2 end(s) (geo=281184, diaspora=True)
2026-09-23 08:44:10 [WARNING] shabbat_detector.cycle_analyzer: Unexpected: touched opposite terminal again in leg 2
2026-09-23 08:51:19 [WARNING] shabbat_detector.cycle_analyzer: Unexpected: touched opposite terminal again in leg 2
2026-09-23 08:51:26 [INFO] shabbat_detector.hebcal_gate: Hebcal refreshed: 5 start(s), 2 end(s) (geo=281184, diaspora=True)
2026-09-23 08:57:51 [WARNING] shabbat_detector.cycle_analyzer: Unexpected: touched opposite terminal again in leg 2
2026-09-23 09:02:10 [INFO] shabbat_detector.hebcal_gate: Hebcal refreshed: 5 start(s), 2 end(s) (geo=281184, diaspora=True)
2026-09-23 09:02:10 [INFO] shabbat_detector.cycle_analyzer: Elevator idle 315s - resetting cycle (was in _Phase.LEG_TWO)
2026-09-23 09:03:52 [INFO] shabbat_detector.cycle_analyzer: Cycle aborted: returned to BOTTOM without reaching TOP
2026-09-23 09:10:21 [WARNING] shabbat_detector.cycle_analyzer: Unexpected: touched opposite terminal again in leg 2
2026-09-23 09:12:11 [INFO] shabbat_detector.hebcal_gate: Hebcal refreshed: 5 start(s), 2 end(s) (geo=281184, diaspora=True)
2026-09-23 09:22:21 [INFO] shabbat_detector.hebcal_gate: Hebcal refreshed: 5 start(s), 2 end(s) (geo=281184, diaspora=True)
2026-09-23 09:29:41 [WARNING] shabbat_detector.cycle_analyzer: Unexpected: touched opposite terminal again in leg 2
2026-09-23 09:30:19 [INFO] shabbat_detector.cycle_analyzer: Cycle complete: 1657s, up_stops=['-1', '11'], down_stops=['11', '-2', '11', '-2', '10', '-2', '-1', '5', '-1', '7', '-2', '-1', '0', '8', '7', '1', '-1', '8', '-2', '5', '4', '8', '0', '2', '-2', '-1']
2026-09-23 09:30:19 [INFO] shabbat_detector.fsm: [A] DetectorState.CANDIDATE_SHABBAT → DetectorState.NORMAL
2026-09-23 09:30:19 [INFO] detector: SHABBAT TRANSITION CANDIDATE_SHABBAT -> NORMAL | סיבה: מחזור לא תאם - עצירות לא חוקיות בעלייה: ['11']; עצירות לא חוקיות בירידה: ['10', '2', '4', '8']; כיסוי קומות חלקי (עלייה 33%, ירידה 78%); קפיצות-אחורה (עלייה 0, ירידה 13); חזרות על קומות (עלייה 0, ירידה 15); 10 חריגות טיימינג
2026-09-23 09:32:19 [INFO] detector: Config updated remotely (keys=['SHABBAT_DETECTOR'])
2026-09-23 09:33:00 [INFO] shabbat_detector.hebcal_gate: Hebcal refreshed: 5 start(s), 2 end(s) (geo=281184, diaspora=True)
2026-09-23 09:44:33 [INFO] shabbat_detector.hebcal_gate: Hebcal refreshed: 5 start(s), 2 end(s) (geo=281184, diaspora=True)
2026-09-23 09:46:41 [INFO] shabbat_detector.cycle_analyzer: Cycle recovered (missed TOP-terminal read): 924s, up_stops=['-1', '11'], down_stops=['10', '-1', '2', '-2', '-1', '-2', '-1', '11', '4', '-1', '-2', '-1', '0', '-1', '3', '2', '4', '9', '-1']
2026-09-23 09:46:41 [INFO] shabbat_detector.fsm: [A] DetectorState.NORMAL → DetectorState.CANDIDATE_SHABBAT
2026-09-23 09:46:41 [INFO] detector: SHABBAT TRANSITION NORMAL -> CANDIDATE_SHABBAT | סיבה: מחזור אפשרי החל - ממתין להשלמה
2026-09-23 09:46:41 [INFO] shabbat_detector.fsm: [A] DetectorState.CANDIDATE_SHABBAT → DetectorState.NORMAL
2026-09-23 09:46:41 [INFO] detector: SHABBAT TRANSITION CANDIDATE_SHABBAT -> NORMAL | סיבה: מחזור לא תאם - עצירות לא חוקיות בעלייה: ['11']; עצירות לא חוקיות בירידה: ['10', '2', '4']; כיסוי קומות חלקי (עלייה 33%, ירידה 67%); קפיצות-אחורה (עלייה 0, ירידה 9); 6 חריגות טיימינג
2026-09-23 09:46:42 [INFO] detector: Config updated remotely (keys=['SHABBAT_DETECTOR'])
2026-09-23 09:47:11 [INFO] detector: Config updated remotely (keys=['SHABBAT_DETECTOR'])
2026-09-23 09:54:53 [INFO] shabbat_detector.hebcal_gate: Hebcal refreshed: 5 start(s), 2 end(s) (geo=281184, diaspora=True)
2026-09-23 09:57:31 [INFO] shabbat_detector.cycle_analyzer: Cycle recovered (missed TOP-terminal read): 709s, up_stops=['-1', '11'], down_stops=['-1', '-2', '-1', '7', '8', '-2', '3']
2026-09-23 09:57:31 [INFO] shabbat_detector.fsm: [A] DetectorState.NORMAL → DetectorState.CANDIDATE_SHABBAT
2026-09-23 09:57:31 [INFO] detector: SHABBAT TRANSITION NORMAL -> CANDIDATE_SHABBAT | סיבה: מחזור אפשרי החל - ממתין להשלמה
2026-09-23 09:57:32 [INFO] shabbat_detector.fsm: [A] DetectorState.CANDIDATE_SHABBAT → DetectorState.NORMAL
2026-09-23 09:57:32 [INFO] detector: SHABBAT TRANSITION CANDIDATE_SHABBAT -> NORMAL | סיבה: מחזור לא תאם - עצירות לא חוקיות בעלייה: ['11']; עצירות לא חוקיות בירידה: ['8']; כיסוי קומות חלקי (עלייה 33%, ירידה 44%); 6 חריגות טיימינג
2026-09-23 09:57:32 [INFO] detector: Config updated remotely (keys=['SHABBAT_DETECTOR'])
2026-09-23 10:00:02 [INFO] detector: Config updated remotely (keys=['SHABBAT_DETECTOR'])
2026-09-23 10:00:08 [INFO] shabbat_detector.cycle_analyzer: Cycle aborted: returned to BOTTOM without reaching TOP
2026-09-23 10:00:08 [INFO] shabbat_detector.fsm: [A] DetectorState.NORMAL → DetectorState.CANDIDATE_SHABBAT
2026-09-23 10:00:08 [INFO] detector: SHABBAT TRANSITION NORMAL -> CANDIDATE_SHABBAT | סיבה: מחזור אפשרי החל - ממתין להשלמה
2026-09-23 10:00:38 [INFO] detector: Config updated remotely (keys=['SHABBAT_DETECTOR'])
2026-09-23 10:02:30 [INFO] shabbat_detector.cycle_analyzer: Cycle aborted: returned to BOTTOM without reaching TOP
2026-09-23 10:05:49 [INFO] shabbat_detector.hebcal_gate: Hebcal refreshed: 5 start(s), 2 end(s) (geo=281184, diaspora=True)
2026-09-23 10:07:01 [INFO] shabbat_detector.cycle_analyzer: Cycle aborted: returned to BOTTOM without reaching TOP
2026-09-23 10:15:36 [INFO] shabbat_detector.cycle_analyzer: Cycle aborted: returned to BOTTOM without reaching TOP
2026-09-23 10:16:36 [INFO] shabbat_detector.cycle_analyzer: Cycle aborted: returned to BOTTOM without reaching TOP
2026-09-23 10:17:16 [INFO] shabbat_detector.hebcal_gate: Hebcal refreshed: 5 start(s), 2 end(s) (geo=281184, diaspora=True)
2026-09-23 10:17:43 [INFO] shabbat_detector.cycle_analyzer: Cycle aborted: returned to BOTTOM without reaching TOP
2026-09-23 10:25:14 [INFO] shabbat_detector.cycle_analyzer: Cycle aborted: returned to BOTTOM without reaching TOP
2026-09-23 10:27:01 [INFO] shabbat_detector.hebcal_gate: Hebcal refreshed: 5 start(s), 2 end(s) (geo=281184, diaspora=True)
2026-09-23 10:27:38 [INFO] shabbat_detector.cycle_analyzer: Cycle aborted: returned to BOTTOM without reaching TOP
2026-09-23 10:30:11 [INFO] shabbat_detector.cycle_analyzer: Cycle aborted: returned to BOTTOM without reaching TOP
2026-09-23 10:37:01 [INFO] shabbat_detector.hebcal_gate: Hebcal refreshed: 5 start(s), 2 end(s) (geo=281184, diaspora=True)
2026-09-23 10:39:38 [INFO] shabbat_detector.cycle_analyzer: Cycle recovered (missed TOP-terminal read): 571s, up_stops=['-2', '9', '0', '-1', '9', '-1', '11'], down_stops=['-1', '0', '11', '-1']
2026-09-23 10:39:38 [INFO] shabbat_detector.fsm: [A] DetectorState.CANDIDATE_SHABBAT → DetectorState.NORMAL
2026-09-23 10:39:38 [INFO] detector: SHABBAT TRANSITION CANDIDATE_SHABBAT -> NORMAL | סיבה: מחזור לא תאם - עצירות לא חוקיות בעלייה: ['11', '9']; כיסוי קומות חלקי (עלייה 100%, ירידה 33%); 3 חריגות טיימינג
2026-09-23 10:40:09 [INFO] detector: Config updated remotely (keys=['SHABBAT_DETECTOR'])
2026-09-23 10:46:39 [INFO] shabbat_detector.cycle_analyzer: Cycle aborted: returned to BOTTOM without reaching TOP
2026-09-23 10:46:39 [INFO] shabbat_detector.fsm: [A] DetectorState.NORMAL → DetectorState.CANDIDATE_SHABBAT
2026-09-23 10:46:39 [INFO] detector: SHABBAT TRANSITION NORMAL -> CANDIDATE_SHABBAT | סיבה: מחזור אפשרי החל - ממתין להשלמה
2026-09-23 10:47:39 [INFO] detector: Config updated remotely (keys=['SHABBAT_DETECTOR'])
2026-09-23 10:48:13 [INFO] shabbat_detector.hebcal_gate: Hebcal refreshed: 5 start(s), 2 end(s) (geo=281184, diaspora=True)
2026-09-23 10:51:38 [INFO] shabbat_detector.cycle_analyzer: Cycle aborted: returned to BOTTOM without reaching TOP
2026-09-23 10:55:49 [INFO] shabbat_detector.cycle_analyzer: Cycle recovered (missed TOP-terminal read): 156s, up_stops=['11'], down_stops=['10', '-1']
2026-09-23 10:55:49 [INFO] shabbat_detector.fsm: [A] DetectorState.CANDIDATE_SHABBAT → DetectorState.NORMAL
2026-09-23 10:55:49 [INFO] detector: SHABBAT TRANSITION CANDIDATE_SHABBAT -> NORMAL | סיבה: מחזור לא תאם - עצירות לא חוקיות בעלייה: ['11']; עצירות לא חוקיות בירידה: ['10']; כיסוי קומות חלקי (עלייה 0%, ירידה 11%); 2 חריגות טיימינג
2026-09-23 10:57:50 [INFO] detector: Config updated remotely (keys=['SHABBAT_DETECTOR'])
2026-09-23 11:00:05 [INFO] shabbat_detector.hebcal_gate: Hebcal refreshed: 5 start(s), 2 end(s) (geo=281184, diaspora=True)
2026-09-23 11:03:45 [INFO] shabbat_detector.cycle_analyzer: Cycle recovered (missed TOP-terminal read): 507s, up_stops=['10', '11'], down_stops=['-1', '11', '-1']
2026-09-23 11:03:45 [INFO] shabbat_detector.fsm: [A] DetectorState.NORMAL → DetectorState.CANDIDATE_SHABBAT
2026-09-23 11:03:45 [INFO] detector: SHABBAT TRANSITION NORMAL -> CANDIDATE_SHABBAT | סיבה: מחזור אפשרי החל - ממתין להשלמה
2026-09-23 11:03:45 [INFO] shabbat_detector.fsm: [A] DetectorState.CANDIDATE_SHABBAT → DetectorState.NORMAL
2026-09-23 11:03:45 [INFO] detector: SHABBAT TRANSITION CANDIDATE_SHABBAT -> NORMAL | סיבה: מחזור לא תאם - עצירות לא חוקיות בעלייה: ['10', '11']; כיסוי קומות חלקי (עלייה 0%, ירידה 22%); 3 חריגות טיימינג
2026-09-23 11:03:47 [INFO] detector: Config updated remotely (keys=['SHABBAT_DETECTOR'])
2026-09-23 11:04:46 [INFO] detector: Config updated remotely (keys=['SHABBAT_DETECTOR'])
2026-09-23 11:11:28 [INFO] shabbat_detector.hebcal_gate: Hebcal refreshed: 5 start(s), 2 end(s) (geo=281184, diaspora=True)
2026-09-23 11:24:38 [INFO] shabbat_detector.hebcal_gate: Hebcal refreshed: 5 start(s), 2 end(s) (geo=281184, diaspora=True)
2026-09-23 11:27:08 [INFO] shabbat_detector.cycle_analyzer: Cycle aborted: returned to BOTTOM without reaching TOP
2026-09-23 11:27:08 [INFO] shabbat_detector.fsm: [A] DetectorState.NORMAL → DetectorState.CANDIDATE_SHABBAT
2026-09-23 11:27:08 [INFO] detector: SHABBAT TRANSITION NORMAL -> CANDIDATE_SHABBAT | סיבה: מחזור אפשרי החל - ממתין להשלמה
2026-09-23 11:27:38 [INFO] detector: Config updated remotely (keys=['SHABBAT_DETECTOR'])
2026-09-23 11:35:52 [INFO] shabbat_detector.hebcal_gate: Hebcal refreshed: 5 start(s), 2 end(s) (geo=281184, diaspora=True)
2026-09-23 11:35:52 [INFO] shabbat_detector.cycle_analyzer: Cycle aborted: returned to BOTTOM without reaching TOP
2026-09-23 11:51:29 [INFO] shabbat_detector.hebcal_gate: Hebcal refreshed: 5 start(s), 2 end(s) (geo=281184, diaspora=True)
2026-09-23 11:51:29 [INFO] shabbat_detector.cycle_analyzer: Elevator idle 964s - resetting cycle (was in _Phase.LEG_ONE)
2026-09-23 11:55:51 [INFO] shabbat_detector.cycle_analyzer: Cycle aborted: returned to BOTTOM without reaching TOP
2026-09-23 12:01:37 [INFO] shabbat_detector.hebcal_gate: Hebcal refreshed: 5 start(s), 2 end(s) (geo=281184, diaspora=True)
2026-09-23 12:03:48 [INFO] shabbat_detector.cycle_analyzer: Cycle recovered (missed TOP-terminal read): 406s, up_stops=['-1', '2', '-1', '11'], down_stops=['-1', '1']
2026-09-23 12:03:48 [INFO] shabbat_detector.fsm: [A] DetectorState.CANDIDATE_SHABBAT → DetectorState.NORMAL
2026-09-23 12:03:48 [INFO] detector: SHABBAT TRANSITION CANDIDATE_SHABBAT -> NORMAL | סיבה: מחזור לא תאם - עצירות לא חוקיות בעלייה: ['11', '2']; כיסוי קומות חלקי (עלייה 33%, ירידה 22%); 3 חריגות טיימינג
2026-09-23 12:04:18 [INFO] detector: Config updated remotely (keys=['SHABBAT_DETECTOR'])
2026-09-23 12:04:34 [INFO] shabbat_detector.cycle_analyzer: Cycle aborted: returned to BOTTOM without reaching TOP
2026-09-23 12:04:34 [INFO] shabbat_detector.fsm: [A] DetectorState.NORMAL → DetectorState.CANDIDATE_SHABBAT
2026-09-23 12:04:34 [INFO] detector: SHABBAT TRANSITION NORMAL -> CANDIDATE_SHABBAT | סיבה: מחזור אפשרי החל - ממתין להשלמה
2026-09-23 12:05:04 [INFO] detector: Config updated remotely (keys=['SHABBAT_DETECTOR'])
2026-09-23 12:06:30 [INFO] shabbat_detector.cycle_analyzer: Cycle aborted: returned to BOTTOM without reaching TOP
2026-09-23 12:14:41 [INFO] shabbat_detector.hebcal_gate: Hebcal refreshed: 5 start(s), 2 end(s) (geo=281184, diaspora=True)
2026-09-23 12:15:00 [INFO] shabbat_detector.cycle_analyzer: Cycle aborted: returned to BOTTOM without reaching TOP
2026-09-23 12:16:54 [INFO] shabbat_detector.cycle_analyzer: Cycle aborted: returned to BOTTOM without reaching TOP
2026-09-23 12:17:26 [INFO] shabbat_detector.cycle_analyzer: Cycle aborted: returned to BOTTOM without reaching TOP
2026-09-23 12:21:07 [INFO] shabbat_detector.cycle_analyzer: Cycle aborted: returned to BOTTOM without reaching TOP
2026-09-23 12:25:38 [INFO] shabbat_detector.hebcal_gate: Hebcal refreshed: 5 start(s), 2 end(s) (geo=281184, diaspora=True)
2026-09-23 12:25:39 [INFO] shabbat_detector.cycle_analyzer: Cycle aborted: returned to BOTTOM without reaching TOP
2026-09-23 12:26:22 [INFO] shabbat_detector.cycle_analyzer: Cycle aborted: returned to BOTTOM without reaching TOP
2026-09-23 12:37:30 [INFO] shabbat_detector.hebcal_gate: Hebcal refreshed: 5 start(s), 2 end(s) (geo=281184, diaspora=True)
2026-09-23 12:39:10 [WARNING] shabbat_detector.cycle_analyzer: Unexpected: touched opposite terminal again in leg 2
2026-09-23 12:43:18 [INFO] shabbat_detector.cycle_analyzer: Elevator idle 337s - resetting cycle (was in _Phase.LEG_TWO)
2026-09-23 12:52:35 [INFO] shabbat_detector.hebcal_gate: Hebcal refreshed: 5 start(s), 2 end(s) (geo=281184, diaspora=True)
2026-09-23 12:52:35 [INFO] shabbat_detector.cycle_analyzer: Elevator idle 408s - resetting cycle (was in _Phase.LEG_ONE)
2026-09-23 13:01:17 [INFO] shabbat_detector.cycle_analyzer: Cycle recovered (missed TOP-terminal read): 93s, up_stops=['11'], down_stops=[]
2026-09-23 13:01:17 [INFO] shabbat_detector.fsm: [A] DetectorState.CANDIDATE_SHABBAT → DetectorState.NORMAL
2026-09-23 13:01:17 [INFO] detector: SHABBAT TRANSITION CANDIDATE_SHABBAT -> NORMAL | סיבה: מחזור לא תאם - עצירות לא חוקיות בעלייה: ['11']; כיסוי קומות חלקי (עלייה 0%, ירידה 0%)
2026-09-23 13:02:17 [INFO] detector: Config updated remotely (keys=['SHABBAT_DETECTOR'])
2026-09-23 13:02:47 [INFO] shabbat_detector.hebcal_gate: Hebcal refreshed: 5 start(s), 2 end(s) (geo=281184, diaspora=True)
2026-09-23 13:03:27 [INFO] shabbat_detector.cycle_analyzer: Cycle aborted: returned to BOTTOM without reaching TOP
2026-09-23 13:03:27 [INFO] shabbat_detector.fsm: [A] DetectorState.NORMAL → DetectorState.CANDIDATE_SHABBAT
2026-09-23 13:03:27 [INFO] detector: SHABBAT TRANSITION NORMAL -> CANDIDATE_SHABBAT | סיבה: מחזור אפשרי החל - ממתין להשלמה
2026-09-23 13:05:27 [INFO] detector: Config updated remotely (keys=['SHABBAT_DETECTOR'])
2026-09-23 13:15:52 [INFO] shabbat_detector.hebcal_gate: Hebcal refreshed: 5 start(s), 2 end(s) (geo=281184, diaspora=True)
2026-09-23 13:15:52 [INFO] shabbat_detector.cycle_analyzer: Elevator idle 629s - resetting cycle (was in _Phase.LEG_ONE)
2026-09-23 13:28:40 [INFO] shabbat_detector.hebcal_gate: Hebcal refreshed: 5 start(s), 2 end(s) (geo=281184, diaspora=True)
2026-09-23 13:44:28 [INFO] shabbat_detector.hebcal_gate: Hebcal refreshed: 5 start(s), 2 end(s) (geo=281184, diaspora=True)
2026-09-23 13:44:28 [INFO] shabbat_detector.cycle_analyzer: Elevator idle 636s - resetting cycle (was in _Phase.LEG_ONE)
2026-09-23 13:56:24 [INFO] shabbat_detector.hebcal_gate: Hebcal refreshed: 5 start(s), 2 end(s) (geo=281184, diaspora=True)
2026-09-23 13:56:24 [INFO] shabbat_detector.cycle_analyzer: Elevator idle 407s - resetting cycle (was in _Phase.LEG_ONE)
2026-09-23 14:05:40 [INFO] shabbat_detector.cycle_analyzer: Cycle complete: 555s, up_stops=['-1', '8', '7', '9'], down_stops=['11', '9', '0', '-1']
2026-09-23 14:05:40 [INFO] shabbat_detector.fsm: [A] DetectorState.CANDIDATE_SHABBAT → DetectorState.NORMAL
2026-09-23 14:05:40 [INFO] detector: SHABBAT TRANSITION CANDIDATE_SHABBAT -> NORMAL | סיבה: מחזור לא תאם - עצירות לא חוקיות בעלייה: ['7', '8', '9']; כיסוי קומות חלקי (עלייה 33%, ירידה 44%); 4 חריגות טיימינג
2026-09-23 14:06:40 [INFO] detector: Config updated remotely (keys=['SHABBAT_DETECTOR'])
2026-09-23 14:06:44 [INFO] shabbat_detector.hebcal_gate: Hebcal refreshed: 5 start(s), 2 end(s) (geo=281184, diaspora=True)
2026-09-23 14:08:11 [INFO] shabbat_detector.cycle_analyzer: Cycle aborted: returned to BOTTOM without reaching TOP
2026-09-23 14:08:11 [INFO] shabbat_detector.fsm: [A] DetectorState.NORMAL → DetectorState.CANDIDATE_SHABBAT
2026-09-23 14:08:11 [INFO] detector: SHABBAT TRANSITION NORMAL -> CANDIDATE_SHABBAT | סיבה: מחזור אפשרי החל - ממתין להשלמה
2026-09-23 14:09:41 [INFO] detector: Config updated remotely (keys=['SHABBAT_DETECTOR'])
2026-09-23 14:14:41 [INFO] shabbat_detector.cycle_analyzer: Elevator idle 469s - resetting cycle (was in _Phase.LEG_ONE)
2026-09-23 14:17:18 [INFO] shabbat_detector.hebcal_gate: Hebcal refreshed: 5 start(s), 2 end(s) (geo=281184, diaspora=True)
2026-09-23 14:19:08 [INFO] shabbat_detector.cycle_analyzer: Cycle recovered (missed TOP-terminal read): 195s, up_stops=['0', '2', '7', '11'], down_stops=[]
2026-09-23 14:19:08 [INFO] shabbat_detector.fsm: [A] DetectorState.CANDIDATE_SHABBAT → DetectorState.NORMAL
2026-09-23 14:19:08 [INFO] detector: SHABBAT TRANSITION CANDIDATE_SHABBAT -> NORMAL | סיבה: מחזור לא תאם - עצירות לא חוקיות בעלייה: ['11', '2', '7']; כיסוי קומות חלקי (עלייה 33%, ירידה 0%); 3 חריגות טיימינג
2026-09-23 14:19:59 [INFO] shabbat_detector.cycle_analyzer: Cycle aborted: returned to BOTTOM without reaching TOP
2026-09-23 14:19:59 [INFO] shabbat_detector.fsm: [A] DetectorState.NORMAL → DetectorState.CANDIDATE_SHABBAT
2026-09-23 14:19:59 [INFO] detector: SHABBAT TRANSITION NORMAL -> CANDIDATE_SHABBAT | סיבה: מחזור אפשרי החל - ממתין להשלמה
2026-09-23 14:20:00 [INFO] detector: Config updated remotely (keys=['SHABBAT_DETECTOR'])
2026-09-23 14:20:29 [INFO] detector: Config updated remotely (keys=['SHABBAT_DETECTOR'])
2026-09-23 14:27:17 [INFO] shabbat_detector.hebcal_gate: Hebcal refreshed: 5 start(s), 2 end(s) (geo=281184, diaspora=True)
2026-09-23 14:37:43 [INFO] shabbat_detector.hebcal_gate: Hebcal refreshed: 5 start(s), 2 end(s) (geo=281184, diaspora=True)
2026-09-23 14:37:43 [INFO] shabbat_detector.cycle_analyzer: Cycle recovered (missed TOP-terminal read): 1071s, up_stops=['-1', '3', '-1', '2', '-1', '9', '11'], down_stops=['10', '-1', '3', '-1', '3', '-1', '3', '-1']
2026-09-23 14:37:43 [INFO] shabbat_detector.fsm: [A] DetectorState.CANDIDATE_SHABBAT → DetectorState.NORMAL
2026-09-23 14:37:43 [INFO] detector: SHABBAT TRANSITION CANDIDATE_SHABBAT -> NORMAL | סיבה: מחזור לא תאם - עצירות לא חוקיות בעלייה: ['11', '2', '3', '9']; עצירות לא חוקיות בירידה: ['10']; כיסוי קומות חלקי (עלייה 33%, ירידה 22%); 6 חריגות טיימינג
2026-09-23 14:39:14 [INFO] detector: Config updated remotely (keys=['SHABBAT_DETECTOR'])
2026-09-23 14:46:21 [INFO] shabbat_detector.cycle_analyzer: Elevator idle 430s - resetting cycle (was in _Phase.LEG_ONE)
2026-09-23 14:52:04 [INFO] shabbat_detector.hebcal_gate: Hebcal refreshed: 5 start(s), 2 end(s) (geo=281184, diaspora=True)
2026-09-23 14:55:19 [INFO] shabbat_detector.fsm: [A] DetectorState.NORMAL → DetectorState.CANDIDATE_SHABBAT
2026-09-23 14:55:19 [INFO] detector: SHABBAT TRANSITION NORMAL -> CANDIDATE_SHABBAT | סיבה: מחזור אפשרי החל - ממתין להשלמה
2026-09-23 14:56:49 [INFO] detector: Config updated remotely (keys=['SHABBAT_DETECTOR'])
2026-09-23 15:04:31 [INFO] shabbat_detector.hebcal_gate: Hebcal refreshed: 5 start(s), 2 end(s) (geo=281184, diaspora=True)
2026-09-23 15:14:41 [INFO] shabbat_detector.hebcal_gate: Hebcal refreshed: 5 start(s), 2 end(s) (geo=281184, diaspora=True)
2026-09-23 15:21:23 [INFO] shabbat_detector.cycle_analyzer: Cycle aborted: returned to BOTTOM without reaching TOP
2026-09-23 15:25:15 [INFO] shabbat_detector.hebcal_gate: Hebcal refreshed: 5 start(s), 2 end(s) (geo=281184, diaspora=True)
2026-09-23 15:25:15 [INFO] shabbat_detector.cycle_analyzer: Elevator idle 345s - resetting cycle (was in _Phase.LEG_ONE)
2026-09-23 15:29:04 [INFO] shabbat_detector.cycle_analyzer: Cycle aborted: returned to BOTTOM without reaching TOP
2026-09-23 15:43:46 [INFO] shabbat_detector.hebcal_gate: Hebcal refreshed: 5 start(s), 2 end(s) (geo=281184, diaspora=True)
2026-09-23 15:43:46 [INFO] shabbat_detector.cycle_analyzer: Elevator idle 539s - resetting cycle (was in _Phase.LEG_ONE)
2026-09-23 15:54:11 [INFO] shabbat_detector.hebcal_gate: Hebcal refreshed: 5 start(s), 2 end(s) (geo=281184, diaspora=True)
2026-09-23 16:04:26 [INFO] shabbat_detector.cycle_analyzer: Cycle recovered (missed TOP-terminal read): 768s, up_stops=['-1', '11'], down_stops=['-1']
2026-09-23 16:04:26 [INFO] shabbat_detector.fsm: [A] DetectorState.CANDIDATE_SHABBAT → DetectorState.NORMAL
2026-09-23 16:04:26 [INFO] detector: SHABBAT TRANSITION CANDIDATE_SHABBAT -> NORMAL | סיבה: מחזור לא תאם - עצירות לא חוקיות בעלייה: ['11']; כיסוי קומות חלקי (עלייה 33%, ירידה 11%); 2 חריגות טיימינג
2026-09-23 16:06:27 [INFO] detector: Config updated remotely (keys=['SHABBAT_DETECTOR'])
2026-09-23 16:11:13 [INFO] shabbat_detector.hebcal_gate: Hebcal refreshed: 5 start(s), 2 end(s) (geo=281184, diaspora=True)
2026-09-23 16:11:13 [INFO] shabbat_detector.cycle_analyzer: Elevator idle 442s - resetting cycle (was in _Phase.LEG_ONE)
2026-09-23 16:24:02 [INFO] shabbat_detector.hebcal_gate: Hebcal refreshed: 5 start(s), 2 end(s) (geo=281184, diaspora=True)
2026-09-23 16:24:38 [INFO] shabbat_detector.cycle_analyzer: Cycle recovered (missed TOP-terminal read): 810s, up_stops=['-1', '1', '-2', '-1', '1', '8', '-1', '11'], down_stops=[]
2026-09-23 16:24:38 [INFO] shabbat_detector.fsm: [A] DetectorState.NORMAL → DetectorState.CANDIDATE_SHABBAT
2026-09-23 16:24:38 [INFO] detector: SHABBAT TRANSITION NORMAL -> CANDIDATE_SHABBAT | סיבה: מחזור אפשרי החל - ממתין להשלמה
2026-09-23 16:24:38 [INFO] shabbat_detector.fsm: [A] DetectorState.CANDIDATE_SHABBAT → DetectorState.NORMAL
2026-09-23 16:24:38 [INFO] detector: SHABBAT TRANSITION CANDIDATE_SHABBAT -> NORMAL | סיבה: מחזור לא תאם - עצירות לא חוקיות בעלייה: ['1', '11', '8']; כיסוי קומות חלקי (עלייה 67%, ירידה 0%); 4 חריגות טיימינג
2026-09-23 16:24:38 [INFO] detector: Config updated remotely (keys=['SHABBAT_DETECTOR'])
2026-09-23 16:26:38 [INFO] detector: Config updated remotely (keys=['SHABBAT_DETECTOR'])
2026-09-23 16:43:45 [INFO] shabbat_detector.hebcal_gate: Hebcal refreshed: 5 start(s), 2 end(s) (geo=281184, diaspora=True)
2026-09-23 16:43:45 [INFO] shabbat_detector.cycle_analyzer: Elevator idle 589s - resetting cycle (was in _Phase.LEG_ONE)
2026-09-23 16:51:50 [INFO] shabbat_detector.fsm: [A] DetectorState.NORMAL → DetectorState.CANDIDATE_SHABBAT
2026-09-23 16:51:50 [INFO] detector: SHABBAT TRANSITION NORMAL -> CANDIDATE_SHABBAT | סיבה: מחזור אפשרי החל - ממתין להשלמה
2026-09-23 16:53:21 [INFO] detector: Config updated remotely (keys=['SHABBAT_DETECTOR'])
2026-09-23 16:56:48 [INFO] shabbat_detector.hebcal_gate: Hebcal refreshed: 5 start(s), 2 end(s) (geo=281184, diaspora=True)
2026-09-23 16:56:48 [INFO] shabbat_detector.cycle_analyzer: Cycle aborted: returned to BOTTOM without reaching TOP
2026-09-23 17:14:49 [INFO] shabbat_detector.hebcal_gate: Hebcal refreshed: 5 start(s), 2 end(s) (geo=281184, diaspora=True)
2026-09-23 17:14:49 [INFO] shabbat_detector.cycle_analyzer: Elevator idle 604s - resetting cycle (was in _Phase.LEG_ONE)
2026-09-23 17:25:58 [INFO] shabbat_detector.hebcal_gate: Hebcal refreshed: 5 start(s), 2 end(s) (geo=281184, diaspora=True)
2026-09-23 17:36:04 [INFO] shabbat_detector.hebcal_gate: Hebcal refreshed: 5 start(s), 2 end(s) (geo=281184, diaspora=True)
2026-09-23 17:45:52 [INFO] shabbat_detector.cycle_analyzer: Elevator idle 313s - resetting cycle (was in _Phase.LEG_ONE)
2026-09-23 17:46:04 [INFO] shabbat_detector.hebcal_gate: Hebcal refreshed: 5 start(s), 2 end(s) (geo=281184, diaspora=True)
2026-09-23 17:58:54 [INFO] shabbat_detector.hebcal_gate: Hebcal refreshed: 5 start(s), 2 end(s) (geo=281184, diaspora=True)
2026-09-23 18:08:09 [INFO] shabbat_detector.cycle_analyzer: Cycle recovered (missed TOP-terminal read): 532s, up_stops=['-1', '1', '11'], down_stops=['1', '-1', '4', '9', '-1']
2026-09-23 18:08:09 [INFO] shabbat_detector.fsm: [A] DetectorState.CANDIDATE_SHABBAT → DetectorState.NORMAL
2026-09-23 18:08:09 [INFO] detector: SHABBAT TRANSITION CANDIDATE_SHABBAT -> NORMAL | סיבה: מחזור לא תאם - עצירות לא חוקיות בעלייה: ['1', '11']; עצירות לא חוקיות בירידה: ['4']; כיסוי קומות חלקי (עלייה 33%, ירידה 33%); 4 חריגות טיימינג
2026-09-23 18:08:40 [INFO] detector: Config updated remotely (keys=['SHABBAT_DETECTOR'])
2026-09-23 18:09:10 [INFO] shabbat_detector.hebcal_gate: Hebcal refreshed: 5 start(s), 2 end(s) (geo=281184, diaspora=True)
2026-09-23 18:09:42 [INFO] shabbat_detector.cycle_analyzer: Cycle aborted: returned to BOTTOM without reaching TOP
2026-09-23 18:09:42 [INFO] shabbat_detector.fsm: [A] DetectorState.NORMAL → DetectorState.CANDIDATE_SHABBAT
2026-09-23 18:09:42 [INFO] detector: SHABBAT TRANSITION NORMAL -> CANDIDATE_SHABBAT | סיבה: מחזור אפשרי החל - ממתין להשלמה
2026-09-23 18:11:12 [INFO] detector: Config updated remotely (keys=['SHABBAT_DETECTOR'])
2026-09-23 18:16:56 [INFO] shabbat_detector.cycle_analyzer: Cycle aborted: returned to BOTTOM without reaching TOP
2026-09-23 18:19:18 [INFO] shabbat_detector.hebcal_gate: Hebcal refreshed: 5 start(s), 2 end(s) (geo=281184, diaspora=True)
2026-09-23 18:20:29 [INFO] shabbat_detector.cycle_analyzer: Cycle aborted: returned to BOTTOM without reaching TOP
2026-09-23 18:33:34 [INFO] shabbat_detector.hebcal_gate: Hebcal refreshed: 5 start(s), 2 end(s) (geo=281184, diaspora=True)
2026-09-23 18:33:34 [INFO] shabbat_detector.cycle_analyzer: Elevator idle 386s - resetting cycle (was in _Phase.LEG_ONE)
2026-09-23 18:48:42 [INFO] shabbat_detector.hebcal_gate: Hebcal refreshed: 5 start(s), 2 end(s) (geo=281184, diaspora=True)
2026-09-23 18:48:42 [INFO] shabbat_detector.cycle_analyzer: Elevator idle 378s - resetting cycle (was in _Phase.LEG_ONE)
2026-09-23 18:53:02 [INFO] shabbat_detector.cycle_analyzer: Cycle recovered (missed TOP-terminal read): 255s, up_stops=['-1', '11'], down_stops=['7', '-1', '7', '3', '-1']
2026-09-23 18:53:02 [INFO] shabbat_detector.fsm: [A] DetectorState.CANDIDATE_SHABBAT → DetectorState.NORMAL
2026-09-23 18:53:02 [INFO] detector: SHABBAT TRANSITION CANDIDATE_SHABBAT -> NORMAL | סיבה: מחזור לא תאם - עצירות לא חוקיות בעלייה: ['11']; כיסוי קומות חלקי (עלייה 33%, ירידה 33%); 3 חריגות טיימינג
2026-09-23 18:54:02 [INFO] detector: Config updated remotely (keys=['SHABBAT_DETECTOR'])
2026-09-23 18:58:52 [INFO] shabbat_detector.hebcal_gate: Hebcal refreshed: 5 start(s), 2 end(s) (geo=281184, diaspora=True)
2026-09-23 19:05:58 [INFO] shabbat_detector.cycle_analyzer: Elevator idle 409s - resetting cycle (was in _Phase.LEG_ONE)
2026-09-23 19:10:03 [INFO] shabbat_detector.hebcal_gate: Hebcal refreshed: 5 start(s), 2 end(s) (geo=281184, diaspora=True)
2026-09-23 19:18:20 [INFO] shabbat_detector.fsm: [A] DetectorState.NORMAL → DetectorState.CANDIDATE_SHABBAT
2026-09-23 19:18:20 [INFO] detector: SHABBAT TRANSITION NORMAL -> CANDIDATE_SHABBAT | סיבה: מחזור אפשרי החל - ממתין להשלמה
2026-09-23 19:18:50 [INFO] detector: Config updated remotely (keys=['SHABBAT_DETECTOR'])
2026-09-23 19:19:58 [INFO] shabbat_detector.cycle_analyzer: Cycle aborted: returned to BOTTOM without reaching TOP
2026-09-23 19:25:08 [INFO] shabbat_detector.hebcal_gate: Hebcal refreshed: 5 start(s), 2 end(s) (geo=281184, diaspora=True)
2026-09-23 19:25:08 [INFO] shabbat_detector.cycle_analyzer: Elevator idle 367s - resetting cycle (was in _Phase.LEG_ONE)
2026-09-23 19:35:38 [INFO] shabbat_detector.hebcal_gate: Hebcal refreshed: 5 start(s), 2 end(s) (geo=281184, diaspora=True)
2026-09-23 19:46:18 [INFO] shabbat_detector.hebcal_gate: Hebcal refreshed: 5 start(s), 2 end(s) (geo=281184, diaspora=True)
2026-09-23 19:56:51 [INFO] shabbat_detector.hebcal_gate: Hebcal refreshed: 5 start(s), 2 end(s) (geo=281184, diaspora=True)
2026-09-23 19:57:45 [INFO] shabbat_detector.cycle_analyzer: Cycle aborted: returned to BOTTOM without reaching TOP
2026-09-23 20:02:38 [INFO] shabbat_detector.cycle_analyzer: Cycle aborted: returned to BOTTOM without reaching TOP
2026-09-23 20:07:26 [INFO] shabbat_detector.hebcal_gate: Hebcal refreshed: 5 start(s), 2 end(s) (geo=281184, diaspora=True)
2026-09-23 20:10:14 [INFO] shabbat_detector.cycle_analyzer: Cycle aborted: returned to BOTTOM without reaching TOP
2026-09-23 20:22:26 [INFO] shabbat_detector.hebcal_gate: Hebcal refreshed: 5 start(s), 2 end(s) (geo=281184, diaspora=True)
2026-09-23 20:22:26 [INFO] shabbat_detector.cycle_analyzer: Elevator idle 708s - resetting cycle (was in _Phase.LEG_ONE)
2026-09-23 20:33:53 [INFO] shabbat_detector.hebcal_gate: Hebcal refreshed: 5 start(s), 2 end(s) (geo=281184, diaspora=True)
2026-09-23 20:39:58 [INFO] shabbat_detector.cycle_analyzer: Elevator idle 349s - resetting cycle (was in _Phase.LEG_ONE)
2026-09-23 20:47:54 [INFO] shabbat_detector.hebcal_gate: Hebcal refreshed: 5 start(s), 2 end(s) (geo=281184, diaspora=True)
2026-09-23 20:59:26 [INFO] shabbat_detector.hebcal_gate: Hebcal refreshed: 5 start(s), 2 end(s) (geo=281184, diaspora=True)
2026-09-23 21:02:34 [INFO] shabbat_detector.cycle_analyzer: Cycle recovered (missed TOP-terminal read): 682s, up_stops=['1', '-1', '7', '-1', '3', '-1', '1', '-1', '11'], down_stops=[]
2026-09-23 21:02:34 [INFO] shabbat_detector.fsm: [A] DetectorState.CANDIDATE_SHABBAT → DetectorState.NORMAL
2026-09-23 21:02:34 [INFO] detector: SHABBAT TRANSITION CANDIDATE_SHABBAT -> NORMAL | סיבה: מחזור לא תאם - עצירות לא חוקיות בעלייה: ['1', '11', '3', '7']; כיסוי קומות חלקי (עלייה 33%, ירידה 0%); 5 חריגות טיימינג
2026-09-23 21:03:05 [INFO] detector: Config updated remotely (keys=['SHABBAT_DETECTOR'])
2026-09-23 21:11:18 [INFO] shabbat_detector.hebcal_gate: Hebcal refreshed: 5 start(s), 2 end(s) (geo=281184, diaspora=True)
2026-09-23 21:11:18 [INFO] shabbat_detector.cycle_analyzer: Elevator idle 510s - resetting cycle (was in _Phase.LEG_ONE)
2026-09-23 21:29:10 [INFO] shabbat_detector.hebcal_gate: Hebcal refreshed: 5 start(s), 2 end(s) (geo=281184, diaspora=True)
2026-09-23 21:49:22 [INFO] shabbat_detector.hebcal_gate: Hebcal refreshed: 5 start(s), 2 end(s) (geo=281184, diaspora=True)
2026-09-23 21:59:25 [INFO] shabbat_detector.hebcal_gate: Hebcal refreshed: 5 start(s), 2 end(s) (geo=281184, diaspora=True)
2026-09-23 22:18:20 [INFO] shabbat_detector.hebcal_gate: Hebcal refreshed: 5 start(s), 2 end(s) (geo=281184, diaspora=True)
2026-09-23 22:18:53 [INFO] shabbat_detector.fsm: [A] DetectorState.NORMAL → DetectorState.CANDIDATE_SHABBAT
2026-09-23 22:18:53 [INFO] detector: SHABBAT TRANSITION NORMAL -> CANDIDATE_SHABBAT | סיבה: מחזור אפשרי החל - ממתין להשלמה
2026-09-23 22:20:54 [INFO] detector: Config updated remotely (keys=['SHABBAT_DETECTOR'])
2026-09-23 22:26:31 [WARNING] shabbat_detector.cycle_analyzer: Unexpected: touched opposite terminal again in leg 2
2026-09-23 22:37:57 [INFO] shabbat_detector.hebcal_gate: Hebcal refreshed: 5 start(s), 2 end(s) (geo=281184, diaspora=True)
2026-09-23 22:37:57 [INFO] shabbat_detector.cycle_analyzer: Elevator idle 702s - resetting cycle (was in _Phase.LEG_TWO)
2026-09-23 22:49:55 [INFO] shabbat_detector.hebcal_gate: Hebcal refreshed: 5 start(s), 2 end(s) (geo=281184, diaspora=True)
2026-09-23 22:49:55 [INFO] shabbat_detector.cycle_analyzer: Elevator idle 426s - resetting cycle (was in _Phase.LEG_ONE)
2026-09-23 23:00:32 [INFO] shabbat_detector.hebcal_gate: Hebcal refreshed: 5 start(s), 2 end(s) (geo=281184, diaspora=True)
2026-09-23 23:35:26 [INFO] shabbat_detector.hebcal_gate: Hebcal refreshed: 5 start(s), 2 end(s) (geo=281184, diaspora=True)
2026-09-23 23:50:46 [INFO] shabbat_detector.hebcal_gate: Hebcal refreshed: 5 start(s), 2 end(s) (geo=281184, diaspora=True)
2026-09-24 00:15:23 [INFO] shabbat_detector.hebcal_gate: Hebcal refreshed: 5 start(s), 2 end(s) (geo=281184, diaspora=True)
2026-09-24 00:33:43 [INFO] shabbat_detector.hebcal_gate: Hebcal refreshed: 5 start(s), 2 end(s) (geo=281184, diaspora=True)
2026-09-24 00:39:22 [INFO] shabbat_detector.cycle_analyzer: Cycle aborted: returned to TOP without reaching BOTTOM
2026-09-24 00:58:12 [INFO] shabbat_detector.hebcal_gate: Hebcal refreshed: 5 start(s), 2 end(s) (geo=281184, diaspora=True)
2026-09-24 00:58:12 [INFO] shabbat_detector.cycle_analyzer: Elevator idle 961s - resetting cycle (was in _Phase.LEG_ONE)
2026-09-24 01:11:25 [INFO] shabbat_detector.hebcal_gate: Hebcal refreshed: 5 start(s), 2 end(s) (geo=281184, diaspora=True)
2026-09-24 02:57:12 [INFO] shabbat_detector.hebcal_gate: Hebcal refreshed: 5 start(s), 2 end(s) (geo=281184, diaspora=True)
2026-09-24 03:08:38 [INFO] shabbat_detector.hebcal_gate: Hebcal refreshed: 5 start(s), 2 end(s) (geo=281184, diaspora=True)
2026-09-24 03:28:19 [INFO] shabbat_detector.hebcal_gate: Hebcal refreshed: 5 start(s), 2 end(s) (geo=281184, diaspora=True)
2026-09-24 03:28:19 [INFO] shabbat_detector.cycle_analyzer: Elevator idle 1151s - resetting cycle (was in _Phase.LEG_ONE)
2026-09-24 03:37:59 [INFO] shabbat_detector.cycle_analyzer: Elevator idle 357s - resetting cycle (was in _Phase.LEG_ONE)
2026-09-24 03:38:30 [INFO] shabbat_detector.hebcal_gate: Hebcal refreshed: 5 start(s), 2 end(s) (geo=281184, diaspora=True)
2026-09-24 03:46:35 [INFO] shabbat_detector.cycle_analyzer: Elevator idle 384s - resetting cycle (was in _Phase.LEG_ONE)
2026-09-24 03:50:28 [INFO] shabbat_detector.hebcal_gate: Hebcal refreshed: 5 start(s), 2 end(s) (geo=281184, diaspora=True)
2026-09-24 03:51:26 [INFO] shabbat_detector.cycle_analyzer: Cycle recovered (missed BOTTOM-terminal read): 281s, up_stops=['-1'], down_stops=['11', '-1', '-2']
2026-09-24 03:51:26 [INFO] shabbat_detector.fsm: [A] DetectorState.CANDIDATE_SHABBAT → DetectorState.NORMAL
2026-09-24 03:51:26 [INFO] detector: SHABBAT TRANSITION CANDIDATE_SHABBAT -> NORMAL | סיבה: מחזור לא תאם - כיסוי קומות חלקי (עלייה 33%, ירידה 33%); 1 חריגות טיימינג
2026-09-24 03:53:26 [INFO] detector: Config updated remotely (keys=['SHABBAT_DETECTOR'])
2026-09-24 03:57:43 [INFO] shabbat_detector.cycle_analyzer: Cycle aborted: returned to TOP without reaching BOTTOM
2026-09-24 03:57:43 [INFO] shabbat_detector.fsm: [A] DetectorState.NORMAL → DetectorState.CANDIDATE_SHABBAT
2026-09-24 03:57:43 [INFO] detector: SHABBAT TRANSITION NORMAL -> CANDIDATE_SHABBAT | סיבה: מחזור אפשרי החל - ממתין להשלמה
2026-09-24 03:58:43 [INFO] detector: Config updated remotely (keys=['SHABBAT_DETECTOR'])
2026-09-24 04:13:21 [INFO] shabbat_detector.hebcal_gate: Hebcal refreshed: 5 start(s), 2 end(s) (geo=281184, diaspora=True)
2026-09-24 04:13:21 [INFO] shabbat_detector.cycle_analyzer: Elevator idle 1056s - resetting cycle (was in _Phase.LEG_ONE)
2026-09-24 04:48:55 [INFO] shabbat_detector.hebcal_gate: Hebcal refreshed: 5 start(s), 2 end(s) (geo=281184, diaspora=True)
2026-09-24 04:48:55 [INFO] shabbat_detector.cycle_analyzer: Elevator idle 1590s - resetting cycle (was in _Phase.LEG_TWO)
2026-09-24 05:17:01 [INFO] shabbat_detector.firebase_client: SSE stream connecting: https://ramada-elev-default-rtdb.europe-west1.firebasedatabase.app/settings.json
2026-09-24 05:22:12 [INFO] shabbat_detector.hebcal_gate: Hebcal refreshed: 5 start(s), 2 end(s) (geo=281184, diaspora=True)
2026-09-24 05:23:29 [INFO] shabbat_detector.firebase_client: SSE stream connecting: https://ramada-elev-default-rtdb.europe-west1.firebasedatabase.app/settings.json
2026-09-24 05:29:06 [INFO] shabbat_detector.firebase_client: SSE stream connecting: https://ramada-elev-default-rtdb.europe-west1.firebasedatabase.app/settings.json
2026-09-24 05:35:36 [INFO] shabbat_detector.hebcal_gate: Hebcal refreshed: 5 start(s), 2 end(s) (geo=281184, diaspora=True)
2026-09-24 05:49:33 [INFO] shabbat_detector.hebcal_gate: Hebcal refreshed: 5 start(s), 2 end(s) (geo=281184, diaspora=True)
2026-09-24 05:57:56 [INFO] shabbat_detector.firebase_client: SSE stream connecting: https://ramada-elev-default-rtdb.europe-west1.firebasedatabase.app/elevator_configs/A.json
2026-09-24 05:58:57 [INFO] detector: Config updated remotely (keys=['AUTO_LEARN_CONFIG', 'BOTTOM_FLOOR', 'FLOOR_WAITS', 'SHABBAT_ACTIVE', 'SHABBAT_BREAK_ACTIVE', 'SHABBAT_DETECTOR', 'SHABBAT_MODE', 'STOPPING_FLOORS', 'STOPPING_FLOORS_DOWN', 'STOPPING_FLOORS_UP', 'TIME_PASS_FLOOR', 'TIME_PER_FLOOR', 'TOP_FLOOR', 'VISIBLE_FLOORS', 'secret_key'])
2026-09-24 06:30:08 [INFO] shabbat_detector.hebcal_gate: Hebcal refreshed: 5 start(s), 2 end(s) (geo=281184, diaspora=True)
2026-09-24 06:55:36 [INFO] shabbat_detector.hebcal_gate: Hebcal refreshed: 5 start(s), 2 end(s) (geo=281184, diaspora=True)
2026-09-24 07:05:59 [INFO] shabbat_detector.hebcal_gate: Hebcal refreshed: 5 start(s), 2 end(s) (geo=281184, diaspora=True)
2026-09-24 07:13:35 [INFO] shabbat_detector.cycle_analyzer: Cycle recovered (missed TOP-terminal read): 435s, up_stops=['-2', '6', '11'], down_stops=['1', '-2']
2026-09-24 07:13:35 [INFO] shabbat_detector.fsm: [A] DetectorState.CANDIDATE_SHABBAT → DetectorState.NORMAL
2026-09-24 07:13:35 [INFO] detector: SHABBAT TRANSITION CANDIDATE_SHABBAT -> NORMAL | סיבה: מחזור לא תאם - עצירות לא חוקיות בעלייה: ['11', '6']; כיסוי קומות חלקי (עלייה 33%, ירידה 22%); 4 חריגות טיימינג
2026-09-24 07:14:06 [INFO] detector: Config updated remotely (keys=['SHABBAT_DETECTOR'])
2026-09-24 07:16:05 [INFO] shabbat_detector.hebcal_gate: Hebcal refreshed: 5 start(s), 2 end(s) (geo=281184, diaspora=True)
2026-09-24 07:26:58 [INFO] shabbat_detector.hebcal_gate: Hebcal refreshed: 5 start(s), 2 end(s) (geo=281184, diaspora=True)
2026-09-24 07:26:58 [INFO] shabbat_detector.cycle_analyzer: Elevator idle 395s - resetting cycle (was in _Phase.LEG_ONE)
2026-09-24 07:39:54 [INFO] shabbat_detector.hebcal_gate: Hebcal refreshed: 5 start(s), 2 end(s) (geo=281184, diaspora=True)
2026-09-24 07:51:42 [INFO] shabbat_detector.hebcal_gate: Hebcal refreshed: 5 start(s), 2 end(s) (geo=281184, diaspora=True)
2026-09-24 07:58:38 [INFO] shabbat_detector.fsm: [A] DetectorState.NORMAL → DetectorState.CANDIDATE_SHABBAT
2026-09-24 07:58:38 [INFO] detector: SHABBAT TRANSITION NORMAL -> CANDIDATE_SHABBAT | סיבה: מחזור אפשרי החל - ממתין להשלמה
2026-09-24 07:59:39 [INFO] detector: Config updated remotely (keys=['SHABBAT_DETECTOR'])
2026-09-24 08:14:42 [INFO] shabbat_detector.hebcal_gate: Hebcal refreshed: 5 start(s), 2 end(s) (geo=281184, diaspora=True)
2026-09-24 08:14:42 [INFO] shabbat_detector.cycle_analyzer: Elevator idle 849s - resetting cycle (was in _Phase.LEG_ONE)
2026-09-24 08:27:19 [INFO] shabbat_detector.hebcal_gate: Hebcal refreshed: 5 start(s), 2 end(s) (geo=281184, diaspora=True)
2026-09-24 08:33:50 [INFO] shabbat_detector.cycle_analyzer: Elevator idle 303s - resetting cycle (was in _Phase.LEG_ONE)
2026-09-24 08:37:45 [INFO] shabbat_detector.hebcal_gate: Hebcal refreshed: 5 start(s), 2 end(s) (geo=281184, diaspora=True)
2026-09-24 08:50:45 [INFO] shabbat_detector.hebcal_gate: Hebcal refreshed: 5 start(s), 2 end(s) (geo=281184, diaspora=True)
2026-09-24 08:51:54 [INFO] shabbat_detector.cycle_analyzer: Cycle recovered (missed TOP-terminal read): 896s, up_stops=['-1', '8', '11'], down_stops=['-1', '8', '-1', '-2', '5', '-2']
2026-09-24 08:51:54 [INFO] shabbat_detector.fsm: [A] DetectorState.CANDIDATE_SHABBAT → DetectorState.NORMAL
2026-09-24 08:51:54 [INFO] detector: SHABBAT TRANSITION CANDIDATE_SHABBAT -> NORMAL | סיבה: מחזור לא תאם - עצירות לא חוקיות בעלייה: ['11', '8']; עצירות לא חוקיות בירידה: ['8']; כיסוי קומות חלקי (עלייה 33%, ירידה 33%); 2 חריגות טיימינג
2026-09-24 08:53:24 [INFO] detector: Config updated remotely (keys=['SHABBAT_DETECTOR'])
2026-09-24 08:59:36 [INFO] shabbat_detector.hebcal_gate: Hebcal refreshed: 5 start(s), 2 end(s) (geo=281184, diaspora=True)
2026-09-24 09:04:08 [INFO] shabbat_detector.cycle_analyzer: Cycle aborted: returned to BOTTOM without reaching TOP
2026-09-24 09:04:08 [INFO] shabbat_detector.fsm: [A] DetectorState.NORMAL → DetectorState.CANDIDATE_SHABBAT
2026-09-24 09:04:08 [INFO] detector: SHABBAT TRANSITION NORMAL -> CANDIDATE_SHABBAT | סיבה: מחזור אפשרי החל - ממתין להשלמה
2026-09-24 09:05:08 [INFO] detector: Config updated remotely (keys=['SHABBAT_DETECTOR'])
2026-09-24 09:05:27 [INFO] shabbat_detector.cycle_analyzer: Cycle aborted: returned to BOTTOM without reaching TOP
2026-09-24 09:09:22 [INFO] shabbat_detector.hebcal_gate: Hebcal refreshed: 5 start(s), 2 end(s) (geo=281184, diaspora=True)
2026-09-24 09:10:45 [INFO] shabbat_detector.cycle_analyzer: Cycle aborted: returned to BOTTOM without reaching TOP
2026-09-24 09:19:38 [INFO] shabbat_detector.hebcal_gate: Hebcal refreshed: 5 start(s), 2 end(s) (geo=281184, diaspora=True)
2026-09-24 09:29:55 [INFO] shabbat_detector.hebcal_gate: Hebcal refreshed: 5 start(s), 2 end(s) (geo=281184, diaspora=True)
2026-09-24 09:44:08 [INFO] shabbat_detector.hebcal_gate: Hebcal refreshed: 5 start(s), 2 end(s) (geo=281184, diaspora=True)
2026-09-24 09:44:08 [INFO] shabbat_detector.cycle_analyzer: Elevator idle 831s - resetting cycle (was in _Phase.LEG_ONE)
2026-09-24 09:52:47 [WARNING] shabbat_detector.cycle_analyzer: Unexpected: touched opposite terminal again in leg 2
2026-09-24 09:54:13 [INFO] shabbat_detector.hebcal_gate: Hebcal refreshed: 5 start(s), 2 end(s) (geo=281184, diaspora=True)
2026-09-24 09:58:41 [WARNING] shabbat_detector.cycle_analyzer: Unexpected: touched opposite terminal again in leg 2
2026-09-24 10:04:21 [INFO] shabbat_detector.hebcal_gate: Hebcal refreshed: 5 start(s), 2 end(s) (geo=281184, diaspora=True)
2026-09-24 10:10:10 [WARNING] shabbat_detector.cycle_analyzer: Unexpected: touched opposite terminal again in leg 2
2026-09-24 10:14:26 [INFO] shabbat_detector.hebcal_gate: Hebcal refreshed: 5 start(s), 2 end(s) (geo=281184, diaspora=True)
2026-09-24 10:16:30 [WARNING] shabbat_detector.cycle_analyzer: Unexpected: touched opposite terminal again in leg 2
2026-09-24 10:23:27 [WARNING] shabbat_detector.cycle_analyzer: Unexpected: touched opposite terminal again in leg 2
2026-09-24 10:24:35 [INFO] shabbat_detector.hebcal_gate: Hebcal refreshed: 5 start(s), 2 end(s) (geo=281184, diaspora=True)
2026-09-24 10:24:54 [INFO] shabbat_detector.cycle_analyzer: Cycle complete: 2350s, up_stops=['-1', '8', '-2', '1', '-1', '-2', '-1', '-2', '2', '-2', '7', '-1', '0', '-1', '-2', '7', '-1', '1', '0', '-1', '11', '10', '-1', '7', '9', '7', '-1', '7', '-1', '-2', '-1', '9', '-2', '-1', '5', '8', '10', '-2', '2', '10', '11', '-1', '9', '-1', '5', '-2', '9'], down_stops=['10', '1', '-2', '11', '-1']
2026-09-24 10:24:54 [INFO] shabbat_detector.fsm: [A] DetectorState.CANDIDATE_SHABBAT → DetectorState.NORMAL
2026-09-24 10:24:54 [INFO] detector: SHABBAT TRANSITION CANDIDATE_SHABBAT -> NORMAL | סיבה: מחזור לא תאם - עצירות לא חוקיות בעלייה: ['1', '10', '11', '2', '5', '7', '8', '9']; עצירות לא חוקיות בירידה: ['10']; כיסוי קומות חלקי (עלייה 100%, ירידה 44%); קפיצות-אחורה (עלייה 22, ירידה 1); חזרות על קומות (עלייה 36, ירידה 0); 11 חריגות טיימינג
2026-09-24 10:26:24 [INFO] detector: Config updated remotely (keys=['SHABBAT_DETECTOR'])
2026-09-24 10:31:59 [INFO] shabbat_detector.cycle_analyzer: Cycle complete: 424s, up_stops=['10', '9', '-1', '1', '9', '-1'], down_stops=['8', '-1', '5', '-1']
2026-09-24 10:31:59 [INFO] shabbat_detector.fsm: [A] DetectorState.NORMAL → DetectorState.CANDIDATE_SHABBAT
2026-09-24 10:31:59 [INFO] detector: SHABBAT TRANSITION NORMAL -> CANDIDATE_SHABBAT | סיבה: מחזור אפשרי החל - ממתין להשלמה
2026-09-24 10:32:00 [INFO] shabbat_detector.fsm: [A] DetectorState.CANDIDATE_SHABBAT → DetectorState.NORMAL
2026-09-24 10:32:00 [INFO] detector: SHABBAT TRANSITION CANDIDATE_SHABBAT -> NORMAL | סיבה: מחזור לא תאם - עצירות לא חוקיות בעלייה: ['1', '10', '9']; עצירות לא חוקיות בירידה: ['8']; כיסוי קומות חלקי (עלייה 33%, ירידה 22%); 6 חריגות טיימינג
2026-09-24 10:32:00 [INFO] detector: Config updated remotely (keys=['SHABBAT_DETECTOR'])
2026-09-24 10:33:31 [INFO] detector: Config updated remotely (keys=['SHABBAT_DETECTOR'])
2026-09-24 10:34:59 [INFO] shabbat_detector.hebcal_gate: Hebcal refreshed: 5 start(s), 2 end(s) (geo=281184, diaspora=True)
2026-09-24 10:40:12 [INFO] shabbat_detector.cycle_analyzer: Cycle recovered (missed BOTTOM-terminal read): 490s, up_stops=['-1', '8'], down_stops=['11', '8', '-1', '-2']
2026-09-24 10:40:12 [INFO] shabbat_detector.fsm: [A] DetectorState.NORMAL → DetectorState.CANDIDATE_SHABBAT
2026-09-24 10:40:12 [INFO] detector: SHABBAT TRANSITION NORMAL -> CANDIDATE_SHABBAT | סיבה: מחזור אפשרי החל - ממתין להשלמה
2026-09-24 10:40:12 [INFO] shabbat_detector.fsm: [A] DetectorState.CANDIDATE_SHABBAT → DetectorState.NORMAL
2026-09-24 10:40:12 [INFO] detector: SHABBAT TRANSITION CANDIDATE_SHABBAT -> NORMAL | סיבה: מחזור לא תאם - עצירות לא חוקיות בעלייה: ['8']; עצירות לא חוקיות בירידה: ['8']; כיסוי קומות חלקי (עלייה 33%, ירידה 33%); 3 חריגות טיימינג
2026-09-24 10:40:12 [INFO] detector: Config updated remotely (keys=['SHABBAT_DETECTOR'])
2026-09-24 10:41:42 [INFO] detector: Config updated remotely (keys=['SHABBAT_DETECTOR'])
2026-09-24 10:43:12 [INFO] shabbat_detector.cycle_analyzer: Cycle aborted: returned to TOP without reaching BOTTOM
2026-09-24 10:43:12 [INFO] shabbat_detector.fsm: [A] DetectorState.NORMAL → DetectorState.CANDIDATE_SHABBAT
2026-09-24 10:43:12 [INFO] detector: SHABBAT TRANSITION NORMAL -> CANDIDATE_SHABBAT | סיבה: מחזור אפשרי החל - ממתין להשלמה
2026-09-24 10:44:12 [INFO] detector: Config updated remotely (keys=['SHABBAT_DETECTOR'])
2026-09-24 10:44:50 [INFO] shabbat_detector.hebcal_gate: Hebcal refreshed: 5 start(s), 2 end(s) (geo=281184, diaspora=True)
2026-09-24 10:57:36 [INFO] shabbat_detector.hebcal_gate: Hebcal refreshed: 5 start(s), 2 end(s) (geo=281184, diaspora=True)
2026-09-24 11:08:28 [INFO] shabbat_detector.hebcal_gate: Hebcal refreshed: 5 start(s), 2 end(s) (geo=281184, diaspora=True)
2026-09-24 11:11:33 [WARNING] shabbat_detector.cycle_analyzer: Unexpected: touched opposite terminal again in leg 2
2026-09-24 11:13:47 [WARNING] shabbat_detector.cycle_analyzer: Unexpected: touched opposite terminal again in leg 2
2026-09-24 11:18:26 [INFO] shabbat_detector.hebcal_gate: Hebcal refreshed: 5 start(s), 2 end(s) (geo=281184, diaspora=True)
2026-09-24 11:20:21 [WARNING] shabbat_detector.cycle_analyzer: Unexpected: touched opposite terminal again in leg 2
2026-09-24 11:24:30 [INFO] shabbat_detector.cycle_analyzer: Elevator idle 305s - resetting cycle (was in _Phase.LEG_TWO)
2026-09-24 11:26:14 [INFO] shabbat_detector.cycle_analyzer: Cycle aborted: returned to BOTTOM without reaching TOP
2026-09-24 11:28:36 [INFO] shabbat_detector.hebcal_gate: Hebcal refreshed: 5 start(s), 2 end(s) (geo=281184, diaspora=True)
2026-09-24 11:30:37 [INFO] shabbat_detector.cycle_analyzer: Cycle aborted: returned to BOTTOM without reaching TOP
2026-09-24 11:39:37 [INFO] shabbat_detector.hebcal_gate: Hebcal refreshed: 5 start(s), 2 end(s) (geo=281184, diaspora=True)
2026-09-24 11:40:04 [INFO] shabbat_detector.cycle_analyzer: Cycle recovered (missed TOP-terminal read): 613s, up_stops=['11'], down_stops=['-1', '0', '9']
2026-09-24 11:40:04 [INFO] shabbat_detector.fsm: [A] DetectorState.CANDIDATE_SHABBAT → DetectorState.NORMAL
2026-09-24 11:40:04 [INFO] detector: SHABBAT TRANSITION CANDIDATE_SHABBAT -> NORMAL | סיבה: מחזור לא תאם - עצירות לא חוקיות בעלייה: ['11']; כיסוי קומות חלקי (עלייה 0%, ירידה 33%); 3 חריגות טיימינג
2026-09-24 11:42:04 [INFO] detector: Config updated remotely (keys=['SHABBAT_DETECTOR'])
2026-09-24 11:43:29 [INFO] shabbat_detector.cycle_analyzer: Cycle aborted: returned to BOTTOM without reaching TOP
2026-09-24 11:43:29 [INFO] shabbat_detector.fsm: [A] DetectorState.NORMAL → DetectorState.CANDIDATE_SHABBAT
2026-09-24 11:43:29 [INFO] detector: SHABBAT TRANSITION NORMAL -> CANDIDATE_SHABBAT | סיבה: מחזור אפשרי החל - ממתין להשלמה
2026-09-24 11:45:30 [INFO] detector: Config updated remotely (keys=['SHABBAT_DETECTOR'])
2026-09-24 11:55:21 [INFO] shabbat_detector.hebcal_gate: Hebcal refreshed: 5 start(s), 2 end(s) (geo=281184, diaspora=True)
2026-09-24 11:55:21 [INFO] shabbat_detector.cycle_analyzer: Elevator idle 591s - resetting cycle (was in _Phase.LEG_ONE)
2026-09-24 12:05:20 [INFO] shabbat_detector.hebcal_gate: Hebcal refreshed: 5 start(s), 2 end(s) (geo=281184, diaspora=True)
2026-09-24 12:08:05 [INFO] shabbat_detector.cycle_analyzer: Cycle aborted: returned to BOTTOM without reaching TOP
2026-09-24 12:16:09 [INFO] shabbat_detector.hebcal_gate: Hebcal refreshed: 5 start(s), 2 end(s) (geo=281184, diaspora=True)
2026-09-24 12:25:23 [INFO] shabbat_detector.cycle_analyzer: Cycle aborted: returned to BOTTOM without reaching TOP
2026-09-24 12:27:05 [INFO] shabbat_detector.hebcal_gate: Hebcal refreshed: 5 start(s), 2 end(s) (geo=281184, diaspora=True)
2026-09-24 12:29:59 [INFO] shabbat_detector.cycle_analyzer: Cycle aborted: returned to BOTTOM without reaching TOP
2026-09-24 12:33:32 [INFO] shabbat_detector.cycle_analyzer: Cycle recovered (missed TOP-terminal read): 203s, up_stops=['-1', '11'], down_stops=['1', '-1']
2026-09-24 12:33:32 [INFO] shabbat_detector.fsm: [A] DetectorState.CANDIDATE_SHABBAT → DetectorState.NORMAL
2026-09-24 12:33:32 [INFO] detector: SHABBAT TRANSITION CANDIDATE_SHABBAT -> NORMAL | סיבה: מחזור לא תאם - עצירות לא חוקיות בעלייה: ['11']; כיסוי קומות חלקי (עלייה 33%, ירידה 22%)
2026-09-24 12:34:32 [INFO] detector: Config updated remotely (keys=['SHABBAT_DETECTOR'])
2026-09-24 12:38:21 [INFO] shabbat_detector.hebcal_gate: Hebcal refreshed: 5 start(s), 2 end(s) (geo=281184, diaspora=True)
2026-09-24 12:38:21 [INFO] shabbat_detector.cycle_analyzer: Cycle complete: 311s, up_stops=['-1', '10'], down_stops=['11', '-1']
2026-09-24 12:38:21 [INFO] shabbat_detector.fsm: [A] DetectorState.NORMAL → DetectorState.CANDIDATE_SHABBAT
2026-09-24 12:38:21 [INFO] detector: SHABBAT TRANSITION NORMAL -> CANDIDATE_SHABBAT | סיבה: מחזור אפשרי החל - ממתין להשלמה
2026-09-24 12:38:21 [INFO] shabbat_detector.fsm: [A] DetectorState.CANDIDATE_SHABBAT → DetectorState.NORMAL
2026-09-24 12:38:21 [INFO] detector: SHABBAT TRANSITION CANDIDATE_SHABBAT -> NORMAL | סיבה: מחזור לא תאם - עצירות לא חוקיות בעלייה: ['10']; כיסוי קומות חלקי (עלייה 33%, ירידה 22%); 1 חריגות טיימינג
2026-09-24 12:38:23 [INFO] detector: Config updated remotely (keys=['SHABBAT_DETECTOR'])
2026-09-24 12:40:22 [INFO] detector: Config updated remotely (keys=['SHABBAT_DETECTOR'])
2026-09-24 12:48:30 [INFO] shabbat_detector.hebcal_gate: Hebcal refreshed: 5 start(s), 2 end(s) (geo=281184, diaspora=True)
2026-09-24 12:50:12 [INFO] shabbat_detector.firebase_client: SSE stream connecting: https://ramada-elev-default-rtdb.europe-west1.firebasedatabase.app/elevator_configs/A.json
2026-09-24 12:50:43 [INFO] detector: Config updated remotely (keys=['AUTO_LEARN_CONFIG', 'BOTTOM_FLOOR', 'FLOOR_WAITS', 'SHABBAT_ACTIVE', 'SHABBAT_BREAK_ACTIVE', 'SHABBAT_DETECTOR', 'SHABBAT_MODE', 'STOPPING_FLOORS', 'STOPPING_FLOORS_DOWN', 'STOPPING_FLOORS_UP', 'TIME_PASS_FLOOR', 'TIME_PER_FLOOR', 'TOP_FLOOR', 'VISIBLE_FLOORS', 'secret_key'])
2026-09-24 12:51:54 [INFO] shabbat_detector.cycle_analyzer: Cycle aborted: returned to BOTTOM without reaching TOP
2026-09-24 12:51:54 [INFO] shabbat_detector.fsm: [A] DetectorState.NORMAL → DetectorState.CANDIDATE_SHABBAT
2026-09-24 12:51:54 [INFO] detector: SHABBAT TRANSITION NORMAL -> CANDIDATE_SHABBAT | סיבה: מחזור אפשרי החל - ממתין להשלמה
2026-09-24 12:53:55 [INFO] detector: Config updated remotely (keys=['SHABBAT_DETECTOR'])
2026-09-24 12:59:13 [INFO] shabbat_detector.hebcal_gate: Hebcal refreshed: 5 start(s), 2 end(s) (geo=281184, diaspora=True)
2026-09-24 13:03:48 [INFO] shabbat_detector.cycle_analyzer: Cycle aborted: returned to BOTTOM without reaching TOP
2026-09-24 13:09:13 [INFO] shabbat_detector.hebcal_gate: Hebcal refreshed: 5 start(s), 2 end(s) (geo=281184, diaspora=True)
2026-09-24 13:10:33 [INFO] shabbat_detector.cycle_analyzer: Cycle complete: 412s, up_stops=['11', '-1', '10', '1'], down_stops=['-1', '0', '11', '-1']
2026-09-24 13:10:33 [INFO] shabbat_detector.fsm: [A] DetectorState.CANDIDATE_SHABBAT → DetectorState.NORMAL
2026-09-24 13:10:33 [INFO] detector: SHABBAT TRANSITION CANDIDATE_SHABBAT -> NORMAL | סיבה: מחזור לא תאם - עצירות לא חוקיות בעלייה: ['1', '10', '11']; כיסוי קומות חלקי (עלייה 33%, ירידה 33%); 4 חריגות טיימינג
2026-09-24 13:12:04 [INFO] detector: Config updated remotely (keys=['SHABBAT_DETECTOR'])
2026-09-24 13:14:14 [INFO] shabbat_detector.cycle_analyzer: Cycle complete: 217s, up_stops=['-1', '10', '11'], down_stops=['11', '-1']
2026-09-24 13:14:14 [INFO] shabbat_detector.fsm: [A] DetectorState.NORMAL → DetectorState.CANDIDATE_SHABBAT
2026-09-24 13:14:14 [INFO] detector: SHABBAT TRANSITION NORMAL -> CANDIDATE_SHABBAT | סיבה: מחזור אפשרי החל - ממתין להשלמה
2026-09-24 13:14:14 [INFO] shabbat_detector.fsm: [A] DetectorState.CANDIDATE_SHABBAT → DetectorState.NORMAL
2026-09-24 13:14:14 [INFO] detector: SHABBAT TRANSITION CANDIDATE_SHABBAT -> NORMAL | סיבה: מחזור לא תאם - עצירות לא חוקיות בעלייה: ['10', '11']; כיסוי קומות חלקי (עלייה 33%, ירידה 22%); 1 חריגות טיימינג
2026-09-24 13:14:14 [INFO] detector: Config updated remotely (keys=['SHABBAT_DETECTOR'])
2026-09-24 13:15:15 [INFO] detector: Config updated remotely (keys=['SHABBAT_DETECTOR'])
2026-09-24 13:19:13 [INFO] shabbat_detector.hebcal_gate: Hebcal refreshed: 5 start(s), 2 end(s) (geo=281184, diaspora=True)
2026-09-24 13:19:55 [INFO] shabbat_detector.cycle_analyzer: Cycle complete: 330s, up_stops=['-1', '10'], down_stops=['11']
2026-09-24 13:19:55 [INFO] shabbat_detector.fsm: [A] DetectorState.NORMAL → DetectorState.CANDIDATE_SHABBAT
2026-09-24 13:19:55 [INFO] detector: SHABBAT TRANSITION NORMAL -> CANDIDATE_SHABBAT | סיבה: מחזור אפשרי החל - ממתין להשלמה
2026-09-24 13:19:55 [INFO] shabbat_detector.fsm: [A] DetectorState.CANDIDATE_SHABBAT → DetectorState.NORMAL
2026-09-24 13:19:55 [INFO] detector: SHABBAT TRANSITION CANDIDATE_SHABBAT -> NORMAL | סיבה: מחזור לא תאם - עצירות לא חוקיות בעלייה: ['10']; כיסוי קומות חלקי (עלייה 33%, ירידה 11%); 3 חריגות טיימינג
2026-09-24 13:19:56 [INFO] detector: Config updated remotely (keys=['SHABBAT_DETECTOR'])
2026-09-24 13:20:56 [INFO] detector: Config updated remotely (keys=['SHABBAT_DETECTOR'])
2026-09-24 13:30:08 [INFO] shabbat_detector.hebcal_gate: Hebcal refreshed: 5 start(s), 2 end(s) (geo=281184, diaspora=True)
2026-09-24 13:39:49 [INFO] shabbat_detector.cycle_analyzer: Cycle recovered (missed TOP-terminal read): 1204s, up_stops=['-1', '2', '-1', '9', '5', '11'], down_stops=['-1', '11', '6', '-1', '6', '-1', '0', '6', '-1', '0', '-1', '0', '2', '1', '-1', '0']
2026-09-24 13:39:49 [INFO] shabbat_detector.fsm: [A] DetectorState.NORMAL → DetectorState.CANDIDATE_SHABBAT
2026-09-24 13:39:49 [INFO] detector: SHABBAT TRANSITION NORMAL -> CANDIDATE_SHABBAT | סיבה: מחזור אפשרי החל - ממתין להשלמה
2026-09-24 13:39:49 [INFO] shabbat_detector.fsm: [A] DetectorState.CANDIDATE_SHABBAT → DetectorState.NORMAL
2026-09-24 13:39:49 [INFO] detector: SHABBAT TRANSITION CANDIDATE_SHABBAT -> NORMAL | סיבה: מחזור לא תאם - עצירות לא חוקיות בעלייה: ['11', '2', '5', '9']; עצירות לא חוקיות בירידה: ['2', '6']; כיסוי קומות חלקי (עלייה 33%, ירידה 44%); קפיצות-אחורה (עלייה 2, ירידה 8); 4 חריגות טיימינג
2026-09-24 13:39:50 [INFO] detector: Config updated remotely (keys=['SHABBAT_DETECTOR'])
2026-09-24 13:40:50 [INFO] detector: Config updated remotely (keys=['SHABBAT_DETECTOR'])
2026-09-24 13:41:38 [INFO] shabbat_detector.hebcal_gate: Hebcal refreshed: 5 start(s), 2 end(s) (geo=281184, diaspora=True)
2026-09-24 13:53:00 [INFO] shabbat_detector.hebcal_gate: Hebcal refreshed: 5 start(s), 2 end(s) (geo=281184, diaspora=True)
2026-09-24 13:55:19 [INFO] shabbat_detector.cycle_analyzer: Cycle complete: 830s, up_stops=['-1', '6', '8', '-1', '2'], down_stops=['6', '-1', '-2', '-1']
2026-09-24 13:55:19 [INFO] shabbat_detector.fsm: [A] DetectorState.NORMAL → DetectorState.CANDIDATE_SHABBAT
2026-09-24 13:55:19 [INFO] detector: SHABBAT TRANSITION NORMAL -> CANDIDATE_SHABBAT | סיבה: מחזור אפשרי החל - ממתין להשלמה
2026-09-24 13:55:19 [INFO] shabbat_detector.fsm: [A] DetectorState.CANDIDATE_SHABBAT → DetectorState.NORMAL
2026-09-24 13:55:19 [INFO] detector: SHABBAT TRANSITION CANDIDATE_SHABBAT -> NORMAL | סיבה: מחזור לא תאם - עצירות לא חוקיות בעלייה: ['2', '6', '8']; עצירות לא חוקיות בירידה: ['6']; כיסוי קומות חלקי (עלייה 33%, ירידה 22%); 4 חריגות טיימינג
2026-09-24 13:55:20 [INFO] detector: Config updated remotely (keys=['SHABBAT_DETECTOR'])
2026-09-24 13:57:20 [INFO] detector: Config updated remotely (keys=['SHABBAT_DETECTOR'])
2026-09-24 14:00:32 [INFO] shabbat_detector.cycle_analyzer: Cycle aborted: returned to BOTTOM without reaching TOP
2026-09-24 14:00:32 [INFO] shabbat_detector.fsm: [A] DetectorState.NORMAL → DetectorState.CANDIDATE_SHABBAT
2026-09-24 14:00:32 [INFO] detector: SHABBAT TRANSITION NORMAL -> CANDIDATE_SHABBAT | סיבה: מחזור אפשרי החל - ממתין להשלמה
2026-09-24 14:01:55 [INFO] shabbat_detector.cycle_analyzer: Cycle aborted: returned to BOTTOM without reaching TOP
2026-09-24 14:02:32 [INFO] detector: Config updated remotely (keys=['SHABBAT_DETECTOR'])
2026-09-24 14:03:51 [INFO] shabbat_detector.hebcal_gate: Hebcal refreshed: 5 start(s), 2 end(s) (geo=281184, diaspora=True)
2026-09-24 14:07:16 [INFO] shabbat_detector.cycle_analyzer: Cycle recovered (missed TOP-terminal read): 323s, up_stops=['-1', '9', '11'], down_stops=['-1', '7', '-1']
2026-09-24 14:07:16 [INFO] shabbat_detector.fsm: [A] DetectorState.CANDIDATE_SHABBAT → DetectorState.NORMAL
2026-09-24 14:07:16 [INFO] detector: SHABBAT TRANSITION CANDIDATE_SHABBAT -> NORMAL | סיבה: מחזור לא תאם - עצירות לא חוקיות בעלייה: ['11', '9']; כיסוי קומות חלקי (עלייה 33%, ירידה 22%); 2 חריגות טיימינג
2026-09-24 14:09:16 [INFO] detector: Config updated remotely (keys=['SHABBAT_DETECTOR'])
2026-09-24 14:10:02 [INFO] shabbat_detector.cycle_analyzer: Cycle aborted: returned to BOTTOM without reaching TOP
2026-09-24 14:10:02 [INFO] shabbat_detector.fsm: [A] DetectorState.NORMAL → DetectorState.CANDIDATE_SHABBAT
2026-09-24 14:10:02 [INFO] detector: SHABBAT TRANSITION NORMAL -> CANDIDATE_SHABBAT | סיבה: מחזור אפשרי החל - ממתין להשלמה
2026-09-24 14:10:32 [INFO] detector: Config updated remotely (keys=['SHABBAT_DETECTOR'])
2026-09-24 14:12:36 [INFO] shabbat_detector.cycle_analyzer: Cycle aborted: returned to BOTTOM without reaching TOP
2026-09-24 14:14:07 [INFO] shabbat_detector.hebcal_gate: Hebcal refreshed: 5 start(s), 2 end(s) (geo=281184, diaspora=True)
2026-09-24 14:23:59 [INFO] shabbat_detector.hebcal_gate: Hebcal refreshed: 5 start(s), 2 end(s) (geo=281184, diaspora=True)
2026-09-24 14:27:30 [INFO] shabbat_detector.cycle_analyzer: Cycle complete: 904s, up_stops=['-1', '0', '5', '7', '11', '7', '-2', '2', '7', '-1', '11', '8', '-1', '5'], down_stops=['7', '-1']
2026-09-24 14:27:30 [INFO] shabbat_detector.fsm: [A] DetectorState.CANDIDATE_SHABBAT → DetectorState.NORMAL
2026-09-24 14:27:30 [INFO] detector: SHABBAT TRANSITION CANDIDATE_SHABBAT -> NORMAL | סיבה: מחזור לא תאם - עצירות לא חוקיות בעלייה: ['11', '2', '5', '7', '8']; כיסוי קומות חלקי (עלייה 100%, ירידה 22%); קפיצות-אחורה (עלייה 5, ירידה 0); 7 חריגות טיימינג
2026-09-24 14:28:01 [INFO] detector: Config updated remotely (keys=['SHABBAT_DETECTOR'])
2026-09-24 14:34:00 [INFO] shabbat_detector.hebcal_gate: Hebcal refreshed: 5 start(s), 2 end(s) (geo=281184, diaspora=True)
2026-09-24 14:44:32 [INFO] shabbat_detector.hebcal_gate: Hebcal refreshed: 5 start(s), 2 end(s) (geo=281184, diaspora=True)
2026-09-24 14:45:32 [INFO] shabbat_detector.cycle_analyzer: Cycle recovered (missed TOP-terminal read): 1084s, up_stops=['8', '7', '2', '-1', '7', '10', '1', '2', '2', '6', '-1', '11'], down_stops=['-1', '9', '1', '-1', '-2', '10']
2026-09-24 14:45:32 [INFO] shabbat_detector.fsm: [A] DetectorState.NORMAL → DetectorState.CANDIDATE_SHABBAT
2026-09-24 14:45:32 [INFO] detector: SHABBAT TRANSITION NORMAL -> CANDIDATE_SHABBAT | סיבה: מחזור אפשרי החל - ממתין להשלמה
2026-09-24 14:45:33 [INFO] shabbat_detector.fsm: [A] DetectorState.CANDIDATE_SHABBAT → DetectorState.NORMAL
2026-09-24 14:45:33 [INFO] detector: SHABBAT TRANSITION CANDIDATE_SHABBAT -> NORMAL | סיבה: מחזור לא תאם - עצירות לא חוקיות בעלייה: ['1', '10', '11', '2', '6', '7', '8']; עצירות לא חוקיות בירידה: ['10']; כיסוי קומות חלקי (עלייה 33%, ירידה 44%); קפיצות-אחורה (עלייה 5, ירידה 2); 8 חריגות טיימינג
2026-09-24 14:45:34 [INFO] detector: Config updated remotely (keys=['SHABBAT_DETECTOR'])
2026-09-24 14:47:03 [INFO] detector: Config updated remotely (keys=['SHABBAT_DETECTOR'])
2026-09-24 14:53:40 [WARNING] shabbat_detector.cycle_analyzer: Unexpected: touched opposite terminal again in leg 2
2026-09-24 14:54:27 [INFO] shabbat_detector.hebcal_gate: Hebcal refreshed: 5 start(s), 2 end(s) (geo=281184, diaspora=True)
2026-09-24 14:55:21 [INFO] shabbat_detector.cycle_analyzer: Cycle complete: 586s, up_stops=['4', '-1'], down_stops=['0', '-1', '2', '0', '2', '0', '8', '-1']
2026-09-24 14:55:21 [INFO] shabbat_detector.fsm: [A] DetectorState.NORMAL → DetectorState.CANDIDATE_SHABBAT
2026-09-24 14:55:21 [INFO] detector: SHABBAT TRANSITION NORMAL -> CANDIDATE_SHABBAT | סיבה: מחזור אפשרי החל - ממתין להשלמה
2026-09-24 14:55:22 [INFO] shabbat_detector.fsm: [A] DetectorState.CANDIDATE_SHABBAT → DetectorState.NORMAL
2026-09-24 14:55:22 [INFO] detector: SHABBAT TRANSITION CANDIDATE_SHABBAT -> NORMAL | סיבה: מחזור לא תאם - עצירות לא חוקיות בעלייה: ['4']; עצירות לא חוקיות בירידה: ['2', '8']; כיסוי קומות חלקי (עלייה 33%, ירידה 22%); 3 חריגות טיימינג
2026-09-24 14:55:22 [INFO] detector: Config updated remotely (keys=['SHABBAT_DETECTOR'])
2026-09-24 14:56:52 [INFO] detector: Config updated remotely (keys=['SHABBAT_DETECTOR'])
2026-09-24 14:56:57 [INFO] shabbat_detector.cycle_analyzer: Cycle aborted: returned to BOTTOM without reaching TOP
2026-09-24 14:56:57 [INFO] shabbat_detector.fsm: [A] DetectorState.NORMAL → DetectorState.CANDIDATE_SHABBAT
2026-09-24 14:56:57 [INFO] detector: SHABBAT TRANSITION NORMAL -> CANDIDATE_SHABBAT | סיבה: מחזור אפשרי החל - ממתין להשלמה
2026-09-24 14:57:27 [INFO] detector: Config updated remotely (keys=['SHABBAT_DETECTOR'])
2026-09-24 15:05:59 [INFO] shabbat_detector.hebcal_gate: Hebcal refreshed: 5 start(s), 2 end(s) (geo=281184, diaspora=True)
2026-09-24 15:05:59 [INFO] shabbat_detector.cycle_analyzer: Elevator idle 361s - resetting cycle (was in _Phase.LEG_ONE)
2026-09-24 15:13:40 [INFO] shabbat_detector.cycle_analyzer: Cycle aborted: returned to TOP without reaching BOTTOM
2026-09-24 15:16:16 [INFO] shabbat_detector.hebcal_gate: Hebcal refreshed: 5 start(s), 2 end(s) (geo=281184, diaspora=True)
2026-09-24 15:22:25 [INFO] shabbat_detector.cycle_analyzer: Cycle complete: 554s, up_stops=['-1', '5', '4'], down_stops=['10', '1', '-1', '9', '5', '8', '-1', '3', '2', '-1', '8', '5']
2026-09-24 15:22:25 [INFO] shabbat_detector.fsm: [A] DetectorState.CANDIDATE_SHABBAT → DetectorState.NORMAL
2026-09-24 15:22:25 [INFO] detector: SHABBAT TRANSITION CANDIDATE_SHABBAT -> NORMAL | סיבה: מחזור לא תאם - עצירות לא חוקיות בעלייה: ['4', '5']; עצירות לא חוקיות בירידה: ['10', '2', '8']; כיסוי קומות חלקי (עלייה 33%, ירידה 56%); 6 חריגות טיימינג
2026-09-24 15:22:55 [INFO] detector: Config updated remotely (keys=['SHABBAT_DETECTOR'])
2026-09-24 15:25:14 [INFO] shabbat_detector.cycle_analyzer: Cycle complete: 139s, up_stops=['-1'], down_stops=['2', '-2']
2026-09-24 15:25:14 [INFO] shabbat_detector.fsm: [A] DetectorState.NORMAL → DetectorState.CANDIDATE_SHABBAT
2026-09-24 15:25:14 [INFO] detector: SHABBAT TRANSITION NORMAL -> CANDIDATE_SHABBAT | סיבה: מחזור אפשרי החל - ממתין להשלמה
2026-09-24 15:25:14 [INFO] shabbat_detector.fsm: [A] DetectorState.CANDIDATE_SHABBAT → DetectorState.NORMAL
2026-09-24 15:25:14 [INFO] detector: SHABBAT TRANSITION CANDIDATE_SHABBAT -> NORMAL | סיבה: מחזור לא תאם - עצירות לא חוקיות בירידה: ['2']; כיסוי קומות חלקי (עלייה 33%, ירידה 11%); 1 חריגות טיימינג
2026-09-24 15:25:16 [INFO] detector: Config updated remotely (keys=['SHABBAT_DETECTOR'])
2026-09-24 15:26:45 [INFO] detector: Config updated remotely (keys=['SHABBAT_DETECTOR'])
2026-09-24 15:27:35 [INFO] shabbat_detector.hebcal_gate: Hebcal refreshed: 5 start(s), 2 end(s) (geo=281184, diaspora=True)
2026-09-24 15:29:12 [INFO] shabbat_detector.cycle_analyzer: Cycle complete: 263s, up_stops=['-1', '1'], down_stops=[]
2026-09-24 15:29:12 [INFO] shabbat_detector.fsm: [A] DetectorState.NORMAL → DetectorState.CANDIDATE_SHABBAT
2026-09-24 15:29:12 [INFO] detector: SHABBAT TRANSITION NORMAL -> CANDIDATE_SHABBAT | סיבה: מחזור אפשרי החל - ממתין להשלמה
2026-09-24 15:29:12 [INFO] shabbat_detector.fsm: [A] DetectorState.CANDIDATE_SHABBAT → DetectorState.NORMAL
2026-09-24 15:29:12 [INFO] detector: SHABBAT TRANSITION CANDIDATE_SHABBAT -> NORMAL | סיבה: מחזור לא תאם - עצירות לא חוקיות בעלייה: ['1']; כיסוי קומות חלקי (עלייה 33%, ירידה 0%); 2 חריגות טיימינג
2026-09-24 15:29:14 [INFO] detector: Config updated remotely (keys=['SHABBAT_DETECTOR'])
2026-09-24 15:31:13 [INFO] detector: Config updated remotely (keys=['SHABBAT_DETECTOR'])
2026-09-24 15:31:37 [INFO] shabbat_detector.cycle_analyzer: Cycle complete: 135s, up_stops=['11'], down_stops=['11', '-1']
2026-09-24 15:31:37 [INFO] shabbat_detector.fsm: [A] DetectorState.NORMAL → DetectorState.CANDIDATE_SHABBAT
2026-09-24 15:31:37 [INFO] detector: SHABBAT TRANSITION NORMAL -> CANDIDATE_SHABBAT | סיבה: מחזור אפשרי החל - ממתין להשלמה
2026-09-24 15:31:38 [INFO] shabbat_detector.fsm: [A] DetectorState.CANDIDATE_SHABBAT → DetectorState.NORMAL
2026-09-24 15:31:38 [INFO] detector: SHABBAT TRANSITION CANDIDATE_SHABBAT -> NORMAL | סיבה: מחזור לא תאם - עצירות לא חוקיות בעלייה: ['11']; כיסוי קומות חלקי (עלייה 0%, ירידה 22%); 2 חריגות טיימינג
2026-09-24 15:31:39 [INFO] detector: Config updated remotely (keys=['SHABBAT_DETECTOR'])
2026-09-24 15:32:38 [INFO] detector: Config updated remotely (keys=['SHABBAT_DETECTOR'])
2026-09-24 15:37:55 [INFO] shabbat_detector.hebcal_gate: Hebcal refreshed: 5 start(s), 2 end(s) (geo=281184, diaspora=True)
2026-09-24 15:41:01 [WARNING] shabbat_detector.cycle_analyzer: Unexpected: touched opposite terminal again in leg 2
2026-09-24 15:42:33 [WARNING] shabbat_detector.cycle_analyzer: Unexpected: touched opposite terminal again in leg 2
2026-09-24 15:43:50 [WARNING] shabbat_detector.cycle_analyzer: Unexpected: touched opposite terminal again in leg 2
2026-09-24 15:44:27 [INFO] shabbat_detector.cycle_analyzer: Cycle complete: 782s, up_stops=['-1', '10', '6', '-1', '5', '5', '-2', '1', '-2'], down_stops=['6', '-1', '4', '7', '-1', '8', '-1']
2026-09-24 15:44:27 [INFO] shabbat_detector.fsm: [A] DetectorState.NORMAL → DetectorState.CANDIDATE_SHABBAT
2026-09-24 15:44:27 [INFO] detector: SHABBAT TRANSITION NORMAL -> CANDIDATE_SHABBAT | סיבה: מחזור אפשרי החל - ממתין להשלמה
2026-09-24 15:44:28 [INFO] shabbat_detector.fsm: [A] DetectorState.CANDIDATE_SHABBAT → DetectorState.NORMAL
2026-09-24 15:44:28 [INFO] detector: SHABBAT TRANSITION CANDIDATE_SHABBAT -> NORMAL | סיבה: מחזור לא תאם - עצירות לא חוקיות בעלייה: ['1', '10', '5', '6']; עצירות לא חוקיות בירידה: ['4', '6', '8']; כיסוי קומות חלקי (עלייה 67%, ירידה 22%); 8 חריגות טיימינג
2026-09-24 15:44:28 [INFO] detector: Config updated remotely (keys=['SHABBAT_DETECTOR'])
2026-09-24 15:45:28 [INFO] detector: Config updated remotely (keys=['SHABBAT_DETECTOR'])
2026-09-24 15:47:02 [WARNING] shabbat_detector.cycle_analyzer: Unexpected: touched opposite terminal again in leg 2
2026-09-24 15:47:15 [WARNING] shabbat_detector.cycle_analyzer: Unexpected: touched opposite terminal again in leg 2
2026-09-24 15:48:02 [WARNING] shabbat_detector.cycle_analyzer: Unexpected: touched opposite terminal again in leg 2
2026-09-24 15:48:11 [INFO] shabbat_detector.hebcal_gate: Hebcal refreshed: 5 start(s), 2 end(s) (geo=281184, diaspora=True)
2026-09-24 15:49:01 [WARNING] shabbat_detector.cycle_analyzer: Unexpected: touched opposite terminal again in leg 2
2026-09-24 15:49:34 [INFO] shabbat_detector.cycle_analyzer: Cycle complete: 307s, up_stops=['-1', '-2', '-2', '-2', '-1', '-2'], down_stops=['2']
2026-09-24 15:49:34 [INFO] shabbat_detector.fsm: [A] DetectorState.NORMAL → DetectorState.CANDIDATE_SHABBAT
2026-09-24 15:49:34 [INFO] detector: SHABBAT TRANSITION NORMAL -> CANDIDATE_SHABBAT | סיבה: מחזור אפשרי החל - ממתין להשלמה
2026-09-24 15:49:34 [INFO] shabbat_detector.fsm: [A] DetectorState.CANDIDATE_SHABBAT → DetectorState.NORMAL
2026-09-24 15:49:34 [INFO] detector: SHABBAT TRANSITION CANDIDATE_SHABBAT -> NORMAL | סיבה: מחזור לא תאם - עצירות לא חוקיות בירידה: ['2']; כיסוי קומות חלקי (עלייה 67%, ירידה 0%); 2 חריגות טיימינג
2026-09-24 15:49:35 [INFO] detector: Config updated remotely (keys=['SHABBAT_DETECTOR'])
2026-09-24 15:51:35 [INFO] detector: Config updated remotely (keys=['SHABBAT_DETECTOR'])
2026-09-24 15:52:17 [INFO] shabbat_detector.cycle_analyzer: Cycle complete: 155s, up_stops=['-2', '-1', '4'], down_stops=['1']
2026-09-24 15:52:17 [INFO] shabbat_detector.fsm: [A] DetectorState.NORMAL → DetectorState.CANDIDATE_SHABBAT
2026-09-24 15:52:17 [INFO] detector: SHABBAT TRANSITION NORMAL -> CANDIDATE_SHABBAT | סיבה: מחזור אפשרי החל - ממתין להשלמה
2026-09-24 15:52:18 [INFO] shabbat_detector.fsm: [A] DetectorState.CANDIDATE_SHABBAT → DetectorState.NORMAL
2026-09-24 15:52:18 [INFO] detector: SHABBAT TRANSITION CANDIDATE_SHABBAT -> NORMAL | סיבה: מחזור לא תאם - עצירות לא חוקיות בעלייה: ['4']; כיסוי קומות חלקי (עלייה 67%, ירידה 11%); 2 חריגות טיימינג
2026-09-24 15:52:18 [INFO] detector: Config updated remotely (keys=['SHABBAT_DETECTOR'])
2026-09-24 15:53:18 [INFO] detector: Config updated remotely (keys=['SHABBAT_DETECTOR'])
2026-09-24 15:56:09 [INFO] shabbat_detector.cycle_analyzer: Cycle complete: 158s, up_stops=['-2', '2'], down_stops=['2', '-1']
2026-09-24 15:56:09 [INFO] shabbat_detector.fsm: [A] DetectorState.NORMAL → DetectorState.CANDIDATE_SHABBAT
2026-09-24 15:56:09 [INFO] detector: SHABBAT TRANSITION NORMAL -> CANDIDATE_SHABBAT | סיבה: מחזור אפשרי החל - ממתין להשלמה
2026-09-24 15:56:09 [INFO] shabbat_detector.fsm: [A] DetectorState.CANDIDATE_SHABBAT → DetectorState.NORMAL
2026-09-24 15:56:09 [INFO] detector: SHABBAT TRANSITION CANDIDATE_SHABBAT -> NORMAL | סיבה: מחזור לא תאם - עצירות לא חוקיות בעלייה: ['2']; עצירות לא חוקיות בירידה: ['2']; כיסוי קומות חלקי (עלייה 33%, ירידה 11%); 1 חריגות טיימינג
2026-09-24 15:56:11 [INFO] detector: Config updated remotely (keys=['SHABBAT_DETECTOR'])
2026-09-24 15:58:10 [INFO] detector: Config updated remotely (keys=['SHABBAT_DETECTOR'])
2026-09-24 15:58:53 [INFO] shabbat_detector.cycle_analyzer: Cycle aborted: returned to TOP without reaching BOTTOM
2026-09-24 15:58:53 [INFO] shabbat_detector.fsm: [A] DetectorState.NORMAL → DetectorState.CANDIDATE_SHABBAT
2026-09-24 15:58:53 [INFO] detector: SHABBAT TRANSITION NORMAL -> CANDIDATE_SHABBAT | סיבה: מחזור אפשרי החל - ממתין להשלמה
2026-09-24 15:59:24 [INFO] detector: Config updated remotely (keys=['SHABBAT_DETECTOR'])
2026-09-24 16:01:52 [INFO] shabbat_detector.hebcal_gate: Hebcal refreshed: 5 start(s), 2 end(s) (geo=281184, diaspora=True)
2026-09-24 16:09:24 [WARNING] shabbat_detector.cycle_analyzer: Unexpected: touched opposite terminal again in leg 2
2026-09-24 16:12:05 [INFO] shabbat_detector.hebcal_gate: Hebcal refreshed: 5 start(s), 2 end(s) (geo=281184, diaspora=True)
2026-09-24 16:13:16 [WARNING] shabbat_detector.cycle_analyzer: Unexpected: touched opposite terminal again in leg 2
2026-09-24 16:16:59 [WARNING] shabbat_detector.cycle_analyzer: Unexpected: touched opposite terminal again in leg 2
2026-09-24 16:21:18 [INFO] shabbat_detector.cycle_analyzer: Cycle complete: 1371s, up_stops=['10', '-1', '-1', '1', '-2', '-1', '9', '-1', '4', '-1', '8', '-2'], down_stops=['1']
2026-09-24 16:21:18 [INFO] shabbat_detector.fsm: [A] DetectorState.CANDIDATE_SHABBAT → DetectorState.NORMAL
2026-09-24 16:21:18 [INFO] detector: SHABBAT TRANSITION CANDIDATE_SHABBAT -> NORMAL | סיבה: מחזור לא תאם - עצירות לא חוקיות בעלייה: ['1', '10', '4', '8', '9']; כיסוי קומות חלקי (עלייה 67%, ירידה 11%); קפיצות-אחורה (עלייה 5, ירידה 0); 6 חריגות טיימינג
2026-09-24 16:22:49 [INFO] detector: Config updated remotely (keys=['SHABBAT_DETECTOR'])
2026-09-24 16:23:56 [INFO] shabbat_detector.hebcal_gate: Hebcal refreshed: 5 start(s), 2 end(s) (geo=281184, diaspora=True)
2026-09-24 16:31:40 [INFO] shabbat_detector.cycle_analyzer: Cycle aborted: returned to TOP without reaching BOTTOM
2026-09-24 16:31:40 [INFO] shabbat_detector.fsm: [A] DetectorState.NORMAL → DetectorState.CANDIDATE_SHABBAT
2026-09-24 16:31:40 [INFO] detector: SHABBAT TRANSITION NORMAL -> CANDIDATE_SHABBAT | סיבה: מחזור אפשרי החל - ממתין להשלמה
2026-09-24 16:32:40 [INFO] detector: Config updated remotely (keys=['SHABBAT_DETECTOR'])
2026-09-24 16:35:03 [INFO] shabbat_detector.hebcal_gate: Hebcal refreshed: 5 start(s), 2 end(s) (geo=281184, diaspora=True)
2026-09-24 16:37:14 [INFO] shabbat_detector.cycle_analyzer: Cycle aborted: returned to TOP without reaching BOTTOM
2026-09-24 16:45:21 [INFO] shabbat_detector.hebcal_gate: Hebcal refreshed: 5 start(s), 2 end(s) (geo=281184, diaspora=True)
2026-09-24 17:00:28 [INFO] shabbat_detector.hebcal_gate: Hebcal refreshed: 5 start(s), 2 end(s) (geo=281184, diaspora=True)
2026-09-24 17:00:28 [INFO] shabbat_detector.cycle_analyzer: Elevator idle 320s - resetting cycle (was in _Phase.LEG_TWO)
2026-09-24 17:11:18 [INFO] shabbat_detector.hebcal_gate: Hebcal refreshed: 5 start(s), 2 end(s) (geo=281184, diaspora=True)
2026-09-24 17:12:25 [INFO] shabbat_detector.cycle_analyzer: Cycle recovered (missed TOP-terminal read): 619s, up_stops=['5', '-1', '11'], down_stops=['-1', '7', '11', '-1']
2026-09-24 17:12:25 [INFO] shabbat_detector.fsm: [A] DetectorState.CANDIDATE_SHABBAT → DetectorState.NORMAL
2026-09-24 17:12:25 [INFO] detector: SHABBAT TRANSITION CANDIDATE_SHABBAT -> NORMAL | סיבה: מחזור לא תאם - עצירות לא חוקיות בעלייה: ['11', '5']; כיסוי קומות חלקי (עלייה 33%, ירידה 33%); 4 חריגות טיימינג
2026-09-24 17:13:25 [INFO] detector: Config updated remotely (keys=['SHABBAT_DETECTOR'])
2026-09-24 17:22:32 [INFO] shabbat_detector.hebcal_gate: Hebcal refreshed: 5 start(s), 2 end(s) (geo=281184, diaspora=True)
2026-09-24 17:22:32 [INFO] shabbat_detector.cycle_analyzer: Cycle recovered (missed TOP-terminal read): 562s, up_stops=['-1', '11'], down_stops=['10', '-1', '11', '0', '1', '5', '2']
2026-09-24 17:22:32 [INFO] shabbat_detector.fsm: [A] DetectorState.NORMAL → DetectorState.CANDIDATE_SHABBAT
2026-09-24 17:22:32 [INFO] detector: SHABBAT TRANSITION NORMAL -> CANDIDATE_SHABBAT | סיבה: מחזור אפשרי החל - ממתין להשלמה
2026-09-24 17:22:32 [INFO] shabbat_detector.fsm: [A] DetectorState.CANDIDATE_SHABBAT → DetectorState.NORMAL
2026-09-24 17:22:32 [INFO] detector: SHABBAT TRANSITION CANDIDATE_SHABBAT -> NORMAL | סיבה: מחזור לא תאם - עצירות לא חוקיות בעלייה: ['11']; עצירות לא חוקיות בירידה: ['10', '2']; כיסוי קומות חלקי (עלייה 33%, ירידה 56%); 4 חריגות טיימינג
2026-09-24 17:22:33 [INFO] detector: Config updated remotely (keys=['SHABBAT_DETECTOR'])
2026-09-24 17:23:03 [INFO] detector: Config updated remotely (keys=['SHABBAT_DETECTOR'])
2026-09-24 17:31:43 [INFO] shabbat_detector.hebcal_gate: Hebcal refreshed: 5 start(s), 2 end(s) (geo=281184, diaspora=True)
2026-09-24 17:37:56 [WARNING] shabbat_detector.cycle_analyzer: Unexpected: touched opposite terminal again in leg 2
2026-09-24 17:42:49 [INFO] shabbat_detector.hebcal_gate: Hebcal refreshed: 5 start(s), 2 end(s) (geo=281184, diaspora=True)
2026-09-24 17:44:09 [INFO] shabbat_detector.cycle_analyzer: Cycle complete: 1342s, up_stops=['-1', '-2', '-1', '6', '-1', '8', '-2', '2', '9', '-1'], down_stops=['-1', '11', '9', '-1', '11', '-1', '5', '-1', '5']
2026-09-24 17:44:09 [INFO] shabbat_detector.fsm: [A] DetectorState.NORMAL → DetectorState.CANDIDATE_SHABBAT
2026-09-24 17:44:09 [INFO] detector: SHABBAT TRANSITION NORMAL -> CANDIDATE_SHABBAT | סיבה: מחזור אפשרי החל - ממתין להשלמה
2026-09-24 17:44:09 [INFO] shabbat_detector.fsm: [A] DetectorState.CANDIDATE_SHABBAT → DetectorState.NORMAL
2026-09-24 17:44:09 [INFO] detector: SHABBAT TRANSITION CANDIDATE_SHABBAT -> NORMAL | סיבה: מחזור לא תאם - עצירות לא חוקיות בעלייה: ['2', '6', '8', '9']; כיסוי קומות חלקי (עלייה 67%, ירידה 44%); 5 חריגות טיימינג
2026-09-24 17:44:11 [INFO] detector: Config updated remotely (keys=['SHABBAT_DETECTOR'])
2026-09-24 17:45:10 [INFO] detector: Config updated remotely (keys=['SHABBAT_DETECTOR'])
2026-09-24 17:45:28 [INFO] shabbat_detector.cycle_analyzer: Cycle aborted: returned to BOTTOM without reaching TOP
2026-09-24 17:45:28 [INFO] shabbat_detector.fsm: [A] DetectorState.NORMAL → DetectorState.CANDIDATE_SHABBAT
2026-09-24 17:45:28 [INFO] detector: SHABBAT TRANSITION NORMAL -> CANDIDATE_SHABBAT | סיבה: מחזור אפשרי החל - ממתין להשלמה
2026-09-24 17:46:29 [INFO] detector: Config updated remotely (keys=['SHABBAT_DETECTOR'])
2026-09-24 17:49:59 [INFO] shabbat_detector.cycle_analyzer: Cycle aborted: returned to BOTTOM without reaching TOP
2026-09-24 17:53:00 [INFO] shabbat_detector.cycle_analyzer: Cycle aborted: returned to BOTTOM without reaching TOP
2026-09-24 17:53:03 [INFO] shabbat_detector.hebcal_gate: Hebcal refreshed: 5 start(s), 2 end(s) (geo=281184, diaspora=True)
2026-09-24 17:58:00 [INFO] shabbat_detector.cycle_analyzer: Cycle recovered (missed TOP-terminal read): 296s, up_stops=['10', '11'], down_stops=['-1', '8', '6']
2026-09-24 17:58:00 [INFO] shabbat_detector.fsm: [A] DetectorState.CANDIDATE_SHABBAT → DetectorState.NORMAL
2026-09-24 17:58:00 [INFO] detector: SHABBAT TRANSITION CANDIDATE_SHABBAT -> NORMAL | סיבה: מחזור לא תאם - עצירות לא חוקיות בעלייה: ['10', '11']; עצירות לא חוקיות בירידה: ['6', '8']; כיסוי קומות חלקי (עלייה 0%, ירידה 11%); 3 חריגות טיימינג
2026-09-24 17:59:31 [INFO] shabbat_detector.cycle_analyzer: Cycle complete: 104s, up_stops=[], down_stops=['0', '-1']
2026-09-24 17:59:31 [INFO] shabbat_detector.fsm: [A] DetectorState.NORMAL → DetectorState.CANDIDATE_SHABBAT
2026-09-24 17:59:31 [INFO] detector: SHABBAT TRANSITION NORMAL -> CANDIDATE_SHABBAT | סיבה: מחזור אפשרי החל - ממתין להשלמה
2026-09-24 17:59:32 [INFO] shabbat_detector.fsm: [A] DetectorState.CANDIDATE_SHABBAT → DetectorState.NORMAL
2026-09-24 17:59:32 [INFO] detector: SHABBAT TRANSITION CANDIDATE_SHABBAT -> NORMAL | סיבה: מחזור לא תאם - כיסוי קומות חלקי (עלייה 0%, ירידה 22%); 1 חריגות טיימינג
2026-09-24 17:59:33 [INFO] detector: Config updated remotely (keys=['SHABBAT_DETECTOR'])
2026-09-24 17:59:33 [INFO] detector: Config updated remotely (keys=['SHABBAT_DETECTOR'])
2026-09-24 18:01:02 [INFO] detector: Config updated remotely (keys=['SHABBAT_DETECTOR'])
2026-09-24 18:01:35 [INFO] shabbat_detector.cycle_analyzer: Cycle aborted: returned to BOTTOM without reaching TOP
2026-09-24 18:01:35 [INFO] shabbat_detector.fsm: [A] DetectorState.NORMAL → DetectorState.CANDIDATE_SHABBAT
2026-09-24 18:01:35 [INFO] detector: SHABBAT TRANSITION NORMAL -> CANDIDATE_SHABBAT | סיבה: מחזור אפשרי החל - ממתין להשלמה
2026-09-24 18:04:06 [INFO] detector: Config updated remotely (keys=['SHABBAT_DETECTOR'])
2026-09-24 18:04:47 [INFO] shabbat_detector.hebcal_gate: Hebcal refreshed: 5 start(s), 2 end(s) (geo=281184, diaspora=True)
2026-09-24 18:12:33 [INFO] shabbat_detector.cycle_analyzer: Cycle complete: 669s, up_stops=['0', '-1', '0'], down_stops=['11', '1', '11', '9', '-2', '-1', '11', '7', '-1']
2026-09-24 18:14:33 [INFO] detector: Config updated remotely (keys=['SHABBAT_DETECTOR'])
2026-09-24 18:14:40 [INFO] shabbat_detector.hebcal_gate: Hebcal refreshed: 5 start(s), 2 end(s) (geo=281184, diaspora=True)
2026-09-24 18:18:22 [INFO] shabbat_detector.cycle_analyzer: Cycle recovered (missed TOP-terminal read): 346s, up_stops=['11'], down_stops=['7', '1', '-1', '8', '7', '1', '-1', '-2']
2026-09-24 18:18:22 [INFO] shabbat_detector.fsm: [A] DetectorState.CANDIDATE_SHABBAT → DetectorState.NORMAL
2026-09-24 18:18:22 [INFO] detector: SHABBAT TRANSITION CANDIDATE_SHABBAT -> NORMAL | סיבה: מחזור לא תאם - עצירות לא חוקיות בעלייה: ['11']; עצירות לא חוקיות בירידה: ['8']; כיסוי קומות חלקי (עלייה 0%, ירידה 44%); 2 חריגות טיימינג
2026-09-24 18:20:23 [INFO] detector: Config updated remotely (keys=['SHABBAT_DETECTOR'])
2026-09-24 18:24:37 [INFO] shabbat_detector.hebcal_gate: Hebcal refreshed: 5 start(s), 2 end(s) (geo=281184, diaspora=True)
2026-09-24 18:34:57 [INFO] shabbat_detector.hebcal_gate: Hebcal refreshed: 5 start(s), 2 end(s) (geo=281184, diaspora=True)
2026-09-24 18:35:35 [WARNING] shabbat_detector.cycle_analyzer: Unexpected: touched opposite terminal again in leg 2
2026-09-24 18:42:47 [WARNING] shabbat_detector.cycle_analyzer: Unexpected: touched opposite terminal again in leg 2
2026-09-24 18:46:14 [INFO] shabbat_detector.hebcal_gate: Hebcal refreshed: 5 start(s), 2 end(s) (geo=281184, diaspora=True)
2026-09-24 18:50:50 [INFO] shabbat_detector.cycle_analyzer: Cycle complete: 1952s, up_stops=['1', '-2', '-1'], down_stops=['10', '-2', '8', '-1', '0', '1', '-1', '6', '8', '-2', '8', '-2', '2', '11', '-1', '1', '11', '7', '-1', '11', '-1', '0', '-1', '-1', '-2', '7', '8', '-1', '9', '7']
2026-09-24 18:50:50 [INFO] shabbat_detector.fsm: [A] DetectorState.NORMAL → DetectorState.CANDIDATE_SHABBAT
2026-09-24 18:50:50 [INFO] detector: SHABBAT TRANSITION NORMAL -> CANDIDATE_SHABBAT | סיבה: מחזור אפשרי החל - ממתין להשלמה
2026-09-24 18:50:50 [INFO] shabbat_detector.fsm: [A] DetectorState.CANDIDATE_SHABBAT → DetectorState.NORMAL
2026-09-24 18:50:50 [INFO] detector: SHABBAT TRANSITION CANDIDATE_SHABBAT -> NORMAL | סיבה: מחזור לא תאם - עצירות לא חוקיות בעלייה: ['1']; עצירות לא חוקיות בירידה: ['10', '2', '6', '8']; קפיצות-אחורה (עלייה 1, ירידה 15); חזרות על קומות (עלייה 0, ירידה 19); 10 חריגות טיימינג
2026-09-24 18:50:52 [INFO] detector: Config updated remotely (keys=['SHABBAT_DETECTOR'])
2026-09-24 18:52:51 [INFO] detector: Config updated remotely (keys=['SHABBAT_DETECTOR'])
2026-09-24 18:56:06 [INFO] shabbat_detector.hebcal_gate: Hebcal refreshed: 5 start(s), 2 end(s) (geo=281184, diaspora=True)
2026-09-24 18:57:12 [INFO] shabbat_detector.cycle_analyzer: Cycle aborted: returned to BOTTOM without reaching TOP
2026-09-24 18:57:12 [INFO] shabbat_detector.fsm: [A] DetectorState.NORMAL → DetectorState.CANDIDATE_SHABBAT
2026-09-24 18:57:12 [INFO] detector: SHABBAT TRANSITION NORMAL -> CANDIDATE_SHABBAT | סיבה: מחזור אפשרי החל - ממתין להשלמה
2026-09-24 18:58:12 [INFO] detector: Config updated remotely (keys=['SHABBAT_DETECTOR'])
2026-09-24 19:16:10 [INFO] shabbat_detector.hebcal_gate: Hebcal refreshed: 5 start(s), 2 end(s) (geo=281184, diaspora=True)
2026-09-24 19:16:10 [INFO] shabbat_detector.cycle_analyzer: Elevator idle 761s - resetting cycle (was in _Phase.LEG_TWO)
2026-09-24 19:23:43 [INFO] shabbat_detector.cycle_analyzer: Cycle complete: 438s, up_stops=['-1', '10', '11'], down_stops=['6', '-1', '10', '0', '-1']
2026-09-24 19:23:43 [INFO] shabbat_detector.fsm: [A] DetectorState.CANDIDATE_SHABBAT → DetectorState.NORMAL
2026-09-24 19:23:43 [INFO] detector: SHABBAT TRANSITION CANDIDATE_SHABBAT -> NORMAL | סיבה: מחזור לא תאם - עצירות לא חוקיות בעלייה: ['10', '11']; עצירות לא חוקיות בירידה: ['10', '6']; כיסוי קומות חלקי (עלייה 33%, ירידה 22%); 3 חריגות טיימינג
2026-09-24 19:24:13 [INFO] detector: Config updated remotely (keys=['SHABBAT_DETECTOR'])
2026-09-24 19:26:23 [INFO] shabbat_detector.cycle_analyzer: Cycle aborted: returned to TOP without reaching BOTTOM
2026-09-24 19:26:23 [INFO] shabbat_detector.fsm: [A] DetectorState.NORMAL → DetectorState.CANDIDATE_SHABBAT
2026-09-24 19:26:23 [INFO] detector: SHABBAT TRANSITION NORMAL -> CANDIDATE_SHABBAT | סיבה: מחזור אפשרי החל - ממתין להשלמה
2026-09-24 19:26:25 [INFO] shabbat_detector.hebcal_gate: Hebcal refreshed: 5 start(s), 2 end(s) (geo=281184, diaspora=True)
2026-09-24 19:27:23 [INFO] detector: Config updated remotely (keys=['SHABBAT_DETECTOR'])
2026-09-24 19:37:13 [INFO] shabbat_detector.hebcal_gate: Hebcal refreshed: 5 start(s), 2 end(s) (geo=281184, diaspora=True)
2026-09-24 19:47:11 [INFO] shabbat_detector.hebcal_gate: Hebcal refreshed: 5 start(s), 2 end(s) (geo=281184, diaspora=True)
2026-09-24 19:55:39 [WARNING] shabbat_detector.cycle_analyzer: Unexpected: touched opposite terminal again in leg 2
2026-09-24 19:57:13 [INFO] shabbat_detector.hebcal_gate: Hebcal refreshed: 5 start(s), 2 end(s) (geo=281184, diaspora=True)
2026-09-24 20:03:47 [INFO] shabbat_detector.firebase_client: SSE stream connecting: https://ramada-elev-default-rtdb.europe-west1.firebasedatabase.app/elevator_configs/A.json
2026-09-24 20:04:48 [INFO] detector: Config updated remotely (keys=['AUTO_LEARN_CONFIG', 'BOTTOM_FLOOR', 'FLOOR_WAITS', 'SHABBAT_ACTIVE', 'SHABBAT_BREAK_ACTIVE', 'SHABBAT_DETECTOR', 'SHABBAT_MODE', 'STOPPING_FLOORS', 'STOPPING_FLOORS_DOWN', 'STOPPING_FLOORS_UP', 'TIME_PASS_FLOOR', 'TIME_PER_FLOOR', 'TOP_FLOOR', 'VISIBLE_FLOORS', 'secret_key'])
2026-09-24 20:05:10 [WARNING] shabbat_detector.cycle_analyzer: Unexpected: touched opposite terminal again in leg 2
2026-09-24 20:07:01 [WARNING] shabbat_detector.cycle_analyzer: Unexpected: touched opposite terminal again in leg 2
2026-09-24 20:07:37 [INFO] shabbat_detector.hebcal_gate: Hebcal refreshed: 5 start(s), 2 end(s) (geo=281184, diaspora=True)
2026-09-24 20:07:54 [WARNING] shabbat_detector.cycle_analyzer: Unexpected: touched opposite terminal again in leg 2
2026-09-24 20:16:28 [INFO] shabbat_detector.cycle_analyzer: Cycle complete: 2996s, up_stops=['-1', '1', '-2', '8', '-1', '-2', '7', '-1', '11', '10', '-1', '-2', '-1', '6', '7', '8', '10', '-1', '-2', '-1', '0', '-1', '-1', '8', '6', '0', '-2', '8', '9', '-1', '-2', '9', '7', '-1', '5', '-1', '8', '-1', '-1', '-2', '8', '-2', '-1', '4', '-2'], down_stops=['6', '-1', '5', '-1', '5', '-1', '7', '6']
2026-09-24 20:16:28 [INFO] shabbat_detector.fsm: [A] DetectorState.CANDIDATE_SHABBAT → DetectorState.NORMAL
2026-09-24 20:16:28 [INFO] detector: SHABBAT TRANSITION CANDIDATE_SHABBAT -> NORMAL | סיבה: מחזור לא תאם - עצירות לא חוקיות בעלייה: ['1', '10', '11', '4', '5', '6', '7', '8', '9']; עצירות לא חוקיות בירידה: ['6']; כיסוי קומות חלקי (עלייה 100%, ירידה 33%); קפיצות-אחורה (עלייה 22, ירידה 3); חזרות על קומות (עלייה 33, ירידה 4); 11 חריגות טיימינג
2026-09-24 20:17:35 [INFO] shabbat_detector.hebcal_gate: Hebcal refreshed: 5 start(s), 2 end(s) (geo=281184, diaspora=True)
2026-09-24 20:17:58 [INFO] detector: Config updated remotely (keys=['SHABBAT_DETECTOR'])
2026-09-24 20:19:01 [INFO] shabbat_detector.cycle_analyzer: Cycle aborted: returned to TOP without reaching BOTTOM
2026-09-24 20:19:01 [INFO] shabbat_detector.fsm: [A] DetectorState.NORMAL → DetectorState.CANDIDATE_SHABBAT
2026-09-24 20:19:01 [INFO] detector: SHABBAT TRANSITION NORMAL -> CANDIDATE_SHABBAT | סיבה: מחזור אפשרי החל - ממתין להשלמה
2026-09-24 20:21:01 [INFO] detector: Config updated remotely (keys=['SHABBAT_DETECTOR'])
2026-09-24 20:21:14 [INFO] shabbat_detector.cycle_analyzer: Cycle aborted: returned to TOP without reaching BOTTOM
2026-09-24 20:23:38 [INFO] shabbat_detector.cycle_analyzer: Cycle recovered (missed BOTTOM-terminal read): 184s, up_stops=['-1', '7', '8', '10'], down_stops=['-2']
2026-09-24 20:23:38 [INFO] shabbat_detector.fsm: [A] DetectorState.CANDIDATE_SHABBAT → DetectorState.NORMAL
2026-09-24 20:23:38 [INFO] detector: SHABBAT TRANSITION CANDIDATE_SHABBAT -> NORMAL | סיבה: מחזור לא תאם - עצירות לא חוקיות בעלייה: ['10', '7', '8']; כיסוי קומות חלקי (עלייה 33%, ירידה 11%); 3 חריגות טיימינג
2026-09-24 20:25:38 [INFO] detector: Config updated remotely (keys=['SHABBAT_DETECTOR'])
2026-09-24 20:28:26 [INFO] shabbat_detector.hebcal_gate: Hebcal refreshed: 5 start(s), 2 end(s) (geo=281184, diaspora=True)
2026-09-24 20:32:27 [INFO] shabbat_detector.cycle_analyzer: Cycle complete: 525s, up_stops=['7', '-2', '-1', '7', '11'], down_stops=['-2', '-1', '7', '11', '-1', '7', '-1']
2026-09-24 20:32:27 [INFO] shabbat_detector.fsm: [A] DetectorState.NORMAL → DetectorState.CANDIDATE_SHABBAT
2026-09-24 20:32:27 [INFO] detector: SHABBAT TRANSITION NORMAL -> CANDIDATE_SHABBAT | סיבה: מחזור אפשרי החל - ממתין להשלמה
2026-09-24 20:32:28 [INFO] shabbat_detector.fsm: [A] DetectorState.CANDIDATE_SHABBAT → DetectorState.NORMAL
2026-09-24 20:32:28 [INFO] detector: SHABBAT TRANSITION CANDIDATE_SHABBAT -> NORMAL | סיבה: מחזור לא תאם - עצירות לא חוקיות בעלייה: ['11', '7']; כיסוי קומות חלקי (עלייה 67%, ירידה 44%); 3 חריגות טיימינג
2026-09-24 20:32:28 [INFO] detector: Config updated remotely (keys=['SHABBAT_DETECTOR'])
2026-09-24 20:33:28 [INFO] detector: Config updated remotely (keys=['SHABBAT_DETECTOR'])
2026-09-24 20:34:34 [INFO] shabbat_detector.cycle_analyzer: Cycle aborted: returned to TOP without reaching BOTTOM
2026-09-24 20:34:34 [INFO] shabbat_detector.fsm: [A] DetectorState.NORMAL → DetectorState.CANDIDATE_SHABBAT
2026-09-24 20:34:34 [INFO] detector: SHABBAT TRANSITION NORMAL -> CANDIDATE_SHABBAT | סיבה: מחזור אפשרי החל - ממתין להשלמה
2026-09-24 20:36:34 [INFO] detector: Config updated remotely (keys=['SHABBAT_DETECTOR'])
2026-09-24 20:38:53 [INFO] shabbat_detector.hebcal_gate: Hebcal refreshed: 5 start(s), 2 end(s) (geo=281184, diaspora=True)
2026-09-24 20:41:38 [INFO] shabbat_detector.cycle_analyzer: Cycle complete: 417s, up_stops=['-2', '7', '8', '7', '2', '-1', '-2', '-1', '8'], down_stops=['-1', '3', '-1']
2026-09-24 20:41:38 [INFO] shabbat_detector.fsm: [A] DetectorState.CANDIDATE_SHABBAT → DetectorState.NORMAL
2026-09-24 20:41:38 [INFO] detector: SHABBAT TRANSITION CANDIDATE_SHABBAT -> NORMAL | סיבה: מחזור לא תאם - עצירות לא חוקיות בעלייה: ['2', '7', '8']; כיסוי קומות חלקי (עלייה 67%, ירידה 22%); 5 חריגות טיימינג
2026-09-24 20:44:08 [INFO] detector: Config updated remotely (keys=['SHABBAT_DETECTOR'])
2026-09-24 20:46:19 [INFO] shabbat_detector.cycle_analyzer: Cycle recovered (missed BOTTOM-terminal read): 288s, up_stops=['7', '4', '-1'], down_stops=['-1', '5', '8', '-2']
2026-09-24 20:46:19 [INFO] shabbat_detector.fsm: [A] DetectorState.NORMAL → DetectorState.CANDIDATE_SHABBAT
2026-09-24 20:46:19 [INFO] detector: SHABBAT TRANSITION NORMAL -> CANDIDATE_SHABBAT | סיבה: מחזור אפשרי החל - ממתין להשלמה
2026-09-24 20:46:19 [INFO] shabbat_detector.fsm: [A] DetectorState.CANDIDATE_SHABBAT → DetectorState.NORMAL
2026-09-24 20:46:19 [INFO] detector: SHABBAT TRANSITION CANDIDATE_SHABBAT -> NORMAL | סיבה: מחזור לא תאם - עצירות לא חוקיות בעלייה: ['4', '7']; עצירות לא חוקיות בירידה: ['8']; כיסוי קומות חלקי (עלייה 33%, ירידה 33%); 5 חריגות טיימינג
2026-09-24 20:46:20 [INFO] detector: Config updated remotely (keys=['SHABBAT_DETECTOR'])
2026-09-24 20:47:49 [INFO] detector: Config updated remotely (keys=['SHABBAT_DETECTOR'])
2026-09-24 20:49:36 [INFO] shabbat_detector.hebcal_gate: Hebcal refreshed: 5 start(s), 2 end(s) (geo=281184, diaspora=True)
2026-09-24 20:59:48 [INFO] shabbat_detector.hebcal_gate: Hebcal refreshed: 5 start(s), 2 end(s) (geo=281184, diaspora=True)
2026-09-24 21:02:30 [WARNING] shabbat_detector.cycle_analyzer: Unexpected: touched opposite terminal again in leg 2
2026-09-24 21:08:20 [INFO] shabbat_detector.cycle_analyzer: Cycle complete: 1313s, up_stops=['6', '2', '-2', '-1', '11', '7', '1', '11'], down_stops=['9', '-1', '8', '-1', '11', '-1', '7']
2026-09-24 21:08:20 [INFO] shabbat_detector.fsm: [A] DetectorState.NORMAL → DetectorState.CANDIDATE_SHABBAT
2026-09-24 21:08:20 [INFO] detector: SHABBAT TRANSITION NORMAL -> CANDIDATE_SHABBAT | סיבה: מחזור אפשרי החל - ממתין להשלמה
2026-09-24 21:08:21 [INFO] shabbat_detector.fsm: [A] DetectorState.CANDIDATE_SHABBAT → DetectorState.NORMAL
2026-09-24 21:08:21 [INFO] detector: SHABBAT TRANSITION CANDIDATE_SHABBAT -> NORMAL | סיבה: מחזור לא תאם - עצירות לא חוקיות בעלייה: ['1', '11', '2', '6', '7']; עצירות לא חוקיות בירידה: ['8']; כיסוי קומות חלקי (עלייה 67%, ירידה 44%); 7 חריגות טיימינג
2026-09-24 21:08:24 [INFO] detector: Config updated remotely (keys=['SHABBAT_DETECTOR'])
2026-09-24 21:08:52 [INFO] detector: Config updated remotely (keys=['SHABBAT_DETECTOR'])
2026-09-24 21:10:35 [INFO] shabbat_detector.cycle_analyzer: Cycle aborted: returned to TOP without reaching BOTTOM
2026-09-24 21:10:35 [INFO] shabbat_detector.fsm: [A] DetectorState.NORMAL → DetectorState.CANDIDATE_SHABBAT
2026-09-24 21:10:35 [INFO] detector: SHABBAT TRANSITION NORMAL -> CANDIDATE_SHABBAT | סיבה: מחזור אפשרי החל - ממתין להשלמה
2026-09-24 21:10:42 [INFO] shabbat_detector.hebcal_gate: Hebcal refreshed: 5 start(s), 2 end(s) (geo=281184, diaspora=True)
2026-09-24 21:12:06 [INFO] detector: Config updated remotely (keys=['SHABBAT_DETECTOR'])
2026-09-24 21:18:36 [INFO] shabbat_detector.cycle_analyzer: Elevator idle 324s - resetting cycle (was in _Phase.LEG_ONE)
2026-09-24 21:21:33 [INFO] shabbat_detector.hebcal_gate: Hebcal refreshed: 5 start(s), 2 end(s) (geo=281184, diaspora=True)
2026-09-24 21:34:22 [INFO] shabbat_detector.hebcal_gate: Hebcal refreshed: 5 start(s), 2 end(s) (geo=281184, diaspora=True)
2026-09-24 21:47:43 [INFO] shabbat_detector.hebcal_gate: Hebcal refreshed: 5 start(s), 2 end(s) (geo=281184, diaspora=True)
2026-09-24 22:04:55 [INFO] shabbat_detector.hebcal_gate: Hebcal refreshed: 5 start(s), 2 end(s) (geo=281184, diaspora=True)
2026-09-24 22:15:51 [INFO] shabbat_detector.hebcal_gate: Hebcal refreshed: 5 start(s), 2 end(s) (geo=281184, diaspora=True)
2026-09-24 22:27:15 [INFO] shabbat_detector.hebcal_gate: Hebcal refreshed: 5 start(s), 2 end(s) (geo=281184, diaspora=True)
2026-09-24 22:37:45 [INFO] shabbat_detector.hebcal_gate: Hebcal refreshed: 5 start(s), 2 end(s) (geo=281184, diaspora=True)
2026-09-24 22:49:53 [WARNING] shabbat_detector.firebase_client: Elevator stream reconnecting in 1s
2026-09-24 22:49:55 [INFO] shabbat_detector.firebase_client: SSE stream connecting: https://ramada-elev-default-rtdb.europe-west1.firebasedatabase.app/elevators/A.json
2026-09-24 22:54:16 [INFO] shabbat_detector.hebcal_gate: Hebcal refreshed: 5 start(s), 2 end(s) (geo=281184, diaspora=True)
2026-09-24 22:54:16 [INFO] shabbat_detector.cycle_analyzer: Elevator idle 733s - resetting cycle (was in _Phase.LEG_ONE)
2026-09-24 22:59:45 [INFO] shabbat_detector.cycle_analyzer: Cycle aborted: returned to TOP without reaching BOTTOM
2026-09-24 23:09:53 [INFO] shabbat_detector.hebcal_gate: Hebcal refreshed: 5 start(s), 2 end(s) (geo=281184, diaspora=True)
2026-09-24 23:09:53 [INFO] shabbat_detector.cycle_analyzer: Elevator idle 666s - resetting cycle (was in _Phase.LEG_ONE)
2026-09-24 23:13:51 [WARNING] shabbat_detector.cycle_analyzer: Unexpected: touched opposite terminal again in leg 2
2026-09-24 23:21:39 [INFO] shabbat_detector.hebcal_gate: Hebcal refreshed: 5 start(s), 2 end(s) (geo=281184, diaspora=True)
2026-09-24 23:21:39 [INFO] shabbat_detector.cycle_analyzer: Elevator idle 432s - resetting cycle (was in _Phase.LEG_TWO)
2026-09-24 23:32:50 [INFO] shabbat_detector.hebcal_gate: Hebcal refreshed: 5 start(s), 2 end(s) (geo=281184, diaspora=True)
2026-09-24 23:32:50 [INFO] shabbat_detector.cycle_analyzer: Cycle complete: 610s, up_stops=['-1', '11'], down_stops=['-1']
2026-09-24 23:32:50 [INFO] shabbat_detector.fsm: [A] DetectorState.CANDIDATE_SHABBAT → DetectorState.NORMAL
2026-09-24 23:32:50 [INFO] detector: SHABBAT TRANSITION CANDIDATE_SHABBAT -> NORMAL | סיבה: מחזור לא תאם - עצירות לא חוקיות בעלייה: ['11']; כיסוי קומות חלקי (עלייה 33%, ירידה 11%); 2 חריגות טיימינג
2026-09-24 23:33:20 [INFO] detector: Config updated remotely (keys=['SHABBAT_DETECTOR'])
2026-09-24 23:57:25 [INFO] shabbat_detector.hebcal_gate: Hebcal refreshed: 5 start(s), 2 end(s) (geo=281184, diaspora=True)
2026-09-24 23:57:25 [INFO] shabbat_detector.cycle_analyzer: Elevator idle 976s - resetting cycle (was in _Phase.LEG_ONE)
2026-09-25 00:10:22 [INFO] shabbat_detector.hebcal_gate: Hebcal refreshed: 5 start(s), 2 end(s) (geo=281184, diaspora=True)
2026-09-25 00:26:47 [INFO] shabbat_detector.hebcal_gate: Hebcal refreshed: 5 start(s), 2 end(s) (geo=281184, diaspora=True)
2026-09-25 00:33:48 [INFO] shabbat_detector.fsm: [A] DetectorState.NORMAL → DetectorState.CANDIDATE_SHABBAT
2026-09-25 00:33:48 [INFO] detector: SHABBAT TRANSITION NORMAL -> CANDIDATE_SHABBAT | סיבה: מחזור אפשרי החל - ממתין להשלמה
2026-09-25 00:34:18 [INFO] detector: Config updated remotely (keys=['SHABBAT_DETECTOR'])
2026-09-25 02:19:58 [INFO] shabbat_detector.hebcal_gate: Hebcal refreshed: 5 start(s), 2 end(s) (geo=281184, diaspora=True)
2026-09-25 02:19:58 [INFO] shabbat_detector.cycle_analyzer: Elevator idle 6425s - resetting cycle (was in _Phase.LEG_ONE)
2026-09-25 02:29:47 [INFO] shabbat_detector.cycle_analyzer: Elevator idle 574s - resetting cycle (was in _Phase.LEG_ONE)
2026-09-25 02:39:52 [INFO] shabbat_detector.hebcal_gate: Hebcal refreshed: 5 start(s), 2 end(s) (geo=281184, diaspora=True)
2026-09-25 02:58:03 [WARNING] shabbat_detector.firebase_client: Elevator stream error: ("Connection broken: ConnectionResetError(104, 'Connection reset by peer')", ConnectionResetError(104, 'Connection reset by peer'))
2026-09-25 02:58:03 [WARNING] shabbat_detector.firebase_client: Elevator stream reconnecting in 2s
2026-09-25 02:58:05 [INFO] shabbat_detector.firebase_client: SSE stream connecting: https://ramada-elev-default-rtdb.europe-west1.firebasedatabase.app/elevators/A.json
2026-09-25 03:24:10 [INFO] shabbat_detector.hebcal_gate: Hebcal refreshed: 5 start(s), 2 end(s) (geo=281184, diaspora=True)
2026-09-25 03:35:29 [INFO] shabbat_detector.hebcal_gate: Hebcal refreshed: 5 start(s), 2 end(s) (geo=281184, diaspora=True)
2026-09-25 05:24:53 [INFO] shabbat_detector.hebcal_gate: Hebcal refreshed: 5 start(s), 2 end(s) (geo=281184, diaspora=True)
2026-09-25 05:24:53 [INFO] shabbat_detector.cycle_analyzer: Elevator idle 6208s - resetting cycle (was in _Phase.LEG_ONE)
2026-09-25 05:58:54 [INFO] shabbat_detector.hebcal_gate: Hebcal refreshed: 5 start(s), 2 end(s) (geo=281184, diaspora=True)
2026-09-25 06:12:38 [INFO] shabbat_detector.hebcal_gate: Hebcal refreshed: 5 start(s), 2 end(s) (geo=281184, diaspora=True)
2026-09-25 06:40:30 [INFO] shabbat_detector.hebcal_gate: Hebcal refreshed: 5 start(s), 2 end(s) (geo=281184, diaspora=True)
2026-09-25 06:40:30 [INFO] shabbat_detector.cycle_analyzer: Elevator idle 1497s - resetting cycle (was in _Phase.LEG_ONE)
2026-09-25 06:44:56 [INFO] shabbat_detector.cycle_analyzer: Cycle recovered (missed TOP-terminal read): 174s, up_stops=['9', '-2'], down_stops=[]
2026-09-25 06:44:57 [INFO] shabbat_detector.fsm: [A] DetectorState.CANDIDATE_SHABBAT → DetectorState.NORMAL
2026-09-25 06:44:57 [INFO] detector: SHABBAT TRANSITION CANDIDATE_SHABBAT -> NORMAL | סיבה: מחזור לא תאם - עצירות לא חוקיות בעלייה: ['9']; כיסוי קומות חלקי (עלייה 33%, ירידה 0%); 2 חריגות טיימינג
2026-09-25 06:47:27 [INFO] detector: Config updated remotely (keys=['SHABBAT_DETECTOR'])
2026-09-25 07:02:32 [INFO] shabbat_detector.hebcal_gate: Hebcal refreshed: 5 start(s), 2 end(s) (geo=281184, diaspora=True)
2026-09-25 07:02:32 [INFO] shabbat_detector.cycle_analyzer: Elevator idle 825s - resetting cycle (was in _Phase.LEG_ONE)
2026-09-25 07:12:58 [INFO] shabbat_detector.hebcal_gate: Hebcal refreshed: 5 start(s), 2 end(s) (geo=281184, diaspora=True)
2026-09-25 07:22:34 [INFO] shabbat_detector.hebcal_gate: Hebcal refreshed: 5 start(s), 2 end(s) (geo=281184, diaspora=True)
2026-09-25 07:33:12 [INFO] shabbat_detector.hebcal_gate: Hebcal refreshed: 5 start(s), 2 end(s) (geo=281184, diaspora=True)
2026-09-25 07:43:10 [INFO] shabbat_detector.hebcal_gate: Hebcal refreshed: 5 start(s), 2 end(s) (geo=281184, diaspora=True)
2026-09-25 07:44:48 [INFO] shabbat_detector.fsm: [A] DetectorState.NORMAL → DetectorState.CANDIDATE_SHABBAT
2026-09-25 07:44:48 [INFO] detector: SHABBAT TRANSITION NORMAL -> CANDIDATE_SHABBAT | סיבה: מחזור אפשרי החל - ממתין להשלמה
2026-09-25 07:45:48 [INFO] detector: Config updated remotely (keys=['SHABBAT_DETECTOR'])
2026-09-25 07:53:13 [INFO] shabbat_detector.hebcal_gate: Hebcal refreshed: 5 start(s), 2 end(s) (geo=281184, diaspora=True)
2026-09-25 08:03:23 [INFO] shabbat_detector.hebcal_gate: Hebcal refreshed: 5 start(s), 2 end(s) (geo=281184, diaspora=True)
2026-09-25 08:13:41 [INFO] shabbat_detector.hebcal_gate: Hebcal refreshed: 5 start(s), 2 end(s) (geo=281184, diaspora=True)
2026-09-25 08:14:18 [WARNING] shabbat_detector.cycle_analyzer: Unexpected: touched opposite terminal again in leg 2
2026-09-25 08:19:15 [INFO] shabbat_detector.cycle_analyzer: Cycle complete: 2039s, up_stops=['7', '-1', '9', '-1', '7', '0', '-1', '-2', '-1', '7', '-1', '9', '7', '-1', '7', '9', '-1', '-2', '7', '-1', '-1', '-2', '8', '10', '-2', '-1', '8', '9', '-1', '8', '9', '7', '-1', '8', '9', '-1', '9', '10', '-2', '0', '-2', '5', '-2', '6', '0', '-1', '-2'], down_stops=['2', '0', '7', '8', '11', '6', '-2', '-1', '2', '5', '6', '-2', '-1', '0', '-1', '-2']
2026-09-25 08:19:15 [INFO] shabbat_detector.fsm: [A] DetectorState.CANDIDATE_SHABBAT → DetectorState.NORMAL
2026-09-25 08:19:15 [INFO] detector: SHABBAT TRANSITION CANDIDATE_SHABBAT -> NORMAL | סיבה: מחזור לא תאם - עצירות לא חוקיות בעלייה: ['10', '5', '6', '7', '8', '9']; עצירות לא חוקיות בירידה: ['2', '6', '8']; קפיצות-אחורה (עלייה 23, ירידה 9); חזרות על קומות (עלייה 38, ירידה 7); 10 חריגות טיימינג
2026-09-25 08:21:15 [INFO] detector: Config updated remotely (keys=['SHABBAT_DETECTOR'])
2026-09-25 08:23:39 [WARNING] shabbat_detector.cycle_analyzer: Unexpected: touched opposite terminal again in leg 2
2026-09-25 08:23:43 [INFO] shabbat_detector.hebcal_gate: Hebcal refreshed: 5 start(s), 2 end(s) (geo=281184, diaspora=True)
2026-09-25 08:26:52 [INFO] shabbat_detector.cycle_analyzer: Cycle complete: 397s, up_stops=['0', '-2', '2'], down_stops=['10', '-2', '-1', '4', '-2', '6', '2', '-1']
2026-09-25 08:26:52 [INFO] shabbat_detector.fsm: [A] DetectorState.NORMAL → DetectorState.CANDIDATE_SHABBAT
2026-09-25 08:26:52 [INFO] detector: SHABBAT TRANSITION NORMAL -> CANDIDATE_SHABBAT | סיבה: מחזור אפשרי החל - ממתין להשלמה
2026-09-25 08:26:52 [INFO] shabbat_detector.fsm: [A] DetectorState.CANDIDATE_SHABBAT → DetectorState.NORMAL
2026-09-25 08:26:52 [INFO] detector: SHABBAT TRANSITION CANDIDATE_SHABBAT -> NORMAL | סיבה: מחזור לא תאם - עצירות לא חוקיות בעלייה: ['2']; עצירות לא חוקיות בירידה: ['10', '2', '4', '6']; כיסוי קומות חלקי (עלייה 67%, ירידה 22%); 6 חריגות טיימינג
2026-09-25 08:26:53 [INFO] detector: Config updated remotely (keys=['SHABBAT_DETECTOR'])
2026-09-25 08:28:22 [INFO] detector: Config updated remotely (keys=['SHABBAT_DETECTOR'])
2026-09-25 08:41:49 [INFO] shabbat_detector.hebcal_gate: Hebcal refreshed: 5 start(s), 2 end(s) (geo=281184, diaspora=True)
2026-09-25 08:41:49 [INFO] shabbat_detector.cycle_analyzer: Elevator idle 520s - resetting cycle (was in _Phase.LEG_TWO)
2026-09-25 08:47:50 [INFO] shabbat_detector.fsm: [A] DetectorState.NORMAL → DetectorState.CANDIDATE_SHABBAT
2026-09-25 08:47:50 [INFO] detector: SHABBAT TRANSITION NORMAL -> CANDIDATE_SHABBAT | סיבה: מחזור אפשרי החל - ממתין להשלמה
2026-09-25 08:48:50 [INFO] detector: Config updated remotely (keys=['SHABBAT_DETECTOR'])
2026-09-25 08:49:37 [INFO] shabbat_detector.cycle_analyzer: Cycle complete: 147s, up_stops=[], down_stops=['-1', '-2']
2026-09-25 08:49:37 [INFO] shabbat_detector.fsm: [A] DetectorState.CANDIDATE_SHABBAT → DetectorState.NORMAL
2026-09-25 08:49:37 [INFO] detector: SHABBAT TRANSITION CANDIDATE_SHABBAT -> NORMAL | סיבה: מחזור לא תאם - כיסוי קומות חלקי (עלייה 0%, ירידה 22%); 1 חריגות טיימינג
2026-09-25 08:51:04 [INFO] shabbat_detector.cycle_analyzer: Cycle recovered (missed TOP-terminal read): 85s, up_stops=['-1', '11'], down_stops=[]
2026-09-25 08:51:04 [INFO] shabbat_detector.fsm: [A] DetectorState.NORMAL → DetectorState.CANDIDATE_SHABBAT
2026-09-25 08:51:04 [INFO] detector: SHABBAT TRANSITION NORMAL -> CANDIDATE_SHABBAT | סיבה: מחזור אפשרי החל - ממתין להשלמה
2026-09-25 08:51:04 [INFO] shabbat_detector.fsm: [A] DetectorState.CANDIDATE_SHABBAT → DetectorState.NORMAL
2026-09-25 08:51:04 [INFO] detector: SHABBAT TRANSITION CANDIDATE_SHABBAT -> NORMAL | סיבה: מחזור לא תאם - עצירות לא חוקיות בעלייה: ['11']; כיסוי קומות חלקי (עלייה 33%, ירידה 0%); 2 חריגות טיימינג
2026-09-25 08:51:05 [INFO] detector: Config updated remotely (keys=['SHABBAT_DETECTOR'])
2026-09-25 08:51:05 [INFO] detector: Config updated remotely (keys=['SHABBAT_DETECTOR'])
2026-09-25 08:51:34 [INFO] detector: Config updated remotely (keys=['SHABBAT_DETECTOR'])
2026-09-25 08:52:19 [INFO] shabbat_detector.hebcal_gate: Hebcal refreshed: 5 start(s), 2 end(s) (geo=281184, diaspora=True)
2026-09-25 08:55:47 [INFO] shabbat_detector.cycle_analyzer: Cycle aborted: returned to BOTTOM without reaching TOP
2026-09-25 08:55:47 [INFO] shabbat_detector.fsm: [A] DetectorState.NORMAL → DetectorState.CANDIDATE_SHABBAT
2026-09-25 08:55:47 [INFO] detector: SHABBAT TRANSITION NORMAL -> CANDIDATE_SHABBAT | סיבה: מחזור אפשרי החל - ממתין להשלמה
2026-09-25 08:56:48 [INFO] detector: Config updated remotely (keys=['SHABBAT_DETECTOR'])
2026-09-25 09:01:02 [INFO] shabbat_detector.cycle_analyzer: Cycle aborted: returned to BOTTOM without reaching TOP
2026-09-25 09:05:37 [INFO] shabbat_detector.hebcal_gate: Hebcal refreshed: 5 start(s), 2 end(s) (geo=281184, diaspora=True)
2026-09-25 09:05:37 [INFO] shabbat_detector.cycle_analyzer: Elevator idle 330s - resetting cycle (was in _Phase.LEG_ONE)
2026-09-25 09:13:55 [INFO] shabbat_detector.cycle_analyzer: Cycle aborted: returned to BOTTOM without reaching TOP
2026-09-25 09:15:32 [INFO] shabbat_detector.hebcal_gate: Hebcal refreshed: 5 start(s), 2 end(s) (geo=281184, diaspora=True)
2026-09-25 09:26:30 [INFO] shabbat_detector.cycle_analyzer: Cycle complete: 697s, up_stops=['-2', '6', '10', '6', '-2', '-1', '11', '5', '-2'], down_stops=['-2', '7', '0', '8', '-2']
2026-09-25 09:26:30 [INFO] shabbat_detector.fsm: [A] DetectorState.CANDIDATE_SHABBAT → DetectorState.NORMAL
2026-09-25 09:26:30 [INFO] detector: SHABBAT TRANSITION CANDIDATE_SHABBAT -> NORMAL | סיבה: מחזור לא תאם - עצירות לא חוקיות בעלייה: ['10', '11', '5', '6']; עצירות לא חוקיות בירידה: ['8']; כיסוי קומות חלקי (עלייה 67%, ירידה 33%); 7 חריגות טיימינג
2026-09-25 09:27:11 [INFO] shabbat_detector.hebcal_gate: Hebcal refreshed: 5 start(s), 2 end(s) (geo=281184, diaspora=True)
2026-09-25 09:28:00 [INFO] detector: Config updated remotely (keys=['SHABBAT_DETECTOR'])
2026-09-25 09:28:44 [INFO] shabbat_detector.cycle_analyzer: Cycle aborted: returned to BOTTOM without reaching TOP
2026-09-25 09:28:44 [INFO] shabbat_detector.fsm: [A] DetectorState.NORMAL → DetectorState.CANDIDATE_SHABBAT
2026-09-25 09:28:44 [INFO] detector: SHABBAT TRANSITION NORMAL -> CANDIDATE_SHABBAT | סיבה: מחזור אפשרי החל - ממתין להשלמה
2026-09-25 09:29:15 [INFO] detector: Config updated remotely (keys=['SHABBAT_DETECTOR'])
2026-09-25 09:34:12 [INFO] shabbat_detector.cycle_analyzer: Cycle aborted: returned to BOTTOM without reaching TOP
2026-09-25 09:39:04 [INFO] shabbat_detector.hebcal_gate: Hebcal refreshed: 5 start(s), 2 end(s) (geo=281184, diaspora=True)
2026-09-25 09:39:05 [INFO] shabbat_detector.cycle_analyzer: Cycle aborted: returned to BOTTOM without reaching TOP
2026-09-25 09:40:32 [INFO] shabbat_detector.cycle_analyzer: Cycle aborted: returned to BOTTOM without reaching TOP
2026-09-25 09:45:10 [INFO] shabbat_detector.cycle_analyzer: Cycle aborted: returned to BOTTOM without reaching TOP
2026-09-25 09:48:57 [INFO] shabbat_detector.hebcal_gate: Hebcal refreshed: 5 start(s), 2 end(s) (geo=281184, diaspora=True)
2026-09-25 09:54:43 [INFO] shabbat_detector.cycle_analyzer: Cycle aborted: returned to BOTTOM without reaching TOP
2026-09-25 09:58:03 [INFO] shabbat_detector.cycle_analyzer: Cycle aborted: returned to BOTTOM without reaching TOP
2026-09-25 09:58:58 [INFO] shabbat_detector.hebcal_gate: Hebcal refreshed: 5 start(s), 2 end(s) (geo=281184, diaspora=True)
2026-09-25 10:11:25 [INFO] shabbat_detector.hebcal_gate: Hebcal refreshed: 5 start(s), 2 end(s) (geo=281184, diaspora=True)
2026-09-25 10:17:28 [INFO] shabbat_detector.cycle_analyzer: Cycle recovered (missed TOP-terminal read): 1196s, up_stops=['-2', '5', '11'], down_stops=['-1', '1', '5', '-2', '-1', '10', '4', '-1', '-2', '7', '5', '-1', '4', '-2', '1', '-1', '-2', '1', '11', '-1', '5', '4', '3', '-1', '5', '11']
2026-09-25 10:17:28 [INFO] shabbat_detector.fsm: [A] DetectorState.CANDIDATE_SHABBAT → DetectorState.NORMAL
2026-09-25 10:17:28 [INFO] detector: SHABBAT TRANSITION CANDIDATE_SHABBAT -> NORMAL | סיבה: מחזור לא תאם - עצירות לא חוקיות בעלייה: ['11', '5']; עצירות לא חוקיות בירידה: ['10', '4']; כיסוי קומות חלקי (עלייה 33%, ירידה 78%); קפיצות-אחורה (עלייה 0, ירידה 12); חזרות על קומות (עלייה 0, ירידה 17); 9 חריגות טיימינג
2026-09-25 10:19:29 [INFO] detector: Config updated remotely (keys=['SHABBAT_DETECTOR'])
2026-09-25 10:21:37 [INFO] shabbat_detector.hebcal_gate: Hebcal refreshed: 5 start(s), 2 end(s) (geo=281184, diaspora=True)
2026-09-25 10:27:36 [WARNING] shabbat_detector.cycle_analyzer: Unexpected: touched opposite terminal again in leg 2
2026-09-25 10:29:55 [INFO] shabbat_detector.cycle_analyzer: Cycle complete: 746s, up_stops=['11', '0', '-1', '6'], down_stops=['-1', '-2', '5', '-1', '4', '-1', '-2', '-1', '2', '4', '6', '-1']
2026-09-25 10:29:55 [INFO] shabbat_detector.fsm: [A] DetectorState.NORMAL → DetectorState.CANDIDATE_SHABBAT
2026-09-25 10:29:55 [INFO] detector: SHABBAT TRANSITION NORMAL -> CANDIDATE_SHABBAT | סיבה: מחזור אפשרי החל - ממתין להשלמה
2026-09-25 10:29:56 [INFO] shabbat_detector.fsm: [A] DetectorState.CANDIDATE_SHABBAT → DetectorState.NORMAL
2026-09-25 10:29:56 [INFO] detector: SHABBAT TRANSITION CANDIDATE_SHABBAT -> NORMAL | סיבה: מחזור לא תאם - עצירות לא חוקיות בעלייה: ['11', '6']; עצירות לא חוקיות בירידה: ['2', '4', '6']; כיסוי קומות חלקי (עלייה 67%, ירידה 33%); קפיצות-אחורה (עלייה 2, ירידה 6); 6 חריגות טיימינג
2026-09-25 10:29:57 [INFO] detector: Config updated remotely (keys=['SHABBAT_DETECTOR'])
2026-09-25 10:31:26 [INFO] detector: Config updated remotely (keys=['SHABBAT_DETECTOR'])
2026-09-25 10:31:50 [INFO] shabbat_detector.hebcal_gate: Hebcal refreshed: 5 start(s), 2 end(s) (geo=281184, diaspora=True)
2026-09-25 10:33:14 [INFO] shabbat_detector.cycle_analyzer: Cycle aborted: returned to BOTTOM without reaching TOP
2026-09-25 10:33:14 [INFO] shabbat_detector.fsm: [A] DetectorState.NORMAL → DetectorState.CANDIDATE_SHABBAT
2026-09-25 10:33:14 [INFO] detector: SHABBAT TRANSITION NORMAL -> CANDIDATE_SHABBAT | סיבה: מחזור אפשרי החל - ממתין להשלמה
2026-09-25 10:34:45 [INFO] detector: Config updated remotely (keys=['SHABBAT_DETECTOR'])
2026-09-25 10:34:54 [INFO] shabbat_detector.cycle_analyzer: Cycle recovered (missed TOP-terminal read): 100s, up_stops=['11'], down_stops=['-1', '-2']
2026-09-25 10:34:54 [INFO] shabbat_detector.fsm: [A] DetectorState.CANDIDATE_SHABBAT → DetectorState.NORMAL
2026-09-25 10:34:54 [INFO] detector: SHABBAT TRANSITION CANDIDATE_SHABBAT -> NORMAL | סיבה: מחזור לא תאם - עצירות לא חוקיות בעלייה: ['11']; כיסוי קומות חלקי (עלייה 0%, ירידה 22%); 1 חריגות טיימינג
2026-09-25 10:35:25 [INFO] detector: Config updated remotely (keys=['SHABBAT_DETECTOR'])
2026-09-25 10:41:34 [INFO] shabbat_detector.cycle_analyzer: Cycle aborted: returned to BOTTOM without reaching TOP
2026-09-25 10:41:34 [INFO] shabbat_detector.fsm: [A] DetectorState.NORMAL → DetectorState.CANDIDATE_SHABBAT
2026-09-25 10:41:34 [INFO] detector: SHABBAT TRANSITION NORMAL -> CANDIDATE_SHABBAT | סיבה: מחזור אפשרי החל - ממתין להשלמה
2026-09-25 10:41:46 [INFO] shabbat_detector.hebcal_gate: Hebcal refreshed: 5 start(s), 2 end(s) (geo=281184, diaspora=True)
2026-09-25 10:43:05 [INFO] detector: Config updated remotely (keys=['SHABBAT_DETECTOR'])
2026-09-25 10:46:16 [INFO] shabbat_detector.cycle_analyzer: Cycle recovered (missed TOP-terminal read): 270s, up_stops=['-1', '4', '-1', '7', '11'], down_stops=['-1']
2026-09-25 10:46:16 [INFO] shabbat_detector.fsm: [A] DetectorState.CANDIDATE_SHABBAT → DetectorState.NORMAL
2026-09-25 10:46:16 [INFO] detector: SHABBAT TRANSITION CANDIDATE_SHABBAT -> NORMAL | סיבה: מחזור לא תאם - עצירות לא חוקיות בעלייה: ['11', '4', '7']; כיסוי קומות חלקי (עלייה 33%, ירידה 11%); 2 חריגות טיימינג
2026-09-25 10:47:16 [INFO] detector: Config updated remotely (keys=['SHABBAT_DETECTOR'])
2026-09-25 10:51:48 [INFO] shabbat_detector.hebcal_gate: Hebcal refreshed: 5 start(s), 2 end(s) (geo=281184, diaspora=True)
2026-09-25 10:54:30 [INFO] shabbat_detector.cycle_analyzer: Cycle aborted: returned to BOTTOM without reaching TOP
2026-09-25 10:54:30 [INFO] shabbat_detector.fsm: [A] DetectorState.NORMAL → DetectorState.CANDIDATE_SHABBAT
2026-09-25 10:54:30 [INFO] detector: SHABBAT TRANSITION NORMAL -> CANDIDATE_SHABBAT | סיבה: מחזור אפשרי החל - ממתין להשלמה
2026-09-25 10:56:30 [INFO] detector: Config updated remotely (keys=['SHABBAT_DETECTOR'])
2026-09-25 10:58:18 [INFO] shabbat_detector.cycle_analyzer: Cycle recovered (missed TOP-terminal read): 230s, up_stops=['11'], down_stops=['3', '-1', '10']
2026-09-25 10:58:18 [INFO] shabbat_detector.fsm: [A] DetectorState.CANDIDATE_SHABBAT → DetectorState.NORMAL
2026-09-25 10:58:18 [INFO] detector: SHABBAT TRANSITION CANDIDATE_SHABBAT -> NORMAL | סיבה: מחזור לא תאם - עצירות לא חוקיות בעלייה: ['11']; עצירות לא חוקיות בירידה: ['10']; כיסוי קומות חלקי (עלייה 0%, ירידה 22%); 2 חריגות טיימינג
2026-09-25 11:00:48 [INFO] detector: Config updated remotely (keys=['SHABBAT_DETECTOR'])
2026-09-25 11:01:49 [INFO] shabbat_detector.hebcal_gate: Hebcal refreshed: 5 start(s), 2 end(s) (geo=281184, diaspora=True)
2026-09-25 11:03:05 [INFO] shabbat_detector.cycle_analyzer: Cycle aborted: returned to BOTTOM without reaching TOP
2026-09-25 11:03:05 [INFO] shabbat_detector.fsm: [A] DetectorState.NORMAL → DetectorState.CANDIDATE_SHABBAT
2026-09-25 11:03:05 [INFO] detector: SHABBAT TRANSITION NORMAL -> CANDIDATE_SHABBAT | סיבה: מחזור אפשרי החל - ממתין להשלמה
2026-09-25 11:04:06 [INFO] detector: Config updated remotely (keys=['SHABBAT_DETECTOR'])
2026-09-25 11:12:51 [INFO] shabbat_detector.hebcal_gate: Hebcal refreshed: 5 start(s), 2 end(s) (geo=281184, diaspora=True)
2026-09-25 11:17:46 [WARNING] shabbat_detector.cycle_analyzer: Unexpected: touched opposite terminal again in leg 2
2026-09-25 11:23:15 [INFO] shabbat_detector.hebcal_gate: Hebcal refreshed: 5 start(s), 2 end(s) (geo=281184, diaspora=True)
2026-09-25 11:33:46 [INFO] shabbat_detector.hebcal_gate: Hebcal refreshed: 5 start(s), 2 end(s) (geo=281184, diaspora=True)
2026-09-25 11:38:03 [INFO] shabbat_detector.cycle_analyzer: Cycle complete: 2052s, up_stops=['-1'], down_stops=['-1', '2', '-1', '2', '-1', '6', '-1', '9', '7', '6', '-1', '10', '-1', '10', '8', '-1', '11', '-1', '-2', '11', '0', '-1', '11', '10', '-1', '2', '-1', '-1', '5']
2026-09-25 11:38:03 [INFO] shabbat_detector.fsm: [A] DetectorState.CANDIDATE_SHABBAT → DetectorState.NORMAL
2026-09-25 11:38:03 [INFO] detector: SHABBAT TRANSITION CANDIDATE_SHABBAT -> NORMAL | סיבה: מחזור לא תאם - עצירות לא חוקיות בירידה: ['10', '2', '6', '8']; כיסוי קומות חלקי (עלייה 33%, ירידה 78%); קפיצות-אחורה (עלייה 0, ירידה 11); חזרות על קומות (עלייה 0, ירידה 18); 10 חריגות טיימינג
2026-09-25 11:39:04 [INFO] detector: Config updated remotely (keys=['SHABBAT_DETECTOR'])
2026-09-25 11:43:44 [INFO] shabbat_detector.hebcal_gate: Hebcal refreshed: 5 start(s), 2 end(s) (geo=281184, diaspora=True)
2026-09-25 11:59:07 [INFO] shabbat_detector.hebcal_gate: Hebcal refreshed: 5 start(s), 2 end(s) (geo=281184, diaspora=True)
2026-09-25 11:59:07 [INFO] shabbat_detector.cycle_analyzer: Elevator idle 911s - resetting cycle (was in _Phase.LEG_ONE)
2026-09-25 11:59:38 [INFO] shabbat_detector.fsm: [A] DetectorState.NORMAL → DetectorState.CANDIDATE_SHABBAT
2026-09-25 11:59:38 [INFO] detector: SHABBAT TRANSITION NORMAL -> CANDIDATE_SHABBAT | סיבה: מחזור אפשרי החל - ממתין להשלמה
2026-09-25 12:01:08 [INFO] detector: Config updated remotely (keys=['SHABBAT_DETECTOR'])
2026-09-25 12:02:53 [INFO] shabbat_detector.cycle_analyzer: Cycle aborted: returned to BOTTOM without reaching TOP
2026-09-25 12:10:03 [INFO] shabbat_detector.hebcal_gate: Hebcal refreshed: 5 start(s), 2 end(s) (geo=281184, diaspora=True)
2026-09-25 12:10:03 [INFO] shabbat_detector.cycle_analyzer: Elevator idle 323s - resetting cycle (was in _Phase.LEG_ONE)
2026-09-25 12:20:50 [INFO] shabbat_detector.hebcal_gate: Hebcal refreshed: 5 start(s), 2 end(s) (geo=281184, diaspora=True)
2026-09-25 12:26:49 [WARNING] shabbat_detector.cycle_analyzer: Unexpected: touched opposite terminal again in leg 2
2026-09-25 12:31:14 [INFO] shabbat_detector.hebcal_gate: Hebcal refreshed: 5 start(s), 2 end(s) (geo=281184, diaspora=True)
2026-09-25 12:34:17 [WARNING] shabbat_detector.cycle_analyzer: Unexpected: touched opposite terminal again in leg 2
2026-09-25 12:39:27 [INFO] shabbat_detector.cycle_analyzer: Cycle complete: 1174s, up_stops=['3', '-2', '-1', '7', '8', '10', '8', '-1', '2', '0', '-1', '9', '10', '3', '1', '0', '-1', '0', '3', '-1', '1', '-1', '10', '1'], down_stops=['10', '-1']
2026-09-25 12:39:27 [INFO] shabbat_detector.fsm: [A] DetectorState.CANDIDATE_SHABBAT → DetectorState.NORMAL
2026-09-25 12:39:27 [INFO] detector: SHABBAT TRANSITION CANDIDATE_SHABBAT -> NORMAL | סיבה: מחזור לא תאם - עצירות לא חוקיות בעלייה: ['1', '10', '2', '3', '7', '8', '9']; עצירות לא חוקיות בירידה: ['10']; כיסוי קומות חלקי (עלייה 100%, ירידה 11%); קפיצות-אחורה (עלייה 12, ירידה 0); חזרות על קומות (עלייה 14, ירידה 0); 9 חריגות טיימינג
2026-09-25 12:40:27 [INFO] detector: Config updated remotely (keys=['SHABBAT_DETECTOR'])
2026-09-25 12:42:31 [INFO] shabbat_detector.cycle_analyzer: Cycle aborted: returned to TOP without reaching BOTTOM
2026-09-25 12:42:31 [INFO] shabbat_detector.fsm: [A] DetectorState.NORMAL → DetectorState.CANDIDATE_SHABBAT
2026-09-25 12:42:31 [INFO] detector: SHABBAT TRANSITION NORMAL -> CANDIDATE_SHABBAT | סיבה: מחזור אפשרי החל - ממתין להשלמה
2026-09-25 12:43:26 [INFO] shabbat_detector.hebcal_gate: Hebcal refreshed: 5 start(s), 2 end(s) (geo=281184, diaspora=True)
2026-09-25 12:43:31 [INFO] detector: Config updated remotely (keys=['SHABBAT_DETECTOR'])
2026-09-25 12:53:30 [INFO] shabbat_detector.hebcal_gate: Hebcal refreshed: 5 start(s), 2 end(s) (geo=281184, diaspora=True)
2026-09-25 12:54:22 [WARNING] shabbat_detector.cycle_analyzer: Unexpected: touched opposite terminal again in leg 2
2026-09-25 12:58:50 [WARNING] shabbat_detector.cycle_analyzer: Unexpected: touched opposite terminal again in leg 2
2026-09-25 13:03:48 [INFO] shabbat_detector.hebcal_gate: Hebcal refreshed: 5 start(s), 2 end(s) (geo=281184, diaspora=True)
2026-09-25 13:09:18 [WARNING] shabbat_detector.cycle_analyzer: Unexpected: touched opposite terminal again in leg 2
2026-09-25 13:10:16 [WARNING] shabbat_detector.cycle_analyzer: Unexpected: touched opposite terminal again in leg 2
2026-09-25 13:13:51 [INFO] shabbat_detector.hebcal_gate: Hebcal refreshed: 5 start(s), 2 end(s) (geo=281184, diaspora=True)
2026-09-25 13:20:03 [WARNING] shabbat_detector.cycle_analyzer: Unexpected: touched opposite terminal again in leg 2
2026-09-25 13:23:50 [INFO] shabbat_detector.hebcal_gate: Hebcal refreshed: 5 start(s), 2 end(s) (geo=281184, diaspora=True)
2026-09-25 13:28:21 [WARNING] shabbat_detector.cycle_analyzer: Unexpected: touched opposite terminal again in leg 2
2026-09-25 13:34:40 [INFO] shabbat_detector.hebcal_gate: Hebcal refreshed: 5 start(s), 2 end(s) (geo=281184, diaspora=True)
2026-09-25 13:35:30 [INFO] shabbat_detector.cycle_analyzer: Cycle complete: 3249s, up_stops=['-1', '2', '-1', '3', '-1', '5', '-1', '4', '3', '-1', '1', '-1', '1', '2', '11', '2', '-1', '-1', '-2', '-2', '-1', '0', '-1', '6', '4', '11', '5', '-1', '3', '-1', '6', '-1', '-2', '-1', '1', '8', '-1', '4', '-1', '3', '-1', '3', '-1', '-1', '3', '-1', '3', '-1', '5', '3', '-1', '10', '-1', '1', '-1'], down_stops=['10', '4', '2', '3', '-1', '6', '-1']
2026-09-25 13:35:30 [INFO] shabbat_detector.fsm: [A] DetectorState.CANDIDATE_SHABBAT → DetectorState.NORMAL
2026-09-25 13:35:30 [INFO] detector: SHABBAT TRANSITION CANDIDATE_SHABBAT -> NORMAL | סיבה: מחזור לא תאם - עצירות לא חוקיות בעלייה: ['1', '10', '11', '2', '3', '4', '5', '6', '8']; עצירות לא חוקיות בירידה: ['10', '2', '4', '6']; כיסוי קומות חלקי (עלייה 100%, ירידה 22%); קפיצות-אחורה (עלייה 26, ירידה 2); חזרות על קומות (עלייה 43, ירידה 1); 9 חריגות טיימינג
2026-09-25 13:36:01 [INFO] detector: Config updated remotely (keys=['SHABBAT_DETECTOR'])
2026-09-25 13:44:27 [INFO] shabbat_detector.hebcal_gate: Hebcal refreshed: 5 start(s), 2 end(s) (geo=281184, diaspora=True)
2026-09-25 13:47:28 [WARNING] shabbat_detector.cycle_analyzer: Unexpected: touched opposite terminal again in leg 2
2026-09-25 13:51:17 [WARNING] shabbat_detector.cycle_analyzer: Unexpected: touched opposite terminal again in leg 2
2026-09-25 13:55:03 [INFO] shabbat_detector.hebcal_gate: Hebcal refreshed: 5 start(s), 2 end(s) (geo=281184, diaspora=True)
2026-09-25 13:55:03 [WARNING] shabbat_detector.cycle_analyzer: Unexpected: touched opposite terminal again in leg 2
2026-09-25 14:03:28 [WARNING] shabbat_detector.cycle_analyzer: Unexpected: touched opposite terminal again in leg 2
2026-09-25 14:04:31 [WARNING] shabbat_detector.cycle_analyzer: Unexpected: touched opposite terminal again in leg 2
2026-09-25 14:04:51 [INFO] shabbat_detector.hebcal_gate: Hebcal refreshed: 5 start(s), 2 end(s) (geo=281184, diaspora=True)
2026-09-25 14:10:10 [INFO] shabbat_detector.cycle_analyzer: Cycle complete: 2070s, up_stops=['-2', '-1', '-1', '0', '-1', '1', '10', '4', '-1', '11', '-1', '4', '-1', '5', '-1', '10', '7', '1', '-1', '-2', '-1', '1', '3', '-1', '-1', '-1', '5', '-1', '4', '-1', '4', '-1', '3', '10', '6'], down_stops=['-1', '3', '-1', '10', '5', '-1', '5', '3', '-1', '1', '3', '-1', '5']
2026-09-25 14:10:10 [INFO] shabbat_detector.fsm: [A] DetectorState.NORMAL → DetectorState.CANDIDATE_SHABBAT
2026-09-25 14:10:10 [INFO] detector: SHABBAT TRANSITION NORMAL -> CANDIDATE_SHABBAT | סיבה: מחזור אפשרי החל - ממתין להשלמה
2026-09-25 14:10:10 [INFO] shabbat_detector.fsm: [A] DetectorState.CANDIDATE_SHABBAT → DetectorState.NORMAL
2026-09-25 14:10:10 [INFO] detector: SHABBAT TRANSITION CANDIDATE_SHABBAT -> NORMAL | סיבה: מחזור לא תאם - עצירות לא חוקיות בעלייה: ['1', '10', '11', '3', '4', '5', '6', '7']; עצירות לא חוקיות בירידה: ['10']; כיסוי קומות חלקי (עלייה 100%, ירידה 44%); קפיצות-אחורה (עלייה 15, ירידה 6); חזרות על קומות (עלייה 24, ירידה 8); 10 חריגות טיימינג
2026-09-25 14:10:10 [INFO] detector: Config updated remotely (keys=['SHABBAT_DETECTOR'])
2026-09-25 14:11:40 [INFO] detector: Config updated remotely (keys=['SHABBAT_DETECTOR'])
2026-09-25 14:15:00 [INFO] shabbat_detector.hebcal_gate: Hebcal refreshed: 5 start(s), 2 end(s) (geo=281184, diaspora=True)
2026-09-25 14:16:50 [INFO] shabbat_detector.firebase_client: SSE stream connecting: https://ramada-elev-default-rtdb.europe-west1.firebasedatabase.app/settings.json
2026-09-25 14:18:01 [WARNING] shabbat_detector.cycle_analyzer: Unexpected: touched opposite terminal again in leg 2
2026-09-25 14:23:45 [WARNING] shabbat_detector.cycle_analyzer: Unexpected: touched opposite terminal again in leg 2
2026-09-25 14:25:12 [INFO] shabbat_detector.hebcal_gate: Hebcal refreshed: 5 start(s), 2 end(s) (geo=281184, diaspora=True)
2026-09-25 14:30:32 [WARNING] shabbat_detector.cycle_analyzer: Unexpected: touched opposite terminal again in leg 2
2026-09-25 14:33:26 [WARNING] shabbat_detector.cycle_analyzer: Unexpected: touched opposite terminal again in leg 2
2026-09-25 14:37:21 [INFO] shabbat_detector.hebcal_gate: Hebcal refreshed: 5 start(s), 2 end(s) (geo=281184, diaspora=True)
2026-09-25 14:43:30 [WARNING] shabbat_detector.cycle_analyzer: Unexpected: touched opposite terminal again in leg 2
2026-09-25 14:47:01 [WARNING] shabbat_detector.cycle_analyzer: Unexpected: touched opposite terminal again in leg 2
2026-09-25 14:48:04 [INFO] shabbat_detector.hebcal_gate: Hebcal refreshed: 5 start(s), 2 end(s) (geo=281184, diaspora=True)
2026-09-25 14:49:23 [INFO] shabbat_detector.cycle_analyzer: Cycle complete: 2326s, up_stops=['-1', '-1', '7', '-1', '5', '-1', '5', '-1', '5', '11', '4', '10', '5', '-1', '1', '-1', '11', '-1', '7', '11', '-1', '-1', '5', '6', '-1', '6', '11', '2', '-1', '-1', '3', '7', '-1', '2'], down_stops=['5', '-1', '7', '-1', '5', '1', '-1', '-2']
2026-09-25 14:49:23 [INFO] shabbat_detector.fsm: [A] DetectorState.NORMAL → DetectorState.CANDIDATE_SHABBAT
2026-09-25 14:49:23 [INFO] detector: SHABBAT TRANSITION NORMAL -> CANDIDATE_SHABBAT | סיבה: מחזור אפשרי החל - ממתין להשלמה
2026-09-25 14:49:24 [INFO] shabbat_detector.fsm: [A] DetectorState.CANDIDATE_SHABBAT → DetectorState.NORMAL
2026-09-25 14:49:24 [INFO] detector: SHABBAT TRANSITION CANDIDATE_SHABBAT -> NORMAL | סיבה: מחזור לא תאם - עצירות לא חוקיות בעלייה: ['1', '10', '11', '2', '3', '4', '5', '6', '7']; כיסוי קומות חלקי (עלייה 33%, ירידה 56%); קפיצות-אחורה (עלייה 13, ירידה 2); חזרות על קומות (עלייה 24, ירידה 3); 8 חריגות טיימינג
2026-09-25 14:49:25 [INFO] detector: Config updated remotely (keys=['SHABBAT_DETECTOR'])
2026-09-25 14:50:24 [INFO] detector: Config updated remotely (keys=['SHABBAT_DETECTOR'])
2026-09-25 14:58:21 [INFO] shabbat_detector.cycle_analyzer: Cycle complete: 549s, up_stops=['-1', '6', '7', '-1', '3', '-1', '3', '4', '5', '-1'], down_stops=['6', '-1']
2026-09-25 14:58:21 [INFO] shabbat_detector.fsm: [A] DetectorState.NORMAL → DetectorState.CANDIDATE_SHABBAT
2026-09-25 14:58:21 [INFO] detector: SHABBAT TRANSITION NORMAL -> CANDIDATE_SHABBAT | סיבה: מחזור אפשרי החל - ממתין להשלמה
2026-09-25 14:58:21 [INFO] shabbat_detector.fsm: [A] DetectorState.CANDIDATE_SHABBAT → DetectorState.NORMAL
2026-09-25 14:58:21 [INFO] detector: SHABBAT TRANSITION CANDIDATE_SHABBAT -> NORMAL | סיבה: מחזור לא תאם - עצירות לא חוקיות בעלייה: ['3', '4', '5', '6', '7']; עצירות לא חוקיות בירידה: ['6']; כיסוי קומות חלקי (עלייה 33%, ירידה 11%); 6 חריגות טיימינג
2026-09-25 14:58:22 [INFO] detector: Config updated remotely (keys=['SHABBAT_DETECTOR'])
2026-09-25 14:58:25 [INFO] shabbat_detector.hebcal_gate: Hebcal refreshed: 5 start(s), 2 end(s) (geo=281184, diaspora=True)
2026-09-25 15:00:22 [INFO] detector: Config updated remotely (keys=['SHABBAT_DETECTOR'])
2026-09-25 15:02:36 [INFO] shabbat_detector.cycle_analyzer: Cycle aborted: returned to TOP without reaching BOTTOM
2026-09-25 15:02:36 [INFO] shabbat_detector.fsm: [A] DetectorState.NORMAL → DetectorState.CANDIDATE_SHABBAT
2026-09-25 15:02:36 [INFO] detector: SHABBAT TRANSITION NORMAL -> CANDIDATE_SHABBAT | סיבה: מחזור אפשרי החל - ממתין להשלמה
2026-09-25 15:03:37 [INFO] detector: Config updated remotely (keys=['SHABBAT_DETECTOR'])
2026-09-25 15:04:30 [WARNING] shabbat_detector.cycle_analyzer: Unexpected: touched opposite terminal again in leg 2
2026-09-25 15:10:00 [INFO] shabbat_detector.hebcal_gate: Hebcal refreshed: 5 start(s), 2 end(s) (geo=281184, diaspora=True)
2026-09-25 15:13:16 [INFO] shabbat_detector.cycle_analyzer: Cycle complete: 639s, up_stops=['-1', '2', '10', '6', '-1', '6', '3', '-1', '6', '11'], down_stops=[]
2026-09-25 15:13:16 [INFO] shabbat_detector.fsm: [A] DetectorState.CANDIDATE_SHABBAT → DetectorState.NORMAL
2026-09-25 15:13:16 [INFO] detector: SHABBAT TRANSITION CANDIDATE_SHABBAT -> NORMAL | סיבה: מחזור לא תאם - עצירות לא חוקיות בעלייה: ['10', '11', '2', '3', '6']; כיסוי קומות חלקי (עלייה 33%, ירידה 0%); 5 חריגות טיימינג
2026-09-25 15:15:46 [INFO] detector: Config updated remotely (keys=['SHABBAT_DETECTOR'])
2026-09-25 15:19:08 [INFO] shabbat_detector.cycle_analyzer: Elevator idle 440s - resetting cycle (was in _Phase.LEG_ONE)
2026-09-25 15:19:38 [INFO] shabbat_detector.hebcal_gate: Hebcal refreshed: 5 start(s), 2 end(s) (geo=281184, diaspora=True)
2026-09-25 15:20:28 [INFO] shabbat_detector.cycle_analyzer: Cycle aborted: returned to TOP without reaching BOTTOM
2026-09-25 15:20:28 [INFO] shabbat_detector.fsm: [A] DetectorState.NORMAL → DetectorState.CANDIDATE_SHABBAT
2026-09-25 15:20:28 [INFO] detector: SHABBAT TRANSITION NORMAL -> CANDIDATE_SHABBAT | סיבה: מחזור אפשרי החל - ממתין להשלמה
2026-09-25 15:20:58 [INFO] detector: Config updated remotely (keys=['SHABBAT_DETECTOR'])
2026-09-25 15:25:46 [WARNING] shabbat_detector.cycle_analyzer: Unexpected: touched opposite terminal again in leg 2
2026-09-25 15:30:36 [WARNING] shabbat_detector.cycle_analyzer: Unexpected: touched opposite terminal again in leg 2
2026-09-25 15:30:39 [INFO] shabbat_detector.hebcal_gate: Hebcal refreshed: 5 start(s), 2 end(s) (geo=281184, diaspora=True)
2026-09-25 15:33:01 [INFO] shabbat_detector.cycle_analyzer: Cycle complete: 679s, up_stops=['-1', '4', '-1', '2', '1', '-1', '3', '2', '-1', '-1', '3'], down_stops=['-1', '5']
2026-09-25 15:33:01 [INFO] shabbat_detector.fsm: [A] DetectorState.CANDIDATE_SHABBAT → DetectorState.NORMAL
2026-09-25 15:33:01 [INFO] detector: SHABBAT TRANSITION CANDIDATE_SHABBAT -> NORMAL | סיבה: מחזור לא תאם - עצירות לא חוקיות בעלייה: ['1', '2', '3', '4']; כיסוי קומות חלקי (עלייה 33%, ירידה 22%); קפיצות-אחורה (עלייה 5, ירידה 1); 6 חריגות טיימינג
2026-09-25 15:34:01 [INFO] detector: Config updated remotely (keys=['SHABBAT_DETECTOR'])
2026-09-25 15:38:13 [WARNING] shabbat_detector.cycle_analyzer: Unexpected: touched opposite terminal again in leg 2
2026-09-25 15:38:42 [INFO] shabbat_detector.cycle_analyzer: Cycle complete: 416s, up_stops=['-1', '5', '2', '-1', '6', '2'], down_stops=['-1']
2026-09-25 15:38:42 [INFO] shabbat_detector.fsm: [A] DetectorState.NORMAL → DetectorState.CANDIDATE_SHABBAT
2026-09-25 15:38:42 [INFO] detector: SHABBAT TRANSITION NORMAL -> CANDIDATE_SHABBAT | סיבה: מחזור אפשרי החל - ממתין להשלמה
2026-09-25 15:38:42 [INFO] shabbat_detector.fsm: [A] DetectorState.CANDIDATE_SHABBAT → DetectorState.NORMAL
2026-09-25 15:38:42 [INFO] detector: SHABBAT TRANSITION CANDIDATE_SHABBAT -> NORMAL | סיבה: מחזור לא תאם - עצירות לא חוקיות בעלייה: ['2', '5', '6']; כיסוי קומות חלקי (עלייה 33%, ירידה 11%); 3 חריגות טיימינג
2026-09-25 15:38:43 [INFO] detector: Config updated remotely (keys=['SHABBAT_DETECTOR'])
2026-09-25 15:40:19 [INFO] shabbat_detector.cycle_analyzer: Cycle aborted: returned to TOP without reaching BOTTOM
2026-09-25 15:40:19 [INFO] shabbat_detector.fsm: [A] DetectorState.NORMAL → DetectorState.CANDIDATE_SHABBAT
2026-09-25 15:40:19 [INFO] detector: SHABBAT TRANSITION NORMAL -> CANDIDATE_SHABBAT | סיבה: מחזור אפשרי החל - ממתין להשלמה
2026-09-25 15:40:20 [INFO] detector: Config updated remotely (keys=['SHABBAT_DETECTOR'])
2026-09-25 15:40:42 [INFO] shabbat_detector.hebcal_gate: Hebcal refreshed: 5 start(s), 2 end(s) (geo=281184, diaspora=True)
2026-09-25 15:41:50 [INFO] detector: Config updated remotely (keys=['SHABBAT_DETECTOR'])
2026-09-25 15:45:36 [INFO] shabbat_detector.cycle_analyzer: Cycle recovered (missed BOTTOM-terminal read): 314s, up_stops=['-1', '10', '-1', '3', '4', '-1', '2', '1'], down_stops=['-1', '-2']
2026-09-25 15:45:36 [INFO] shabbat_detector.fsm: [A] DetectorState.CANDIDATE_SHABBAT → DetectorState.NORMAL
2026-09-25 15:45:36 [INFO] detector: SHABBAT TRANSITION CANDIDATE_SHABBAT -> NORMAL | סיבה: מחזור לא תאם - עצירות לא חוקיות בעלייה: ['1', '10', '2', '3', '4']; כיסוי קומות חלקי (עלייה 33%, ירידה 22%); 6 חריגות טיימינג
2026-09-25 15:47:36 [INFO] detector: Config updated remotely (keys=['SHABBAT_DETECTOR'])
2026-09-25 15:50:24 [INFO] shabbat_detector.cycle_analyzer: Cycle complete: 289s, up_stops=['-1'], down_stops=['-1', '4', '5', '2', '-1', '3']
2026-09-25 15:50:24 [INFO] shabbat_detector.fsm: [A] DetectorState.NORMAL → DetectorState.CANDIDATE_SHABBAT
2026-09-25 15:50:24 [INFO] detector: SHABBAT TRANSITION NORMAL -> CANDIDATE_SHABBAT | סיבה: מחזור אפשרי החל - ממתין להשלמה
2026-09-25 15:50:24 [INFO] shabbat_detector.fsm: [A] DetectorState.CANDIDATE_SHABBAT → DetectorState.NORMAL
2026-09-25 15:50:24 [INFO] detector: SHABBAT TRANSITION CANDIDATE_SHABBAT -> NORMAL | סיבה: מחזור לא תאם - עצירות לא חוקיות בירידה: ['2', '4']; כיסוי קומות חלקי (עלייה 33%, ירידה 33%); 3 חריגות טיימינג
2026-09-25 15:50:24 [INFO] detector: Config updated remotely (keys=['SHABBAT_DETECTOR'])
2026-09-25 15:50:44 [INFO] shabbat_detector.hebcal_gate: Hebcal refreshed: 5 start(s), 2 end(s) (geo=281184, diaspora=True)
2026-09-25 15:50:54 [INFO] detector: Config updated remotely (keys=['SHABBAT_DETECTOR'])
2026-09-25 15:55:38 [WARNING] shabbat_detector.cycle_analyzer: Unexpected: touched opposite terminal again in leg 2
2026-09-25 15:56:11 [INFO] shabbat_detector.cycle_analyzer: Cycle complete: 349s, up_stops=['-1', '4'], down_stops=['10', '-1', '4', '-1', '2', '4', '-1']
2026-09-25 15:56:11 [INFO] shabbat_detector.fsm: [A] DetectorState.NORMAL → DetectorState.CANDIDATE_SHABBAT
2026-09-25 15:56:11 [INFO] detector: SHABBAT TRANSITION NORMAL -> CANDIDATE_SHABBAT | סיבה: מחזור אפשרי החל - ממתין להשלמה
2026-09-25 15:56:11 [INFO] shabbat_detector.fsm: [A] DetectorState.CANDIDATE_SHABBAT → DetectorState.NORMAL
2026-09-25 15:56:11 [INFO] detector: SHABBAT TRANSITION CANDIDATE_SHABBAT -> NORMAL | סיבה: מחזור לא תאם - עצירות לא חוקיות בעלייה: ['4']; עצירות לא חוקיות בירידה: ['10', '2', '4']; כיסוי קומות חלקי (עלייה 33%, ירידה 11%); 3 חריגות טיימינג
2026-09-25 15:56:12 [INFO] detector: Config updated remotely (keys=['SHABBAT_DETECTOR'])
2026-09-25 15:58:12 [INFO] detector: Config updated remotely (keys=['SHABBAT_DETECTOR'])
2026-09-25 16:00:14 [INFO] shabbat_detector.cycle_analyzer: Cycle aborted: returned to TOP without reaching BOTTOM
2026-09-25 16:00:14 [INFO] shabbat_detector.fsm: [A] DetectorState.NORMAL → DetectorState.CANDIDATE_SHABBAT
2026-09-25 16:00:14 [INFO] detector: SHABBAT TRANSITION NORMAL -> CANDIDATE_SHABBAT | סיבה: מחזור אפשרי החל - ממתין להשלמה
2026-09-25 16:00:45 [INFO] detector: Config updated remotely (keys=['SHABBAT_DETECTOR'])
2026-09-25 16:01:27 [INFO] shabbat_detector.hebcal_gate: Hebcal refreshed: 5 start(s), 2 end(s) (geo=281184, diaspora=True)
2026-09-25 16:02:37 [INFO] shabbat_detector.cycle_analyzer: Cycle aborted: returned to TOP without reaching BOTTOM
2026-09-25 16:04:49 [INFO] shabbat_detector.cycle_analyzer: Cycle aborted: returned to TOP without reaching BOTTOM
2026-09-25 16:09:23 [WARNING] shabbat_detector.cycle_analyzer: Unexpected: touched opposite terminal again in leg 2
2026-09-25 16:10:53 [WARNING] shabbat_detector.cycle_analyzer: Unexpected: touched opposite terminal again in leg 2
2026-09-25 16:11:33 [INFO] shabbat_detector.hebcal_gate: Hebcal refreshed: 5 start(s), 2 end(s) (geo=281184, diaspora=True)
2026-09-25 16:14:26 [WARNING] shabbat_detector.cycle_analyzer: Unexpected: touched opposite terminal again in leg 2
2026-09-25 16:14:26 [WARNING] shabbat_detector.firebase_client: Elevator stream reconnecting in 1s
2026-09-25 16:14:27 [INFO] shabbat_detector.firebase_client: SSE stream connecting: https://ramada-elev-default-rtdb.europe-west1.firebasedatabase.app/elevators/A.json
2026-09-25 16:17:26 [WARNING] shabbat_detector.cycle_analyzer: Unexpected: touched opposite terminal again in leg 2
2026-09-25 16:19:01 [WARNING] shabbat_detector.cycle_analyzer: Unexpected: touched opposite terminal again in leg 2
2026-09-25 16:21:38 [INFO] shabbat_detector.hebcal_gate: Hebcal refreshed: 5 start(s), 2 end(s) (geo=281184, diaspora=True)
2026-09-25 16:23:23 [WARNING] shabbat_detector.cycle_analyzer: Unexpected: touched opposite terminal again in leg 2
2026-09-25 16:24:58 [INFO] shabbat_detector.firebase_client: SSE stream connecting: https://ramada-elev-default-rtdb.europe-west1.firebasedatabase.app/elevator_configs/A.json
2026-09-25 16:25:59 [INFO] detector: Config updated remotely (keys=['AUTO_LEARN_CONFIG', 'BOTTOM_FLOOR', 'FLOOR_WAITS', 'SHABBAT_ACTIVE', 'SHABBAT_BREAK_ACTIVE', 'SHABBAT_DETECTOR', 'SHABBAT_MODE', 'STOPPING_FLOORS', 'STOPPING_FLOORS_DOWN', 'STOPPING_FLOORS_UP', 'TIME_PASS_FLOOR', 'TIME_PER_FLOOR', 'TOP_FLOOR', 'VISIBLE_FLOORS', 'secret_key'])
2026-09-25 16:28:01 [INFO] shabbat_detector.cycle_analyzer: Cycle complete: 1400s, up_stops=['-1', '6', '3', '0', '-1', '1', '-1', '-1', '1', '10', '3', '-1', '-1', '5', '10', '2', '-1', '6', '-2', '-1', '2', '4', '2', '-1', '3', '-1', '-1', '7', '3', '-1', '11'], down_stops=['10', '-1', '-2']
2026-09-25 16:28:01 [INFO] shabbat_detector.fsm: [A] DetectorState.CANDIDATE_SHABBAT → DetectorState.NORMAL
2026-09-25 16:28:01 [INFO] detector: SHABBAT TRANSITION CANDIDATE_SHABBAT -> NORMAL | סיבה: מחזור לא תאם - עצירות לא חוקיות בעלייה: ['1', '10', '11', '2', '3', '4', '5', '6', '7']; עצירות לא חוקיות בירידה: ['10']; כיסוי קומות חלקי (עלייה 100%, ירידה 22%); קפיצות-אחורה (עלייה 14, ירידה 0); חזרות על קומות (עלייה 19, ירידה 0); 11 חריגות טיימינג
2026-09-25 16:30:01 [INFO] detector: Config updated remotely (keys=['SHABBAT_DETECTOR'])
2026-09-25 16:31:58 [INFO] shabbat_detector.hebcal_gate: Hebcal refreshed: 5 start(s), 2 end(s) (geo=281184, diaspora=True)
2026-09-25 16:33:09 [INFO] shabbat_detector.cycle_analyzer: Cycle complete: 273s, up_stops=['-1', '0'], down_stops=['1', '-1', '1', '-1', '5']
2026-09-25 16:33:09 [INFO] shabbat_detector.fsm: [A] DetectorState.NORMAL → DetectorState.CANDIDATE_SHABBAT
2026-09-25 16:33:09 [INFO] detector: SHABBAT TRANSITION NORMAL -> CANDIDATE_SHABBAT | סיבה: מחזור אפשרי החל - ממתין להשלמה
2026-09-25 16:33:10 [INFO] shabbat_detector.fsm: [A] DetectorState.CANDIDATE_SHABBAT → DetectorState.NORMAL
2026-09-25 16:33:10 [INFO] detector: SHABBAT TRANSITION CANDIDATE_SHABBAT -> NORMAL | סיבה: מחזור לא תאם - כיסוי קומות חלקי (עלייה 67%, ירידה 33%); 3 חריגות טיימינג
2026-09-25 16:33:11 [INFO] detector: Config updated remotely (keys=['SHABBAT_DETECTOR'])
2026-09-25 16:34:40 [INFO] detector: Config updated remotely (keys=['SHABBAT_DETECTOR'])
2026-09-25 16:34:49 [INFO] shabbat_detector.cycle_analyzer: Cycle complete: 144s, up_stops=['2', '3'], down_stops=[]
2026-09-25 16:34:49 [INFO] shabbat_detector.fsm: [A] DetectorState.NORMAL → DetectorState.CANDIDATE_SHABBAT
2026-09-25 16:34:49 [INFO] detector: SHABBAT TRANSITION NORMAL -> CANDIDATE_SHABBAT | סיבה: מחזור אפשרי החל - ממתין להשלמה
2026-09-25 16:34:49 [INFO] shabbat_detector.fsm: [A] DetectorState.CANDIDATE_SHABBAT → DetectorState.NORMAL
2026-09-25 16:34:49 [INFO] detector: SHABBAT TRANSITION CANDIDATE_SHABBAT -> NORMAL | סיבה: מחזור לא תאם - עצירות לא חוקיות בעלייה: ['2', '3']; כיסוי קומות חלקי (עלייה 0%, ירידה 0%); 2 חריגות טיימינג
2026-09-25 16:34:49 [INFO] detector: Config updated remotely (keys=['SHABBAT_DETECTOR'])
2026-09-25 16:36:19 [INFO] detector: Config updated remotely (keys=['SHABBAT_DETECTOR'])
2026-09-25 16:41:54 [INFO] shabbat_detector.hebcal_gate: Hebcal refreshed: 5 start(s), 2 end(s) (geo=281184, diaspora=True)
2026-09-25 16:42:23 [INFO] shabbat_detector.firebase_client: SSE stream connecting: https://ramada-elev-default-rtdb.europe-west1.firebasedatabase.app/settings.json
2026-09-25 16:42:58 [INFO] shabbat_detector.firebase_client: SSE stream connecting: https://ramada-elev-default-rtdb.europe-west1.firebasedatabase.app/elevator_configs/A.json
2026-09-25 16:43:05 [INFO] shabbat_detector.cycle_analyzer: Cycle complete: 482s, up_stops=['-1', '7', '-1', '1', '11', '-1', '10', '6', '-1'], down_stops=['10']
2026-09-25 16:43:05 [INFO] shabbat_detector.fsm: [A] DetectorState.NORMAL → DetectorState.CANDIDATE_SHABBAT
2026-09-25 16:43:05 [INFO] detector: SHABBAT TRANSITION NORMAL -> CANDIDATE_SHABBAT | סיבה: מחזור אפשרי החל - ממתין להשלמה
2026-09-25 16:43:05 [INFO] shabbat_detector.fsm: [A] DetectorState.CANDIDATE_SHABBAT → DetectorState.NORMAL
2026-09-25 16:43:05 [INFO] detector: SHABBAT TRANSITION CANDIDATE_SHABBAT -> NORMAL | סיבה: מחזור לא תאם - עצירות לא חוקיות בעלייה: ['1', '10', '11', '6', '7']; עצירות לא חוקיות בירידה: ['10']; כיסוי קומות חלקי (עלייה 33%, ירידה 0%); 5 חריגות טיימינג
2026-09-25 16:43:07 [INFO] detector: Config updated remotely (keys=['AUTO_LEARN_CONFIG', 'BOTTOM_FLOOR', 'FLOOR_WAITS', 'SHABBAT_ACTIVE', 'SHABBAT_BREAK_ACTIVE', 'SHABBAT_DETECTOR', 'SHABBAT_MODE', 'STOPPING_FLOORS', 'STOPPING_FLOORS_DOWN', 'STOPPING_FLOORS_UP', 'TIME_PASS_FLOOR', 'TIME_PER_FLOOR', 'TOP_FLOOR', 'VISIBLE_FLOORS', 'secret_key'])
2026-09-25 16:43:07 [INFO] detector: Config updated remotely (keys=['SHABBAT_DETECTOR'])
2026-09-25 16:44:07 [INFO] detector: Config updated remotely (keys=['SHABBAT_DETECTOR'])
2026-09-25 16:44:35 [INFO] shabbat_detector.cycle_analyzer: Cycle aborted: returned to TOP without reaching BOTTOM
2026-09-25 16:44:35 [INFO] shabbat_detector.fsm: [A] DetectorState.NORMAL → DetectorState.CANDIDATE_SHABBAT
2026-09-25 16:44:35 [INFO] detector: SHABBAT TRANSITION NORMAL -> CANDIDATE_SHABBAT | סיבה: מחזור אפשרי החל - ממתין להשלמה
2026-09-25 16:45:35 [INFO] detector: Config updated remotely (keys=['SHABBAT_DETECTOR'])
2026-09-25 16:46:52 [INFO] shabbat_detector.cycle_analyzer: Cycle aborted: returned to TOP without reaching BOTTOM
2026-09-25 16:51:13 [WARNING] shabbat_detector.cycle_analyzer: Unexpected: touched opposite terminal again in leg 2
2026-09-25 16:52:00 [INFO] shabbat_detector.hebcal_gate: Hebcal refreshed: 5 start(s), 2 end(s) (geo=281184, diaspora=True)
2026-09-25 16:58:01 [WARNING] shabbat_detector.cycle_analyzer: Unexpected: touched opposite terminal again in leg 2
2026-09-25 17:00:17 [WARNING] shabbat_detector.cycle_analyzer: Unexpected: touched opposite terminal again in leg 2
2026-09-25 17:01:03 [INFO] shabbat_detector.cycle_analyzer: Cycle complete: 876s, up_stops=['-1', '3', '1', '-1', '3', '4', '-1', '1', '-2', '-1', '1', '11', '-1', '3', '3', '5', '-1', '2', '-1', '5'], down_stops=['-2']
2026-09-25 17:01:03 [INFO] shabbat_detector.fsm: [A] DetectorState.CANDIDATE_SHABBAT → DetectorState.NORMAL
2026-09-25 17:01:03 [INFO] detector: SHABBAT TRANSITION CANDIDATE_SHABBAT -> NORMAL | סיבה: מחזור לא תאם - עצירות לא חוקיות בעלייה: ['1', '11', '2', '3', '4', '5']; כיסוי קומות חלקי (עלייה 67%, ירידה 11%); קפיצות-אחורה (עלייה 7, ירידה 0); חזרות על קומות (עלייה 12, ירידה 0); 7 חריגות טיימינג
2026-09-25 17:01:33 [INFO] detector: Config updated remotely (keys=['SHABBAT_DETECTOR'])
2026-09-25 17:02:05 [INFO] shabbat_detector.hebcal_gate: Hebcal refreshed: 5 start(s), 2 end(s) (geo=281184, diaspora=True)
2026-09-25 17:03:07 [INFO] shabbat_detector.cycle_analyzer: Cycle aborted: returned to TOP without reaching BOTTOM
2026-09-25 17:03:07 [INFO] shabbat_detector.fsm: [A] DetectorState.NORMAL → DetectorState.CANDIDATE_SHABBAT
2026-09-25 17:03:07 [INFO] detector: SHABBAT TRANSITION NORMAL -> CANDIDATE_SHABBAT | סיבה: מחזור אפשרי החל - ממתין להשלמה
2026-09-25 17:04:38 [INFO] detector: Config updated remotely (keys=['SHABBAT_DETECTOR'])
2026-09-25 17:12:08 [INFO] shabbat_detector.hebcal_gate: Hebcal refreshed: 5 start(s), 2 end(s) (geo=281184, diaspora=True)
2026-09-25 17:14:03 [INFO] shabbat_detector.cycle_analyzer: Cycle complete: 659s, up_stops=['-1', '6', '5', '-1', '10', '-1'], down_stops=['2', '-1', '10', '6', '-1', '1']
2026-09-25 17:14:03 [INFO] shabbat_detector.fsm: [A] DetectorState.CANDIDATE_SHABBAT → DetectorState.NORMAL
2026-09-25 17:14:03 [INFO] detector: SHABBAT TRANSITION CANDIDATE_SHABBAT -> NORMAL | סיבה: מחזור לא תאם - עצירות לא חוקיות בעלייה: ['10', '5', '6']; עצירות לא חוקיות בירידה: ['10', '2', '6']; כיסוי קומות חלקי (עלייה 33%, ירידה 22%); 4 חריגות טיימינג
2026-09-25 17:15:04 [INFO] detector: Config updated remotely (keys=['SHABBAT_DETECTOR'])
2026-09-25 17:22:21 [INFO] shabbat_detector.hebcal_gate: Hebcal refreshed: 5 start(s), 2 end(s) (geo=281184, diaspora=True)
2026-09-25 17:27:31 [INFO] shabbat_detector.cycle_analyzer: Cycle complete: 805s, up_stops=['-1', '4', '-1', '3'], down_stops=['2', '1', '-1', '1', '5', '4', '-1', '6', '-1', '10', '-1', '7', '-1']
2026-09-25 17:27:31 [INFO] shabbat_detector.fsm: [A] DetectorState.NORMAL → DetectorState.CANDIDATE_SHABBAT
2026-09-25 17:27:31 [INFO] detector: SHABBAT TRANSITION NORMAL -> CANDIDATE_SHABBAT | סיבה: מחזור אפשרי החל - ממתין להשלמה
2026-09-25 17:27:31 [INFO] shabbat_detector.fsm: [A] DetectorState.CANDIDATE_SHABBAT → DetectorState.NORMAL
2026-09-25 17:27:31 [INFO] detector: SHABBAT TRANSITION CANDIDATE_SHABBAT -> NORMAL | סיבה: מחזור לא תאם - עצירות לא חוקיות בעלייה: ['3', '4']; עצירות לא חוקיות בירידה: ['10', '2', '4', '6']; כיסוי קומות חלקי (עלייה 33%, ירידה 44%); קפיצות-אחורה (עלייה 1, ירידה 5); 7 חריגות טיימינג
2026-09-25 17:27:32 [INFO] detector: Config updated remotely (keys=['SHABBAT_DETECTOR'])
2026-09-25 17:29:32 [INFO] detector: Config updated remotely (keys=['SHABBAT_DETECTOR'])
2026-09-25 17:34:14 [INFO] shabbat_detector.hebcal_gate: Hebcal refreshed: 5 start(s), 2 end(s) (geo=281184, diaspora=True)
2026-09-25 17:37:34 [INFO] shabbat_detector.cycle_analyzer: Cycle aborted: returned to TOP without reaching BOTTOM
2026-09-25 17:37:34 [INFO] shabbat_detector.fsm: [A] DetectorState.NORMAL → DetectorState.CANDIDATE_SHABBAT
2026-09-25 17:37:34 [INFO] detector: SHABBAT TRANSITION NORMAL -> CANDIDATE_SHABBAT | סיבה: מחזור אפשרי החל - ממתין להשלמה
2026-09-25 17:38:34 [INFO] detector: Config updated remotely (keys=['SHABBAT_DETECTOR'])
2026-09-25 17:44:01 [INFO] shabbat_detector.cycle_analyzer: Cycle aborted: returned to TOP without reaching BOTTOM
2026-09-25 17:44:10 [INFO] shabbat_detector.hebcal_gate: Hebcal refreshed: 5 start(s), 2 end(s) (geo=281184, diaspora=True)
2026-09-25 17:45:14 [INFO] shabbat_detector.cycle_analyzer: Cycle aborted: returned to TOP without reaching BOTTOM
2026-09-25 17:47:10 [INFO] shabbat_detector.cycle_analyzer: Cycle aborted: returned to TOP without reaching BOTTOM
2026-09-25 17:49:51 [INFO] shabbat_detector.cycle_analyzer: Cycle recovered (missed BOTTOM-terminal read): 169s, up_stops=[], down_stops=['10', '3', '2', '1', '0', '-1', '-2']
2026-09-25 17:49:51 [INFO] shabbat_detector.fsm: [A] DetectorState.CANDIDATE_SHABBAT → DetectorState.NORMAL
2026-09-25 17:49:51 [INFO] detector: SHABBAT TRANSITION CANDIDATE_SHABBAT -> NORMAL | סיבה: מחזור לא תאם - עצירות לא חוקיות בירידה: ['10', '2']; כיסוי קומות חלקי (עלייה 0%, ירידה 56%); 4 חריגות טיימינג
2026-09-25 17:50:21 [INFO] detector: Config updated remotely (keys=['SHABBAT_DETECTOR'])
2026-09-25 17:53:08 [INFO] shabbat_detector.cycle_analyzer: Cycle aborted: returned to TOP without reaching BOTTOM
2026-09-25 17:53:08 [INFO] shabbat_detector.fsm: [A] DetectorState.NORMAL → DetectorState.CANDIDATE_SHABBAT
2026-09-25 17:53:08 [INFO] detector: SHABBAT TRANSITION NORMAL -> CANDIDATE_SHABBAT | סיבה: מחזור אפשרי החל - ממתין להשלמה
2026-09-25 17:53:38 [INFO] detector: Config updated remotely (keys=['SHABBAT_DETECTOR'])
2026-09-25 17:54:55 [INFO] shabbat_detector.hebcal_gate: Hebcal refreshed: 5 start(s), 2 end(s) (geo=281184, diaspora=True)
2026-09-25 17:57:20 [INFO] shabbat_detector.cycle_analyzer: Cycle recovered (missed BOTTOM-terminal read): 254s, up_stops=['-1', '2', '10'], down_stops=['10', '6', '5', '4', '3', '0', '-1', '-2']
2026-09-25 17:57:20 [INFO] shabbat_detector.fsm: [A] DetectorState.CANDIDATE_SHABBAT → DetectorState.NORMAL
2026-09-25 17:57:20 [INFO] detector: SHABBAT TRANSITION CANDIDATE_SHABBAT -> NORMAL | סיבה: מחזור לא תאם - עצירות לא חוקיות בעלייה: ['10', '2']; עצירות לא חוקיות בירידה: ['10', '4', '6']; כיסוי קומות חלקי (עלייה 33%, ירידה 56%); 3 חריגות טיימינג
2026-09-25 17:58:20 [INFO] detector: Config updated remotely (keys=['SHABBAT_DETECTOR'])
2026-09-25 17:58:25 [INFO] shabbat_detector.firebase_client: SSE stream connecting: https://ramada-elev-default-rtdb.europe-west1.firebasedatabase.app/settings.json
2026-09-25 18:00:54 [INFO] shabbat_detector.cycle_analyzer: Cycle aborted: returned to TOP without reaching BOTTOM
2026-09-25 18:00:54 [INFO] shabbat_detector.fsm: [A] DetectorState.NORMAL → DetectorState.CANDIDATE_SHABBAT
2026-09-25 18:00:54 [INFO] detector: SHABBAT TRANSITION NORMAL -> CANDIDATE_SHABBAT | סיבה: מחזור אפשרי החל - ממתין להשלמה
2026-09-25 18:01:24 [INFO] detector: Config updated remotely (keys=['SHABBAT_DETECTOR'])
2026-09-25 18:03:37 [INFO] shabbat_detector.cycle_analyzer: Cycle complete: 161s, up_stops=[], down_stops=['11', '6', '3', '-1', '-2']
2026-09-25 18:03:37 [INFO] shabbat_detector.fsm: [A] DetectorState.CANDIDATE_SHABBAT → DetectorState.NORMAL
2026-09-25 18:03:37 [INFO] detector: SHABBAT TRANSITION CANDIDATE_SHABBAT -> NORMAL | סיבה: מחזור לא תאם - עצירות לא חוקיות בירידה: ['6']; כיסוי קומות חלקי (עלייה 0%, ירידה 44%); 2 חריגות טיימינג
2026-09-25 18:04:37 [INFO] detector: Config updated remotely (keys=['SHABBAT_DETECTOR'])
2026-09-25 18:04:40 [INFO] shabbat_detector.hebcal_gate: Hebcal refreshed: 5 start(s), 2 end(s) (geo=281184, diaspora=True)
2026-09-25 18:07:52 [INFO] shabbat_detector.cycle_analyzer: Cycle recovered (missed BOTTOM-terminal read): 257s, up_stops=['-1', '0', '1', '2'], down_stops=['10', '7', '6', '5', '3', '0', '-1', '-2']
2026-09-25 18:07:52 [INFO] shabbat_detector.fsm: [A] DetectorState.NORMAL → DetectorState.CANDIDATE_SHABBAT
2026-09-25 18:07:52 [INFO] detector: SHABBAT TRANSITION NORMAL -> CANDIDATE_SHABBAT | סיבה: מחזור אפשרי החל - ממתין להשלמה
2026-09-25 18:07:52 [INFO] shabbat_detector.fsm: [A] DetectorState.CANDIDATE_SHABBAT → DetectorState.SHABBAT
2026-09-25 18:07:52 [INFO] detector: SHABBAT TRANSITION CANDIDATE_SHABBAT -> SHABBAT | סיבה: נכנס למצב שבת - מחזור תאם הגדרות: כיסוי עלייה 67% / ירידה 67%, נסיעה רצופה (0 קפיצות-אחורה), משך 257.0s (0.5× הצפוי 510.0s), 4 חריגות טיימינג
2026-09-25 18:07:53 [INFO] detector: AutoLearner: suggestion from 3326 cycles (consistency=0.96, cv=0.099)
2026-09-25 18:07:53 [INFO] detector: Config updated remotely (keys=['SHABBAT_DETECTOR'])
2026-09-25 18:07:53 [INFO] detector: Config updated remotely (keys=['SHABBAT_DETECTOR', 'SHABBAT_ACTIVE'])
2026-09-25 18:10:23 [INFO] detector: Config updated remotely (keys=['SHABBAT_DETECTOR'])
2026-09-25 18:11:47 [INFO] shabbat_detector.cycle_analyzer: Cycle aborted: returned to TOP without reaching BOTTOM
2026-09-25 18:14:46 [INFO] shabbat_detector.hebcal_gate: Hebcal refreshed: 5 start(s), 2 end(s) (geo=281184, diaspora=True)
2026-09-25 18:14:46 [INFO] shabbat_detector.cycle_analyzer: Cycle complete: 181s, up_stops=['-1', '1'], down_stops=['6', '4', '2', '-1', '-2']
2026-09-25 18:16:46 [INFO] detector: Config updated remotely (keys=['SHABBAT_DETECTOR'])
2026-09-25 18:21:10 [INFO] shabbat_detector.cycle_analyzer: Cycle aborted: returned to TOP without reaching BOTTOM
2026-09-25 18:24:48 [INFO] shabbat_detector.hebcal_gate: Hebcal refreshed: 5 start(s), 2 end(s) (geo=281184, diaspora=True)
2026-09-25 18:27:58 [INFO] shabbat_detector.cycle_analyzer: Cycle recovered (missed BOTTOM-terminal read): 405s, up_stops=['-1', '1'], down_stops=['10', '6', '2', '1', '0', '-1', '0', '1', '6', '4', '3', '-1', '3', '-1', '-2']
2026-09-25 18:28:58 [INFO] detector: Config updated remotely (keys=['SHABBAT_DETECTOR'])
2026-09-25 18:29:51 [INFO] shabbat_detector.cycle_analyzer: Cycle aborted: returned to TOP without reaching BOTTOM
2026-09-25 18:32:44 [INFO] shabbat_detector.cycle_analyzer: Cycle aborted: returned to TOP without reaching BOTTOM
2026-09-25 18:34:50 [INFO] shabbat_detector.hebcal_gate: Hebcal refreshed: 5 start(s), 2 end(s) (geo=281184, diaspora=True)
2026-09-25 18:40:26 [INFO] shabbat_detector.cycle_analyzer: Cycle complete: 486s, up_stops=['-2', '-1', '0'], down_stops=['11', '9', '7', '5', '3', '1', '0', '-1', '-2']
2026-09-25 18:40:26 [INFO] detector: AutoLearner: suggestion from 3327 cycles (consistency=0.96, cv=0.099)
2026-09-25 18:40:27 [INFO] detector: Config updated remotely (keys=['SHABBAT_DETECTOR'])
2026-09-25 18:41:26 [INFO] detector: Config updated remotely (keys=['SHABBAT_DETECTOR'])
2026-09-25 18:44:51 [INFO] shabbat_detector.hebcal_gate: Hebcal refreshed: 5 start(s), 2 end(s) (geo=281184, diaspora=True)
2026-09-25 18:48:33 [INFO] shabbat_detector.cycle_analyzer: Cycle complete: 485s, up_stops=['-2', '-1', '0'], down_stops=['11', '9', '7', '5', '3', '1', '0', '-1', '-2']
2026-09-25 18:48:34 [INFO] detector: AutoLearner: suggestion from 3328 cycles (consistency=0.96, cv=0.099)
2026-09-25 18:48:34 [INFO] detector: Config updated remotely (keys=['SHABBAT_DETECTOR'])
2026-09-25 18:49:04 [INFO] detector: Config updated remotely (keys=['SHABBAT_DETECTOR'])
2026-09-25 18:54:53 [INFO] shabbat_detector.hebcal_gate: Hebcal refreshed: 5 start(s), 2 end(s) (geo=281184, diaspora=True)
2026-09-25 18:57:04 [INFO] shabbat_detector.cycle_analyzer: Cycle complete: 484s, up_stops=['-2', '-1', '0'], down_stops=['11', '9', '7', '5', '3', '1', '0', '-1', '-2']
2026-09-25 18:57:05 [INFO] detector: AutoLearner: suggestion from 3329 cycles (consistency=0.96, cv=0.099)
2026-09-25 18:57:06 [INFO] detector: Config updated remotely (keys=['SHABBAT_DETECTOR'])
2026-09-25 18:59:05 [INFO] detector: Config updated remotely (keys=['SHABBAT_DETECTOR'])
2026-09-25 19:04:54 [INFO] shabbat_detector.hebcal_gate: Hebcal refreshed: 5 start(s), 2 end(s) (geo=281184, diaspora=True)
2026-09-25 19:05:18 [INFO] shabbat_detector.cycle_analyzer: Cycle complete: 498s, up_stops=['-2', '-1', '0'], down_stops=['11', '9', '7', '5', '3', '1', '0', '-1', '-2']
2026-09-25 19:05:19 [INFO] detector: AutoLearner: suggestion from 3330 cycles (consistency=0.96, cv=0.099)
2026-09-25 19:05:20 [INFO] detector: Config updated remotely (keys=['SHABBAT_DETECTOR'])
2026-09-25 19:07:19 [INFO] detector: Config updated remotely (keys=['SHABBAT_DETECTOR'])
2026-09-25 19:13:37 [INFO] shabbat_detector.cycle_analyzer: Cycle complete: 500s, up_stops=['-2', '-1', '0'], down_stops=['11', '9', '7', '5', '3', '1', '0', '-1', '-2']
2026-09-25 19:13:38 [INFO] detector: AutoLearner: suggestion from 3331 cycles (consistency=0.96, cv=0.099)
2026-09-25 19:13:39 [INFO] detector: Config updated remotely (keys=['SHABBAT_DETECTOR'])
2026-09-25 19:14:55 [INFO] shabbat_detector.hebcal_gate: Hebcal refreshed: 5 start(s), 2 end(s) (geo=281184, diaspora=True)
2026-09-25 19:15:08 [INFO] detector: Config updated remotely (keys=['SHABBAT_DETECTOR'])
2026-09-25 19:21:17 [INFO] shabbat_detector.cycle_analyzer: Cycle complete: 483s, up_stops=['-2', '-1', '0'], down_stops=['11', '9', '7', '5', '3', '1', '0', '-1', '-2']
2026-09-25 19:21:18 [INFO] detector: AutoLearner: suggestion from 3332 cycles (consistency=0.96, cv=0.099)
2026-09-25 19:21:19 [INFO] detector: Config updated remotely (keys=['SHABBAT_DETECTOR'])
2026-09-25 19:22:48 [INFO] detector: Config updated remotely (keys=['SHABBAT_DETECTOR'])
2026-09-25 19:24:56 [INFO] shabbat_detector.hebcal_gate: Hebcal refreshed: 5 start(s), 2 end(s) (geo=281184, diaspora=True)
2026-09-25 19:29:49 [INFO] shabbat_detector.cycle_analyzer: Cycle complete: 487s, up_stops=['-2', '-1', '0'], down_stops=['11', '9', '7', '5', '3', '1', '0', '-1', '-2']
2026-09-25 19:29:50 [INFO] detector: AutoLearner: suggestion from 3333 cycles (consistency=0.96, cv=0.099)
2026-09-25 19:29:51 [INFO] detector: Config updated remotely (keys=['SHABBAT_DETECTOR'])
2026-09-25 19:30:50 [INFO] detector: Config updated remotely (keys=['SHABBAT_DETECTOR'])
2026-09-25 19:34:58 [INFO] shabbat_detector.hebcal_gate: Hebcal refreshed: 5 start(s), 2 end(s) (geo=281184, diaspora=True)
2026-09-25 19:37:51 [INFO] shabbat_detector.cycle_analyzer: Cycle complete: 482s, up_stops=['-2', '-1', '0'], down_stops=['11', '9', '7', '5', '3', '1', '0', '-1', '-2']
2026-09-25 19:37:52 [INFO] detector: AutoLearner: suggestion from 3334 cycles (consistency=0.96, cv=0.099)
2026-09-25 19:37:53 [INFO] detector: Config updated remotely (keys=['SHABBAT_DETECTOR'])
2026-09-25 19:38:52 [INFO] detector: Config updated remotely (keys=['SHABBAT_DETECTOR'])
2026-09-25 19:44:59 [INFO] shabbat_detector.hebcal_gate: Hebcal refreshed: 5 start(s), 2 end(s) (geo=281184, diaspora=True)
2026-09-25 19:45:31 [INFO] shabbat_detector.cycle_analyzer: Cycle complete: 486s, up_stops=['-2', '-1', '0'], down_stops=['11', '9', '7', '5', '3', '1', '0', '-1', '-2']
2026-09-25 19:45:31 [INFO] detector: AutoLearner: suggestion from 3335 cycles (consistency=0.96, cv=0.099)
2026-09-25 19:45:32 [INFO] detector: Config updated remotely (keys=['SHABBAT_DETECTOR'])
2026-09-25 19:47:01 [INFO] detector: Config updated remotely (keys=['SHABBAT_DETECTOR'])
2026-09-25 19:53:37 [INFO] shabbat_detector.cycle_analyzer: Cycle complete: 484s, up_stops=['-2', '-1', '0'], down_stops=['11', '9', '7', '5', '3', '1', '0', '-1', '-2']
2026-09-25 19:53:37 [INFO] detector: AutoLearner: suggestion from 3336 cycles (consistency=0.96, cv=0.099)
2026-09-25 19:53:37 [INFO] detector: Config updated remotely (keys=['SHABBAT_DETECTOR'])
2026-09-25 19:55:02 [INFO] shabbat_detector.hebcal_gate: Hebcal refreshed: 5 start(s), 2 end(s) (geo=281184, diaspora=True)
2026-09-25 19:55:39 [INFO] detector: Config updated remotely (keys=['SHABBAT_DETECTOR'])
2026-09-25 20:02:07 [INFO] shabbat_detector.cycle_analyzer: Cycle complete: 486s, up_stops=['-2', '-1', '0'], down_stops=['11', '9', '7', '5', '3', '1', '0', '-1', '-2']
2026-09-25 20:02:07 [INFO] detector: AutoLearner: suggestion from 3337 cycles (consistency=0.96, cv=0.099)
2026-09-25 20:02:09 [INFO] detector: Config updated remotely (keys=['SHABBAT_DETECTOR'])
2026-09-25 20:03:38 [INFO] detector: Config updated remotely (keys=['SHABBAT_DETECTOR'])
2026-09-25 20:05:04 [INFO] shabbat_detector.hebcal_gate: Hebcal refreshed: 5 start(s), 2 end(s) (geo=281184, diaspora=True)
2026-09-25 20:09:48 [INFO] shabbat_detector.cycle_analyzer: Cycle complete: 485s, up_stops=['-2', '-1', '0'], down_stops=['11', '9', '7', '5', '3', '1', '0', '-1', '-2']
2026-09-25 20:09:48 [INFO] detector: AutoLearner: suggestion from 3338 cycles (consistency=0.96, cv=0.099)
2026-09-25 20:09:48 [INFO] detector: Config updated remotely (keys=['SHABBAT_DETECTOR'])
2026-09-25 20:11:48 [INFO] detector: Config updated remotely (keys=['SHABBAT_DETECTOR'])
2026-09-25 20:15:05 [INFO] shabbat_detector.hebcal_gate: Hebcal refreshed: 5 start(s), 2 end(s) (geo=281184, diaspora=True)
2026-09-25 20:18:21 [INFO] shabbat_detector.cycle_analyzer: Cycle complete: 487s, up_stops=['-2', '-1', '0'], down_stops=['11', '9', '7', '5', '3', '1', '0', '-1', '-2']
2026-09-25 20:18:22 [INFO] detector: AutoLearner: suggestion from 3339 cycles (consistency=0.96, cv=0.099)
2026-09-25 20:18:23 [INFO] detector: Config updated remotely (keys=['SHABBAT_DETECTOR'])
2026-09-25 20:19:22 [INFO] detector: Config updated remotely (keys=['SHABBAT_DETECTOR'])
2026-09-25 20:25:06 [INFO] shabbat_detector.hebcal_gate: Hebcal refreshed: 5 start(s), 2 end(s) (geo=281184, diaspora=True)
2026-09-25 20:26:01 [INFO] shabbat_detector.cycle_analyzer: Cycle complete: 486s, up_stops=['-2', '-1', '0'], down_stops=['11', '9', '7', '5', '3', '1', '0', '-1', '-2']
2026-09-25 20:26:01 [INFO] detector: AutoLearner: suggestion from 3340 cycles (consistency=0.96, cv=0.099)
2026-09-25 20:26:01 [INFO] detector: Config updated remotely (keys=['SHABBAT_DETECTOR'])
2026-09-25 20:28:01 [INFO] detector: Config updated remotely (keys=['SHABBAT_DETECTOR'])
2026-09-25 20:34:04 [INFO] shabbat_detector.cycle_analyzer: Cycle complete: 484s, up_stops=['-2', '-1', '0'], down_stops=['11', '9', '7', '5', '3', '1', '0', '-1', '-2']
2026-09-25 20:34:05 [INFO] detector: AutoLearner: suggestion from 3341 cycles (consistency=0.96, cv=0.099)
2026-09-25 20:34:06 [INFO] detector: Config updated remotely (keys=['SHABBAT_DETECTOR'])
2026-09-25 20:35:07 [INFO] shabbat_detector.hebcal_gate: Hebcal refreshed: 5 start(s), 2 end(s) (geo=281184, diaspora=True)
2026-09-25 20:35:36 [INFO] detector: Config updated remotely (keys=['SHABBAT_DETECTOR'])
2026-09-25 20:42:11 [INFO] shabbat_detector.cycle_analyzer: Cycle complete: 486s, up_stops=['-2', '-1', '0'], down_stops=['11', '9', '7', '5', '3', '1', '0', '-1', '-2']
2026-09-25 20:42:11 [INFO] detector: AutoLearner: suggestion from 3342 cycles (consistency=0.96, cv=0.099)
2026-09-25 20:42:12 [INFO] detector: Config updated remotely (keys=['SHABBAT_DETECTOR'])
2026-09-25 20:43:42 [INFO] detector: Config updated remotely (keys=['SHABBAT_DETECTOR'])
2026-09-25 20:45:09 [INFO] shabbat_detector.hebcal_gate: Hebcal refreshed: 5 start(s), 2 end(s) (geo=281184, diaspora=True)
2026-09-25 20:50:41 [INFO] shabbat_detector.cycle_analyzer: Cycle complete: 485s, up_stops=['-2', '-1', '0'], down_stops=['11', '9', '7', '5', '3', '1', '0', '-1', '-2']
2026-09-25 20:50:41 [INFO] detector: AutoLearner: suggestion from 3343 cycles (consistency=0.96, cv=0.099)
2026-09-25 20:50:42 [INFO] detector: Config updated remotely (keys=['SHABBAT_DETECTOR'])
2026-09-25 20:52:12 [INFO] detector: Config updated remotely (keys=['SHABBAT_DETECTOR'])
2026-09-25 20:55:10 [INFO] shabbat_detector.hebcal_gate: Hebcal refreshed: 5 start(s), 2 end(s) (geo=281184, diaspora=True)
2026-09-25 20:58:17 [INFO] shabbat_detector.cycle_analyzer: Cycle complete: 481s, up_stops=['-2', '-1', '0'], down_stops=['11', '9', '7', '5', '3', '1', '0', '-1', '-2']
2026-09-25 20:58:17 [INFO] detector: AutoLearner: suggestion from 3344 cycles (consistency=0.96, cv=0.099)
2026-09-25 20:58:17 [INFO] detector: Config updated remotely (keys=['SHABBAT_DETECTOR'])
2026-09-25 21:00:18 [INFO] detector: Config updated remotely (keys=['SHABBAT_DETECTOR'])
2026-09-25 21:05:12 [INFO] shabbat_detector.hebcal_gate: Hebcal refreshed: 5 start(s), 2 end(s) (geo=281184, diaspora=True)
2026-09-25 21:06:22 [INFO] shabbat_detector.cycle_analyzer: Cycle complete: 486s, up_stops=['-2', '-1', '0'], down_stops=['11', '9', '7', '5', '3', '1', '0', '-1', '-2']
2026-09-25 21:06:22 [INFO] detector: AutoLearner: suggestion from 3345 cycles (consistency=0.96, cv=0.099)
2026-09-25 21:06:23 [INFO] detector: Config updated remotely (keys=['SHABBAT_DETECTOR'])
2026-09-25 21:08:23 [INFO] detector: Config updated remotely (keys=['SHABBAT_DETECTOR'])
2026-09-25 21:14:40 [INFO] shabbat_detector.cycle_analyzer: Cycle complete: 498s, up_stops=['-2', '-1', '0'], down_stops=['11', '9', '7', '5', '3', '1', '0', '-1', '-2']
2026-09-25 21:14:41 [INFO] detector: AutoLearner: suggestion from 3346 cycles (consistency=0.96, cv=0.099)
2026-09-25 21:14:42 [INFO] detector: Config updated remotely (keys=['SHABBAT_DETECTOR'])
2026-09-25 21:15:13 [INFO] shabbat_detector.hebcal_gate: Hebcal refreshed: 5 start(s), 2 end(s) (geo=281184, diaspora=True)
2026-09-25 21:16:11 [INFO] detector: Config updated remotely (keys=['SHABBAT_DETECTOR'])
2026-09-25 21:23:11 [INFO] shabbat_detector.cycle_analyzer: Cycle complete: 487s, up_stops=['-2', '-1', '0'], down_stops=['11', '9', '7', '5', '3', '1', '0', '-1', '-2']
2026-09-25 21:23:12 [INFO] detector: AutoLearner: suggestion from 3347 cycles (consistency=0.96, cv=0.099)
2026-09-25 21:23:13 [INFO] detector: Config updated remotely (keys=['SHABBAT_DETECTOR'])
2026-09-25 21:24:42 [INFO] detector: Config updated remotely (keys=['SHABBAT_DETECTOR'])
2026-09-25 21:25:15 [INFO] shabbat_detector.hebcal_gate: Hebcal refreshed: 5 start(s), 2 end(s) (geo=281184, diaspora=True)
2026-09-25 21:31:14 [INFO] shabbat_detector.cycle_analyzer: Cycle complete: 482s, up_stops=['-2', '-1', '0'], down_stops=['11', '9', '7', '5', '3', '1', '0', '-1', '-2']
2026-09-25 21:31:14 [INFO] detector: AutoLearner: suggestion from 3348 cycles (consistency=0.96, cv=0.099)
2026-09-25 21:31:16 [INFO] detector: Config updated remotely (keys=['SHABBAT_DETECTOR'])
2026-09-25 21:32:15 [INFO] detector: Config updated remotely (keys=['SHABBAT_DETECTOR'])
2026-09-25 21:35:17 [INFO] shabbat_detector.hebcal_gate: Hebcal refreshed: 5 start(s), 2 end(s) (geo=281184, diaspora=True)
2026-09-25 21:38:53 [INFO] shabbat_detector.cycle_analyzer: Cycle complete: 484s, up_stops=['-2', '-1', '0'], down_stops=['11', '9', '7', '5', '3', '1', '0', '-1', '-2']
2026-09-25 21:38:54 [INFO] detector: AutoLearner: suggestion from 3349 cycles (consistency=0.96, cv=0.099)
2026-09-25 21:38:54 [INFO] detector: Config updated remotely (keys=['SHABBAT_DETECTOR'])
2026-09-25 21:40:24 [INFO] detector: Config updated remotely (keys=['SHABBAT_DETECTOR'])
2026-09-25 21:45:18 [INFO] shabbat_detector.hebcal_gate: Hebcal refreshed: 5 start(s), 2 end(s) (geo=281184, diaspora=True)
2026-09-25 21:47:01 [INFO] shabbat_detector.cycle_analyzer: Cycle complete: 487s, up_stops=['-2', '-1', '0'], down_stops=['11', '9', '7', '5', '3', '1', '0', '-1', '-2']
2026-09-25 21:47:01 [INFO] detector: AutoLearner: suggestion from 3350 cycles (consistency=0.96, cv=0.099)
2026-09-25 21:47:01 [INFO] detector: Config updated remotely (keys=['SHABBAT_DETECTOR'])
2026-09-25 21:48:31 [INFO] detector: Config updated remotely (keys=['SHABBAT_DETECTOR'])
2026-09-25 21:55:02 [INFO] shabbat_detector.cycle_analyzer: Cycle complete: 481s, up_stops=['-2', '-1', '0'], down_stops=['11', '9', '7', '5', '3', '1', '0', '-1', '-2']
2026-09-25 21:55:03 [INFO] detector: AutoLearner: suggestion from 3351 cycles (consistency=0.96, cv=0.099)
2026-09-25 21:55:03 [INFO] detector: Config updated remotely (keys=['SHABBAT_DETECTOR'])
2026-09-25 21:55:19 [INFO] shabbat_detector.hebcal_gate: Hebcal refreshed: 5 start(s), 2 end(s) (geo=281184, diaspora=True)
2026-09-25 21:56:33 [INFO] detector: Config updated remotely (keys=['SHABBAT_DETECTOR'])
2026-09-25 22:03:30 [INFO] shabbat_detector.cycle_analyzer: Cycle complete: 484s, up_stops=['-2', '-1', '0'], down_stops=['11', '9', '7', '5', '3', '1', '0', '-1', '-2']
2026-09-25 22:03:30 [INFO] detector: AutoLearner: suggestion from 3352 cycles (consistency=0.96, cv=0.098)
2026-09-25 22:03:31 [INFO] detector: Config updated remotely (keys=['SHABBAT_DETECTOR'])
2026-09-25 22:05:01 [INFO] detector: Config updated remotely (keys=['SHABBAT_DETECTOR'])
2026-09-25 22:05:20 [INFO] shabbat_detector.hebcal_gate: Hebcal refreshed: 5 start(s), 2 end(s) (geo=281184, diaspora=True)
2026-09-25 22:11:11 [INFO] shabbat_detector.cycle_analyzer: Cycle complete: 485s, up_stops=['-2', '-1', '0'], down_stops=['11', '9', '7', '5', '3', '1', '0', '-1', '-2']
2026-09-25 22:11:11 [INFO] detector: AutoLearner: suggestion from 3353 cycles (consistency=0.96, cv=0.098)
2026-09-25 22:11:11 [INFO] detector: Config updated remotely (keys=['SHABBAT_DETECTOR'])
2026-09-25 22:13:11 [INFO] detector: Config updated remotely (keys=['SHABBAT_DETECTOR'])
2026-09-25 22:15:21 [INFO] shabbat_detector.hebcal_gate: Hebcal refreshed: 5 start(s), 2 end(s) (geo=281184, diaspora=True)
2026-09-25 22:19:16 [INFO] shabbat_detector.cycle_analyzer: Cycle complete: 488s, up_stops=['-2', '-1', '0', '1'], down_stops=['11', '9', '7', '5', '3', '1', '0', '-1', '-2']
2026-09-25 22:19:17 [INFO] detector: AutoLearner: suggestion from 3354 cycles (consistency=0.96, cv=0.099)
2026-09-25 22:19:18 [INFO] detector: Config updated remotely (keys=['SHABBAT_DETECTOR'])
2026-09-25 22:21:17 [INFO] detector: Config updated remotely (keys=['SHABBAT_DETECTOR'])
2026-09-25 22:25:22 [INFO] shabbat_detector.hebcal_gate: Hebcal refreshed: 5 start(s), 2 end(s) (geo=281184, diaspora=True)
2026-09-25 22:27:22 [INFO] shabbat_detector.cycle_analyzer: Cycle complete: 485s, up_stops=['-2', '-1', '0'], down_stops=['11', '9', '7', '5', '3', '1', '0', '-1', '-2']
2026-09-25 22:27:23 [INFO] detector: AutoLearner: suggestion from 3355 cycles (consistency=0.96, cv=0.098)
2026-09-25 22:27:24 [INFO] detector: Config updated remotely (keys=['SHABBAT_DETECTOR'])
2026-09-25 22:28:53 [INFO] detector: Config updated remotely (keys=['SHABBAT_DETECTOR'])
2026-09-25 22:35:26 [INFO] shabbat_detector.hebcal_gate: Hebcal refreshed: 5 start(s), 2 end(s) (geo=281184, diaspora=True)
2026-09-25 22:35:55 [INFO] shabbat_detector.cycle_analyzer: Cycle complete: 489s, up_stops=['-2', '-1', '0'], down_stops=['11', '9', '7', '5', '3', '1', '0', '-1', '-2']
2026-09-25 22:35:56 [INFO] detector: AutoLearner: suggestion from 3356 cycles (consistency=0.96, cv=0.098)
2026-09-25 22:35:57 [INFO] detector: Config updated remotely (keys=['SHABBAT_DETECTOR'])
2026-09-25 22:36:56 [INFO] detector: Config updated remotely (keys=['SHABBAT_DETECTOR'])
2026-09-25 22:43:37 [INFO] shabbat_detector.cycle_analyzer: Cycle complete: 486s, up_stops=['-2', '-1', '0'], down_stops=['11', '9', '7', '5', '3', '1', '0', '-1', '-2']
2026-09-25 22:43:37 [INFO] detector: AutoLearner: suggestion from 3357 cycles (consistency=0.96, cv=0.098)
2026-09-25 22:43:37 [INFO] detector: Config updated remotely (keys=['SHABBAT_DETECTOR'])
2026-09-25 22:45:07 [INFO] detector: Config updated remotely (keys=['SHABBAT_DETECTOR'])
2026-09-25 22:45:28 [INFO] shabbat_detector.hebcal_gate: Hebcal refreshed: 5 start(s), 2 end(s) (geo=281184, diaspora=True)
2026-09-25 22:52:05 [INFO] shabbat_detector.cycle_analyzer: Cycle complete: 484s, up_stops=['-2', '-1', '0'], down_stops=['11', '9', '7', '5', '3', '1', '0', '-1', '-2']
2026-09-25 22:52:06 [INFO] detector: AutoLearner: suggestion from 3358 cycles (consistency=0.96, cv=0.098)
2026-09-25 22:52:07 [INFO] detector: Config updated remotely (keys=['SHABBAT_DETECTOR'])
2026-09-25 22:53:36 [INFO] detector: Config updated remotely (keys=['SHABBAT_DETECTOR'])
2026-09-25 22:55:29 [INFO] shabbat_detector.hebcal_gate: Hebcal refreshed: 5 start(s), 2 end(s) (geo=281184, diaspora=True)
2026-09-25 23:00:07 [INFO] shabbat_detector.cycle_analyzer: Cycle complete: 480s, up_stops=['-2', '-1', '0'], down_stops=['11', '9', '7', '5', '3', '1', '0', '-1', '-2']
2026-09-25 23:00:08 [INFO] detector: AutoLearner: suggestion from 3359 cycles (consistency=0.96, cv=0.098)
2026-09-25 23:00:10 [INFO] detector: Config updated remotely (keys=['SHABBAT_DETECTOR'])
2026-09-25 23:01:38 [INFO] detector: Config updated remotely (keys=['SHABBAT_DETECTOR'])
2026-09-25 23:05:30 [INFO] shabbat_detector.hebcal_gate: Hebcal refreshed: 5 start(s), 2 end(s) (geo=281184, diaspora=True)
2026-09-25 23:08:11 [INFO] shabbat_detector.cycle_analyzer: Cycle complete: 484s, up_stops=['-2', '-1', '0'], down_stops=['11', '9', '7', '5', '3', '1', '0', '-1', '-2']
2026-09-25 23:08:11 [INFO] detector: AutoLearner: suggestion from 3360 cycles (consistency=0.96, cv=0.098)
2026-09-25 23:08:12 [INFO] detector: Config updated remotely (keys=['SHABBAT_DETECTOR'])
2026-09-25 23:09:42 [INFO] detector: Config updated remotely (keys=['SHABBAT_DETECTOR'])
2026-09-25 23:15:32 [INFO] shabbat_detector.hebcal_gate: Hebcal refreshed: 5 start(s), 2 end(s) (geo=281184, diaspora=True)
2026-09-25 23:16:16 [INFO] shabbat_detector.cycle_analyzer: Cycle complete: 485s, up_stops=['-2', '-1', '0'], down_stops=['11', '9', '7', '5', '3', '1', '0', '-1', '-2']
2026-09-25 23:16:16 [INFO] detector: AutoLearner: suggestion from 3361 cycles (consistency=0.96, cv=0.098)
2026-09-25 23:16:18 [INFO] detector: Config updated remotely (keys=['SHABBAT_DETECTOR'])
2026-09-25 23:17:47 [INFO] detector: Config updated remotely (keys=['SHABBAT_DETECTOR'])
2026-09-25 23:23:55 [INFO] shabbat_detector.cycle_analyzer: Cycle complete: 486s, up_stops=['-2', '-1', '0'], down_stops=['11', '9', '7', '5', '3', '1', '0', '-1', '-2']
2026-09-25 23:23:55 [INFO] detector: AutoLearner: suggestion from 3362 cycles (consistency=0.96, cv=0.098)
2026-09-25 23:23:56 [INFO] detector: Config updated remotely (keys=['SHABBAT_DETECTOR'])
2026-09-25 23:25:33 [INFO] shabbat_detector.hebcal_gate: Hebcal refreshed: 5 start(s), 2 end(s) (geo=281184, diaspora=True)
2026-09-25 23:25:56 [INFO] detector: Config updated remotely (keys=['SHABBAT_DETECTOR'])
2026-09-25 23:32:02 [INFO] shabbat_detector.cycle_analyzer: Cycle complete: 484s, up_stops=['-2', '-1', '0'], down_stops=['11', '9', '7', '5', '3', '1', '0', '-1', '-2']
2026-09-25 23:32:02 [INFO] detector: AutoLearner: suggestion from 3363 cycles (consistency=0.96, cv=0.098)
2026-09-25 23:32:03 [INFO] detector: Config updated remotely (keys=['SHABBAT_DETECTOR'])
2026-09-25 23:34:02 [INFO] detector: Config updated remotely (keys=['SHABBAT_DETECTOR'])
2026-09-25 23:35:34 [INFO] shabbat_detector.hebcal_gate: Hebcal refreshed: 5 start(s), 2 end(s) (geo=281184, diaspora=True)
2026-09-25 23:40:33 [INFO] shabbat_detector.cycle_analyzer: Cycle complete: 487s, up_stops=['-2', '-1', '0'], down_stops=['11', '9', '7', '5', '3', '1', '0', '-1', '-2']
2026-09-25 23:40:34 [INFO] detector: AutoLearner: suggestion from 3364 cycles (consistency=0.96, cv=0.098)
2026-09-25 23:40:35 [INFO] detector: Config updated remotely (keys=['SHABBAT_DETECTOR'])
2026-09-25 23:42:04 [INFO] detector: Config updated remotely (keys=['SHABBAT_DETECTOR'])
2026-09-25 23:45:36 [INFO] shabbat_detector.hebcal_gate: Hebcal refreshed: 5 start(s), 2 end(s) (geo=281184, diaspora=True)
2026-09-25 23:48:40 [INFO] shabbat_detector.cycle_analyzer: Cycle complete: 487s, up_stops=['-2', '-1', '0'], down_stops=['11', '9', '7', '5', '3', '1', '0', '-1', '-2']
2026-09-25 23:48:40 [INFO] detector: AutoLearner: suggestion from 3365 cycles (consistency=0.96, cv=0.098)
2026-09-25 23:48:41 [INFO] detector: Config updated remotely (keys=['SHABBAT_DETECTOR'])
2026-09-25 23:50:10 [INFO] detector: Config updated remotely (keys=['SHABBAT_DETECTOR'])
2026-09-25 23:55:37 [INFO] shabbat_detector.hebcal_gate: Hebcal refreshed: 5 start(s), 2 end(s) (geo=281184, diaspora=True)
2026-09-25 23:56:17 [INFO] shabbat_detector.cycle_analyzer: Cycle complete: 484s, up_stops=['-2', '-1', '0'], down_stops=['11', '9', '7', '5', '3', '1', '0', '-1', '-2']
2026-09-25 23:56:17 [INFO] detector: AutoLearner: suggestion from 3366 cycles (consistency=0.96, cv=0.098)
2026-09-25 23:56:18 [INFO] detector: Config updated remotely (keys=['SHABBAT_DETECTOR'])
2026-09-25 23:58:18 [INFO] detector: Config updated remotely (keys=['SHABBAT_DETECTOR'])
2026-09-26 00:04:50 [INFO] shabbat_detector.cycle_analyzer: Cycle complete: 486s, up_stops=['-2', '-1', '0'], down_stops=['11', '9', '7', '5', '3', '1', '0', '-1', '-2']
2026-09-26 00:04:51 [INFO] detector: AutoLearner: suggestion from 3367 cycles (consistency=0.96, cv=0.098)
2026-09-26 00:04:57 [INFO] detector: Config updated remotely (keys=['SHABBAT_DETECTOR'])
2026-09-26 00:05:39 [INFO] shabbat_detector.hebcal_gate: Hebcal refreshed: 5 start(s), 2 end(s) (geo=281184, diaspora=True)
2026-09-26 00:06:56 [INFO] detector: Config updated remotely (keys=['SHABBAT_DETECTOR'])
2026-09-26 00:12:56 [INFO] shabbat_detector.cycle_analyzer: Cycle complete: 487s, up_stops=['-2', '-1', '0'], down_stops=['11', '9', '7', '5', '3', '1', '0', '-1', '-2']
2026-09-26 00:12:56 [INFO] detector: AutoLearner: suggestion from 3368 cycles (consistency=0.96, cv=0.098)
2026-09-26 00:12:57 [INFO] detector: Config updated remotely (keys=['SHABBAT_DETECTOR'])
2026-09-26 00:14:27 [INFO] detector: Config updated remotely (keys=['SHABBAT_DETECTOR'])
2026-09-26 00:15:40 [INFO] shabbat_detector.hebcal_gate: Hebcal refreshed: 5 start(s), 2 end(s) (geo=281184, diaspora=True)
2026-09-26 00:20:40 [INFO] shabbat_detector.cycle_analyzer: Cycle complete: 487s, up_stops=['-2', '-1', '0'], down_stops=['11', '9', '7', '5', '3', '1', '0', '-1', '-2']
2026-09-26 00:20:40 [INFO] detector: AutoLearner: suggestion from 3369 cycles (consistency=0.96, cv=0.098)
2026-09-26 00:20:40 [INFO] detector: Config updated remotely (keys=['SHABBAT_DETECTOR'])
2026-09-26 00:22:40 [INFO] detector: Config updated remotely (keys=['SHABBAT_DETECTOR'])
2026-09-26 00:25:42 [INFO] shabbat_detector.hebcal_gate: Hebcal refreshed: 5 start(s), 2 end(s) (geo=281184, diaspora=True)
2026-09-26 00:29:08 [INFO] shabbat_detector.cycle_analyzer: Cycle complete: 483s, up_stops=['-2', '-1', '0'], down_stops=['11', '9', '7', '5', '3', '1', '0', '-1', '-2']
2026-09-26 00:29:09 [INFO] detector: AutoLearner: suggestion from 3370 cycles (consistency=0.96, cv=0.098)
2026-09-26 00:29:10 [INFO] detector: Config updated remotely (keys=['SHABBAT_DETECTOR'])
2026-09-26 00:31:09 [INFO] detector: Config updated remotely (keys=['SHABBAT_DETECTOR'])
2026-09-26 00:35:44 [INFO] shabbat_detector.hebcal_gate: Hebcal refreshed: 5 start(s), 2 end(s) (geo=281184, diaspora=True)
2026-09-26 00:36:50 [INFO] shabbat_detector.cycle_analyzer: Cycle complete: 489s, up_stops=['-2', '-1', '0'], down_stops=['11', '9', '7', '5', '3', '1', '0', '-1', '-2']
2026-09-26 00:36:51 [INFO] detector: AutoLearner: suggestion from 3371 cycles (consistency=0.96, cv=0.098)
2026-09-26 00:36:51 [INFO] detector: Config updated remotely (keys=['SHABBAT_DETECTOR'])
2026-09-26 00:38:51 [INFO] detector: Config updated remotely (keys=['SHABBAT_DETECTOR'])
2026-09-26 00:44:56 [INFO] shabbat_detector.cycle_analyzer: Cycle complete: 484s, up_stops=['-2', '-1', '0'], down_stops=['11', '9', '7', '5', '3', '1', '0', '-1', '-2']
2026-09-26 00:44:57 [INFO] detector: AutoLearner: suggestion from 3372 cycles (consistency=0.96, cv=0.098)
2026-09-26 00:44:57 [INFO] detector: Config updated remotely (keys=['SHABBAT_DETECTOR'])
2026-09-26 00:45:45 [INFO] shabbat_detector.hebcal_gate: Hebcal refreshed: 5 start(s), 2 end(s) (geo=281184, diaspora=True)
2026-09-26 00:47:27 [INFO] detector: Config updated remotely (keys=['SHABBAT_DETECTOR'])
2026-09-26 00:53:02 [INFO] shabbat_detector.cycle_analyzer: Cycle complete: 486s, up_stops=['-2', '-1', '0'], down_stops=['11', '9', '7', '5', '3', '1', '0', '-1', '-2']
2026-09-26 00:53:03 [INFO] detector: AutoLearner: suggestion from 3373 cycles (consistency=0.96, cv=0.098)
2026-09-26 00:53:03 [INFO] detector: Config updated remotely (keys=['SHABBAT_DETECTOR'])
2026-09-26 00:53:03 [INFO] detector: Config updated remotely (keys=['SHABBAT_DETECTOR'])
2026-09-26 00:55:46 [INFO] shabbat_detector.hebcal_gate: Hebcal refreshed: 5 start(s), 2 end(s) (geo=281184, diaspora=True)
2026-09-26 01:01:31 [INFO] shabbat_detector.cycle_analyzer: Cycle complete: 486s, up_stops=['-2', '-1', '0'], down_stops=['11', '9', '7', '5', '3', '1', '0', '-1', '-2']
2026-09-26 01:01:31 [INFO] detector: AutoLearner: suggestion from 3374 cycles (consistency=0.96, cv=0.098)
2026-09-26 01:01:33 [INFO] detector: Config updated remotely (keys=['SHABBAT_DETECTOR'])
2026-09-26 01:02:02 [INFO] detector: Config updated remotely (keys=['SHABBAT_DETECTOR'])
2026-09-26 01:05:47 [INFO] shabbat_detector.hebcal_gate: Hebcal refreshed: 5 start(s), 2 end(s) (geo=281184, diaspora=True)
2026-09-26 01:09:35 [INFO] shabbat_detector.cycle_analyzer: Cycle complete: 483s, up_stops=['-2', '-1', '0'], down_stops=['11', '9', '7', '5', '3', '1', '0', '-1', '-2']
2026-09-26 01:09:36 [INFO] detector: AutoLearner: suggestion from 3375 cycles (consistency=0.96, cv=0.098)
2026-09-26 01:09:37 [INFO] detector: Config updated remotely (keys=['SHABBAT_DETECTOR'])
2026-09-26 01:10:06 [INFO] detector: Config updated remotely (keys=['SHABBAT_DETECTOR'])
2026-09-26 01:15:48 [INFO] shabbat_detector.hebcal_gate: Hebcal refreshed: 5 start(s), 2 end(s) (geo=281184, diaspora=True)
2026-09-26 01:17:17 [INFO] shabbat_detector.cycle_analyzer: Cycle complete: 487s, up_stops=['-2', '-1', '0'], down_stops=['11', '9', '7', '5', '3', '1', '0', '-1', '-2']
2026-09-26 01:17:17 [INFO] detector: AutoLearner: suggestion from 3376 cycles (consistency=0.96, cv=0.098)
2026-09-26 01:17:18 [INFO] detector: Config updated remotely (keys=['SHABBAT_DETECTOR'])
2026-09-26 01:18:18 [INFO] detector: Config updated remotely (keys=['SHABBAT_DETECTOR'])
2026-09-26 01:25:50 [INFO] shabbat_detector.hebcal_gate: Hebcal refreshed: 5 start(s), 2 end(s) (geo=281184, diaspora=True)
2026-09-26 01:25:51 [INFO] shabbat_detector.cycle_analyzer: Cycle complete: 486s, up_stops=['-2', '-1', '0'], down_stops=['11', '9', '7', '5', '3', '1', '0', '-1', '-2']
2026-09-26 01:25:51 [INFO] detector: AutoLearner: suggestion from 3377 cycles (consistency=0.96, cv=0.098)
2026-09-26 01:25:52 [INFO] detector: Config updated remotely (keys=['SHABBAT_DETECTOR'])
2026-09-26 01:27:52 [INFO] detector: Config updated remotely (keys=['SHABBAT_DETECTOR'])
2026-09-26 01:33:31 [INFO] shabbat_detector.cycle_analyzer: Cycle complete: 489s, up_stops=['-2', '-1', '0'], down_stops=['11', '9', '7', '5', '3', '1', '0', '-1', '-2']
2026-09-26 01:33:31 [INFO] detector: AutoLearner: suggestion from 3378 cycles (consistency=0.96, cv=0.098)
2026-09-26 01:33:31 [INFO] detector: Config updated remotely (keys=['SHABBAT_DETECTOR'])
2026-09-26 01:34:01 [INFO] detector: Config updated remotely (keys=['SHABBAT_DETECTOR'])
2026-09-26 01:35:51 [INFO] shabbat_detector.hebcal_gate: Hebcal refreshed: 5 start(s), 2 end(s) (geo=281184, diaspora=True)
2026-09-26 01:41:38 [INFO] shabbat_detector.cycle_analyzer: Cycle complete: 486s, up_stops=['-2', '-1', '0'], down_stops=['11', '9', '7', '5', '3', '1', '0', '-1', '-2']
2026-09-26 01:41:38 [INFO] detector: AutoLearner: suggestion from 3379 cycles (consistency=0.96, cv=0.098)
2026-09-26 01:41:38 [INFO] detector: Config updated remotely (keys=['SHABBAT_DETECTOR'])
2026-09-26 01:44:09 [INFO] detector: Config updated remotely (keys=['SHABBAT_DETECTOR'])
2026-09-26 01:45:52 [INFO] shabbat_detector.hebcal_gate: Hebcal refreshed: 5 start(s), 2 end(s) (geo=281184, diaspora=True)
2026-09-26 01:49:43 [INFO] shabbat_detector.cycle_analyzer: Cycle complete: 485s, up_stops=['-2', '-1', '0'], down_stops=['11', '9', '7', '5', '3', '1', '0', '-1', '-2']
2026-09-26 01:49:43 [INFO] detector: AutoLearner: suggestion from 3380 cycles (consistency=0.96, cv=0.098)
2026-09-26 01:49:44 [INFO] detector: Config updated remotely (keys=['SHABBAT_DETECTOR'])
2026-09-26 01:51:44 [INFO] detector: Config updated remotely (keys=['SHABBAT_DETECTOR'])
2026-09-26 01:55:54 [INFO] shabbat_detector.hebcal_gate: Hebcal refreshed: 5 start(s), 2 end(s) (geo=281184, diaspora=True)
2026-09-26 01:57:50 [INFO] shabbat_detector.cycle_analyzer: Cycle complete: 488s, up_stops=['-2', '-1', '0'], down_stops=['11', '9', '7', '5', '3', '1', '0', '-1', '-2']
2026-09-26 01:57:50 [INFO] detector: AutoLearner: suggestion from 3381 cycles (consistency=0.96, cv=0.098)
2026-09-26 01:57:51 [INFO] detector: Config updated remotely (keys=['SHABBAT_DETECTOR'])
2026-09-26 01:59:51 [INFO] detector: Config updated remotely (keys=['SHABBAT_DETECTOR'])
2026-09-26 02:05:55 [INFO] shabbat_detector.hebcal_gate: Hebcal refreshed: 5 start(s), 2 end(s) (geo=281184, diaspora=True)
2026-09-26 02:05:58 [INFO] shabbat_detector.cycle_analyzer: Cycle complete: 485s, up_stops=['-2', '-1', '0'], down_stops=['11', '9', '7', '5', '3', '1', '0', '-1', '-2']
2026-09-26 02:05:58 [INFO] detector: AutoLearner: suggestion from 3382 cycles (consistency=0.96, cv=0.098)
2026-09-26 02:05:58 [INFO] detector: Config updated remotely (keys=['SHABBAT_DETECTOR'])
2026-09-26 02:07:28 [INFO] detector: Config updated remotely (keys=['SHABBAT_DETECTOR'])
2026-09-26 02:14:03 [INFO] shabbat_detector.cycle_analyzer: Cycle complete: 487s, up_stops=['-2', '-1', '0'], down_stops=['11', '9', '7', '5', '3', '1', '0', '-1', '-2']
2026-09-26 02:14:03 [INFO] detector: AutoLearner: suggestion from 3383 cycles (consistency=0.96, cv=0.098)
2026-09-26 02:14:03 [INFO] detector: Config updated remotely (keys=['SHABBAT_DETECTOR'])
2026-09-26 02:15:33 [INFO] detector: Config updated remotely (keys=['SHABBAT_DETECTOR'])
2026-09-26 02:15:56 [INFO] shabbat_detector.hebcal_gate: Hebcal refreshed: 5 start(s), 2 end(s) (geo=281184, diaspora=True)
2026-09-26 02:20:48 [INFO] shabbat_detector.firebase_client: SSE stream connecting: https://ramada-elev-default-rtdb.europe-west1.firebasedatabase.app/settings.json
2026-09-26 02:22:33 [INFO] shabbat_detector.cycle_analyzer: Cycle complete: 485s, up_stops=['-2', '-1', '0'], down_stops=['11', '9', '7', '5', '3', '1', '0', '-1', '-2']
2026-09-26 02:22:34 [INFO] detector: AutoLearner: suggestion from 3384 cycles (consistency=0.96, cv=0.098)
2026-09-26 02:22:35 [INFO] detector: Config updated remotely (keys=['SHABBAT_DETECTOR'])
2026-09-26 02:24:04 [INFO] detector: Config updated remotely (keys=['SHABBAT_DETECTOR'])
2026-09-26 02:25:58 [INFO] shabbat_detector.hebcal_gate: Hebcal refreshed: 5 start(s), 2 end(s) (geo=281184, diaspora=True)
2026-09-26 02:30:14 [INFO] shabbat_detector.cycle_analyzer: Cycle complete: 486s, up_stops=['-2', '-1', '0'], down_stops=['11', '9', '7', '5', '3', '1', '0', '-1', '-2']
2026-09-26 02:30:15 [INFO] detector: AutoLearner: suggestion from 3385 cycles (consistency=0.96, cv=0.098)
2026-09-26 02:30:15 [INFO] detector: Config updated remotely (keys=['SHABBAT_DETECTOR'])
2026-09-26 02:31:45 [INFO] detector: Config updated remotely (keys=['SHABBAT_DETECTOR'])
2026-09-26 02:35:59 [INFO] shabbat_detector.hebcal_gate: Hebcal refreshed: 5 start(s), 2 end(s) (geo=281184, diaspora=True)
2026-09-26 02:38:44 [INFO] shabbat_detector.cycle_analyzer: Cycle complete: 487s, up_stops=['-2', '-1', '0'], down_stops=['11', '9', '7', '5', '3', '1', '0', '-1', '-2']
2026-09-26 02:38:45 [INFO] detector: AutoLearner: suggestion from 3386 cycles (consistency=0.96, cv=0.098)
2026-09-26 02:38:46 [INFO] detector: Config updated remotely (keys=['SHABBAT_DETECTOR'])
2026-09-26 02:40:15 [INFO] detector: Config updated remotely (keys=['SHABBAT_DETECTOR'])
2026-09-26 02:46:00 [INFO] shabbat_detector.hebcal_gate: Hebcal refreshed: 5 start(s), 2 end(s) (geo=281184, diaspora=True)
2026-09-26 02:46:54 [INFO] shabbat_detector.cycle_analyzer: Cycle complete: 487s, up_stops=['-2', '-1', '0'], down_stops=['11', '9', '7', '5', '3', '1', '0', '-1', '-2']
2026-09-26 02:46:54 [INFO] detector: AutoLearner: suggestion from 3387 cycles (consistency=0.96, cv=0.098)
2026-09-26 02:46:56 [INFO] detector: Config updated remotely (keys=['SHABBAT_DETECTOR'])
2026-09-26 02:48:25 [INFO] detector: Config updated remotely (keys=['SHABBAT_DETECTOR'])
2026-09-26 02:54:32 [INFO] shabbat_detector.cycle_analyzer: Cycle complete: 483s, up_stops=['-2', '-1', '0'], down_stops=['11', '9', '7', '5', '3', '1', '0', '-1', '-2']
2026-09-26 02:54:32 [INFO] detector: AutoLearner: suggestion from 3388 cycles (consistency=0.96, cv=0.098)
2026-09-26 02:54:33 [INFO] detector: Config updated remotely (keys=['SHABBAT_DETECTOR'])
2026-09-26 02:54:33 [INFO] detector: Config updated remotely (keys=['SHABBAT_DETECTOR'])
2026-09-26 02:56:02 [INFO] shabbat_detector.hebcal_gate: Hebcal refreshed: 5 start(s), 2 end(s) (geo=281184, diaspora=True)
2026-09-26 03:02:37 [INFO] shabbat_detector.cycle_analyzer: Cycle complete: 488s, up_stops=['-2', '-1', '0'], down_stops=['11', '9', '7', '5', '3', '1', '0', '-1', '-2']
2026-09-26 03:02:38 [INFO] detector: AutoLearner: suggestion from 3389 cycles (consistency=0.96, cv=0.098)
2026-09-26 03:02:39 [INFO] detector: Config updated remotely (keys=['SHABBAT_DETECTOR'])
2026-09-26 03:02:43 [WARNING] shabbat_detector.firebase_client: Elevator stream reconnecting in 2s
2026-09-26 03:02:45 [INFO] shabbat_detector.firebase_client: SSE stream connecting: https://ramada-elev-default-rtdb.europe-west1.firebasedatabase.app/elevators/A.json
2026-09-26 03:02:45 [INFO] shabbat_detector.firebase_client: SSE stream connecting: https://ramada-elev-default-rtdb.europe-west1.firebasedatabase.app/settings.json
2026-09-26 03:03:08 [INFO] detector: Config updated remotely (keys=['SHABBAT_DETECTOR'])
2026-09-26 03:06:03 [INFO] shabbat_detector.hebcal_gate: Hebcal refreshed: 5 start(s), 2 end(s) (geo=281184, diaspora=True)
2026-09-26 03:11:09 [INFO] shabbat_detector.cycle_analyzer: Cycle complete: 484s, up_stops=['-2', '-1', '0'], down_stops=['11', '9', '7', '5', '3', '1', '0', '-1', '-2']
2026-09-26 03:11:10 [INFO] detector: AutoLearner: suggestion from 3390 cycles (consistency=0.96, cv=0.098)
2026-09-26 03:11:11 [INFO] detector: Config updated remotely (keys=['SHABBAT_DETECTOR'])
2026-09-26 03:13:10 [INFO] detector: Config updated remotely (keys=['SHABBAT_DETECTOR'])
2026-09-26 03:16:04 [INFO] shabbat_detector.hebcal_gate: Hebcal refreshed: 5 start(s), 2 end(s) (geo=281184, diaspora=True)
2026-09-26 03:18:50 [INFO] shabbat_detector.cycle_analyzer: Cycle complete: 487s, up_stops=['-2', '-1', '0'], down_stops=['11', '9', '7', '5', '3', '1', '0', '-1', '-2']
2026-09-26 03:18:50 [INFO] detector: AutoLearner: suggestion from 3391 cycles (consistency=0.96, cv=0.098)
2026-09-26 03:18:52 [INFO] detector: Config updated remotely (keys=['SHABBAT_DETECTOR'])
2026-09-26 03:19:21 [INFO] detector: Config updated remotely (keys=['SHABBAT_DETECTOR'])
2026-09-26 03:26:05 [INFO] shabbat_detector.hebcal_gate: Hebcal refreshed: 5 start(s), 2 end(s) (geo=281184, diaspora=True)
2026-09-26 03:27:21 [INFO] shabbat_detector.cycle_analyzer: Cycle complete: 486s, up_stops=['-2', '-1', '0'], down_stops=['11', '9', '7', '5', '3', '1', '0', '-1', '-2']
2026-09-26 03:27:21 [INFO] detector: AutoLearner: suggestion from 3392 cycles (consistency=0.96, cv=0.098)
2026-09-26 03:27:23 [INFO] detector: Config updated remotely (keys=['SHABBAT_DETECTOR'])
2026-09-26 03:29:22 [INFO] detector: Config updated remotely (keys=['SHABBAT_DETECTOR'])
2026-09-26 03:35:27 [INFO] shabbat_detector.cycle_analyzer: Cycle complete: 486s, up_stops=['-2', '-1', '0'], down_stops=['11', '9', '7', '5', '3', '1', '0', '-1', '-2']
2026-09-26 03:35:27 [INFO] detector: AutoLearner: suggestion from 3393 cycles (consistency=0.96, cv=0.098)
2026-09-26 03:35:29 [INFO] detector: Config updated remotely (keys=['SHABBAT_DETECTOR'])
2026-09-26 03:36:06 [INFO] shabbat_detector.hebcal_gate: Hebcal refreshed: 5 start(s), 2 end(s) (geo=281184, diaspora=True)
2026-09-26 03:37:28 [INFO] detector: Config updated remotely (keys=['SHABBAT_DETECTOR'])
2026-09-26 03:43:10 [INFO] shabbat_detector.cycle_analyzer: Cycle complete: 487s, up_stops=['-2', '-1', '0'], down_stops=['11', '9', '7', '5', '3', '1', '0', '-1', '-2']
2026-09-26 03:43:10 [INFO] detector: AutoLearner: suggestion from 3394 cycles (consistency=0.96, cv=0.098)
2026-09-26 03:43:10 [INFO] detector: Config updated remotely (keys=['SHABBAT_DETECTOR'])
2026-09-26 03:43:40 [INFO] detector: Config updated remotely (keys=['SHABBAT_DETECTOR'])
2026-09-26 03:46:08 [INFO] shabbat_detector.hebcal_gate: Hebcal refreshed: 5 start(s), 2 end(s) (geo=281184, diaspora=True)
2026-09-26 03:50:47 [INFO] shabbat_detector.cycle_analyzer: Cycle complete: 486s, up_stops=['-2', '-1', '0'], down_stops=['11', '9', '7', '5', '3', '1', '0', '-1', '-2']
2026-09-26 03:50:47 [INFO] detector: AutoLearner: suggestion from 3395 cycles (consistency=0.96, cv=0.098)
2026-09-26 03:50:48 [INFO] detector: Config updated remotely (keys=['SHABBAT_DETECTOR'])
2026-09-26 03:51:48 [INFO] detector: Config updated remotely (keys=['SHABBAT_DETECTOR'])
2026-09-26 03:56:09 [INFO] shabbat_detector.hebcal_gate: Hebcal refreshed: 5 start(s), 2 end(s) (geo=281184, diaspora=True)
2026-09-26 03:59:47 [INFO] shabbat_detector.cycle_analyzer: Cycle complete: 487s, up_stops=['-2', '-1', '0'], down_stops=['11', '9', '7', '5', '3', '1', '0', '-1', '-2']
2026-09-26 03:59:47 [INFO] detector: AutoLearner: suggestion from 3396 cycles (consistency=0.96, cv=0.098)
2026-09-26 03:59:49 [INFO] detector: Config updated remotely (keys=['SHABBAT_DETECTOR'])
2026-09-26 04:01:48 [INFO] detector: Config updated remotely (keys=['SHABBAT_DETECTOR'])
2026-09-26 04:06:11 [INFO] shabbat_detector.hebcal_gate: Hebcal refreshed: 5 start(s), 2 end(s) (geo=281184, diaspora=True)
2026-09-26 04:07:27 [INFO] shabbat_detector.cycle_analyzer: Cycle complete: 484s, up_stops=['-2', '-1', '0'], down_stops=['11', '9', '7', '5', '3', '1', '0', '-1', '-2']
2026-09-26 04:07:27 [INFO] detector: AutoLearner: suggestion from 3397 cycles (consistency=0.96, cv=0.098)
2026-09-26 04:07:27 [INFO] detector: Config updated remotely (keys=['SHABBAT_DETECTOR'])
2026-09-26 04:07:57 [INFO] detector: Config updated remotely (keys=['SHABBAT_DETECTOR'])
2026-09-26 04:15:32 [INFO] shabbat_detector.cycle_analyzer: Cycle complete: 487s, up_stops=['-2', '-1', '0'], down_stops=['11', '9', '7', '5', '3', '1', '0', '-1', '-2']
2026-09-26 04:15:32 [INFO] detector: AutoLearner: suggestion from 3398 cycles (consistency=0.96, cv=0.098)
2026-09-26 04:15:33 [INFO] detector: Config updated remotely (keys=['SHABBAT_DETECTOR'])
2026-09-26 04:16:02 [INFO] detector: Config updated remotely (keys=['SHABBAT_DETECTOR'])
2026-09-26 04:16:12 [INFO] shabbat_detector.hebcal_gate: Hebcal refreshed: 5 start(s), 2 end(s) (geo=281184, diaspora=True)
2026-09-26 04:24:03 [INFO] shabbat_detector.cycle_analyzer: Cycle complete: 484s, up_stops=['-2', '-1', '0'], down_stops=['11', '9', '7', '5', '3', '1', '0', '-1', '-2']
2026-09-26 04:24:03 [INFO] detector: AutoLearner: suggestion from 3399 cycles (consistency=0.96, cv=0.098)
2026-09-26 04:24:04 [INFO] detector: Config updated remotely (keys=['SHABBAT_DETECTOR'])
2026-09-26 04:26:03 [INFO] detector: Config updated remotely (keys=['SHABBAT_DETECTOR'])
2026-09-26 04:26:13 [INFO] shabbat_detector.hebcal_gate: Hebcal refreshed: 5 start(s), 2 end(s) (geo=281184, diaspora=True)
2026-09-26 04:31:44 [INFO] shabbat_detector.cycle_analyzer: Cycle complete: 486s, up_stops=['-2', '-1', '0'], down_stops=['11', '9', '7', '5', '3', '1', '0', '-1', '-2']
2026-09-26 04:31:45 [INFO] detector: AutoLearner: suggestion from 3400 cycles (consistency=0.96, cv=0.098)
2026-09-26 04:31:45 [INFO] detector: Config updated remotely (keys=['SHABBAT_DETECTOR'])
2026-09-26 04:32:15 [INFO] detector: Config updated remotely (keys=['SHABBAT_DETECTOR'])
2026-09-26 04:36:15 [INFO] shabbat_detector.hebcal_gate: Hebcal refreshed: 5 start(s), 2 end(s) (geo=281184, diaspora=True)
2026-09-26 04:40:14 [INFO] shabbat_detector.cycle_analyzer: Cycle complete: 487s, up_stops=['-2', '-1', '0'], down_stops=['11', '9', '7', '5', '3', '1', '0', '-1', '-2']
2026-09-26 04:40:14 [INFO] detector: AutoLearner: suggestion from 3401 cycles (consistency=0.96, cv=0.098)
2026-09-26 04:40:15 [INFO] detector: Config updated remotely (keys=['SHABBAT_DETECTOR'])
2026-09-26 04:40:44 [INFO] detector: Config updated remotely (keys=['SHABBAT_DETECTOR'])
2026-09-26 04:46:16 [INFO] shabbat_detector.hebcal_gate: Hebcal refreshed: 5 start(s), 2 end(s) (geo=281184, diaspora=True)
2026-09-26 04:48:19 [INFO] shabbat_detector.cycle_analyzer: Cycle complete: 484s, up_stops=['-2', '-1', '0'], down_stops=['11', '9', '7', '5', '3', '1', '0', '-1', '-2']
2026-09-26 04:48:20 [INFO] detector: AutoLearner: suggestion from 3402 cycles (consistency=0.96, cv=0.098)
2026-09-26 04:48:21 [INFO] detector: Config updated remotely (keys=['SHABBAT_DETECTOR'])
2026-09-26 04:48:50 [INFO] detector: Config updated remotely (keys=['SHABBAT_DETECTOR'])
2026-09-26 04:56:18 [INFO] shabbat_detector.hebcal_gate: Hebcal refreshed: 5 start(s), 2 end(s) (geo=281184, diaspora=True)
2026-09-26 04:56:25 [INFO] shabbat_detector.cycle_analyzer: Cycle complete: 486s, up_stops=['-2', '-1', '0'], down_stops=['11', '9', '7', '5', '3', '1', '0', '-1', '-2']
2026-09-26 04:56:26 [INFO] detector: AutoLearner: suggestion from 3403 cycles (consistency=0.96, cv=0.098)
2026-09-26 04:56:27 [INFO] detector: Config updated remotely (keys=['SHABBAT_DETECTOR'])
2026-09-26 04:58:26 [INFO] detector: Config updated remotely (keys=['SHABBAT_DETECTOR'])
2026-09-26 05:06:20 [INFO] shabbat_detector.hebcal_gate: Hebcal refreshed: 5 start(s), 2 end(s) (geo=281184, diaspora=True)
2026-09-26 05:09:57 [WARNING] shabbat_detector.cycle_analyzer: Unexpected: touched opposite terminal again in leg 2
2026-09-26 05:11:46 [INFO] shabbat_detector.cycle_analyzer: Cycle complete: 974s, up_stops=['-2', '-1', '0', '11', '9', '7', '5', '3', '1', '0', '-1', '-2', '-2', '-1', '0'], down_stops=['11', '9', '7', '5', '3', '1', '0', '-1', '-2']
2026-09-26 05:14:16 [INFO] detector: Config updated remotely (keys=['SHABBAT_DETECTOR'])
2026-09-26 05:16:21 [INFO] shabbat_detector.hebcal_gate: Hebcal refreshed: 5 start(s), 2 end(s) (geo=281184, diaspora=True)
2026-09-26 05:20:46 [INFO] shabbat_detector.cycle_analyzer: Cycle complete: 489s, up_stops=['-2', '-1', '0'], down_stops=['11', '9', '7', '5', '3', '1', '0', '-1', '-2']
2026-09-26 05:20:47 [INFO] detector: AutoLearner: suggestion from 3404 cycles (consistency=0.96, cv=0.098)
2026-09-26 05:20:48 [INFO] detector: Config updated remotely (keys=['SHABBAT_DETECTOR'])
2026-09-26 05:21:47 [INFO] detector: Config updated remotely (keys=['SHABBAT_DETECTOR'])
2026-09-26 05:21:55 [INFO] shabbat_detector.firebase_client: SSE stream connecting: https://ramada-elev-default-rtdb.europe-west1.firebasedatabase.app/elevator_configs/A.json
2026-09-26 05:24:25 [INFO] detector: Config updated remotely (keys=['AUTO_LEARN_CONFIG', 'BOTTOM_FLOOR', 'FLOOR_WAITS', 'SHABBAT_ACTIVE', 'SHABBAT_BREAK_ACTIVE', 'SHABBAT_DETECTOR', 'SHABBAT_MODE', 'STOPPING_FLOORS', 'STOPPING_FLOORS_DOWN', 'STOPPING_FLOORS_UP', 'TIME_PASS_FLOOR', 'TIME_PER_FLOOR', 'TOP_FLOOR', 'VISIBLE_FLOORS', 'secret_key'])
2026-09-26 05:26:22 [INFO] shabbat_detector.hebcal_gate: Hebcal refreshed: 5 start(s), 2 end(s) (geo=281184, diaspora=True)
2026-09-26 05:28:28 [INFO] shabbat_detector.cycle_analyzer: Cycle complete: 484s, up_stops=['-2', '-1', '0'], down_stops=['11', '9', '7', '5', '3', '1', '0', '-1', '-2']
2026-09-26 05:28:28 [INFO] detector: AutoLearner: suggestion from 3405 cycles (consistency=0.96, cv=0.098)
2026-09-26 05:28:29 [INFO] detector: Config updated remotely (keys=['SHABBAT_DETECTOR'])
2026-09-26 05:29:59 [INFO] detector: Config updated remotely (keys=['SHABBAT_DETECTOR'])
2026-09-26 05:36:23 [INFO] shabbat_detector.hebcal_gate: Hebcal refreshed: 5 start(s), 2 end(s) (geo=281184, diaspora=True)
2026-09-26 05:36:35 [INFO] shabbat_detector.cycle_analyzer: Cycle complete: 489s, up_stops=['-2', '-1', '0'], down_stops=['11', '9', '7', '5', '3', '1', '0', '-1', '-2']
2026-09-26 05:36:35 [INFO] detector: AutoLearner: suggestion from 3406 cycles (consistency=0.96, cv=0.098)
2026-09-26 05:36:36 [INFO] detector: Config updated remotely (keys=['SHABBAT_DETECTOR'])
2026-09-26 05:37:36 [INFO] detector: Config updated remotely (keys=['SHABBAT_DETECTOR'])
2026-09-26 05:44:42 [INFO] shabbat_detector.cycle_analyzer: Cycle complete: 486s, up_stops=['-2', '-1', '0'], down_stops=['11', '9', '7', '5', '3', '1', '0', '-1', '-2']
2026-09-26 05:44:43 [INFO] detector: AutoLearner: suggestion from 3407 cycles (consistency=0.96, cv=0.098)
2026-09-26 05:44:43 [INFO] detector: Config updated remotely (keys=['SHABBAT_DETECTOR'])
2026-09-26 05:45:43 [INFO] detector: Config updated remotely (keys=['SHABBAT_DETECTOR'])
2026-09-26 05:46:25 [INFO] shabbat_detector.hebcal_gate: Hebcal refreshed: 5 start(s), 2 end(s) (geo=281184, diaspora=True)
2026-09-26 05:53:13 [INFO] shabbat_detector.cycle_analyzer: Cycle complete: 486s, up_stops=['-2', '-1', '0'], down_stops=['11', '9', '7', '5', '3', '1', '0', '-1', '-2']
2026-09-26 05:53:14 [INFO] detector: AutoLearner: suggestion from 3408 cycles (consistency=0.96, cv=0.098)
2026-09-26 05:53:15 [INFO] detector: Config updated remotely (keys=['SHABBAT_DETECTOR'])
2026-09-26 05:53:44 [INFO] detector: Config updated remotely (keys=['SHABBAT_DETECTOR'])
2026-09-26 05:56:26 [INFO] shabbat_detector.hebcal_gate: Hebcal refreshed: 5 start(s), 2 end(s) (geo=281184, diaspora=True)
2026-09-26 06:01:20 [INFO] shabbat_detector.cycle_analyzer: Cycle complete: 488s, up_stops=['-2', '-1', '0'], down_stops=['11', '9', '7', '5', '3', '1', '0', '-1', '-2']
2026-09-26 06:01:20 [INFO] detector: AutoLearner: suggestion from 3409 cycles (consistency=0.96, cv=0.098)
2026-09-26 06:01:22 [INFO] detector: Config updated remotely (keys=['SHABBAT_DETECTOR'])
2026-09-26 06:03:21 [INFO] detector: Config updated remotely (keys=['SHABBAT_DETECTOR'])
2026-09-26 06:06:27 [INFO] shabbat_detector.hebcal_gate: Hebcal refreshed: 5 start(s), 2 end(s) (geo=281184, diaspora=True)
2026-09-26 06:09:27 [INFO] shabbat_detector.cycle_analyzer: Cycle complete: 486s, up_stops=['-2', '-1', '0'], down_stops=['11', '9', '7', '5', '3', '1', '0', '-1', '-2']
2026-09-26 06:09:28 [INFO] detector: AutoLearner: suggestion from 3410 cycles (consistency=0.96, cv=0.098)
2026-09-26 06:09:29 [INFO] detector: Config updated remotely (keys=['SHABBAT_DETECTOR'])
2026-09-26 06:11:28 [INFO] detector: Config updated remotely (keys=['SHABBAT_DETECTOR'])
2026-09-26 06:16:28 [INFO] shabbat_detector.hebcal_gate: Hebcal refreshed: 5 start(s), 2 end(s) (geo=281184, diaspora=True)
2026-09-26 06:17:34 [INFO] shabbat_detector.cycle_analyzer: Cycle complete: 487s, up_stops=['-2', '-1', '0'], down_stops=['11', '9', '7', '5', '3', '1', '0', '-1', '-2']
2026-09-26 06:17:34 [INFO] detector: AutoLearner: suggestion from 3411 cycles (consistency=0.96, cv=0.098)
2026-09-26 06:17:35 [INFO] detector: Config updated remotely (keys=['SHABBAT_DETECTOR'])
2026-09-26 06:19:35 [INFO] detector: Config updated remotely (keys=['SHABBAT_DETECTOR'])
2026-09-26 06:25:41 [INFO] shabbat_detector.cycle_analyzer: Cycle complete: 487s, up_stops=['-2', '-1', '0'], down_stops=['11', '9', '7', '5', '3', '1', '0', '-1', '-2']
2026-09-26 06:25:41 [INFO] detector: AutoLearner: suggestion from 3412 cycles (consistency=0.96, cv=0.098)
2026-09-26 06:25:43 [INFO] detector: Config updated remotely (keys=['SHABBAT_DETECTOR'])
2026-09-26 06:26:30 [INFO] shabbat_detector.hebcal_gate: Hebcal refreshed: 5 start(s), 2 end(s) (geo=281184, diaspora=True)
2026-09-26 06:27:12 [INFO] detector: Config updated remotely (keys=['SHABBAT_DETECTOR'])
2026-09-26 06:33:23 [INFO] shabbat_detector.cycle_analyzer: Cycle complete: 488s, up_stops=['-2', '-1', '0'], down_stops=['11', '9', '7', '5', '3', '1', '0', '-1', '-2']
2026-09-26 06:33:24 [INFO] detector: AutoLearner: suggestion from 3413 cycles (consistency=0.96, cv=0.098)
2026-09-26 06:33:24 [INFO] detector: Config updated remotely (keys=['SHABBAT_DETECTOR'])
2026-09-26 06:35:54 [INFO] detector: Config updated remotely (keys=['SHABBAT_DETECTOR'])
2026-09-26 06:36:32 [INFO] shabbat_detector.hebcal_gate: Hebcal refreshed: 5 start(s), 2 end(s) (geo=281184, diaspora=True)
2026-09-26 06:41:54 [INFO] shabbat_detector.cycle_analyzer: Cycle complete: 485s, up_stops=['-2', '-1', '0'], down_stops=['11', '9', '7', '5', '3', '1', '0', '-1', '-2']
2026-09-26 06:41:54 [INFO] detector: AutoLearner: suggestion from 3414 cycles (consistency=0.96, cv=0.098)
2026-09-26 06:41:55 [INFO] detector: Config updated remotely (keys=['SHABBAT_DETECTOR'])
2026-09-26 06:43:55 [INFO] detector: Config updated remotely (keys=['SHABBAT_DETECTOR'])
2026-09-26 06:46:33 [INFO] shabbat_detector.hebcal_gate: Hebcal refreshed: 5 start(s), 2 end(s) (geo=281184, diaspora=True)
2026-09-26 06:49:59 [INFO] shabbat_detector.cycle_analyzer: Cycle complete: 485s, up_stops=['-2', '-1', '0'], down_stops=['11', '9', '7', '5', '3', '1', '0', '-1', '-2']
2026-09-26 06:50:00 [INFO] detector: AutoLearner: suggestion from 3415 cycles (consistency=0.96, cv=0.098)
2026-09-26 06:50:01 [INFO] detector: Config updated remotely (keys=['SHABBAT_DETECTOR'])
2026-09-26 06:52:00 [INFO] detector: Config updated remotely (keys=['SHABBAT_DETECTOR'])
2026-09-26 06:56:34 [INFO] shabbat_detector.hebcal_gate: Hebcal refreshed: 5 start(s), 2 end(s) (geo=281184, diaspora=True)
2026-09-26 06:58:09 [INFO] shabbat_detector.cycle_analyzer: Cycle complete: 488s, up_stops=['-2', '-1', '0'], down_stops=['11', '9', '7', '5', '3', '1', '0', '-1', '-2']
2026-09-26 06:58:09 [INFO] detector: AutoLearner: suggestion from 3416 cycles (consistency=0.96, cv=0.098)
2026-09-26 06:58:10 [INFO] detector: Config updated remotely (keys=['SHABBAT_DETECTOR'])
2026-09-26 07:00:10 [INFO] detector: Config updated remotely (keys=['SHABBAT_DETECTOR'])
2026-09-26 07:05:48 [INFO] shabbat_detector.cycle_analyzer: Cycle complete: 486s, up_stops=['-2', '-1', '0'], down_stops=['11', '9', '7', '5', '3', '1', '0', '-1', '-2']
2026-09-26 07:05:49 [INFO] detector: AutoLearner: suggestion from 3417 cycles (consistency=0.96, cv=0.098)
2026-09-26 07:05:50 [INFO] detector: Config updated remotely (keys=['SHABBAT_DETECTOR'])
2026-09-26 07:06:36 [INFO] shabbat_detector.hebcal_gate: Hebcal refreshed: 5 start(s), 2 end(s) (geo=281184, diaspora=True)
2026-09-26 07:06:49 [INFO] detector: Config updated remotely (keys=['SHABBAT_DETECTOR'])
2026-09-26 07:16:37 [INFO] shabbat_detector.hebcal_gate: Hebcal refreshed: 5 start(s), 2 end(s) (geo=281184, diaspora=True)
2026-09-26 07:19:43 [WARNING] shabbat_detector.cycle_analyzer: Unexpected: touched opposite terminal again in leg 2
2026-09-26 07:22:27 [INFO] shabbat_detector.cycle_analyzer: Cycle complete: 975s, up_stops=['-2', '-1', '0', '11', '9', '7', '5', '3', '1', '0', '-1', '-2', '-2', '-1', '0'], down_stops=['11', '9', '7', '5', '3', '1', '0', '-1', '-2']
2026-09-26 07:23:58 [INFO] detector: Config updated remotely (keys=['SHABBAT_DETECTOR'])
2026-09-26 07:26:38 [INFO] shabbat_detector.hebcal_gate: Hebcal refreshed: 5 start(s), 2 end(s) (geo=281184, diaspora=True)
2026-09-26 07:30:33 [INFO] shabbat_detector.cycle_analyzer: Cycle complete: 486s, up_stops=['-2', '-1', '0'], down_stops=['11', '9', '7', '5', '3', '1', '0', '-1', '-2']
2026-09-26 07:30:33 [INFO] detector: AutoLearner: suggestion from 3418 cycles (consistency=0.96, cv=0.098)
2026-09-26 07:30:35 [INFO] detector: Config updated remotely (keys=['SHABBAT_DETECTOR'])
2026-09-26 07:32:04 [INFO] detector: Config updated remotely (keys=['SHABBAT_DETECTOR'])
2026-09-26 07:36:39 [INFO] shabbat_detector.hebcal_gate: Hebcal refreshed: 5 start(s), 2 end(s) (geo=281184, diaspora=True)
2026-09-26 07:38:40 [INFO] shabbat_detector.cycle_analyzer: Cycle complete: 487s, up_stops=['-2', '-1', '0'], down_stops=['11', '9', '7', '5', '3', '1', '0', '-1', '-2']
2026-09-26 07:38:41 [INFO] detector: AutoLearner: suggestion from 3419 cycles (consistency=0.96, cv=0.098)
2026-09-26 07:38:42 [INFO] detector: Config updated remotely (keys=['SHABBAT_DETECTOR'])
2026-09-26 07:40:11 [INFO] detector: Config updated remotely (keys=['SHABBAT_DETECTOR'])
2026-09-26 07:46:22 [INFO] shabbat_detector.cycle_analyzer: Cycle complete: 487s, up_stops=['-2', '-1', '0'], down_stops=['11', '9', '7', '5', '3', '1', '0', '-1', '-2']
2026-09-26 07:46:22 [INFO] detector: AutoLearner: suggestion from 3420 cycles (consistency=0.96, cv=0.098)
2026-09-26 07:46:23 [INFO] detector: Config updated remotely (keys=['SHABBAT_DETECTOR'])
2026-09-26 07:46:42 [INFO] shabbat_detector.hebcal_gate: Hebcal refreshed: 5 start(s), 2 end(s) (geo=281184, diaspora=True)
2026-09-26 07:48:22 [INFO] detector: Config updated remotely (keys=['SHABBAT_DETECTOR'])
2026-09-26 07:54:30 [INFO] shabbat_detector.cycle_analyzer: Cycle complete: 487s, up_stops=['-2', '-1', '0'], down_stops=['11', '9', '7', '5', '3', '1', '0', '-1', '-2']
2026-09-26 07:54:30 [INFO] detector: AutoLearner: suggestion from 3421 cycles (consistency=0.97, cv=0.098)
2026-09-26 07:54:31 [INFO] detector: Config updated remotely (keys=['SHABBAT_DETECTOR'])
2026-09-26 07:56:31 [INFO] detector: Config updated remotely (keys=['SHABBAT_DETECTOR'])
2026-09-26 07:56:43 [INFO] shabbat_detector.hebcal_gate: Hebcal refreshed: 5 start(s), 2 end(s) (geo=281184, diaspora=True)
2026-09-26 08:02:33 [INFO] shabbat_detector.cycle_analyzer: Cycle complete: 483s, up_stops=['-2', '-1', '0'], down_stops=['11', '9', '7', '5', '3', '1', '0', '-1', '-2']
2026-09-26 08:02:33 [INFO] detector: AutoLearner: suggestion from 3422 cycles (consistency=0.97, cv=0.098)
2026-09-26 08:02:34 [INFO] detector: Config updated remotely (keys=['SHABBAT_DETECTOR'])
2026-09-26 08:04:34 [INFO] detector: Config updated remotely (keys=['SHABBAT_DETECTOR'])
2026-09-26 08:06:44 [INFO] shabbat_detector.hebcal_gate: Hebcal refreshed: 5 start(s), 2 end(s) (geo=281184, diaspora=True)
2026-09-26 08:10:39 [INFO] shabbat_detector.cycle_analyzer: Cycle complete: 487s, up_stops=['-2', '-1', '0'], down_stops=['11', '9', '7', '5', '3', '1', '0', '-1', '-2']
2026-09-26 08:10:40 [INFO] detector: AutoLearner: suggestion from 3423 cycles (consistency=0.97, cv=0.098)
2026-09-26 08:10:40 [INFO] detector: Config updated remotely (keys=['SHABBAT_DETECTOR'])
2026-09-26 08:12:40 [INFO] detector: Config updated remotely (keys=['SHABBAT_DETECTOR'])
2026-09-26 08:16:45 [INFO] shabbat_detector.hebcal_gate: Hebcal refreshed: 5 start(s), 2 end(s) (geo=281184, diaspora=True)
2026-09-26 08:18:45 [INFO] shabbat_detector.cycle_analyzer: Cycle complete: 483s, up_stops=['-2', '-1', '0'], down_stops=['11', '9', '7', '5', '3', '1', '0', '-1', '-2']
2026-09-26 08:18:45 [INFO] detector: AutoLearner: suggestion from 3424 cycles (consistency=0.97, cv=0.098)
2026-09-26 08:18:46 [INFO] detector: Config updated remotely (keys=['SHABBAT_DETECTOR'])
2026-09-26 08:20:46 [INFO] detector: Config updated remotely (keys=['SHABBAT_DETECTOR'])
2026-09-26 08:26:45 [INFO] shabbat_detector.cycle_analyzer: Cycle complete: 483s, up_stops=['-2', '-1', '0'], down_stops=['11', '9', '7', '5', '3', '1', '0', '-1', '-2']
2026-09-26 08:26:45 [INFO] detector: AutoLearner: suggestion from 3425 cycles (consistency=0.97, cv=0.098)
2026-09-26 08:26:46 [INFO] detector: Config updated remotely (keys=['SHABBAT_DETECTOR'])
2026-09-26 08:26:47 [INFO] shabbat_detector.hebcal_gate: Hebcal refreshed: 5 start(s), 2 end(s) (geo=281184, diaspora=True)
2026-09-26 08:29:15 [INFO] detector: Config updated remotely (keys=['SHABBAT_DETECTOR'])
2026-09-26 08:34:49 [INFO] shabbat_detector.cycle_analyzer: Cycle complete: 485s, up_stops=['-2', '-1', '0'], down_stops=['11', '9', '7', '5', '3', '1', '0', '-1', '-2']
2026-09-26 08:34:50 [INFO] detector: AutoLearner: suggestion from 3426 cycles (consistency=0.97, cv=0.098)
2026-09-26 08:34:51 [INFO] detector: Config updated remotely (keys=['SHABBAT_DETECTOR'])
2026-09-26 08:36:48 [INFO] shabbat_detector.hebcal_gate: Hebcal refreshed: 5 start(s), 2 end(s) (geo=281184, diaspora=True)
2026-09-26 08:36:50 [INFO] detector: Config updated remotely (keys=['SHABBAT_DETECTOR'])
2026-09-26 08:43:19 [INFO] shabbat_detector.cycle_analyzer: Cycle complete: 485s, up_stops=['-2', '-1', '0'], down_stops=['11', '9', '7', '5', '3', '1', '0', '-1', '-2']
2026-09-26 08:43:19 [INFO] detector: AutoLearner: suggestion from 3427 cycles (consistency=0.97, cv=0.098)
2026-09-26 08:43:20 [INFO] detector: Config updated remotely (keys=['SHABBAT_DETECTOR'])
2026-09-26 08:44:50 [INFO] detector: Config updated remotely (keys=['SHABBAT_DETECTOR'])
2026-09-26 08:46:50 [INFO] shabbat_detector.hebcal_gate: Hebcal refreshed: 5 start(s), 2 end(s) (geo=281184, diaspora=True)
2026-09-26 08:51:25 [INFO] shabbat_detector.cycle_analyzer: Cycle complete: 483s, up_stops=['-2', '-1', '0'], down_stops=['11', '9', '7', '5', '3', '1', '0', '-1', '-2']
2026-09-26 08:51:26 [INFO] detector: AutoLearner: suggestion from 3428 cycles (consistency=0.97, cv=0.098)
2026-09-26 08:51:27 [INFO] detector: Config updated remotely (keys=['SHABBAT_DETECTOR'])
2026-09-26 08:53:26 [INFO] detector: Config updated remotely (keys=['SHABBAT_DETECTOR'])
2026-09-26 08:56:51 [INFO] shabbat_detector.hebcal_gate: Hebcal refreshed: 5 start(s), 2 end(s) (geo=281184, diaspora=True)
2026-09-26 08:59:28 [INFO] shabbat_detector.cycle_analyzer: Cycle complete: 485s, up_stops=['-2', '-1', '0'], down_stops=['11', '9', '7', '5', '3', '1', '0', '-1', '-2']
2026-09-26 08:59:29 [INFO] detector: AutoLearner: suggestion from 3429 cycles (consistency=0.97, cv=0.098)
2026-09-26 08:59:30 [INFO] detector: Config updated remotely (keys=['SHABBAT_DETECTOR'])
2026-09-26 09:01:29 [INFO] detector: Config updated remotely (keys=['SHABBAT_DETECTOR'])
2026-09-26 09:06:52 [INFO] shabbat_detector.hebcal_gate: Hebcal refreshed: 5 start(s), 2 end(s) (geo=281184, diaspora=True)
2026-09-26 09:07:35 [INFO] shabbat_detector.cycle_analyzer: Cycle complete: 488s, up_stops=['-2', '-1', '0'], down_stops=['11', '9', '7', '5', '3', '1', '0', '-1', '-2']
2026-09-26 09:07:36 [INFO] detector: AutoLearner: suggestion from 3430 cycles (consistency=0.97, cv=0.098)
2026-09-26 09:07:37 [INFO] detector: Config updated remotely (keys=['SHABBAT_DETECTOR'])
2026-09-26 09:09:36 [INFO] detector: Config updated remotely (keys=['SHABBAT_DETECTOR'])
2026-09-26 09:15:40 [INFO] shabbat_detector.cycle_analyzer: Cycle complete: 484s, up_stops=['-2', '-1', '0'], down_stops=['11', '9', '7', '5', '3', '1', '0', '-1', '-2']
2026-09-26 09:15:41 [INFO] detector: AutoLearner: suggestion from 3431 cycles (consistency=0.97, cv=0.098)
2026-09-26 09:15:42 [INFO] detector: Config updated remotely (keys=['SHABBAT_DETECTOR'])
2026-09-26 09:16:54 [INFO] shabbat_detector.hebcal_gate: Hebcal refreshed: 5 start(s), 2 end(s) (geo=281184, diaspora=True)
2026-09-26 09:17:11 [INFO] detector: Config updated remotely (keys=['SHABBAT_DETECTOR'])
2026-09-26 09:23:45 [INFO] shabbat_detector.cycle_analyzer: Cycle complete: 484s, up_stops=['-2', '-1', '0'], down_stops=['11', '9', '7', '5', '3', '1', '0', '-1', '-2']
2026-09-26 09:23:46 [INFO] detector: AutoLearner: suggestion from 3432 cycles (consistency=0.97, cv=0.098)
2026-09-26 09:23:47 [INFO] detector: Config updated remotely (keys=['SHABBAT_DETECTOR'])
2026-09-26 09:25:16 [INFO] detector: Config updated remotely (keys=['SHABBAT_DETECTOR'])
2026-09-26 09:26:55 [INFO] shabbat_detector.hebcal_gate: Hebcal refreshed: 5 start(s), 2 end(s) (geo=281184, diaspora=True)
2026-09-26 09:31:47 [INFO] shabbat_detector.cycle_analyzer: Cycle complete: 484s, up_stops=['-2', '-1', '0'], down_stops=['11', '9', '7', '5', '3', '1', '0', '-1', '-2']
2026-09-26 09:31:48 [INFO] detector: AutoLearner: suggestion from 3433 cycles (consistency=0.97, cv=0.098)
2026-09-26 09:31:49 [INFO] detector: Config updated remotely (keys=['SHABBAT_DETECTOR'])
2026-09-26 09:33:18 [INFO] detector: Config updated remotely (keys=['SHABBAT_DETECTOR'])
2026-09-26 09:36:57 [INFO] shabbat_detector.hebcal_gate: Hebcal refreshed: 5 start(s), 2 end(s) (geo=281184, diaspora=True)
2026-09-26 09:39:53 [INFO] shabbat_detector.cycle_analyzer: Cycle complete: 485s, up_stops=['-2', '-1', '0'], down_stops=['11', '9', '7', '5', '3', '1', '0', '-1', '-2']
2026-09-26 09:39:53 [INFO] detector: AutoLearner: suggestion from 3434 cycles (consistency=0.97, cv=0.098)
2026-09-26 09:39:55 [INFO] detector: Config updated remotely (keys=['SHABBAT_DETECTOR'])
2026-09-26 09:40:54 [INFO] detector: Config updated remotely (keys=['SHABBAT_DETECTOR'])
2026-09-26 09:46:58 [INFO] shabbat_detector.hebcal_gate: Hebcal refreshed: 5 start(s), 2 end(s) (geo=281184, diaspora=True)
2026-09-26 09:48:11 [INFO] shabbat_detector.cycle_analyzer: Cycle complete: 498s, up_stops=['-2', '-1', '0'], down_stops=['11', '9', '7', '5', '3', '1', '0', '-1', '-2']
2026-09-26 09:48:12 [INFO] detector: AutoLearner: suggestion from 3435 cycles (consistency=0.97, cv=0.098)
2026-09-26 09:48:13 [INFO] detector: Config updated remotely (keys=['SHABBAT_DETECTOR'])
2026-09-26 09:49:12 [INFO] detector: Config updated remotely (keys=['SHABBAT_DETECTOR'])
2026-09-26 09:55:50 [INFO] shabbat_detector.cycle_analyzer: Cycle complete: 483s, up_stops=['-2', '-1', '0'], down_stops=['11', '9', '7', '5', '3', '1', '0', '-1', '-2']
2026-09-26 09:55:51 [INFO] detector: AutoLearner: suggestion from 3436 cycles (consistency=0.97, cv=0.098)
2026-09-26 09:55:51 [INFO] detector: Config updated remotely (keys=['SHABBAT_DETECTOR'])
2026-09-26 09:57:04 [INFO] shabbat_detector.hebcal_gate: Hebcal refreshed: 5 start(s), 2 end(s) (geo=281184, diaspora=True)
2026-09-26 09:57:21 [INFO] detector: Config updated remotely (keys=['SHABBAT_DETECTOR'])
2026-09-26 10:04:19 [INFO] shabbat_detector.cycle_analyzer: Cycle complete: 484s, up_stops=['-2', '-1', '0'], down_stops=['11', '9', '7', '5', '3', '1', '0', '-1', '-2']
2026-09-26 10:04:19 [INFO] detector: AutoLearner: suggestion from 3437 cycles (consistency=0.97, cv=0.098)
2026-09-26 10:04:21 [INFO] detector: Config updated remotely (keys=['SHABBAT_DETECTOR'])
2026-09-26 10:05:50 [INFO] detector: Config updated remotely (keys=['SHABBAT_DETECTOR'])
2026-09-26 10:07:10 [INFO] shabbat_detector.hebcal_gate: Hebcal refreshed: 5 start(s), 2 end(s) (geo=281184, diaspora=True)
2026-09-26 10:12:13 [INFO] shabbat_detector.cycle_analyzer: Cycle complete: 500s, up_stops=['-2', '-1', '0'], down_stops=['11', '9', '7', '5', '3', '1', '0', '-1', '-2']
2026-09-26 10:12:13 [INFO] detector: AutoLearner: suggestion from 3438 cycles (consistency=0.97, cv=0.098)
2026-09-26 10:12:14 [INFO] detector: Config updated remotely (keys=['SHABBAT_DETECTOR'])
2026-09-26 10:13:43 [INFO] detector: Config updated remotely (keys=['SHABBAT_DETECTOR'])
2026-09-26 10:17:11 [INFO] shabbat_detector.hebcal_gate: Hebcal refreshed: 5 start(s), 2 end(s) (geo=281184, diaspora=True)
2026-09-26 10:20:44 [INFO] shabbat_detector.cycle_analyzer: Cycle complete: 486s, up_stops=['-2', '-1', '0'], down_stops=['11', '9', '7', '5', '3', '1', '0', '-1', '-2']
2026-09-26 10:20:44 [INFO] detector: AutoLearner: suggestion from 3439 cycles (consistency=0.97, cv=0.098)
2026-09-26 10:20:46 [INFO] detector: Config updated remotely (keys=['SHABBAT_DETECTOR'])
2026-09-26 10:22:15 [INFO] detector: Config updated remotely (keys=['SHABBAT_DETECTOR'])
2026-09-26 10:27:13 [INFO] shabbat_detector.hebcal_gate: Hebcal refreshed: 5 start(s), 2 end(s) (geo=281184, diaspora=True)
2026-09-26 10:28:24 [INFO] shabbat_detector.cycle_analyzer: Cycle complete: 484s, up_stops=['-2', '-1', '0'], down_stops=['11', '9', '7', '5', '3', '1', '0', '-1', '-2']
2026-09-26 10:28:25 [INFO] detector: AutoLearner: suggestion from 3440 cycles (consistency=0.97, cv=0.098)
2026-09-26 10:28:25 [INFO] detector: Config updated remotely (keys=['SHABBAT_DETECTOR'])
2026-09-26 10:29:55 [INFO] detector: Config updated remotely (keys=['SHABBAT_DETECTOR'])
2026-09-26 10:36:30 [INFO] shabbat_detector.cycle_analyzer: Cycle complete: 486s, up_stops=['-2', '-1', '0'], down_stops=['11', '9', '7', '5', '3', '1', '0', '-1', '-2']
2026-09-26 10:36:31 [INFO] detector: AutoLearner: suggestion from 3441 cycles (consistency=0.97, cv=0.098)
2026-09-26 10:36:31 [INFO] detector: Config updated remotely (keys=['SHABBAT_DETECTOR'])
2026-09-26 10:37:14 [INFO] shabbat_detector.hebcal_gate: Hebcal refreshed: 5 start(s), 2 end(s) (geo=281184, diaspora=True)
2026-09-26 10:38:01 [INFO] detector: Config updated remotely (keys=['SHABBAT_DETECTOR'])
2026-09-26 10:44:35 [INFO] shabbat_detector.cycle_analyzer: Cycle complete: 486s, up_stops=['-2', '-1', '0'], down_stops=['11', '9', '7', '5', '3', '1', '0', '-1', '-2']
2026-09-26 10:44:35 [INFO] detector: AutoLearner: suggestion from 3442 cycles (consistency=0.97, cv=0.098)
2026-09-26 10:44:36 [INFO] detector: Config updated remotely (keys=['SHABBAT_DETECTOR'])
2026-09-26 10:45:36 [INFO] detector: Config updated remotely (keys=['SHABBAT_DETECTOR'])
2026-09-26 10:47:15 [INFO] shabbat_detector.hebcal_gate: Hebcal refreshed: 5 start(s), 2 end(s) (geo=281184, diaspora=True)
2026-09-26 10:53:06 [INFO] shabbat_detector.cycle_analyzer: Cycle complete: 485s, up_stops=['-2', '-1', '0'], down_stops=['11', '9', '7', '5', '3', '1', '0', '-1', '-2']
2026-09-26 10:53:07 [INFO] detector: AutoLearner: suggestion from 3443 cycles (consistency=0.97, cv=0.098)
2026-09-26 10:53:09 [INFO] detector: Config updated remotely (keys=['SHABBAT_DETECTOR'])
2026-09-26 10:55:07 [INFO] detector: Config updated remotely (keys=['SHABBAT_DETECTOR'])
2026-09-26 10:57:16 [INFO] shabbat_detector.hebcal_gate: Hebcal refreshed: 5 start(s), 2 end(s) (geo=281184, diaspora=True)
2026-09-26 11:00:58 [INFO] shabbat_detector.cycle_analyzer: Cycle complete: 498s, up_stops=['-2', '-1', '0'], down_stops=['11', '9', '7', '5', '3', '1', '0', '-1', '-2']
2026-09-26 11:00:59 [INFO] detector: AutoLearner: suggestion from 3444 cycles (consistency=0.97, cv=0.098)
2026-09-26 11:00:59 [INFO] detector: Config updated remotely (keys=['SHABBAT_DETECTOR'])
2026-09-26 11:01:29 [INFO] detector: Config updated remotely (keys=['SHABBAT_DETECTOR'])
2026-09-26 11:07:18 [INFO] shabbat_detector.hebcal_gate: Hebcal refreshed: 5 start(s), 2 end(s) (geo=281184, diaspora=True)
2026-09-26 11:09:04 [INFO] shabbat_detector.cycle_analyzer: Cycle complete: 484s, up_stops=['-2', '-1', '0'], down_stops=['11', '9', '7', '5', '3', '1', '0', '-1', '-2']
2026-09-26 11:09:05 [INFO] detector: AutoLearner: suggestion from 3445 cycles (consistency=0.97, cv=0.098)
2026-09-26 11:09:05 [INFO] detector: Config updated remotely (keys=['SHABBAT_DETECTOR'])
2026-09-26 11:09:35 [INFO] detector: Config updated remotely (keys=['SHABBAT_DETECTOR'])
2026-09-26 11:17:19 [INFO] shabbat_detector.hebcal_gate: Hebcal refreshed: 5 start(s), 2 end(s) (geo=281184, diaspora=True)
2026-09-26 11:17:34 [INFO] shabbat_detector.cycle_analyzer: Cycle complete: 485s, up_stops=['-2', '-1', '0'], down_stops=['11', '9', '7', '5', '3', '1', '0', '-1', '-2']
2026-09-26 11:17:34 [INFO] detector: AutoLearner: suggestion from 3446 cycles (consistency=0.97, cv=0.098)
2026-09-26 11:17:35 [INFO] detector: Config updated remotely (keys=['SHABBAT_DETECTOR'])
2026-09-26 11:18:04 [INFO] detector: Config updated remotely (keys=['SHABBAT_DETECTOR'])
2026-09-26 11:25:15 [INFO] shabbat_detector.cycle_analyzer: Cycle complete: 489s, up_stops=['-2', '-1', '0'], down_stops=['11', '9', '7', '5', '3', '1', '0', '-1', '-2']
2026-09-26 11:25:15 [INFO] detector: AutoLearner: suggestion from 3447 cycles (consistency=0.97, cv=0.098)
2026-09-26 11:25:17 [INFO] detector: Config updated remotely (keys=['SHABBAT_DETECTOR'])
2026-09-26 11:25:46 [INFO] detector: Config updated remotely (keys=['SHABBAT_DETECTOR'])
2026-09-26 11:27:20 [INFO] shabbat_detector.hebcal_gate: Hebcal refreshed: 5 start(s), 2 end(s) (geo=281184, diaspora=True)
2026-09-26 11:33:46 [INFO] shabbat_detector.cycle_analyzer: Cycle complete: 484s, up_stops=['-2', '-1', '0'], down_stops=['11', '9', '7', '5', '3', '1', '0', '-1', '-2']
2026-09-26 11:33:47 [INFO] detector: AutoLearner: suggestion from 3448 cycles (consistency=0.97, cv=0.098)
2026-09-26 11:33:48 [INFO] detector: Config updated remotely (keys=['SHABBAT_DETECTOR'])
2026-09-26 11:35:47 [INFO] detector: Config updated remotely (keys=['SHABBAT_DETECTOR'])
2026-09-26 11:37:21 [INFO] shabbat_detector.hebcal_gate: Hebcal refreshed: 5 start(s), 2 end(s) (geo=281184, diaspora=True)
2026-09-26 11:41:25 [INFO] shabbat_detector.cycle_analyzer: Cycle complete: 483s, up_stops=['-2', '-1', '0'], down_stops=['11', '9', '7', '5', '3', '1', '0', '-1', '-2']
2026-09-26 11:41:26 [INFO] detector: AutoLearner: suggestion from 3449 cycles (consistency=0.97, cv=0.098)
2026-09-26 11:41:26 [INFO] detector: Config updated remotely (keys=['SHABBAT_DETECTOR'])
2026-09-26 11:43:56 [INFO] detector: Config updated remotely (keys=['SHABBAT_DETECTOR'])
2026-09-26 11:47:23 [INFO] shabbat_detector.hebcal_gate: Hebcal refreshed: 5 start(s), 2 end(s) (geo=281184, diaspora=True)
2026-09-26 11:49:51 [INFO] shabbat_detector.cycle_analyzer: Cycle complete: 487s, up_stops=['-2', '-1', '0'], down_stops=['11', '9', '7', '5', '3', '1', '0', '-1', '-2']
2026-09-26 11:49:52 [INFO] detector: AutoLearner: suggestion from 3450 cycles (consistency=0.97, cv=0.098)
2026-09-26 11:49:53 [INFO] detector: Config updated remotely (keys=['SHABBAT_DETECTOR'])
2026-09-26 11:49:53 [WARNING] shabbat_detector.firebase_client: Elevator stream reconnecting in 2s
2026-09-26 11:49:55 [INFO] shabbat_detector.firebase_client: SSE stream connecting: https://ramada-elev-default-rtdb.europe-west1.firebasedatabase.app/elevators/A.json
2026-09-26 11:51:52 [INFO] detector: Config updated remotely (keys=['SHABBAT_DETECTOR'])
2026-09-26 11:57:24 [INFO] shabbat_detector.hebcal_gate: Hebcal refreshed: 5 start(s), 2 end(s) (geo=281184, diaspora=True)
2026-09-26 11:57:37 [INFO] shabbat_detector.cycle_analyzer: Cycle complete: 487s, up_stops=['-2', '-1', '0'], down_stops=['11', '9', '7', '5', '3', '1', '0', '-1', '-2']
2026-09-26 11:57:37 [INFO] detector: AutoLearner: suggestion from 3451 cycles (consistency=0.97, cv=0.098)
2026-09-26 11:57:37 [INFO] detector: Config updated remotely (keys=['SHABBAT_DETECTOR'])
2026-09-26 11:58:08 [INFO] detector: Config updated remotely (keys=['SHABBAT_DETECTOR'])
2026-09-26 12:06:07 [INFO] shabbat_detector.cycle_analyzer: Cycle complete: 484s, up_stops=['-2', '-1', '0'], down_stops=['11', '9', '7', '5', '3', '1', '0', '-1', '-2']
2026-09-26 12:06:08 [INFO] detector: AutoLearner: suggestion from 3452 cycles (consistency=0.97, cv=0.098)
2026-09-26 12:06:09 [INFO] detector: Config updated remotely (keys=['SHABBAT_DETECTOR'])
2026-09-26 12:07:26 [INFO] shabbat_detector.hebcal_gate: Hebcal refreshed: 5 start(s), 2 end(s) (geo=281184, diaspora=True)
2026-09-26 12:08:38 [INFO] detector: Config updated remotely (keys=['SHABBAT_DETECTOR'])
2026-09-26 12:13:48 [INFO] shabbat_detector.cycle_analyzer: Cycle complete: 488s, up_stops=['-2', '-1', '0'], down_stops=['11', '9', '7', '5', '3', '1', '0', '-1', '-2']
2026-09-26 12:13:49 [INFO] detector: AutoLearner: suggestion from 3453 cycles (consistency=0.97, cv=0.098)
2026-09-26 12:13:50 [INFO] detector: Config updated remotely (keys=['SHABBAT_DETECTOR'])
2026-09-26 12:14:19 [INFO] detector: Config updated remotely (keys=['SHABBAT_DETECTOR'])
2026-09-26 12:17:28 [INFO] shabbat_detector.hebcal_gate: Hebcal refreshed: 5 start(s), 2 end(s) (geo=281184, diaspora=True)
2026-09-26 12:22:20 [INFO] shabbat_detector.cycle_analyzer: Cycle complete: 485s, up_stops=['-2', '-1', '0'], down_stops=['11', '9', '7', '5', '3', '1', '0', '-1', '-2']
2026-09-26 12:22:20 [INFO] detector: AutoLearner: suggestion from 3454 cycles (consistency=0.97, cv=0.098)
2026-09-26 12:22:21 [INFO] detector: Config updated remotely (keys=['SHABBAT_DETECTOR'])
2026-09-26 12:23:50 [INFO] detector: Config updated remotely (keys=['SHABBAT_DETECTOR'])
2026-09-26 12:27:29 [INFO] shabbat_detector.hebcal_gate: Hebcal refreshed: 5 start(s), 2 end(s) (geo=281184, diaspora=True)
2026-09-26 12:30:26 [INFO] shabbat_detector.cycle_analyzer: Cycle complete: 486s, up_stops=['-2', '-1', '0'], down_stops=['11', '9', '7', '5', '3', '1', '0', '-1', '-2']
2026-09-26 12:30:26 [INFO] detector: AutoLearner: suggestion from 3455 cycles (consistency=0.97, cv=0.098)
2026-09-26 12:30:28 [INFO] detector: Config updated remotely (keys=['SHABBAT_DETECTOR'])
2026-09-26 12:31:57 [INFO] detector: Config updated remotely (keys=['SHABBAT_DETECTOR'])
2026-09-26 12:37:30 [INFO] shabbat_detector.hebcal_gate: Hebcal refreshed: 5 start(s), 2 end(s) (geo=281184, diaspora=True)
2026-09-26 12:38:05 [INFO] shabbat_detector.cycle_analyzer: Cycle complete: 485s, up_stops=['-2', '-1', '0'], down_stops=['11', '9', '7', '5', '3', '1', '0', '-1', '-2']
2026-09-26 12:38:06 [INFO] detector: AutoLearner: suggestion from 3456 cycles (consistency=0.97, cv=0.098)
2026-09-26 12:38:07 [INFO] detector: Config updated remotely (keys=['SHABBAT_DETECTOR'])
2026-09-26 12:39:36 [INFO] detector: Config updated remotely (keys=['SHABBAT_DETECTOR'])
2026-09-26 12:46:13 [INFO] shabbat_detector.cycle_analyzer: Cycle complete: 488s, up_stops=['-2', '-1', '0'], down_stops=['11', '9', '7', '5', '3', '1', '0', '-1', '-2']
2026-09-26 12:46:14 [INFO] detector: AutoLearner: suggestion from 3457 cycles (consistency=0.97, cv=0.098)
2026-09-26 12:46:14 [INFO] detector: Config updated remotely (keys=['SHABBAT_DETECTOR'])
2026-09-26 12:47:31 [INFO] shabbat_detector.hebcal_gate: Hebcal refreshed: 5 start(s), 2 end(s) (geo=281184, diaspora=True)
2026-09-26 12:47:44 [INFO] detector: Config updated remotely (keys=['SHABBAT_DETECTOR'])
2026-09-26 12:54:43 [INFO] shabbat_detector.cycle_analyzer: Cycle complete: 485s, up_stops=['-2', '-1', '0'], down_stops=['11', '9', '7', '5', '3', '1', '0', '-1', '-2']
2026-09-26 12:54:44 [INFO] detector: AutoLearner: suggestion from 3458 cycles (consistency=0.97, cv=0.098)
2026-09-26 12:54:45 [INFO] detector: Config updated remotely (keys=['SHABBAT_DETECTOR'])
2026-09-26 12:56:14 [INFO] detector: Config updated remotely (keys=['SHABBAT_DETECTOR'])
2026-09-26 12:57:33 [INFO] shabbat_detector.hebcal_gate: Hebcal refreshed: 5 start(s), 2 end(s) (geo=281184, diaspora=True)
2026-09-26 13:02:49 [INFO] shabbat_detector.cycle_analyzer: Cycle complete: 485s, up_stops=['-2', '-1', '0'], down_stops=['11', '9', '7', '5', '3', '1', '0', '-1', '-2']
2026-09-26 13:02:49 [INFO] detector: AutoLearner: suggestion from 3459 cycles (consistency=0.97, cv=0.098)
2026-09-26 13:02:50 [INFO] detector: Config updated remotely (keys=['SHABBAT_DETECTOR'])
2026-09-26 13:04:19 [INFO] detector: Config updated remotely (keys=['SHABBAT_DETECTOR'])
2026-09-26 13:07:34 [INFO] shabbat_detector.hebcal_gate: Hebcal refreshed: 5 start(s), 2 end(s) (geo=281184, diaspora=True)
2026-09-26 13:10:31 [INFO] shabbat_detector.cycle_analyzer: Cycle complete: 486s, up_stops=['-2', '-1', '0'], down_stops=['11', '9', '7', '5', '3', '1', '0', '-1', '-2']
2026-09-26 13:10:31 [INFO] detector: AutoLearner: suggestion from 3460 cycles (consistency=0.97, cv=0.098)
2026-09-26 13:10:32 [INFO] detector: Config updated remotely (keys=['SHABBAT_DETECTOR'])
2026-09-26 13:12:32 [INFO] detector: Config updated remotely (keys=['SHABBAT_DETECTOR'])
2026-09-26 13:17:35 [INFO] shabbat_detector.hebcal_gate: Hebcal refreshed: 5 start(s), 2 end(s) (geo=281184, diaspora=True)
2026-09-26 13:18:59 [INFO] shabbat_detector.cycle_analyzer: Cycle complete: 484s, up_stops=['-2', '-1', '0'], down_stops=['11', '9', '7', '5', '3', '1', '0', '-1', '-2']
2026-09-26 13:18:59 [INFO] detector: AutoLearner: suggestion from 3461 cycles (consistency=0.97, cv=0.098)
2026-09-26 13:19:02 [INFO] detector: Config updated remotely (keys=['SHABBAT_DETECTOR'])
2026-09-26 13:21:30 [INFO] detector: Config updated remotely (keys=['SHABBAT_DETECTOR'])
2026-09-26 13:26:39 [INFO] shabbat_detector.cycle_analyzer: Cycle complete: 487s, up_stops=['-2', '-1', '0'], down_stops=['11', '9', '7', '5', '3', '1', '0', '-1', '-2']
2026-09-26 13:26:39 [INFO] detector: AutoLearner: suggestion from 3462 cycles (consistency=0.97, cv=0.098)
2026-09-26 13:26:41 [INFO] detector: Config updated remotely (keys=['SHABBAT_DETECTOR'])
2026-09-26 13:27:09 [INFO] detector: Config updated remotely (keys=['SHABBAT_DETECTOR'])
2026-09-26 13:27:36 [INFO] shabbat_detector.hebcal_gate: Hebcal refreshed: 5 start(s), 2 end(s) (geo=281184, diaspora=True)
2026-09-26 13:34:42 [INFO] shabbat_detector.cycle_analyzer: Cycle complete: 481s, up_stops=['-2', '-1', '0'], down_stops=['11', '9', '7', '5', '3', '1', '0', '-1', '-2']
2026-09-26 13:34:42 [INFO] detector: AutoLearner: suggestion from 3463 cycles (consistency=0.97, cv=0.098)
2026-09-26 13:34:43 [INFO] detector: Config updated remotely (keys=['SHABBAT_DETECTOR'])
2026-09-26 13:35:13 [INFO] detector: Config updated remotely (keys=['SHABBAT_DETECTOR'])
2026-09-26 13:37:37 [INFO] shabbat_detector.hebcal_gate: Hebcal refreshed: 5 start(s), 2 end(s) (geo=281184, diaspora=True)
2026-09-26 13:47:39 [INFO] shabbat_detector.hebcal_gate: Hebcal refreshed: 5 start(s), 2 end(s) (geo=281184, diaspora=True)
2026-09-26 13:48:28 [WARNING] shabbat_detector.cycle_analyzer: Unexpected: touched opposite terminal again in leg 2
2026-09-26 13:51:12 [INFO] shabbat_detector.cycle_analyzer: Cycle complete: 966s, up_stops=['-2', '-1', '0', '11', '9', '7', '5', '3', '1', '0', '-1', '-2', '-2', '-1', '0'], down_stops=['11', '9', '7', '5', '3', '1', '0', '-1', '-2']
2026-09-26 13:52:42 [INFO] detector: Config updated remotely (keys=['SHABBAT_DETECTOR'])
2026-09-26 13:57:40 [INFO] shabbat_detector.hebcal_gate: Hebcal refreshed: 5 start(s), 2 end(s) (geo=281184, diaspora=True)
2026-09-26 14:04:05 [WARNING] shabbat_detector.cycle_analyzer: Unexpected: touched opposite terminal again in leg 2
2026-09-26 14:07:15 [INFO] shabbat_detector.cycle_analyzer: Cycle complete: 962s, up_stops=['-2', '-1', '0', '11', '9', '7', '5', '3', '1', '0', '-1', '-2', '-2', '-1', '0'], down_stops=['11', '9', '7', '5', '3', '1', '0', '-1', '-2']
2026-09-26 14:07:41 [INFO] shabbat_detector.hebcal_gate: Hebcal refreshed: 5 start(s), 2 end(s) (geo=281184, diaspora=True)
2026-09-26 14:08:15 [INFO] detector: Config updated remotely (keys=['SHABBAT_DETECTOR'])
2026-09-26 14:15:22 [INFO] shabbat_detector.cycle_analyzer: Cycle complete: 485s, up_stops=['-2', '-1', '0'], down_stops=['11', '9', '7', '5', '3', '1', '0', '-1', '-2']
2026-09-26 14:15:23 [INFO] detector: AutoLearner: suggestion from 3464 cycles (consistency=0.97, cv=0.098)
2026-09-26 14:15:24 [INFO] detector: Config updated remotely (keys=['SHABBAT_DETECTOR'])
2026-09-26 14:15:53 [INFO] detector: Config updated remotely (keys=['SHABBAT_DETECTOR'])
2026-09-26 14:17:42 [INFO] shabbat_detector.hebcal_gate: Hebcal refreshed: 5 start(s), 2 end(s) (geo=281184, diaspora=True)
2026-09-26 14:23:27 [INFO] shabbat_detector.cycle_analyzer: Cycle complete: 488s, up_stops=['-2', '-1', '0'], down_stops=['11', '9', '7', '5', '3', '1', '0', '-1', '-2']
2026-09-26 14:23:27 [INFO] detector: AutoLearner: suggestion from 3465 cycles (consistency=0.97, cv=0.098)
2026-09-26 14:23:29 [INFO] detector: Config updated remotely (keys=['SHABBAT_DETECTOR'])
2026-09-26 14:23:57 [INFO] detector: Config updated remotely (keys=['SHABBAT_DETECTOR'])
2026-09-26 14:27:44 [INFO] shabbat_detector.hebcal_gate: Hebcal refreshed: 5 start(s), 2 end(s) (geo=281184, diaspora=True)
2026-09-26 14:31:07 [INFO] shabbat_detector.cycle_analyzer: Cycle complete: 484s, up_stops=['-2', '-1', '0'], down_stops=['11', '9', '7', '5', '3', '1', '0', '-1', '-2']
2026-09-26 14:31:08 [INFO] detector: AutoLearner: suggestion from 3466 cycles (consistency=0.97, cv=0.098)
2026-09-26 14:31:09 [INFO] detector: Config updated remotely (keys=['SHABBAT_DETECTOR'])
2026-09-26 14:32:08 [INFO] detector: Config updated remotely (keys=['SHABBAT_DETECTOR'])
2026-09-26 14:37:45 [INFO] shabbat_detector.hebcal_gate: Hebcal refreshed: 5 start(s), 2 end(s) (geo=281184, diaspora=True)
2026-09-26 14:39:40 [INFO] shabbat_detector.cycle_analyzer: Cycle complete: 489s, up_stops=['-2', '-1', '0'], down_stops=['11', '9', '7', '5', '3', '1', '0', '-1', '-2']
2026-09-26 14:39:40 [INFO] detector: AutoLearner: suggestion from 3467 cycles (consistency=0.97, cv=0.098)
2026-09-26 14:39:41 [INFO] detector: Config updated remotely (keys=['SHABBAT_DETECTOR'])
2026-09-26 14:40:10 [INFO] detector: Config updated remotely (keys=['SHABBAT_DETECTOR'])
2026-09-26 14:47:46 [INFO] shabbat_detector.hebcal_gate: Hebcal refreshed: 5 start(s), 2 end(s) (geo=281184, diaspora=True)
2026-09-26 14:47:46 [INFO] shabbat_detector.cycle_analyzer: Cycle complete: 485s, up_stops=['-2', '-1', '0'], down_stops=['11', '9', '7', '5', '3', '1', '0', '-1', '-2']
2026-09-26 14:47:47 [INFO] detector: AutoLearner: suggestion from 3468 cycles (consistency=0.97, cv=0.098)
2026-09-26 14:47:48 [INFO] detector: Config updated remotely (keys=['SHABBAT_DETECTOR'])
2026-09-26 14:48:17 [INFO] detector: Config updated remotely (keys=['SHABBAT_DETECTOR'])
2026-09-26 14:55:27 [INFO] shabbat_detector.cycle_analyzer: Cycle complete: 485s, up_stops=['-2', '-1', '0'], down_stops=['11', '9', '7', '5', '3', '1', '0', '-1', '-2']
2026-09-26 14:55:27 [INFO] detector: AutoLearner: suggestion from 3469 cycles (consistency=0.97, cv=0.098)
2026-09-26 14:55:27 [INFO] detector: Config updated remotely (keys=['SHABBAT_DETECTOR'])
2026-09-26 14:56:27 [INFO] detector: Config updated remotely (keys=['SHABBAT_DETECTOR'])
2026-09-26 14:57:48 [INFO] shabbat_detector.hebcal_gate: Hebcal refreshed: 5 start(s), 2 end(s) (geo=281184, diaspora=True)
2026-09-26 15:03:30 [INFO] shabbat_detector.cycle_analyzer: Cycle complete: 485s, up_stops=['-2', '-1', '0'], down_stops=['11', '9', '7', '5', '3', '1', '0', '-1', '-2']
2026-09-26 15:03:31 [INFO] detector: AutoLearner: suggestion from 3470 cycles (consistency=0.97, cv=0.098)
2026-09-26 15:03:32 [INFO] detector: Config updated remotely (keys=['SHABBAT_DETECTOR'])
2026-09-26 15:04:31 [INFO] detector: Config updated remotely (keys=['SHABBAT_DETECTOR'])
2026-09-26 15:07:50 [INFO] shabbat_detector.hebcal_gate: Hebcal refreshed: 5 start(s), 2 end(s) (geo=281184, diaspora=True)
2026-09-26 15:12:01 [INFO] shabbat_detector.cycle_analyzer: Cycle complete: 487s, up_stops=['-2', '-1', '0'], down_stops=['11', '9', '7', '5', '3', '1', '0', '-1', '-2']
2026-09-26 15:12:02 [INFO] detector: AutoLearner: suggestion from 3471 cycles (consistency=0.97, cv=0.098)
2026-09-26 15:12:03 [INFO] detector: Config updated remotely (keys=['SHABBAT_DETECTOR'])
2026-09-26 15:14:02 [INFO] detector: Config updated remotely (keys=['SHABBAT_DETECTOR'])
2026-09-26 15:17:51 [INFO] shabbat_detector.hebcal_gate: Hebcal refreshed: 5 start(s), 2 end(s) (geo=281184, diaspora=True)
2026-09-26 15:19:42 [INFO] shabbat_detector.cycle_analyzer: Cycle complete: 483s, up_stops=['-2', '-1', '0'], down_stops=['11', '9', '7', '5', '3', '1', '0', '-1', '-2']
2026-09-26 15:19:42 [INFO] detector: AutoLearner: suggestion from 3472 cycles (consistency=0.97, cv=0.098)
2026-09-26 15:19:43 [INFO] detector: Config updated remotely (keys=['SHABBAT_DETECTOR'])
2026-09-26 15:20:13 [INFO] detector: Config updated remotely (keys=['SHABBAT_DETECTOR'])
2026-09-26 15:27:48 [INFO] shabbat_detector.cycle_analyzer: Cycle complete: 488s, up_stops=['-2', '-1', '0'], down_stops=['11', '9', '7', '5', '3', '1', '0', '-1', '-2']
2026-09-26 15:27:49 [INFO] detector: AutoLearner: suggestion from 3473 cycles (consistency=0.97, cv=0.098)
2026-09-26 15:27:50 [INFO] detector: Config updated remotely (keys=['SHABBAT_DETECTOR'])
2026-09-26 15:27:52 [INFO] shabbat_detector.hebcal_gate: Hebcal refreshed: 5 start(s), 2 end(s) (geo=281184, diaspora=True)
2026-09-26 15:28:19 [INFO] detector: Config updated remotely (keys=['SHABBAT_DETECTOR'])
2026-09-26 15:35:55 [INFO] shabbat_detector.cycle_analyzer: Cycle complete: 488s, up_stops=['-2', '-1', '0'], down_stops=['11', '9', '7', '5', '3', '1', '0', '-1', '-2']
2026-09-26 15:35:55 [INFO] detector: AutoLearner: suggestion from 3474 cycles (consistency=0.97, cv=0.098)
2026-09-26 15:35:57 [INFO] detector: Config updated remotely (keys=['SHABBAT_DETECTOR'])
2026-09-26 15:36:56 [INFO] detector: Config updated remotely (keys=['SHABBAT_DETECTOR'])
2026-09-26 15:37:53 [INFO] shabbat_detector.hebcal_gate: Hebcal refreshed: 5 start(s), 2 end(s) (geo=281184, diaspora=True)
2026-09-26 15:44:01 [INFO] shabbat_detector.cycle_analyzer: Cycle complete: 486s, up_stops=['-2', '-1', '0'], down_stops=['11', '9', '7', '5', '3', '1', '0', '-1', '-2']
2026-09-26 15:44:02 [INFO] detector: AutoLearner: suggestion from 3475 cycles (consistency=0.97, cv=0.098)
2026-09-26 15:44:03 [INFO] detector: Config updated remotely (keys=['SHABBAT_DETECTOR'])
2026-09-26 15:45:02 [INFO] detector: Config updated remotely (keys=['SHABBAT_DETECTOR'])
2026-09-26 15:47:55 [INFO] shabbat_detector.hebcal_gate: Hebcal refreshed: 5 start(s), 2 end(s) (geo=281184, diaspora=True)
2026-09-26 15:52:32 [INFO] shabbat_detector.cycle_analyzer: Cycle complete: 484s, up_stops=['-2', '-1', '0'], down_stops=['11', '9', '7', '5', '3', '1', '0', '-1', '-2']
2026-09-26 15:52:32 [INFO] detector: AutoLearner: suggestion from 3476 cycles (consistency=0.97, cv=0.098)
2026-09-26 15:52:33 [INFO] detector: Config updated remotely (keys=['SHABBAT_DETECTOR'])
2026-09-26 15:55:02 [INFO] detector: Config updated remotely (keys=['SHABBAT_DETECTOR'])
2026-09-26 15:57:56 [INFO] shabbat_detector.hebcal_gate: Hebcal refreshed: 5 start(s), 2 end(s) (geo=281184, diaspora=True)
2026-09-26 16:00:50 [INFO] shabbat_detector.cycle_analyzer: Cycle complete: 498s, up_stops=['-2', '-1', '0'], down_stops=['11', '9', '7', '5', '3', '1', '0', '-1', '-2']
2026-09-26 16:00:50 [INFO] detector: AutoLearner: suggestion from 3477 cycles (consistency=0.97, cv=0.098)
2026-09-26 16:00:51 [INFO] detector: Config updated remotely (keys=['SHABBAT_DETECTOR'])
2026-09-26 16:00:51 [INFO] detector: Config updated remotely (keys=['SHABBAT_DETECTOR'])
2026-09-26 16:07:58 [INFO] shabbat_detector.hebcal_gate: Hebcal refreshed: 5 start(s), 2 end(s) (geo=281184, diaspora=True)
2026-09-26 16:08:56 [INFO] shabbat_detector.cycle_analyzer: Cycle complete: 486s, up_stops=['-2', '-1', '0'], down_stops=['11', '9', '7', '5', '3', '1', '0', '-1', '-2']
2026-09-26 16:08:56 [INFO] detector: AutoLearner: suggestion from 3478 cycles (consistency=0.97, cv=0.098)
2026-09-26 16:08:57 [INFO] detector: Config updated remotely (keys=['SHABBAT_DETECTOR'])
2026-09-26 16:09:26 [INFO] detector: Config updated remotely (keys=['SHABBAT_DETECTOR'])
2026-09-26 16:16:38 [INFO] shabbat_detector.cycle_analyzer: Cycle complete: 487s, up_stops=['-2', '-1', '0'], down_stops=['11', '9', '7', '5', '3', '1', '0', '-1', '-2']
2026-09-26 16:16:39 [INFO] detector: AutoLearner: suggestion from 3479 cycles (consistency=0.97, cv=0.098)
2026-09-26 16:16:39 [INFO] detector: Config updated remotely (keys=['SHABBAT_DETECTOR'])
2026-09-26 16:17:39 [INFO] detector: Config updated remotely (keys=['SHABBAT_DETECTOR'])
2026-09-26 16:17:59 [INFO] shabbat_detector.hebcal_gate: Hebcal refreshed: 5 start(s), 2 end(s) (geo=281184, diaspora=True)
2026-09-26 16:25:08 [INFO] shabbat_detector.cycle_analyzer: Cycle complete: 486s, up_stops=['-2', '-1', '0'], down_stops=['11', '9', '7', '5', '3', '1', '0', '-1', '-2']
2026-09-26 16:25:08 [INFO] detector: AutoLearner: suggestion from 3480 cycles (consistency=0.97, cv=0.098)
2026-09-26 16:25:09 [INFO] detector: Config updated remotely (keys=['SHABBAT_DETECTOR'])
2026-09-26 16:26:38 [INFO] detector: Config updated remotely (keys=['SHABBAT_DETECTOR'])
2026-09-26 16:28:01 [INFO] shabbat_detector.hebcal_gate: Hebcal refreshed: 5 start(s), 2 end(s) (geo=281184, diaspora=True)
2026-09-26 16:33:17 [INFO] shabbat_detector.cycle_analyzer: Cycle complete: 487s, up_stops=['-2', '-1', '0'], down_stops=['11', '9', '7', '5', '3', '1', '0', '-1', '-2']
2026-09-26 16:33:17 [INFO] detector: AutoLearner: suggestion from 3481 cycles (consistency=0.97, cv=0.098)
2026-09-26 16:33:18 [INFO] detector: Config updated remotely (keys=['SHABBAT_DETECTOR'])
2026-09-26 16:34:48 [INFO] detector: Config updated remotely (keys=['SHABBAT_DETECTOR'])
2026-09-26 16:38:02 [INFO] shabbat_detector.hebcal_gate: Hebcal refreshed: 5 start(s), 2 end(s) (geo=281184, diaspora=True)
2026-09-26 16:41:19 [INFO] shabbat_detector.cycle_analyzer: Cycle complete: 484s, up_stops=['-2', '-1', '0'], down_stops=['11', '9', '7', '5', '3', '1', '0', '-1', '-2']
2026-09-26 16:41:20 [INFO] detector: AutoLearner: suggestion from 3482 cycles (consistency=0.97, cv=0.098)
2026-09-26 16:41:21 [INFO] detector: Config updated remotely (keys=['SHABBAT_DETECTOR'])
2026-09-26 16:43:20 [INFO] detector: Config updated remotely (keys=['SHABBAT_DETECTOR'])
2026-09-26 16:48:03 [INFO] shabbat_detector.hebcal_gate: Hebcal refreshed: 5 start(s), 2 end(s) (geo=281184, diaspora=True)
2026-09-26 16:49:24 [INFO] shabbat_detector.cycle_analyzer: Cycle complete: 484s, up_stops=['-2', '-1', '0'], down_stops=['11', '9', '7', '5', '3', '1', '0', '-1', '-2']
2026-09-26 16:49:25 [INFO] detector: AutoLearner: suggestion from 3483 cycles (consistency=0.97, cv=0.098)
2026-09-26 16:49:26 [INFO] detector: Config updated remotely (keys=['SHABBAT_DETECTOR'])
2026-09-26 16:51:25 [INFO] detector: Config updated remotely (keys=['SHABBAT_DETECTOR'])
2026-09-26 16:57:05 [INFO] shabbat_detector.cycle_analyzer: Cycle complete: 485s, up_stops=['-2', '-1', '0'], down_stops=['11', '9', '7', '5', '3', '1', '0', '-1', '-2']
2026-09-26 16:57:06 [INFO] detector: AutoLearner: suggestion from 3484 cycles (consistency=0.97, cv=0.098)
2026-09-26 16:57:06 [INFO] detector: Config updated remotely (keys=['SHABBAT_DETECTOR'])
2026-09-26 16:57:36 [INFO] detector: Config updated remotely (keys=['SHABBAT_DETECTOR'])
2026-09-26 16:58:04 [INFO] shabbat_detector.hebcal_gate: Hebcal refreshed: 5 start(s), 2 end(s) (geo=281184, diaspora=True)
2026-09-26 17:05:10 [INFO] shabbat_detector.cycle_analyzer: Cycle complete: 485s, up_stops=['-2', '-1', '0'], down_stops=['11', '9', '7', '3', '1', '0', '-1', '-2']
2026-09-26 17:05:10 [INFO] detector: AutoLearner: suggestion from 3485 cycles (consistency=0.97, cv=0.098)
2026-09-26 17:05:11 [INFO] detector: Config updated remotely (keys=['SHABBAT_DETECTOR'])
2026-09-26 17:07:11 [INFO] detector: Config updated remotely (keys=['SHABBAT_DETECTOR'])
2026-09-26 17:08:05 [INFO] shabbat_detector.hebcal_gate: Hebcal refreshed: 5 start(s), 2 end(s) (geo=281184, diaspora=True)
2026-09-26 17:13:14 [INFO] shabbat_detector.cycle_analyzer: Cycle complete: 485s, up_stops=['-2', '-1', '0'], down_stops=['11', '9', '7', '5', '3', '1', '0', '-1', '-2']
2026-09-26 17:13:14 [INFO] detector: AutoLearner: suggestion from 3486 cycles (consistency=0.97, cv=0.098)
2026-09-26 17:13:15 [INFO] detector: Config updated remotely (keys=['SHABBAT_DETECTOR'])
2026-09-26 17:15:15 [INFO] detector: Config updated remotely (keys=['SHABBAT_DETECTOR'])
2026-09-26 17:18:07 [INFO] shabbat_detector.hebcal_gate: Hebcal refreshed: 5 start(s), 2 end(s) (geo=281184, diaspora=True)
2026-09-26 17:21:21 [INFO] shabbat_detector.cycle_analyzer: Cycle complete: 488s, up_stops=['-2', '-1', '0'], down_stops=['11', '9', '7', '5', '3', '1', '0', '-1', '-2']
2026-09-26 17:21:21 [INFO] detector: AutoLearner: suggestion from 3487 cycles (consistency=0.97, cv=0.098)
2026-09-26 17:21:21 [INFO] detector: Config updated remotely (keys=['SHABBAT_DETECTOR'])
2026-09-26 17:23:21 [INFO] detector: Config updated remotely (keys=['SHABBAT_DETECTOR'])
2026-09-26 17:28:09 [INFO] shabbat_detector.hebcal_gate: Hebcal refreshed: 5 start(s), 2 end(s) (geo=281184, diaspora=True)
2026-09-26 17:29:24 [INFO] shabbat_detector.cycle_analyzer: Cycle complete: 482s, up_stops=['-2', '-1', '0'], down_stops=['11', '9', '7', '5', '3', '1', '0', '-1', '-2']
2026-09-26 17:29:24 [INFO] detector: AutoLearner: suggestion from 3488 cycles (consistency=0.97, cv=0.098)
2026-09-26 17:29:25 [INFO] detector: Config updated remotely (keys=['SHABBAT_DETECTOR'])
2026-09-26 17:30:54 [INFO] detector: Config updated remotely (keys=['SHABBAT_DETECTOR'])
2026-09-26 17:38:08 [INFO] shabbat_detector.cycle_analyzer: Cycle complete: 498s, up_stops=['-2', '-1', '0'], down_stops=['11', '9', '7', '5', '3', '1', '0', '-1', '-2']
2026-09-26 17:38:08 [INFO] detector: AutoLearner: suggestion from 3489 cycles (consistency=0.97, cv=0.098)
2026-09-26 17:38:10 [INFO] detector: Config updated remotely (keys=['SHABBAT_DETECTOR'])
2026-09-26 17:38:11 [INFO] shabbat_detector.hebcal_gate: Hebcal refreshed: 5 start(s), 2 end(s) (geo=281184, diaspora=True)
2026-09-26 17:39:09 [INFO] detector: Config updated remotely (keys=['SHABBAT_DETECTOR'])
2026-09-26 17:46:14 [INFO] shabbat_detector.cycle_analyzer: Cycle complete: 486s, up_stops=['-2', '-1', '0'], down_stops=['11', '9', '7', '5', '3', '1', '0', '-1', '-2']
2026-09-26 17:46:14 [INFO] detector: AutoLearner: suggestion from 3490 cycles (consistency=0.97, cv=0.098)
2026-09-26 17:46:15 [INFO] detector: Config updated remotely (keys=['SHABBAT_DETECTOR'])
2026-09-26 17:47:15 [INFO] detector: Config updated remotely (keys=['SHABBAT_DETECTOR'])
2026-09-26 17:48:12 [INFO] shabbat_detector.hebcal_gate: Hebcal refreshed: 5 start(s), 2 end(s) (geo=281184, diaspora=True)
2026-09-26 17:53:51 [INFO] shabbat_detector.cycle_analyzer: Cycle complete: 484s, up_stops=['-2', '-1', '0'], down_stops=['11', '9', '7', '5', '3', '1', '0', '-1', '-2']
2026-09-26 17:53:52 [INFO] detector: AutoLearner: suggestion from 3491 cycles (consistency=0.97, cv=0.098)
2026-09-26 17:53:52 [INFO] detector: Config updated remotely (keys=['SHABBAT_DETECTOR'])
2026-09-26 17:55:22 [INFO] detector: Config updated remotely (keys=['SHABBAT_DETECTOR'])
2026-09-26 17:58:13 [INFO] shabbat_detector.hebcal_gate: Hebcal refreshed: 5 start(s), 2 end(s) (geo=281184, diaspora=True)
2026-09-26 18:02:19 [INFO] shabbat_detector.cycle_analyzer: Cycle complete: 482s, up_stops=['-2', '-1', '0'], down_stops=['11', '9', '7', '5', '3', '1', '0', '-1', '-2']
2026-09-26 18:02:19 [INFO] detector: AutoLearner: suggestion from 3492 cycles (consistency=0.97, cv=0.098)
2026-09-26 18:02:20 [INFO] detector: Config updated remotely (keys=['SHABBAT_DETECTOR'])
2026-09-26 18:03:50 [INFO] detector: Config updated remotely (keys=['SHABBAT_DETECTOR'])
2026-09-26 18:08:15 [INFO] shabbat_detector.hebcal_gate: Hebcal refreshed: 5 start(s), 2 end(s) (geo=281184, diaspora=True)
2026-09-26 18:09:59 [INFO] shabbat_detector.cycle_analyzer: Cycle complete: 485s, up_stops=['-2', '-1', '0'], down_stops=['11', '9', '7', '5', '3', '1', '0', '-1', '-2']
2026-09-26 18:09:59 [INFO] detector: AutoLearner: suggestion from 3493 cycles (consistency=0.97, cv=0.098)
2026-09-26 18:10:01 [INFO] detector: Config updated remotely (keys=['SHABBAT_DETECTOR'])
2026-09-26 18:10:30 [INFO] detector: Config updated remotely (keys=['SHABBAT_DETECTOR'])
2026-09-26 18:18:05 [INFO] shabbat_detector.cycle_analyzer: Cycle complete: 485s, up_stops=['-2', '-1', '0'], down_stops=['11', '9', '7', '5', '3', '1', '0', '-1', '-2']
2026-09-26 18:18:06 [INFO] detector: AutoLearner: suggestion from 3494 cycles (consistency=0.97, cv=0.098)
2026-09-26 18:18:06 [INFO] detector: Config updated remotely (keys=['SHABBAT_DETECTOR'])
2026-09-26 18:18:16 [INFO] shabbat_detector.hebcal_gate: Hebcal refreshed: 5 start(s), 2 end(s) (geo=281184, diaspora=True)
2026-09-26 18:18:36 [INFO] detector: Config updated remotely (keys=['SHABBAT_DETECTOR'])
2026-09-26 18:26:36 [INFO] shabbat_detector.cycle_analyzer: Cycle complete: 487s, up_stops=['-2', '-1', '0'], down_stops=['11', '9', '7', '5', '3', '1', '0', '-1', '-2']
2026-09-26 18:26:37 [INFO] detector: AutoLearner: suggestion from 3495 cycles (consistency=0.97, cv=0.098)
2026-09-26 18:26:38 [INFO] detector: Config updated remotely (keys=['SHABBAT_DETECTOR'])
2026-09-26 18:28:17 [INFO] shabbat_detector.hebcal_gate: Hebcal refreshed: 5 start(s), 2 end(s) (geo=281184, diaspora=True)
2026-09-26 18:28:37 [INFO] detector: Config updated remotely (keys=['SHABBAT_DETECTOR'])
2026-09-26 18:34:32 [INFO] shabbat_detector.cycle_analyzer: Cycle complete: 487s, up_stops=['-2', '-1', '0'], down_stops=['11', '9', '7', '5', '3', '1', '0', '-1', '-2']
2026-09-26 18:34:33 [INFO] detector: AutoLearner: suggestion from 3496 cycles (consistency=0.97, cv=0.098)
2026-09-26 18:34:34 [INFO] detector: Config updated remotely (keys=['SHABBAT_DETECTOR'])
2026-09-26 18:35:03 [INFO] detector: Config updated remotely (keys=['SHABBAT_DETECTOR'])
2026-09-26 18:38:20 [INFO] shabbat_detector.hebcal_gate: Hebcal refreshed: 5 start(s), 2 end(s) (geo=281184, diaspora=True)
2026-09-26 18:42:59 [INFO] shabbat_detector.cycle_analyzer: Cycle complete: 496s, up_stops=['-2', '-1', '0'], down_stops=['11', '9', '7', '5', '3', '1', '0', '-1', '-2']
2026-09-26 18:42:59 [INFO] detector: AutoLearner: suggestion from 3497 cycles (consistency=0.97, cv=0.098)
2026-09-26 18:43:01 [INFO] detector: Config updated remotely (keys=['SHABBAT_DETECTOR'])
2026-09-26 18:44:00 [INFO] detector: Config updated remotely (keys=['SHABBAT_DETECTOR'])
2026-09-26 18:48:22 [INFO] shabbat_detector.hebcal_gate: Hebcal refreshed: 5 start(s), 2 end(s) (geo=281184, diaspora=True)
2026-09-26 18:51:05 [INFO] shabbat_detector.cycle_analyzer: Cycle complete: 487s, up_stops=['-2', '-1', '0'], down_stops=['11', '9', '7', '5', '3', '1', '0', '-1', '-2']
2026-09-26 18:51:06 [INFO] detector: AutoLearner: suggestion from 3498 cycles (consistency=0.97, cv=0.098)
2026-09-26 18:51:07 [INFO] detector: Config updated remotely (keys=['SHABBAT_DETECTOR'])
2026-09-26 18:51:36 [INFO] detector: Config updated remotely (keys=['SHABBAT_DETECTOR'])
2026-09-26 18:58:23 [INFO] shabbat_detector.hebcal_gate: Hebcal refreshed: 5 start(s), 2 end(s) (geo=281184, diaspora=True)
2026-09-26 18:59:11 [INFO] shabbat_detector.cycle_analyzer: Cycle complete: 486s, up_stops=['-2', '-1', '0'], down_stops=['11', '9', '7', '5', '3', '1', '0', '-1', '-2']
2026-09-26 18:59:12 [INFO] detector: AutoLearner: suggestion from 3499 cycles (consistency=0.97, cv=0.098)
2026-09-26 18:59:13 [INFO] detector: Config updated remotely (keys=['SHABBAT_DETECTOR'])
2026-09-26 18:59:42 [INFO] detector: Config updated remotely (keys=['SHABBAT_DETECTOR'])
2026-09-26 19:07:05 [INFO] shabbat_detector.cycle_analyzer: Cycle complete: 498s, up_stops=['-2', '-1', '0'], down_stops=['11', '9', '7', '5', '3', '1', '0', '-1', '-2']
2026-09-26 19:07:06 [INFO] detector: AutoLearner: suggestion from 3500 cycles (consistency=0.97, cv=0.098)
2026-09-26 19:07:06 [INFO] detector: Config updated remotely (keys=['SHABBAT_DETECTOR'])
2026-09-26 19:08:06 [INFO] detector: Config updated remotely (keys=['SHABBAT_DETECTOR'])
2026-09-26 19:08:24 [INFO] shabbat_detector.hebcal_gate: Hebcal refreshed: 5 start(s), 2 end(s) (geo=281184, diaspora=True)
2026-09-26 19:15:37 [INFO] shabbat_detector.cycle_analyzer: Cycle complete: 488s, up_stops=['-2', '-1', '0'], down_stops=['11', '9', '7', '5', '3', '1', '0', '-1', '-2']
2026-09-26 19:15:37 [INFO] detector: AutoLearner: suggestion from 3501 cycles (consistency=0.97, cv=0.098)
2026-09-26 19:15:39 [INFO] detector: Config updated remotely (keys=['SHABBAT_DETECTOR'])
2026-09-26 19:16:08 [INFO] detector: Config updated remotely (keys=['SHABBAT_DETECTOR'])
2026-09-26 19:18:25 [INFO] shabbat_detector.hebcal_gate: Hebcal refreshed: 5 start(s), 2 end(s) (geo=281184, diaspora=True)
2026-09-26 19:28:27 [INFO] shabbat_detector.hebcal_gate: Hebcal refreshed: 5 start(s), 2 end(s) (geo=281184, diaspora=True)
2026-09-26 19:29:05 [WARNING] shabbat_detector.cycle_analyzer: Unexpected: touched opposite terminal again in leg 2
2026-09-26 19:31:23 [INFO] shabbat_detector.cycle_analyzer: Cycle complete: 970s, up_stops=['-2', '-1', '0', '11', '9', '7', '5', '3', '1', '0', '-1', '-2', '-2', '-1', '0'], down_stops=['11', '9', '7', '5', '3', '1', '0', '-1', '-2']
2026-09-26 19:31:23 [INFO] shabbat_detector.fsm: [A] DetectorState.SHABBAT → DetectorState.CANDIDATE_EXIT
2026-09-26 19:31:23 [INFO] detector: SHABBAT TRANSITION SHABBAT -> CANDIDATE_EXIT | סיבה: 1 מחזורים חריגים ברצף - ממתין לאישור יציאה
2026-09-26 19:32:53 [INFO] detector: Config updated remotely (keys=['SHABBAT_DETECTOR'])
2026-09-26 19:38:28 [INFO] shabbat_detector.hebcal_gate: Hebcal refreshed: 5 start(s), 2 end(s) (geo=281184, diaspora=True)
2026-09-26 19:41:36 [INFO] shabbat_detector.fsm: [A] DetectorState.CANDIDATE_EXIT → DetectorState.NORMAL
2026-09-26 19:41:36 [INFO] detector: SHABBAT TRANSITION CANDIDATE_EXIT -> NORMAL | סיבה: יציאה ממצב שבת - 4 חריגות תוך 10 דקות
2026-09-26 19:42:06 [INFO] detector: Config updated remotely (keys=['SHABBAT_DETECTOR', 'SHABBAT_ACTIVE'])
2026-09-26 19:48:01 [WARNING] shabbat_detector.cycle_analyzer: Unexpected: touched opposite terminal again in leg 2
2026-09-26 19:49:07 [INFO] shabbat_detector.hebcal_gate: Hebcal refreshed: 5 start(s), 2 end(s) (geo=281184, diaspora=True)
2026-09-26 19:51:17 [INFO] shabbat_detector.cycle_analyzer: Cycle complete: 1203s, up_stops=['-2', '6', '11', '-1', '11', '-1', '-2', '-1', '7', '5', '3', '2', '1', '-1', '-2', '-1', '2', '4', '5', '6', '7'], down_stops=['11', '9', '7', '5', '3', '1', '0', '-1', '1', '7', '4', '1', '-1', '1', '5', '6', '10', '11', '7', '3', '-1']
2026-09-26 19:51:17 [INFO] shabbat_detector.fsm: [A] DetectorState.NORMAL → DetectorState.CANDIDATE_SHABBAT
2026-09-26 19:51:17 [INFO] detector: SHABBAT TRANSITION NORMAL -> CANDIDATE_SHABBAT | סיבה: מחזור אפשרי החל - ממתין להשלמה
2026-09-26 19:51:18 [INFO] shabbat_detector.fsm: [A] DetectorState.CANDIDATE_SHABBAT → DetectorState.NORMAL
2026-09-26 19:51:18 [INFO] detector: SHABBAT TRANSITION CANDIDATE_SHABBAT -> NORMAL | סיבה: מחזור לא תאם - עצירות לא חוקיות בעלייה: ['1', '11', '2', '3', '4', '5', '6', '7']; עצירות לא חוקיות בירידה: ['10', '4', '6']; קפיצות-אחורה (עלייה 9, ירידה 7); חזרות על קומות (עלייה 11, ירידה 10); 6 חריגות טיימינג
2026-09-26 19:51:18 [INFO] detector: Config updated remotely (keys=['SHABBAT_DETECTOR'])
2026-09-26 19:53:19 [INFO] detector: Config updated remotely (keys=['SHABBAT_DETECTOR'])
2026-09-26 19:58:46 [INFO] shabbat_detector.cycle_analyzer: Cycle aborted: returned to TOP without reaching BOTTOM
2026-09-26 19:58:46 [INFO] shabbat_detector.fsm: [A] DetectorState.NORMAL → DetectorState.CANDIDATE_SHABBAT
2026-09-26 19:58:46 [INFO] detector: SHABBAT TRANSITION NORMAL -> CANDIDATE_SHABBAT | סיבה: מחזור אפשרי החל - ממתין להשלמה
2026-09-26 19:59:07 [INFO] shabbat_detector.hebcal_gate: Hebcal refreshed: 5 start(s), 2 end(s) (geo=281184, diaspora=True)
2026-09-26 20:00:47 [INFO] detector: Config updated remotely (keys=['SHABBAT_DETECTOR'])
2026-09-26 20:05:16 [WARNING] shabbat_detector.cycle_analyzer: Unexpected: touched opposite terminal again in leg 2
2026-09-26 20:08:02 [INFO] shabbat_detector.cycle_analyzer: Cycle complete: 546s, up_stops=['-1', '2', '-1', '1', '5', '-1', '6', '-1', '-2', '3', '10', '-1', '6'], down_stops=['11', '10', '5', '1', '-1', '-2']
2026-09-26 20:08:02 [INFO] shabbat_detector.fsm: [A] DetectorState.CANDIDATE_SHABBAT → DetectorState.NORMAL
2026-09-26 20:08:02 [INFO] detector: SHABBAT TRANSITION CANDIDATE_SHABBAT -> NORMAL | סיבה: מחזור לא תאם - עצירות לא חוקיות בעלייה: ['1', '10', '2', '3', '5', '6']; עצירות לא חוקיות בירידה: ['10']; קפיצות-אחורה (עלייה 5, ירידה 0); 4 חריגות טיימינג
2026-09-26 20:08:32 [INFO] detector: Config updated remotely (keys=['SHABBAT_DETECTOR'])
2026-09-26 20:08:57 [INFO] shabbat_detector.hebcal_gate: Hebcal refreshed: 5 start(s), 2 end(s) (geo=281184, diaspora=True)
2026-09-26 20:13:22 [INFO] shabbat_detector.cycle_analyzer: Cycle complete: 321s, up_stops=['2', '-1', '-1', '6'], down_stops=['7', '6', '-1', '3']
2026-09-26 20:13:22 [INFO] shabbat_detector.fsm: [A] DetectorState.NORMAL → DetectorState.CANDIDATE_SHABBAT
2026-09-26 20:13:22 [INFO] detector: SHABBAT TRANSITION NORMAL -> CANDIDATE_SHABBAT | סיבה: מחזור אפשרי החל - ממתין להשלמה
2026-09-26 20:13:23 [INFO] shabbat_detector.fsm: [A] DetectorState.CANDIDATE_SHABBAT → DetectorState.NORMAL
2026-09-26 20:13:23 [INFO] detector: SHABBAT TRANSITION CANDIDATE_SHABBAT -> NORMAL | סיבה: מחזור לא תאם - עצירות לא חוקיות בעלייה: ['2', '6']; עצירות לא חוקיות בירידה: ['6']; כיסוי קומות חלקי (עלייה 33%, ירידה 33%); 3 חריגות טיימינג
2026-09-26 20:13:23 [INFO] detector: Config updated remotely (keys=['SHABBAT_DETECTOR'])
2026-09-26 20:14:23 [INFO] detector: Config updated remotely (keys=['SHABBAT_DETECTOR'])
2026-09-26 20:17:45 [INFO] shabbat_detector.cycle_analyzer: Cycle aborted: returned to TOP without reaching BOTTOM
2026-09-26 20:17:45 [INFO] shabbat_detector.fsm: [A] DetectorState.NORMAL → DetectorState.CANDIDATE_SHABBAT
2026-09-26 20:17:45 [INFO] detector: SHABBAT TRANSITION NORMAL -> CANDIDATE_SHABBAT | סיבה: מחזור אפשרי החל - ממתין להשלמה
2026-09-26 20:19:03 [INFO] shabbat_detector.hebcal_gate: Hebcal refreshed: 5 start(s), 2 end(s) (geo=281184, diaspora=True)
2026-09-26 20:19:45 [INFO] detector: Config updated remotely (keys=['SHABBAT_DETECTOR'])
2026-09-26 20:20:08 [INFO] shabbat_detector.cycle_analyzer: Cycle aborted: returned to TOP without reaching BOTTOM
2026-09-26 20:29:08 [INFO] shabbat_detector.hebcal_gate: Hebcal refreshed: 5 start(s), 2 end(s) (geo=281184, diaspora=True)
2026-09-26 20:39:04 [INFO] shabbat_detector.hebcal_gate: Hebcal refreshed: 5 start(s), 2 end(s) (geo=281184, diaspora=True)
2026-09-26 20:49:29 [INFO] shabbat_detector.hebcal_gate: Hebcal refreshed: 5 start(s), 2 end(s) (geo=281184, diaspora=True)
2026-09-26 20:55:41 [INFO] shabbat_detector.cycle_analyzer: Cycle complete: 2162s, up_stops=['3', '-1', '8', '-1', '3', '1', '-1', '6', '-1', '3', '-1', '8', '4', '-1', '6', '7', '9', '8', '-1', '8', '-1', '3', '7', '-1', '3', '5', '6', '8', '9', '5', '-1', '11', '-1', '4', '-1'], down_stops=['7', '-1', '4', '1', '-1', '5', '6', '-1', '7', '5', '3', '-1']
2026-09-26 20:55:41 [INFO] shabbat_detector.fsm: [A] DetectorState.CANDIDATE_SHABBAT → DetectorState.NORMAL
2026-09-26 20:55:41 [INFO] detector: SHABBAT TRANSITION CANDIDATE_SHABBAT -> NORMAL | סיבה: מחזור לא תאם - עצירות לא חוקיות בעלייה: ['1', '11', '3', '4', '5', '6', '7', '8', '9']; עצירות לא חוקיות בירידה: ['4', '6']; כיסוי קומות חלקי (עלייה 33%, ירידה 56%); קפיצות-אחורה (עלייה 16, ירידה 4); חזרות על קומות (עלייה 25, ירידה 5); 8 חריגות טיימינג
2026-09-26 20:56:41 [INFO] detector: Config updated remotely (keys=['SHABBAT_DETECTOR'])
2026-09-26 21:00:30 [INFO] shabbat_detector.hebcal_gate: Hebcal refreshed: 5 start(s), 2 end(s) (geo=281184, diaspora=True)
2026-09-26 21:08:47 [WARNING] shabbat_detector.cycle_analyzer: Unexpected: touched opposite terminal again in leg 2
2026-09-26 21:09:39 [WARNING] shabbat_detector.cycle_analyzer: Unexpected: touched opposite terminal again in leg 2
2026-09-26 21:10:31 [INFO] shabbat_detector.hebcal_gate: Hebcal refreshed: 5 start(s), 2 end(s) (geo=281184, diaspora=True)
2026-09-26 21:13:22 [WARNING] shabbat_detector.cycle_analyzer: Unexpected: touched opposite terminal again in leg 2
2026-09-26 21:16:48 [INFO] shabbat_detector.cycle_analyzer: Cycle complete: 1280s, up_stops=['3', '-1', '8', '-1', '-2', '6', '4', '1', '-1', '1', '-1', '8', '7', '3', '-1', '2', '7'], down_stops=['10', '-1', '6', '-1', '3', '6', '-1', '5', '3', '-1', '3', '-1', '3', '4', '-1', '3']
2026-09-26 21:16:48 [INFO] shabbat_detector.fsm: [A] DetectorState.NORMAL → DetectorState.CANDIDATE_SHABBAT
2026-09-26 21:16:48 [INFO] detector: SHABBAT TRANSITION NORMAL -> CANDIDATE_SHABBAT | סיבה: מחזור אפשרי החל - ממתין להשלמה
2026-09-26 21:16:48 [INFO] shabbat_detector.fsm: [A] DetectorState.CANDIDATE_SHABBAT → DetectorState.NORMAL
2026-09-26 21:16:48 [INFO] detector: SHABBAT TRANSITION CANDIDATE_SHABBAT -> NORMAL | סיבה: מחזור לא תאם - עצירות לא חוקיות בעלייה: ['1', '2', '3', '4', '6', '7', '8']; עצירות לא חוקיות בירידה: ['10', '4', '6']; כיסוי קומות חלקי (עלייה 67%, ירידה 33%); קפיצות-אחורה (עלייה 10, ירידה 8); 9 חריגות טיימינג
2026-09-26 21:16:49 [INFO] detector: Config updated remotely (keys=['SHABBAT_DETECTOR'])
2026-09-26 21:17:18 [INFO] detector: Config updated remotely (keys=['SHABBAT_DETECTOR'])
2026-09-26 21:20:40 [INFO] shabbat_detector.hebcal_gate: Hebcal refreshed: 5 start(s), 2 end(s) (geo=281184, diaspora=True)
2026-09-26 21:21:52 [INFO] shabbat_detector.cycle_analyzer: Cycle aborted: returned to TOP without reaching BOTTOM
2026-09-26 21:21:52 [INFO] shabbat_detector.fsm: [A] DetectorState.NORMAL → DetectorState.CANDIDATE_SHABBAT
2026-09-26 21:21:52 [INFO] detector: SHABBAT TRANSITION NORMAL -> CANDIDATE_SHABBAT | סיבה: מחזור אפשרי החל - ממתין להשלמה
2026-09-26 21:22:23 [INFO] detector: Config updated remotely (keys=['SHABBAT_DETECTOR'])
2026-09-26 21:30:02 [WARNING] shabbat_detector.cycle_analyzer: Unexpected: touched opposite terminal again in leg 2
2026-09-26 21:30:46 [INFO] shabbat_detector.hebcal_gate: Hebcal refreshed: 5 start(s), 2 end(s) (geo=281184, diaspora=True)
2026-09-26 21:32:14 [WARNING] shabbat_detector.cycle_analyzer: Unexpected: touched opposite terminal again in leg 2
2026-09-26 21:36:41 [INFO] shabbat_detector.cycle_analyzer: Cycle complete: 942s, up_stops=['-1', '-1', '1', '3', '-1', '3', '10'], down_stops=['6', '-1', '8', '-1', '6', '-1', '2', '11', '-1', '2', '3', '-2', '3', '-1']
2026-09-26 21:36:41 [INFO] shabbat_detector.fsm: [A] DetectorState.CANDIDATE_SHABBAT → DetectorState.NORMAL
2026-09-26 21:36:41 [INFO] detector: SHABBAT TRANSITION CANDIDATE_SHABBAT -> NORMAL | סיבה: מחזור לא תאם - עצירות לא חוקיות בעלייה: ['1', '10', '3']; עצירות לא חוקיות בירידה: ['2', '6', '8']; כיסוי קומות חלקי (עלייה 33%, ירידה 44%); קפיצות-אחורה (עלייה 1, ירידה 7); 6 חריגות טיימינג
2026-09-26 21:39:12 [INFO] detector: Config updated remotely (keys=['SHABBAT_DETECTOR'])
2026-09-26 21:42:51 [INFO] shabbat_detector.hebcal_gate: Hebcal refreshed: 5 start(s), 2 end(s) (geo=281184, diaspora=True)
2026-09-26 21:48:29 [INFO] shabbat_detector.cycle_analyzer: Elevator idle 307s - resetting cycle (was in _Phase.LEG_ONE)
2026-09-26 21:48:49 [INFO] shabbat_detector.fsm: [A] DetectorState.NORMAL → DetectorState.CANDIDATE_SHABBAT
2026-09-26 21:48:49 [INFO] detector: SHABBAT TRANSITION NORMAL -> CANDIDATE_SHABBAT | סיבה: מחזור אפשרי החל - ממתין להשלמה
2026-09-26 21:50:49 [INFO] detector: Config updated remotely (keys=['SHABBAT_DETECTOR'])
2026-09-26 21:53:40 [INFO] shabbat_detector.hebcal_gate: Hebcal refreshed: 5 start(s), 2 end(s) (geo=281184, diaspora=True)
2026-09-26 21:57:20 [INFO] shabbat_detector.cycle_analyzer: Cycle complete: 510s, up_stops=[], down_stops=['-1', '3', '-1', '1', '5']
2026-09-26 21:57:20 [INFO] shabbat_detector.fsm: [A] DetectorState.CANDIDATE_SHABBAT → DetectorState.NORMAL
2026-09-26 21:57:20 [INFO] detector: SHABBAT TRANSITION CANDIDATE_SHABBAT -> NORMAL | סיבה: מחזור לא תאם - כיסוי קומות חלקי (עלייה 0%, ירידה 44%); 4 חריגות טיימינג
2026-09-26 21:58:50 [INFO] detector: Config updated remotely (keys=['SHABBAT_DETECTOR'])
2026-09-26 22:03:51 [INFO] shabbat_detector.hebcal_gate: Hebcal refreshed: 5 start(s), 2 end(s) (geo=281184, diaspora=True)
2026-09-26 22:04:35 [INFO] shabbat_detector.cycle_analyzer: Cycle aborted: returned to BOTTOM without reaching TOP
2026-09-26 22:04:35 [INFO] shabbat_detector.fsm: [A] DetectorState.NORMAL → DetectorState.CANDIDATE_SHABBAT
2026-09-26 22:04:35 [INFO] detector: SHABBAT TRANSITION NORMAL -> CANDIDATE_SHABBAT | סיבה: מחזור אפשרי החל - ממתין להשלמה
2026-09-26 22:06:06 [INFO] detector: Config updated remotely (keys=['SHABBAT_DETECTOR'])
2026-09-26 22:12:20 [INFO] shabbat_detector.cycle_analyzer: Cycle complete: 424s, up_stops=['2', '3', '-1', '4'], down_stops=['-2', '2', '3', '-2']
2026-09-26 22:12:20 [INFO] shabbat_detector.fsm: [A] DetectorState.CANDIDATE_SHABBAT → DetectorState.NORMAL
2026-09-26 22:12:20 [INFO] detector: SHABBAT TRANSITION CANDIDATE_SHABBAT -> NORMAL | סיבה: מחזור לא תאם - עצירות לא חוקיות בעלייה: ['2', '3', '4']; עצירות לא חוקיות בירידה: ['2']; כיסוי קומות חלקי (עלייה 33%, ירידה 22%); 3 חריגות טיימינג
2026-09-26 22:13:20 [INFO] detector: Config updated remotely (keys=['SHABBAT_DETECTOR'])
2026-09-26 22:13:57 [INFO] shabbat_detector.hebcal_gate: Hebcal refreshed: 5 start(s), 2 end(s) (geo=281184, diaspora=True)
2026-09-26 22:16:42 [INFO] shabbat_detector.cycle_analyzer: Cycle aborted: returned to BOTTOM without reaching TOP
2026-09-26 22:16:42 [INFO] shabbat_detector.fsm: [A] DetectorState.NORMAL → DetectorState.CANDIDATE_SHABBAT
2026-09-26 22:16:42 [INFO] detector: SHABBAT TRANSITION NORMAL -> CANDIDATE_SHABBAT | סיבה: מחזור אפשרי החל - ממתין להשלמה
2026-09-26 22:17:36 [INFO] shabbat_detector.cycle_analyzer: Cycle aborted: returned to BOTTOM without reaching TOP
2026-09-26 22:19:12 [INFO] detector: Config updated remotely (keys=['SHABBAT_DETECTOR'])
2026-09-26 22:19:23 [INFO] shabbat_detector.cycle_analyzer: Cycle aborted: returned to BOTTOM without reaching TOP
2026-09-26 22:21:13 [WARNING] shabbat_detector.cycle_analyzer: Unexpected: touched opposite terminal again in leg 2
2026-09-26 22:25:11 [INFO] shabbat_detector.hebcal_gate: Hebcal refreshed: 5 start(s), 2 end(s) (geo=281184, diaspora=True)
2026-09-26 22:39:28 [INFO] shabbat_detector.hebcal_gate: Hebcal refreshed: 5 start(s), 2 end(s) (geo=281184, diaspora=True)
2026-09-26 22:39:28 [INFO] shabbat_detector.cycle_analyzer: Elevator idle 303s - resetting cycle (was in _Phase.LEG_TWO)
2026-09-26 22:49:22 [INFO] shabbat_detector.hebcal_gate: Hebcal refreshed: 5 start(s), 2 end(s) (geo=281184, diaspora=True)
2026-09-26 22:49:45 [INFO] shabbat_detector.cycle_analyzer: Cycle complete: 280s, up_stops=['4', '-1', '8'], down_stops=['-1', '7', '9']
2026-09-26 22:49:45 [INFO] shabbat_detector.fsm: [A] DetectorState.CANDIDATE_SHABBAT → DetectorState.NORMAL
2026-09-26 22:49:45 [INFO] detector: SHABBAT TRANSITION CANDIDATE_SHABBAT -> NORMAL | סיבה: מחזור לא תאם - עצירות לא חוקיות בעלייה: ['4', '8']; כיסוי קומות חלקי (עלייה 33%, ירידה 33%); 5 חריגות טיימינג
2026-09-26 22:50:15 [INFO] detector: Config updated remotely (keys=['SHABBAT_DETECTOR'])
2026-09-26 22:59:53 [INFO] shabbat_detector.hebcal_gate: Hebcal refreshed: 5 start(s), 2 end(s) (geo=281184, diaspora=True)
2026-09-26 23:09:34 [INFO] shabbat_detector.hebcal_gate: Hebcal refreshed: 5 start(s), 2 end(s) (geo=281184, diaspora=True)
2026-09-26 23:12:37 [INFO] shabbat_detector.cycle_analyzer: Cycle recovered (missed TOP-terminal read): 1371s, up_stops=['-2', '-1', '8', '11'], down_stops=['-1', '-2', '5', '11', '-1', '3', '7', '11', '-1', '9', '8', '7', '0', '3', '-1', '7', '8', '9', '-1', '3', '6', '7', '1', '-1', '1', '8', '-1', '9', '-1', '8', '11', '-1', '8', '9', '-1', '5', '7', '8', '4']
2026-09-26 23:12:37 [INFO] shabbat_detector.fsm: [A] DetectorState.NORMAL → DetectorState.CANDIDATE_SHABBAT
2026-09-26 23:12:37 [INFO] detector: SHABBAT TRANSITION NORMAL -> CANDIDATE_SHABBAT | סיבה: מחזור אפשרי החל - ממתין להשלמה
2026-09-26 23:12:38 [INFO] shabbat_detector.fsm: [A] DetectorState.CANDIDATE_SHABBAT → DetectorState.NORMAL
2026-09-26 23:12:38 [INFO] detector: SHABBAT TRANSITION CANDIDATE_SHABBAT -> NORMAL | סיבה: מחזור לא תאם - עצירות לא חוקיות בעלייה: ['11', '8']; עצירות לא חוקיות בירידה: ['4', '6', '8']; קפיצות-אחורה (עלייה 0, ירידה 23); חזרות על קומות (עלייה 0, ירידה 27); 8 חריגות טיימינג
2026-09-26 23:12:38 [INFO] detector: Config updated remotely (keys=['SHABBAT_DETECTOR'])
2026-09-26 23:13:38 [INFO] detector: Config updated remotely (keys=['SHABBAT_DETECTOR'])
2026-09-26 23:20:55 [INFO] shabbat_detector.hebcal_gate: Hebcal refreshed: 5 start(s), 2 end(s) (geo=281184, diaspora=True)
2026-09-26 23:20:55 [INFO] shabbat_detector.cycle_analyzer: Elevator idle 350s - resetting cycle (was in _Phase.LEG_ONE)
2026-09-26 23:21:21 [INFO] shabbat_detector.fsm: [A] DetectorState.NORMAL → DetectorState.CANDIDATE_SHABBAT
2026-09-26 23:21:21 [INFO] detector: SHABBAT TRANSITION NORMAL -> CANDIDATE_SHABBAT | סיבה: מחזור אפשרי החל - ממתין להשלמה
2026-09-26 23:23:21 [INFO] detector: Config updated remotely (keys=['SHABBAT_DETECTOR'])
2026-09-26 23:32:28 [INFO] shabbat_detector.hebcal_gate: Hebcal refreshed: 5 start(s), 2 end(s) (geo=281184, diaspora=True)
2026-09-26 23:44:10 [INFO] shabbat_detector.hebcal_gate: Hebcal refreshed: 5 start(s), 2 end(s) (geo=281184, diaspora=True)
2026-09-26 23:52:47 [INFO] shabbat_detector.cycle_analyzer: Elevator idle 482s - resetting cycle (was in _Phase.LEG_TWO)
2026-09-26 23:59:14 [INFO] shabbat_detector.hebcal_gate: Hebcal refreshed: 5 start(s), 2 end(s) (geo=281184, diaspora=True)
2026-09-26 23:59:14 [INFO] shabbat_detector.cycle_analyzer: Elevator idle 318s - resetting cycle (was in _Phase.LEG_TWO)
2026-09-27 00:09:18 [INFO] shabbat_detector.hebcal_gate: Hebcal refreshed: 5 start(s), 2 end(s) (geo=281184, diaspora=True)
2026-09-27 00:47:35 [INFO] shabbat_detector.hebcal_gate: Hebcal refreshed: 5 start(s), 2 end(s) (geo=281184, diaspora=True)
2026-09-27 00:47:35 [INFO] shabbat_detector.cycle_analyzer: Elevator idle 2250s - resetting cycle (was in _Phase.LEG_TWO)
2026-09-27 01:03:39 [INFO] shabbat_detector.hebcal_gate: Hebcal refreshed: 5 start(s), 2 end(s) (geo=281184, diaspora=True)
2026-09-27 01:03:39 [INFO] shabbat_detector.cycle_analyzer: Elevator idle 714s - resetting cycle (was in _Phase.LEG_ONE)
2026-09-27 01:25:54 [INFO] shabbat_detector.hebcal_gate: Hebcal refreshed: 5 start(s), 2 end(s) (geo=281184, diaspora=True)
2026-09-27 01:25:54 [INFO] shabbat_detector.cycle_analyzer: Elevator idle 1290s - resetting cycle (was in _Phase.LEG_ONE)
2026-09-27 01:48:35 [INFO] shabbat_detector.hebcal_gate: Hebcal refreshed: 5 start(s), 2 end(s) (geo=281184, diaspora=True)
2026-09-27 01:48:35 [INFO] shabbat_detector.cycle_analyzer: Elevator idle 1132s - resetting cycle (was in _Phase.LEG_ONE)
2026-09-27 02:02:20 [INFO] shabbat_detector.hebcal_gate: Hebcal refreshed: 5 start(s), 2 end(s) (geo=281184, diaspora=True)
2026-09-27 02:15:42 [INFO] shabbat_detector.hebcal_gate: Hebcal refreshed: 5 start(s), 2 end(s) (geo=281184, diaspora=True)
2026-09-27 02:52:36 [INFO] shabbat_detector.hebcal_gate: Hebcal refreshed: 5 start(s), 2 end(s) (geo=281184, diaspora=True)
2026-09-27 02:52:36 [INFO] shabbat_detector.cycle_analyzer: Elevator idle 2117s - resetting cycle (was in _Phase.LEG_ONE)
2026-09-27 03:03:56 [INFO] shabbat_detector.hebcal_gate: Hebcal refreshed: 5 start(s), 2 end(s) (geo=281184, diaspora=True)
2026-09-27 03:03:56 [INFO] shabbat_detector.cycle_analyzer: Elevator idle 560s - resetting cycle (was in _Phase.LEG_TWO)
2026-09-27 03:17:26 [WARNING] shabbat_detector.firebase_client: Elevator stream reconnecting in 2s
2026-09-27 03:17:28 [INFO] shabbat_detector.firebase_client: SSE stream connecting: https://ramada-elev-default-rtdb.europe-west1.firebasedatabase.app/elevators/A.json
2026-09-27 04:52:57 [INFO] shabbat_detector.hebcal_gate: Hebcal refreshed: 5 start(s), 2 end(s) (geo=281184, diaspora=True)
2026-09-27 05:41:51 [INFO] shabbat_detector.hebcal_gate: Hebcal refreshed: 5 start(s), 2 end(s) (geo=281184, diaspora=True)
2026-09-27 06:01:17 [INFO] shabbat_detector.hebcal_gate: Hebcal refreshed: 5 start(s), 2 end(s) (geo=281184, diaspora=True)
2026-09-27 06:23:01 [INFO] shabbat_detector.hebcal_gate: Hebcal refreshed: 5 start(s), 2 end(s) (geo=281184, diaspora=True)
2026-09-27 06:33:48 [INFO] shabbat_detector.hebcal_gate: Hebcal refreshed: 5 start(s), 2 end(s) (geo=281184, diaspora=True)
2026-09-27 06:44:17 [INFO] shabbat_detector.hebcal_gate: Hebcal refreshed: 5 start(s), 2 end(s) (geo=281184, diaspora=True)
2026-09-27 06:56:02 [INFO] shabbat_detector.hebcal_gate: Hebcal refreshed: 5 start(s), 2 end(s) (geo=281184, diaspora=True)
2026-09-27 07:06:04 [INFO] shabbat_detector.hebcal_gate: Hebcal refreshed: 5 start(s), 2 end(s) (geo=281184, diaspora=True)
2026-09-27 07:16:49 [INFO] shabbat_detector.hebcal_gate: Hebcal refreshed: 5 start(s), 2 end(s) (geo=281184, diaspora=True)
2026-09-27 07:28:25 [INFO] shabbat_detector.hebcal_gate: Hebcal refreshed: 5 start(s), 2 end(s) (geo=281184, diaspora=True)
2026-09-27 07:32:21 [WARNING] shabbat_detector.cycle_analyzer: Unexpected: touched opposite terminal again in leg 2
2026-09-27 07:38:48 [INFO] shabbat_detector.hebcal_gate: Hebcal refreshed: 5 start(s), 2 end(s) (geo=281184, diaspora=True)
2026-09-27 07:39:49 [WARNING] shabbat_detector.cycle_analyzer: Unexpected: touched opposite terminal again in leg 2
2026-09-27 07:49:28 [INFO] shabbat_detector.hebcal_gate: Hebcal refreshed: 5 start(s), 2 end(s) (geo=281184, diaspora=True)
2026-09-27 07:54:16 [WARNING] shabbat_detector.cycle_analyzer: Unexpected: touched opposite terminal again in leg 2
2026-09-27 07:55:35 [WARNING] shabbat_detector.cycle_analyzer: Unexpected: touched opposite terminal again in leg 2
2026-09-27 07:59:30 [INFO] shabbat_detector.hebcal_gate: Hebcal refreshed: 5 start(s), 2 end(s) (geo=281184, diaspora=True)
2026-09-27 08:07:03 [INFO] shabbat_detector.cycle_analyzer: Cycle complete: 6077s, up_stops=['-1', '0', '7', '-2', '7', '-2', '9', '-2'], down_stops=['9', '0', '-2', '-1', '11', '4', '-1', '11', '7', '-1', '8', '-2', '11', '1', '-1', '0', '7', '-1', '-2', '11', '9', '-1', '-2', '10', '1', '-2', '11', '-2', '9', '-2', '9', '-2', '9', '-2', '8', '-2', '-1', '7', '9', '-1', '1', '-1', '11', '-2', '8', '-2', '11', '8', '-1', '9', '8', '-2', '9', '8', '7', '1', '-1', '7', '-1', '9', '10', '9', '-1', '-2', '7', '-2', '-1', '0', '3', '7', '8', '11', '-1', '-2', '-1', '9', '1', '-1', '11', '-2', '8', '-2', '-1', '3', '9', '11', '8', '1', '-1', '-2', '-1', '3', '4', '6', '8', '4', '-1', '3', '-2', '9', '7', '-1', '-2', '9', '10', '5', '-1', '-2', '-1', '11', '9', '1', '0', '-1', '8', '-2', '-1', '0', '7', '8', '7', '0', '-1', '-2', '7', '9', '4', '-1', '10', '-1', '-2', '8', '3', '-2', '2', '10', '-1', '3', '-1']
2026-09-27 08:07:03 [INFO] shabbat_detector.fsm: [A] DetectorState.CANDIDATE_SHABBAT → DetectorState.NORMAL
2026-09-27 08:07:03 [INFO] detector: SHABBAT TRANSITION CANDIDATE_SHABBAT -> NORMAL | סיבה: מחזור לא תאם - עצירות לא חוקיות בעלייה: ['7', '9']; עצירות לא חוקיות בירידה: ['10', '2', '4', '6', '8']; קפיצות-אחורה (עלייה 3, ירידה 64); חזרות על קומות (עלייה 3, ירידה 125); 11 חריגות טיימינג
2026-09-27 08:07:33 [INFO] detector: Config updated remotely (keys=['SHABBAT_DETECTOR'])
2026-09-27 08:09:33 [INFO] shabbat_detector.hebcal_gate: Hebcal refreshed: 5 start(s), 2 end(s) (geo=281184, diaspora=True)
2026-09-27 08:19:33 [INFO] shabbat_detector.hebcal_gate: Hebcal refreshed: 5 start(s), 2 end(s) (geo=281184, diaspora=True)
2026-09-27 08:22:07 [INFO] shabbat_detector.cycle_analyzer: Cycle complete: 913s, up_stops=['2', '-1', '-2', '8', '7', '-1', '7'], down_stops=['7', '2', '-2', '8', '-2', '7', '-2', '7', '9', '3', '-1', '7', '8', '9', '8', '-1', '9', '8', '4', '-1', '3', '-1', '3', '-1']
2026-09-27 08:22:07 [INFO] shabbat_detector.fsm: [A] DetectorState.NORMAL → DetectorState.CANDIDATE_SHABBAT
2026-09-27 08:22:07 [INFO] detector: SHABBAT TRANSITION NORMAL -> CANDIDATE_SHABBAT | סיבה: מחזור אפשרי החל - ממתין להשלמה
2026-09-27 08:22:08 [INFO] shabbat_detector.fsm: [A] DetectorState.CANDIDATE_SHABBAT → DetectorState.NORMAL
2026-09-27 08:22:08 [INFO] detector: SHABBAT TRANSITION CANDIDATE_SHABBAT -> NORMAL | סיבה: מחזור לא תאם - עצירות לא חוקיות בעלייה: ['2', '7', '8']; עצירות לא חוקיות בירידה: ['2', '4', '8']; קפיצות-אחורה (עלייה 4, ירידה 10); חזרות על קומות (עלייה 2, ירידה 16); 8 חריגות טיימינג
2026-09-27 08:22:08 [INFO] detector: Config updated remotely (keys=['SHABBAT_DETECTOR'])
2026-09-27 08:22:38 [INFO] detector: Config updated remotely (keys=['SHABBAT_DETECTOR'])
2026-09-27 08:25:51 [INFO] shabbat_detector.cycle_analyzer: Cycle recovered (missed TOP-terminal read): 218s, up_stops=['-1'], down_stops=['10', '7', '2', '7', '2', '-1', '-2']
2026-09-27 08:25:51 [INFO] shabbat_detector.fsm: [A] DetectorState.NORMAL → DetectorState.CANDIDATE_SHABBAT
2026-09-27 08:25:51 [INFO] detector: SHABBAT TRANSITION NORMAL -> CANDIDATE_SHABBAT | סיבה: מחזור אפשרי החל - ממתין להשלמה
2026-09-27 08:25:51 [INFO] shabbat_detector.fsm: [A] DetectorState.CANDIDATE_SHABBAT → DetectorState.NORMAL
2026-09-27 08:25:51 [INFO] detector: SHABBAT TRANSITION CANDIDATE_SHABBAT -> NORMAL | סיבה: מחזור לא תאם - עצירות לא חוקיות בירידה: ['10', '2']; כיסוי קומות חלקי (עלייה 33%, ירידה 33%); 1 חריגות טיימינג
2026-09-27 08:25:51 [INFO] detector: Config updated remotely (keys=['SHABBAT_DETECTOR'])
2026-09-27 08:27:15 [INFO] shabbat_detector.cycle_analyzer: Cycle aborted: returned to BOTTOM without reaching TOP
2026-09-27 08:27:15 [INFO] shabbat_detector.fsm: [A] DetectorState.NORMAL → DetectorState.CANDIDATE_SHABBAT
2026-09-27 08:27:15 [INFO] detector: SHABBAT TRANSITION NORMAL -> CANDIDATE_SHABBAT | סיבה: מחזור אפשרי החל - ממתין להשלמה
2026-09-27 08:27:15 [INFO] detector: Config updated remotely (keys=['SHABBAT_DETECTOR'])
2026-09-27 08:29:06 [INFO] shabbat_detector.cycle_analyzer: Cycle aborted: returned to BOTTOM without reaching TOP
2026-09-27 08:29:15 [INFO] detector: Config updated remotely (keys=['SHABBAT_DETECTOR'])
2026-09-27 08:29:41 [INFO] shabbat_detector.hebcal_gate: Hebcal refreshed: 5 start(s), 2 end(s) (geo=281184, diaspora=True)
2026-09-27 08:30:32 [INFO] shabbat_detector.cycle_analyzer: Cycle aborted: returned to BOTTOM without reaching TOP
2026-09-27 08:34:03 [INFO] shabbat_detector.cycle_analyzer: Cycle aborted: returned to BOTTOM without reaching TOP
2026-09-27 08:39:46 [INFO] shabbat_detector.hebcal_gate: Hebcal refreshed: 5 start(s), 2 end(s) (geo=281184, diaspora=True)
2026-09-27 08:43:17 [INFO] shabbat_detector.cycle_analyzer: Cycle recovered (missed TOP-terminal read): 558s, up_stops=['-1', '-2', '11'], down_stops=['10', '-1', '-2', '8', '-2', '8', '11', '-1', '-2', '10', '8', '-1', '-2']
2026-09-27 08:43:17 [INFO] shabbat_detector.fsm: [A] DetectorState.CANDIDATE_SHABBAT → DetectorState.NORMAL
2026-09-27 08:43:17 [INFO] detector: SHABBAT TRANSITION CANDIDATE_SHABBAT -> NORMAL | סיבה: מחזור לא תאם - עצירות לא חוקיות בעלייה: ['11']; עצירות לא חוקיות בירידה: ['10', '8']; כיסוי קומות חלקי (עלייה 67%, ירידה 33%); 2 חריגות טיימינג
2026-09-27 08:43:48 [INFO] detector: Config updated remotely (keys=['SHABBAT_DETECTOR'])
2026-09-27 08:44:37 [INFO] shabbat_detector.cycle_analyzer: Cycle aborted: returned to BOTTOM without reaching TOP
2026-09-27 08:44:37 [INFO] shabbat_detector.fsm: [A] DetectorState.NORMAL → DetectorState.CANDIDATE_SHABBAT
2026-09-27 08:44:37 [INFO] detector: SHABBAT TRANSITION NORMAL -> CANDIDATE_SHABBAT | סיבה: מחזור אפשרי החל - ממתין להשלמה
2026-09-27 08:44:37 [INFO] detector: Config updated remotely (keys=['SHABBAT_DETECTOR'])
2026-09-27 08:50:04 [INFO] shabbat_detector.hebcal_gate: Hebcal refreshed: 5 start(s), 2 end(s) (geo=281184, diaspora=True)
2026-09-27 08:52:44 [INFO] shabbat_detector.cycle_analyzer: Cycle aborted: returned to BOTTOM without reaching TOP
2026-09-27 09:00:14 [INFO] shabbat_detector.cycle_analyzer: Cycle aborted: returned to BOTTOM without reaching TOP
2026-09-27 09:01:39 [INFO] shabbat_detector.hebcal_gate: Hebcal refreshed: 5 start(s), 2 end(s) (geo=281184, diaspora=True)
2026-09-27 09:12:10 [INFO] shabbat_detector.hebcal_gate: Hebcal refreshed: 5 start(s), 2 end(s) (geo=281184, diaspora=True)
2026-09-27 09:13:25 [INFO] shabbat_detector.cycle_analyzer: Cycle aborted: returned to BOTTOM without reaching TOP
2026-09-27 09:15:48 [INFO] shabbat_detector.cycle_analyzer: Cycle aborted: returned to BOTTOM without reaching TOP
2026-09-27 09:17:59 [INFO] shabbat_detector.cycle_analyzer: Cycle aborted: returned to BOTTOM without reaching TOP
2026-09-27 09:21:00 [INFO] shabbat_detector.cycle_analyzer: Cycle aborted: returned to BOTTOM without reaching TOP
2026-09-27 09:21:54 [INFO] shabbat_detector.hebcal_gate: Hebcal refreshed: 5 start(s), 2 end(s) (geo=281184, diaspora=True)
2026-09-27 09:24:20 [INFO] shabbat_detector.cycle_analyzer: Cycle complete: 207s, up_stops=['2', '-1', '6'], down_stops=['-1', '-1']
2026-09-27 09:24:20 [INFO] shabbat_detector.fsm: [A] DetectorState.CANDIDATE_SHABBAT → DetectorState.NORMAL
2026-09-27 09:24:20 [INFO] detector: SHABBAT TRANSITION CANDIDATE_SHABBAT -> NORMAL | סיבה: מחזור לא תאם - עצירות לא חוקיות בעלייה: ['2', '6']; כיסוי קומות חלקי (עלייה 33%, ירידה 11%); 2 חריגות טיימינג
2026-09-27 09:25:50 [INFO] detector: Config updated remotely (keys=['SHABBAT_DETECTOR'])
2026-09-27 09:32:06 [INFO] shabbat_detector.hebcal_gate: Hebcal refreshed: 5 start(s), 2 end(s) (geo=281184, diaspora=True)
2026-09-27 09:32:38 [INFO] shabbat_detector.cycle_analyzer: Cycle complete: 487s, up_stops=['7', '3', '-1', '3', '-1', '1', '11', '5', '-1', '-2'], down_stops=['9', '0']
2026-09-27 09:32:38 [INFO] shabbat_detector.fsm: [A] DetectorState.NORMAL → DetectorState.CANDIDATE_SHABBAT
2026-09-27 09:32:38 [INFO] detector: SHABBAT TRANSITION NORMAL -> CANDIDATE_SHABBAT | סיבה: מחזור אפשרי החל - ממתין להשלמה
2026-09-27 09:32:38 [INFO] shabbat_detector.fsm: [A] DetectorState.CANDIDATE_SHABBAT → DetectorState.NORMAL
2026-09-27 09:32:38 [INFO] detector: SHABBAT TRANSITION CANDIDATE_SHABBAT -> NORMAL | סיבה: מחזור לא תאם - עצירות לא חוקיות בעלייה: ['1', '11', '3', '5', '7']; כיסוי קומות חלקי (עלייה 67%, ירידה 22%); קפיצות-אחורה (עלייה 6, ירידה 0); 9 חריגות טיימינג
2026-09-27 09:32:40 [INFO] detector: Config updated remotely (keys=['SHABBAT_DETECTOR'])
2026-09-27 09:33:09 [INFO] detector: Config updated remotely (keys=['SHABBAT_DETECTOR'])
2026-09-27 09:41:47 [INFO] shabbat_detector.cycle_analyzer: Cycle aborted: returned to BOTTOM without reaching TOP
2026-09-27 09:41:47 [INFO] shabbat_detector.fsm: [A] DetectorState.NORMAL → DetectorState.CANDIDATE_SHABBAT
2026-09-27 09:41:47 [INFO] detector: SHABBAT TRANSITION NORMAL -> CANDIDATE_SHABBAT | סיבה: מחזור אפשרי החל - ממתין להשלמה
2026-09-27 09:42:12 [INFO] shabbat_detector.hebcal_gate: Hebcal refreshed: 5 start(s), 2 end(s) (geo=281184, diaspora=True)
2026-09-27 09:42:18 [INFO] detector: Config updated remotely (keys=['SHABBAT_DETECTOR'])
2026-09-27 09:42:59 [INFO] shabbat_detector.cycle_analyzer: Cycle aborted: returned to BOTTOM without reaching TOP
2026-09-27 09:47:01 [INFO] shabbat_detector.cycle_analyzer: Cycle aborted: returned to BOTTOM without reaching TOP
2026-09-27 09:51:47 [INFO] shabbat_detector.cycle_analyzer: Cycle aborted: returned to BOTTOM without reaching TOP
2026-09-27 09:52:10 [INFO] shabbat_detector.hebcal_gate: Hebcal refreshed: 5 start(s), 2 end(s) (geo=281184, diaspora=True)
2026-09-27 10:05:27 [INFO] shabbat_detector.hebcal_gate: Hebcal refreshed: 5 start(s), 2 end(s) (geo=281184, diaspora=True)
2026-09-27 10:05:27 [INFO] shabbat_detector.cycle_analyzer: Cycle aborted: returned to BOTTOM without reaching TOP
2026-09-27 10:12:10 [INFO] shabbat_detector.cycle_analyzer: Cycle aborted: returned to BOTTOM without reaching TOP
2026-09-27 10:15:08 [INFO] shabbat_detector.cycle_analyzer: Cycle complete: 136s, up_stops=['0'], down_stops=['7', '-1', '-2']
2026-09-27 10:15:08 [INFO] shabbat_detector.fsm: [A] DetectorState.CANDIDATE_SHABBAT → DetectorState.NORMAL
2026-09-27 10:15:08 [INFO] detector: SHABBAT TRANSITION CANDIDATE_SHABBAT -> NORMAL | סיבה: מחזור לא תאם - כיסוי קומות חלקי (עלייה 33%, ירידה 33%); 3 חריגות טיימינג
2026-09-27 10:15:46 [INFO] shabbat_detector.hebcal_gate: Hebcal refreshed: 5 start(s), 2 end(s) (geo=281184, diaspora=True)
2026-09-27 10:16:39 [INFO] detector: Config updated remotely (keys=['SHABBAT_DETECTOR'])
2026-09-27 10:20:39 [INFO] shabbat_detector.cycle_analyzer: Cycle complete: 362s, up_stops=[], down_stops=['11', '-1', '2', '-1']
2026-09-27 10:20:39 [INFO] shabbat_detector.fsm: [A] DetectorState.NORMAL → DetectorState.CANDIDATE_SHABBAT
2026-09-27 10:20:39 [INFO] detector: SHABBAT TRANSITION NORMAL -> CANDIDATE_SHABBAT | סיבה: מחזור אפשרי החל - ממתין להשלמה
2026-09-27 10:20:39 [INFO] shabbat_detector.fsm: [A] DetectorState.CANDIDATE_SHABBAT → DetectorState.NORMAL
2026-09-27 10:20:39 [INFO] detector: SHABBAT TRANSITION CANDIDATE_SHABBAT -> NORMAL | סיבה: מחזור לא תאם - עצירות לא חוקיות בירידה: ['2']; כיסוי קומות חלקי (עלייה 0%, ירידה 22%); 2 חריגות טיימינג
2026-09-27 10:20:39 [INFO] detector: Config updated remotely (keys=['SHABBAT_DETECTOR'])
2026-09-27 10:22:10 [INFO] detector: Config updated remotely (keys=['SHABBAT_DETECTOR'])
2026-09-27 10:26:45 [INFO] shabbat_detector.cycle_analyzer: Cycle aborted: returned to BOTTOM without reaching TOP
2026-09-27 10:26:45 [INFO] shabbat_detector.fsm: [A] DetectorState.NORMAL → DetectorState.CANDIDATE_SHABBAT
2026-09-27 10:26:45 [INFO] detector: SHABBAT TRANSITION NORMAL -> CANDIDATE_SHABBAT | סיבה: מחזור אפשרי החל - ממתין להשלמה
2026-09-27 10:26:57 [INFO] shabbat_detector.hebcal_gate: Hebcal refreshed: 5 start(s), 2 end(s) (geo=281184, diaspora=True)
2026-09-27 10:27:15 [INFO] detector: Config updated remotely (keys=['SHABBAT_DETECTOR'])
2026-09-27 10:29:43 [INFO] shabbat_detector.cycle_analyzer: Cycle aborted: returned to BOTTOM without reaching TOP
2026-09-27 10:31:23 [INFO] shabbat_detector.cycle_analyzer: Cycle aborted: returned to BOTTOM without reaching TOP
2026-09-27 10:36:55 [INFO] shabbat_detector.hebcal_gate: Hebcal refreshed: 5 start(s), 2 end(s) (geo=281184, diaspora=True)
2026-09-27 10:47:02 [INFO] shabbat_detector.hebcal_gate: Hebcal refreshed: 5 start(s), 2 end(s) (geo=281184, diaspora=True)
2026-09-27 10:50:22 [INFO] shabbat_detector.cycle_analyzer: Cycle recovered (missed TOP-terminal read): 1114s, up_stops=['-1', '3', '-1', '11'], down_stops=['8', '-1', '2', '3', '-1', '5', '-1', '2', '-1', '9', '3', '-1', '10', '-1', '2', '4', '5', '-1', '9', '-1', '9', '10', '11', '-1', '10']
2026-09-27 10:50:22 [INFO] shabbat_detector.fsm: [A] DetectorState.CANDIDATE_SHABBAT → DetectorState.NORMAL
2026-09-27 10:50:22 [INFO] detector: SHABBAT TRANSITION CANDIDATE_SHABBAT -> NORMAL | סיבה: מחזור לא תאם - עצירות לא חוקיות בעלייה: ['11', '3']; עצירות לא חוקיות בירידה: ['10', '2', '4', '8']; כיסוי קומות חלקי (עלייה 33%, ירידה 56%); קפיצות-אחורה (עלייה 1, ירידה 14); חזרות על קומות (עלייה 1, ירידה 16); 7 חריגות טיימינג
2026-09-27 10:51:22 [INFO] detector: Config updated remotely (keys=['SHABBAT_DETECTOR'])
2026-09-27 10:52:52 [INFO] shabbat_detector.cycle_analyzer: Cycle recovered (missed TOP-terminal read): 173s, up_stops=['-2', '2', '5', '11'], down_stops=['5', '-1']
2026-09-27 10:52:52 [INFO] shabbat_detector.fsm: [A] DetectorState.NORMAL → DetectorState.CANDIDATE_SHABBAT
2026-09-27 10:52:52 [INFO] detector: SHABBAT TRANSITION NORMAL -> CANDIDATE_SHABBAT | סיבה: מחזור אפשרי החל - ממתין להשלמה
2026-09-27 10:52:52 [INFO] shabbat_detector.fsm: [A] DetectorState.CANDIDATE_SHABBAT → DetectorState.NORMAL
2026-09-27 10:52:52 [INFO] detector: SHABBAT TRANSITION CANDIDATE_SHABBAT -> NORMAL | סיבה: מחזור לא תאם - עצירות לא חוקיות בעלייה: ['11', '2', '5']; כיסוי קומות חלקי (עלייה 33%, ירידה 22%); 5 חריגות טיימינג
2026-09-27 10:52:53 [INFO] detector: Config updated remotely (keys=['SHABBAT_DETECTOR'])
2026-09-27 10:54:52 [INFO] detector: Config updated remotely (keys=['SHABBAT_DETECTOR'])
2026-09-27 10:57:17 [INFO] shabbat_detector.hebcal_gate: Hebcal refreshed: 5 start(s), 2 end(s) (geo=281184, diaspora=True)
2026-09-27 11:07:58 [INFO] shabbat_detector.hebcal_gate: Hebcal refreshed: 5 start(s), 2 end(s) (geo=281184, diaspora=True)
2026-09-27 11:08:15 [INFO] shabbat_detector.cycle_analyzer: Cycle complete: 922s, up_stops=['-1', '1', '-1', '5', '11', '-1', '0', '4', '5', '10', '11', '-1', '10', '-1', '11', '0', '-1', '2', '3', '4'], down_stops=['11', '10', '9', '8', '7', '6', '5', '3', '1', '-1', '-2']
2026-09-27 11:08:15 [INFO] shabbat_detector.fsm: [A] DetectorState.NORMAL → DetectorState.CANDIDATE_SHABBAT
2026-09-27 11:08:15 [INFO] detector: SHABBAT TRANSITION NORMAL -> CANDIDATE_SHABBAT | סיבה: מחזור אפשרי החל - ממתין להשלמה
2026-09-27 11:08:15 [INFO] shabbat_detector.fsm: [A] DetectorState.CANDIDATE_SHABBAT → DetectorState.NORMAL
2026-09-27 11:08:15 [INFO] detector: SHABBAT TRANSITION CANDIDATE_SHABBAT -> NORMAL | סיבה: מחזור לא תאם - עצירות לא חוקיות בעלייה: ['1', '10', '11', '2', '3', '4', '5']; עצירות לא חוקיות בירידה: ['10', '6', '8']; קפיצות-אחורה (עלייה 6, ירידה 0); חזרות על קומות (עלייה 11, ירידה 0); 7 חריגות טיימינג
2026-09-27 11:08:15 [INFO] detector: Config updated remotely (keys=['SHABBAT_DETECTOR'])
2026-09-27 11:09:16 [INFO] detector: Config updated remotely (keys=['SHABBAT_DETECTOR'])
2026-09-27 11:17:57 [INFO] shabbat_detector.cycle_analyzer: Cycle complete: 581s, up_stops=[], down_stops=['-1', '-2', '-1', '4', '-1', '2', '5', '4', '-1', '11', '9', '-1', '9', '4', '-1']
2026-09-27 11:17:57 [INFO] shabbat_detector.fsm: [A] DetectorState.NORMAL → DetectorState.CANDIDATE_SHABBAT
2026-09-27 11:17:57 [INFO] detector: SHABBAT TRANSITION NORMAL -> CANDIDATE_SHABBAT | סיבה: מחזור אפשרי החל - ממתין להשלמה
2026-09-27 11:17:57 [INFO] shabbat_detector.fsm: [A] DetectorState.CANDIDATE_SHABBAT → DetectorState.NORMAL
2026-09-27 11:17:57 [INFO] detector: SHABBAT TRANSITION CANDIDATE_SHABBAT -> NORMAL | סיבה: מחזור לא תאם - עצירות לא חוקיות בירידה: ['2', '4']; כיסוי קומות חלקי (עלייה 0%, ירידה 56%); קפיצות-אחורה (עלייה 0, ירידה 6); 6 חריגות טיימינג
2026-09-27 11:17:58 [INFO] detector: Config updated remotely (keys=['SHABBAT_DETECTOR'])
2026-09-27 11:18:25 [INFO] shabbat_detector.hebcal_gate: Hebcal refreshed: 5 start(s), 2 end(s) (geo=281184, diaspora=True)
2026-09-27 11:19:07 [INFO] shabbat_detector.cycle_analyzer: Cycle aborted: returned to BOTTOM without reaching TOP
2026-09-27 11:19:07 [INFO] shabbat_detector.fsm: [A] DetectorState.NORMAL → DetectorState.CANDIDATE_SHABBAT
2026-09-27 11:19:07 [INFO] detector: SHABBAT TRANSITION NORMAL -> CANDIDATE_SHABBAT | סיבה: מחזור אפשרי החל - ממתין להשלמה
2026-09-27 11:19:07 [INFO] detector: Config updated remotely (keys=['SHABBAT_DETECTOR'])
2026-09-27 11:20:07 [INFO] detector: Config updated remotely (keys=['SHABBAT_DETECTOR'])
2026-09-27 11:21:59 [INFO] shabbat_detector.cycle_analyzer: Cycle aborted: returned to BOTTOM without reaching TOP
2026-09-27 11:28:13 [INFO] shabbat_detector.hebcal_gate: Hebcal refreshed: 5 start(s), 2 end(s) (geo=281184, diaspora=True)
2026-09-27 11:28:32 [WARNING] shabbat_detector.cycle_analyzer: Unexpected: touched opposite terminal again in leg 2
2026-09-27 11:31:08 [WARNING] shabbat_detector.cycle_analyzer: Unexpected: touched opposite terminal again in leg 2
2026-09-27 11:32:14 [INFO] shabbat_detector.cycle_analyzer: Cycle complete: 602s, up_stops=['-1', '0', '-1', '3', '4'], down_stops=['-1', '0', '2', '6', '8', '10', '-1', '1', '3', '4', '9', '7', '-1', '3', '5', '-1', '2']
2026-09-27 11:32:14 [INFO] shabbat_detector.fsm: [A] DetectorState.CANDIDATE_SHABBAT → DetectorState.NORMAL
2026-09-27 11:32:14 [INFO] detector: SHABBAT TRANSITION CANDIDATE_SHABBAT -> NORMAL | סיבה: מחזור לא תאם - עצירות לא חוקיות בעלייה: ['3', '4']; עצירות לא חוקיות בירידה: ['10', '2', '4', '6', '8']; קפיצות-אחורה (עלייה 1, ירידה 12); 12 חריגות טיימינג
2026-09-27 11:34:15 [INFO] detector: Config updated remotely (keys=['SHABBAT_DETECTOR'])
2026-09-27 11:38:42 [INFO] shabbat_detector.hebcal_gate: Hebcal refreshed: 5 start(s), 2 end(s) (geo=281184, diaspora=True)
2026-09-27 11:44:15 [INFO] shabbat_detector.cycle_analyzer: Cycle complete: 733s, up_stops=['3', '-1', '10', '6', '-1', '2', '-1', '3'], down_stops=['-2', '-1', '4', '-1', '2', '3', '-1', '5']
2026-09-27 11:44:15 [INFO] shabbat_detector.fsm: [A] DetectorState.NORMAL → DetectorState.CANDIDATE_SHABBAT
2026-09-27 11:44:15 [INFO] detector: SHABBAT TRANSITION NORMAL -> CANDIDATE_SHABBAT | סיבה: מחזור אפשרי החל - ממתין להשלמה
2026-09-27 11:44:16 [INFO] shabbat_detector.fsm: [A] DetectorState.CANDIDATE_SHABBAT → DetectorState.NORMAL
2026-09-27 11:44:16 [INFO] detector: SHABBAT TRANSITION CANDIDATE_SHABBAT -> NORMAL | סיבה: מחזור לא תאם - עצירות לא חוקיות בעלייה: ['10', '2', '3', '6']; עצירות לא חוקיות בירידה: ['2', '4']; כיסוי קומות חלקי (עלייה 33%, ירידה 44%); קפיצות-אחורה (עלייה 4, ירידה 5); 4 חריגות טיימינג
2026-09-27 11:44:16 [INFO] detector: Config updated remotely (keys=['SHABBAT_DETECTOR'])
2026-09-27 11:46:09 [INFO] shabbat_detector.cycle_analyzer: Cycle recovered (missed TOP-terminal read): 114s, up_stops=['-1', '11'], down_stops=['2']
2026-09-27 11:46:09 [INFO] shabbat_detector.fsm: [A] DetectorState.NORMAL → DetectorState.CANDIDATE_SHABBAT
2026-09-27 11:46:09 [INFO] detector: SHABBAT TRANSITION NORMAL -> CANDIDATE_SHABBAT | סיבה: מחזור אפשרי החל - ממתין להשלמה
2026-09-27 11:46:10 [INFO] shabbat_detector.fsm: [A] DetectorState.CANDIDATE_SHABBAT → DetectorState.NORMAL
2026-09-27 11:46:10 [INFO] detector: SHABBAT TRANSITION CANDIDATE_SHABBAT -> NORMAL | סיבה: מחזור לא תאם - עצירות לא חוקיות בעלייה: ['11']; עצירות לא חוקיות בירידה: ['2']; כיסוי קומות חלקי (עלייה 33%, ירידה 0%); 2 חריגות טיימינג
2026-09-27 11:46:10 [INFO] detector: Config updated remotely (keys=['SHABBAT_DETECTOR'])
2026-09-27 11:46:10 [INFO] detector: Config updated remotely (keys=['SHABBAT_DETECTOR'])
2026-09-27 11:47:10 [INFO] detector: Config updated remotely (keys=['SHABBAT_DETECTOR'])
2026-09-27 11:49:53 [INFO] shabbat_detector.hebcal_gate: Hebcal refreshed: 5 start(s), 2 end(s) (geo=281184, diaspora=True)
2026-09-27 11:50:50 [WARNING] shabbat_detector.cycle_analyzer: Unexpected: touched opposite terminal again in leg 2
2026-09-27 12:00:05 [INFO] shabbat_detector.hebcal_gate: Hebcal refreshed: 5 start(s), 2 end(s) (geo=281184, diaspora=True)
2026-09-27 12:01:02 [INFO] shabbat_detector.cycle_analyzer: Cycle complete: 883s, up_stops=['-1', '1', '11', '8', '-1'], down_stops=['11', '-1', '-1', '1', '2', '3', '11', '-2', '-1', '2', '-1', '3', '4', '-1', '9', '-1', '10', '9', '-1']
2026-09-27 12:01:02 [INFO] shabbat_detector.fsm: [A] DetectorState.NORMAL → DetectorState.CANDIDATE_SHABBAT
2026-09-27 12:01:02 [INFO] detector: SHABBAT TRANSITION NORMAL -> CANDIDATE_SHABBAT | סיבה: מחזור אפשרי החל - ממתין להשלמה
2026-09-27 12:01:02 [INFO] shabbat_detector.fsm: [A] DetectorState.CANDIDATE_SHABBAT → DetectorState.NORMAL
2026-09-27 12:01:02 [INFO] detector: SHABBAT TRANSITION CANDIDATE_SHABBAT -> NORMAL | סיבה: מחזור לא תאם - עצירות לא חוקיות בעלייה: ['1', '11', '8']; עצירות לא חוקיות בירידה: ['10', '2', '4']; כיסוי קומות חלקי (עלייה 33%, ירידה 67%); קפיצות-אחורה (עלייה 2, ירידה 10); 7 חריגות טיימינג
2026-09-27 12:01:03 [INFO] detector: Config updated remotely (keys=['SHABBAT_DETECTOR'])
2026-09-27 12:02:32 [INFO] detector: Config updated remotely (keys=['SHABBAT_DETECTOR'])
2026-09-27 12:03:56 [INFO] shabbat_detector.cycle_analyzer: Cycle aborted: returned to BOTTOM without reaching TOP
2026-09-27 12:03:56 [INFO] shabbat_detector.fsm: [A] DetectorState.NORMAL → DetectorState.CANDIDATE_SHABBAT
2026-09-27 12:03:56 [INFO] detector: SHABBAT TRANSITION NORMAL -> CANDIDATE_SHABBAT | סיבה: מחזור אפשרי החל - ממתין להשלמה
2026-09-27 12:05:54 [INFO] shabbat_detector.cycle_analyzer: Cycle complete: 122s, up_stops=['-1', '7'], down_stops=['-1']
2026-09-27 12:05:54 [INFO] shabbat_detector.fsm: [A] DetectorState.CANDIDATE_SHABBAT → DetectorState.NORMAL
2026-09-27 12:05:54 [INFO] detector: SHABBAT TRANSITION CANDIDATE_SHABBAT -> NORMAL | סיבה: מחזור לא תאם - עצירות לא חוקיות בעלייה: ['7']; כיסוי קומות חלקי (עלייה 33%, ירידה 11%); 2 חריגות טיימינג
2026-09-27 12:05:55 [INFO] detector: Config updated remotely (keys=['SHABBAT_DETECTOR'])
2026-09-27 12:06:25 [INFO] detector: Config updated remotely (keys=['SHABBAT_DETECTOR'])
2026-09-27 12:10:17 [INFO] shabbat_detector.hebcal_gate: Hebcal refreshed: 5 start(s), 2 end(s) (geo=281184, diaspora=True)
2026-09-27 12:10:38 [INFO] shabbat_detector.cycle_analyzer: Cycle aborted: returned to BOTTOM without reaching TOP
2026-09-27 12:10:38 [INFO] shabbat_detector.fsm: [A] DetectorState.NORMAL → DetectorState.CANDIDATE_SHABBAT
2026-09-27 12:10:38 [INFO] detector: SHABBAT TRANSITION NORMAL -> CANDIDATE_SHABBAT | סיבה: מחזור אפשרי החל - ממתין להשלמה
2026-09-27 12:12:08 [INFO] detector: Config updated remotely (keys=['SHABBAT_DETECTOR'])
2026-09-27 12:12:33 [INFO] shabbat_detector.cycle_analyzer: Cycle aborted: returned to BOTTOM without reaching TOP
2026-09-27 12:14:01 [INFO] shabbat_detector.cycle_analyzer: Cycle aborted: returned to BOTTOM without reaching TOP
2026-09-27 12:15:35 [INFO] shabbat_detector.cycle_analyzer: Cycle aborted: returned to BOTTOM without reaching TOP
2026-09-27 12:19:56 [INFO] shabbat_detector.cycle_analyzer: Cycle aborted: returned to BOTTOM without reaching TOP
2026-09-27 12:20:21 [INFO] shabbat_detector.hebcal_gate: Hebcal refreshed: 5 start(s), 2 end(s) (geo=281184, diaspora=True)
2026-09-27 12:22:50 [WARNING] shabbat_detector.cycle_analyzer: Unexpected: touched opposite terminal again in leg 2
2026-09-27 12:25:20 [INFO] shabbat_detector.cycle_analyzer: Cycle complete: 274s, up_stops=['-1', '2', '3'], down_stops=['11', '10']
2026-09-27 12:25:20 [INFO] shabbat_detector.fsm: [A] DetectorState.CANDIDATE_SHABBAT → DetectorState.NORMAL
2026-09-27 12:25:20 [INFO] detector: SHABBAT TRANSITION CANDIDATE_SHABBAT -> NORMAL | סיבה: מחזור לא תאם - עצירות לא חוקיות בעלייה: ['2', '3']; עצירות לא חוקיות בירידה: ['10']; כיסוי קומות חלקי (עלייה 33%, ירידה 11%); 4 חריגות טיימינג
2026-09-27 12:26:20 [INFO] detector: Config updated remotely (keys=['SHABBAT_DETECTOR'])
2026-09-27 12:26:40 [INFO] shabbat_detector.cycle_analyzer: Cycle aborted: returned to BOTTOM without reaching TOP
2026-09-27 12:26:40 [INFO] shabbat_detector.fsm: [A] DetectorState.NORMAL → DetectorState.CANDIDATE_SHABBAT
2026-09-27 12:26:40 [INFO] detector: SHABBAT TRANSITION NORMAL -> CANDIDATE_SHABBAT | סיבה: מחזור אפשרי החל - ממתין להשלמה
2026-09-27 12:27:12 [INFO] shabbat_detector.cycle_analyzer: Cycle aborted: returned to BOTTOM without reaching TOP
2026-09-27 12:27:41 [INFO] detector: Config updated remotely (keys=['SHABBAT_DETECTOR'])
2026-09-27 12:28:56 [INFO] shabbat_detector.cycle_analyzer: Cycle aborted: returned to BOTTOM without reaching TOP
2026-09-27 12:31:30 [INFO] shabbat_detector.hebcal_gate: Hebcal refreshed: 5 start(s), 2 end(s) (geo=281184, diaspora=True)
2026-09-27 12:37:45 [INFO] shabbat_detector.cycle_analyzer: Cycle complete: 473s, up_stops=['-1', '-2', '-1', '0', '10'], down_stops=['10', '5']
2026-09-27 12:37:45 [INFO] shabbat_detector.fsm: [A] DetectorState.CANDIDATE_SHABBAT → DetectorState.NORMAL
2026-09-27 12:37:45 [INFO] detector: SHABBAT TRANSITION CANDIDATE_SHABBAT -> NORMAL | סיבה: מחזור לא תאם - עצירות לא חוקיות בעלייה: ['10']; עצירות לא חוקיות בירידה: ['10']; כיסוי קומות חלקי (עלייה 100%, ירידה 11%); 4 חריגות טיימינג
2026-09-27 12:39:46 [INFO] detector: Config updated remotely (keys=['SHABBAT_DETECTOR'])
2026-09-27 12:42:44 [INFO] shabbat_detector.hebcal_gate: Hebcal refreshed: 5 start(s), 2 end(s) (geo=281184, diaspora=True)
2026-09-27 12:42:44 [INFO] shabbat_detector.cycle_analyzer: Cycle complete: 337s, up_stops=['-2', '1'], down_stops=['-1']
2026-09-27 12:42:44 [INFO] shabbat_detector.fsm: [A] DetectorState.NORMAL → DetectorState.CANDIDATE_SHABBAT
2026-09-27 12:42:44 [INFO] detector: SHABBAT TRANSITION NORMAL -> CANDIDATE_SHABBAT | סיבה: מחזור אפשרי החל - ממתין להשלמה
2026-09-27 12:42:44 [INFO] shabbat_detector.fsm: [A] DetectorState.CANDIDATE_SHABBAT → DetectorState.NORMAL
2026-09-27 12:42:44 [INFO] detector: SHABBAT TRANSITION CANDIDATE_SHABBAT -> NORMAL | סיבה: מחזור לא תאם - עצירות לא חוקיות בעלייה: ['1']; כיסוי קומות חלקי (עלייה 33%, ירידה 11%); 3 חריגות טיימינג
2026-09-27 12:42:45 [INFO] detector: Config updated remotely (keys=['SHABBAT_DETECTOR'])
2026-09-27 12:43:45 [INFO] detector: Config updated remotely (keys=['SHABBAT_DETECTOR'])
2026-09-27 12:43:51 [INFO] shabbat_detector.cycle_analyzer: Cycle aborted: returned to BOTTOM without reaching TOP
2026-09-27 12:43:51 [INFO] shabbat_detector.fsm: [A] DetectorState.NORMAL → DetectorState.CANDIDATE_SHABBAT
2026-09-27 12:43:51 [INFO] detector: SHABBAT TRANSITION NORMAL -> CANDIDATE_SHABBAT | סיבה: מחזור אפשרי החל - ממתין להשלמה
2026-09-27 12:44:52 [INFO] detector: Config updated remotely (keys=['SHABBAT_DETECTOR'])
2026-09-27 12:46:54 [INFO] shabbat_detector.cycle_analyzer: Cycle complete: 171s, up_stops=['-1'], down_stops=['10', '-2']
2026-09-27 12:46:54 [INFO] shabbat_detector.fsm: [A] DetectorState.CANDIDATE_SHABBAT → DetectorState.NORMAL
2026-09-27 12:46:54 [INFO] detector: SHABBAT TRANSITION CANDIDATE_SHABBAT -> NORMAL | סיבה: מחזור לא תאם - עצירות לא חוקיות בירידה: ['10']; כיסוי קומות חלקי (עלייה 33%, ירידה 11%); 1 חריגות טיימינג
2026-09-27 12:47:25 [INFO] detector: Config updated remotely (keys=['SHABBAT_DETECTOR'])
2026-09-27 12:48:07 [INFO] shabbat_detector.cycle_analyzer: Cycle aborted: returned to BOTTOM without reaching TOP
2026-09-27 12:48:07 [INFO] shabbat_detector.fsm: [A] DetectorState.NORMAL → DetectorState.CANDIDATE_SHABBAT
2026-09-27 12:48:07 [INFO] detector: SHABBAT TRANSITION NORMAL -> CANDIDATE_SHABBAT | סיבה: מחזור אפשרי החל - ממתין להשלמה
2026-09-27 12:50:08 [INFO] detector: Config updated remotely (keys=['SHABBAT_DETECTOR'])
2026-09-27 12:50:41 [INFO] shabbat_detector.cycle_analyzer: Cycle aborted: returned to BOTTOM without reaching TOP
2026-09-27 12:51:18 [INFO] shabbat_detector.cycle_analyzer: Cycle aborted: returned to BOTTOM without reaching TOP
2026-09-27 12:52:46 [INFO] shabbat_detector.hebcal_gate: Hebcal refreshed: 5 start(s), 2 end(s) (geo=281184, diaspora=True)
2026-09-27 12:53:14 [INFO] shabbat_detector.cycle_analyzer: Cycle aborted: returned to BOTTOM without reaching TOP
2026-09-27 12:56:12 [INFO] shabbat_detector.cycle_analyzer: Cycle aborted: returned to BOTTOM without reaching TOP
2026-09-27 12:59:32 [INFO] shabbat_detector.cycle_analyzer: Cycle aborted: returned to BOTTOM without reaching TOP
2026-09-27 13:00:07 [INFO] shabbat_detector.cycle_analyzer: Cycle aborted: returned to BOTTOM without reaching TOP
2026-09-27 13:02:26 [INFO] shabbat_detector.cycle_analyzer: Cycle complete: 137s, up_stops=['-1', '10'], down_stops=['11', '-1']
2026-09-27 13:02:26 [INFO] shabbat_detector.fsm: [A] DetectorState.CANDIDATE_SHABBAT → DetectorState.NORMAL
2026-09-27 13:02:26 [INFO] detector: SHABBAT TRANSITION CANDIDATE_SHABBAT -> NORMAL | סיבה: מחזור לא תאם - עצירות לא חוקיות בעלייה: ['10']; כיסוי קומות חלקי (עלייה 33%, ירידה 22%); 3 חריגות טיימינג
2026-09-27 13:02:34 [INFO] shabbat_detector.hebcal_gate: Hebcal refreshed: 5 start(s), 2 end(s) (geo=281184, diaspora=True)
2026-09-27 13:03:26 [INFO] detector: Config updated remotely (keys=['SHABBAT_DETECTOR'])
2026-09-27 13:12:47 [INFO] shabbat_detector.cycle_analyzer: Cycle aborted: returned to BOTTOM without reaching TOP
2026-09-27 13:12:47 [INFO] shabbat_detector.fsm: [A] DetectorState.NORMAL → DetectorState.CANDIDATE_SHABBAT
2026-09-27 13:12:47 [INFO] detector: SHABBAT TRANSITION NORMAL -> CANDIDATE_SHABBAT | סיבה: מחזור אפשרי החל - ממתין להשלמה
2026-09-27 13:12:55 [INFO] shabbat_detector.hebcal_gate: Hebcal refreshed: 5 start(s), 2 end(s) (geo=281184, diaspora=True)
2026-09-27 13:13:17 [INFO] detector: Config updated remotely (keys=['SHABBAT_DETECTOR'])
2026-09-27 13:19:20 [INFO] shabbat_detector.cycle_analyzer: Cycle recovered (missed TOP-terminal read): 396s, up_stops=['-1', '2', '4', '-1', '11'], down_stops=['-2', '-1', '1', '-2', '-1', '2', '-1']
2026-09-27 13:19:20 [INFO] shabbat_detector.fsm: [A] DetectorState.CANDIDATE_SHABBAT → DetectorState.NORMAL
2026-09-27 13:19:20 [INFO] detector: SHABBAT TRANSITION CANDIDATE_SHABBAT -> NORMAL | סיבה: מחזור לא תאם - עצירות לא חוקיות בעלייה: ['11', '2', '4']; עצירות לא חוקיות בירידה: ['2']; כיסוי קומות חלקי (עלייה 33%, ירידה 33%); 4 חריגות טיימינג
2026-09-27 13:20:20 [INFO] detector: Config updated remotely (keys=['SHABBAT_DETECTOR'])
2026-09-27 13:20:36 [INFO] shabbat_detector.cycle_analyzer: Cycle aborted: returned to BOTTOM without reaching TOP
2026-09-27 13:20:36 [INFO] shabbat_detector.fsm: [A] DetectorState.NORMAL → DetectorState.CANDIDATE_SHABBAT
2026-09-27 13:20:36 [INFO] detector: SHABBAT TRANSITION NORMAL -> CANDIDATE_SHABBAT | סיבה: מחזור אפשרי החל - ממתין להשלמה
2026-09-27 13:21:06 [INFO] detector: Config updated remotely (keys=['SHABBAT_DETECTOR'])
2026-09-27 13:23:15 [INFO] shabbat_detector.hebcal_gate: Hebcal refreshed: 5 start(s), 2 end(s) (geo=281184, diaspora=True)
2026-09-27 13:23:15 [INFO] shabbat_detector.cycle_analyzer: Cycle aborted: returned to BOTTOM without reaching TOP
2026-09-27 13:23:59 [INFO] shabbat_detector.cycle_analyzer: Cycle aborted: returned to BOTTOM without reaching TOP
2026-09-27 13:26:46 [INFO] shabbat_detector.cycle_analyzer: Cycle aborted: returned to BOTTOM without reaching TOP
2026-09-27 13:28:18 [INFO] shabbat_detector.cycle_analyzer: Cycle aborted: returned to BOTTOM without reaching TOP
2026-09-27 13:32:18 [WARNING] shabbat_detector.cycle_analyzer: Unexpected: touched opposite terminal again in leg 2
2026-09-27 13:33:21 [INFO] shabbat_detector.hebcal_gate: Hebcal refreshed: 5 start(s), 2 end(s) (geo=281184, diaspora=True)
2026-09-27 13:43:05 [WARNING] shabbat_detector.cycle_analyzer: Unexpected: touched opposite terminal again in leg 2
2026-09-27 13:43:10 [INFO] shabbat_detector.hebcal_gate: Hebcal refreshed: 5 start(s), 2 end(s) (geo=281184, diaspora=True)
2026-09-27 13:48:03 [WARNING] shabbat_detector.cycle_analyzer: Unexpected: touched opposite terminal again in leg 2
2026-09-27 13:48:44 [INFO] shabbat_detector.cycle_analyzer: Cycle complete: 1220s, up_stops=['-1', '2', '4'], down_stops=['1', '-1', '5', '7', '1', '-2', '-1', '1', '11', '-2', '-1', '9', '0', '2', '-1', '2', '-1', '2', '-1', '2', '9', '11', '5', '2', '-1', '6', '-1', '5', '2', '-1']
2026-09-27 13:48:44 [INFO] shabbat_detector.fsm: [A] DetectorState.CANDIDATE_SHABBAT → DetectorState.NORMAL
2026-09-27 13:48:44 [INFO] detector: SHABBAT TRANSITION CANDIDATE_SHABBAT -> NORMAL | סיבה: מחזור לא תאם - עצירות לא חוקיות בעלייה: ['2', '4']; עצירות לא חוקיות בירידה: ['2', '6']; כיסוי קומות חלקי (עלייה 33%, ירידה 89%); קפיצות-אחורה (עלייה 0, ירידה 15); חזרות על קומות (עלייה 0, ירידה 20); 9 חריגות טיימינג
2026-09-27 13:49:44 [INFO] detector: Config updated remotely (keys=['SHABBAT_DETECTOR'])
2026-09-27 13:51:50 [INFO] shabbat_detector.cycle_analyzer: Cycle aborted: returned to BOTTOM without reaching TOP
2026-09-27 13:51:50 [INFO] shabbat_detector.fsm: [A] DetectorState.NORMAL → DetectorState.CANDIDATE_SHABBAT
2026-09-27 13:51:50 [INFO] detector: SHABBAT TRANSITION NORMAL -> CANDIDATE_SHABBAT | סיבה: מחזור אפשרי החל - ממתין להשלמה
2026-09-27 13:52:50 [INFO] detector: Config updated remotely (keys=['SHABBAT_DETECTOR'])
2026-09-27 13:54:04 [INFO] shabbat_detector.hebcal_gate: Hebcal refreshed: 5 start(s), 2 end(s) (geo=281184, diaspora=True)
2026-09-27 13:55:40 [INFO] shabbat_detector.cycle_analyzer: Cycle aborted: returned to BOTTOM without reaching TOP
2026-09-27 14:04:45 [INFO] shabbat_detector.hebcal_gate: Hebcal refreshed: 5 start(s), 2 end(s) (geo=281184, diaspora=True)
2026-09-27 14:06:58 [INFO] shabbat_detector.cycle_analyzer: Cycle aborted: returned to BOTTOM without reaching TOP
2026-09-27 14:14:13 [INFO] shabbat_detector.cycle_analyzer: Cycle complete: 426s, up_stops=['-2', '-1', '10', '-2', '-1'], down_stops=['2', '-1', '4', '-1']
2026-09-27 14:14:13 [INFO] shabbat_detector.fsm: [A] DetectorState.CANDIDATE_SHABBAT → DetectorState.NORMAL
2026-09-27 14:14:13 [INFO] detector: SHABBAT TRANSITION CANDIDATE_SHABBAT -> NORMAL | סיבה: מחזור לא תאם - עצירות לא חוקיות בעלייה: ['10']; עצירות לא חוקיות בירידה: ['2', '4']; כיסוי קומות חלקי (עלייה 67%, ירידה 11%); 4 חריגות טיימינג
2026-09-27 14:14:44 [INFO] detector: Config updated remotely (keys=['SHABBAT_DETECTOR'])
2026-09-27 14:14:55 [INFO] shabbat_detector.hebcal_gate: Hebcal refreshed: 5 start(s), 2 end(s) (geo=281184, diaspora=True)
2026-09-27 14:19:00 [INFO] shabbat_detector.cycle_analyzer: Cycle complete: 299s, up_stops=['3', '6', '10'], down_stops=['-2', '2', '1', '10', '4', '2', '-1']
2026-09-27 14:19:00 [INFO] shabbat_detector.fsm: [A] DetectorState.NORMAL → DetectorState.CANDIDATE_SHABBAT
2026-09-27 14:19:00 [INFO] detector: SHABBAT TRANSITION NORMAL -> CANDIDATE_SHABBAT | סיבה: מחזור אפשרי החל - ממתין להשלמה
2026-09-27 14:19:01 [INFO] shabbat_detector.fsm: [A] DetectorState.CANDIDATE_SHABBAT → DetectorState.NORMAL
2026-09-27 14:19:01 [INFO] detector: SHABBAT TRANSITION CANDIDATE_SHABBAT -> NORMAL | סיבה: מחזור לא תאם - עצירות לא חוקיות בעלייה: ['10', '3', '6']; עצירות לא חוקיות בירידה: ['10', '2', '4']; כיסוי קומות חלקי (עלייה 0%, ירידה 33%); 4 חריגות טיימינג
2026-09-27 14:19:01 [INFO] detector: Config updated remotely (keys=['SHABBAT_DETECTOR'])
2026-09-27 14:20:01 [INFO] detector: Config updated remotely (keys=['SHABBAT_DETECTOR'])
2026-09-27 14:20:54 [INFO] shabbat_detector.cycle_analyzer: Cycle aborted: returned to BOTTOM without reaching TOP
2026-09-27 14:20:54 [INFO] shabbat_detector.fsm: [A] DetectorState.NORMAL → DetectorState.CANDIDATE_SHABBAT
2026-09-27 14:20:54 [INFO] detector: SHABBAT TRANSITION NORMAL -> CANDIDATE_SHABBAT | סיבה: מחזור אפשרי החל - ממתין להשלמה
2026-09-27 14:21:24 [INFO] detector: Config updated remotely (keys=['SHABBAT_DETECTOR'])
2026-09-27 14:24:29 [INFO] shabbat_detector.cycle_analyzer: Cycle complete: 194s, up_stops=['-2', '0', '-1', '6'], down_stops=['1', '-1']
2026-09-27 14:24:29 [INFO] shabbat_detector.fsm: [A] DetectorState.CANDIDATE_SHABBAT → DetectorState.NORMAL
2026-09-27 14:24:29 [INFO] detector: SHABBAT TRANSITION CANDIDATE_SHABBAT -> NORMAL | סיבה: מחזור לא תאם - עצירות לא חוקיות בעלייה: ['6']; כיסוי קומות חלקי (עלייה 100%, ירידה 22%); 2 חריגות טיימינג
2026-09-27 14:25:18 [INFO] shabbat_detector.hebcal_gate: Hebcal refreshed: 5 start(s), 2 end(s) (geo=281184, diaspora=True)
2026-09-27 14:25:33 [INFO] shabbat_detector.cycle_analyzer: Cycle aborted: returned to BOTTOM without reaching TOP
2026-09-27 14:25:33 [INFO] shabbat_detector.fsm: [A] DetectorState.NORMAL → DetectorState.CANDIDATE_SHABBAT
2026-09-27 14:25:33 [INFO] detector: SHABBAT TRANSITION NORMAL -> CANDIDATE_SHABBAT | סיבה: מחזור אפשרי החל - ממתין להשלמה
2026-09-27 14:25:34 [INFO] detector: Config updated remotely (keys=['SHABBAT_DETECTOR'])
2026-09-27 14:27:34 [INFO] detector: Config updated remotely (keys=['SHABBAT_DETECTOR'])
2026-09-27 14:28:26 [INFO] shabbat_detector.cycle_analyzer: Cycle aborted: returned to BOTTOM without reaching TOP
2026-09-27 14:30:27 [INFO] shabbat_detector.cycle_analyzer: Cycle aborted: returned to BOTTOM without reaching TOP
2026-09-27 14:35:13 [INFO] shabbat_detector.hebcal_gate: Hebcal refreshed: 5 start(s), 2 end(s) (geo=281184, diaspora=True)
2026-09-27 14:39:39 [WARNING] shabbat_detector.cycle_analyzer: Unexpected: touched opposite terminal again in leg 2
2026-09-27 14:41:16 [WARNING] shabbat_detector.cycle_analyzer: Unexpected: touched opposite terminal again in leg 2
2026-09-27 14:45:46 [INFO] shabbat_detector.hebcal_gate: Hebcal refreshed: 5 start(s), 2 end(s) (geo=281184, diaspora=True)
2026-09-27 14:47:30 [INFO] shabbat_detector.cycle_analyzer: Cycle complete: 1025s, up_stops=['-1', '10', '-1', '0'], down_stops=['11', '10', '6', '2', '0', '-1', '8', '11', '-1', '-2', '2', '9', '7', '3', '2', '-1', '6', '-1', '7', '-1', '1', '-2', '2', '-1', '-2', '-1', '10', '11', '4', '3', '0', '-1']
2026-09-27 14:47:30 [INFO] shabbat_detector.fsm: [A] DetectorState.CANDIDATE_SHABBAT → DetectorState.NORMAL
2026-09-27 14:47:30 [INFO] detector: SHABBAT TRANSITION CANDIDATE_SHABBAT -> NORMAL | סיבה: מחזור לא תאם - עצירות לא חוקיות בעלייה: ['10']; עצירות לא חוקיות בירידה: ['10', '2', '4', '6', '8']; קפיצות-אחורה (עלייה 1, ירידה 11); חזרות על קומות (עלייה 1, ירידה 19); 10 חריגות טיימינג
2026-09-27 14:49:30 [INFO] detector: Config updated remotely (keys=['SHABBAT_DETECTOR'])
2026-09-27 14:53:09 [INFO] shabbat_detector.cycle_analyzer: Cycle aborted: returned to BOTTOM without reaching TOP
2026-09-27 14:53:09 [INFO] shabbat_detector.fsm: [A] DetectorState.NORMAL → DetectorState.CANDIDATE_SHABBAT
2026-09-27 14:53:09 [INFO] detector: SHABBAT TRANSITION NORMAL -> CANDIDATE_SHABBAT | סיבה: מחזור אפשרי החל - ממתין להשלמה
2026-09-27 14:54:39 [INFO] detector: Config updated remotely (keys=['SHABBAT_DETECTOR'])
2026-09-27 14:56:11 [INFO] shabbat_detector.hebcal_gate: Hebcal refreshed: 5 start(s), 2 end(s) (geo=281184, diaspora=True)
2026-09-27 14:56:41 [INFO] shabbat_detector.cycle_analyzer: Cycle aborted: returned to BOTTOM without reaching TOP
2026-09-27 14:57:57 [INFO] shabbat_detector.cycle_analyzer: Cycle aborted: returned to BOTTOM without reaching TOP
2026-09-27 15:02:54 [WARNING] shabbat_detector.cycle_analyzer: Unexpected: touched opposite terminal again in leg 2
2026-09-27 15:06:12 [INFO] shabbat_detector.hebcal_gate: Hebcal refreshed: 5 start(s), 2 end(s) (geo=281184, diaspora=True)
2026-09-27 15:08:09 [INFO] shabbat_detector.cycle_analyzer: Cycle complete: 617s, up_stops=['-1', '-2', '0', '7'], down_stops=['4', '-1', '10', '-1', '2', '1', '10', '-1', '2', '-1', '1', '9', '10']
2026-09-27 15:08:09 [INFO] shabbat_detector.fsm: [A] DetectorState.CANDIDATE_SHABBAT → DetectorState.NORMAL
2026-09-27 15:08:09 [INFO] detector: SHABBAT TRANSITION CANDIDATE_SHABBAT -> NORMAL | סיבה: מחזור לא תאם - עצירות לא חוקיות בעלייה: ['7']; עצירות לא חוקיות בירידה: ['10', '2', '4']; כיסוי קומות חלקי (עלייה 100%, ירידה 33%); קפיצות-אחורה (עלייה 1, ירידה 7); 6 חריגות טיימינג
2026-09-27 15:08:46 [INFO] shabbat_detector.cycle_analyzer: Cycle aborted: returned to BOTTOM without reaching TOP
2026-09-27 15:08:46 [INFO] shabbat_detector.fsm: [A] DetectorState.NORMAL → DetectorState.CANDIDATE_SHABBAT
2026-09-27 15:08:46 [INFO] detector: SHABBAT TRANSITION NORMAL -> CANDIDATE_SHABBAT | סיבה: מחזור אפשרי החל - ממתין להשלמה
2026-09-27 15:08:48 [INFO] detector: Config updated remotely (keys=['SHABBAT_DETECTOR'])
2026-09-27 15:09:47 [INFO] detector: Config updated remotely (keys=['SHABBAT_DETECTOR'])
2026-09-27 15:09:55 [INFO] shabbat_detector.cycle_analyzer: Cycle aborted: returned to BOTTOM without reaching TOP
2026-09-27 15:12:11 [INFO] shabbat_detector.cycle_analyzer: Cycle aborted: returned to BOTTOM without reaching TOP
2026-09-27 15:12:59 [INFO] shabbat_detector.cycle_analyzer: Cycle aborted: returned to BOTTOM without reaching TOP
2026-09-27 15:14:07 [INFO] shabbat_detector.cycle_analyzer: Cycle aborted: returned to BOTTOM without reaching TOP
2026-09-27 15:16:09 [INFO] shabbat_detector.cycle_analyzer: Cycle aborted: returned to BOTTOM without reaching TOP
2026-09-27 15:16:16 [INFO] shabbat_detector.hebcal_gate: Hebcal refreshed: 5 start(s), 2 end(s) (geo=281184, diaspora=True)
2026-09-27 15:19:13 [INFO] shabbat_detector.cycle_analyzer: Cycle aborted: returned to BOTTOM without reaching TOP
2026-09-27 15:22:11 [INFO] shabbat_detector.cycle_analyzer: Cycle aborted: returned to BOTTOM without reaching TOP
2026-09-27 15:23:03 [INFO] shabbat_detector.cycle_analyzer: Cycle aborted: returned to BOTTOM without reaching TOP
2026-09-27 15:25:04 [INFO] shabbat_detector.cycle_analyzer: Cycle aborted: returned to BOTTOM without reaching TOP
2026-09-27 15:26:15 [INFO] shabbat_detector.hebcal_gate: Hebcal refreshed: 5 start(s), 2 end(s) (geo=281184, diaspora=True)
2026-09-27 15:28:45 [INFO] shabbat_detector.cycle_analyzer: Cycle recovered (missed TOP-terminal read): 199s, up_stops=['-1', '0', '3', '-1', '0', '11'], down_stops=['-1', '-2']
2026-09-27 15:28:45 [INFO] shabbat_detector.fsm: [A] DetectorState.CANDIDATE_SHABBAT → DetectorState.NORMAL
2026-09-27 15:28:45 [INFO] detector: SHABBAT TRANSITION CANDIDATE_SHABBAT -> NORMAL | סיבה: מחזור לא תאם - עצירות לא חוקיות בעלייה: ['11', '3']; כיסוי קומות חלקי (עלייה 67%, ירידה 22%); 4 חריגות טיימינג
2026-09-27 15:29:15 [INFO] detector: Config updated remotely (keys=['SHABBAT_DETECTOR'])
2026-09-27 15:34:40 [INFO] shabbat_detector.cycle_analyzer: Cycle complete: 375s, up_stops=['2', '4', '-1', '5', '-1', '6', '10', '0', '-1'], down_stops=['10', '-1']
2026-09-27 15:34:40 [INFO] shabbat_detector.fsm: [A] DetectorState.NORMAL → DetectorState.CANDIDATE_SHABBAT
2026-09-27 15:34:40 [INFO] detector: SHABBAT TRANSITION NORMAL -> CANDIDATE_SHABBAT | סיבה: מחזור אפשרי החל - ממתין להשלמה
2026-09-27 15:34:41 [INFO] shabbat_detector.fsm: [A] DetectorState.CANDIDATE_SHABBAT → DetectorState.NORMAL
2026-09-27 15:34:41 [INFO] detector: SHABBAT TRANSITION CANDIDATE_SHABBAT -> NORMAL | סיבה: מחזור לא תאם - עצירות לא חוקיות בעלייה: ['10', '2', '4', '5', '6']; עצירות לא חוקיות בירידה: ['10']; כיסוי קומות חלקי (עלייה 67%, ירידה 11%); 6 חריגות טיימינג
2026-09-27 15:34:42 [INFO] detector: Config updated remotely (keys=['SHABBAT_DETECTOR'])
2026-09-27 15:36:24 [INFO] shabbat_detector.hebcal_gate: Hebcal refreshed: 5 start(s), 2 end(s) (geo=281184, diaspora=True)
2026-09-27 15:36:41 [INFO] detector: Config updated remotely (keys=['SHABBAT_DETECTOR'])
2026-09-27 15:42:23 [INFO] shabbat_detector.cycle_analyzer: Cycle complete: 461s, up_stops=['-1', '0', '-1'], down_stops=['-1', '6', '3', '-1', '2', '-2', '2', '4', '7', '8', '9']
2026-09-27 15:42:23 [INFO] shabbat_detector.fsm: [A] DetectorState.NORMAL → DetectorState.CANDIDATE_SHABBAT
2026-09-27 15:42:23 [INFO] detector: SHABBAT TRANSITION NORMAL -> CANDIDATE_SHABBAT | סיבה: מחזור אפשרי החל - ממתין להשלמה
2026-09-27 15:42:23 [INFO] shabbat_detector.fsm: [A] DetectorState.CANDIDATE_SHABBAT → DetectorState.NORMAL
2026-09-27 15:42:23 [INFO] detector: SHABBAT TRANSITION CANDIDATE_SHABBAT -> NORMAL | סיבה: מחזור לא תאם - עצירות לא חוקיות בירידה: ['2', '4', '6', '8']; קפיצות-אחורה (עלייה 1, ירידה 7); 9 חריגות טיימינג
2026-09-27 15:42:24 [INFO] detector: Config updated remotely (keys=['SHABBAT_DETECTOR'])
2026-09-27 15:43:23 [INFO] detector: Config updated remotely (keys=['SHABBAT_DETECTOR'])
2026-09-27 15:46:32 [INFO] shabbat_detector.cycle_analyzer: Cycle recovered (missed TOP-terminal read): 233s, up_stops=['3', '-1', '3', '11'], down_stops=['-1', '6']
2026-09-27 15:46:32 [INFO] shabbat_detector.fsm: [A] DetectorState.NORMAL → DetectorState.CANDIDATE_SHABBAT
2026-09-27 15:46:32 [INFO] detector: SHABBAT TRANSITION NORMAL -> CANDIDATE_SHABBAT | סיבה: מחזור אפשרי החל - ממתין להשלמה
2026-09-27 15:46:33 [INFO] shabbat_detector.fsm: [A] DetectorState.CANDIDATE_SHABBAT → DetectorState.NORMAL
2026-09-27 15:46:33 [INFO] detector: SHABBAT TRANSITION CANDIDATE_SHABBAT -> NORMAL | סיבה: מחזור לא תאם - עצירות לא חוקיות בעלייה: ['11', '3']; עצירות לא חוקיות בירידה: ['6']; כיסוי קומות חלקי (עלייה 33%, ירידה 11%); 3 חריגות טיימינג
2026-09-27 15:46:34 [INFO] detector: Config updated remotely (keys=['SHABBAT_DETECTOR'])
2026-09-27 15:46:38 [INFO] shabbat_detector.hebcal_gate: Hebcal refreshed: 5 start(s), 2 end(s) (geo=281184, diaspora=True)
2026-09-27 15:47:03 [INFO] detector: Config updated remotely (keys=['SHABBAT_DETECTOR'])
2026-09-27 15:49:05 [INFO] shabbat_detector.cycle_analyzer: Cycle complete: 164s, up_stops=['-2', '6'], down_stops=['11', '5', '-1']
2026-09-27 15:49:05 [INFO] shabbat_detector.fsm: [A] DetectorState.NORMAL → DetectorState.CANDIDATE_SHABBAT
2026-09-27 15:49:05 [INFO] detector: SHABBAT TRANSITION NORMAL -> CANDIDATE_SHABBAT | סיבה: מחזור אפשרי החל - ממתין להשלמה
2026-09-27 15:49:05 [INFO] shabbat_detector.fsm: [A] DetectorState.CANDIDATE_SHABBAT → DetectorState.NORMAL
2026-09-27 15:49:05 [INFO] detector: SHABBAT TRANSITION CANDIDATE_SHABBAT -> NORMAL | סיבה: מחזור לא תאם - עצירות לא חוקיות בעלייה: ['6']; כיסוי קומות חלקי (עלייה 33%, ירידה 33%); 1 חריגות טיימינג
2026-09-27 15:49:05 [INFO] detector: Config updated remotely (keys=['SHABBAT_DETECTOR'])
2026-09-27 15:50:35 [INFO] detector: Config updated remotely (keys=['SHABBAT_DETECTOR'])
2026-09-27 15:52:07 [WARNING] shabbat_detector.cycle_analyzer: Unexpected: touched opposite terminal again in leg 2
2026-09-27 15:53:23 [INFO] shabbat_detector.cycle_analyzer: Cycle complete: 264s, up_stops=['-1', '3', '5', '7', '8'], down_stops=['-1', '11', '-1']
2026-09-27 15:53:23 [INFO] shabbat_detector.fsm: [A] DetectorState.NORMAL → DetectorState.CANDIDATE_SHABBAT
2026-09-27 15:53:23 [INFO] detector: SHABBAT TRANSITION NORMAL -> CANDIDATE_SHABBAT | סיבה: מחזור אפשרי החל - ממתין להשלמה
2026-09-27 15:53:23 [INFO] shabbat_detector.fsm: [A] DetectorState.CANDIDATE_SHABBAT → DetectorState.NORMAL
2026-09-27 15:53:23 [INFO] detector: SHABBAT TRANSITION CANDIDATE_SHABBAT -> NORMAL | סיבה: מחזור לא תאם - עצירות לא חוקיות בעלייה: ['3', '5', '7', '8']; כיסוי קומות חלקי (עלייה 33%, ירידה 22%); 5 חריגות טיימינג
2026-09-27 15:53:24 [INFO] detector: Config updated remotely (keys=['SHABBAT_DETECTOR'])
2026-09-27 15:55:23 [INFO] detector: Config updated remotely (keys=['SHABBAT_DETECTOR'])
2026-09-27 15:56:12 [INFO] shabbat_detector.cycle_analyzer: Cycle complete: 170s, up_stops=['-2', '3', '-1', '7', '11'], down_stops=[]
2026-09-27 15:56:12 [INFO] shabbat_detector.fsm: [A] DetectorState.NORMAL → DetectorState.CANDIDATE_SHABBAT
2026-09-27 15:56:12 [INFO] detector: SHABBAT TRANSITION NORMAL -> CANDIDATE_SHABBAT | סיבה: מחזור אפשרי החל - ממתין להשלמה
2026-09-27 15:56:13 [INFO] shabbat_detector.fsm: [A] DetectorState.CANDIDATE_SHABBAT → DetectorState.NORMAL
2026-09-27 15:56:13 [INFO] detector: SHABBAT TRANSITION CANDIDATE_SHABBAT -> NORMAL | סיבה: מחזור לא תאם - עצירות לא חוקיות בעלייה: ['11', '3', '7']; כיסוי קומות חלקי (עלייה 67%, ירידה 0%); 3 חריגות טיימינג
2026-09-27 15:56:14 [INFO] detector: Config updated remotely (keys=['SHABBAT_DETECTOR'])
2026-09-27 15:56:43 [INFO] detector: Config updated remotely (keys=['SHABBAT_DETECTOR'])
2026-09-27 15:56:48 [INFO] shabbat_detector.hebcal_gate: Hebcal refreshed: 5 start(s), 2 end(s) (geo=281184, diaspora=True)
2026-09-27 16:03:26 [WARNING] shabbat_detector.cycle_analyzer: Unexpected: touched opposite terminal again in leg 2
2026-09-27 16:06:52 [WARNING] shabbat_detector.hebcal_gate: Hebcal fetch failed: HTTPSConnectionPool(host='www.hebcal.com', port=443): Max retries exceeded with url: /shabbat?cfg=json&m=50&lg=h&gy=2026&gm=9&gd=26&geonameid=281184&tzid=Asia%2FJerusalem (Caused by SSLError(SSLEOFError(8, '[SSL: UNEXPECTED_EOF_WHILE_READING] EOF occurred in violation of protocol (_ssl.c:1029)'))) (keeping stored windows)
2026-09-27 16:09:46 [INFO] shabbat_detector.cycle_analyzer: Cycle complete: 742s, up_stops=['0', '1', '7', '-1', '0', '11', '9', '-2', '-1', '2'], down_stops=['3', '-1', '7', '11', '3', '-1', '6', '0', '-1', '5', '2', '-1', '7']
2026-09-27 16:09:46 [INFO] shabbat_detector.fsm: [A] DetectorState.NORMAL → DetectorState.CANDIDATE_SHABBAT
2026-09-27 16:09:46 [INFO] detector: SHABBAT TRANSITION NORMAL -> CANDIDATE_SHABBAT | סיבה: מחזור אפשרי החל - ממתין להשלמה
2026-09-27 16:09:46 [INFO] shabbat_detector.fsm: [A] DetectorState.CANDIDATE_SHABBAT → DetectorState.NORMAL
2026-09-27 16:09:46 [INFO] detector: SHABBAT TRANSITION CANDIDATE_SHABBAT -> NORMAL | סיבה: מחזור לא תאם - עצירות לא חוקיות בעלייה: ['1', '11', '2', '7', '9']; עצירות לא חוקיות בירידה: ['2', '6']; קפיצות-אחורה (עלייה 3, ירידה 5); 9 חריגות טיימינג
2026-09-27 16:09:48 [INFO] detector: Config updated remotely (keys=['SHABBAT_DETECTOR'])
2026-09-27 16:10:47 [INFO] detector: Config updated remotely (keys=['SHABBAT_DETECTOR'])
2026-09-27 16:11:12 [INFO] shabbat_detector.cycle_analyzer: Cycle aborted: returned to BOTTOM without reaching TOP
2026-09-27 16:11:12 [INFO] shabbat_detector.fsm: [A] DetectorState.NORMAL → DetectorState.CANDIDATE_SHABBAT
2026-09-27 16:11:12 [INFO] detector: SHABBAT TRANSITION NORMAL -> CANDIDATE_SHABBAT | סיבה: מחזור אפשרי החל - ממתין להשלמה
2026-09-27 16:12:12 [INFO] detector: Config updated remotely (keys=['SHABBAT_DETECTOR'])
2026-09-27 16:16:56 [INFO] shabbat_detector.cycle_analyzer: Cycle complete: 357s, up_stops=['-1', '3', '10', '-2', '-1', '2', '6', '-1', '0'], down_stops=['7', '6', '4', '-1']
2026-09-27 16:16:56 [INFO] shabbat_detector.fsm: [A] DetectorState.CANDIDATE_SHABBAT → DetectorState.NORMAL
2026-09-27 16:16:56 [INFO] detector: SHABBAT TRANSITION CANDIDATE_SHABBAT -> NORMAL | סיבה: מחזור לא תאם - עצירות לא חוקיות בעלייה: ['10', '2', '3', '6']; עצירות לא חוקיות בירידה: ['4', '6']; כיסוי קומות חלקי (עלייה 100%, ירידה 22%); 6 חריגות טיימינג
2026-09-27 16:16:59 [INFO] shabbat_detector.hebcal_gate: Hebcal refreshed: 5 start(s), 2 end(s) (geo=281184, diaspora=True)
2026-09-27 16:18:27 [INFO] detector: Config updated remotely (keys=['SHABBAT_DETECTOR'])
2026-09-27 16:18:46 [INFO] shabbat_detector.cycle_analyzer: Cycle aborted: returned to BOTTOM without reaching TOP
2026-09-27 16:18:46 [INFO] shabbat_detector.fsm: [A] DetectorState.NORMAL → DetectorState.CANDIDATE_SHABBAT
2026-09-27 16:18:46 [INFO] detector: SHABBAT TRANSITION NORMAL -> CANDIDATE_SHABBAT | סיבה: מחזור אפשרי החל - ממתין להשלמה
2026-09-27 16:19:16 [INFO] detector: Config updated remotely (keys=['SHABBAT_DETECTOR'])
2026-09-27 16:23:22 [INFO] shabbat_detector.cycle_analyzer: Cycle complete: 283s, up_stops=['3', '-1', '6', '-1'], down_stops=[]
2026-09-27 16:23:22 [INFO] shabbat_detector.fsm: [A] DetectorState.CANDIDATE_SHABBAT → DetectorState.NORMAL
2026-09-27 16:23:22 [INFO] detector: SHABBAT TRANSITION CANDIDATE_SHABBAT -> NORMAL | סיבה: מחזור לא תאם - עצירות לא חוקיות בעלייה: ['3', '6']; כיסוי קומות חלקי (עלייה 33%, ירידה 0%); 3 חריגות טיימינג
2026-09-27 16:24:52 [INFO] detector: Config updated remotely (keys=['SHABBAT_DETECTOR'])
2026-09-27 16:26:11 [INFO] shabbat_detector.cycle_analyzer: Cycle aborted: returned to BOTTOM without reaching TOP
2026-09-27 16:26:11 [INFO] shabbat_detector.fsm: [A] DetectorState.NORMAL → DetectorState.CANDIDATE_SHABBAT
2026-09-27 16:26:11 [INFO] detector: SHABBAT TRANSITION NORMAL -> CANDIDATE_SHABBAT | סיבה: מחזור אפשרי החל - ממתין להשלמה
2026-09-27 16:27:08 [INFO] shabbat_detector.hebcal_gate: Hebcal refreshed: 5 start(s), 2 end(s) (geo=281184, diaspora=True)
2026-09-27 16:28:11 [INFO] detector: Config updated remotely (keys=['SHABBAT_DETECTOR'])
2026-09-27 16:31:22 [INFO] shabbat_detector.cycle_analyzer: Cycle complete: 335s, up_stops=['6', '-1', '4', '2', '-1', '2', '9'], down_stops=['8', '6', '-1', '-2']
2026-09-27 16:31:22 [INFO] shabbat_detector.fsm: [A] DetectorState.CANDIDATE_SHABBAT → DetectorState.NORMAL
2026-09-27 16:31:22 [INFO] detector: SHABBAT TRANSITION CANDIDATE_SHABBAT -> NORMAL | סיבה: מחזור לא תאם - עצירות לא חוקיות בעלייה: ['2', '4', '6', '9']; עצירות לא חוקיות בירידה: ['6', '8']; כיסוי קומות חלקי (עלייה 33%, ירידה 22%); 4 חריגות טיימינג
2026-09-27 16:32:22 [INFO] detector: Config updated remotely (keys=['SHABBAT_DETECTOR'])
2026-09-27 16:35:09 [WARNING] shabbat_detector.cycle_analyzer: Unexpected: touched opposite terminal again in leg 2
2026-09-27 16:37:19 [INFO] shabbat_detector.hebcal_gate: Hebcal refreshed: 5 start(s), 2 end(s) (geo=281184, diaspora=True)
2026-09-27 16:45:11 [INFO] shabbat_detector.cycle_analyzer: Cycle complete: 787s, up_stops=[], down_stops=['4', '-1', '1', '6', '-1', '4', '-1', '7', '10', '3', '-1', '11', '0', '3', '-1', '8', '11', '0', '3', '8', '9', '0', '1', '11', '6', '3', '-1']
2026-09-27 16:45:11 [INFO] shabbat_detector.fsm: [A] DetectorState.NORMAL → DetectorState.CANDIDATE_SHABBAT
2026-09-27 16:45:11 [INFO] detector: SHABBAT TRANSITION NORMAL -> CANDIDATE_SHABBAT | סיבה: מחזור אפשרי החל - ממתין להשלמה
2026-09-27 16:45:11 [INFO] shabbat_detector.fsm: [A] DetectorState.CANDIDATE_SHABBAT → DetectorState.NORMAL
2026-09-27 16:45:11 [INFO] detector: SHABBAT TRANSITION CANDIDATE_SHABBAT -> NORMAL | סיבה: מחזור לא תאם - עצירות לא חוקיות בירידה: ['10', '4', '6', '8']; כיסוי קומות חלקי (עלייה 0%, ירידה 78%); קפיצות-אחורה (עלייה 0, ירידה 14); חזרות על קומות (עלייה 0, ירידה 16); 8 חריגות טיימינג
2026-09-27 16:45:12 [INFO] detector: Config updated remotely (keys=['SHABBAT_DETECTOR'])
2026-09-27 16:46:42 [INFO] detector: Config updated remotely (keys=['SHABBAT_DETECTOR'])
2026-09-27 16:47:42 [INFO] shabbat_detector.hebcal_gate: Hebcal refreshed: 5 start(s), 2 end(s) (geo=281184, diaspora=True)
