[2026-08-12 00:00:28] Tag Change: ID '00E2004717A40068217E8B01' -> Floor '-1'
[2026-08-12 00:00:31] Status Updated: Floor '-1'
[2026-08-12 00:00:38] Tag Change: ID '00E2004717A54068217E9F01' -> Floor '0'
[2026-08-12 00:00:45] Tag Change: ID '00E20047189E4068218E2F01' -> Floor '4'
[2026-08-12 00:00:46] Status Updated: Floor '4'
[2026-08-12 00:00:50] Tag Change: ID '00E2004718' -> Floor 'Unknown'
[2026-08-12 00:04:54] Tag Change: ID '00E20047175A80682179F301' -> Floor '4'
[2026-08-12 00:04:54] Tag flapping: suppressed 1 repeated tag-change log lines in the last 244s
[2026-08-12 00:04:54] Tag Change: ID '00E2004718A58068218EA301' -> Floor '3'
[2026-08-12 00:04:58] Tag Change: ID '00E200471775B068217BA601' -> Floor '1'
[2026-08-12 00:04:59] Status Updated: Floor '1'
[2026-08-12 00:04:59] Tag Change: ID '00E2004717AC4068217F0F01' -> Floor '-1'
[2026-08-12 00:05:00] Tag Change: ID '00E200471736C0682177B701' -> Floor '-1'
[2026-08-12 00:05:01] Status Updated: Floor '-1'
[2026-08-12 00:05:26] Tag Change: ID '00E200471768C068217AD701' -> Floor '1'
[2026-08-12 00:05:26] Status Updated: Floor '1'
[2026-08-12 00:05:29] Tag Change: ID '00E20047176CC068217B1701' -> Floor '1'
[2026-08-12 00:05:53] Tag Change: ID '00E2004717A00068217E4B01' -> Floor '-1'
[2026-08-12 00:05:54] Status Updated: Floor '-1'
[2026-08-12 00:05:55] Tag Change: ID '00E2004717A40068217E8B01' -> Floor '-1'
[2026-08-12 00:06:16] Tag Change: ID '00E200471775B068217BA601' -> Floor '1'
[2026-08-12 00:06:17] Status Updated: Floor '1'
[2026-08-12 00:06:17] Tag Change: ID '00E200471741406821785F01' -> Floor '2'
[2026-08-12 00:06:18] Tag Change: ID '00E2004717A0C068217E5701' -> Floor '3'
[2026-08-12 00:06:19] Status Updated: Floor '3'
[2026-08-12 00:06:20] Tag Change: ID '00E20047175A80682179F301' -> Floor '4'
[2026-08-12 00:06:21] Tag Change: ID '00E200471897C068218DC701' -> Floor '5'
[2026-08-12 00:06:21] Tag Change: ID '00E2004717684068217ACF01' -> Floor '5'
[2026-08-12 00:06:22] Status Updated: Floor '5'
[2026-08-12 00:06:22] Tag Change: ID '00E20047175CC068217A1701' -> Floor '6'
[2026-08-12 00:06:22] Tag flapping: suppressed 16 repeated tag-change log lines in the last 60s
[2026-08-12 00:06:23] Status Updated: Floor '6'
[2026-08-12 00:06:24] Tag Change: ID '00E2004717964068217DAF01' -> Floor '6'
[2026-08-12 00:07:11] Tag Change: ID '00E2004717688068217AD301' -> Floor '5'
[2026-08-12 00:07:12] Status Updated: Floor '5'
[2026-08-12 00:07:30] Tag Change: ID '00E2004717684068217ACF01' -> Floor '5'
[2026-08-12 00:07:31] Tag Change: ID '00E200471897C068218DC701' -> Floor '5'
[2026-08-12 00:07:31] Tag Change: ID '00E20047189E4068218E2F01' -> Floor '4'
[2026-08-12 00:07:32] Tag Change: ID '00E20047175A80682179F301' -> Floor '4'
[2026-08-12 00:07:33] Status Updated: Floor '4'
[2026-08-12 00:07:33] Tag Change: ID '00E2004718A58068218EA301' -> Floor '3'
[2026-08-12 00:07:35] Tag Change: ID '00E200471768C068217AD701' -> Floor '1'
[2026-08-12 00:07:37] Tag Change: ID '00E2004717AC4068217F0F01' -> Floor '-1'
[2026-08-12 00:07:46] Tag Change: ID '00E2004717A40068217E8B01' -> Floor '-1'
[2026-08-12 00:07:46] Status Updated: Floor '-1'
[2026-08-12 00:08:01] Tag Change: ID '00E2004707E01060270EE401' -> Floor '-3'
[2026-08-12 00:08:01] Tag Change: ID '00E2004707DF5060270ED801' -> Floor '-3'
[2026-08-12 00:08:02] Status Updated: Floor '-3'
[2026-08-12 00:08:04] Tag Change: ID '00E2004707E05060270EE801' -> Floor '-3'
[2026-08-12 00:09:01] Tag Change: ID '00E2004707E01060270EE401' -> Floor '-3'
[2026-08-12 00:09:04] Tag Change: ID '00E2004707DF5060270ED801' -> Floor '-3'
[2026-08-12 00:09:06] Tag Change: ID '00E2004707E05060270EE801' -> Floor '-3'
[2026-08-12 00:09:06] Tag flapping: suppressed 55 repeated tag-change log lines in the last 60s
[2026-08-12 00:10:05] Tag Change: ID '00E2004707DF5060270ED801' -> Floor '-3'
[2026-08-12 00:10:05] Tag Change: ID '00E2004707E01060270EE401' -> Floor '-3'
[2026-08-12 00:10:08] Tag flapping: suppressed 45 repeated tag-change log lines in the last 60s
[2026-08-12 00:10:08] Tag Change: ID '00E2004707E05060270EE801' -> Floor '-3'
[2026-08-12 00:11:07] Tag Change: ID '00E2004707DF5060270ED801' -> Floor '-3'
[2026-08-12 00:11:09] Tag Change: ID '00E2004707E01060270EE401' -> Floor '-3'
[2026-08-12 00:11:10] Tag flapping: suppressed 43 repeated tag-change log lines in the last 61s
[2026-08-12 00:11:12] Tag Change: ID '00E2004707E05060270EE801' -> Floor '-3'
[2026-08-12 00:12:08] Tag Change: ID '00E2004717A40068217E8B01' -> Floor '-1'
[2026-08-12 00:12:13] Status Updated: Floor '-1'
[2026-08-12 00:12:28] Tag Change: ID '00E200471736C0682177B701' -> Floor '-1'
[2026-08-12 00:12:28] Tag flapping: suppressed 39 repeated tag-change log lines in the last 74s
[2026-08-12 00:12:30] Tag Change: ID '00E200471775B068217BA601' -> Floor '1'
[2026-08-12 00:12:32] Tag Change: ID '00E200471768C068217AD701' -> Floor '1'
[2026-08-12 00:12:32] Status Updated: Floor '1'
[2026-08-12 00:12:34] Tag Change: ID '00E2004718A58068218EA301' -> Floor '3'
[2026-08-12 00:12:34] Tag Change: ID '00E20047175A80682179F301' -> Floor '4'
[2026-08-12 00:12:34] Status Updated: Floor '4'
[2026-08-12 00:12:38] Tag Change: ID '00E2004717964068217DAF01' -> Floor '6'
[2026-08-12 00:12:39] Status Updated: Floor '6'
[2026-08-12 00:14:17] Tag Change: ID '00E20047175CC068217A1701' -> Floor '6'
[2026-08-12 00:14:17] Tag Change: ID '00E2004717964068217DAF01' -> Floor '6'
[2026-08-12 00:16:35] Tag Change: ID '00E20047175CC068217A1701' -> Floor '6'
[2026-08-12 00:16:36] Tag Change: ID '00E2004717964068217DAF01' -> Floor '6'
[2026-08-12 00:16:54] Tag Change: ID '00E200471777F068217BCA01' -> Floor 'Unknown'
[2026-08-12 00:16:55] Tag Change: ID '00E2004717688068217AD301' -> Floor '5'
[2026-08-12 00:16:57] Tag Change: ID '00E2004717A7C068217EC701' -> Floor '3'
[2026-08-12 00:16:58] Tag Change: ID '00E2004717A0C068217E5701' -> Floor '3'
[2026-08-12 00:16:58] Status Updated: Floor '3'
[2026-08-12 00:16:59] Tag Change: ID '00E20047175A40682179EF01' -> Floor '2'
[2026-08-12 00:16:59] Tag Change: ID '00E200471741406821785F01' -> Floor '2'
[2026-08-12 00:17:00] Status Updated: Floor '2'
[2026-08-12 00:17:00] Tag Change: ID '00E200471768C068217AD701' -> Floor '1'
[2026-08-12 00:17:01] Status Updated: Floor '1'
[2026-08-12 00:17:04] Tag Change: ID '00E20047176CC068217B1701' -> Floor '1'
[2026-08-12 00:17:16] Tag Change: ID '00E200471775B068217BA601' -> Floor '1'
[2026-08-12 00:17:17] Tag Change: ID '00E2004717A54068217E9F01' -> Floor '0'
[2026-08-12 00:17:19] Status Updated: Floor '0'
[2026-08-12 00:17:42] Tag Change: ID '00E2004717A40068217E8B01' -> Floor '-1'
[2026-08-12 00:17:44] Status Updated: Floor '-1'
[2026-08-12 00:17:44] Tag Change: ID '00E2004717A00068217E4B01' -> Floor '-1'
[2026-08-12 00:19:03] Tag Change: ID '00E2004717A54068217E9F01' -> Floor '0'
[2026-08-12 00:19:03] Tag flapping: suppressed 9 repeated tag-change log lines in the last 129s
[2026-08-12 00:19:05] Tag Change: ID '00E200471768C068217AD701' -> Floor '1'
[2026-08-12 00:19:06] Tag Change: ID '00E20047179C4068217E0F01' -> Floor '2'
[2026-08-12 00:19:06] Tag Change: ID '00E2004717A0C068217E5701' -> Floor '3'
[2026-08-12 00:19:07] Tag Change: ID '00E2004718A58068218EA301' -> Floor '3'
[2026-08-12 00:19:12] Status Updated: Floor '3'
[2026-08-12 00:19:12] Tag Change: ID '00E2004717710068217B5B00' -> Floor '8'
[2026-08-12 00:19:14] Tag Change: ID '00E2004717767068217BB201' -> Floor '8'
[2026-08-12 00:19:14] Status Updated: Floor '8'
[2026-08-12 00:19:19] Tag Change: ID '00E2004717' -> Floor 'Unknown'
[2026-08-12 00:23:28] Tag Change: ID '00E200471776706821' -> Floor 'Unknown'
[2026-08-12 00:23:28] Tag flapping: suppressed 1 repeated tag-change log lines in the last 247s
[2026-08-12 00:23:28] Tag Change: ID '00E2004717767068' -> Floor 'Unknown'
[2026-08-12 00:23:28] Tag Change: ID '00E2004717767068217BB201' -> Floor '8'
[2026-08-12 00:24:24] Tag Change: ID '00E20047177670' -> Floor 'Unknown'
[2026-08-12 00:29:51] Tag Change: ID '00E2004717710068217B5B00' -> Floor '8'
[2026-08-12 00:29:51] Tag flapping: suppressed 1 repeated tag-change log lines in the last 325s
[2026-08-12 00:29:53] Tag Change: ID '00E20047175F4068217A3F01' -> Floor '7'
[2026-08-12 00:29:54] Tag Change: ID '00E2004717A60068217EAB01' -> Floor '7'
[2026-08-12 00:29:54] Status Updated: Floor '7'
[2026-08-12 00:29:55] Tag Change: ID '00E2004717964068217DAF01' -> Floor '6'
[2026-08-12 00:29:59] Status Updated: Floor '6'
[2026-08-12 00:30:11] Tag Change: ID '00E20047189E4068218E2F01' -> Floor '4'
[2026-08-12 00:30:13] Tag Change: ID '00E2004717A0C068217E5701' -> Floor '3'
[2026-08-12 00:30:15] Tag Change: ID '00E20047176CC068217B1701' -> Floor '1'
[2026-08-12 00:30:22] Tag Change: ID '00E2004717A40068217E8B01' -> Floor '-1'
[2026-08-12 00:30:25] Status Updated: Floor '-1'
[2026-08-12 00:30:40] Tag Change: ID '00E2004717A00068217E4B01' -> Floor '-1'
[2026-08-12 00:30:43] Tag Change: ID '00E200471736C0682177B701' -> Floor '-1'
[2026-08-12 00:30:50] Tag Change: ID '00E2004717684068217ACF01' -> Floor '5'
[2026-08-12 00:30:51] Tag Change: ID '00E20047175CC068217A1701' -> Floor '6'
[2026-08-12 00:30:54] Tag Change: ID '00E20047177A7068217BF201' -> Floor '9'
[2026-08-12 00:30:56] Tag Change: ID '00E200471744006821788B01' -> Floor '9'
[2026-08-12 00:30:56] Status Updated: Floor '9'
[2026-08-12 00:31:45] Tag Change: ID '00E2004717773068217BBE01' -> Floor '9'
[2026-08-12 00:31:46] Tag Change: ID '00E2004717767068217BB201' -> Floor '8'
[2026-08-12 00:31:52] Status Updated: Floor '8'
[2026-08-12 00:32:01] Tag Change: ID '00E2004717710068217B5B00' -> Floor '8'
[2026-08-12 00:32:04] Tag Change: ID '00E200471777F068217BCA01' -> Floor 'Unknown'
[2026-08-12 00:32:05] Tag Change: ID '00E20047189E4068218E2F01' -> Floor '4'
[2026-08-12 00:32:06] Tag Change: ID '00E2004718A2C068218E7701' -> Floor '4'
[2026-08-12 00:32:06] Status Updated: Floor '4'
[2026-08-12 00:32:07] Tag Change: ID '00E2004717A7C068217EC701' -> Floor '3'
[2026-08-12 00:32:07] Tag Change: ID '00E2004717A0C068217E5701' -> Floor '3'
[2026-08-12 00:32:08] Status Updated: Floor '3'
[2026-08-12 00:32:08] Tag Change: ID '00E20047175A40682179EF01' -> Floor '2'
[2026-08-12 00:32:08] Tag Change: ID '00E200471741406821785F01' -> Floor '2'
[2026-08-12 00:32:09] Status Updated: Floor '2'
[2026-08-12 00:32:10] Tag Change: ID '00E200471775B068217BA601' -> Floor '1'
[2026-08-12 00:32:12] Tag Change: ID '00E200471736C0682177B701' -> Floor '-1'
[2026-08-12 00:32:21] Tag Change: ID '00E2004717A00068217E4B01' -> Floor '-1'
[2026-08-12 00:32:21] Status Updated: Floor '-1'
[2026-08-12 00:32:31] Tag Change: ID '00E2004717AC4068217F0F01' -> Floor '-1'
[2026-08-12 00:32:35] Tag Change: ID '00E2004718A58068218EA301' -> Floor '3'
[2026-08-12 00:32:38] Tag Change: ID '00E2004717964068217DAF01' -> Floor '6'
[2026-08-12 00:32:39] Tag Change: ID '00E20047175F4068217A3F01' -> Floor '7'
[2026-08-12 00:32:43] Status Updated: Floor '8'
[2026-08-12 00:34:37] Tag Change: ID '00E20047175F4068217A3F01' -> Floor '7'
[2026-08-12 00:34:37] Tag flapping: suppressed 3 repeated tag-change log lines in the last 172s
[2026-08-12 00:34:37] Tag Change: ID '00E2004717A60068217EAB01' -> Floor '7'
[2026-08-12 00:34:37] Status Updated: Floor '7'
[2026-08-12 00:34:38] Tag Change: ID '00E20047175CC068217A1701' -> Floor '6'
[2026-08-12 00:34:38] Status Updated: Floor '6'
[2026-08-12 00:34:39] Tag Change: ID '00E200471897C068218DC701' -> Floor '5'
[2026-08-12 00:34:40] Tag Change: ID '00E2004718A2C068218E7701' -> Floor '4'
[2026-08-12 00:34:41] Tag Change: ID '00E2004718A58068218EA301' -> Floor '3'
[2026-08-12 00:34:41] Tag Change: ID '00E2004717A0C068217E5701' -> Floor '3'
[2026-08-12 00:34:42] Status Updated: Floor '3'
[2026-08-12 00:34:55] Tag Change: ID '00E2004717A40068217E8B01' -> Floor '-1'
[2026-08-12 00:34:58] Status Updated: Floor '-1'
[2026-08-12 00:35:12] Tag Change: ID '00E200471736C0682177B701' -> Floor '-1'
[2026-08-12 00:35:14] Tag Change: ID '00E200471775B068217BA601' -> Floor '1'
[2026-08-12 00:35:16] Tag Change: ID '00E200471741406821785F01' -> Floor '2'
[2026-08-12 00:35:16] Tag Change: ID '00E20047175A40682179EF01' -> Floor '2'
[2026-08-12 00:35:17] Status Updated: Floor '2'
[2026-08-12 00:35:17] Tag Change: ID '00E20047179C4068217E0F01' -> Floor '2'
[2026-08-12 00:35:20] Status Updated: Floor '3'
[2026-08-12 00:35:38] Tag Change: ID '00E2004717A7C068217EC701' -> Floor '3'
[2026-08-12 00:35:40] Tag Change: ID '00E200471768C068217AD701' -> Floor '1'
[2026-08-12 00:35:40] Tag Change: ID '00E20047176CC068217B1701' -> Floor '1'
[2026-08-12 00:35:40] Status Updated: Floor '1'
[2026-08-12 00:35:42] Tag Change: ID '00E2004717AC4068217F0F01' -> Floor '-1'
[2026-08-12 00:35:44] Status Updated: Floor '-1'
[2026-08-12 00:35:59] Tag Change: ID '00E2004717A00068217E4B01' -> Floor '-1'
[2026-08-12 00:36:05] Tag Change: ID '00E2004717A0C068217E5701' -> Floor '3'
[2026-08-12 00:36:06] Tag Change: ID '00E2004718A58068218EA301' -> Floor '3'
[2026-08-12 00:36:06] Status Updated: Floor '3'
[2026-08-12 00:36:07] Tag Change: ID '00E2004718A2C068218E7701' -> Floor '4'
[2026-08-12 00:36:09] Tag Change: ID '00E20047189E4068218E2F01' -> Floor '4'
[2026-08-12 00:36:10] Status Updated: Floor '4'
[2026-08-12 00:37:47] Tag Change: ID '00E20047175A80682179F301' -> Floor '4'
[2026-08-12 00:37:47] Tag flapping: suppressed 6 repeated tag-change log lines in the last 150s
[2026-08-12 00:37:47] Tag Change: ID '00E2004718A58068218EA301' -> Floor '3'
[2026-08-12 00:37:49] Tag Change: ID '00E20047175A40682179EF01' -> Floor '2'
[2026-08-12 00:37:50] Tag Change: ID '00E200471768C068217AD701' -> Floor '1'
[2026-08-12 00:37:50] Tag Change: ID '00E20047176CC068217B1701' -> Floor '1'
[2026-08-12 00:37:50] Status Updated: Floor '1'
[2026-08-12 00:37:51] Tag Change: ID '00E200471775B068217BA601' -> Floor '1'
[2026-08-12 00:37:51] Tag Change: ID '00E2004717A54068217E9F01' -> Floor '0'
[2026-08-12 00:37:54] Tag Change: ID '00E2004717A00068217E4B01' -> Floor '-1'
[2026-08-12 00:38:14] Tag Change: ID '00E2004717A40068217E8B01' -> Floor '-1'
[2026-08-12 00:38:15] Status Updated: Floor '-1'
[2026-08-12 00:38:19] Tag Change: ID '00E200471736C0682177B701' -> Floor '-1'
[2026-08-12 00:38:25] Tag Change: ID '00E2004717A7C068217EC701' -> Floor '3'
[2026-08-12 00:38:26] Tag Change: ID '00E200471897C068218DC701' -> Floor '5'
[2026-08-12 00:38:27] Tag Change: ID '00E2004717688068217AD301' -> Floor '5'
[2026-08-12 00:38:28] Status Updated: Floor '5'
[2026-08-12 00:38:28] Tag Change: ID '00E2004717964068217DAF01' -> Floor '6'
[2026-08-12 00:38:30] Tag Change: ID '00E20047175F4068217A3F01' -> Floor '7'
[2026-08-12 00:38:31] Tag Change: ID '00E2004717638068217A8301' -> Floor '7'
[2026-08-12 00:38:36] Status Updated: Floor '7'
[2026-08-12 00:38:57] Tag Change: ID '00E20047177A3068217BEE01' -> Floor '8'
[2026-08-12 00:38:58] Status Updated: Floor '8'
[2026-08-12 00:38:58] Tag Change: ID '00E2004717767068217BB201' -> Floor '8'
[2026-08-12 00:39:00] Tag Change: ID '00E2004718C4B06821909601' -> Floor 'Unknown'
[2026-08-12 00:39:00] Tag Change: ID '00E20047174880682178D301' -> Floor '10'
[2026-08-12 00:39:02] Tag Change: ID '002427031027000620240000' -> Floor 'Unknown'
[2026-08-12 00:39:02] Tag Change: ID '00E200471745C0682178A701' -> Floor '10'
[2026-08-12 00:39:02] Status Updated: Floor '10'
[2026-08-12 00:39:19] Tag flapping: suppressed 9 repeated tag-change log lines in the last 60s
[2026-08-12 00:39:34] Tag Change: ID '00E20047175F4068217A3F01' -> Floor '7'
[2026-08-12 00:39:35] Tag Change: ID '00E20047175CC068217A1701' -> Floor '6'
[2026-08-12 00:39:35] Status Updated: Floor '6'
[2026-08-12 00:39:36] Tag Change: ID '00E2004717684068217ACF01' -> Floor '5'
[2026-08-12 00:39:36] Status Updated: Floor '5'
[2026-08-12 00:39:38] Tag Change: ID '00E2004718A58068218EA301' -> Floor '3'
[2026-08-12 00:39:42] Tag Change: ID '00E200471775B068217BA601' -> Floor '1'
[2026-08-12 00:39:44] Tag Change: ID '00E2004717A54068217E9F01' -> Floor '0'
[2026-08-12 00:39:45] Status Updated: Floor '0'
[2026-08-12 00:40:03] Tag Change: ID '00E2004717A40068217E8B01' -> Floor '-1'
[2026-08-12 00:40:11] Status Updated: Floor '-1'
[2026-08-12 00:41:12] Tag Change: ID '00E2004717A00068217E4B01' -> Floor '-1'
[2026-08-12 00:41:12] Tag flapping: suppressed 6 repeated tag-change log lines in the last 108s
[2026-08-12 00:41:24] Tag Change: ID '00E2004717A40068217E8B01' -> Floor '-1'
[2026-08-12 00:43:19] Tag Change: ID '00E2004717A00068217E4B01' -> Floor '-1'
[2026-08-12 00:43:19] Tag flapping: suppressed 2 repeated tag-change log lines in the last 72s
[2026-08-12 00:43:23] Tag Change: ID '00E2004717A40068217E8B01' -> Floor '-1'
[2026-08-12 00:43:55] Tag Change: ID '00E2004717A54068217E9F01' -> Floor '0'
[2026-08-12 00:43:57] Tag Change: ID '00E20047175A40682179EF01' -> Floor '2'
[2026-08-12 00:43:58] Tag Change: ID '00E2004717A0C068217E5701' -> Floor '3'
[2026-08-12 00:43:59] Tag Change: ID '00E2004718A2C068218E7701' -> Floor '4'
[2026-08-12 00:44:00] Tag Change: ID '00E20047189E4068218E2F01' -> Floor '4'
[2026-08-12 00:44:00] Status Updated: Floor '4'
[2026-08-12 00:44:01] Tag Change: ID '00E200471777F068217BCA01' -> Floor 'Unknown'
[2026-08-12 00:44:03] Tag Change: ID '00E2004717638068217A8301' -> Floor '7'
[2026-08-12 00:44:04] Tag Change: ID '00E2004717710068217B5B00' -> Floor '8'
[2026-08-12 00:44:06] Tag Change: ID '002427031027000620240000' -> Floor 'Unknown'
[2026-08-12 00:44:07] Tag Change: ID '00E20047174C806821791301' -> Floor '11'
[2026-08-12 00:44:08] Status Updated: Floor '11'
[2026-08-12 00:44:09] Tag Change: ID '00E200471753C06821798701' -> Floor '11'
[2026-08-12 00:44:10] Tag Change: ID '00E200471741006821785B01' -> Floor 'Unknown'
[2026-08-12 00:44:59] Tag Change: ID '00E200471753C068' -> Floor 'Unknown'
[2026-08-12 00:44:59] Tag flapping: suppressed 2 repeated tag-change log lines in the last 66s
[2026-08-12 00:45:47] Tag Change: ID '00E20047174880682178D301' -> Floor '10'
[2026-08-12 00:45:48] Tag Change: ID '00E2004718C4B06821909601' -> Floor 'Unknown'
[2026-08-12 00:45:49] Tag Change: ID '00E20047177A7068217BF201' -> Floor '9'
[2026-08-12 00:45:50] Tag Change: ID '00E2004717773068217BBE01' -> Floor '9'
[2026-08-12 00:45:50] Status Updated: Floor '9'
[2026-08-12 00:45:50] Tag Change: ID '00E2004717767068217BB201' -> Floor '8'
[2026-08-12 00:45:52] Status Updated: Floor '8'
[2026-08-12 00:46:05] Tag Change: ID '00E20047177A3068217BEE01' -> Floor '8'
[2026-08-12 00:46:05] Tag flapping: suppressed 1 repeated tag-change log lines in the last 65s
[2026-08-12 00:46:10] Tag Change: ID '00E2004718A58068218EA301' -> Floor '3'
[2026-08-12 00:46:10] Status Updated: Floor '3'
[2026-08-12 00:46:11] Tag Change: ID '00E2004717A0C068217E5701' -> Floor '3'
[2026-08-12 00:46:11] Tag Change: ID '00E20047175A40682179EF01' -> Floor '2'
[2026-08-12 00:46:33] Tag Change: ID '00E200471775B068217BA601' -> Floor '1'
[2026-08-12 00:46:33] Status Updated: Floor '1'
[2026-08-12 00:46:37] Tag Change: ID '00E20047189E4068218E2F01' -> Floor '4'
[2026-08-12 00:46:38] Tag Change: ID '00E200471897C068218DC701' -> Floor '5'
[2026-08-12 00:46:38] Tag Change: ID '00E2004717684068217ACF01' -> Floor '5'
[2026-08-12 00:46:38] Status Updated: Floor '5'
[2026-08-12 00:46:39] Tag Change: ID '00E200471777F068217BCA01' -> Floor 'Unknown'
[2026-08-12 00:46:39] Tag Change: ID '00E20047175CC068217A1701' -> Floor '6'
[2026-08-12 00:46:41] Tag Change: ID '00E2004717964068217DAF01' -> Floor '6'
[2026-08-12 00:46:41] Status Updated: Floor '6'
[2026-08-12 00:51:03] Tag Change: ID '00E20047175CC068217A1701' -> Floor '6'
[2026-08-12 00:51:03] Tag flapping: suppressed 1 repeated tag-change log lines in the last 267s
[2026-08-12 00:51:11] Tag Change: ID '00E2004717964068217DAF01' -> Floor '6'
[2026-08-12 00:54:29] Tag Change: ID '00E20047175CC068217A1701' -> Floor '6'
[2026-08-12 00:54:30] Tag Change: ID '00E2004717688068217AD301' -> Floor '5'
[2026-08-12 00:54:32] Tag Change: ID '00E2004718A58068218EA301' -> Floor '3'
[2026-08-12 00:54:33] Tag Change: ID '00E2004717A7C068217EC701' -> Floor '3'
[2026-08-12 00:54:33] Status Updated: Floor '3'
[2026-08-12 00:54:36] Tag Change: ID '00E200471768C068217AD701' -> Floor '1'
[2026-08-12 00:54:37] Status Updated: Floor '1'
[2026-08-12 00:54:41] Tag Change: ID '00E20047176CC068217B1701' -> Floor '1'
[2026-08-12 00:54:51] Tag Change: ID '00E200471741406821785F01' -> Floor '2'
[2026-08-12 00:54:52] Tag Change: ID '00E20047175A40682179EF01' -> Floor '2'
[2026-08-12 00:54:52] Status Updated: Floor '2'
[2026-08-12 00:54:54] Tag Change: ID '00E20047175A80682179F301' -> Floor '4'
[2026-08-12 00:54:57] Tag Change: ID '00E20047189E4068218E2F01' -> Floor '4'
[2026-08-12 00:54:57] Status Updated: Floor '4'
[2026-08-12 01:00:46] Tag Change: ID '00420025B88440D0431A4501' -> Floor 'Unknown'
[2026-08-12 01:00:46] Tag flapping: suppressed 11 repeated tag-change log lines in the last 364s
[2026-08-12 01:00:47] Tag Change: ID '00E20047189E4068218E2F01' -> Floor '4'
[2026-08-12 01:04:40] Tag Change: ID '00E2004718A2C068218E7701' -> Floor '4'
[2026-08-12 01:04:42] Tag Change: ID '00E2004717A7C068217EC701' -> Floor '3'
[2026-08-12 01:04:43] Tag Change: ID '00E200471768C068217AD701' -> Floor '1'
[2026-08-12 01:04:48] Tag Change: ID '00E2004717A00068217E4B01' -> Floor '-1'
[2026-08-12 01:04:51] Tag Change: ID '00E2004717A40068217E8B01' -> Floor '-1'
[2026-08-12 01:04:51] Status Updated: Floor '-1'
[2026-08-12 01:05:24] Tag Change: ID '00E200471741406821785F01' -> Floor '2'
[2026-08-12 01:05:25] Tag Change: ID '00E20047175A40682179EF01' -> Floor '2'
[2026-08-12 01:05:25] Status Updated: Floor '2'
[2026-08-12 01:05:28] Tag Change: ID '00E2004718A58068218EA301' -> Floor '3'
[2026-08-12 01:05:29] Status Updated: Floor '3'
[2026-08-12 01:07:19] Tag Change: ID '00E2004717A0C068217E5701' -> Floor '3'
[2026-08-12 01:07:19] Tag flapping: suppressed 1 repeated tag-change log lines in the last 115s
[2026-08-12 01:07:20] Tag Change: ID '00E20047175A40682179EF01' -> Floor '2'
[2026-08-12 01:07:20] Tag Change: ID '00E200471768C068217AD701' -> Floor '1'
[2026-08-12 01:07:22] Tag Change: ID '00E200471775B068217BA601' -> Floor '1'
[2026-08-12 01:07:23] Status Updated: Floor '1'
[2026-08-12 01:07:23] Tag Change: ID '00E2004717AC4068217F0F01' -> Floor '-1'
[2026-08-12 01:07:25] Tag Change: ID '00E2004717A00068217E4B01' -> Floor '-1'
[2026-08-12 01:07:25] Status Updated: Floor '-1'
[2026-08-12 01:07:41] Tag Change: ID '00E2004717A54068217E9F01' -> Floor '0'
[2026-08-12 01:07:43] Tag Change: ID '00E20047176CC068217B1701' -> Floor '1'
[2026-08-12 01:07:49] Status Updated: Floor '1'
[2026-08-12 01:08:24] Tag Change: ID '00E200471768C068217AD701' -> Floor '1'
[2026-08-12 01:08:42] Tag flapping: suppressed 33 repeated tag-change log lines in the last 60s
[2026-08-12 01:08:54] Tag Change: ID '00E20047176CC068217B1701' -> Floor '1'
[2026-08-12 01:09:37] Tag Change: ID '00E200471768C068217AD701' -> Floor '1'
[2026-08-12 01:09:43] Tag flapping: suppressed 10 repeated tag-change log lines in the last 60s
[2026-08-12 01:09:56] Tag Change: ID '00E2004717A00068217E4B01' -> Floor '-1'
[2026-08-12 01:10:02] Tag Change: ID '00E2004717A40068217E8B01' -> Floor '-1'
[2026-08-12 01:10:07] Status Updated: Floor '-1'
[2026-08-12 01:10:13] Tag Change: ID '00E200471736C0682177B701' -> Floor '-1'
[2026-08-12 01:10:22] Tag Change: ID '00E2004717964068217DAF01' -> Floor '6'
[2026-08-12 01:10:23] Tag Change: ID '00E20047177A3068217BEE01' -> Floor '8'
[2026-08-12 01:10:24] Tag Change: ID '00E20047177A7068217BF201' -> Floor '9'
[2026-08-12 01:10:25] Tag Change: ID '00E2004718C4B06821909601' -> Floor 'Unknown'
[2026-08-12 01:10:27] Tag Change: ID '002427031027000620240000' -> Floor 'Unknown'
[2026-08-12 01:10:27] Tag Change: ID '00E200471745C0682178A701' -> Floor '10'
[2026-08-12 01:10:32] Status Updated: Floor '10'
[2026-08-12 01:10:44] Tag flapping: suppressed 12 repeated tag-change log lines in the last 60s
[2026-08-12 01:11:29] Tag Change: ID '00E200471745C0682178A701' -> Floor '10'
[2026-08-12 01:11:29] Tag Change: ID '002427031027000620240000' -> Floor 'Unknown'
[2026-08-12 01:11:46] Tag Change: ID '00242703102700' -> Floor 'Unknown'
[2026-08-12 01:11:46] Tag flapping: suppressed 27 repeated tag-change log lines in the last 61s
[2026-08-12 01:11:46] Tag Change: ID '00242703102700062024' -> Floor 'Unknown'
[2026-08-12 01:12:33] Tag Change: ID '00E200471745C0682178A701' -> Floor '10'
[2026-08-12 01:12:33] Tag Change: ID '002427031027000620240000' -> Floor 'Unknown'
[2026-08-12 01:12:50] Tag Change: ID '002427' -> Floor 'Unknown'
[2026-08-12 01:12:50] Tag flapping: suppressed 24 repeated tag-change log lines in the last 61s
[2026-08-12 01:13:49] Tag Change: ID '00E200471745C0682178A701' -> Floor '10'
[2026-08-12 01:13:49] Tag Change: ID '002427031027000620240000' -> Floor 'Unknown'
[2026-08-12 01:13:55] Tag flapping: suppressed 14 repeated tag-change log lines in the last 64s
[2026-08-12 01:14:52] Tag Change: ID '00E200471745C0682178A701' -> Floor '10'
[2026-08-12 01:14:52] Tag Change: ID '002427031027000620240000' -> Floor 'Unknown'
[2026-08-12 01:14:57] Tag flapping: suppressed 18 repeated tag-change log lines in the last 62s
[2026-08-12 01:15:55] Tag Change: ID '00E200471745C0682178A701' -> Floor '10'
[2026-08-12 01:15:57] Tag Change: ID '002427031027000620240000' -> Floor 'Unknown'
[2026-08-12 01:16:00] Tag flapping: suppressed 22 repeated tag-change log lines in the last 62s
[2026-08-12 01:16:21] Tag Change: ID '00E20047174880682178D301' -> Floor '10'
[2026-08-12 01:16:21] Tag Change: ID '00E2004718C4B06821909601' -> Floor 'Unknown'
[2026-08-12 01:16:22] Tag Change: ID '00E200471744006821788B01' -> Floor '9'
[2026-08-12 01:16:22] Tag Change: ID '00E20047177A7068217BF201' -> Floor '9'
[2026-08-12 01:16:23] Status Updated: Floor '9'
[2026-08-12 01:16:24] Tag Change: ID '00E20047177A3068217BEE01' -> Floor '8'
[2026-08-12 01:16:24] Tag Change: ID '00E20047175F4068217A3F01' -> Floor '7'
[2026-08-12 01:16:27] Tag Change: ID '00E200471897C068218DC701' -> Floor '5'
[2026-08-12 01:16:28] Tag Change: ID '00E2004718A58068218EA301' -> Floor '3'
[2026-08-12 01:16:30] Tag Change: ID '00E200471741406821785F01' -> Floor '2'
[2026-08-12 01:16:30] Tag Change: ID '00E20047176CC068217B1701' -> Floor '1'
[2026-08-12 01:16:32] Tag Change: ID '00E200471775B068217BA601' -> Floor '1'
[2026-08-12 01:16:32] Status Updated: Floor '1'
[2026-08-12 01:16:39] Tag Change: ID '00E2004717A40068217E8B01' -> Floor '-1'
[2026-08-12 01:16:48] Tag Change: ID '00E2004717A00068217E4B01' -> Floor '-1'
[2026-08-12 01:16:48] Status Updated: Floor '-1'
[2026-08-12 01:16:54] Tag Change: ID '00E200471768C068217AD701' -> Floor '1'
[2026-08-12 01:16:55] Status Updated: Floor '1'
[2026-08-12 01:17:08] Tag flapping: suppressed 15 repeated tag-change log lines in the last 67s
[2026-08-12 01:17:12] Tag Change: ID '00E200471736C0682177B701' -> Floor '-1'
[2026-08-12 01:17:18] Status Updated: Floor '-1'
[2026-08-12 01:17:32] Tag Change: ID '00E2004707DF5060270ED801' -> Floor '-3'
[2026-08-12 01:17:33] Tag Change: ID '00E2004707E01060270EE401' -> Floor '-3'
[2026-08-12 01:17:33] Status Updated: Floor '-3'
[2026-08-12 01:17:34] Tag Change: ID '00E2004707E05060270EE801' -> Floor '-3'
[2026-08-12 01:18:10] Tag Change: ID '00E2004717A48068217E9301' -> Floor '-2'
[2026-08-12 01:18:10] Tag flapping: suppressed 28 repeated tag-change log lines in the last 60s
[2026-08-12 01:18:16] Tag Change: ID '00E2004717A40068217E8B01' -> Floor '-1'
[2026-08-12 01:18:51] Status Updated: Floor '-1'
[2026-08-12 01:18:55] Tag Change: ID '00E2004707E01060270EE401' -> Floor '-3'
[2026-08-12 01:18:56] Tag Change: ID '00E2004707E05060270EE801' -> Floor '-3'
[2026-08-12 01:18:56] Status Updated: Floor '-3'
[2026-08-12 01:19:00] Tag Change: ID '00E2004707DF5060270ED801' -> Floor '-3'
[2026-08-12 01:19:12] Tag Change: ID '00E2004717AC4068217F0F01' -> Floor '-1'
[2026-08-12 01:19:12] Tag Change: ID '00E200471775B068217BA601' -> Floor '1'
[2026-08-12 01:19:13] Status Updated: Floor '1'
[2026-08-12 01:19:13] Tag Change: ID '00E20047176CC068217B1701' -> Floor '1'
[2026-08-12 01:19:14] Tag Change: ID '00E200471768C068217AD701' -> Floor '1'
[2026-08-12 01:19:14] Tag Change: ID '00E200471741406821785F01' -> Floor '2'
[2026-08-12 01:19:18] Tag Change: ID '00E2004718A58068218EA301' -> Floor '3'
[2026-08-12 01:19:18] Status Updated: Floor '3'
[2026-08-12 01:19:58] Tag Change: ID '00E20047189E4068218E2F01' -> Floor '4'
[2026-08-12 01:19:58] Tag flapping: suppressed 7 repeated tag-change log lines in the last 64s
[2026-08-12 01:19:59] Tag Change: ID '00E2004717684068217ACF01' -> Floor '5'
[2026-08-12 01:20:02] Tag Change: ID '00E2004717767068217BB201' -> Floor '8'
[2026-08-12 01:20:03] Tag Change: ID '00E20047177A7068217BF201' -> Floor '9'
[2026-08-12 01:20:04] Tag Change: ID '00E2004718C4B06821909601' -> Floor 'Unknown'
[2026-08-12 01:20:05] Tag Change: ID '002427031027000620240000' -> Floor 'Unknown'
[2026-08-12 01:20:11] Tag Change: ID '00E200471745C0682178A701' -> Floor '10'
[2026-08-12 01:20:16] Status Updated: Floor '10'
[2026-08-12 01:20:26] Tag Change: ID '00E20047174880682178D301' -> Floor '10'
[2026-08-12 01:20:30] Tag Change: ID '00E2004717638068217A8301' -> Floor '7'
[2026-08-12 01:20:31] Tag Change: ID '00E2004717964068217DAF01' -> Floor '6'
[2026-08-12 01:20:31] Tag Change: ID '00E20047175CC068217A1701' -> Floor '6'
[2026-08-12 01:20:32] Status Updated: Floor '6'
[2026-08-12 01:20:32] Tag Change: ID '00E2004717688068217AD301' -> Floor '5'
[2026-08-12 01:20:33] Tag Change: ID '00E200471897C068218DC701' -> Floor '5'
[2026-08-12 01:20:33] Status Updated: Floor '5'
[2026-08-12 01:20:34] Tag Change: ID '00E2004718A2C068218E7701' -> Floor '4'
[2026-08-12 01:20:34] Tag Change: ID '00E20047175A80682179F301' -> Floor '4'
[2026-08-12 01:20:34] Status Updated: Floor '4'
[2026-08-12 01:20:35] Tag Change: ID '00E2004717A0C068217E5701' -> Floor '3'
[2026-08-12 01:20:35] Tag Change: ID '00E20047179C4068217E0F01' -> Floor '2'
[2026-08-12 01:20:38] Tag Change: ID '00E200471775B068217BA601' -> Floor '1'
[2026-08-12 01:20:42] Tag Change: ID '00E2004717A40068217E8B01' -> Floor '-1'
[2026-08-12 01:20:50] Status Updated: Floor '-1'
[2026-08-12 01:21:01] Tag Change: ID '00E2004717A00068217E4B01' -> Floor '-1'
[2026-08-12 01:21:02] Tag Change: ID '00E200471736C0682177B701' -> Floor '-1'
[2026-08-12 01:21:03] Tag Change: ID '00E2004717AC4068217F0F01' -> Floor '-1'
[2026-08-12 01:21:05] Tag Change: ID '00E200471768C068217AD701' -> Floor '1'
[2026-08-12 01:21:06] Status Updated: Floor '1'
[2026-08-12 01:21:10] Tag Change: ID '00E20047189E4068218E2F01' -> Floor '4'
[2026-08-12 01:21:11] Status Updated: Floor '4'
[2026-08-12 01:21:25] Tag flapping: suppressed 14 repeated tag-change log lines in the last 72s
[2026-08-12 01:21:27] Tag Change: ID '00E200471741406821785F01' -> Floor '2'
[2026-08-12 01:21:29] Status Updated: Floor '1'
[2026-08-12 01:21:32] Tag Change: ID '00E20047176CC068217B1701' -> Floor '1'
[2026-08-12 01:22:03] Tag Change: ID '00E2004717AC4068217F0F01' -> Floor '-1'
[2026-08-12 01:22:34] Tag Change: ID '00E2004717A40068217E8B01' -> Floor '-1'
[2026-08-12 01:22:34] Tag flapping: suppressed 21 repeated tag-change log lines in the last 65s
[2026-08-12 01:22:34] Status Updated: Floor '-1'
[2026-08-12 01:24:33] Tag Change: ID '00E2004717A00068217E4B01' -> Floor '-1'
[2026-08-12 01:24:33] Tag Change: ID '00E2004717A40068217E8B01' -> Floor '-1'
[2026-08-12 01:24:40] Tag Change: ID '00E200471736C0682177B701' -> Floor '-1'
[2026-08-12 01:24:41] Tag Change: ID '00E2004717A54068217E9F01' -> Floor '0'
[2026-08-12 01:24:42] Tag Change: ID '00E200471775B068217BA601' -> Floor '1'
[2026-08-12 01:24:42] Status Updated: Floor '1'
[2026-08-12 01:24:43] Tag Change: ID '00E20047176CC068217B1701' -> Floor '1'
[2026-08-12 01:24:45] Tag Change: ID '00E200471768C068217AD701' -> Floor '1'
[2026-08-12 01:25:44] Tag Change: ID '00E20047176CC068217B1701' -> Floor '1'
[2026-08-12 01:25:45] Tag Change: ID '00E200471768C068217AD701' -> Floor '1'
[2026-08-12 01:25:50] Tag flapping: suppressed 37 repeated tag-change log lines in the last 63s
[2026-08-12 01:26:23] Tag Change: ID '00E20047175A40682179EF01' -> Floor '2'
[2026-08-12 01:26:24] Status Updated: Floor '2'
[2026-08-12 01:26:25] Tag Change: ID '00E2004718A58068218EA301' -> Floor '3'
[2026-08-12 01:26:26] Tag Change: ID '00E20047175A80682179F301' -> Floor '4'
[2026-08-12 01:26:28] Tag Change: ID '00E20047189E4068218E2F01' -> Floor '4'
[2026-08-12 01:26:28] Status Updated: Floor '4'
[2026-08-12 01:27:39] Tag Change: ID '00E20047175A80682179F301' -> Floor '4'
[2026-08-12 01:27:39] Tag flapping: suppressed 15 repeated tag-change log lines in the last 109s
[2026-08-12 01:27:41] Tag Change: ID '00E2004717A0C068217E5701' -> Floor '3'
[2026-08-12 01:27:41] Status Updated: Floor '3'
[2026-08-12 01:27:44] Tag Change: ID '00E200471775B068217BA601' -> Floor '1'
[2026-08-12 01:27:44] Status Updated: Floor '1'
[2026-08-12 01:27:48] Tag Change: ID '00E2004717A40068217E8B01' -> Floor '-1'
[2026-08-12 01:27:53] Status Updated: Floor '-1'
[2026-08-12 01:28:02] Tag Change: ID '00E200471736C0682177B701' -> Floor '-1'
[2026-08-12 01:28:05] Tag Change: ID '00E20047176CC068217B1701' -> Floor '1'
[2026-08-12 01:28:05] Status Updated: Floor '1'
[2026-08-12 01:28:06] Tag Change: ID '00E200471741406821785F01' -> Floor '2'
[2026-08-12 01:28:07] Status Updated: Floor '3'
[2026-08-12 01:28:08] Tag Change: ID '00E2004718A2C068218E7701' -> Floor '4'
[2026-08-12 01:28:10] Tag Change: ID '00E20047175CC068217A1701' -> Floor '6'
[2026-08-12 01:28:12] Tag Change: ID '00E20047175F4068217A3F01' -> Floor '7'
[2026-08-12 01:28:14] Tag Change: ID '00E2004717638068217A8301' -> Floor '7'
[2026-08-12 01:28:15] Status Updated: Floor '7'
[2026-08-12 01:28:59] Tag Change: ID '00E2004717964068217DAF01' -> Floor '6'
[2026-08-12 01:29:01] Tag Change: ID '00E20047189E4068218E2F01' -> Floor '4'
[2026-08-12 01:29:02] Tag Change: ID '00E20047175A80682179F301' -> Floor '4'
[2026-08-12 01:29:02] Status Updated: Floor '4'
[2026-08-12 01:29:03] Tag Change: ID '00E2004717A0C068217E5701' -> Floor '3'
[2026-08-12 01:29:04] Tag Change: ID '00E200471768C068217AD701' -> Floor '1'
[2026-08-12 01:29:04] Tag flapping: suppressed 3 repeated tag-change log lines in the last 60s
[2026-08-12 01:29:06] Tag Change: ID '00E200471775B068217BA601' -> Floor '1'
[2026-08-12 01:29:06] Status Updated: Floor '1'
[2026-08-12 01:29:09] Tag Change: ID '00E2004717A00068217E4B01' -> Floor '-1'
[2026-08-12 01:29:11] Tag Change: ID '00E2004717A40068217E8B01' -> Floor '-1'
[2026-08-12 01:29:12] Status Updated: Floor '-1'
[2026-08-12 01:29:30] Tag Change: ID '00E20047179C4068217E0F01' -> Floor '2'
[2026-08-12 01:29:31] Tag Change: ID '00E2004718A58068218EA301' -> Floor '3'
[2026-08-12 01:29:31] Status Updated: Floor '3'
[2026-08-12 01:29:33] Tag Change: ID '00E200471777F068217BCA01' -> Floor 'Unknown'
[2026-08-12 01:29:35] Tag Change: ID '00E2004717638068217A8301' -> Floor '7'
[2026-08-12 01:29:36] Tag Change: ID '00E20047177A3068217BEE01' -> Floor '8'
[2026-08-12 01:29:38] Tag Change: ID '00E2004717767068217BB201' -> Floor '8'
[2026-08-12 01:29:43] Status Updated: Floor '8'
[2026-08-12 01:34:55] Tag Change: ID '00E200471776706821' -> Floor 'Unknown'
[2026-08-12 01:34:55] Tag flapping: suppressed 2 repeated tag-change log lines in the last 325s
[2026-08-12 01:34:56] Tag Change: ID '00E2004717767068217BB201' -> Floor '8'
[2026-08-12 01:34:59] Tag Change: ID '00E200' -> Floor 'Unknown'
[2026-08-12 01:35:11] Tag Change: ID '00E2004717710068217B5B00' -> Floor '8'
[2026-08-12 01:35:12] Tag Change: ID '00E20047177A3068217BEE01' -> Floor '8'
[2026-08-12 01:35:13] Tag Change: ID '00E2004717638068217A8301' -> Floor '7'
[2026-08-12 01:35:16] Status Updated: Floor '7'
[2026-08-12 01:35:26] Tag Change: ID '00E20047175F4068217A3F01' -> Floor '7'
[2026-08-12 01:35:28] Tag Change: ID '00E20047175CC068217A1701' -> Floor '6'
[2026-08-12 01:35:30] Tag Change: ID '00E200471897C068218DC701' -> Floor '5'
[2026-08-12 01:35:30] Tag Change: ID '00E20047189E4068218E2F01' -> Floor '4'
[2026-08-12 01:35:30] Tag Change: ID '00E2004718A2C068218E7701' -> Floor '4'
[2026-08-12 01:35:31] Status Updated: Floor '4'
[2026-08-12 01:35:31] Tag Change: ID '00E2004718A58068218EA301' -> Floor '3'
[2026-08-12 01:35:33] Tag Change: ID '00E200471768C068217AD701' -> Floor '1'
[2026-08-12 01:35:35] Tag Change: ID '00E200471775B068217BA601' -> Floor '1'
[2026-08-12 01:35:40] Status Updated: Floor '1'
[2026-08-12 01:35:58] Tag Change: ID '00E2004717A40068217E8B01' -> Floor '-1'
[2026-08-12 01:36:06] Status Updated: Floor '-1'
[2026-08-12 01:37:07] Tag Change: ID '00E200471741406821785F01' -> Floor '2'
[2026-08-12 01:37:07] Tag flapping: suppressed 1 repeated tag-change log lines in the last 128s
[2026-08-12 01:37:08] Tag Change: ID '00E2004717A0C068217E5701' -> Floor '3'
[2026-08-12 01:37:09] Tag Change: ID '00E2004718A58068218EA301' -> Floor '3'
[2026-08-12 01:37:09] Status Updated: Floor '3'
[2026-08-12 01:37:09] Tag Change: ID '00E2004718A2C068218E7701' -> Floor '4'
[2026-08-12 01:37:10] Tag Change: ID '00E2004717684068217ACF01' -> Floor '5'
[2026-08-12 01:37:11] Status Updated: Floor '5'
[2026-08-12 01:37:12] Tag Change: ID '00E20047175CC068217A1701' -> Floor '6'
[2026-08-12 01:37:12] Status Updated: Floor '6'
[2026-08-12 01:37:13] Tag Change: ID '00E2004717964068217DAF01' -> Floor '6'
[2026-08-12 01:38:38] Tag Change: ID '00E20047175CC068217A1701' -> Floor '6'
[2026-08-12 01:38:39] Tag Change: ID '00E2004717964068217DAF01' -> Floor '6'
[2026-08-12 01:38:43] Tag Change: ID '00E2004717688068217AD301' -> Floor '5'
[2026-08-12 01:38:44] Tag Change: ID '00E20047189E4068218E2F01' -> Floor '4'
[2026-08-12 01:38:45] Tag Change: ID '00E2004718A58068218EA301' -> Floor '3'
[2026-08-12 01:38:46] Tag Change: ID '00E2004717A0C068217E5701' -> Floor '3'
[2026-08-12 01:38:46] Status Updated: Floor '3'
[2026-08-12 01:38:47] Tag Change: ID '00E200471741406821785F01' -> Floor '2'
[2026-08-12 01:38:49] Tag Change: ID '00E200471775B068217BA601' -> Floor '1'
[2026-08-12 01:38:50] Tag Change: ID '00E200471736C0682177B701' -> Floor '-1'
[2026-08-12 01:38:53] Tag Change: ID '00E2004717A40068217E8B01' -> Floor '-1'
[2026-08-12 01:38:53] Status Updated: Floor '-1'
[2026-08-12 01:39:07] Tag Change: ID '00E2004717AC4068217F0F01' -> Floor '-1'
[2026-08-12 01:39:12] Tag Change: ID '00E200471768C068217AD701' -> Floor '1'
[2026-08-12 01:39:12] Status Updated: Floor '1'
[2026-08-12 01:39:16] Tag Change: ID '00E20047176CC068217B1701' -> Floor '1'
[2026-08-12 01:39:43] Tag flapping: suppressed 17 repeated tag-change log lines in the last 61s
[2026-08-12 01:40:14] Tag Change: ID '00E2004717AC4068217F0F01' -> Floor '-1'
[2026-08-12 01:40:15] Status Updated: Floor '-1'
[2026-08-12 01:40:25] Tag Change: ID '00E2004717A40068217E8B01' -> Floor '-1'
[2026-08-12 01:40:30] Tag Change: ID '00E2004717A00068217E4B01' -> Floor '-1'
[2026-08-12 01:40:32] Tag Change: ID '00E2004717A54068217E9F01' -> Floor '0'
[2026-08-12 01:40:33] Tag Change: ID '00E200471775B068217BA601' -> Floor '1'
[2026-08-12 01:40:34] Tag Change: ID '00E20047176CC068217B1701' -> Floor '1'
[2026-08-12 01:40:34] Status Updated: Floor '1'
[2026-08-12 01:40:36] Tag Change: ID '00E2004717A7C068217EC701' -> Floor '3'
[2026-08-12 01:40:38] Tag Change: ID '00E2004718A58068218EA301' -> Floor '3'
[2026-08-12 01:40:38] Status Updated: Floor '3'
[2026-08-12 01:40:57] Tag flapping: suppressed 22 repeated tag-change log lines in the last 72s
[2026-08-12 01:40:57] Tag Change: ID '00E2004717A0C068217E5701' -> Floor '3'
[2026-08-12 01:41:12] Status Updated: Floor '-1'
[2026-08-12 01:41:23] Tag Change: ID '00E2004717AC4068217F0F01' -> Floor '-1'
[2026-08-12 01:41:25] Tag Change: ID '00E200471741406821785F01' -> Floor '2'
[2026-08-12 01:41:31] Tag Change: ID '00E2004717688068217AD301' -> Floor '5'
[2026-08-12 01:41:32] Status Updated: Floor '5'
[2026-08-12 01:41:53] Tag Change: ID '00E2004717684068217ACF01' -> Floor '5'
[2026-08-12 01:44:01] Tag Change: ID '00E2004717684068217ACF01' -> Floor '5'
[2026-08-12 01:44:01] Tag flapping: suppressed 4 repeated tag-change log lines in the last 173s
[2026-08-12 01:44:02] Tag Change: ID '00E2004717688068217AD301' -> Floor '5'
[2026-08-12 01:46:18] Tag Change: ID '00E2004717' -> Floor 'Unknown'
[2026-08-12 01:46:19] Tag Change: ID '00E2004717688068217AD301' -> Floor '5'
[2026-08-12 01:46:58] Tag Change: ID '00E2004717684068217ACF01' -> Floor '5'
[2026-08-12 01:47:48] Tag flapping: suppressed 4 repeated tag-change log lines in the last 89s
[2026-08-12 01:47:49] Tag Change: ID '00E2004717688068217AD301' -> Floor '5'
[2026-08-12 01:48:08] Tag Change: ID '00E20047175A80682179F301' -> Floor '4'
[2026-08-12 01:48:08] Tag Change: ID '00E2004718A58068218EA301' -> Floor '3'
[2026-08-12 01:48:09] Tag Change: ID '00E2004717A7C068217EC701' -> Floor '3'
[2026-08-12 01:48:09] Status Updated: Floor '3'
[2026-08-12 01:48:10] Tag Change: ID '00E200471741406821785F01' -> Floor '2'
[2026-08-12 01:48:14] Tag Change: ID '00E2004717A00068217E4B01' -> Floor '-1'
[2026-08-12 01:48:19] Tag Change: ID '00E2004717A40068217E8B01' -> Floor '-1'
[2026-08-12 01:48:20] Status Updated: Floor '-1'
[2026-08-12 01:48:33] Tag Change: ID '00E200471736C0682177B701' -> Floor '-1'
[2026-08-12 01:48:36] Tag Change: ID '00E200471768C068217AD701' -> Floor '1'
[2026-08-12 01:48:42] Status Updated: Floor '1'
[2026-08-12 01:48:43] Status Updated: Floor '3'
[2026-08-12 01:50:51] Tag Change: ID '00E2004718A5' -> Floor 'Unknown'
[2026-08-12 01:50:51] Tag flapping: suppressed 1 repeated tag-change log lines in the last 128s
[2026-08-12 01:50:51] Tag Change: ID '00E2004718A58068218EA301' -> Floor '3'
[2026-08-12 01:54:06] Tag Change: ID '00E2004718A5' -> Floor 'Unknown'
[2026-08-12 01:54:07] Tag Change: ID '00E2004718A58068218EA301' -> Floor '3'
[2026-08-12 01:55:24] Tag Change: ID '00E2004717A0C068217E5701' -> Floor '3'
[2026-08-12 01:55:25] Tag Change: ID '00E20047175A40682179EF01' -> Floor '2'
[2026-08-12 01:55:27] Tag Change: ID '00E200471741406821785F01' -> Floor '2'
[2026-08-12 01:55:27] Status Updated: Floor '2'
[2026-08-12 01:55:27] Tag Change: ID '00E200471768C068217AD701' -> Floor '1'
[2026-08-12 01:55:33] Status Updated: Floor '1'
[2026-08-12 01:55:38] Tag Change: ID '00E20047176CC068217B1701' -> Floor '1'
[2026-08-12 01:55:42] Tag Change: ID '00E20047179C4068217E0F01' -> Floor '2'
[2026-08-12 01:55:42] Status Updated: Floor '2'
[2026-08-12 01:55:43] Tag Change: ID '00E20047175A80682179F301' -> Floor '4'
[2026-08-12 01:55:44] Tag Change: ID '00E200471897C068218DC701' -> Floor '5'
[2026-08-12 01:55:46] Tag Change: ID '00E20047175CC068217A1701' -> Floor '6'
[2026-08-12 01:55:48] Tag Change: ID '00E20047177A3068217BEE01' -> Floor '8'
[2026-08-12 01:55:49] Tag Change: ID '00E20047177A7068217BF201' -> Floor '9'
[2026-08-12 01:55:49] Status Updated: Floor '9'
[2026-08-12 01:55:50] Tag Change: ID '00E20047174880682178D301' -> Floor '10'
[2026-08-12 01:55:51] Tag Change: ID '00E200471745C0682178A701' -> Floor '10'
[2026-08-12 01:55:51] Status Updated: Floor '10'
[2026-08-12 01:55:51] Tag Change: ID '00E20047174C806821791301' -> Floor '11'
[2026-08-12 01:55:53] Tag Change: ID '00E2004717A84068217ECF01' -> Floor '12'
[2026-08-12 01:55:56] Tag Change: ID '00E2004717A34068217E7F01' -> Floor '12'
[2026-08-12 01:55:57] Status Updated: Floor '12'
[2026-08-12 02:03:09] Tag Change: ID '00E2004717A84068217ECF01' -> Floor '12'
[2026-08-12 02:03:09] Tag flapping: suppressed 4 repeated tag-change log lines in the last 450s
[2026-08-12 02:03:10] Tag Change: ID '00E200471741006821785B01' -> Floor 'Unknown'
[2026-08-12 02:03:11] Tag Change: ID '00E200471751806821796301' -> Floor '11'
[2026-08-12 02:03:11] Status Updated: Floor '11'
[2026-08-12 02:03:12] Tag Change: ID '00E20047174880682178D301' -> Floor '10'
[2026-08-12 02:03:12] Tag Change: ID '00E2004718C4B06821909601' -> Floor 'Unknown'
[2026-08-12 02:03:13] Tag Change: ID '00E20047177A7068217BF201' -> Floor '9'
[2026-08-12 02:03:14] Tag Change: ID '00E2004717773068217BBE01' -> Floor '9'
[2026-08-12 02:03:14] Status Updated: Floor '9'
[2026-08-12 02:03:14] Tag Change: ID '00E20047177A3068217BEE01' -> Floor '8'
[2026-08-12 02:03:16] Tag Change: ID '00E20047175CC068217A1701' -> Floor '6'
[2026-08-12 02:03:17] Tag Change: ID '00E2004717684068217ACF01' -> Floor '5'
[2026-08-12 02:03:19] Tag Change: ID '00E20047175A80682179F301' -> Floor '4'
[2026-08-12 02:03:19] Tag Change: ID '00E2004718A58068218EA301' -> Floor '3'
[2026-08-12 02:03:21] Tag Change: ID '00E200471768C068217AD701' -> Floor '1'
[2026-08-12 02:03:27] Status Updated: Floor '1'
[2026-08-12 02:03:29] Tag Change: ID '00E2004717A40068217E8B01' -> Floor '-1'
[2026-08-12 02:03:30] Status Updated: Floor '-1'
[2026-08-12 02:03:43] Tag Change: ID '00E200471736C0682177B701' -> Floor '-1'
[2026-08-12 02:03:51] Tag Change: ID '00E2004717688068217AD301' -> Floor '5'
[2026-08-12 02:03:53] Tag Change: ID '00E2004717638068217A8301' -> Floor '7'
[2026-08-12 02:03:54] Tag Change: ID '00E2004717710068217B5B00' -> Floor '8'
[2026-08-12 02:03:54] Status Updated: Floor '8'
[2026-08-12 02:03:57] Tag Change: ID '002427031027000620240000' -> Floor 'Unknown'
[2026-08-12 02:03:57] Tag Change: ID '00E200471745C0682178A701' -> Floor '10'
[2026-08-12 02:03:58] Status Updated: Floor '10'
[2026-08-12 02:04:56] Tag flapping: suppressed 26 repeated tag-change log lines in the last 67s
[2026-08-12 02:04:58] Tag Change: ID '002427031027000620240000' -> Floor 'Unknown'
[2026-08-12 02:05:01] Tag Change: ID '00E200471745C0682178A701' -> Floor '10'
[2026-08-12 02:05:58] Tag flapping: suppressed 21 repeated tag-change log lines in the last 61s
[2026-08-12 02:06:02] Tag Change: ID '00E200471745C0682178A701' -> Floor '10'
[2026-08-12 02:06:03] Tag Change: ID '002427031027000620240000' -> Floor 'Unknown'
[2026-08-12 02:07:12] Tag Change: ID '00E200471745C0682178A701' -> Floor '10'
[2026-08-12 02:07:12] Tag flapping: suppressed 30 repeated tag-change log lines in the last 63s
[2026-08-12 02:07:12] Tag Change: ID '002427031027000620240000' -> Floor 'Unknown'
[2026-08-12 02:07:33] Tag Change: ID '00242703' -> Floor 'Unknown'
[2026-08-12 02:08:12] Tag Change: ID '00E200471745C0682178A701' -> Floor '10'
[2026-08-12 02:08:14] Tag Change: ID '002427031027000620240000' -> Floor 'Unknown'
[2026-08-12 02:08:17] Tag Change: ID '00E20047174880682178D301' -> Floor '10'
[2026-08-12 02:08:18] Tag Change: ID '00E2004718C4B06821909601' -> Floor 'Unknown'
[2026-08-12 02:08:18] Tag Change: ID '00E200471744006821788B01' -> Floor '9'
[2026-08-12 02:08:21] Tag Change: ID '00E20047175F4068217A3F01' -> Floor '7'
[2026-08-12 02:08:23] Tag Change: ID '00E2004717684068217ACF01' -> Floor '5'
[2026-08-12 02:08:23] Tag flapping: suppressed 22 repeated tag-change log lines in the last 61s
[2026-08-12 02:08:23] Tag Change: ID '00E200471897C068218DC701' -> Floor '5'
[2026-08-12 02:08:24] Status Updated: Floor '5'
[2026-08-12 02:08:26] Tag Change: ID '00E20047179C4068217E0F01' -> Floor '2'
[2026-08-12 02:08:27] Tag Change: ID '00E200471768C068217AD701' -> Floor '1'
[2026-08-12 02:08:27] Tag Change: ID '00E20047176CC068217B1701' -> Floor '1'
[2026-08-12 02:08:28] Status Updated: Floor '1'
[2026-08-12 02:08:29] Tag Change: ID '00E2004717AC4068217F0F01' -> Floor '-1'
[2026-08-12 02:08:36] Tag Change: ID '00E2004717A40068217E8B01' -> Floor '-1'
[2026-08-12 02:08:36] Status Updated: Floor '-1'
[2026-08-12 02:08:48] Tag Change: ID '00E200471775B068217BA601' -> Floor '1'
[2026-08-12 02:08:51] Tag Change: ID '00E2004717A0C068217E5701' -> Floor '3'
[2026-08-12 02:08:52] Tag Change: ID '00E20047175A80682179F301' -> Floor '4'
[2026-08-12 02:08:54] Tag Change: ID '00E2004717688068217AD301' -> Floor '5'
[2026-08-12 02:08:54] Status Updated: Floor '5'
[2026-08-12 02:08:54] Tag Change: ID '00E200471777F068217BCA01' -> Floor 'Unknown'
[2026-08-12 02:08:56] Tag Change: ID '00E2004717964068217DAF01' -> Floor '6'
[2026-08-12 02:09:02] Status Updated: Floor '6'
[2026-08-12 02:13:38] Tag Change: ID '00E20047175A80682179F301' -> Floor '4'
[2026-08-12 02:13:38] Tag flapping: suppressed 1 repeated tag-change log lines in the last 284s
[2026-08-12 02:13:39] Tag Change: ID '00E2004718A58068218EA301' -> Floor '3'
[2026-08-12 02:13:39] Status Updated: Floor '3'
[2026-08-12 02:13:53] Tag Change: ID '00E2004717A7C068217EC701' -> Floor '3'
[2026-08-12 02:13:55] Tag Change: ID '00E20047179C4068217E0F01' -> Floor '2'
[2026-08-12 02:13:55] Tag Change: ID '00E200471741406821785F01' -> Floor '2'
[2026-08-12 02:13:56] Status Updated: Floor '2'
[2026-08-12 02:13:58] Tag Change: ID '00E2004717AC4068217F0F01' -> Floor '-1'
[2026-08-12 02:14:00] Tag Change: ID '00E2004717A00068217E4B01' -> Floor '-1'
[2026-08-12 02:14:00] Status Updated: Floor '-1'
[2026-08-12 02:14:08] Tag Change: ID '00E2004717A40068217E8B01' -> Floor '-1'
[2026-08-12 02:16:23] Tag Change: ID '00E200471736C0682177B701' -> Floor '-1'
[2026-08-12 02:16:23] Tag flapping: suppressed 2 repeated tag-change log lines in the last 99s
[2026-08-12 02:16:24] Tag Change: ID '00E2004717AC4068217F0F01' -> Floor '-1'
[2026-08-12 02:16:25] Tag Change: ID '00E200471775B068217BA601' -> Floor '1'
[2026-08-12 02:16:26] Tag Change: ID '00E20047176CC068217B1701' -> Floor '1'
[2026-08-12 02:16:26] Status Updated: Floor '1'
[2026-08-12 02:16:27] Tag Change: ID '00E200471741406821785F01' -> Floor '2'
[2026-08-12 02:16:29] Tag Change: ID '00E2004718A58068218EA301' -> Floor '3'
[2026-08-12 02:16:29] Status Updated: Floor '3'
[2026-08-12 02:16:29] Tag Change: ID '00E20047175A80682179F301' -> Floor '4'
[2026-08-12 02:16:31] Tag Change: ID '00E20047189E4068218E2F01' -> Floor '4'
[2026-08-12 02:16:31] Status Updated: Floor '4'
[2026-08-12 02:19:13] Tag Change: ID '00E20047175A80682179F301' -> Floor '4'
[2026-08-12 02:19:13] Tag Change: ID '00E2004718A58068218EA301' -> Floor '3'
[2026-08-12 02:19:14] Tag Change: ID '00E2004717A0C068217E5701' -> Floor '3'
[2026-08-12 02:19:14] Status Updated: Floor '3'
[2026-08-12 02:19:15] Tag Change: ID '00E200471741406821785F01' -> Floor '2'
[2026-08-12 02:19:17] Tag Change: ID '00E200471775B068217BA601' -> Floor '1'
[2026-08-12 02:19:18] Tag Change: ID '00E2004717AC4068217F0F01' -> Floor '-1'
[2026-08-12 02:19:34] Tag Change: ID '00E2004717A40068217E8B01' -> Floor '-1'
[2026-08-12 02:19:34] Status Updated: Floor '-1'
[2026-08-12 02:19:39] Tag Change: ID '00E2004717A00068217E4B01' -> Floor '-1'
[2026-08-12 02:19:43] Status Updated: Floor '1'
[2026-08-12 02:19:43] Tag Change: ID '00E20047176CC068217B1701' -> Floor '1'
[2026-08-12 02:19:44] Tag Change: ID '00E200471768C068217AD701' -> Floor '1'
[2026-08-12 02:19:46] Tag Change: ID '00E2004717A7C068217EC701' -> Floor '3'
[2026-08-12 02:19:46] Status Updated: Floor '3'
[2026-08-12 02:20:05] Tag Change: ID '00E20047189E4068218E2F01' -> Floor '4'
[2026-08-12 02:20:05] Status Updated: Floor '4'
[2026-08-12 02:20:22] Tag Change: ID '00E20047175A80682179F301' -> Floor '4'
[2026-08-12 02:20:23] Tag Change: ID '00E2004718A58068218EA301' -> Floor '3'
[2026-08-12 02:20:24] Status Updated: Floor '3'
[2026-08-12 02:20:39] Tag Change: ID '00E2004717A0C068217E5701' -> Floor '3'
[2026-08-12 02:20:40] Tag Change: ID '00E20047179C4068217E0F01' -> Floor '2'
[2026-08-12 02:20:40] Status Updated: Floor '2'
[2026-08-12 02:20:42] Tag Change: ID '00E200471775B068217BA601' -> Floor '1'
[2026-08-12 02:20:42] Tag flapping: suppressed 5 repeated tag-change log lines in the last 60s
[2026-08-12 02:20:43] Tag Change: ID '00E2004717A54068217E9F01' -> Floor '0'
[2026-08-12 02:20:46] Tag Change: ID '00E2004717A00068217E4B01' -> Floor '-1'
[2026-08-12 02:20:48] Tag Change: ID '00E2004717A40068217E8B01' -> Floor '-1'
[2026-08-12 02:20:48] Status Updated: Floor '-1'
[2026-08-12 02:22:46] Tag Change: ID '00E200471736C0682177B701' -> Floor '-1'
[2026-08-12 02:22:51] Tag Change: ID '00E2004717A7C068217EC701' -> Floor '3'
[2026-08-12 02:22:52] Status Updated: Floor '3'
[2026-08-12 02:22:54] Tag Change: ID '00E2004718A58068218EA301' -> Floor '3'
[2026-08-12 02:23:01] Tag Change: ID '00E2004718A58068' -> Floor 'Unknown'
[2026-08-12 02:23:19] Tag Change: ID '00E2004717A0C068217E5701' -> Floor '3'
[2026-08-12 02:23:20] Tag Change: ID '00E20047179C4068217E0F01' -> Floor '2'
[2026-08-12 02:23:22] Status Updated: Floor '2'
[2026-08-12 02:23:33] Status Updated: Floor '3'
[2026-08-12 02:23:36] Tag Change: ID '00E2004717688068217AD301' -> Floor '5'
[2026-08-12 02:23:39] Tag Change: ID '00E2004717767068217BB201' -> Floor '8'
[2026-08-12 02:23:39] Tag Change: ID '00E20047177A7068217BF201' -> Floor '9'
[2026-08-12 02:23:41] Tag Change: ID '00E20047174880682178D301' -> Floor '10'
[2026-08-12 02:23:42] Tag Change: ID '002427031027000620240000' -> Floor 'Unknown'
[2026-08-12 02:23:47] Tag Change: ID '00E200471745C0682178A701' -> Floor '10'
[2026-08-12 02:23:48] Status Updated: Floor '10'
[2026-08-12 02:24:02] Tag flapping: suppressed 9 repeated tag-change log lines in the last 60s
[2026-08-12 02:24:44] Tag Change: ID '002427031027000620240000' -> Floor 'Unknown'
[2026-08-12 02:24:58] Tag Change: ID '00E200471745C0682178A701' -> Floor '10'
[2026-08-12 02:25:04] Tag flapping: suppressed 32 repeated tag-change log lines in the last 61s
[2026-08-12 02:25:45] Tag Change: ID '002427031027000620240000' -> Floor 'Unknown'
[2026-08-12 02:26:07] Tag Change: ID '00E200471745C0682178A701' -> Floor '10'
[2026-08-12 02:26:07] Tag flapping: suppressed 20 repeated tag-change log lines in the last 61s
[2026-08-12 02:26:22] Tag Change: ID '002427031027000620' -> Floor 'Unknown'
[2026-08-12 02:26:41] Tag Change: ID 'E12789289448044C4A44C324' -> Floor 'Unknown'
[2026-08-12 02:26:48] Tag Change: ID '002427031027000620240000' -> Floor 'Unknown'
[2026-08-12 02:27:09] Tag Change: ID '00E200471745C0682178A701' -> Floor '10'
[2026-08-12 02:27:09] Tag flapping: suppressed 32 repeated tag-change log lines in the last 61s
[2026-08-12 02:28:07] Tag Change: ID '002427031027000620240000' -> Floor 'Unknown'
[2026-08-12 02:28:15] Tag Change: ID '00E200471745C0682178A701' -> Floor '10'
[2026-08-12 02:28:15] Tag flapping: suppressed 14 repeated tag-change log lines in the last 66s
[2026-08-12 02:29:01] Tag Change: ID '0024270310' -> Floor 'Unknown'
[2026-08-12 02:29:09] Tag Change: ID '002427031027000620240000' -> Floor 'Unknown'
[2026-08-12 02:29:17] Tag Change: ID '00E200471745C0682178A701' -> Floor '10'
[2026-08-12 02:29:23] Tag flapping: suppressed 13 repeated tag-change log lines in the last 64s
[2026-08-12 02:30:09] Tag Change: ID '002427031027000620240000' -> Floor 'Unknown'
[2026-08-12 02:30:17] Tag Change: ID '00E200471745C0682178A701' -> Floor '10'
[2026-08-12 02:30:25] Tag flapping: suppressed 18 repeated tag-change log lines in the last 60s
[2026-08-12 02:30:48] Tag Change: ID '00242703102700' -> Floor 'Unknown'
[2026-08-12 02:31:15] Tag Change: ID '002427031027000620240000' -> Floor 'Unknown'
[2026-08-12 02:31:19] Tag Change: ID '00E200471745C0682178A701' -> Floor '10'
[2026-08-12 02:31:29] Tag flapping: suppressed 25 repeated tag-change log lines in the last 63s
[2026-08-12 02:32:19] Tag Change: ID '00E200471745C0682178A701' -> Floor '10'
[2026-08-12 02:32:19] Tag Change: ID '002427031027000620240000' -> Floor 'Unknown'
[2026-08-12 02:32:31] Tag flapping: suppressed 21 repeated tag-change log lines in the last 61s
[2026-08-12 02:33:19] Tag Change: ID '00E200471745C0682178A701' -> Floor '10'
[2026-08-12 02:33:19] Tag Change: ID '002427031027000620240000' -> Floor 'Unknown'
[2026-08-12 02:33:43] Tag flapping: suppressed 19 repeated tag-change log lines in the last 64s
[2026-08-12 02:34:19] Tag Change: ID '00E200471745C0682178A701' -> Floor '10'
[2026-08-12 02:34:19] Tag Change: ID '002427031027000620240000' -> Floor 'Unknown'
[2026-08-12 02:35:01] Tag flapping: suppressed 12 repeated tag-change log lines in the last 76s
[2026-08-12 02:35:24] Tag Change: ID '00E200471745C0682178A701' -> Floor '10'
[2026-08-12 02:35:28] Tag Change: ID '002427031027000620240000' -> Floor 'Unknown'
[2026-08-12 02:36:05] Tag flapping: suppressed 30 repeated tag-change log lines in the last 63s
[2026-08-12 02:36:28] Tag Change: ID '00E200471745C0682178A701' -> Floor '10'
[2026-08-12 02:36:28] Tag Change: ID '002427031027000620240000' -> Floor 'Unknown'
[2026-08-12 02:37:07] Tag flapping: suppressed 31 repeated tag-change log lines in the last 62s
[2026-08-12 02:37:28] Tag Change: ID '002427031027000620240000' -> Floor 'Unknown'
[2026-08-12 02:37:45] Tag Change: ID '00E200471745C0682178A701' -> Floor '10'
[2026-08-12 02:38:14] Tag flapping: suppressed 19 repeated tag-change log lines in the last 61s
[2026-08-12 02:38:28] Tag Change: ID '002427031027000620240000' -> Floor 'Unknown'
[2026-08-12 02:38:47] Tag Change: ID '00E200471745C0682178A701' -> Floor '10'
[2026-08-12 02:39:16] Tag flapping: suppressed 31 repeated tag-change log lines in the last 61s
[2026-08-12 02:39:31] Tag Change: ID '002427031027000620240000' -> Floor 'Unknown'
[2026-08-12 02:39:55] Tag Change: ID '00E200471745C0682178A701' -> Floor '10'
[2026-08-12 02:40:20] Tag flapping: suppressed 19 repeated tag-change log lines in the last 62s
[2026-08-12 02:40:31] Tag Change: ID '002427031027000620240000' -> Floor 'Unknown'
[2026-08-12 02:40:59] Tag Change: ID '00E200471745C0682178A701' -> Floor '10'
[2026-08-12 02:41:27] Tag flapping: suppressed 22 repeated tag-change log lines in the last 64s
[2026-08-12 02:41:36] Tag Change: ID '002427031027000620240000' -> Floor 'Unknown'
[2026-08-12 02:42:01] Tag Change: ID '00E200471745C0682178A701' -> Floor '10'
[2026-08-12 02:42:32] Tag flapping: suppressed 24 repeated tag-change log lines in the last 65s
[2026-08-12 02:42:36] Tag Change: ID '002427031027000620240000' -> Floor 'Unknown'
[2026-08-12 02:43:15] Tag Change: ID '00E200471745C0682178A701' -> Floor '10'
[2026-08-12 02:43:35] Tag flapping: suppressed 24 repeated tag-change log lines in the last 62s
[2026-08-12 02:43:40] Tag Change: ID '002427031027000620240000' -> Floor 'Unknown'
[2026-08-12 02:44:20] Tag Change: ID '00E200471745C0682178A701' -> Floor '10'
[2026-08-12 02:44:37] Tag flapping: suppressed 24 repeated tag-change log lines in the last 61s
[2026-08-12 02:44:44] Tag Change: ID '002427031027000620240000' -> Floor 'Unknown'
[2026-08-12 02:45:20] Tag Change: ID '00E200471745C0682178A701' -> Floor '10'
[2026-08-12 02:45:51] Tag flapping: suppressed 28 repeated tag-change log lines in the last 74s
[2026-08-12 02:45:51] Tag Change: ID '002427031027000620240000' -> Floor 'Unknown'
[2026-08-12 02:46:23] Tag Change: ID '00E200471745C0682178A701' -> Floor '10'
[2026-08-12 02:46:56] Tag flapping: suppressed 26 repeated tag-change log lines in the last 62s
[2026-08-12 02:46:56] Tag Change: ID '002427031027000620240000' -> Floor 'Unknown'
[2026-08-12 02:47:28] Tag Change: ID '00E200471745C0682178A701' -> Floor '10'
[2026-08-12 02:47:54] Tag Change: ID '00E20047174C806821791301' -> Floor '11'
[2026-08-12 02:47:54] Tag Change: ID '00E200471751806821796301' -> Floor '11'
[2026-08-12 02:47:55] Status Updated: Floor '11'
[2026-08-12 02:47:55] Tag Change: ID '00E200471753C06821798701' -> Floor '11'
[2026-08-12 02:47:57] Tag Change: ID '00E2004717A84068217ECF01' -> Floor '12'
[2026-08-12 02:47:57] Tag Change: ID '00E2004717A34068217E7F01' -> Floor '12'
[2026-08-12 02:47:58] Status Updated: Floor '12'
[2026-08-12 02:48:13] Tag Change: ID '00E200471741006821785B01' -> Floor 'Unknown'
[2026-08-12 02:48:13] Tag flapping: suppressed 26 repeated tag-change log lines in the last 74s
[2026-08-12 02:48:16] Tag Change: ID '00E20047177A7068217BF201' -> Floor '9'
[2026-08-12 02:48:16] Tag Change: ID '00E2004717767068217BB201' -> Floor '8'
[2026-08-12 02:48:19] Tag Change: ID '00E200471777F068217BCA01' -> Floor 'Unknown'
[2026-08-12 02:48:20] Tag Change: ID '00E2004717684068217ACF01' -> Floor '5'
[2026-08-12 02:48:21] Tag Change: ID '00E20047175A80682179F301' -> Floor '4'
[2026-08-12 02:48:22] Tag Change: ID '00E2004718A58068218EA301' -> Floor '3'
[2026-08-12 02:48:23] Tag Change: ID '00E20047179C4068217E0F01' -> Floor '2'
[2026-08-12 02:48:23] Tag Change: ID '00E20047175A40682179EF01' -> Floor '2'
[2026-08-12 02:48:23] Status Updated: Floor '2'
[2026-08-12 02:48:24] Tag Change: ID '00E20047176CC068217B1701' -> Floor '1'
[2026-08-12 02:48:25] Tag Change: ID '00E200471775B068217BA601' -> Floor '1'
[2026-08-12 02:48:26] Status Updated: Floor '1'
[2026-08-12 02:48:35] Tag Change: ID '00E2004717A40068217E8B01' -> Floor '-1'
[2026-08-12 02:48:38] Status Updated: Floor '-1'
[2026-08-12 02:49:59] Tag Change: ID '00E2004717A00068217E4B01' -> Floor '-1'
[2026-08-12 02:49:59] Tag flapping: suppressed 1 repeated tag-change log lines in the last 104s
[2026-08-12 02:50:03] Tag Change: ID '00E2004717A40068217E8B01' -> Floor '-1'
[2026-08-12 02:52:16] Tag Change: ID '00E2004717A00068217E4B01' -> Floor '-1'
[2026-08-12 02:52:16] Tag flapping: suppressed 2 repeated tag-change log lines in the last 121s
[2026-08-12 02:52:17] Tag Change: ID '00E200471736C0682177B701' -> Floor '-1'
[2026-08-12 02:52:19] Tag Change: ID '00E200471775B068217BA601' -> Floor '1'
[2026-08-12 02:52:20] Tag Change: ID '00E200471768C068217AD701' -> Floor '1'
[2026-08-12 02:52:21] Status Updated: Floor '1'
[2026-08-12 02:52:21] Tag Change: ID '00E200471741406821785F01' -> Floor '2'
[2026-08-12 02:52:22] Tag Change: ID '00E20047' -> Floor 'Unknown'
[2026-08-12 02:52:23] Tag Change: ID '00E20047175A80682179F301' -> Floor '4'
[2026-08-12 02:52:25] Tag Change: ID '00E20047175CC068217A1701' -> Floor '6'
[2026-08-12 02:52:26] Tag Change: ID '00E2004717964068217DAF01' -> Floor '6'
[2026-08-12 02:52:26] Status Updated: Floor '6'
[2026-08-12 02:52:27] Tag Change: ID '00E2004717710068217B5B00' -> Floor '8'
[2026-08-12 02:52:28] Tag Change: ID '00E20047177A7068217BF201' -> Floor '9'
[2026-08-12 02:52:29] Tag Change: ID '00E2004718C4B06821909601' -> Floor 'Unknown'
[2026-08-12 02:52:33] Tag Change: ID '00E2004717A34068217E7F01' -> Floor '12'
[2026-08-12 02:52:33] Status Updated: Floor '12'
[2026-08-12 03:01:13] Tag Change: ID '00E2004718C4B06821909601' -> Floor 'Unknown'
[2026-08-12 03:01:14] Tag Change: ID '00E20047177A7068217BF201' -> Floor '9'
[2026-08-12 03:01:14] Status Updated: Floor '9'
[2026-08-12 03:01:15] Tag Change: ID '00E2004717767068217BB201' -> Floor '8'
[2026-08-12 03:01:20] Tag Change: ID '00E2004718A58068218EA301' -> Floor '3'
[2026-08-12 03:01:20] Status Updated: Floor '3'
[2026-08-12 03:01:21] Tag Change: ID '00E2004717A0C068217E5701' -> Floor '3'
[2026-08-12 03:01:22] Tag Change: ID '00E200471768C068217AD701' -> Floor '1'
[2026-08-12 03:01:23] Tag Change: ID '00E20047176CC068217B1701' -> Floor '1'
[2026-08-12 03:01:23] Status Updated: Floor '1'
[2026-08-12 03:01:24] Tag Change: ID '00E2004717A54068217E9F01' -> Floor '0'
[2026-08-12 03:01:26] Tag Change: ID '00E200471736C0682177B701' -> Floor '-1'
[2026-08-12 03:01:26] Tag Change: ID '00E2004717A00068217E4B01' -> Floor '-1'
[2026-08-12 03:01:27] Status Updated: Floor '-1'
[2026-08-12 03:01:30] Tag Change: ID '00E2004717A40068217E8B01' -> Floor '-1'
[2026-08-12 03:02:54] Tag Change: ID '00E2004717A00068217E4B01' -> Floor '-1'
[2026-08-12 03:02:55] Tag Change: ID '00E2004717A40068217E8B01' -> Floor '-1'
[2026-08-12 03:03:59] Tag Change: ID '00E2004717A00068217E4B01' -> Floor '-1'
[2026-08-12 03:04:02] Tag Change: ID '00E2004717A40068217E8B01' -> Floor '-1'
[2026-08-12 03:05:17] Tag Change: ID '00E2004717A00068217E4B01' -> Floor '-1'
[2026-08-12 03:05:17] Tag flapping: suppressed 2 repeated tag-change log lines in the last 103s
[2026-08-12 03:05:35] Tag Change: ID '00E2004717A40068217E8B01' -> Floor '-1'
[2026-08-12 03:07:52] Tag Change: ID '00E2004717A00068217E4B01' -> Floor '-1'
[2026-08-12 03:08:20] Tag Change: ID '00E2004717A40068217E8B01' -> Floor '-1'
[2026-08-12 03:09:17] Tag Change: ID '00E2004717A54068217E9F01' -> Floor '0'
[2026-08-12 03:09:21] Tag Change: ID '00E2004718A58068218EA301' -> Floor '3'
[2026-08-12 03:09:23] Tag Change: ID '00E20047189E4068218E2F01' -> Floor '4'
[2026-08-12 03:09:24] Status Updated: Floor '4'
[2026-08-12 03:10:44] Tag Change: ID '00E2004718A2C068218E7701' -> Floor '4'
[2026-08-12 03:10:44] Tag flapping: suppressed 2 repeated tag-change log lines in the last 135s
[2026-08-12 03:10:45] Tag Change: ID '00E20047175A80682179F301' -> Floor '4'
[2026-08-12 03:10:45] Tag Change: ID '00E2004718A58068218EA301' -> Floor '3'
[2026-08-12 03:10:46] Tag Change: ID '00E20047179C4068217E0F01' -> Floor '2'
[2026-08-12 03:10:47] Tag Change: ID '00E20047175A40682179EF01' -> Floor '2'
[2026-08-12 03:10:47] Status Updated: Floor '2'
[2026-08-12 03:10:49] Tag Change: ID '00E200471775B068217BA601' -> Floor '1'
[2026-08-12 03:11:00] Tag Change: ID '00E2004717A40068217E8B01' -> Floor '-1'
[2026-08-12 03:11:10] Status Updated: Floor '-1'
[2026-08-12 03:11:14] Tag Change: ID '00E2004717A48068217E9301' -> Floor '-2'
[2026-08-12 03:11:15] Tag Change: ID '00E2004707DF5060270ED801' -> Floor '-3'
[2026-08-12 03:11:16] Tag Change: ID '00E2004707E01060270EE401' -> Floor '-3'
[2026-08-12 03:11:16] Status Updated: Floor '-3'
[2026-08-12 03:11:17] Tag Change: ID '00E2004707E05060270EE801' -> Floor '-3'
[2026-08-12 03:11:42] Status Updated: Floor '-1'
[2026-08-12 03:11:57] Status Updated: Floor '-3'
[2026-08-12 03:12:17] Tag Change: ID '00E2004707DF5060270ED801' -> Floor '-3'
[2026-08-12 03:12:18] Tag Change: ID '00E2004707E05060270EE801' -> Floor '-3'
[2026-08-12 03:12:19] Tag Change: ID '00E2004707E01060270EE401' -> Floor '-3'
[2026-08-12 03:12:19] Tag flapping: suppressed 26 repeated tag-change log lines in the last 60s
[2026-08-12 03:13:20] Tag Change: ID '00E2004707E05060270EE801' -> Floor '-3'
[2026-08-12 03:13:20] Tag flapping: suppressed 50 repeated tag-change log lines in the last 60s
[2026-08-12 03:13:20] Tag Change: ID '00E2004707E01060270EE401' -> Floor '-3'
[2026-08-12 03:13:26] Tag Change: ID '00E2004707DF5060270ED801' -> Floor '-3'
[2026-08-12 03:14:21] Tag flapping: suppressed 42 repeated tag-change log lines in the last 60s
[2026-08-12 03:14:22] Tag Change: ID '00E2004707E05060270EE801' -> Floor '-3'
[2026-08-12 03:14:26] Tag Change: ID '00E2004707E01060270EE401' -> Floor '-3'
[2026-08-12 03:14:28] Tag Change: ID '00E2004707DF5060270ED801' -> Floor '-3'
[2026-08-12 03:14:31] Tag Change: ID '00E2004717A48068217E9301' -> Floor '-2'
[2026-08-12 03:14:32] Status Updated: Floor '-2'
[2026-08-12 03:14:36] Tag Change: ID '00E2004717A40068217E8B01' -> Floor '-1'
[2026-08-12 03:14:37] Status Updated: Floor '-1'
[2026-08-12 03:14:53] Tag Change: ID '00E2004717A00068217E4B01' -> Floor '-1'
[2026-08-12 03:14:54] Tag Change: ID '00E200471736C0682177B701' -> Floor '-1'
[2026-08-12 03:15:02] Tag Change: ID '00E2004718A58068218EA301' -> Floor '3'
[2026-08-12 03:15:03] Status Updated: Floor '3'
[2026-08-12 03:15:17] Tag Change: ID '00E200471897C068218DC701' -> Floor '5'
[2026-08-12 03:15:18] Tag Change: ID '00E2004717684068217ACF01' -> Floor '5'
[2026-08-12 03:15:18] Status Updated: Floor '5'
[2026-08-12 03:15:20] Tag Change: ID '00E20047175F4068217A3F01' -> Floor '7'
[2026-08-12 03:15:22] Tag Change: ID '00E20047177A7068217BF201' -> Floor '9'
[2026-08-12 03:15:23] Tag Change: ID '00E200471744006821788B01' -> Floor '9'
[2026-08-12 03:15:23] Tag flapping: suppressed 8 repeated tag-change log lines in the last 60s
[2026-08-12 03:15:24] Status Updated: Floor '9'
[2026-08-12 03:24:49] Tag Change: ID '00E20047174880682178D301' -> Floor '10'
[2026-08-12 03:24:50] Tag Change: ID '00E200471745C0682178A701' -> Floor '10'
[2026-08-12 03:24:51] Status Updated: Floor '10'
[2026-08-12 03:24:51] Tag Change: ID '002427031027000620240000' -> Floor 'Unknown'
[2026-08-12 03:25:04] Tag Change: ID '00E20047177A7068217BF201' -> Floor '9'
[2026-08-12 03:25:05] Tag Change: ID '00E2004717767068217BB201' -> Floor '8'
[2026-08-12 03:25:08] Tag Change: ID '00E20047175CC068217A1701' -> Floor '6'
[2026-08-12 03:25:08] Tag Change: ID '00E200471777F068217BCA01' -> Floor 'Unknown'
[2026-08-12 03:25:12] Tag Change: ID '00E200471768C068217AD701' -> Floor '1'
[2026-08-12 03:25:17] Tag Change: ID '00E2004717A00068217E4B01' -> Floor '-1'
[2026-08-12 03:25:17] Status Updated: Floor '-1'
[2026-08-12 03:25:19] Tag Change: ID '00E2004717A40068217E8B01' -> Floor '-1'
[2026-08-12 03:27:37] Tag Change: ID '00E2004717A00068217E4B01' -> Floor '-1'
[2026-08-12 03:27:37] Tag flapping: suppressed 7 repeated tag-change log lines in the last 165s
[2026-08-12 03:27:50] Tag Change: ID '00E2004717A40068217E8B01' -> Floor '-1'
[2026-08-12 03:30:40] Tag Change: ID '00E2004717A00068217E4B01' -> Floor '-1'
[2026-08-12 03:31:04] Tag Change: ID '00E2004717A40068217E8B01' -> Floor '-1'
[2026-08-12 03:31:42] Tag Change: ID '00E2004717A00068217E4B01' -> Floor '-1'
[2026-08-12 03:32:44] Tag Change: ID '00E2004717A40068217E8B01' -> Floor '-1'
[2026-08-12 03:33:05] Tag Change: ID '00E2004717A00068217E4B01' -> Floor '-1'
[2026-08-12 03:33:05] Tag flapping: suppressed 2 repeated tag-change log lines in the last 76s
[2026-08-12 03:35:52] Tag Change: ID '00E2004717A00068217E4B01' -> Floor '-1'
[2026-08-12 03:35:52] Tag flapping: suppressed 3 repeated tag-change log lines in the last 160s
[2026-08-12 03:36:09] Tag Change: ID '00E2004717A40068217E8B01' -> Floor '-1'
[2026-08-12 03:37:12] Tag Change: ID '00E2004717A00068217E4B01' -> Floor '-1'
[2026-08-12 03:38:06] Tag Change: ID '00E2004717A40068217E8B01' -> Floor '-1'
[2026-08-12 03:38:49] Tag Change: ID '00E2004717A00068217E4B01' -> Floor '-1'
[2026-08-12 03:39:23] Tag Change: ID '00E2004717A40068217E8B01' -> Floor '-1'
[2026-08-12 03:39:23] Tag flapping: suppressed 4 repeated tag-change log lines in the last 76s
[2026-08-12 03:40:49] Tag Change: ID '00E2004717A00068217E4B01' -> Floor '-1'
[2026-08-12 03:40:51] Tag Change: ID '00E2004717A40068217E8B01' -> Floor '-1'
[2026-08-12 03:42:52] Tag Change: ID '00E2004717A00068217E4B01' -> Floor '-1'
[2026-08-12 03:43:07] Tag Change: ID '00E2004717A40068217E8B01' -> Floor '-1'
[2026-08-12 03:45:24] Tag Change: ID '00E2004717A00068217E4B01' -> Floor '-1'
[2026-08-12 03:45:24] Tag flapping: suppressed 2 repeated tag-change log lines in the last 115s
[2026-08-12 03:45:31] Tag Change: ID '00E2004717A40068217E8B01' -> Floor '-1'
[2026-08-12 03:46:47] Tag Change: ID '00E2004717A00068217E4B01' -> Floor '-1'
[2026-08-12 03:46:55] Tag Change: ID '00E2004717A40068217E8B01' -> Floor '-1'
[2026-08-12 03:49:02] Tag Change: ID '00E2004717A00068217E4B01' -> Floor '-1'
[2026-08-12 03:49:02] Tag flapping: suppressed 2 repeated tag-change log lines in the last 78s
[2026-08-12 03:49:10] Tag Change: ID '00E2004717A40068217E8B01' -> Floor '-1'
[2026-08-12 03:50:54] Tag Change: ID '00E2004717A00068217E4B01' -> Floor '-1'
[2026-08-12 03:50:54] Tag flapping: suppressed 2 repeated tag-change log lines in the last 73s
[2026-08-12 03:50:59] Tag Change: ID '00E2004717A40068217E8B01' -> Floor '-1'
[2026-08-12 03:53:39] Tag Change: ID '00E2004717A00068217E4B01' -> Floor '-1'
[2026-08-12 03:53:40] Tag Change: ID '00E2004717A40068217E8B01' -> Floor '-1'
[2026-08-12 03:55:41] Tag Change: ID '00E2004717A00068217E4B01' -> Floor '-1'
[2026-08-12 03:55:41] Tag Change: ID '00E2004717A40068217E8B01' -> Floor '-1'
[2026-08-12 03:59:38] Tag Change: ID '00E2004717A00068217E4B01' -> Floor '-1'
[2026-08-12 03:59:42] Tag Change: ID '00E2004717A40068217E8B01' -> Floor '-1'
[2026-08-12 04:04:06] Tag Change: ID '00E2004717A00068217E4B01' -> Floor '-1'
[2026-08-12 04:04:17] Tag Change: ID '00E2004717A40068217E8B01' -> Floor '-1'
[2026-08-12 04:06:01] Tag Change: ID '00E2004717A00068217E4B01' -> Floor '-1'
[2026-08-12 04:06:02] Tag Change: ID '00E2004717A40068217E8B01' -> Floor '-1'
[2026-08-12 04:08:26] Tag Change: ID '00E2004717A00068217E4B01' -> Floor '-1'
[2026-08-12 04:08:27] Tag Change: ID '00E2004717A40068217E8B01' -> Floor '-1'
[2026-08-12 04:09:30] Tag Change: ID '00E2004717A00068217E4B01' -> Floor '-1'
[2026-08-12 04:09:34] Tag Change: ID '00E2004717A40068217E8B01' -> Floor '-1'
[2026-08-12 04:11:49] Tag Change: ID '00E2004717A00068217E4B01' -> Floor '-1'
[2026-08-12 04:11:53] Tag Change: ID '00E2004717A40068217E8B01' -> Floor '-1'
[2026-08-12 04:13:28] Tag Change: ID '00E2004717A00068217E4B01' -> Floor '-1'
[2026-08-12 04:13:44] Tag Change: ID '00E2004717A40068217E8B01' -> Floor '-1'
[2026-08-12 04:17:40] Tag Change: ID '00E2004717A00068217E4B01' -> Floor '-1'
[2026-08-12 04:17:41] Tag Change: ID '00E2004717A40068217E8B01' -> Floor '-1'
[2026-08-12 04:19:16] Tag Change: ID '00E2004717A00068217E4B01' -> Floor '-1'
[2026-08-12 04:19:17] Tag Change: ID '00E2004717A40068217E8B01' -> Floor '-1'
[2026-08-12 04:20:33] Tag Change: ID '00E2004717A00068217E4B01' -> Floor '-1'
[2026-08-12 04:21:09] Tag Change: ID '00E2004717A40068217E8B01' -> Floor '-1'
[2026-08-12 04:23:21] Tag Change: ID '00E2004717A00068217E4B01' -> Floor '-1'
[2026-08-12 04:23:21] Tag Change: ID '00E2004717A40068217E8B01' -> Floor '-1'
[2026-08-12 04:24:47] Tag Change: ID '00E2004717A00068217E4B01' -> Floor '-1'
[2026-08-12 04:24:54] Tag Change: ID '00E2004717A40068217E8B01' -> Floor '-1'
[2026-08-12 04:30:42] Tag Change: ID '00E2004717A00068217E4B01' -> Floor '-1'
[2026-08-12 04:30:45] Tag Change: ID '00E2004717A40068217E8B01' -> Floor '-1'
[2026-08-12 04:32:46] Tag Change: ID '00E2004717A00068217E4B01' -> Floor '-1'
[2026-08-12 04:32:46] Tag flapping: suppressed 6 repeated tag-change log lines in the last 100s
[2026-08-12 04:32:59] Tag Change: ID '00E2004717A40068217E8B01' -> Floor '-1'
[2026-08-12 04:36:04] Tag Change: ID '00E2004717A00068217E4B01' -> Floor '-1'
[2026-08-12 04:36:04] Tag flapping: suppressed 2 repeated tag-change log lines in the last 173s
[2026-08-12 04:36:05] Tag Change: ID '00E2004717A40068217E8B01' -> Floor '-1'
[2026-08-12 04:39:52] Tag Change: ID '00E2004717A00068217E4B01' -> Floor '-1'
[2026-08-12 04:39:52] Tag flapping: suppressed 2 repeated tag-change log lines in the last 219s
[2026-08-12 04:39:59] Tag Change: ID '00E2004717A40068217E8B01' -> Floor '-1'
[2026-08-12 04:42:31] Tag Change: ID '00E200471736C0682177B701' -> Floor '-1'
[2026-08-12 04:42:31] Tag flapping: suppressed 2 repeated tag-change log lines in the last 147s
[2026-08-12 04:42:32] Tag Change: ID '00E2004717AC4068217F0F01' -> Floor '-1'
[2026-08-12 04:42:34] Tag Change: ID '00E2004717A54068217E9F01' -> Floor '0'
[2026-08-12 04:42:34] Status Updated: Floor '0'
[2026-08-12 04:46:17] Tag Change: ID '00E2' -> Floor 'Unknown'
[2026-08-12 04:46:21] Tag Change: ID '00E2004717A54068217E9F01' -> Floor '0'
[2026-08-12 04:50:40] Tag Change: ID '00E200471775B068217BA601' -> Floor '1'
[2026-08-12 04:50:45] Tag Change: ID '00E2004717A7C068217EC701' -> Floor '3'
[2026-08-12 04:50:45] Status Updated: Floor '3'
[2026-08-12 04:50:46] Tag Change: ID '00E2004718A58068218EA301' -> Floor '3'
[2026-08-12 04:51:01] Tag Change: ID '00E2004717A0C068217E5701' -> Floor '3'
[2026-08-12 04:51:05] Tag Change: ID '00E20047179C4068217E0F01' -> Floor '2'
[2026-08-12 04:51:07] Status Updated: Floor '2'
[2026-08-12 04:52:13] Tag Change: ID '00E2004717A0C068217E5701' -> Floor '3'
[2026-08-12 04:52:14] Tag Change: ID '00E2004717A7C068217EC701' -> Floor '3'
[2026-08-12 04:52:14] Status Updated: Floor '3'
[2026-08-12 04:52:15] Tag Change: ID '00E2004718A58068218EA301' -> Floor '3'
[2026-08-12 04:52:17] Tag Change: ID '00E2004717688068217AD301' -> Floor '5'
[2026-08-12 04:52:20] Tag Change: ID '00E2004717773068217BBE01' -> Floor '9'
[2026-08-12 04:52:21] Status Updated: Floor '9'
[2026-08-12 04:52:21] Tag Change: ID '00E20047177A7068217BF201' -> Floor '9'
[2026-08-12 04:52:23] Tag Change: ID '00E200471744006821788B01' -> Floor '9'
[2026-08-12 04:52:38] Tag Change: ID '00E2004717964068217DAF01' -> Floor '6'
[2026-08-12 04:52:39] Status Updated: Floor '6'
[2026-08-12 04:52:39] Tag Change: ID '00E20047175CC068217A1701' -> Floor '6'
[2026-08-12 04:52:40] Tag Change: ID '00E2004717684068217ACF01' -> Floor '5'
[2026-08-12 04:52:40] Status Updated: Floor '5'
[2026-08-12 04:52:41] Tag Change: ID '00E20047175A80682179F301' -> Floor '4'
[2026-08-12 04:52:43] Status Updated: Floor '3'
[2026-08-12 04:52:47] Tag Change: ID '00E2004717A54068217E9F01' -> Floor '0'
[2026-08-12 04:52:47] Status Updated: Floor '0'
[2026-08-12 04:53:53] Tag Change: ID '00E200471775B068217BA601' -> Floor '1'
[2026-08-12 04:53:53] Tag flapping: suppressed 3 repeated tag-change log lines in the last 77s
[2026-08-12 04:53:54] Tag Change: ID '00E20047176CC068217B1701' -> Floor '1'
[2026-08-12 04:53:54] Status Updated: Floor '1'
[2026-08-12 04:53:55] Tag Change: ID '00E200471768C06821' -> Floor 'Unknown'
[2026-08-12 04:53:56] Tag Change: ID '00E2004717A0C068217E5701' -> Floor '3'
[2026-08-12 04:53:57] Tag Change: ID '00E2004718A58068218EA301' -> Floor '3'
[2026-08-12 04:53:57] Status Updated: Floor '3'
[2026-08-12 04:53:59] Tag Change: ID '00E2004717684068217ACF01' -> Floor '5'
[2026-08-12 04:54:01] Tag Change: ID '00E2004717688068217AD301' -> Floor '5'
[2026-08-12 04:54:01] Status Updated: Floor '5'
[2026-08-12 04:54:15] Tag Change: ID '00E20047189E4068218E2F01' -> Floor '4'
[2026-08-12 04:54:16] Tag Change: ID '00E20047175A80682179F301' -> Floor '4'
[2026-08-12 04:54:16] Status Updated: Floor '4'
[2026-08-12 04:54:16] Tag Change: ID '00E2004717A7C068217EC701' -> Floor '3'
[2026-08-12 04:54:17] Status Updated: Floor '3'
[2026-08-12 04:54:18] Tag Change: ID '00E200471768C068217AD701' -> Floor '1'
[2026-08-12 04:54:19] Status Updated: Floor '1'
[2026-08-12 04:54:21] Tag Change: ID '00E2004717A54068217E9F01' -> Floor '0'
[2026-08-12 04:54:23] Status Updated: Floor '0'
[2026-08-12 04:55:50] Tag Change: ID '00E20047175A40682179EF01' -> Floor '2'
[2026-08-12 04:55:50] Tag flapping: suppressed 3 repeated tag-change log lines in the last 96s
[2026-08-12 04:55:51] Tag Change: ID '00E20047179C4068217E0F01' -> Floor '2'
[2026-08-12 04:55:51] Status Updated: Floor '2'
[2026-08-12 04:55:51] Tag Change: ID '00E2004717A0C068217E5701' -> Floor '3'
[2026-08-12 04:55:54] Tag Change: ID '00E20047175CC068217A1701' -> Floor '6'
[2026-08-12 04:55:56] Tag Change: ID '00E20047175F4068217A3F01' -> Floor '7'
[2026-08-12 04:55:57] Tag Change: ID '00E2004717767068217BB201' -> Floor '8'
[2026-08-12 04:56:00] Tag Change: ID '00E200471744006821788B01' -> Floor '9'
[2026-08-12 04:56:00] Status Updated: Floor '9'
[2026-08-12 04:59:50] Tag Change: ID '00E20047177A7068217BF201' -> Floor '9'
[2026-08-12 04:59:50] Tag Change: ID '00E2004717773068217BBE01' -> Floor '9'
[2026-08-12 04:59:52] Tag Change: ID '00E20047175F4068217A3F01' -> Floor '7'
[2026-08-12 04:59:53] Tag Change: ID '00E2004717A60068217EAB01' -> Floor '7'
[2026-08-12 04:59:53] Status Updated: Floor '7'
[2026-08-12 04:59:55] Tag Change: ID '00E2004717964068217DAF01' -> Floor '6'
[2026-08-12 05:00:03] Status Updated: Floor '6'
[2026-08-12 05:00:07] Tag Change: ID '00E20047175CC068217A1701' -> Floor '6'
[2026-08-12 05:00:11] Tag Change: ID '00E2004717A0C068217E5701' -> Floor '3'
[2026-08-12 05:00:11] Tag Change: ID '00E20047179C4068217E0F01' -> Floor '2'
[2026-08-12 05:00:12] Tag Change: ID '00E200471768C068217AD701' -> Floor '1'
[2026-08-12 05:00:13] Tag Change: ID '00E20047176CC068217B1701' -> Floor '1'
[2026-08-12 05:00:13] Status Updated: Floor '1'
[2026-08-12 05:00:14] Tag Change: ID '00E2004717A54068217E9F01' -> Floor '0'
[2026-08-12 05:00:17] Tag Change: ID '00E2004717A40068217E8B01' -> Floor '-1'
[2026-08-12 05:00:18] Status Updated: Floor '-1'
[2026-08-12 05:01:15] Tag Change: ID '00E2004717A00068217E4B01' -> Floor '-1'
[2026-08-12 05:01:18] Tag Change: ID '00E2004717A40068217E8B01' -> Floor '-1'
[2026-08-12 05:03:10] Tag Change: ID '00E2004717A00068217E4B01' -> Floor '-1'
[2026-08-12 05:03:10] Tag flapping: suppressed 2 repeated tag-change log lines in the last 67s
[2026-08-12 05:03:17] Tag Change: ID '00E2004717A40068217E8B01' -> Floor '-1'
[2026-08-12 05:03:45] Tag Change: ID '00E200471736C0682177B701' -> Floor '-1'
[2026-08-12 05:03:47] Tag Change: ID '00E200471775B068217BA601' -> Floor '1'
[2026-08-12 05:03:50] Tag Change: ID '00E2004718A58068218EA301' -> Floor '3'
[2026-08-12 05:03:51] Tag Change: ID '00E20047175A80682179F301' -> Floor '4'
[2026-08-12 05:03:51] Tag Change: ID '00E20047189E4068218E2F01' -> Floor '4'
[2026-08-12 05:03:52] Status Updated: Floor '4'
[2026-08-12 05:03:52] Tag Change: ID '00E2004717684068217ACF01' -> Floor '5'
[2026-08-12 05:03:53] Status Updated: Floor '5'
[2026-08-12 05:03:54] Tag Change: ID '00E20047175CC068217A1701' -> Floor '6'
[2026-08-12 05:03:55] Tag Change: ID '00E2004717964068217DAF01' -> Floor '6'
[2026-08-12 05:03:55] Status Updated: Floor '6'
[2026-08-12 05:04:12] Tag Change: ID '00E2004718A2C068218E7701' -> Floor '4'
[2026-08-12 05:04:12] Status Updated: Floor '4'
[2026-08-12 05:04:13] Tag Change: ID '00E20047179C4068217E0F01' -> Floor '2'
[2026-08-12 05:04:14] Tag Change: ID '00E20047175A40682179EF01' -> Floor '2'
[2026-08-12 05:04:19] Status Updated: Floor '2'
[2026-08-12 05:04:20] Tag Change: ID '00E2004717A40068217E8B01' -> Floor '-1'
[2026-08-12 05:04:28] Status Updated: Floor '-1'
[2026-08-12 05:07:07] Tag Change: ID '00E2004717A00068217E4B01' -> Floor '-1'
[2026-08-12 05:07:07] Tag flapping: suppressed 4 repeated tag-change log lines in the last 203s
[2026-08-12 05:07:21] Tag Change: ID '00E2004717A40068217E8B01' -> Floor '-1'
[2026-08-12 05:09:07] Tag Change: ID '00E2004717A00068217E4B01' -> Floor '-1'
[2026-08-12 05:09:11] Tag Change: ID '00E2004717A40068217E8B01' -> Floor '-1'
[2026-08-12 05:10:05] Tag Change: ID '00E200471775B068217BA601' -> Floor '1'
[2026-08-12 05:10:05] Status Updated: Floor '1'
[2026-08-12 05:10:07] Tag Change: ID '00E200471741406821785F01' -> Floor '2'
[2026-08-12 05:10:12] Tag Change: ID '00E20047179C4068217E0F01' -> Floor '2'
[2026-08-12 05:10:12] Status Updated: Floor '2'
[2026-08-12 05:10:49] Tag Change: ID '00E2004717A54068217E9F01' -> Floor '0'
[2026-08-12 05:10:51] Tag Change: ID '00E2004717A00068217E4B01' -> Floor '-1'
[2026-08-12 05:10:52] Status Updated: Floor '-1'
[2026-08-12 05:11:02] Tag Change: ID '00E2004717A40068217E8B01' -> Floor '-1'
[2026-08-12 05:11:54] Tag Change: ID '00E2004717A00068217E4B01' -> Floor '-1'
[2026-08-12 05:11:54] Tag flapping: suppressed 3 repeated tag-change log lines in the last 65s
[2026-08-12 05:12:03] Tag Change: ID '00E2004717A40068' -> Floor 'Unknown'
[2026-08-12 05:12:14] Tag Change: ID '00E2004717A40068217E8B01' -> Floor '-1'
[2026-08-12 05:13:29] Tag Change: ID '00E2004717A00068217E4B01' -> Floor '-1'
[2026-08-12 05:13:51] Tag Change: ID '00E2004717A40068217E8B01' -> Floor '-1'
[2026-08-12 05:15:36] Tag Change: ID '00E2004717A00068217E4B01' -> Floor '-1'
[2026-08-12 05:15:47] Tag Change: ID '00E2004717A40068217E8B01' -> Floor '-1'
[2026-08-12 05:16:49] Tag Change: ID '00E2004717A00068217E4B01' -> Floor '-1'
[2026-08-12 05:16:50] Tag Change: ID '00E2004717A40068217E8B01' -> Floor '-1'
[2026-08-12 05:17:40] Tag flapping: suppressed 3 repeated tag-change log lines in the last 105s
[2026-08-12 05:19:05] Tag Change: ID '00E2004717A00068217E4B01' -> Floor '-1'
[2026-08-12 05:19:05] Tag flapping: suppressed 1 repeated tag-change log lines in the last 84s
[2026-08-12 05:19:16] Tag Change: ID '00E2004717A40068217E8B01' -> Floor '-1'
[2026-08-12 05:20:17] Tag Change: ID '00E2004717A00068217E4B01' -> Floor '-1'
[2026-08-12 05:20:22] Tag Change: ID '00E2004717A40068217E8B01' -> Floor '-1'
[2026-08-12 05:23:27] Tag Change: ID '00E2004717A00068217E4B01' -> Floor '-1'
[2026-08-12 05:23:27] Tag flapping: suppressed 2 repeated tag-change log lines in the last 240s
[2026-08-12 05:23:35] Tag Change: ID '00E2004717A40068217E8B01' -> Floor '-1'
[2026-08-12 05:24:29] Tag Change: ID '00E2004717A00068217E4B01' -> Floor '-1'
[2026-08-12 05:24:37] Tag Change: ID '00E2004717A40068217E8B01' -> Floor '-1'
[2026-08-12 05:26:18] Tag Change: ID '00E2004717A00068217E4B01' -> Floor '-1'
[2026-08-12 05:26:18] Tag flapping: suppressed 2 repeated tag-change log lines in the last 63s
[2026-08-12 05:26:30] Tag Change: ID '00E2004717A40068217E8B01' -> Floor '-1'
[2026-08-12 05:27:21] Tag Change: ID '00E200471736C0682177B701' -> Floor '-1'
[2026-08-12 05:27:22] Tag Change: ID '00E2004717AC4068217F0F01' -> Floor '-1'
[2026-08-12 05:27:26] Tag Change: ID '00E200471768C068217AD701' -> Floor '1'
[2026-08-12 05:27:27] Status Updated: Floor '1'
[2026-08-12 05:27:30] Tag Change: ID '00E20047176CC068217B1701' -> Floor '1'
[2026-08-12 05:27:42] Tag Change: ID '00E200471775B068217BA601' -> Floor '1'
[2026-08-12 05:27:43] Tag Change: ID '00E2004717A54068217E9F01' -> Floor '0'
[2026-08-12 05:27:45] Status Updated: Floor '0'
[2026-08-12 05:34:15] Tag Change: ID '00E200471775B068217BA601' -> Floor '1'
[2026-08-12 05:34:15] Tag flapping: suppressed 9 repeated tag-change log lines in the last 442s
[2026-08-12 05:34:16] Status Updated: Floor '1'
[2026-08-12 05:34:17] Tag Change: ID '00E20047176CC068217B1701' -> Floor '1'
[2026-08-12 05:34:19] Tag Change: ID '00E2004717A0C068217E5701' -> Floor '3'
[2026-08-12 05:34:19] Tag Change: ID '00E2004718A58068218EA301' -> Floor '3'
[2026-08-12 05:34:20] Status Updated: Floor '3'
[2026-08-12 05:34:22] Tag Change: ID '00E200471777F068217BCA01' -> Floor 'Unknown'
[2026-08-12 05:34:23] Tag Change: ID '00E2004717A60068217EAB01' -> Floor '7'
[2026-08-12 05:34:24] Tag Change: ID '00E20047177A3068217BEE01' -> Floor '8'
[2026-08-12 05:34:25] Tag Change: ID '00E20047177A7068217BF201' -> Floor '9'
[2026-08-12 05:34:27] Tag Change: ID '00E200471745C0682178A701' -> Floor '10'
[2026-08-12 05:34:28] Tag Change: ID '00E20047174C806821791301' -> Floor '11'
[2026-08-12 05:34:28] Tag Change: ID '00E200471751806821796301' -> Floor '11'
[2026-08-12 05:34:29] Status Updated: Floor '11'
[2026-08-12 05:34:30] Tag Change: ID '00E200471753C06821798701' -> Floor '11'
[2026-08-12 05:34:44] Tag Change: ID '00E20047174880682178D301' -> Floor '10'
[2026-08-12 05:34:45] Tag Change: ID '00E200471744006821788B01' -> Floor '9'
[2026-08-12 05:34:46] Tag Change: ID '00E2004717773068217BBE01' -> Floor '9'
[2026-08-12 05:34:46] Status Updated: Floor '9'
[2026-08-12 05:34:47] Tag Change: ID '00E2004717638068217A8301' -> Floor '7'
[2026-08-12 05:34:48] Status Updated: Floor '7'
[2026-08-12 05:34:48] Tag Change: ID '00E2004717964068217DAF01' -> Floor '6'
[2026-08-12 05:34:50] Tag Change: ID '00E200471897C068218DC701' -> Floor '5'
[2026-08-12 05:34:51] Tag Change: ID '00E20047175A80682179F301' -> Floor '4'
[2026-08-12 05:34:53] Tag Change: ID '00E200471741406821785F01' -> Floor '2'
[2026-08-12 05:34:57] Tag Change: ID '00E2004717A54068217E9F01' -> Floor '0'
[2026-08-12 05:34:58] Status Updated: Floor '0'
[2026-08-12 05:35:35] Tag Change: ID '00E200471775B068217BA601' -> Floor '1'
[2026-08-12 05:35:36] Status Updated: Floor '1'
[2026-08-12 05:35:37] Tag Change: ID '00E200471768C068217AD701' -> Floor '1'
[2026-08-12 05:35:38] Tag Change: ID '00E20047175A40682179EF01' -> Floor '2'
[2026-08-12 05:35:42] Tag Change: ID '00E200471777F068217BCA01' -> Floor 'Unknown'
[2026-08-12 05:35:42] Tag Change: ID '00E20047175CC068217A1701' -> Floor '6'
[2026-08-12 05:35:43] Tag Change: ID '00E2004717A60068217EAB01' -> Floor '7'
[2026-08-12 05:35:43] Tag flapping: suppressed 6 repeated tag-change log lines in the last 60s
[2026-08-12 05:35:44] Tag Change: ID '00E20047175F4068217A3F01' -> Floor '7'
[2026-08-12 05:35:44] Status Updated: Floor '7'
[2026-08-12 05:36:01] Tag Change: ID '00E2004717684068217ACF01' -> Floor '5'
[2026-08-12 05:36:03] Tag Change: ID '00E2004718A2C068218E7701' -> Floor '4'
[2026-08-12 05:36:03] Tag Change: ID '00E20047175A80682179F301' -> Floor '4'
[2026-08-12 05:36:03] Status Updated: Floor '4'
[2026-08-12 05:36:04] Tag Change: ID '00E2004717A0C068217E5701' -> Floor '3'
[2026-08-12 05:36:06] Tag Change: ID '00E20047176CC068217B1701' -> Floor '1'
[2026-08-12 05:36:09] Tag Change: ID '00E2004717A54068217E9F01' -> Floor '0'
[2026-08-12 05:36:11] Status Updated: Floor '0'
[2026-08-12 05:37:48] Tag Change: ID '00' -> Floor 'Unknown'
[2026-08-12 05:37:48] Tag flapping: suppressed 5 repeated tag-change log lines in the last 122s
[2026-08-12 05:37:49] Tag Change: ID '00E2004717A54068217E9F01' -> Floor '0'
[2026-08-12 05:42:45] Tag Change: ID '00E200471775B068217BA601' -> Floor '1'
[2026-08-12 05:42:46] Status Updated: Floor '1'
[2026-08-12 05:42:48] Tag Change: ID '00E200471741406821785F01' -> Floor '2'
[2026-08-12 05:42:49] Tag Change: ID '00E2004717A0C068217E5701' -> Floor '3'
[2026-08-12 05:42:49] Status Updated: Floor '3'
[2026-08-12 05:42:52] Tag Change: ID '00E2004718A58068218EA301' -> Floor '3'
[2026-08-12 05:43:07] Tag Change: ID '00E20047176CC068217B1701' -> Floor '1'
[2026-08-12 05:43:09] Status Updated: Floor '1'
[2026-08-12 05:43:10] Tag Change: ID '00E2004717A54068217E9F01' -> Floor '0'
[2026-08-12 05:43:12] Status Updated: Floor '0'
[2026-08-12 05:43:40] Tag Change: ID '00E200' -> Floor 'Unknown'
[2026-08-12 05:45:51] Tag Change: ID '00E2004717A5406821' -> Floor 'Unknown'
[2026-08-12 05:45:51] Tag flapping: suppressed 4 repeated tag-change log lines in the last 162s
[2026-08-12 05:45:52] Tag Change: ID '00E2004717A54068217E9F01' -> Floor '0'
[2026-08-12 05:51:45] Tag Change: ID '00E2004717A54068' -> Floor 'Unknown'
[2026-08-12 05:51:46] Tag Change: ID '00E2004717A54068217E9F01' -> Floor '0'
[2026-08-12 05:53:40] Tag Change: ID '97D528EB495AFAF86CB5522A' -> Floor 'Unknown'
[2026-08-12 05:53:40] Tag Change: ID '00E2004717A54068217E9F01' -> Floor '0'
[2026-08-12 05:54:38] Tag Change: ID '00E2004717' -> Floor 'Unknown'
[2026-08-12 05:54:41] Tag Change: ID '00E200471775B068217BA601' -> Floor '1'
[2026-08-12 05:54:43] Tag Change: ID '00E200471768C068217AD701' -> Floor '1'
[2026-08-12 05:54:43] Status Updated: Floor '1'
[2026-08-12 05:54:44] Tag Change: ID '00E20047179C4068217E0F01' -> Floor '2'
[2026-08-12 05:54:44] Tag Change: ID '00E2004717A0C068217E5701' -> Floor '3'
[2026-08-12 05:54:47] Tag Change: ID '00E2004718A58068218EA301' -> Floor '3'
[2026-08-12 05:54:47] Status Updated: Floor '3'
[2026-08-12 05:54:59] Tag Change: ID '00E2004717A7C068217EC701' -> Floor '3'
[2026-08-12 05:55:02] Tag Change: ID '00E20047176CC068217B1701' -> Floor '1'
[2026-08-12 05:55:05] Tag Change: ID '00E2004717A00068217E4B01' -> Floor '-1'
[2026-08-12 05:55:06] Status Updated: Floor '-1'
[2026-08-12 05:55:16] Tag Change: ID '00E2004717AD8068217F2301' -> Floor '-2'
[2026-08-12 05:55:20] Status Updated: Floor '-2'
[2026-08-12 05:58:46] Tag Change: ID '00E2004717AD' -> Floor 'Unknown'
[2026-08-12 05:58:46] Tag flapping: suppressed 2 repeated tag-change log lines in the last 246s
[2026-08-12 05:58:56] Tag Change: ID '00E2004717AD8068217F2301' -> Floor '-2'
[2026-08-12 06:01:11] Tag Change: ID '00E200471736C0682177B701' -> Floor '-1'
[2026-08-12 06:01:15] Tag Change: ID '00E2004717A54068217E9F01' -> Floor '0'
[2026-08-12 06:01:15] Status Updated: Floor '0'
[2026-08-12 06:07:58] Tag Change: ID '00E200471768C068217AD701' -> Floor '1'
[2026-08-12 06:07:59] Tag Change: ID '00E20047179C4068217E0F01' -> Floor '2'
[2026-08-12 06:08:01] Tag Change: ID '00E200471897C068218DC701' -> Floor '5'
[2026-08-12 06:08:06] Tag Change: ID '00E20047177A7068217BF201' -> Floor '9'
[2026-08-12 06:08:07] Tag Change: ID '00E20047174880682178D301' -> Floor '10'
[2026-08-12 06:08:08] Tag Change: ID '00E20047174C806821791301' -> Floor '11'
[2026-08-12 06:08:09] Tag Change: ID '00E200471751806821796301' -> Floor '11'
[2026-08-12 06:08:10] Status Updated: Floor '11'
[2026-08-12 06:08:11] Tag Change: ID '00E200471753C06821798701' -> Floor '11'
[2026-08-12 06:08:25] Tag Change: ID '00E200471745C0682178A701' -> Floor '10'
[2026-08-12 06:08:26] Status Updated: Floor '10'
[2026-08-12 06:08:26] Tag Change: ID '00E2004718C4B06821909601' -> Floor 'Unknown'
[2026-08-12 06:08:26] Tag Change: ID '00E200471744006821788B01' -> Floor '9'
[2026-08-12 06:08:27] Status Updated: Floor '9'
[2026-08-12 06:08:27] Tag Change: ID '00E2004717767068217BB201' -> Floor '8'
[2026-08-12 06:08:34] Tag Change: ID '00E2004717A0C068217E5701' -> Floor '3'
[2026-08-12 06:08:34] Tag Change: ID '00E20047175A40682179EF01' -> Floor '2'
[2026-08-12 06:08:37] Tag Change: ID '00E200471775B068217BA601' -> Floor '1'
[2026-08-12 06:08:37] Status Updated: Floor '1'
[2026-08-12 06:08:38] Tag Change: ID '00E2004717A54068217E9F01' -> Floor '0'
[2026-08-12 06:08:39] Status Updated: Floor '0'
[2026-08-12 06:10:53] Tag Change: ID '00E200471775B068217BA601' -> Floor '1'
[2026-08-12 06:10:53] Tag flapping: suppressed 3 repeated tag-change log lines in the last 148s
[2026-08-12 06:10:54] Status Updated: Floor '1'
[2026-08-12 06:10:56] Tag Change: ID '00E200471768C068217AD701' -> Floor '1'
[2026-08-12 06:10:57] Tag Change: ID '00E2004717A0C068217E5701' -> Floor '3'
[2026-08-12 06:11:00] Tag Change: ID '00E2004718A58068218EA301' -> Floor '3'
[2026-08-12 06:11:00] Status Updated: Floor '3'
[2026-08-12 06:11:14] Tag Change: ID '00E20047179C4068217E0F01' -> Floor '2'
[2026-08-12 06:11:14] Tag Change: ID '00E20047175A40682179EF01' -> Floor '2'
[2026-08-12 06:11:15] Status Updated: Floor '2'
[2026-08-12 06:11:17] Status Updated: Floor '1'
[2026-08-12 06:11:18] Tag Change: ID '00E2004717A54068217E9F01' -> Floor '0'
[2026-08-12 06:11:20] Status Updated: Floor '0'
[2026-08-12 06:14:35] Tag Change: ID '00E20047' -> Floor 'Unknown'
[2026-08-12 06:14:35] Tag flapping: suppressed 2 repeated tag-change log lines in the last 201s
[2026-08-12 06:14:37] Tag Change: ID '00E2004717A54068217E9F01' -> Floor '0'
[2026-08-12 06:14:56] Tag Change: ID '00E200' -> Floor 'Unknown'
[2026-08-12 06:15:02] Tag Change: ID '00E2004717A54068217E9F' -> Floor 'Unknown'
[2026-08-12 06:15:04] Tag Change: ID '00E2004717A540' -> Floor 'Unknown'
[2026-08-12 06:16:24] Tag Change: ID '00E200471775B068217BA601' -> Floor '1'
[2026-08-12 06:16:24] Tag flapping: suppressed 3 repeated tag-change log lines in the last 87s
[2026-08-12 06:16:26] Tag Change: ID '00E20047176CC068217B1701' -> Floor '1'
[2026-08-12 06:16:26] Status Updated: Floor '1'
[2026-08-12 06:16:29] Tag Change: ID '00E20047175A80682179F301' -> Floor '4'
[2026-08-12 06:16:31] Tag Change: ID '00E20047189E4068218E2F01' -> Floor '4'
[2026-08-12 06:16:31] Status Updated: Floor '4'
[2026-08-12 06:16:50] Tag Change: ID '00E2004718A58068218EA301' -> Floor '3'
[2026-08-12 06:16:52] Tag Change: ID '00E20047175A40682179EF01' -> Floor '2'
[2026-08-12 06:16:52] Tag Change: ID '00E200471768C068217AD701' -> Floor '1'
[2026-08-12 06:16:53] Status Updated: Floor '1'
[2026-08-12 06:16:56] Tag Change: ID '00E200471736C0682177B701' -> Floor '-1'
[2026-08-12 06:16:57] Tag Change: ID '00E2004717A00068217E4B01' -> Floor '-1'
[2026-08-12 06:16:57] Status Updated: Floor '-1'
[2026-08-12 06:16:59] Tag Change: ID '00E2004717A40068217E8B01' -> Floor '-1'
[2026-08-12 06:18:47] Tag Change: ID '00E2004717AC4068217F0F01' -> Floor '-1'
[2026-08-12 06:18:47] Tag flapping: suppressed 1 repeated tag-change log lines in the last 113s
[2026-08-12 06:18:47] Tag Change: ID '00E2004717A54068217E9F01' -> Floor '0'
[2026-08-12 06:18:49] Tag Change: ID '00E200471768C068217AD701' -> Floor '1'
[2026-08-12 06:18:49] Tag Change: ID '00E200471741406821785F01' -> Floor '2'
[2026-08-12 06:18:51] Tag Change: ID '00E2004718A58068218EA301' -> Floor '3'
[2026-08-12 06:18:51] Tag Change: ID '00E20047175A80682179F301' -> Floor '4'
[2026-08-12 06:18:52] Tag Change: ID '00E20047189E4068218E2F01' -> Floor '4'
[2026-08-12 06:18:52] Status Updated: Floor '4'
[2026-08-12 06:18:53] Tag Change: ID '00E200471777F068217BCA01' -> Floor 'Unknown'
[2026-08-12 06:18:54] Tag Change: ID '00E2004717964068217DAF01' -> Floor '6'
[2026-08-12 06:18:55] Tag Change: ID '00E20047175F4068217A3F01' -> Floor '7'
[2026-08-12 06:18:55] Tag Change: ID '00E2004717638068217A8301' -> Floor '7'
[2026-08-12 06:18:55] Status Updated: Floor '7'
[2026-08-12 06:18:56] Tag Change: ID '00E2004717710068217B5B00' -> Floor '8'
[2026-08-12 06:18:58] Tag Change: ID '002427031027000620240000' -> Floor 'Unknown'
[2026-08-12 06:18:58] Tag Change: ID '00E200471745C0682178A701' -> Floor '10'
[2026-08-12 06:18:59] Tag Change: ID '00E20047174C806821791301' -> Floor '11'
[2026-08-12 06:18:59] Tag Change: ID '00E200471751806821796301' -> Floor '11'
[2026-08-12 06:19:00] Status Updated: Floor '11'
[2026-08-12 06:19:02] Tag Change: ID '00E2004717A34068217E7F01' -> Floor '12'
[2026-08-12 06:19:04] Status Updated: Floor '12'
[2026-08-12 06:19:05] Tag Change: ID '00E2004717A34068' -> Floor 'Unknown'
[2026-08-12 06:19:16] Tag Change: ID '00E200471741006821785B01' -> Floor 'Unknown'
[2026-08-12 06:19:18] Tag Change: ID '00E2004718C4B06821909601' -> Floor 'Unknown'
[2026-08-12 06:19:19] Tag Change: ID '00E200471744006821788B01' -> Floor '9'
[2026-08-12 06:19:19] Tag Change: ID '00E2004717773068217BBE01' -> Floor '9'
[2026-08-12 06:19:20] Status Updated: Floor '9'
[2026-08-12 06:19:23] Tag Change: ID '00E2004717688068217AD301' -> Floor '5'
[2026-08-12 06:19:23] Tag Change: ID '00E2004717684068217ACF01' -> Floor '5'
[2026-08-12 06:19:24] Status Updated: Floor '5'
[2026-08-12 06:19:24] Tag Change: ID '00E200471897C068218DC701' -> Floor '5'
[2026-08-12 06:19:33] Tag Change: ID '00E2004717A40068217E8B01' -> Floor '-1'
[2026-08-12 06:19:41] Status Updated: Floor '-1'
[2026-08-12 06:20:13] Tag Change: ID '00E2004717A00068217E4B01' -> Floor '-1'
[2026-08-12 06:20:13] Tag flapping: suppressed 6 repeated tag-change log lines in the last 67s
[2026-08-12 06:28:29] Tag Change: ID '00E2004717A00068217E4B01' -> Floor '-1'
[2026-08-12 06:28:29] Tag flapping: suppressed 1 repeated tag-change log lines in the last 486s
[2026-08-12 06:28:40] Tag Change: ID '00E2004717A40068217E8B01' -> Floor '-1'
[2026-08-12 06:28:55] Tag Change: ID '00E200471736C0682177B701' -> Floor '-1'
[2026-08-12 06:29:00] Tag Change: ID '00E2004717A54068217E9F01' -> Floor '0'
[2026-08-12 06:29:00] Status Updated: Floor '0'
[2026-08-12 06:29:13] Tag Change: ID '00E20047176CC068217B1701' -> Floor '1'
[2026-08-12 06:29:14] Tag Change: ID '00E200471768C068217AD701' -> Floor '1'
[2026-08-12 06:29:15] Status Updated: Floor '1'
[2026-08-12 06:30:13] Tag Change: ID '00E20047176CC068217B1701' -> Floor '1'
[2026-08-12 06:30:14] Tag Change: ID '00E200471768C068217AD701' -> Floor '1'
[2026-08-12 06:30:29] Tag flapping: suppressed 27 repeated tag-change log lines in the last 66s
[2026-08-12 06:31:16] Tag Change: ID '00E20047176CC068217B1701' -> Floor '1'
[2026-08-12 06:31:17] Tag Change: ID '00E200471768C068217AD701' -> Floor '1'
[2026-08-12 06:31:31] Tag flapping: suppressed 34 repeated tag-change log lines in the last 61s
[2026-08-12 06:32:03] Tag Change: ID '00E2004717A54068217E9F01' -> Floor '0'
[2026-08-12 06:32:04] Status Updated: Floor '0'
[2026-08-12 06:32:24] Tag Change: ID '00E2004717AD8068217F2301' -> Floor '-2'
[2026-08-12 06:32:48] Tag Change: ID '00E2004717A40068217E8B01' -> Floor '-1'
[2026-08-12 06:32:48] Tag flapping: suppressed 12 repeated tag-change log lines in the last 77s
[2026-08-12 06:33:00] Status Updated: Floor '-1'
[2026-08-12 06:33:25] Tag Change: ID '00E2004717A00068217E4B01' -> Floor '-1'
[2026-08-12 06:33:27] Tag Change: ID '00E2004717AC4068217F0F01' -> Floor '-1'
[2026-08-12 06:33:29] Tag Change: ID '00E2004717A54068217E9F01' -> Floor '0'
[2026-08-12 06:33:30] Status Updated: Floor '0'
[2026-08-12 06:33:40] Tag Change: ID '00E200471775B068217BA601' -> Floor '1'
[2026-08-12 06:33:43] Tag Change: ID '00E200471768C068217AD701' -> Floor '1'
[2026-08-12 06:33:43] Status Updated: Floor '1'
[2026-08-12 06:33:44] Tag Change: ID '00E2004717A7C068217EC701' -> Floor '3'
[2026-08-12 06:33:45] Tag Change: ID '00E2004718A58068218EA301' -> Floor '3'
[2026-08-12 06:33:45] Status Updated: Floor '3'
[2026-08-12 06:33:47] Tag Change: ID '00E20047175CC068217A1701' -> Floor '6'
[2026-08-12 06:33:49] Tag Change: ID '00E20047177A3068217BEE01' -> Floor '8'
[2026-08-12 06:33:50] Status Updated: Floor '8'
[2026-08-12 06:33:51] Tag Change: ID '00E200471744006821788B01' -> Floor '9'
[2026-08-12 06:33:52] Status Updated: Floor '9'
[2026-08-12 06:33:52] Tag Change: ID '002427031027000620240000' -> Floor 'Unknown'
[2026-08-12 06:33:53] Tag Change: ID '00E20047174C806821791301' -> Floor '11'
[2026-08-12 06:33:53] Tag Change: ID '00E200471751806821796301' -> Floor '11'
[2026-08-12 06:33:54] Status Updated: Floor '11'
[2026-08-12 06:33:55] Tag Change: ID '00E200471753C06821798701' -> Floor '11'
[2026-08-12 06:34:15] Tag Change: ID '00E2004717A84068217ECF01' -> Floor '12'
[2026-08-12 06:34:16] Status Updated: Floor '12'
[2026-08-12 06:34:18] Tag Change: ID '00E2004717A34068217E7F01' -> Floor '12'
[2026-08-12 06:37:58] Tag Change: ID '00E200471753C06821798701' -> Floor '11'
[2026-08-12 06:37:59] Status Updated: Floor '11'
[2026-08-12 06:46:05] Tag Change: ID '2EFD4A6CE929D35B5D6C8741' -> Floor 'Unknown'
[2026-08-12 06:46:05] Tag Change: ID '00E200471753C06821798701' -> Floor '11'
[2026-08-12 06:49:13] Tag Change: ID '002427031027000620240000' -> Floor 'Unknown'
[2026-08-12 06:49:18] Tag Change: ID '00E2004717767068217BB201' -> Floor '8'
[2026-08-12 06:49:19] Status Updated: Floor '8'
[2026-08-12 06:49:30] Tag Change: ID '00E20047177A3068217BEE01' -> Floor '8'
[2026-08-12 06:49:32] Tag Change: ID '00E2004717A60068217EAB01' -> Floor '7'
[2026-08-12 06:49:32] Tag Change: ID '00E2004717964068217DAF01' -> Floor '6'
[2026-08-12 06:49:36] Tag Change: ID '00E2004717A7C068217EC701' -> Floor '3'
[2026-08-12 06:49:38] Tag Change: ID '00E20047176CC068217B1701' -> Floor '1'
[2026-08-12 06:49:39] Tag Change: ID '00E200471775B068217BA601' -> Floor '1'
[2026-08-12 06:49:39] Status Updated: Floor '1'
[2026-08-12 06:49:40] Tag Change: ID '00E2004717AC4068217F0F01' -> Floor '-1'
[2026-08-12 06:49:43] Tag Change: ID '00E2004717A40068217E8B01' -> Floor '-1'
[2026-08-12 06:49:43] Status Updated: Floor '-1'
[2026-08-12 06:50:06] Tag Change: ID '00E2004717AD8068217F2301' -> Floor '-2'
[2026-08-12 06:50:09] Status Updated: Floor '-2'
[2026-08-12 06:50:17] Tag Change: ID '00E2004717A90068217EDB01' -> Floor 'Unknown'
[2026-08-12 06:50:18] Tag Change: ID '00E200471736C0682177B701' -> Floor '-1'
[2026-08-12 06:50:23] Tag Change: ID '00E2004717A0C068217E5701' -> Floor '3'
[2026-08-12 06:50:24] Status Updated: Floor '3'
[2026-08-12 06:50:24] Tag Change: ID '00E2004718A58068218EA301' -> Floor '3'
[2026-08-12 06:50:25] Tag Change: ID '00E200471897C068218DC701' -> Floor '5'
[2026-08-12 06:50:25] Status Updated: Floor '5'
[2026-08-12 06:50:26] Tag Change: ID '00E2004717684068217ACF01' -> Floor '5'
[2026-08-12 06:50:26] Tag Change: ID '00E2004717688068217AD301' -> Floor '5'
[2026-08-12 06:50:27] Tag Change: ID '00E20047175CC068217A1701' -> Floor '6'
[2026-08-12 06:50:29] Status Updated: Floor '6'
[2026-08-12 06:50:48] Tag Change: ID '00E2004717964068217DAF01' -> Floor '6'
[2026-08-12 06:52:40] Tag Change: ID '00E20047177A7068217BF201' -> Floor '9'
[2026-08-12 06:52:40] Tag flapping: suppressed 4 repeated tag-change log lines in the last 140s
[2026-08-12 06:52:41] Tag Change: ID '00E200471744006821788B01' -> Floor '9'
[2026-08-12 06:52:41] Status Updated: Floor '9'
[2026-08-12 06:52:41] Tag Change: ID '00E2004718C4B06821909601' -> Floor 'Unknown'
[2026-08-12 06:52:42] Tag Change: ID '002427031027000620240000' -> Floor 'Unknown'
[2026-08-12 06:52:43] Tag Change: ID '00E200471751806821796301' -> Floor '11'
[2026-08-12 06:52:44] Status Updated: Floor '11'
[2026-08-12 06:52:45] Tag Change: ID '00E200471753C06821798701' -> Floor '11'
[2026-08-12 06:52:57] Tag Change: ID '00E200471745C0682178A701' -> Floor '10'
[2026-08-12 06:53:00] Tag Change: ID '00E20047177A3068217BEE01' -> Floor '8'
[2026-08-12 06:53:01] Tag Change: ID '00E2004717638068217A8301' -> Floor '7'
[2026-08-12 06:53:02] Tag Change: ID '00E20047175CC068217A1701' -> Floor '6'
[2026-08-12 06:53:02] Status Updated: Floor '6'
[2026-08-12 06:53:03] Tag Change: ID '00E2004717688068217AD301' -> Floor '5'
[2026-08-12 06:53:03] Tag Change: ID '00E2004717684068217ACF01' -> Floor '5'
[2026-08-12 06:53:03] Status Updated: Floor '5'
[2026-08-12 06:53:03] Tag Change: ID '00E200471897C068218DC701' -> Floor '5'
[2026-08-12 06:53:05] Tag Change: ID '00E2004718A58068218EA301' -> Floor '3'
[2026-08-12 06:53:05] Tag Change: ID '00E2004717A7C068217EC701' -> Floor '3'
[2026-08-12 06:53:06] Status Updated: Floor '3'
[2026-08-12 06:53:06] Tag Change: ID '00E2004717A0C068217E5701' -> Floor '3'
[2026-08-12 06:53:07] Tag Change: ID '00E200471741406821785F01' -> Floor '2'
[2026-08-12 06:53:08] Tag Change: ID '00E200471775B068217BA601' -> Floor '1'
[2026-08-12 06:53:12] Tag Change: ID '00E2004717A90068217EDB01' -> Floor 'Unknown'
[2026-08-12 06:53:20] Tag Change: ID '00E2004717AD8068217F2301' -> Floor '-2'
[2026-08-12 06:53:20] Status Updated: Floor '-2'
[2026-08-12 06:56:05] Tag Change: ID '00E2004717A00068217E4B01' -> Floor '-1'
[2026-08-12 06:56:05] Tag flapping: suppressed 3 repeated tag-change log lines in the last 188s
[2026-08-12 06:56:05] Tag Change: ID '00E200471736C0682177B701' -> Floor '-1'
[2026-08-12 06:56:10] Status Updated: Floor '-1'
[2026-08-12 06:56:11] Tag Change: ID '00E2004717A54068217E9F01' -> Floor '0'
[2026-08-12 06:56:13] Status Updated: Floor '0'
[2026-08-12 06:56:37] Tag Change: ID '00E2004717AD8068217F2301' -> Floor '-2'
[2026-08-12 06:56:39] Status Updated: Floor '-2'
[2026-08-12 06:56:53] Tag Change: ID '00E2004718A58068218EA301' -> Floor '3'
[2026-08-12 06:56:53] Tag Change: ID '00E20047175A80682179F301' -> Floor '4'
[2026-08-12 06:56:55] Tag Change: ID '00E2004717684068217ACF01' -> Floor '5'
[2026-08-12 06:56:55] Tag Change: ID '00E2004717688068217AD301' -> Floor '5'
[2026-08-12 06:56:56] Status Updated: Floor '5'
[2026-08-12 06:56:56] Tag Change: ID '00E2004717964068217DAF01' -> Floor '6'
[2026-08-12 06:56:56] Status Updated: Floor '6'
[2026-08-12 06:56:58] Tag Change: ID '00E2004717638068217A' -> Floor 'Unknown'
[2026-08-12 06:56:59] Tag Change: ID '00E2004717638068217A8301' -> Floor '7'
[2026-08-12 06:57:05] Status Updated: Floor '7'
[2026-08-12 06:57:14] Tag Change: ID '00E20047175CC068217A1701' -> Floor '6'
[2026-08-12 06:57:15] Status Updated: Floor '6'
[2026-08-12 06:57:18] Tag Change: ID '00E20047179C4068217E0F01' -> Floor '2'
[2026-08-12 06:57:21] Tag Change: ID '00E200471775B068217BA601' -> Floor '1'
[2026-08-12 06:57:22] Status Updated: Floor '1'
[2026-08-12 06:57:22] Tag Change: ID '00E2004717A54068217E9F01' -> Floor '0'
[2026-08-12 06:57:25] Status Updated: Floor '0'
[2026-08-12 06:58:52] Tag Change: ID '00E2004717AC4068217F0F01' -> Floor '-1'
[2026-08-12 06:58:52] Tag flapping: suppressed 4 repeated tag-change log lines in the last 123s
[2026-08-12 06:59:02] Tag Change: ID '00E2004717A40068217E8B01' -> Floor '-1'
[2026-08-12 06:59:02] Status Updated: Floor '-1'
[2026-08-12 06:59:14] Tag Change: ID '00E2004707DF5060270ED801' -> Floor '-3'
[2026-08-12 06:59:14] Tag Change: ID '00E2004707E01060270EE401' -> Floor '-3'
[2026-08-12 06:59:15] Status Updated: Floor '-3'
[2026-08-12 06:59:19] Tag Change: ID '00E2004707E05060270EE801' -> Floor '-3'
[2026-08-12 07:00:15] Tag Change: ID '00E2004707DF5060270ED801' -> Floor '-3'
[2026-08-12 07:00:18] Tag Change: ID '00E2004707E01060270EE401' -> Floor '-3'
[2026-08-12 07:00:20] Tag Change: ID '00E2004707E05060270EE801' -> Floor '-3'
[2026-08-12 07:00:20] Tag flapping: suppressed 38 repeated tag-change log lines in the last 60s
[2026-08-12 07:01:18] Tag Change: ID '00E2004707DF5060270ED801' -> Floor '-3'
[2026-08-12 07:01:19] Tag Change: ID '00E2004707E01060270EE401' -> Floor '-3'
[2026-08-12 07:01:21] Tag Change: ID '00E2004707E05060270EE801' -> Floor '-3'
[2026-08-12 07:01:24] Tag flapping: suppressed 47 repeated tag-change log lines in the last 60s
[2026-08-12 07:01:35] Tag Change: ID '00E2004717A9C068217EE701' -> Floor '-2'
[2026-08-12 07:01:36] Tag Change: ID '00E2004717AD8068217F2301' -> Floor '-2'
[2026-08-12 07:01:37] Status Updated: Floor '-2'
[2026-08-12 07:02:00] Status Updated: Floor '-3'
[2026-08-12 07:02:22] Tag Change: ID '00E2004707E05060270EE801' -> Floor '-3'
[2026-08-12 07:02:22] Tag Change: ID '00E2004707E01060270EE401' -> Floor '-3'
[2026-08-12 07:02:25] Tag Change: ID '00E2004707DF5060270ED801' -> Floor '-3'
[2026-08-12 07:02:25] Tag flapping: suppressed 31 repeated tag-change log lines in the last 60s
[2026-08-12 07:02:46] Tag Change: ID '00E2004717AD8068217F2301' -> Floor '-2'
[2026-08-12 07:02:47] Status Updated: Floor '-2'
[2026-08-12 07:03:01] Tag Change: ID '00E2004717A00068217E4B01' -> Floor '-1'
[2026-08-12 07:03:07] Tag Change: ID '00E2004717A40068217E8B01' -> Floor '-1'
[2026-08-12 07:03:07] Status Updated: Floor '-1'
[2026-08-12 07:03:37] Tag Change: ID '00E2004717A54068217E9F01' -> Floor '0'
[2026-08-12 07:03:37] Tag flapping: suppressed 11 repeated tag-change log lines in the last 71s
[2026-08-12 07:03:37] Tag Change: ID '00E200471775B068217BA601' -> Floor '1'
[2026-08-12 07:03:40] Tag Change: ID '00E2004717A0C068217E5701' -> Floor '3'
[2026-08-12 07:03:41] Tag Change: ID '00E2004718A2C068218E7701' -> Floor '4'
[2026-08-12 07:03:43] Tag Change: ID '00E2004717688068217AD301' -> Floor '5'
[2026-08-12 07:03:44] Tag Change: ID '00E20047175CC068217A1701' -> Floor '6'
[2026-08-12 07:03:44] Tag Change: ID '00E2004717964068217DAF01' -> Floor '6'
[2026-08-12 07:03:44] Status Updated: Floor '6'
[2026-08-12 07:03:46] Tag Change: ID '00E2004717773068217BBE01' -> Floor '9'
[2026-08-12 07:03:47] Tag Change: ID '00E20047177A7068217BF201' -> Floor '9'
[2026-08-12 07:03:47] Status Updated: Floor '9'
[2026-08-12 07:03:50] Tag Change: ID '00E200471751806821796301' -> Floor '11'
[2026-08-12 07:03:51] Tag Change: ID '00E200471753C06821798701' -> Floor '11'
[2026-08-12 07:03:52] Status Updated: Floor '11'
[2026-08-12 07:04:05] Tag Change: ID '002427031027000620240000' -> Floor 'Unknown'
[2026-08-12 07:04:07] Status Updated: Floor '9'
[2026-08-12 07:04:08] Tag Change: ID '00E2004717638068217A8301' -> Floor '7'
[2026-08-12 07:04:10] Tag Change: ID '00E2004717684068217ACF01' -> Floor '5'
[2026-08-12 07:04:11] Tag Change: ID '00E200471897C068218DC701' -> Floor '5'
[2026-08-12 07:04:11] Status Updated: Floor '5'
[2026-08-12 07:04:12] Tag Change: ID '00E20047175A80682179F301' -> Floor '4'
[2026-08-12 07:04:15] Tag Change: ID '00E20047176CC068217B1701' -> Floor '1'
[2026-08-12 07:04:17] Status Updated: Floor '1'
[2026-08-12 07:04:18] Status Updated: Floor '0'
[2026-08-12 07:05:28] Tag Change: ID '00E200471775B068217BA601' -> Floor '1'
[2026-08-12 07:05:28] Tag flapping: suppressed 5 repeated tag-change log lines in the last 81s
[2026-08-12 07:05:29] Tag Change: ID '00E20047176CC068217B1701' -> Floor '1'
[2026-08-12 07:05:30] Status Updated: Floor '1'
[2026-08-12 07:05:30] Tag Change: ID '00E200471768C068217AD701' -> Floor '1'
[2026-08-12 07:05:31] Tag Change: ID '00E20047179C4068217E0F01' -> Floor '2'
[2026-08-12 07:05:31] Tag Change: ID '00E2004717A0C068217E5701' -> Floor '3'
[2026-08-12 07:05:31] Tag Change: ID '00E2004717A7C068217EC701' -> Floor '3'
[2026-08-12 07:05:32] Status Updated: Floor '3'
[2026-08-12 07:05:32] Tag Change: ID '00E2004718A58068218EA301' -> Floor '3'
[2026-08-12 07:05:32] Tag Change: ID '00E20047175A80682179F301' -> Floor '4'
[2026-08-12 07:05:34] Tag Change: ID '00E20047189E4068218E2F01' -> Floor '4'
[2026-08-12 07:05:35] Status Updated: Floor '4'
[2026-08-12 07:06:20] Status Updated: Floor '1'
[2026-08-12 07:06:20] Tag Change: ID '00E2004717AC4068217F0F01' -> Floor '-1'
[2026-08-12 07:06:25] Tag Change: ID '00E2004717A40068217E8B01' -> Floor '-1'
[2026-08-12 07:06:26] Status Updated: Floor '-1'
[2026-08-12 07:06:56] Tag Change: ID '00E2004717A00068217E4B01' -> Floor '-1'
[2026-08-12 07:06:57] Tag Change: ID '00E200471736C0682177B701' -> Floor '-1'
[2026-08-12 07:06:59] Tag Change: ID '00E200471775B068217BA601' -> Floor '1'
[2026-08-12 07:07:00] Tag Change: ID '00E200471768C068217AD701' -> Floor '1'
[2026-08-12 07:07:00] Status Updated: Floor '1'
[2026-08-12 07:07:01] Tag Change: ID '00E2004717A0C068217E5701' -> Floor '3'
[2026-08-12 07:07:04] Tag Change: ID '00E2004717688068217AD301' -> Floor '5'
[2026-08-12 07:07:08] Tag Change: ID '00E2004717638068217A8301' -> Floor '7'
[2026-08-12 07:07:09] Status Updated: Floor '7'
[2026-08-12 07:07:22] Tag Change: ID '00E20047175F4068217A3F01' -> Floor '7'
[2026-08-12 07:07:22] Tag flapping: suppressed 3 repeated tag-change log lines in the last 64s
[2026-08-12 07:07:23] Tag Change: ID '00E2004717A60068217EAB01' -> Floor '7'
[2026-08-12 07:07:27] Tag Change: ID '00E2004717A7C068217EC701' -> Floor '3'
[2026-08-12 07:07:27] Tag Change: ID '00E20047179C4068217E0F01' -> Floor '2'
[2026-08-12 07:07:30] Tag Change: ID '00E2004717A54068217E9F01' -> Floor '0'
[2026-08-12 07:07:37] Tag Change: ID '00E2004717A40068217E8B01' -> Floor '-1'
[2026-08-12 07:07:47] Status Updated: Floor '-1'
[2026-08-12 07:07:50] Tag Change: ID '00E2004717AC4068217F0F01' -> Floor '-1'
[2026-08-12 07:07:51] Status Updated: Floor '1'
[2026-08-12 07:07:54] Tag Change: ID '00E2004718A58068218EA301' -> Floor '3'
[2026-08-12 07:07:55] Status Updated: Floor '3'
[2026-08-12 07:07:55] Tag Change: ID '00E20047189E4068218E2F01' -> Floor '4'
[2026-08-12 07:07:56] Tag Change: ID '00E200471897C068218DC701' -> Floor '5'
[2026-08-12 07:07:57] Tag Change: ID '00E200471777F068217BCA01' -> Floor 'Unknown'
[2026-08-12 07:08:02] Status Updated: Floor '7'
[2026-08-12 07:08:20] Tag Change: ID '00E20047175CC068217A1701' -> Floor '6'
[2026-08-12 07:08:22] Tag Change: ID '00E2004718A2C068218E7701' -> Floor '4'
[2026-08-12 07:08:23] Tag Change: ID '00E2004717A0C068217E5701' -> Floor '3'
[2026-08-12 07:08:27] Tag flapping: suppressed 6 repeated tag-change log lines in the last 62s
[2026-08-12 07:08:30] Status Updated: Floor '-1'
[2026-08-12 07:08:48] Tag Change: ID '00E2004717A90068217EDB01' -> Floor 'Unknown'
[2026-08-12 07:08:52] Tag Change: ID '00E2004707DF5060270ED801' -> Floor '-3'
[2026-08-12 07:08:53] Tag Change: ID '00E2004707E05060270EE801' -> Floor '-3'
[2026-08-12 07:08:53] Status Updated: Floor '-3'
[2026-08-12 07:08:54] Tag Change: ID '00E2004707E01060270EE401' -> Floor '-3'
[2026-08-12 07:09:32] Tag flapping: suppressed 35 repeated tag-change log lines in the last 61s
[2026-08-12 07:09:54] Tag Change: ID '00E2004707E05060270EE801' -> Floor '-3'
[2026-08-12 07:09:56] Tag Change: ID '00E2004707E01060270EE401' -> Floor '-3'
[2026-08-12 07:10:00] Tag Change: ID '00E2004707DF5060270ED801' -> Floor '-3'
[2026-08-12 07:10:32] Tag flapping: suppressed 46 repeated tag-change log lines in the last 60s
[2026-08-12 07:10:38] Tag Change: ID '00E2004717A48068217E9301' -> Floor '-2'
[2026-08-12 07:10:38] Status Updated: Floor '-2'
[2026-08-12 07:10:41] Tag Change: ID '00E2004717AD8068217F2301' -> Floor '-2'
[2026-08-12 07:11:00] Tag Change: ID '00E20047176CC068217B1701' -> Floor '1'
[2026-08-12 07:11:02] Tag Change: ID '00E2004717A0C068217E5701' -> Floor '3'
[2026-08-12 07:11:02] Status Updated: Floor '3'
[2026-08-12 07:11:05] Tag Change: ID '00E2004717684068217ACF01' -> Floor '5'
[2026-08-12 07:11:05] Tag Change: ID '00E200471777F068217BCA01' -> Floor 'Unknown'
[2026-08-12 07:11:07] Tag Change: ID '00E2004717964068217DAF01' -> Floor '6'
[2026-08-12 07:11:08] Status Updated: Floor '6'
[2026-08-12 07:11:23] Tag Change: ID '00E20047177A3068217BEE01' -> Floor '8'
[2026-08-12 07:11:25] Tag Change: ID '00E2004717767068217BB201' -> Floor '8'
[2026-08-12 07:11:25] Status Updated: Floor '8'
[2026-08-12 07:11:39] Tag flapping: suppressed 6 repeated tag-change log lines in the last 66s
[2026-08-12 07:11:41] Tag Change: ID '00E2004717A60068217EAB01' -> Floor '7'
[2026-08-12 07:11:46] Tag Change: ID '00E200471768C068217AD701' -> Floor '1'
[2026-08-12 07:11:50] Tag Change: ID '00E200471736C0682177B701' -> Floor '-1'
[2026-08-12 07:11:58] Tag Change: ID '00E2004717A40068217E8B01' -> Floor '-1'
[2026-08-12 07:11:58] Status Updated: Floor '-1'
[2026-08-12 07:12:11] Tag Change: ID '00E2004717A00068217E' -> Floor 'Unknown'
[2026-08-12 07:12:15] Tag Change: ID '00E2004717A54068217E9F01' -> Floor '0'
[2026-08-12 07:12:15] Status Updated: Floor '0'
[2026-08-12 07:12:43] Tag Change: ID '00E2004717AC4068217F0F01' -> Floor '-1'
[2026-08-12 07:12:44] Status Updated: Floor '-1'
[2026-08-12 07:13:22] Tag Change: ID '00E2004717AD8068217F2301' -> Floor '-2'
[2026-08-12 07:13:36] Status Updated: Floor '-2'
[2026-08-12 07:13:52] Tag Change: ID '00E200471775B068217BA601' -> Floor '1'
[2026-08-12 07:13:52] Status Updated: Floor '1'
[2026-08-12 07:13:54] Tag Change: ID '00E20047176CC068217B1701' -> Floor '1'
[2026-08-12 07:13:55] Tag Change: ID '00E200471768C068217AD701' -> Floor '1'
[2026-08-12 07:13:58] Tag flapping: suppressed 2 repeated tag-change log lines in the last 60s
[2026-08-12 07:14:12] Tag Change: ID '00E2004717A54068217E9F01' -> Floor '0'
[2026-08-12 07:14:13] Status Updated: Floor '0'
[2026-08-12 07:14:57] Tag Change: ID '00E200471775B068217BA601' -> Floor '1'
[2026-08-12 07:14:58] Status Updated: Floor '1'
[2026-08-12 07:15:01] Tag Change: ID '00E2004717A0C068217E5701' -> Floor '3'
[2026-08-12 07:15:01] Tag flapping: suppressed 6 repeated tag-change log lines in the last 62s
[2026-08-12 07:15:03] Tag Change: ID '00E2004718A58068218EA301' -> Floor '3'
[2026-08-12 07:15:04] Status Updated: Floor '3'
[2026-08-12 07:15:19] Tag Change: ID '00E200471768C068217AD701' -> Floor '1'
[2026-08-12 07:15:19] Tag Change: ID '00E20047176CC068217B1701' -> Floor '1'
[2026-08-12 07:15:19] Status Updated: Floor '1'
[2026-08-12 07:15:22] Tag Change: ID '00E2004717A54068217E9F01' -> Floor '0'
[2026-08-12 07:15:23] Status Updated: Floor '0'
[2026-08-12 07:15:25] Tag Change: ID '00E2004717A54068217E9F' -> Floor 'Unknown'
[2026-08-12 07:15:48] Status Updated: Floor '1'
[2026-08-12 07:15:52] Tag Change: ID '00E2004717A7C068217EC701' -> Floor '3'
[2026-08-12 07:15:52] Status Updated: Floor '3'
[2026-08-12 07:15:52] Tag Change: ID '00E20047175A80682179F301' -> Floor '4'
[2026-08-12 07:15:53] Tag Change: ID '00E200471897C068218DC701' -> Floor '5'
[2026-08-12 07:15:54] Tag Change: ID '00E2004717688068217AD301' -> Floor '5'
[2026-08-12 07:15:55] Status Updated: Floor '5'
[2026-08-12 07:15:56] Tag Change: ID '00E2004717638068217A8301' -> Floor '7'
[2026-08-12 07:15:57] Status Updated: Floor '7'
[2026-08-12 07:16:03] Tag Change: ID '00E200471753C06821798701' -> Floor '11'
[2026-08-12 07:16:03] Status Updated: Floor '11'
[2026-08-12 07:16:17] Tag Change: ID '00E20047174C806821791301' -> Floor '11'
[2026-08-12 07:16:17] Tag Change: ID '0030340C10082ABB00000F42' -> Floor 'Unknown'
[2026-08-12 07:16:18] Tag Change: ID '002427031027000620240000' -> Floor 'Unknown'
[2026-08-12 07:16:18] Tag flapping: suppressed 5 repeated tag-change log lines in the last 60s
[2026-08-12 07:16:21] Tag Change: ID '00E2004717710068217B5B00' -> Floor '8'
[2026-08-12 07:16:21] Tag Change: ID '00E20047177A3068217BEE01' -> Floor '8'
[2026-08-12 07:16:22] Status Updated: Floor '8'
[2026-08-12 07:16:24] Status Updated: Floor '7'
[2026-08-12 07:16:37] Tag Change: ID '00E20047175CC068217A1701' -> Floor '6'
[2026-08-12 07:16:42] Status Updated: Floor '5'
[2026-08-12 07:16:50] Tag Change: ID '00E2004717684068217ACF01' -> Floor '5'
[2026-08-12 07:16:52] Tag Change: ID '00E2004718A2C068218E7701' -> Floor '4'
[2026-08-12 07:16:55] Tag Change: ID '00E200471741406821785F01' -> Floor '2'
[2026-08-12 07:17:00] Tag Change: ID '00E2004717A54068217E9F01' -> Floor '0'
[2026-08-12 07:17:01] Status Updated: Floor '0'
[2026-08-12 07:17:18] Tag Change: ID '00E2004717A48068217E9301' -> Floor '-2'
[2026-08-12 07:17:21] Tag Change: ID '00E2004707E01060270EE401' -> Floor '-3'
[2026-08-12 07:17:21] Status Updated: Floor '-3'
[2026-08-12 07:17:22] Tag Change: ID '00E2004707E05060270EE801' -> Floor '-3'
[2026-08-12 07:17:25] Tag flapping: suppressed 4 repeated tag-change log lines in the last 61s
[2026-08-12 07:17:29] Tag Change: ID '00E2004707DF5060270ED801' -> Floor '-3'
[2026-08-12 07:17:40] Tag Change: ID '00E2004717AD8068217F2301' -> Floor '-2'
[2026-08-12 07:17:49] Status Updated: Floor '-2'
[2026-08-12 07:17:58] Tag Change: ID '00E2004717AC4068217F0F01' -> Floor '-1'
[2026-08-12 07:18:00] Tag Change: ID '00E2004717A54068217E9F01' -> Floor '0'
[2026-08-12 07:18:00] Status Updated: Floor '0'
[2026-08-12 07:18:23] Tag Change: ID '00E200471775B068217BA601' -> Floor '1'
[2026-08-12 07:18:24] Status Updated: Floor '1'
[2026-08-12 07:18:25] Tag Change: ID '00E20047176CC068217B1701' -> Floor '1'
[2026-08-12 07:18:26] Tag Change: ID '00E200471768C068217AD701' -> Floor '1'
[2026-08-12 07:18:26] Tag Change: ID '00E200471741406821785F01' -> Floor '2'
[2026-08-12 07:18:30] Tag Change: ID '00E20047189E4068218E2F01' -> Floor '4'
[2026-08-12 07:18:30] Tag flapping: suppressed 4 repeated tag-change log lines in the last 64s
[2026-08-12 07:18:31] Status Updated: Floor '4'
[2026-08-12 07:18:47] Tag Change: ID '00E20047175A40682179EF01' -> Floor '2'
[2026-08-12 07:18:54] Status Updated: Floor '0'
[2026-08-12 07:19:48] Tag Change: ID '00E20047176CC068217B1701' -> Floor '1'
[2026-08-12 07:19:48] Tag Change: ID '00E200471768C068217AD701' -> Floor '1'
[2026-08-12 07:19:49] Status Updated: Floor '1'
[2026-08-12 07:19:49] Tag Change: ID '00E20047179C4068217E0F01' -> Floor '2'
[2026-08-12 07:19:50] Tag Change: ID '00E2004717A0C068217E5701' -> Floor '3'
[2026-08-12 07:19:52] Tag Change: ID '00E200471897C068218DC701' -> Floor '5'
[2026-08-12 07:19:52] Tag flapping: suppressed 2 repeated tag-change log lines in the last 61s
[2026-08-12 07:19:53] Tag Change: ID '00E2004717684068217ACF01' -> Floor '5'
[2026-08-12 07:19:53] Status Updated: Floor '5'
[2026-08-12 07:19:55] Tag Change: ID '00E2004717688068217AD301' -> Floor '5'
[2026-08-12 07:20:08] Tag Change: ID '00E200471777F068217BCA01' -> Floor 'Unknown'
[2026-08-12 07:20:10] Tag Change: ID '00E20047175CC068217A1701' -> Floor '6'
[2026-08-12 07:20:11] Tag Change: ID '00E2004717964068217DAF01' -> Floor '6'
[2026-08-12 07:20:11] Status Updated: Floor '6'
[2026-08-12 07:20:12] Tag Change: ID '00E2004717638068217A8301' -> Floor '7'
[2026-08-12 07:20:13] Tag Change: ID '00E2004717767068217BB201' -> Floor '8'
[2026-08-12 07:20:14] Tag Change: ID '00E20047177A7068217BF201' -> Floor '9'
[2026-08-12 07:20:14] Status Updated: Floor '9'
[2026-08-12 07:20:15] Tag Change: ID '00E200471744006821788B01' -> Floor '9'
[2026-08-12 07:21:50] Tag Change: ID '00E20047177A7068217BF201' -> Floor '9'
[2026-08-12 07:21:52] Tag Change: ID '00E2004717638068217A8301' -> Floor '7'
[2026-08-12 07:21:54] Tag Change: ID '00E2004717688068217AD301' -> Floor '5'
[2026-08-12 07:21:57] Tag Change: ID '00E20047189E4068218E2F01' -> Floor '4'
[2026-08-12 07:21:58] Status Updated: Floor '4'
[2026-08-12 07:22:15] Tag Change: ID '00E20047175F4068217A3F01' -> Floor '7'
[2026-08-12 07:22:19] Tag Change: ID '00E200471744006821788B01' -> Floor '9'
[2026-08-12 07:22:19] Status Updated: Floor '9'
[2026-08-12 07:22:35] Tag Change: ID '00E2004717710068217B5B00' -> Floor '8'
[2026-08-12 07:22:36] Status Updated: Floor '7'
[2026-08-12 07:22:38] Tag Change: ID '00E2004717964068217DAF01' -> Floor '6'
[2026-08-12 07:22:38] Status Updated: Floor '6'
[2026-08-12 07:22:52] Tag Change: ID '00E20047175CC068217A1701' -> Floor '6'
[2026-08-12 07:22:56] Tag Change: ID '00E2004718A58068218EA301' -> Floor '3'
[2026-08-12 07:22:58] Tag Change: ID '00E200471768C068217AD701' -> Floor '1'
[2026-08-12 07:22:58] Status Updated: Floor '1'
[2026-08-12 07:23:02] Tag Change: ID '00E2004717A54068217E9F01' -> Floor '0'
[2026-08-12 07:23:03] Status Updated: Floor '0'
[2026-08-12 07:23:03] Tag Change: ID '00' -> Floor 'Unknown'
[2026-08-12 07:23:20] Tag Change: ID '00E200471775B068217BA601' -> Floor '1'
[2026-08-12 07:23:20] Tag flapping: suppressed 6 repeated tag-change log lines in the last 62s
[2026-08-12 07:23:21] Tag Change: ID '00E20047176CC068217B1701' -> Floor '1'
[2026-08-12 07:23:22] Status Updated: Floor '1'
[2026-08-12 07:23:24] Tag Change: ID '00E20047175A80682179F301' -> Floor '4'
[2026-08-12 07:23:26] Tag Change: ID '00E2004717684068217ACF01' -> Floor '5'
[2026-08-12 07:23:26] Tag Change: ID '00E2004717688068217AD301' -> Floor '5'
[2026-08-12 07:23:26] Status Updated: Floor '5'
[2026-08-12 07:23:30] Tag Change: ID '00E2004717638068217A8301' -> Floor '7'
[2026-08-12 07:23:32] Status Updated: Floor '7'
[2026-08-12 07:23:50] Tag Change: ID '00E20047175F4068217A3F01' -> Floor '7'
[2026-08-12 07:23:51] Tag Change: ID '00E2004717A60068217EAB01' -> Floor '7'
[2026-08-12 07:23:51] Tag Change: ID '00E2004717964068217DAF01' -> Floor '6'
[2026-08-12 07:23:53] Status Updated: Floor '6'
[2026-08-12 07:23:54] Tag Change: ID '00E20047189E4068218E2F01' -> Floor '4'
[2026-08-12 07:23:54] Tag Change: ID '00E2004718A2C068218E7701' -> Floor '4'
[2026-08-12 07:23:54] Status Updated: Floor '4'
[2026-08-12 07:24:01] Status Updated: Floor '0'
[2026-08-12 07:24:02] Tag Change: ID '00E2004717A54068217E9F' -> Floor 'Unknown'
[2026-08-12 07:24:02] Tag Change: ID '00E2004717A54068217E9F01' -> Floor '0'
[2026-08-12 07:24:20] Tag Change: ID '00E2004717A00068217E4B01' -> Floor '-1'
[2026-08-12 07:24:26] Tag Change: ID '00E2004717A40068217E8B01' -> Floor '-1'
[2026-08-12 07:24:26] Status Updated: Floor '-1'
[2026-08-12 07:24:34] Tag Change: ID '00E200471736C0682177B701' -> Floor '-1'
[2026-08-12 07:24:34] Tag flapping: suppressed 4 repeated tag-change log lines in the last 66s
[2026-08-12 07:24:36] Tag Change: ID '00E200471775B068217BA601' -> Floor '1'
[2026-08-12 07:24:37] Tag Change: ID '00E20047176CC068217B1701' -> Floor '1'
[2026-08-12 07:24:37] Status Updated: Floor '1'
[2026-08-12 07:24:39] Tag Change: ID '00E2004717A0C068217E5701' -> Floor '3'
[2026-08-12 07:24:39] Tag Change: ID '00E2004717A7C068217EC701' -> Floor '3'
[2026-08-12 07:24:39] Status Updated: Floor '3'
[2026-08-12 07:24:39] Tag Change: ID '00E2004718A58068218EA301' -> Floor '3'
[2026-08-12 07:24:40] Tag Change: ID '00E20047175A80682179F301' -> Floor '4'
[2026-08-12 07:24:41] Status Updated: Floor '4'
[2026-08-12 07:24:44] Tag Change: ID '00E20047177A3068217BEE01' -> Floor '8'
[2026-08-12 07:24:45] Tag Change: ID '00E20047177A7068217BF201' -> Floor '9'
[2026-08-12 07:24:46] Tag Change: ID '00E20047174880682178D301' -> Floor '10'
[2026-08-12 07:24:48] Tag Change: ID '00E20047174C806821791301' -> Floor '11'
[2026-08-12 07:24:48] Tag Change: ID '00E200471751806821796301' -> Floor '11'
[2026-08-12 07:24:49] Status Updated: Floor '11'
[2026-08-12 07:24:50] Tag Change: ID '00E200471753C06821798701' -> Floor '11'
[2026-08-12 07:25:05] Tag Change: ID '00E2004718C4B06821909601' -> Floor 'Unknown'
[2026-08-12 07:25:06] Tag Change: ID '00E200471744006821788B01' -> Floor '9'
[2026-08-12 07:25:08] Status Updated: Floor '9'
[2026-08-12 07:25:24] Tag Change: ID '00E2004717638068217A8301' -> Floor '7'
[2026-08-12 07:25:24] Tag Change: ID '00E20047175F4068217A3F01' -> Floor '7'
[2026-08-12 07:25:25] Status Updated: Floor '7'
[2026-08-12 07:25:27] Tag Change: ID '00E200471897C068218DC701' -> Floor '5'
[2026-08-12 07:25:30] Tag Change: ID '00E200471768C068217AD701' -> Floor '1'
[2026-08-12 07:25:33] Status Updated: Floor '1'
[2026-08-12 07:25:34] Tag Change: ID '00E2004717A54068217E9F01' -> Floor '0'
[2026-08-12 07:25:35] Status Updated: Floor '0'
[2026-08-12 07:26:05] Tag Change: ID '00E2004717AC4068217F0F01' -> Floor '-1'
[2026-08-12 07:26:05] Tag flapping: suppressed 5 repeated tag-change log lines in the last 84s
[2026-08-12 07:26:06] Status Updated: Floor '-1'
[2026-08-12 07:26:13] Tag Change: ID '00E2004707E05060270EE801' -> Floor '-3'
[2026-08-12 07:26:14] Status Updated: Floor '-3'
[2026-08-12 07:26:15] Tag Change: ID '00E2004707E01060270EE401' -> Floor '-3'
[2026-08-12 07:26:15] Tag Change: ID '00E2004707E0506027' -> Floor 'Unknown'
[2026-08-12 07:26:22] Tag Change: ID '00E2004707DF5060270ED801' -> Floor '-3'
[2026-08-12 07:26:49] Tag Change: ID '00E2004717A40068217E8B01' -> Floor '-1'
[2026-08-12 07:26:56] Status Updated: Floor '-1'
[2026-08-12 07:27:03] Tag Change: ID '00E2004717A00068217E4B01' -> Floor '-1'
[2026-08-12 07:27:07] Tag Change: ID '00E2004717A54068217E9F01' -> Floor '0'
[2026-08-12 07:27:09] Status Updated: Floor '0'
[2026-08-12 07:27:33] Tag Change: ID '00E2004717688068217AD301' -> Floor '5'
[2026-08-12 07:27:33] Tag flapping: suppressed 31 repeated tag-change log lines in the last 77s
[2026-08-12 07:27:33] Tag Change: ID '00E200471777F068217BCA01' -> Floor 'Unknown'
[2026-08-12 07:27:34] Tag Change: ID '00E2004717964068217DAF01' -> Floor '6'
[2026-08-12 07:27:34] Tag Change: ID '00E20047175F4068217A3F01' -> Floor '7'
[2026-08-12 07:27:36] Tag Change: ID '00E2004717773068217BBE01' -> Floor '9'
[2026-08-12 07:27:37] Tag Change: ID '00E20047177A7068217BF201' -> Floor '9'
[2026-08-12 07:27:37] Status Updated: Floor '9'
[2026-08-12 07:27:38] Tag Change: ID '00E200471744006821788B01' -> Floor '9'
[2026-08-12 07:27:53] Tag Change: ID '00E20047177A3068217BEE01' -> Floor '8'
[2026-08-12 07:27:58] Status Updated: Floor '5'
[2026-08-12 07:28:08] Tag Change: ID '00E2004717684068217ACF01' -> Floor '5'
[2026-08-12 07:28:11] Tag Change: ID '00E2004717A7C068217EC701' -> Floor '3'
[2026-08-12 07:28:12] Tag Change: ID '00E2004717A0C068217E5701' -> Floor '3'
[2026-08-12 07:28:12] Status Updated: Floor '3'
[2026-08-12 07:28:15] Tag Change: ID '00E200471775B068217BA601' -> Floor '1'
[2026-08-12 07:28:16] Status Updated: Floor '1'
[2026-08-12 07:28:18] Tag Change: ID '00E2004717A54068217E9F01' -> Floor '0'
[2026-08-12 07:28:18] Status Updated: Floor '0'
[2026-08-12 07:29:11] Tag flapping: suppressed 4 repeated tag-change log lines in the last 76s
[2026-08-12 07:29:12] Status Updated: Floor '1'
[2026-08-12 07:29:19] Tag Change: ID '00E20047175CC068217A1701' -> Floor '6'
[2026-08-12 07:29:19] Tag Change: ID '00E2004717964068217DAF01' -> Floor '6'
[2026-08-12 07:29:19] Status Updated: Floor '6'
[2026-08-12 07:29:20] Tag Change: ID '00E2004717638068217A8301' -> Floor '7'
[2026-08-12 07:29:23] Tag Change: ID '00E200471744006821788B01' -> Floor '9'
[2026-08-12 07:29:24] Status Updated: Floor '9'
[2026-08-12 07:29:39] Tag Change: ID '00E20047177A3068217BEE01' -> Floor '8'
[2026-08-12 07:29:42] Status Updated: Floor '7'
[2026-08-12 07:29:57] Status Updated: Floor '6'
[2026-08-12 07:29:57] Tag Change: ID '00E2004717688068217AD301' -> Floor '5'
[2026-08-12 07:29:57] Tag Change: ID '00E2004717684068217ACF01' -> Floor '5'
[2026-08-12 07:29:58] Status Updated: Floor '5'
[2026-08-12 07:29:58] Tag Change: ID '00E200471897C068218DC701' -> Floor '5'
[2026-08-12 07:29:59] Tag Change: ID '00E2004718A2C068218E7701' -> Floor '4'
[2026-08-12 07:30:01] Tag Change: ID '00E2004718A58068218EA301' -> Floor '3'
[2026-08-12 07:30:02] Status Updated: Floor '3'
[2026-08-12 07:30:15] Tag Change: ID '00E20047176CC068217B1701' -> Floor '1'
[2026-08-12 07:30:16] Tag Change: ID '00E200471775B068217BA601' -> Floor '1'
[2026-08-12 07:30:16] Status Updated: Floor '1'
[2026-08-12 07:30:17] Tag Change: ID '00E2004717A54068217E9F01' -> Floor '0'
[2026-08-12 07:30:20] Status Updated: Floor '0'
[2026-08-12 07:30:40] Tag Change: ID '00E20047179C4068217E0F01' -> Floor '2'
[2026-08-12 07:30:40] Status Updated: Floor '2'
[2026-08-12 07:30:43] Tag flapping: suppressed 5 repeated tag-change log lines in the last 61s
[2026-08-12 07:30:44] Tag Change: ID '00E2004717964068217DAF01' -> Floor '6'
[2026-08-12 07:30:45] Tag Change: ID '00E20047175F4068217A3F01' -> Floor '7'
[2026-08-12 07:30:46] Status Updated: Floor '7'
[2026-08-12 07:30:47] Tag Change: ID '00E2004717638068217A8301' -> Floor '7'
[2026-08-12 07:31:02] Tag Change: ID '00E200471897C068218DC701' -> Floor '5'
[2026-08-12 07:31:02] Tag Change: ID '00E20047189E4068218E2F01' -> Floor '4'
[2026-08-12 07:31:04] Tag Change: ID '00E2004717A0C068217E5701' -> Floor '3'
[2026-08-12 07:31:10] Status Updated: Floor '0'
[2026-08-12 07:31:13] Tag Change: ID '00E2004717A540' -> Floor 'Unknown'
[2026-08-12 07:31:31] Tag Change: ID '00E2004717AD8068217F2301' -> Floor '-2'
[2026-08-12 07:31:31] Status Updated: Floor '-2'
[2026-08-12 07:31:44] Tag Change: ID '00E200471736C0682177B701' -> Floor '-1'
[2026-08-12 07:31:46] Tag Change: ID '00E2004717AC4068217F0F01' -> Floor '-1'
[2026-08-12 07:31:46] Status Updated: Floor '-1'
[2026-08-12 07:31:47] Tag Change: ID '00E2004717A54068217E9F01' -> Floor '0'
[2026-08-12 07:31:48] Status Updated: Floor '0'
[2026-08-12 07:32:05] Tag Change: ID '00E20047189E4068218E2F01' -> Floor '4'
[2026-08-12 07:32:05] Tag flapping: suppressed 4 repeated tag-change log lines in the last 67s
[2026-08-12 07:32:07] Tag Change: ID '00E2004717688068217AD301' -> Floor '5'
[2026-08-12 07:32:08] Tag Change: ID '00E2004717' -> Floor 'Unknown'
[2026-08-12 07:32:10] Tag Change: ID '00E2004717638068217A8301' -> Floor '7'
[2026-08-12 07:32:11] Status Updated: Floor '7'
[2026-08-12 07:32:23] Tag Change: ID '00E20047175F4068217A3F01' -> Floor '7'
[2026-08-12 07:32:25] Tag Change: ID '00E20047175CC068217A1701' -> Floor '6'
[2026-08-12 07:32:26] Tag Change: ID '00E2004717684068217ACF01' -> Floor '5'
[2026-08-12 07:32:26] Tag Change: ID '00E200471897C068218DC701' -> Floor '5'
[2026-08-12 07:32:27] Status Updated: Floor '5'
[2026-08-12 07:32:28] Tag Change: ID '00E2004718A58068218EA301' -> Floor '3'
[2026-08-12 07:32:28] Tag Change: ID '00E2004717A0C068217E5701' -> Floor '3'
[2026-08-12 07:32:29] Status Updated: Floor '3'
[2026-08-12 07:32:29] Tag Change: ID '00E200471741406821785F01' -> Floor '2'
[2026-08-12 07:32:30] Tag Change: ID '00E20047176CC068217B1701' -> Floor '1'
[2026-08-12 07:32:32] Tag Change: ID '00E200471775B068217BA601' -> Floor '1'
[2026-08-12 07:32:32] Status Updated: Floor '1'
[2026-08-12 07:32:37] Status Updated: Floor '0'
[2026-08-12 07:33:04] Status Updated: Floor '1'
[2026-08-12 07:33:07] Tag Change: ID '00E2004717A7C068217EC701' -> Floor '3'
[2026-08-12 07:33:07] Status Updated: Floor '3'
[2026-08-12 07:33:25] Tag Change: ID '00E20047175A40682179EF01' -> Floor '2'
[2026-08-12 07:33:25] Tag Change: ID '00E200471768C068217AD701' -> Floor '1'
[2026-08-12 07:33:26] Status Updated: Floor '1'
[2026-08-12 07:33:27] Tag flapping: suppressed 10 repeated tag-change log lines in the last 60s
[2026-08-12 07:33:28] Tag Change: ID '00E2004717A54068217E9F01' -> Floor '0'
[2026-08-12 07:33:29] Status Updated: Floor '0'
[2026-08-12 07:33:44] Tag Change: ID '00E2004717A00068217E4B01' -> Floor '-1'
[2026-08-12 07:33:46] Tag Change: ID '00E2004717A40068217E8B01' -> Floor '-1'
[2026-08-12 07:33:46] Status Updated: Floor '-1'
[2026-08-12 07:34:01] Tag Change: ID '00E200471736C0682177B701' -> Floor '-1'
[2026-08-12 07:34:06] Tag Change: ID '00E20047179C4068217E0F01' -> Floor '2'
[2026-08-12 07:34:07] Status Updated: Floor '2'
[2026-08-12 07:34:07] Tag Change: ID '00E2004717A0C068217E5701' -> Floor '3'
[2026-08-12 07:34:08] Tag Change: ID '00E2004717A7C068217EC701' -> Floor '3'
[2026-08-12 07:34:08] Status Updated: Floor '3'
[2026-08-12 07:34:09] Tag Change: ID '00E2004718A58068218EA301' -> Floor '3'
[2026-08-12 07:35:03] Tag Change: ID '00E20047175A80682179F301' -> Floor '4'
[2026-08-12 07:35:03] Tag flapping: suppressed 2 repeated tag-change log lines in the last 62s
[2026-08-12 07:35:04] Status Updated: Floor '4'
[2026-08-12 07:35:07] Tag Change: ID '00E20047175F4068217A3F01' -> Floor '7'
[2026-08-12 07:35:08] Status Updated: Floor '7'
[2026-08-12 07:35:08] Tag Change: ID '00E20047177A3068217BEE01' -> Floor '8'
[2026-08-12 07:35:09] Tag Change: ID '00E2004717773068217BBE01' -> Floor '9'
[2026-08-12 07:35:10] Status Updated: Floor '9'
[2026-08-12 07:35:10] Tag Change: ID '00E2004718C4B06821909601' -> Floor 'Unknown'
[2026-08-12 07:35:11] Tag Change: ID '002427031027000620240000' -> Floor 'Unknown'
[2026-08-12 07:35:12] Tag Change: ID '00E200471753C06821798701' -> Floor '11'
[2026-08-12 07:35:13] Tag Change: ID '00E200471741006821785B01' -> Floor 'Unknown'
[2026-08-12 07:35:14] Tag Change: ID '00E2004717A34068217E7F01' -> Floor '12'
[2026-08-12 07:35:15] Status Updated: Floor '12'
[2026-08-12 07:35:28] Tag Change: ID '00E2004717A84068217ECF01' -> Floor '12'
[2026-08-12 07:35:30] Tag Change: ID '00E20047174C806821791301' -> Floor '11'
[2026-08-12 07:35:30] Status Updated: Floor '11'
[2026-08-12 07:35:32] Tag Change: ID '00E20047177A7068217BF201' -> Floor '9'
[2026-08-12 07:35:36] Tag Change: ID '00E2004717688068217AD301' -> Floor '5'
[2026-08-12 07:35:36] Status Updated: Floor '5'
[2026-08-12 07:35:38] Tag Change: ID '00E2004718A58068218EA301' -> Floor '3'
[2026-08-12 07:35:38] Status Updated: Floor '3'
[2026-08-12 07:35:39] Tag Change: ID '00E2004717A0C068217E5701' -> Floor '3'
[2026-08-12 07:35:40] Tag Change: ID '00E200471768C068217AD701' -> Floor '1'
[2026-08-12 07:35:42] Tag Change: ID '00E200471775B068217BA601' -> Floor '1'
[2026-08-12 07:35:42] Status Updated: Floor '1'
[2026-08-12 07:35:43] Tag Change: ID '00E2004717A54068217E9F01' -> Floor '0'
[2026-08-12 07:35:44] Status Updated: Floor '0'
[2026-08-12 07:35:58] Tag Change: ID '00E200471736C0682177B701' -> Floor '-1'
[2026-08-12 07:36:11] Tag Change: ID '00E2004717AD8068217F2301' -> Floor '-2'
[2026-08-12 07:36:26] Status Updated: Floor '1'
[2026-08-12 07:36:27] Tag Change: ID '00E20047176CC068217B1701' -> Floor '1'
[2026-08-12 07:36:28] Tag Change: ID '00E200471768C068' -> Floor 'Unknown'
[2026-08-12 07:36:34] Tag flapping: suppressed 12 repeated tag-change log lines in the last 60s
[2026-08-12 07:36:43] Tag Change: ID '00E200471768C068217AD701' -> Floor '1'
[2026-08-12 07:36:52] Tag Change: ID '00E2' -> Floor 'Unknown'
[2026-08-12 07:37:19] Tag Change: ID '00E200471741406821785F01' -> Floor '2'
[2026-08-12 07:37:22] Tag Change: ID '00E2004718A2C068218E7701' -> Floor '4'
[2026-08-12 07:37:24] Tag Change: ID '00E20047175CC068217A1701' -> Floor '6'
[2026-08-12 07:37:26] Tag Change: ID '00E20047175F4068217A3F01' -> Floor '7'
[2026-08-12 07:37:27] Tag Change: ID '00E2004717638068217A8301' -> Floor '7'
[2026-08-12 07:37:27] Status Updated: Floor '7'
[2026-08-12 07:37:42] Tag flapping: suppressed 30 repeated tag-change log lines in the last 67s
[2026-08-12 07:37:44] Tag Change: ID '00E2004718A58068218EA301' -> Floor '3'
[2026-08-12 07:37:45] Tag Change: ID '00E2004717A0C068217E5701' -> Floor '3'
[2026-08-12 07:37:46] Status Updated: Floor '3'
[2026-08-12 07:37:49] Tag Change: ID '00E200471775B068217BA601' -> Floor '1'
[2026-08-12 07:37:49] Status Updated: Floor '1'
[2026-08-12 07:37:50] Tag Change: ID '00E2004717A54068217E9F01' -> Floor '0'
[2026-08-12 07:37:52] Status Updated: Floor '0'
[2026-08-12 07:38:05] Tag Change: ID '00E200471736C0682177B701' -> Floor '-1'
[2026-08-12 07:38:07] Tag Change: ID '00E2004717A40068217E8B01' -> Floor '-1'
[2026-08-12 07:38:12] Status Updated: Floor '-1'
[2026-08-12 07:38:20] Tag Change: ID '00E2004717A00068217E4B01' -> Floor '-1'
[2026-08-12 07:38:29] Status Updated: Floor '0'
[2026-08-12 07:38:44] Tag Change: ID '00E20047176CC068217B1701' -> Floor '1'
[2026-08-12 07:38:44] Status Updated: Floor '1'
[2026-08-12 07:38:46] Tag Change: ID '00E2004717A0C068217E5701' -> Floor '3'
[2026-08-12 07:38:46] Tag Change: ID '00E2004717A7C068217EC701' -> Floor '3'
[2026-08-12 07:38:46] Status Updated: Floor '3'
[2026-08-12 07:38:47] Tag Change: ID '00E20047175A80682179F301' -> Floor '4'
[2026-08-12 07:38:50] Tag Change: ID '00E20047189E4068218E2F01' -> Floor '4'
[2026-08-12 07:38:50] Status Updated: Floor '4'
[2026-08-12 07:39:12] Tag Change: ID '00E20047179C4068217E0F01' -> Floor '2'
[2026-08-12 07:39:12] Tag Change: ID '00E20047179C4068' -> Floor 'Unknown'
[2026-08-12 07:39:18] Status Updated: Floor '2'
[2026-08-12 07:39:28] Tag Change: ID '00E20047175A40682179EF01' -> Floor '2'
[2026-08-12 07:39:29] Tag Change: ID '00E200471768C068217AD701' -> Floor '1'
[2026-08-12 07:39:29] Tag flapping: suppressed 3 repeated tag-change log lines in the last 60s
[2026-08-12 07:39:29] Status Updated: Floor '1'
[2026-08-12 07:39:57] Tag Change: ID '00E2004717AD8068217F2301' -> Floor '-2'
[2026-08-12 07:39:59] Status Updated: Floor '-2'
[2026-08-12 07:40:53] Tag Change: ID '00E2004717A40068217E8B01' -> Floor '-1'
[2026-08-12 07:41:00] Status Updated: Floor '-1'
[2026-08-12 07:41:13] Tag Change: ID '00E200471736C0682177B701' -> Floor '-1'
[2026-08-12 07:41:15] Tag Change: ID '00E2004717AC4068217F0F01' -> Floor '-1'
[2026-08-12 07:41:16] Tag Change: ID '00E2004717A54068217E9F01' -> Floor '0'
[2026-08-12 07:41:22] Status Updated: Floor '0'
[2026-08-12 07:41:36] Tag Change: ID '00E20047189E4068218E2F01' -> Floor '4'
[2026-08-12 07:41:36] Status Updated: Floor '4'
[2026-08-12 07:41:52] Tag Change: ID '00E200471775B068217BA601' -> Floor '1'
[2026-08-12 07:41:52] Status Updated: Floor '1'
[2026-08-12 07:41:56] Status Updated: Floor '0'
[2026-08-12 07:42:39] Status Updated: Floor '1'
[2026-08-12 07:42:41] Tag Change: ID '00E200471741406821785F01' -> Floor '2'
[2026-08-12 07:42:43] Tag Change: ID '00E2004717A0C068217E5701' -> Floor '3'
[2026-08-12 07:42:46] Tag Change: ID '00E2004717684068217ACF01' -> Floor '5'
[2026-08-12 07:42:46] Status Updated: Floor '5'
[2026-08-12 07:42:47] Tag Change: ID '00E2004717688068217AD301' -> Floor '5'
[2026-08-12 07:43:07] Tag Change: ID '00E200471777F068217BCA01' -> Floor 'Unknown'
[2026-08-12 07:43:07] Tag flapping: suppressed 2 repeated tag-change log lines in the last 72s
[2026-08-12 07:43:09] Tag Change: ID '00E2004717964068217DAF01' -> Floor '6'
[2026-08-12 07:43:10] Tag Change: ID '00E20047175F4068217A3F01' -> Floor '7'
[2026-08-12 07:43:10] Tag Change: ID '00E2004717638068217A8301' -> Floor '7'
[2026-08-12 07:43:10] Status Updated: Floor '7'
[2026-08-12 07:43:12] Tag Change: ID '00E200471744006821788B01' -> Floor '9'
[2026-08-12 07:43:13] Status Updated: Floor '9'
[2026-08-12 07:43:13] Tag Change: ID '00E2004718C4B06821909601' -> Floor 'Unknown'
[2026-08-12 07:43:13] Tag Change: ID '00E20047174880682178D301' -> Floor '10'
[2026-08-12 07:43:14] Tag Change: ID '002427031027000620240000' -> Floor 'Unknown'
[2026-08-12 07:43:28] Status Updated: Floor '10'
[2026-08-12 07:43:30] Tag Change: ID '00E2004717767068217BB201' -> Floor '8'
[2026-08-12 07:43:32] Status Updated: Floor '7'
[2026-08-12 07:43:38] Tag Change: ID '00E20047176CC068217B1701' -> Floor '1'
[2026-08-12 07:43:40] Tag Change: ID '00E200471775B068217BA601' -> Floor '1'
[2026-08-12 07:43:40] Status Updated: Floor '1'
[2026-08-12 07:43:41] Tag Change: ID '00E2004717A54068217E9F01' -> Floor '0'
[2026-08-12 07:43:43] Status Updated: Floor '0'
[2026-08-12 07:44:14] Status Updated: Floor '1'
[2026-08-12 07:44:19] Tag Change: ID '00E2004717688068217AD301' -> Floor '5'
[2026-08-12 07:44:19] Status Updated: Floor '5'
[2026-08-12 07:44:20] Tag Change: ID '00E2004717964068217DAF01' -> Floor '6'
[2026-08-12 07:44:22] Tag Change: ID '00E2004717638068217A8301' -> Floor '7'
[2026-08-12 07:44:23] Status Updated: Floor '7'
[2026-08-12 07:44:40] Tag flapping: suppressed 7 repeated tag-change log lines in the last 71s
[2026-08-12 07:44:41] Tag Change: ID '00E200471777F068217BCA01' -> Floor 'Unknown'
[2026-08-12 07:44:41] Tag Change: ID '00E2004717684068217ACF01' -> Floor '5'
[2026-08-12 07:44:42] Status Updated: Floor '5'
[2026-08-12 07:44:42] Tag Change: ID '00E200471897C068218DC701' -> Floor '5'
[2026-08-12 07:44:43] Tag Change: ID '00E20047189E4068218E2F01' -> Floor '4'
[2026-08-12 07:44:46] Status Updated: Floor '4'
[2026-08-12 07:45:05] Tag Change: ID '00E2004717A0C068217E5701' -> Floor '3'
[2026-08-12 07:45:08] Tag Change: ID '00E200471775B068217BA601' -> Floor '1'
[2026-08-12 07:45:10] Tag Change: ID '00E2004717A54068217E9F01' -> Floor '0'
[2026-08-12 07:45:11] Status Updated: Floor '0'
[2026-08-12 07:45:40] Tag Change: ID '00E2004717AD8068217F2301' -> Floor '-2'
[2026-08-12 07:45:44] Status Updated: Floor '-2'
[2026-08-12 07:46:19] Tag Change: ID '00E200471775B068217BA601' -> Floor '1'
[2026-08-12 07:46:19] Tag flapping: suppressed 1 repeated tag-change log lines in the last 98s
[2026-08-12 07:46:20] Status Updated: Floor '1'
[2026-08-12 07:46:21] Tag Change: ID '00E20047176CC068217B1701' -> Floor '1'
[2026-08-12 07:46:23] Tag Change: ID '00E200471768C068217AD701' -> Floor '1'
[2026-08-12 07:46:41] Tag Change: ID '00E2004717A00068217E4B01' -> Floor '-1'
[2026-08-12 07:46:42] Status Updated: Floor '-1'
[2026-08-12 07:46:49] Tag Change: ID '00E2004717A40068217E8B01' -> Floor '-1'
[2026-08-12 07:47:54] Tag Change: ID '00E2004717AC4068217F0F01' -> Floor '-1'
[2026-08-12 07:47:54] Tag flapping: suppressed 6 repeated tag-change log lines in the last 85s
[2026-08-12 07:47:54] Tag Change: ID '00E200471775B068217BA601' -> Floor '1'
[2026-08-12 07:47:56] Tag Change: ID '00E20047175A40682179EF01' -> Floor '2'
[2026-08-12 07:48:03] Status Updated: Floor '2'
[2026-08-12 07:48:04] Tag Change: ID '00E2004718A58068218EA301' -> Floor '3'
[2026-08-12 07:48:04] Status Updated: Floor '3'
[2026-08-12 07:48:44] Tag Change: ID '00E200471741406821785F01' -> Floor '2'
[2026-08-12 07:48:45] Tag Change: ID '00E20047176CC068217B1701' -> Floor '1'
[2026-08-12 07:48:48] Tag Change: ID '00E200471736C0682177B701' -> Floor '-1'
[2026-08-12 07:48:48] Status Updated: Floor '-1'
[2026-08-12 07:48:51] Tag Change: ID '00E2004717A40068217E8B01' -> Floor '-1'
[2026-08-12 07:51:27] Tag Change: ID '00E20047176CC068217B1701' -> Floor '1'
[2026-08-12 07:51:27] Tag flapping: suppressed 1 repeated tag-change log lines in the last 160s
[2026-08-12 07:51:27] Tag Change: ID '00E200471768C068217AD701' -> Floor '1'
[2026-08-12 07:51:28] Status Updated: Floor '1'
[2026-08-12 07:51:31] Tag Change: ID '00E2004718A58068218EA301' -> Floor '3'
[2026-08-12 07:51:32] Status Updated: Floor '3'
[2026-08-12 07:51:45] Tag Change: ID '00E2004717A7C068217EC701' -> Floor '3'
[2026-08-12 07:51:46] Tag Change: ID '00E2004717A0C068217E5701' -> Floor '3'
[2026-08-12 07:51:51] Tag Change: ID '00E2004717A54068217E9F01' -> Floor '0'
[2026-08-12 07:51:52] Status Updated: Floor '0'
[2026-08-12 07:53:44] Tag Change: ID '00E200471775B068217BA601' -> Floor '1'
[2026-08-12 07:53:44] Tag flapping: suppressed 1 repeated tag-change log lines in the last 116s
[2026-08-12 07:53:50] Tag Change: ID '00E2004718A58068218EA301' -> Floor '3'
[2026-08-12 07:53:51] Status Updated: Floor '3'
[2026-08-12 07:54:06] Tag Change: ID '00E200471768C068217AD701' -> Floor '1'
[2026-08-12 07:54:07] Tag Change: ID '00E20047176CC068217B1701' -> Floor '1'
[2026-08-12 07:54:07] Status Updated: Floor '1'
[2026-08-12 07:54:10] Tag Change: ID '00E200471736C0682177B701' -> Floor '-1'
[2026-08-12 07:54:25] Tag Change: ID '00E2004717AD8068217F2301' -> Floor '-2'
[2026-08-12 07:54:31] Status Updated: Floor '-2'
[2026-08-12 07:55:36] Tag Change: ID '00E2004717A54068217E9F01' -> Floor '0'
[2026-08-12 07:55:36] Tag flapping: suppressed 1 repeated tag-change log lines in the last 87s
[2026-08-12 07:55:37] Status Updated: Floor '0'
[2026-08-12 07:55:50] Tag Change: ID '00E200471768C068217AD701' -> Floor '1'
[2026-08-12 07:55:51] Tag Change: ID '00E20047179C4068217E0F01' -> Floor '2'
[2026-08-12 07:55:51] Tag Change: ID '00E2004717A0C068217E5701' -> Floor '3'
[2026-08-12 07:55:57] Tag Change: ID '00E2004717964068217DAF01' -> Floor '6'
[2026-08-12 07:55:57] Status Updated: Floor '6'
[2026-08-12 07:57:07] Tag Change: ID '00E200471897C068218DC701' -> Floor '5'
[2026-08-12 07:57:12] Tag Change: ID '00E200471775B068217BA601' -> Floor '1'
[2026-08-12 07:57:16] Tag Change: ID '00E2004717A40068217E8B01' -> Floor '-1'
[2026-08-12 07:57:46] Tag Change: ID '00E200471736C0682177B701' -> Floor '-1'
[2026-08-12 07:57:47] Status Updated: Floor '-1'
[2026-08-12 07:57:54] Tag Change: ID '00E2004718A58068218EA301' -> Floor '3'
[2026-08-12 07:57:55] Status Updated: Floor '3'
[2026-08-12 07:58:09] Tag Change: ID '00E20047179C4068217E0F01' -> Floor '2'
[2026-08-12 07:58:10] Tag Change: ID '00E200471768C068217AD701' -> Floor '1'
[2026-08-12 07:58:10] Tag Change: ID '00E20047176CC068217B1701' -> Floor '1'
[2026-08-12 07:58:11] Status Updated: Floor '1'
[2026-08-12 07:58:13] Tag Change: ID '00E2004717A54068217E9F01' -> Floor '0'
[2026-08-12 07:58:14] Status Updated: Floor '0'
[2026-08-12 07:58:52] Tag Change: ID '00E2004717A40068217E8B01' -> Floor '-1'
[2026-08-12 07:58:52] Status Updated: Floor '-1'
[2026-08-12 07:58:57] Tag Change: ID '00E2004717A90068217EDB01' -> Floor 'Unknown'
[2026-08-12 07:59:11] Tag Change: ID '00E2004717AD8068217F2301' -> Floor '-2'
[2026-08-12 07:59:17] Status Updated: Floor '-2'
[2026-08-12 07:59:39] Tag Change: ID '00E200471736C0682177B701' -> Floor '-1'
[2026-08-12 07:59:39] Tag flapping: suppressed 2 repeated tag-change log lines in the last 87s
[2026-08-12 07:59:42] Tag Change: ID '00E20047176CC068217B1701' -> Floor '1'
[2026-08-12 07:59:47] Tag Change: ID '00E20047189E4068218E2F01' -> Floor '4'
[2026-08-12 07:59:48] Status Updated: Floor '4'
[2026-08-12 08:00:01] Tag Change: ID '00E2004718A2C068218E7701' -> Floor '4'
[2026-08-12 08:00:02] Tag Change: ID '00E2004718A58068218EA301' -> Floor '3'
[2026-08-12 08:00:04] Tag Change: ID '00E20047175A40682179EF01' -> Floor '2'
[2026-08-12 08:00:05] Status Updated: Floor '1'
[2026-08-12 08:00:07] Tag Change: ID '00E200471775B068217BA601' -> Floor '1'
[2026-08-12 08:00:08] Tag Change: ID '00E2004717A54068217E9F01' -> Floor '0'
[2026-08-12 08:00:09] Status Updated: Floor '0'
[2026-08-12 08:00:28] Tag Change: ID '00E200471768C068217AD701' -> Floor '1'
[2026-08-12 08:00:31] Status Updated: Floor '3'
[2026-08-12 08:00:49] Tag Change: ID '00E2004717A7C068217EC701' -> Floor '3'
[2026-08-12 08:00:54] Tag Change: ID '00E200471736C0682177B701' -> Floor '-1'
[2026-08-12 08:00:55] Tag Change: ID '00E2004717A00068217E4B01' -> Floor '-1'
[2026-08-12 08:00:55] Status Updated: Floor '-1'
[2026-08-12 08:01:16] Tag Change: ID '00E2004717A40068217E8B01' -> Floor '-1'
[2026-08-12 08:01:16] Tag flapping: suppressed 3 repeated tag-change log lines in the last 71s
[2026-08-12 08:02:11] Tag Change: ID '00E200471775B068217BA601' -> Floor '1'
[2026-08-12 08:02:14] Tag Change: ID '00E2004717A0C068217E5701' -> Floor '3'
[2026-08-12 08:02:15] Tag Change: ID '00E2004718A58068218EA301' -> Floor '3'
[2026-08-12 08:02:15] Status Updated: Floor '3'
[2026-08-12 08:02:19] Tag Change: ID '00E2004717638068217A8301' -> Floor '7'
[2026-08-12 08:02:21] Tag Change: ID '00E2004717710068217B5B00' -> Floor '8'
[2026-08-12 08:02:21] Status Updated: Floor '8'
[2026-08-12 08:02:23] Tag Change: ID '00E2004717767068217BB201' -> Floor '8'
[2026-08-12 08:02:37] Tag Change: ID '00E20047175F4068217A3F01' -> Floor '7'
[2026-08-12 08:02:39] Tag Change: ID '00E2004717684068217ACF01' -> Floor '5'
[2026-08-12 08:02:40] Tag Change: ID '00E20047175A80682179F301' -> Floor '4'
[2026-08-12 08:02:41] Status Updated: Floor '4'
[2026-08-12 08:02:43] Tag Change: ID '00E20047176CC068217B1701' -> Floor '1'
[2026-08-12 08:02:45] Tag Change: ID '00E2004717AC4068217F0F01' -> Floor '-1'
[2026-08-12 08:02:46] Tag Change: ID '00E200471736C0682177B701' -> Floor '-1'
[2026-08-12 08:02:46] Status Updated: Floor '-1'
[2026-08-12 08:03:00] Tag Change: ID '00E2004717AD8068217F2301' -> Floor '-2'
[2026-08-12 08:03:06] Tag Change: ID '00E2004717A40068217E8B01' -> Floor '-1'
[2026-08-12 08:04:19] Tag Change: ID '00E2004717AD8068217F2301' -> Floor '-2'
[2026-08-12 08:04:19] Tag flapping: suppressed 1 repeated tag-change log lines in the last 97s
[2026-08-12 08:04:20] Status Updated: Floor '-2'
[2026-08-12 08:04:28] Tag Change: ID '00E2004717AC4068217F0F01' -> Floor '-1'
[2026-08-12 08:04:28] Tag Change: ID '00E200471775B068217BA601' -> Floor '1'
[2026-08-12 08:04:33] Tag Change: ID '00E20047179C4068217E0F01' -> Floor '2'
[2026-08-12 08:04:35] Status Updated: Floor '2'
[2026-08-12 08:05:03] Tag Change: ID '00E200471741406821785F01' -> Floor '2'
[2026-08-12 08:05:14] Tag Change: ID '00E2004707E05060270EE801' -> Floor '-3'
[2026-08-12 08:05:16] Status Updated: Floor '-3'
[2026-08-12 08:05:17] Tag Change: ID '00E2004707E01060270EE401' -> Floor '-3'
[2026-08-12 08:05:18] Tag Change: ID '00E2004707DF5060270ED801' -> Floor '-3'
[2026-08-12 08:06:14] Tag Change: ID '00E2004707E05060270EE801' -> Floor '-3'
[2026-08-12 08:06:17] Tag flapping: suppressed 42 repeated tag-change log lines in the last 60s
[2026-08-12 08:06:19] Tag Change: ID '00E2004707E01060270EE401' -> Floor '-3'
[2026-08-12 08:06:20] Tag Change: ID '00E2004707DF5060270ED801' -> Floor '-3'
[2026-08-12 08:07:16] Tag Change: ID '00E2004717A00068217E4B01' -> Floor '-1'
[2026-08-12 08:07:19] Tag Change: ID '00E2004717A54068217E9F01' -> Floor '0'
[2026-08-12 08:07:21] Status Updated: Floor '0'
[2026-08-12 08:07:48] Tag Change: ID '00E2004717AD8068217F2301' -> Floor '-2'
[2026-08-12 08:07:48] Tag flapping: suppressed 38 repeated tag-change log lines in the last 88s
[2026-08-12 08:07:52] Status Updated: Floor '-2'
[2026-08-12 08:08:39] Tag Change: ID '00E200471775B068217BA601' -> Floor '1'
[2026-08-12 08:08:43] Tag Change: ID '00E2004718A58068218EA301' -> Floor '3'
[2026-08-12 08:08:44] Tag Change: ID '00E2004717684068217ACF01' -> Floor '5'
[2026-08-12 08:08:45] Status Updated: Floor '5'
[2026-08-12 08:08:45] Tag Change: ID '00E20047175CC068217A1701' -> Floor '6'
[2026-08-12 08:08:46] Tag Change: ID '00E20047175F4068217A3F01' -> Floor '7'
[2026-08-12 08:08:47] Tag Change: ID '00E2004717638068217A8301' -> Floor '7'
[2026-08-12 08:08:47] Status Updated: Floor '7'
[2026-08-12 08:08:47] Tag Change: ID '00E20047177A3068217BEE01' -> Floor '8'
[2026-08-12 08:08:48] Tag Change: ID '00E2004717767068217BB201' -> Floor '8'
[2026-08-12 08:08:48] Status Updated: Floor '8'
[2026-08-12 08:08:49] Tag Change: ID '00E20047177A7068217BF201' -> Floor '9'
[2026-08-12 08:08:49] Tag Change: ID '00E200471744006821788B01' -> Floor '9'
[2026-08-12 08:08:49] Status Updated: Floor '9'
[2026-08-12 08:08:51] Tag Change: ID '002427031027000620240000' -> Floor 'Unknown'
[2026-08-12 08:08:52] Tag Change: ID '00E200471745C0682178A701' -> Floor '10'
[2026-08-12 08:09:05] Status Updated: Floor '10'
[2026-08-12 08:09:16] Tag Change: ID '00E200471897C068218DC701' -> Floor '5'
[2026-08-12 08:09:16] Status Updated: Floor '5'
[2026-08-12 08:09:18] Tag Change: ID '00E2004717A0C068217E5701' -> Floor '3'
[2026-08-12 08:09:19] Tag Change: ID '00E200471741406821785F01' -> Floor '2'
[2026-08-12 08:09:22] Status Updated: Floor '1'
[2026-08-12 08:09:25] Tag Change: ID '00E2004717A54068217E9F01' -> Floor '0'
[2026-08-12 08:09:26] Status Updated: Floor '0'
[2026-08-12 08:09:43] Tag Change: ID '00E200471736C0682177B701' -> Floor '-1'
[2026-08-12 08:09:48] Tag Change: ID '00E2004717AD8068217F2301' -> Floor '-2'
[2026-08-12 08:09:49] Status Updated: Floor '-2'
[2026-08-12 08:10:03] Tag Change: ID '00E2004717AC4068217F0F01' -> Floor '-1'
[2026-08-12 08:10:03] Tag flapping: suppressed 7 repeated tag-change log lines in the last 70s
[2026-08-12 08:10:05] Tag Change: ID '00E20047176CC068217B1701' -> Floor '1'
[2026-08-12 08:10:09] Tag Change: ID '00E2004718A58068218EA301' -> Floor '3'
[2026-08-12 08:10:10] Status Updated: Floor '3'
[2026-08-12 08:10:25] Tag Change: ID '00E200471768C068217AD701' -> Floor '1'
[2026-08-12 08:10:26] Status Updated: Floor '1'
[2026-08-12 08:10:27] Tag Change: ID '00E200471775B068217BA601' -> Floor '1'
[2026-08-12 08:10:29] Tag Change: ID '00E2004717A54068217E9F01' -> Floor '0'
[2026-08-12 08:10:31] Status Updated: Floor '0'
[2026-08-12 08:10:54] Status Updated: Floor '1'
[2026-08-12 08:11:08] Tag Change: ID '00E2004717A0C068217E5701' -> Floor '3'
[2026-08-12 08:11:08] Tag flapping: suppressed 6 repeated tag-change log lines in the last 61s
[2026-08-12 08:11:10] Tag Change: ID '00E2004718A58068218EA301' -> Floor '3'
[2026-08-12 08:11:11] Status Updated: Floor '3'
[2026-08-12 08:11:23] Tag Change: ID '00E20047175A80682179F301' -> Floor '4'
[2026-08-12 08:11:23] Status Updated: Floor '4'
[2026-08-12 08:11:25] Tag Change: ID '00E2004717684068217ACF01' -> Floor '5'
[2026-08-12 08:11:25] Tag Change: ID '00E200471777F068217BCA01' -> Floor 'Unknown'
[2026-08-12 08:11:25] Tag Change: ID '00E2004717688068217AD301' -> Floor '5'
[2026-08-12 08:11:26] Status Updated: Floor '5'
[2026-08-12 08:11:26] Tag Change: ID '00E2004717964068217DAF01' -> Floor '6'
[2026-08-12 08:11:29] Tag Change: ID '00E2004717638068217A8301' -> Floor '7'
[2026-08-12 08:11:29] Status Updated: Floor '7'
[2026-08-12 08:11:43] Tag Change: ID '00E2004717773068217BBE01' -> Floor '9'
[2026-08-12 08:11:44] Tag Change: ID '00E20047177A7068217BF201' -> Floor '9'
[2026-08-12 08:11:44] Status Updated: Floor '9'
[2026-08-12 08:11:44] Tag Change: ID '00E200471744006821' -> Floor 'Unknown'
[2026-08-12 08:11:45] Tag Change: ID '00E2004718C4B06821909601' -> Floor 'Unknown'
[2026-08-12 08:11:46] Tag Change: ID '002427031027000620240000' -> Floor 'Unknown'
[2026-08-12 08:11:47] Tag Change: ID '00E200471745C0682178A701' -> Floor '10'
[2026-08-12 08:11:49] Status Updated: Floor '10'
[2026-08-12 08:11:59] Tag Change: ID '00E20047174C806821791301' -> Floor '11'
[2026-08-12 08:12:00] Status Updated: Floor '11'
[2026-08-12 08:12:01] Tag Change: ID '00E200471753C06821798701' -> Floor '11'
[2026-08-12 08:12:16] Tag Change: ID '00E200471751806821796301' -> Floor '11'
[2026-08-12 08:12:27] Tag Change: ID '00E200471744006821788B01' -> Floor '9'
[2026-08-12 08:12:28] Status Updated: Floor '9'
[2026-08-12 08:12:32] Tag Change: ID '00E2004717767068217BB201' -> Floor '8'
[2026-08-12 08:12:34] Tag Change: ID '00E20047175CC068217A1701' -> Floor '6'
[2026-08-12 08:12:36] Tag Change: ID '00E2004717684068217ACF01' -> Floor '5'
[2026-08-12 08:12:36] Status Updated: Floor '5'
[2026-08-12 08:12:37] Tag Change: ID '00E20047175A80682179F301' -> Floor '4'
[2026-08-12 08:12:38] Tag Change: ID '00E2004717A0C068217E5701' -> Floor '3'
[2026-08-12 08:12:39] Status Updated: Floor '3'
[2026-08-12 08:12:40] Tag Change: ID '00E200471768C068217AD701' -> Floor '1'
[2026-08-12 08:12:42] Tag Change: ID '00E200471775B068217BA601' -> Floor '1'
[2026-08-12 08:12:42] Status Updated: Floor '1'
[2026-08-12 08:12:42] Tag Change: ID '00E2004717A54068217E9F01' -> Floor '0'
[2026-08-12 08:12:44] Status Updated: Floor '0'
[2026-08-12 08:13:02] Tag Change: ID '00E2004717A40068217E8B01' -> Floor '-1'
[2026-08-12 08:13:02] Tag flapping: suppressed 10 repeated tag-change log lines in the last 74s
[2026-08-12 08:13:06] Status Updated: Floor '-1'
[2026-08-12 08:13:23] Tag Change: ID '00E2004717AD8068217F2301' -> Floor '-2'
[2026-08-12 08:13:28] Status Updated: Floor '-2'
[2026-08-12 08:13:34] Tag Change: ID '00E2004707E05060270EE801' -> Floor '-3'
[2026-08-12 08:13:35] Tag Change: ID '00E2004707E01060270EE401' -> Floor '-3'
[2026-08-12 08:13:35] Status Updated: Floor '-3'
[2026-08-12 08:13:36] Tag Change: ID '00E2004707DF5060270ED801' -> Floor '-3'
[2026-08-12 08:13:46] Tag Change: ID '00E2004717A48068217E9301' -> Floor '-2'
[2026-08-12 08:14:20] Tag Change: ID '00E2004717AC4068217F0F01' -> Floor '-1'
[2026-08-12 08:14:21] Status Updated: Floor '-1'
[2026-08-12 08:14:22] Tag Change: ID '00E2004717A54068217E9F01' -> Floor '0'
[2026-08-12 08:14:22] Status Updated: Floor '0'
[2026-08-12 08:14:39] Tag flapping: suppressed 8 repeated tag-change log lines in the last 62s
[2026-08-12 08:14:46] Tag Change: ID '00E2004717AD8068217F2301' -> Floor '-2'
[2026-08-12 08:15:02] Tag Change: ID '00E2004707E01060270EE401' -> Floor '-3'
[2026-08-12 08:15:02] Tag Change: ID '00E2004707E05060270EE801' -> Floor '-3'
[2026-08-12 08:15:03] Status Updated: Floor '-3'
[2026-08-12 08:15:05] Tag Change: ID '00E2004707DF5060270ED801' -> Floor '-3'
[2026-08-12 08:15:18] Tag Change: ID '00E2004717A9C068217EE701' -> Floor '-2'
[2026-08-12 08:15:21] Tag Change: ID '00E2004717A00068217E4B01' -> Floor '-1'
[2026-08-12 08:15:23] Tag Change: ID '00E2004717AC4068217F0F01' -> Floor '-1'
[2026-08-12 08:15:23] Status Updated: Floor '-1'
[2026-08-12 08:15:25] Tag Change: ID '00E2004717A54068217E9F01' -> Floor '0'
[2026-08-12 08:15:25] Status Updated: Floor '0'
[2026-08-12 08:15:47] Tag Change: ID '00E200471775B068217BA601' -> Floor '1'
[2026-08-12 08:15:48] Status Updated: Floor '1'
[2026-08-12 08:15:49] Tag Change: ID '00E20047176CC068217B1701' -> Floor '1'
[2026-08-12 08:15:49] Tag Change: ID '00E200471768C068217AD701' -> Floor '1'
[2026-08-12 08:15:51] Tag Change: ID '00E20047175A40682179EF01' -> Floor '2'
[2026-08-12 08:15:54] Tag Change: ID '00E20047179C4068217E0F01' -> Floor '2'
[2026-08-12 08:15:54] Status Updated: Floor '2'
[2026-08-12 08:16:02] Tag Change: ID '00E2004717A0C068217E5701' -> Floor '3'
[2026-08-12 08:16:03] Tag Change: ID '00E2004717A7C068217EC701' -> Floor '3'
[2026-08-12 08:16:03] Tag flapping: suppressed 10 repeated tag-change log lines in the last 60s
[2026-08-12 08:16:04] Status Updated: Floor '3'
[2026-08-12 08:16:05] Tag Change: ID '00E200471897C068218DC701' -> Floor '5'
[2026-08-12 08:16:06] Status Updated: Floor '5'
[2026-08-12 08:16:07] Tag Change: ID '00E2004717684068217ACF01' -> Floor '5'
[2026-08-12 08:16:08] Tag Change: ID '00E2004717688068217AD301' -> Floor '5'
[2026-08-12 08:16:20] Tag Change: ID '00E20047175CC068217A1701' -> Floor '6'
[2026-08-12 08:16:21] Tag Change: ID '00E2004717964068217DAF01' -> Floor '6'
[2026-08-12 08:16:21] Status Updated: Floor '6'
[2026-08-12 08:16:34] Tag Change: ID '00E20047175F4068217A3F01' -> Floor '7'
[2026-08-12 08:16:35] Tag Change: ID '00E2004717638068217A8301' -> Floor '7'
[2026-08-12 08:16:36] Status Updated: Floor '7'
[2026-08-12 08:16:51] Tag Change: ID '00E20047177A7068217BF201' -> Floor '9'
[2026-08-12 08:16:51] Status Updated: Floor '9'
[2026-08-12 08:16:52] Tag Change: ID '00E200471744006821788B01' -> Floor '9'
[2026-08-12 08:17:05] Tag Change: ID '00E20047174880682178D301' -> Floor '10'
[2026-08-12 08:17:06] Tag Change: ID '002427031027000620240000' -> Floor 'Unknown'
[2026-08-12 08:17:06] Tag Change: ID '00E200471745C0682178A701' -> Floor '10'
[2026-08-12 08:17:07] Status Updated: Floor '10'
[2026-08-12 08:17:24] Status Updated: Floor '9'
[2026-08-12 08:17:24] Tag Change: ID '00E2004717773068217BBE01' -> Floor '9'
[2026-08-12 08:17:26] Tag Change: ID '00E2004717767068217BB201' -> Floor '8'
[2026-08-12 08:17:27] Status Updated: Floor '8'
[2026-08-12 08:17:41] Tag Change: ID '00E20047177A3068217BEE01' -> Floor '8'
[2026-08-12 08:17:42] Tag Change: ID '00E20047175F4068217A3F01' -> Floor '7'
[2026-08-12 08:17:42] Tag Change: ID '00E2004717A60068217EAB01' -> Floor '7'
[2026-08-12 08:17:42] Status Updated: Floor '7'
[2026-08-12 08:17:43] Tag Change: ID '00E20047175CC068217A1701' -> Floor '6'
[2026-08-12 08:17:44] Tag Change: ID '00E200471777F068217BCA01' -> Floor 'Unknown'
[2026-08-12 08:17:45] Tag Change: ID '00E2004717688068217AD301' -> Floor '5'
[2026-08-12 08:17:46] Status Updated: Floor '5'
[2026-08-12 08:17:59] Tag Change: ID '00E200471897C068218DC701' -> Floor '5'
[2026-08-12 08:18:02] Tag Change: ID '00E20047189E4068218E2F01' -> Floor '4'
[2026-08-12 08:18:03] Status Updated: Floor '4'
[2026-08-12 08:18:18] Tag Change: ID '00E2004718A58068218EA301' -> Floor '3'
[2026-08-12 08:18:18] Tag flapping: suppressed 7 repeated tag-change log lines in the last 70s
[2026-08-12 08:18:18] Status Updated: Floor '3'
[2026-08-12 08:18:38] Tag Change: ID '00E2004717A0C068217E5701' -> Floor '3'
[2026-08-12 08:18:40] Tag Change: ID '00E20047179C4068217E0F01' -> Floor '2'
[2026-08-12 08:18:48] Status Updated: Floor '2'
[2026-08-12 08:18:52] Tag Change: ID '00E20047175A40682179EF01' -> Floor '2'
[2026-08-12 08:18:54] Tag Change: ID '00E200471768C068217AD701' -> Floor '1'
[2026-08-12 08:18:55] Status Updated: Floor '1'
[2026-08-12 08:18:58] Tag Change: ID '00E20047176CC068217B1701' -> Floor '1'
[2026-08-12 08:19:12] Tag Change: ID '00E2004717A54068217E9F01' -> Floor '0'
[2026-08-12 08:19:12] Status Updated: Floor '0'
[2026-08-12 08:19:38] Tag Change: ID '00E2004717A40068217E8B01' -> Floor '-1'
[2026-08-12 08:19:40] Status Updated: Floor '-1'
[2026-08-12 08:19:48] Tag Change: ID '00E2004717AD8068217F2301' -> Floor '-2'
[2026-08-12 08:19:50] Status Updated: Floor '-2'
[2026-08-12 08:20:28] Tag Change: ID '00E2004717A54068217E9F01' -> Floor '0'
[2026-08-12 08:20:28] Tag flapping: suppressed 3 repeated tag-change log lines in the last 90s
[2026-08-12 08:20:28] Tag Change: ID '00E200471775B068217BA601' -> Floor '1'
[2026-08-12 08:20:30] Tag Change: ID '00E200471768C068217AD701' -> Floor '1'
[2026-08-12 08:20:31] Status Updated: Floor '1'
[2026-08-12 08:20:33] Tag Change: ID '00E2004718A2C068218E7701' -> Floor '4'
[2026-08-12 08:20:38] Status Updated: Floor '4'
[2026-08-12 08:20:40] Tag Change: ID '00E2004717964068217DAF01' -> Floor '6'
[2026-08-12 08:20:41] Status Updated: Floor '6'
[2026-08-12 08:20:53] Tag Change: ID '00E2004717688068217AD301' -> Floor '5'
[2026-08-12 08:20:54] Status Updated: Floor '5'
[2026-08-12 08:20:58] Tag Change: ID '00E2004717684068217ACF01' -> Floor '5'
[2026-08-12 08:21:14] Tag Change: ID '00E20047175A80682179F301' -> Floor '4'
[2026-08-12 08:21:15] Status Updated: Floor '4'
[2026-08-12 08:21:15] Tag Change: ID '00E2004718A58068218EA301' -> Floor '3'
[2026-08-12 08:21:16] Status Updated: Floor '3'
[2026-08-12 08:21:31] Tag Change: ID '00E2004717A7C068217EC701' -> Floor '3'
[2026-08-12 08:21:38] Tag Change: ID '00E2004717A54068217E9F01' -> Floor '0'
[2026-08-12 08:21:38] Status Updated: Floor '0'
[2026-08-12 08:21:50] Tag Change: ID '00E2004717AC4068217F0F01' -> Floor '-1'
[2026-08-12 08:21:51] Status Updated: Floor '-1'
[2026-08-12 08:21:54] Tag Change: ID '00E2004717A40068217E8B01' -> Floor '-1'
[2026-08-12 08:22:20] Tag Change: ID '00E2004717AD8068217F2301' -> Floor '-2'
[2026-08-12 08:22:20] Tag flapping: suppressed 1 repeated tag-change log lines in the last 81s
[2026-08-12 08:22:21] Status Updated: Floor '-2'
[2026-08-12 08:22:36] Tag Change: ID '00E2004707E01060270EE401' -> Floor '-3'
[2026-08-12 08:22:37] Tag Change: ID '00E2004707E05060270EE801' -> Floor '-3'
[2026-08-12 08:22:37] Status Updated: Floor '-3'
[2026-08-12 08:22:47] Tag Change: ID '00E2004707DF5060270ED801' -> Floor '-3'
[2026-08-12 08:22:48] Tag Change: ID '00E2004717A48068217E9301' -> Floor '-2'
[2026-08-12 08:23:00] Tag Change: ID '00E2004717A40068217E8B01' -> Floor '-1'
[2026-08-12 08:23:04] Status Updated: Floor '-1'
[2026-08-12 08:23:11] Tag Change: ID '00E20047176CC068217B1701' -> Floor '1'
[2026-08-12 08:23:12] Tag Change: ID '00E200471768C068217AD701' -> Floor '1'
[2026-08-12 08:23:13] Status Updated: Floor '1'
[2026-08-12 08:23:28] Tag Change: ID '00E2004717A0C068217E5701' -> Floor '3'
[2026-08-12 08:23:28] Status Updated: Floor '3'
[2026-08-12 08:23:29] Tag Change: ID '00E2004718A58068218EA301' -> Floor '3'
[2026-08-12 08:23:32] Tag Change: ID '00E2004717964068217DAF01' -> Floor '6'
[2026-08-12 08:23:34] Tag Change: ID '00E2004717773068217BBE01' -> Floor '9'
[2026-08-12 08:23:34] Status Updated: Floor '9'
[2026-08-12 08:23:36] Tag Change: ID '00E2004718C4B06821909601' -> Floor 'Unknown'
[2026-08-12 08:23:36] Tag Change: ID '00E20047174880682178D301' -> Floor '10'
[2026-08-12 08:23:37] Tag Change: ID '002427031027000620240000' -> Floor 'Unknown'
[2026-08-12 08:23:39] Tag Change: ID '00E200471745C0682178A701' -> Floor '10'
[2026-08-12 08:23:39] Status Updated: Floor '10'
[2026-08-12 08:23:39] Tag Change: ID '0024' -> Floor 'Unknown'
[2026-08-12 08:23:51] Tag flapping: suppressed 8 repeated tag-change log lines in the last 69s
[2026-08-12 08:23:55] Status Updated: Floor '9'
[2026-08-12 08:23:55] Tag Change: ID '00E2004717767068217BB201' -> Floor '8'
[2026-08-12 08:23:56] Status Updated: Floor '8'
[2026-08-12 08:24:17] Status Updated: Floor '6'
[2026-08-12 08:24:29] Tag Change: ID '00E200471777F068217BCA01' -> Floor 'Unknown'
[2026-08-12 08:24:31] Tag Change: ID '00E2004717684068217ACF01' -> Floor '5'
[2026-08-12 08:24:31] Tag Change: ID '00E2004717688068217AD301' -> Floor '5'
[2026-08-12 08:24:31] Status Updated: Floor '5'
[2026-08-12 08:24:49] Tag Change: ID '00E20047189E4068218E2F01' -> Floor '4'
[2026-08-12 08:24:50] Status Updated: Floor '4'
[2026-08-12 08:25:05] Tag Change: ID '00E2004718A58068218EA301' -> Floor '3'
[2026-08-12 08:25:05] Tag flapping: suppressed 3 repeated tag-change log lines in the last 70s
[2026-08-12 08:25:06] Tag Change: ID '00E20047175A40682179EF01' -> Floor '2'
[2026-08-12 08:25:09] Tag Change: ID '00E200471775B068217BA601' -> Floor '1'
[2026-08-12 08:25:10] Status Updated: Floor '1'
[2026-08-12 08:25:11] Tag Change: ID '00E2004717A54068217E9F01' -> Floor '0'
[2026-08-12 08:25:13] Status Updated: Floor '0'
[2026-08-12 08:25:35] Tag Change: ID '00E2004717AC4068217F0F01' -> Floor '-1'
[2026-08-12 08:25:38] Tag Change: ID '00E2004717A00068217E4B01' -> Floor '-1'
[2026-08-12 08:25:38] Status Updated: Floor '-1'
[2026-08-12 08:25:39] Tag Change: ID '00E2004717A40068217E8B01' -> Floor '-1'
[2026-08-12 08:26:04] Tag Change: ID '00E2004717AD8068217F2301' -> Floor '-2'
[2026-08-12 08:26:07] Status Updated: Floor '-2'
[2026-08-12 08:26:21] Tag Change: ID '00E2004717A54068217E9F01' -> Floor '0'
[2026-08-12 08:26:25] Tag Change: ID '00E2004717A7C068217EC701' -> Floor '3'
[2026-08-12 08:26:27] Status Updated: Floor '3'
[2026-08-12 08:26:27] Tag Change: ID '00E200471897C068218DC701' -> Floor '5'
[2026-08-12 08:26:28] Tag Change: ID '00E2004717688068217AD301' -> Floor '5'
[2026-08-12 08:26:28] Status Updated: Floor '5'
[2026-08-12 08:26:28] Tag Change: ID '00E20047175CC068217A1701' -> Floor '6'
[2026-08-12 08:26:28] Tag Change: ID '00E2004717964068217DAF01' -> Floor '6'
[2026-08-12 08:26:29] Status Updated: Floor '6'
[2026-08-12 08:26:29] Tag Change: ID '00E20047175F4068217A3F01' -> Floor '7'
[2026-08-12 08:26:30] Tag Change: ID '00E2004717638068217A8301' -> Floor '7'
[2026-08-12 08:26:30] Status Updated: Floor '7'
[2026-08-12 08:26:33] Tag Change: ID '00E2004717767068217BB201' -> Floor '8'
[2026-08-12 08:26:40] Status Updated: Floor '8'
[2026-08-12 08:26:49] Tag Change: ID '00E20047177A3068217BEE01' -> Floor '8'
[2026-08-12 08:26:51] Status Updated: Floor '7'
[2026-08-12 08:27:17] Tag Change: ID '00E2004718A58068218EA301' -> Floor '3'
[2026-08-12 08:27:18] Status Updated: Floor '3'
[2026-08-12 08:27:30] Tag Change: ID '00E2004717A7C068217EC701' -> Floor '3'
[2026-08-12 08:27:31] Tag Change: ID '00E200471741406821785F01' -> Floor '2'
[2026-08-12 08:27:34] Tag Change: ID '00E200471775B068217BA601' -> Floor '1'
[2026-08-12 08:27:34] Status Updated: Floor '1'
[2026-08-12 08:27:35] Tag Change: ID '00E2004717A54068217E9F01' -> Floor '0'
[2026-08-12 08:27:36] Status Updated: Floor '0'
[2026-08-12 08:27:48] Tag Change: ID '00E2004717AC4068217F0F01' -> Floor '-1'
[2026-08-12 08:27:50] Tag Change: ID '00E200471736C0682177B701' -> Floor '-1'
[2026-08-12 08:27:50] Status Updated: Floor '-1'
[2026-08-12 08:28:00] Tag Change: ID '00E2004717A40068217E8B01' -> Floor '-1'
[2026-08-12 08:28:00] Tag flapping: suppressed 3 repeated tag-change log lines in the last 68s
[2026-08-12 08:28:08] Tag Change: ID '00E2004717AD8068217F2301' -> Floor '-2'
[2026-08-12 08:28:13] Status Updated: Floor '-2'
[2026-08-12 08:29:04] Tag Change: ID '00E2004717A54068217E9F01' -> Floor '0'
[2026-08-12 08:29:05] Status Updated: Floor '0'
[2026-08-12 08:29:17] Tag Change: ID '00E200471775B068217BA601' -> Floor '1'
[2026-08-12 08:29:19] Tag Change: ID '00E200471768C068217AD701' -> Floor '1'
[2026-08-12 08:29:20] Status Updated: Floor '1'
[2026-08-12 08:29:24] Tag Change: ID '00E20047179C4068217E0F01' -> Floor '2'
[2026-08-12 08:29:28] Status Updated: Floor '2'
[2026-08-12 08:29:32] Tag Change: ID '00E2004717A0C068217E5701' -> Floor '3'
[2026-08-12 08:29:33] Status Updated: Floor '3'
[2026-08-12 08:29:34] Tag Change: ID '00E2004718A58068218EA301' -> Floor '3'
[2026-08-12 08:29:35] Tag Change: ID '00E200471897C068218DC701' -> Floor '5'
[2026-08-12 08:29:36] Status Updated: Floor '5'
[2026-08-12 08:29:37] Tag Change: ID '00E20047175CC068217A1701' -> Floor '6'
[2026-08-12 08:29:38] Tag Change: ID '00E2004717638068217A8301' -> Floor '7'
[2026-08-12 08:29:39] Tag Change: ID '00E2004717710068217B5B00' -> Floor '8'
[2026-08-12 08:29:39] Tag Change: ID '00E2004717767068217BB201' -> Floor '8'
[2026-08-12 08:29:39] Tag flapping: suppressed 1 repeated tag-change log lines in the last 60s
[2026-08-12 08:29:40] Status Updated: Floor '8'
[2026-08-12 08:29:42] Tag Change: ID '00E200471744006821788B01' -> Floor '9'
[2026-08-12 08:29:43] Status Updated: Floor '9'
[2026-08-12 08:29:55] Tag Change: ID '00E2004718C4B06821909601' -> Floor 'Unknown'
[2026-08-12 08:29:56] Tag Change: ID '00E20047174880682178D301' -> Floor '10'
[2026-08-12 08:29:56] Status Updated: Floor '10'
[2026-08-12 08:29:57] Tag Change: ID '00E200471751806821796301' -> Floor '11'
[2026-08-12 08:29:58] Status Updated: Floor '11'
[2026-08-12 08:29:59] Tag Change: ID '00E200471753C06821798701' -> Floor '11'
[2026-08-12 08:30:24] Tag Change: ID '00E20047177A7068217BF201' -> Floor '9'
[2026-08-12 08:30:28] Tag Change: ID '00E2004717964068217DAF01' -> Floor '6'
[2026-08-12 08:30:28] Status Updated: Floor '6'
[2026-08-12 08:30:47] Tag Change: ID '00E2004717688068217AD301' -> Floor '5'
[2026-08-12 08:30:48] Status Updated: Floor '5'
[2026-08-12 08:30:51] Tag Change: ID '00E2004717684068217ACF01' -> Floor '5'
[2026-08-12 08:31:03] Tag Change: ID '00E2004718A58068218EA301' -> Floor '3'
[2026-08-12 08:31:04] Tag Change: ID '00E2004717A0C068217E5701' -> Floor '3'
[2026-08-12 08:31:04] Status Updated: Floor '3'
[2026-08-12 08:31:05] Tag Change: ID '00E200471741406821785F01' -> Floor '2'
[2026-08-12 08:31:06] Tag Change: ID '00E200471768C068217AD701' -> Floor '1'
[2026-08-12 08:31:12] Status Updated: Floor '1'
[2026-08-12 08:31:13] Tag Change: ID '00E20047176CC068217B1701' -> Floor '1'
[2026-08-12 08:31:20] Tag Change: ID '00E200471775B068217BA601' -> Floor '1'
[2026-08-12 08:31:22] Tag Change: ID '00E2004717A54068217E9F01' -> Floor '0'
[2026-08-12 08:31:22] Tag flapping: suppressed 7 repeated tag-change log lines in the last 60s
[2026-08-12 08:31:27] Status Updated: Floor '0'
[2026-08-12 08:31:36] Tag Change: ID '00E2004717AC4068217F0F01' -> Floor '-1'
[2026-08-12 08:31:37] Status Updated: Floor '-1'
[2026-08-12 08:31:37] Tag Change: ID '00E200471736C0682177B701' -> Floor '-1'
[2026-08-12 08:31:44] Tag Change: ID '00E2004717AD8068217F2301' -> Floor '-2'
[2026-08-12 08:31:53] Status Updated: Floor '-2'
[2026-08-12 08:32:02] Tag Change: ID '00E2004717A40068217E8B01' -> Floor '-1'
[2026-08-12 08:32:06] Status Updated: Floor '-1'
[2026-08-12 08:32:21] Status Updated: Floor '0'
[2026-08-12 08:32:39] Tag Change: ID '00E20047176CC068217B1701' -> Floor '1'
[2026-08-12 08:32:39] Status Updated: Floor '1'
[2026-08-12 08:32:40] Tag Change: ID '00E2004717A0C068217E5701' -> Floor '3'
[2026-08-12 08:32:41] Status Updated: Floor '3'
[2026-08-12 08:32:41] Tag Change: ID '00E2004718A58068218EA301' -> Floor '3'
[2026-08-12 08:32:42] Tag Change: ID '00E2004718A2C068218E7701' -> Floor '4'
[2026-08-12 08:32:44] Tag Change: ID '00E20047175CC068217A1701' -> Floor '6'
[2026-08-12 08:32:44] Tag Change: ID '00E2004717964068217DAF01' -> Floor '6'
[2026-08-12 08:32:45] Status Updated: Floor '6'
[2026-08-12 08:32:48] Tag Change: ID '00E2004717638068217A8301' -> Floor '7'
[2026-08-12 08:32:48] Status Updated: Floor '7'
[2026-08-12 08:33:02] Tag Change: ID '00E20047177A3068217BEE01' -> Floor '8'
[2026-08-12 08:33:02] Status Updated: Floor '8'
[2026-08-12 08:33:03] Tag Change: ID '00E2004717767068217BB201' -> Floor '8'
[2026-08-12 08:33:06] Tag Change: ID '00E200471744006821788B01' -> Floor '9'
[2026-08-12 08:33:06] Status Updated: Floor '9'
[2026-08-12 08:33:21] Tag Change: ID '00E200471745C0682178A701' -> Floor '10'
[2026-08-12 08:33:21] Tag flapping: suppressed 2 repeated tag-change log lines in the last 62s
[2026-08-12 08:33:22] Tag Change: ID '002427031027000620240000' -> Floor 'Unknown'
[2026-08-12 08:33:22] Tag Change: ID '00E20047174C806821791301' -> Floor '11'
[2026-08-12 08:33:22] Status Updated: Floor '11'
[2026-08-12 08:33:23] Tag Change: ID '00E200471751806821796301' -> Floor '11'
[2026-08-12 08:33:24] Tag Change: ID '00E200471753C06821798701' -> Floor '11'
[2026-08-12 08:33:45] Status Updated: Floor '9'
[2026-08-12 08:33:56] Tag Change: ID '00E20047177A7068217BF201' -> Floor '9'
[2026-08-12 08:33:59] Status Updated: Floor '8'
[2026-08-12 08:34:00] Tag Change: ID '00E2004717638068217A8301' -> Floor '7'
[2026-08-12 08:34:00] Status Updated: Floor '7'
[2026-08-12 08:34:20] Tag Change: ID '00E2004717A60068217EAB01' -> Floor '7'
[2026-08-12 08:34:21] Tag Change: ID '00E20047175CC068217A1701' -> Floor '6'
[2026-08-12 08:34:22] Tag Change: ID '00E200471777F068217BCA01' -> Floor 'Unknown'
[2026-08-12 08:34:24] Tag Change: ID '00E2004717688068217AD301' -> Floor '5'
[2026-08-12 08:34:25] Status Updated: Floor '5'
[2026-08-12 08:34:28] Tag Change: ID '00E2004717684068217ACF01' -> Floor '5'
[2026-08-12 08:34:41] Tag flapping: suppressed 6 repeated tag-change log lines in the last 61s
[2026-08-12 08:34:47] Tag Change: ID '00E20047189E4068218E2F01' -> Floor '4'
[2026-08-12 08:34:49] Status Updated: Floor '4'
[2026-08-12 08:35:11] Tag Change: ID '00E2004718A58068218EA301' -> Floor '3'
[2026-08-12 08:35:12] Tag Change: ID '00E2004717A0C068217E5701' -> Floor '3'
[2026-08-12 08:35:12] Status Updated: Floor '3'
[2026-08-12 08:35:13] Tag Change: ID '00E20047175A40682179EF01' -> Floor '2'
[2026-08-12 08:35:13] Tag Change: ID '00E200471741406821785F01' -> Floor '2'
[2026-08-12 08:35:13] Status Updated: Floor '2'
[2026-08-12 08:35:15] Tag Change: ID '00E2004717A54068217E9F01' -> Floor '0'
[2026-08-12 08:35:16] Tag Change: ID '00E200471736C0682177B701' -> Floor '-1'
[2026-08-12 08:35:17] Status Updated: Floor '-1'
[2026-08-12 08:35:19] Tag Change: ID '00E2004717A40068217E8B01' -> Floor '-1'
[2026-08-12 08:35:36] Tag Change: ID '00E2004717AD8068217F2301' -> Floor '-2'
[2026-08-12 08:35:43] Status Updated: Floor '-2'
[2026-08-12 08:36:02] Tag Change: ID '00E2004707E01060270EE401' -> Floor '-3'
[2026-08-12 08:36:02] Tag flapping: suppressed 2 repeated tag-change log lines in the last 80s
[2026-08-12 08:36:02] Tag Change: ID '00E2004707DF5060270ED801' -> Floor '-3'
[2026-08-12 08:36:03] Status Updated: Floor '-3'
[2026-08-12 08:36:04] Tag Change: ID '00E2004707E05060270EE801' -> Floor '-3'
[2026-08-12 08:36:26] Tag Change: ID '00E2004717A54068217E9F01' -> Floor '0'
[2026-08-12 08:36:26] Status Updated: Floor '0'
[2026-08-12 08:36:38] Tag Change: ID '00E20047176CC068217B1701' -> Floor '1'
[2026-08-12 08:36:40] Tag Change: ID '00E200471768C068217AD701' -> Floor '1'
[2026-08-12 08:36:45] Status Updated: Floor '1'
[2026-08-12 08:36:57] Tag Change: ID '00E2004718A58068218EA301' -> Floor '3'
[2026-08-12 08:36:58] Tag Change: ID '00E2004717684068217ACF01' -> Floor '5'
[2026-08-12 08:37:02] Tag Change: ID '00E2004717638068217A8301' -> Floor '7'
[2026-08-12 08:37:03] Status Updated: Floor '7'
[2026-08-12 08:37:18] Tag Change: ID '00E2004717773068217BBE01' -> Floor '9'
[2026-08-12 08:37:18] Tag flapping: suppressed 9 repeated tag-change log lines in the last 74s
[2026-08-12 08:37:18] Status Updated: Floor '9'
[2026-08-12 08:37:18] Tag Change: ID '00E20047177A7068217BF201' -> Floor '9'
[2026-08-12 08:37:20] Tag Change: ID '00E200471744006821788B01' -> Floor '9'
[2026-08-12 08:37:36] Tag Change: ID '00E2004717688068217AD301' -> Floor '5'
[2026-08-12 08:37:37] Status Updated: Floor '5'
[2026-08-12 08:37:38] Tag Change: ID '00E200471897C068218DC701' -> Floor '5'
[2026-08-12 08:37:41] Tag Change: ID '00E20047189E4068218E2F01' -> Floor '4'
[2026-08-12 08:37:43] Status Updated: Floor '4'
[2026-08-12 08:37:57] Tag Change: ID '00E20047179C4068217E0F01' -> Floor '2'
[2026-08-12 08:38:00] Tag Change: ID '00E200471775B068217BA601' -> Floor '1'
[2026-08-12 08:38:02] Tag Change: ID '00E200471736C0682177B701' -> Floor '-1'
[2026-08-12 08:38:23] Tag Change: ID '00E2004717AD8068217F2301' -> Floor '-2'
[2026-08-12 08:38:26] Status Updated: Floor '-2'
[2026-08-12 08:38:49] Tag Change: ID '00E2004717A0C068217E5701' -> Floor '3'
[2026-08-12 08:38:50] Tag Change: ID '00E20047175A80682179F301' -> Floor '4'
[2026-08-12 08:38:51] Tag Change: ID '00E200471897C068218DC701' -> Floor '5'
[2026-08-12 08:38:51] Tag Change: ID '00E2004717684068217ACF01' -> Floor '5'
[2026-08-12 08:38:52] Status Updated: Floor '5'
[2026-08-12 08:38:52] Tag Change: ID '00E200471777F068217BCA' -> Floor 'Unknown'
[2026-08-12 08:38:53] Tag Change: ID '00E20047175CC068217A1701' -> Floor '6'
[2026-08-12 08:38:54] Tag Change: ID '00E2004717964068217DAF01' -> Floor '6'
[2026-08-12 08:38:54] Status Updated: Floor '6'
[2026-08-12 08:39:10] Tag flapping: suppressed 3 repeated tag-change log lines in the last 73s
[2026-08-12 08:39:12] Tag Change: ID '00E20047189E4068218E2F01' -> Floor '4'
[2026-08-12 08:39:12] Tag Change: ID '00E2004718A2C068218E7701' -> Floor '4'
[2026-08-12 08:39:13] Status Updated: Floor '4'
[2026-08-12 08:39:13] Tag Change: ID '00E2004718A58068218EA301' -> Floor '3'
[2026-08-12 08:39:13] Status Updated: Floor '3'
[2026-08-12 08:39:13] Tag Change: ID '00E2004717A7C068217EC701' -> Floor '3'
[2026-08-12 08:39:14] Tag Change: ID '00E20047175A40682179EF01' -> Floor '2'
[2026-08-12 08:39:16] Tag Change: ID '00E200471775B068217BA601' -> Floor '1'
[2026-08-12 08:39:17] Tag Change: ID '00E2004717A54068217E9F01' -> Floor '0'
[2026-08-12 08:39:26] Tag Change: ID '00E2004717AD8068217F2301' -> Floor '-2'
[2026-08-12 08:39:33] Status Updated: Floor '-2'
[2026-08-12 08:39:47] Status Updated: Floor '0'
[2026-08-12 08:40:00] Status Updated: Floor '1'
[2026-08-12 08:40:03] Tag Change: ID '00E200471768C068217AD701' -> Floor '1'
[2026-08-12 08:40:03] Tag Change: ID '3400E200471768C068217AD7' -> Floor 'Unknown'
[2026-08-12 08:40:06] Tag Change: ID '00E20047176CC068217B1701' -> Floor '1'
[2026-08-12 08:40:18] Tag Change: ID '00E20047179C4068217E0F01' -> Floor '2'
[2026-08-12 08:40:22] Status Updated: Floor '2'
[2026-08-12 08:40:31] Tag Change: ID '00E2004717A0C068217E5701' -> Floor '3'
[2026-08-12 08:40:31] Status Updated: Floor '3'
[2026-08-12 08:40:32] Tag Change: ID '00E2004717A7C068217EC701' -> Floor '3'
[2026-08-12 08:40:35] Tag Change: ID '00E20047189E4068218E2F01' -> Floor '4'
[2026-08-12 08:40:39] Status Updated: Floor '4'
[2026-08-12 08:40:52] Tag Change: ID '00E20047175A80682179F301' -> Floor '4'
[2026-08-12 08:40:52] Tag flapping: suppressed 4 repeated tag-change log lines in the last 66s
[2026-08-12 08:40:52] Tag Change: ID '00E2004718A58068218EA301' -> Floor '3'
[2026-08-12 08:40:56] Tag Change: ID '00E200471775B068217BA601' -> Floor '1'
[2026-08-12 08:40:56] Status Updated: Floor '1'
[2026-08-12 08:40:56] Tag Change: ID '00E2004717A54068217E9F01' -> Floor '0'
[2026-08-12 08:41:11] Tag Change: ID '00E2004717AD8068217F2301' -> Floor '-2'
[2026-08-12 08:41:21] Status Updated: Floor '-2'
[2026-08-12 08:41:24] Tag Change: ID '00E200471736C0682177B701' -> Floor '-1'
[2026-08-12 08:41:25] Tag Change: ID '00E2004717AC4068217F0F01' -> Floor '-1'
[2026-08-12 08:41:26] Status Updated: Floor '-1'
[2026-08-12 08:41:27] Status Updated: Floor '1'
[2026-08-12 08:41:27] Tag Change: ID '00E20047176CC068217B1701' -> Floor '1'
[2026-08-12 08:41:28] Tag Change: ID '00E200471768C068217AD701' -> Floor '1'
[2026-08-12 08:41:28] Tag Change: ID '00E200471741406821785F01' -> Floor '2'
[2026-08-12 08:41:33] Status Updated: Floor '4'
[2026-08-12 08:41:50] Tag Change: ID '00E2004717A0C068217E5701' -> Floor '3'
[2026-08-12 08:41:53] Status Updated: Floor '1'
[2026-08-12 08:42:02] Tag flapping: suppressed 8 repeated tag-change log lines in the last 67s
[2026-08-12 08:42:03] Status Updated: Floor '-2'
[2026-08-12 08:42:18] Tag Change: ID '00E2004717A54068217E9F01' -> Floor '0'
[2026-08-12 08:42:20] Status Updated: Floor '0'
[2026-08-12 08:42:36] Tag Change: ID '00E200471775B068217BA601' -> Floor '1'
[2026-08-12 08:42:37] Tag Change: ID '00E20047176CC068217B1701' -> Floor '1'
[2026-08-12 08:42:38] Status Updated: Floor '1'
[2026-08-12 08:42:38] Tag Change: ID '00E200471768C068217AD701' -> Floor '1'
[2026-08-12 08:42:39] Tag Change: ID '00E20047175A40682179EF01' -> Floor '2'
[2026-08-12 08:42:41] Tag Change: ID '00E20047179C4068217E0F01' -> Floor '2'
[2026-08-12 08:42:41] Status Updated: Floor '2'
[2026-08-12 08:42:53] Tag Change: ID '00E2004717A0C068217E5701' -> Floor '3'
[2026-08-12 08:42:53] Status Updated: Floor '3'
[2026-08-12 08:42:55] Tag Change: ID '00E2004718A58068218EA301' -> Floor '3'
[2026-08-12 08:43:13] Tag Change: ID '00E20047175CC068217A1701' -> Floor '6'
[2026-08-12 08:43:28] Tag Change: ID '00E20047177A3068217BEE01' -> Floor '8'
[2026-08-12 08:43:29] Status Updated: Floor '8'
[2026-08-12 08:43:31] Tag Change: ID '00E200471745C0682178A701' -> Floor '10'
[2026-08-12 08:43:31] Tag Change: ID '00E20047174C806821791301' -> Floor '11'
[2026-08-12 08:43:32] Tag Change: ID '00E200471751806821796301' -> Floor '11'
[2026-08-12 08:43:32] Status Updated: Floor '11'
[2026-08-12 08:43:33] Tag Change: ID '00E200471753C06821798701' -> Floor '11'
[2026-08-12 08:43:51] Tag Change: ID '002427031027000620240000' -> Floor 'Unknown'
[2026-08-12 08:43:51] Tag Change: ID '00E20047174880682178D301' -> Floor '10'
[2026-08-12 08:43:52] Status Updated: Floor '10'
[2026-08-12 08:43:52] Tag Change: ID '00E200471744006821788B01' -> Floor '9'
[2026-08-12 08:43:54] Status Updated: Floor '9'
[2026-08-12 08:43:55] Tag Change: ID '00E2004717964068217DAF01' -> Floor '6'
[2026-08-12 08:43:59] Tag Change: ID '00E2004717688068217AD301' -> Floor '5'
[2026-08-12 08:43:59] Status Updated: Floor '5'
[2026-08-12 08:44:19] Tag Change: ID '00E20047176CC068217B1701' -> Floor '1'
[2026-08-12 08:44:20] Tag Change: ID '00E200471775B068217BA601' -> Floor '1'
[2026-08-12 08:44:22] Status Updated: Floor '1'
[2026-08-12 08:44:22] Tag Change: ID '00E200471736C0682177B701' -> Floor '-1'
[2026-08-12 08:44:28] Tag Change: ID '00E2004717AD8068217F2301' -> Floor '-2'
[2026-08-12 08:44:30] Status Updated: Floor '-2'
[2026-08-12 08:45:02] Tag Change: ID '00E2004717A00068217E4B01' -> Floor '-1'
[2026-08-12 08:45:02] Tag flapping: suppressed 2 repeated tag-change log lines in the last 71s
[2026-08-12 08:45:06] Tag Change: ID '00E200471768C068217AD701' -> Floor '1'
[2026-08-12 08:45:06] Status Updated: Floor '1'
[2026-08-12 08:45:06] Tag Change: ID '00E20047175A40682179EF01' -> Floor '2'
[2026-08-12 08:45:07] Tag Change: ID '00E2004717A0C068217E5701' -> Floor '3'
[2026-08-12 08:45:08] Tag Change: ID '00E2004717A7C068217EC701' -> Floor '3'
[2026-08-12 08:45:08] Status Updated: Floor '3'
[2026-08-12 08:45:10] Tag Change: ID '00E2004718A58068218EA301' -> Floor '3'
[2026-08-12 08:45:22] Tag Change: ID '00E20047175A80682179F301' -> Floor '4'
[2026-08-12 08:45:23] Tag Change: ID '00E200471897C068218DC701' -> Floor '5'
[2026-08-12 08:45:26] Tag Change: ID '00E2004717688068217AD301' -> Floor '5'
[2026-08-12 08:45:26] Status Updated: Floor '5'
[2026-08-12 08:45:41] Tag Change: ID '00E200471777F068217BCA01' -> Floor 'Unknown'
[2026-08-12 08:45:44] Tag Change: ID '00E2004717638068217A8301' -> Floor '7'
[2026-08-12 08:45:45] Tag Change: ID '00E2004717773068217BBE01' -> Floor '9'
[2026-08-12 08:45:46] Status Updated: Floor '9'
[2026-08-12 08:45:46] Tag Change: ID '00E200471744006821788B01' -> Floor '9'
[2026-08-12 08:45:47] Tag Change: ID '00E20047174880682178D301' -> Floor '10'
[2026-08-12 08:45:47] Status Updated: Floor '10'
[2026-08-12 08:45:47] Tag Change: ID '002427031027000620240000' -> Floor 'Unknown'
[2026-08-12 08:45:51] Tag Change: ID '00E200471753C06821798701' -> Floor '11'
[2026-08-12 08:45:51] Status Updated: Floor '11'
[2026-08-12 08:46:09] Tag Change: ID '00E20047174C806821791301' -> Floor '11'
[2026-08-12 08:46:09] Tag flapping: suppressed 2 repeated tag-change log lines in the last 64s
[2026-08-12 08:46:09] Tag Change: ID '00E200471745C0682178A701' -> Floor '10'
[2026-08-12 08:46:10] Tag Change: ID '00E2004718C4B06821909601' -> Floor 'Unknown'
[2026-08-12 08:46:12] Tag Change: ID '00E2004717710068217B5B00' -> Floor '8'
[2026-08-12 08:46:14] Tag Change: ID '00E20047175CC068217A1701' -> Floor '6'
[2026-08-12 08:46:16] Status Updated: Floor '5'
[2026-08-12 08:46:19] Tag Change: ID '00E2004717684068217ACF01' -> Floor '5'
[2026-08-12 08:46:29] Tag Change: ID '00E200471897C068218DC701' -> Floor '5'
[2026-08-12 08:46:30] Tag Change: ID '00E20047189E4068218E2F01' -> Floor '4'
[2026-08-12 08:46:34] Status Updated: Floor '4'
[2026-08-12 08:47:00] Tag Change: ID '00E20047175A40682179EF01' -> Floor '2'
[2026-08-12 08:47:02] Tag Change: ID '00E200471768C068217AD701' -> Floor '1'
[2026-08-12 08:47:02] Status Updated: Floor '1'
[2026-08-12 08:47:03] Tag Change: ID '00E20047176CC068217B1701' -> Floor '1'
[2026-08-12 08:47:09] Tag Change: ID '00E200471768C06821' -> Floor 'Unknown'
[2026-08-12 08:47:14] Tag Change: ID '00E200471775B068217BA601' -> Floor '1'
[2026-08-12 08:47:16] Tag Change: ID '00E2004717A54068217E9F01' -> Floor '0'
[2026-08-12 08:47:16] Tag flapping: suppressed 8 repeated tag-change log lines in the last 60s
[2026-08-12 08:47:17] Status Updated: Floor '0'
[2026-08-12 08:47:34] Tag Change: ID '00E2004717AC4068217F0F01' -> Floor '-1'
[2026-08-12 08:47:37] Tag Change: ID '00E200471736C0682177B701' -> Floor '-1'
[2026-08-12 08:47:37] Status Updated: Floor '-1'
[2026-08-12 08:47:49] Tag Change: ID '00E2004717A40068217E8B01' -> Floor '-1'
[2026-08-12 08:48:07] Tag Change: ID '00E2004717AD8068217F2301' -> Floor '-2'
[2026-08-12 08:48:18] Status Updated: Floor '-2'
[2026-08-12 08:48:30] Status Updated: Floor '-1'
[2026-08-12 08:48:54] Status Updated: Floor '-2'
[2026-08-12 08:49:09] Tag Change: ID '00E2004707DF5060270ED801' -> Floor '-3'
[2026-08-12 08:49:10] Tag Change: ID '00E2004707E01060270EE401' -> Floor '-3'
[2026-08-12 08:49:15] Status Updated: Floor '-3'
[2026-08-12 08:49:22] Tag Change: ID '00E2004707E05060270EE801' -> Floor '-3'
[2026-08-12 08:49:41] Tag Change: ID '00E2004717AD8068217F2301' -> Floor '-2'
[2026-08-12 08:49:41] Tag flapping: suppressed 8 repeated tag-change log lines in the last 72s
[2026-08-12 08:49:58] Tag Change: ID '00E2004717A40068217E8B01' -> Floor '-1'
[2026-08-12 08:50:05] Tag Change: ID '00E2004717A00068217E4B01' -> Floor '-1'
[2026-08-12 08:50:06] Status Updated: Floor '-1'
[2026-08-12 08:50:08] Tag Change: ID '00E2004717AC4068217F0F01' -> Floor '-1'
[2026-08-12 08:50:10] Tag Change: ID '00E2004717A54068217E9F01' -> Floor '0'
[2026-08-12 08:50:10] Status Updated: Floor '0'
[2026-08-12 08:50:30] Tag Change: ID '00E200471768C068217AD701' -> Floor '1'
[2026-08-12 08:50:31] Status Updated: Floor '1'
[2026-08-12 08:50:31] Tag Change: ID '00E20047176CC068217B1701' -> Floor '1'
[2026-08-12 08:50:45] Tag Change: ID '00E2004717A0C068217E5701' -> Floor '3'
[2026-08-12 08:50:45] Tag Change: ID '00E2004717A7C068217EC701' -> Floor '3'
[2026-08-12 08:50:45] Status Updated: Floor '3'
[2026-08-12 08:50:48] Tag Change: ID '00E20047189E4068218E2F01' -> Floor '4'
[2026-08-12 08:50:49] Status Updated: Floor '4'
[2026-08-12 08:51:06] Tag Change: ID '00E200471897C068218DC701' -> Floor '5'
[2026-08-12 08:51:07] Status Updated: Floor '5'
[2026-08-12 08:51:08] Tag Change: ID '00E2004717688068217AD301' -> Floor '5'
[2026-08-12 08:51:08] Tag Change: ID '00E20047175CC068217A1701' -> Floor '6'
[2026-08-12 08:51:09] Status Updated: Floor '6'
[2026-08-12 08:51:09] Tag Change: ID '00E2004717964068217DAF01' -> Floor '6'
[2026-08-12 08:51:11] Tag Change: ID '00E20047177A3068217BEE01' -> Floor '8'
[2026-08-12 08:51:14] Tag Change: ID '00E200471744006821788B01' -> Floor '9'
[2026-08-12 08:51:15] Status Updated: Floor '9'
[2026-08-12 08:51:31] Tag Change: ID '00E20047175F4068217A3F01' -> Floor '7'
[2026-08-12 08:51:36] Tag flapping: suppressed 12 repeated tag-change log lines in the last 64s
[2026-08-12 08:51:42] Status Updated: Floor '6'
[2026-08-12 08:51:51] Tag Change: ID '00E200471777F068217BCA01' -> Floor 'Unknown'
[2026-08-12 08:51:51] Tag Change: ID '00E2004717684068217ACF01' -> Floor '5'
[2026-08-12 08:51:52] Tag Change: ID '00E20047189E4068218E2F01' -> Floor '4'
[2026-08-12 08:51:54] Tag Change: ID '00E2004718A58068218EA301' -> Floor '3'
[2026-08-12 08:51:55] Status Updated: Floor '3'
[2026-08-12 08:52:10] Tag Change: ID '00E20047175A40682179EF01' -> Floor '2'
[2026-08-12 08:52:11] Tag Change: ID '00E20047176CC068217B1701' -> Floor '1'
[2026-08-12 08:52:13] Tag Change: ID '00E200471775B068217BA601' -> Floor '1'
[2026-08-12 08:52:13] Status Updated: Floor '1'
[2026-08-12 08:52:14] Tag Change: ID '00E2004717A54068217E9F01' -> Floor '0'
[2026-08-12 08:52:15] Status Updated: Floor '0'
[2026-08-12 08:52:50] Tag Change: ID '00E2004707DF5060270ED801' -> Floor '-3'
[2026-08-12 08:52:51] Tag Change: ID '00E2004707E01060270EE401' -> Floor '-3'
[2026-08-12 08:52:51] Status Updated: Floor '-3'
[2026-08-12 08:52:53] Tag Change: ID '00E2004707E05060270EE801' -> Floor '-3'
[2026-08-12 08:53:17] Tag Change: ID '00E20047179C4068217E0F01' -> Floor '2'
[2026-08-12 08:53:18] Status Updated: Floor '2'
[2026-08-12 08:53:28] Tag Change: ID '00E20047175A40682179EF01' -> Floor '2'
[2026-08-12 08:53:30] Tag Change: ID '00E20047176CC068217B1701' -> Floor '1'
[2026-08-12 08:53:31] Tag Change: ID '00E200471775B068217BA601' -> Floor '1'
[2026-08-12 08:53:31] Status Updated: Floor '1'
[2026-08-12 08:53:32] Tag Change: ID '00E2004717AC4068217F0F01' -> Floor '-1'
[2026-08-12 08:53:33] Tag Change: ID '00E2004717A00068217E4B01' -> Floor '-1'
[2026-08-12 08:53:34] Status Updated: Floor '-1'
[2026-08-12 08:53:39] Status Updated: Floor '-3'
[2026-08-12 08:53:55] Tag Change: ID '00E2004717A40068217E8B01' -> Floor '-1'
[2026-08-12 08:53:55] Tag flapping: suppressed 33 repeated tag-change log lines in the last 60s
[2026-08-12 08:53:59] Tag Change: ID '00E200471768C068217AD701' -> Floor '1'
[2026-08-12 08:53:59] Tag Change: ID '00E200471741406821785F01' -> Floor '2'
[2026-08-12 08:54:02] Tag Change: ID '00E20047189E4068218E2F01' -> Floor '4'
[2026-08-12 08:54:02] Tag Change: ID '00E200471897C068218DC701' -> Floor '5'
[2026-08-12 08:54:03] Tag Change: ID '00E2004717684068217ACF01' -> Floor '5'
[2026-08-12 08:54:04] Status Updated: Floor '5'
[2026-08-12 08:54:06] Tag Change: ID '00E20047177A3068217BEE01' -> Floor '8'
[2026-08-12 08:54:06] Tag Change: ID '00E2004717710068217B5B00' -> Floor '8'
[2026-08-12 08:54:07] Status Updated: Floor '8'
[2026-08-12 08:54:08] Tag Change: ID '00E200471744006821788B01' -> Floor '9'
[2026-08-12 08:54:08] Tag Change: ID '00E2004718C4B06821909601' -> Floor 'Unknown'
[2026-08-12 08:54:10] Tag Change: ID '002427031027000620240000' -> Floor 'Unknown'
[2026-08-12 08:54:18] Tag Change: ID '00E200471745C0682178A701' -> Floor '10'
[2026-08-12 08:54:20] Status Updated: Floor '10'
[2026-08-12 08:54:26] Tag Change: ID '00E20047174880682178D301' -> Floor '10'
[2026-08-12 08:54:28] Tag Change: ID '00E20047177A7068217BF201' -> Floor '9'
[2026-08-12 08:54:28] Tag Change: ID '00E2004717767068217BB201' -> Floor '8'
[2026-08-12 08:54:30] Status Updated: Floor '8'
[2026-08-12 08:54:31] Tag Change: ID '00E2004717638068217A8301' -> Floor '7'
[2026-08-12 08:54:32] Status Updated: Floor '7'
[2026-08-12 08:54:48] Tag Change: ID '00E2004717A60068217EAB01' -> Floor '7'
[2026-08-12 08:54:50] Tag Change: ID '00E2004717964068217DAF01' -> Floor '6'
[2026-08-12 08:55:00] Status Updated: Floor '6'
[2026-08-12 08:55:01] Tag Change: ID '00E20047175CC068217A1701' -> Floor '6'
[2026-08-12 08:55:04] Tag Change: ID '00E20047175A80682179F301' -> Floor '4'
[2026-08-12 08:55:05] Status Updated: Floor '4'
[2026-08-12 08:55:06] Tag Change: ID '00E2004718A58068218EA301' -> Floor '3'
[2026-08-12 08:55:07] Status Updated: Floor '3'
[2026-08-12 08:55:17] Tag Change: ID '00E2004717A0C068217E5701' -> Floor '3'
[2026-08-12 08:55:20] Tag Change: ID '00E200471768C068217AD701' -> Floor '1'
[2026-08-12 08:55:20] Tag flapping: suppressed 4 repeated tag-change log lines in the last 60s
[2026-08-12 08:55:20] Status Updated: Floor '1'
[2026-08-12 08:55:21] Tag Change: ID '00E200471768C06821' -> Floor 'Unknown'
[2026-08-12 08:55:24] Tag Change: ID '00E20047176CC068217B1701' -> Floor '1'
[2026-08-12 08:55:39] Tag Change: ID '00E200471775B068217BA601' -> Floor '1'
[2026-08-12 08:55:41] Tag Change: ID '00E2004717A54068217E9F01' -> Floor '0'
[2026-08-12 08:55:48] Status Updated: Floor '0'
[2026-08-12 08:56:17] Tag Change: ID '00E2004717AD8068217F2301' -> Floor '-2'
[2026-08-12 08:56:21] Status Updated: Floor '-2'
[2026-08-12 08:56:45] Tag Change: ID '00E200471768C068217AD701' -> Floor '1'
[2026-08-12 08:56:45] Tag flapping: suppressed 5 repeated tag-change log lines in the last 84s
[2026-08-12 08:56:46] Tag Change: ID '00E2004717A0C068217E5701' -> Floor '3'
[2026-08-12 08:56:49] Tag Change: ID '00E200471897C068218DC701' -> Floor '5'
[2026-08-12 08:56:51] Tag Change: ID '00E2004717688068217AD301' -> Floor '5'
[2026-08-12 08:56:51] Status Updated: Floor '5'
[2026-08-12 08:57:13] Tag Change: ID '00E2004717684068217ACF01' -> Floor '5'
[2026-08-12 08:57:15] Tag Change: ID '00E20047189E4068218E2F01' -> Floor '4'
[2026-08-12 08:57:15] Status Updated: Floor '4'
[2026-08-12 08:57:33] Tag Change: ID '00E20047175A80682179F301' -> Floor '4'
[2026-08-12 08:57:35] Tag Change: ID '00E20047179C4068217E0F01' -> Floor '2'
[2026-08-12 08:57:38] Tag Change: ID '00E200471775B068217BA601' -> Floor '1'
[2026-08-12 08:57:39] Tag Change: ID '00E2004717A54068217E9F01' -> Floor '0'
[2026-08-12 08:57:39] Status Updated: Floor '0'
[2026-08-12 08:58:18] Tag Change: ID '00E2004717A40068217E8B01' -> Floor '-1'
[2026-08-12 08:58:18] Tag flapping: suppressed 2 repeated tag-change log lines in the last 63s
[2026-08-12 08:58:28] Status Updated: Floor '-1'
[2026-08-12 08:58:32] Tag Change: ID '00E2004717AD8068217F2301' -> Floor '-2'
[2026-08-12 08:58:33] Status Updated: Floor '-2'
[2026-08-12 08:58:46] Tag Change: ID '00E2004717A48068217E9301' -> Floor '-2'
[2026-08-12 08:58:48] Tag Change: ID '00E2004707DF5060270ED801' -> Floor '-3'
[2026-08-12 08:58:48] Tag Change: ID '00E2004707E05060270EE801' -> Floor '-3'
[2026-08-12 08:58:49] Status Updated: Floor '-3'
[2026-08-12 08:58:50] Tag Change: ID '00E2004707E01060270EE401' -> Floor '-3'
[2026-08-12 08:59:04] Tag Change: ID '00E2004717A9C068217EE701' -> Floor '-2'
[2026-08-12 08:59:06] Status Updated: Floor '-2'
[2026-08-12 08:59:07] Tag Change: ID '00E2004717A00068217E4B01' -> Floor '-1'
[2026-08-12 08:59:09] Tag Change: ID '00E200471775B068217BA601' -> Floor '1'
[2026-08-12 08:59:12] Tag Change: ID '00E2004717A0C068217E5701' -> Floor '3'
[2026-08-12 08:59:12] Tag Change: ID '00E2004717A7C068217EC701' -> Floor '3'
[2026-08-12 08:59:18] Status Updated: Floor '3'
[2026-08-12 08:59:18] Tag Change: ID '00E2004717688068217AD301' -> Floor '5'
[2026-08-12 08:59:19] Status Updated: Floor '5'
[2026-08-12 08:59:32] Tag Change: ID '00E2004717684068217ACF01' -> Floor '5'
[2026-08-12 08:59:36] Tag Change: ID '00E20047175A40682179EF01' -> Floor '2'
[2026-08-12 08:59:38] Tag Change: ID '00E200471768C068217AD701' -> Floor '1'
[2026-08-12 08:59:39] Status Updated: Floor '1'
[2026-08-12 08:59:40] Tag Change: ID '00E20047176CC068217B1701' -> Floor '1'
[2026-08-12 08:59:53] Tag flapping: suppressed 11 repeated tag-change log lines in the last 61s
[2026-08-12 09:00:00] Tag Change: ID '00E2004717A54068217E9F01' -> Floor '0'
[2026-08-12 09:00:01] Status Updated: Floor '0'
[2026-08-12 09:00:22] Tag Change: ID '00E2004717AC4068217F0F01' -> Floor '-1'
[2026-08-12 09:00:24] Tag Change: ID '00E200471736C0682177B701' -> Floor '-1'
[2026-08-12 09:00:24] Status Updated: Floor '-1'
[2026-08-12 09:00:37] Tag Change: ID '00E2004717A40068217E8B01' -> Floor '-1'
[2026-08-12 09:00:56] Tag Change: ID '00E2004717AD8068217F2301' -> Floor '-2'
[2026-08-12 09:00:56] Tag flapping: suppressed 5 repeated tag-change log lines in the last 62s
[2026-08-12 09:01:01] Status Updated: Floor '-2'
[2026-08-12 09:01:22] Status Updated: Floor '-1'
[2026-08-12 09:01:23] Tag Change: ID '00E2004717A54068217E9F01' -> Floor '0'
[2026-08-12 09:01:23] Status Updated: Floor '0'
[2026-08-12 09:01:37] Tag Change: ID '00E20047176CC068217B1701' -> Floor '1'
[2026-08-12 09:01:38] Tag Change: ID '00E20047179C4068217E0F01' -> Floor '2'
[2026-08-12 09:01:42] Tag Change: ID '00E2004717688068217AD301' -> Floor '5'
[2026-08-12 09:01:42] Tag Change: ID '00E200471777F068217BCA01' -> Floor 'Unknown'
[2026-08-12 09:01:56] Tag Change: ID '00E2004717964068217DAF01' -> Floor '6'
[2026-08-12 09:02:02] Tag Change: ID '00E20047177A3068217BEE01' -> Floor '8'
[2026-08-12 09:02:04] Tag Change: ID '00E200471744006821788B01' -> Floor '9'
[2026-08-12 09:02:05] Tag Change: ID '002427031027000620240000' -> Floor 'Unknown'
[2026-08-12 09:02:06] Tag Change: ID '00E200471751806821796301' -> Floor '11'
[2026-08-12 09:02:07] Tag Change: ID '00E2004717A84068217ECF01' -> Floor '12'
[2026-08-12 09:02:09] Tag Change: ID '00E2004717A34068217E7F01' -> Floor '12'
[2026-08-12 09:02:10] Status Updated: Floor '12'
[2026-08-12 09:02:23] Tag Change: ID '00E200471741006821785B01' -> Floor 'Unknown'
[2026-08-12 09:02:23] Tag flapping: suppressed 2 repeated tag-change log lines in the last 63s
[2026-08-12 09:02:23] Tag Change: ID '00E200471753C06821798701' -> Floor '11'
[2026-08-12 09:02:28] Tag Change: ID '00E200471745C0682178A701' -> Floor '10'
[2026-08-12 09:02:31] Status Updated: Floor '10'
[2026-08-12 09:02:43] Tag Change: ID '00E2004717767068217BB201' -> Floor '8'
[2026-08-12 09:02:44] Status Updated: Floor '8'
[2026-08-12 09:02:44] Tag Change: ID '00E20047' -> Floor 'Unknown'
[2026-08-12 09:03:00] Tag Change: ID '00E20047175CC068217A1701' -> Floor '6'
[2026-08-12 09:03:00] Status Updated: Floor '6'
[2026-08-12 09:03:01] Tag Change: ID '00E2004717688068217AD301' -> Floor '5'
[2026-08-12 09:03:04] Tag Change: ID '00E20047189E4068218E2F01' -> Floor '4'
[2026-08-12 09:03:05] Status Updated: Floor '4'
[2026-08-12 09:03:20] Tag Change: ID '00E2004717A0C068217E5701' -> Floor '3'
[2026-08-12 09:03:21] Tag Change: ID '00E200471741406821785F01' -> Floor '2'
[2026-08-12 09:03:22] Tag Change: ID '00E20047176CC068217B1701' -> Floor '1'
[2026-08-12 09:03:24] Tag Change: ID '00E2004717AC4068217F0F01' -> Floor '-1'
[2026-08-12 09:03:38] Tag Change: ID '00E2004717A40068217E8B01' -> Floor '-1'
[2026-08-12 09:03:38] Tag flapping: suppressed 6 repeated tag-change log lines in the last 70s
[2026-08-12 09:03:38] Status Updated: Floor '-1'
[2026-08-12 09:04:09] Tag Change: ID '00E2004707E05060270EE801' -> Floor '-3'
[2026-08-12 09:04:10] Tag Change: ID '00E2004707E01060270EE401' -> Floor '-3'
[2026-08-12 09:04:10] Status Updated: Floor '-3'
[2026-08-12 09:04:10] Tag Change: ID '00E2004707DF5060270ED801' -> Floor '-3'
[2026-08-12 09:04:22] Tag Change: ID '00E2004717A9C068217EE701' -> Floor '-2'
[2026-08-12 09:04:22] Status Updated: Floor '-2'
[2026-08-12 09:04:30] Tag Change: ID '00E2004717A54068217E9F01' -> Floor '0'
[2026-08-12 09:04:31] Status Updated: Floor '0'
[2026-08-12 09:04:44] Tag Change: ID '00E200471775B068217BA601' -> Floor '1'
[2026-08-12 09:04:46] Tag Change: ID '00E20047176CC068217B1701' -> Floor '1'
[2026-08-12 09:04:47] Status Updated: Floor '1'
[2026-08-12 09:04:48] Tag Change: ID '00E200471768C068217AD701' -> Floor '1'
[2026-08-12 09:05:01] Tag Change: ID '00E200471741406821785F01' -> Floor '2'
[2026-08-12 09:05:02] Tag Change: ID '00E2004717A0C068217E5701' -> Floor '3'
[2026-08-12 09:05:05] Tag Change: ID '00E2004718A58068218EA301' -> Floor '3'
[2026-08-12 09:05:06] Status Updated: Floor '3'
[2026-08-12 09:05:20] Tag Change: ID '00E200471897C068218DC701' -> Floor '5'
[2026-08-12 09:05:20] Tag flapping: suppressed 14 repeated tag-change log lines in the last 68s
[2026-08-12 09:05:21] Tag Change: ID '00E200471777F068217BCA01' -> Floor 'Unknown'
[2026-08-12 09:05:23] Tag Change: ID '00E20047175F4068217A3F01' -> Floor '7'
[2026-08-12 09:05:25] Tag Change: ID '00E2004717710068217B5B00' -> Floor '8'
[2026-08-12 09:05:26] Tag Change: ID '00E2004717767068217BB201' -> Floor '8'
[2026-08-12 09:05:26] Status Updated: Floor '8'
[2026-08-12 09:05:52] Tag Change: ID '00E2004717638068217A8301' -> Floor '7'
[2026-08-12 09:05:52] Tag Change: ID '00E2004717A60068217EAB01' -> Floor '7'
[2026-08-12 09:05:53] Status Updated: Floor '7'
[2026-08-12 09:05:53] Tag Change: ID '00E2004717964068217DAF01' -> Floor '6'
[2026-08-12 09:05:53] Tag Change: ID '00E20047175CC068217A1701' -> Floor '6'
[2026-08-12 09:05:54] Status Updated: Floor '6'
[2026-08-12 09:05:54] Tag Change: ID '00E2004717684068217ACF01' -> Floor '5'
[2026-08-12 09:05:55] Status Updated: Floor '5'
[2026-08-12 09:05:57] Tag Change: ID '00E2004717A7C068217EC701' -> Floor '3'
[2026-08-12 09:05:57] Status Updated: Floor '3'
[2026-08-12 09:06:02] Tag Change: ID '00E200471736C0682177B701' -> Floor '-1'
[2026-08-12 09:06:03] Tag Change: ID '00E2004717A00068217E4B01' -> Floor '-1'
[2026-08-12 09:06:08] Status Updated: Floor '-1'
[2026-08-12 09:06:18] Tag Change: ID '00E2004717A40068217E8B01' -> Floor '-1'
[2026-08-12 09:06:24] Tag Change: ID '00E20047176CC068217B1701' -> Floor '1'
[2026-08-12 09:06:25] Tag Change: ID '00E200471768C068217AD701' -> Floor '1'
[2026-08-12 09:06:25] Status Updated: Floor '1'
[2026-08-12 09:06:26] Tag Change: ID '00E2004717A0C068217E5701' -> Floor '3'
[2026-08-12 09:06:28] Status Updated: Floor '3'
[2026-08-12 09:06:28] Tag Change: ID '00E2004718A58068218EA301' -> Floor '3'
[2026-08-12 09:06:45] Status Updated: Floor '5'
[2026-08-12 09:06:49] Tag Change: ID '00E20047177A7068217BF201' -> Floor '9'
[2026-08-12 09:06:50] Tag Change: ID '00E2004718C4B06821909601' -> Floor 'Unknown'
[2026-08-12 09:06:52] Tag Change: ID '002427031027000620240000' -> Floor 'Unknown'
[2026-08-12 09:06:57] Tag Change: ID '00E200471745C0682178A701' -> Floor '10'
[2026-08-12 09:06:59] Status Updated: Floor '10'
[2026-08-12 09:07:08] Tag Change: ID '00E20047174880682178D301' -> Floor '10'
[2026-08-12 09:07:10] Status Updated: Floor '9'
[2026-08-12 09:07:12] Tag Change: ID '00E2004717964068217DAF01' -> Floor '6'
[2026-08-12 09:07:15] Tag Change: ID '00E2004717688068217AD301' -> Floor '5'
[2026-08-12 09:07:16] Status Updated: Floor '5'
[2026-08-12 09:07:29] Tag Change: ID '00E2004717684068217ACF01' -> Floor '5'
[2026-08-12 09:07:29] Tag flapping: suppressed 13 repeated tag-change log lines in the last 68s
[2026-08-12 09:07:33] Tag Change: ID '00E2004718A58068218EA301' -> Floor '3'
[2026-08-12 09:07:33] Status Updated: Floor '3'
[2026-08-12 09:07:46] Tag Change: ID '00E2004717A7C068217EC701' -> Floor '3'
[2026-08-12 09:07:49] Tag Change: ID '00E200471768C068217AD701' -> Floor '1'
[2026-08-12 09:07:51] Tag Change: ID '00E200471775B068217BA601' -> Floor '1'
[2026-08-12 09:07:51] Status Updated: Floor '1'
[2026-08-12 09:07:52] Tag Change: ID '00E2004717A54068217E9F01' -> Floor '0'
[2026-08-12 09:07:53] Status Updated: Floor '0'
[2026-08-12 09:08:07] Tag Change: ID '00E200471736C0682177B701' -> Floor '-1'
[2026-08-12 09:08:11] Tag Change: ID '00E2004717A40068217E8B01' -> Floor '-1'
[2026-08-12 09:08:12] Status Updated: Floor '-1'
[2026-08-12 09:08:29] Tag Change: ID '00E2004717AD8068217F2301' -> Floor '-2'
[2026-08-12 09:08:36] Status Updated: Floor '-2'
[2026-08-12 09:08:50] Tag Change: ID '00E2004717AC4068217F0F01' -> Floor '-1'
[2026-08-12 09:08:52] Tag Change: ID '00E20047176CC068217B1701' -> Floor '1'
[2026-08-12 09:08:54] Tag Change: ID '00E2004717A0C068217E5701' -> Floor '3'
[2026-08-12 09:08:54] Tag Change: ID '00E2004717A7C068217EC701' -> Floor '3'
[2026-08-12 09:08:54] Status Updated: Floor '3'
[2026-08-12 09:08:56] Tag Change: ID '00E20047189E4068218E2F01' -> Floor '4'
[2026-08-12 09:08:56] Tag Change: ID '00E200471897C068218DC701' -> Floor '5'
[2026-08-12 09:08:57] Tag Change: ID '00E200471777F068217BCA01' -> Floor 'Unknown'
[2026-08-12 09:09:00] Tag Change: ID '00E2004717964068217DAF01' -> Floor '6'
[2026-08-12 09:09:02] Status Updated: Floor '6'
[2026-08-12 09:09:19] Tag Change: ID '00E20047175A80682179F301' -> Floor '4'
[2026-08-12 09:09:21] Tag Change: ID '00E20047179C4068217E0F01' -> Floor '2'
[2026-08-12 09:09:27] Status Updated: Floor '2'
[2026-08-12 09:09:36] Tag Change: ID '00E20047175A40682179EF01' -> Floor '2'
[2026-08-12 09:09:37] Tag Change: ID '00E200471741406821785F01' -> Floor '2'
[2026-08-12 09:09:38] Tag Change: ID '00E200471768C068217AD701' -> Floor '1'
[2026-08-12 09:09:38] Status Updated: Floor '1'
[2026-08-12 09:09:52] Tag Change: ID '00E20047176CC068217B1701' -> Floor '1'
[2026-08-12 09:09:52] Tag flapping: suppressed 8 repeated tag-change log lines in the last 61s
[2026-08-12 09:09:56] Tag Change: ID '00E2004717A54068217E9F01' -> Floor '0'
[2026-08-12 09:09:58] Status Updated: Floor '0'
[2026-08-12 09:10:10] Tag Change: ID '00E2004717AC4068217F0F01' -> Floor '-1'
[2026-08-12 09:10:15] Tag Change: ID '00E2004717A40068217E8B01' -> Floor '-1'
[2026-08-12 09:10:16] Status Updated: Floor '-1'
[2026-08-12 09:10:41] Tag Change: ID '00E2004717AD8068217F2301' -> Floor '-2'
[2026-08-12 09:10:53] Status Updated: Floor '0'
[2026-08-12 09:11:01] Tag Change: ID '00E200471775B068217BA601' -> Floor '1'
[2026-08-12 09:11:03] Tag Change: ID '00E200471768C068217AD701' -> Floor '1'
[2026-08-12 09:11:04] Status Updated: Floor '1'
[2026-08-12 09:11:05] Tag Change: ID '00E20047179C4068217E0F01' -> Floor '2'
[2026-08-12 09:11:07] Tag Change: ID '00E2004718A58068218EA301' -> Floor '3'
[2026-08-12 09:11:08] Status Updated: Floor '3'
[2026-08-12 09:11:25] Tag Change: ID '00E2004717A0C068217E5701' -> Floor '3'
[2026-08-12 09:11:31] Status Updated: Floor '2'
[2026-08-12 09:11:42] Tag Change: ID '00E20047175A40682179EF01' -> Floor '2'
[2026-08-12 09:11:46] Status Updated: Floor '1'
[2026-08-12 09:11:47] Tag Change: ID '00E2004717A54068217E9F01' -> Floor '0'
[2026-08-12 09:11:49] Status Updated: Floor '0'
[2026-08-12 09:12:00] Tag Change: ID '00E2004717AC4068217F0F01' -> Floor '-1'
[2026-08-12 09:12:00] Tag flapping: suppressed 3 repeated tag-change log lines in the last 67s
[2026-08-12 09:12:06] Tag Change: ID '00E2004717A40068217E8B01' -> Floor '-1'
[2026-08-12 09:12:06] Status Updated: Floor '-1'
[2026-08-12 09:12:13] Tag Change: ID '00E2004717A00068217E4B01' -> Floor '-1'
[2026-08-12 09:12:45] Tag Change: ID '00E2004717A48068217E9301' -> Floor '-2'
[2026-08-12 09:12:46] Status Updated: Floor '-2'
[2026-08-12 09:12:47] Tag Change: ID '00E2004707E05060270EE801' -> Floor '-3'
[2026-08-12 09:12:48] Status Updated: Floor '-3'
[2026-08-12 09:12:50] Tag Change: ID '00E2004707E01060270EE401' -> Floor '-3'
[2026-08-12 09:13:01] Status Updated: Floor '-2'
[2026-08-12 09:13:02] Tag Change: ID '00E2004717A9C068217EE701' -> Floor '-2'
[2026-08-12 09:13:06] Tag Change: ID '00E2004717AC4068217F0F01' -> Floor '-1'
[2026-08-12 09:13:08] Tag Change: ID '00E200471768C068217AD701' -> Floor '1'
[2026-08-12 09:13:08] Tag Change: ID '00E200471741406821785F01' -> Floor '2'
[2026-08-12 09:13:09] Status Updated: Floor '2'
[2026-08-12 09:13:10] Tag Change: ID '00E2004717A0C068217E5701' -> Floor '3'
[2026-08-12 09:13:10] Status Updated: Floor '3'
[2026-08-12 09:13:12] Tag Change: ID '00E2004718A58068218EA301' -> Floor '3'
[2026-08-12 09:13:27] Tag Change: ID '00E2004717A7C068217EC701' -> Floor '3'
[2026-08-12 09:13:31] Tag Change: ID '00E20047179C4068217E0F01' -> Floor '2'
[2026-08-12 09:13:34] Status Updated: Floor '2'
[2026-08-12 09:13:57] Tag flapping: suppressed 10 repeated tag-change log lines in the last 66s
[2026-08-12 09:14:00] Tag Change: ID '00E2004717A00068217E4B01' -> Floor '-1'
[2026-08-12 09:14:15] Error sending status: HTTPSConnectionPool(host='ramada-elev-default-rtdb.europe-west1.firebasedatabase.app', port=443): Max retries exceeded with url: /elevators/B.json (Caused by NameResolutionError("HTTPSConnection(host='ramada-elev-default-rtdb.europe-west1.firebasedatabase.app', port=443): Failed to resolve 'ramada-elev-default-rtdb.europe-west1.firebasedatabase.app' ([Errno -3] Temporary failure in name resolution)"))
[2026-08-12 09:14:18] Tag Change: ID '00E2004717AD8068217F2301' -> Floor '-2'
[2026-08-12 09:14:24] Status Updated: Floor '-2'
[2026-08-12 09:14:34] Tag Change: ID '00E200471768C068217AD701' -> Floor '1'
[2026-08-12 09:14:37] Tag Change: ID '00E200471897C068218DC701' -> Floor '5'
[2026-08-12 09:14:40] Tag Change: ID '00E2004717964068217DAF01' -> Floor '6'
[2026-08-12 09:14:45] Status Updated: Floor '6'
[2026-08-12 09:14:55] Tag Change: ID '00E2004717A60068217EAB01' -> Floor '7'
[2026-08-12 09:14:56] Tag Change: ID '00E2004717638068217A8301' -> Floor '7'
[2026-08-12 09:14:57] Status Updated: Floor '7'
[2026-08-12 09:14:59] Tag Change: ID '00E20047177A7068217BF201' -> Floor '9'
[2026-08-12 09:15:00] Tag Change: ID '00E200471744006821788B01' -> Floor '9'
[2026-08-12 09:15:00] Tag flapping: suppressed 1 repeated tag-change log lines in the last 60s
[2026-08-12 09:15:00] Status Updated: Floor '9'
[2026-08-12 09:15:17] Tag Change: ID '00E2004717767068217BB201' -> Floor '8'
[2026-08-12 09:15:22] Status Updated: Floor '8'
[2026-08-12 09:15:23] Status Updated: Floor '7'
[2026-08-12 09:15:32] Tag Change: ID '00E20047175F4068217A3F01' -> Floor '7'
[2026-08-12 09:15:34] Tag Change: ID '00E20047175CC068217A1701' -> Floor '6'
[2026-08-12 09:15:34] Status Updated: Floor '6'
[2026-08-12 09:15:37] Tag Change: ID '00E2004717A0C068217E5701' -> Floor '3'
[2026-08-12 09:15:42] Tag Change: ID '00E200471768C068217AD701' -> Floor '1'
[2026-08-12 09:15:43] Status Updated: Floor '1'
[2026-08-12 09:15:45] Tag Change: ID '00E20047176CC068217B1701' -> Floor '1'
[2026-08-12 09:15:58] Tag Change: ID '00E200471736C0682177B701' -> Floor '-1'
[2026-08-12 09:15:59] Tag Change: ID '00E2004717A00068217E4B01' -> Floor '-1'
[2026-08-12 09:15:59] Status Updated: Floor '-1'
[2026-08-12 09:16:00] Tag Change: ID '00E2004717A40068217E8B01' -> Floor '-1'
[2026-08-12 09:16:16] Tag Change: ID '00E2004717AD8068217F2301' -> Floor '-2'
[2026-08-12 09:16:24] Status Updated: Floor '-2'
[2026-08-12 09:17:15] Tag Change: ID '00E2004717A40068217E8B01' -> Floor '-1'
[2026-08-12 09:17:15] Tag flapping: suppressed 7 repeated tag-change log lines in the last 111s
[2026-08-12 09:17:27] Tag Change: ID '00E2004717AC4068217F0F01' -> Floor '-1'
[2026-08-12 09:17:27] Status Updated: Floor '-1'
[2026-08-12 09:17:31] Tag Change: ID '00E200471768C068217AD701' -> Floor '1'
[2026-08-12 09:17:32] Status Updated: Floor '1'
[2026-08-12 09:17:35] Tag Change: ID '00E20047176CC068217B1701' -> Floor '1'
[2026-08-12 09:18:24] Status Updated: Floor '-1'
[2026-08-12 09:18:30] Tag Change: ID '00E2004707DF5060270ED801' -> Floor '-3'
[2026-08-12 09:18:31] Status Updated: Floor '-3'
[2026-08-12 09:18:31] Tag Change: ID '00E2004707E05060270EE801' -> Floor '-3'
[2026-08-12 09:18:33] Tag Change: ID '00E2004707E01060270EE401' -> Floor '-3'
[2026-08-12 09:18:36] Tag flapping: suppressed 15 repeated tag-change log lines in the last 60s
[2026-08-12 09:18:50] Tag Change: ID '00E2004717AD8068217F2301' -> Floor '-2'
[2026-08-12 09:18:57] Status Updated: Floor '-2'
[2026-08-12 09:19:12] Tag Change: ID '00E2004717A40068217E8B01' -> Floor '-1'
[2026-08-12 09:19:14] Tag Change: ID '00E200471775B068217BA601' -> Floor '1'
[2026-08-12 09:19:15] Tag Change: ID '00E20047176CC068217B1701' -> Floor '1'
[2026-08-12 09:19:16] Status Updated: Floor '1'
[2026-08-12 09:19:20] Tag Change: ID '00E2004717684068217ACF01' -> Floor '5'
[2026-08-12 09:19:20] Tag Change: ID '00E200471777F068217BCA01' -> Floor 'Unknown'
[2026-08-12 09:19:23] Tag Change: ID '00E20047175F4068217A3F01' -> Floor '7'
[2026-08-12 09:19:24] Tag Change: ID '00E2004717638068217A8301' -> Floor '7'
[2026-08-12 09:19:24] Status Updated: Floor '7'
[2026-08-12 09:19:24] Tag Change: ID '00E20047' -> Floor 'Unknown'
[2026-08-12 09:19:54] Tag flapping: suppressed 10 repeated tag-change log lines in the last 76s
[2026-08-12 09:19:56] Tag Change: ID '00E2004717964068217DAF01' -> Floor '6'
[2026-08-12 09:19:57] Status Updated: Floor '6'
[2026-08-12 09:20:11] Tag Change: ID '00E20047175CC068217A1701' -> Floor '6'
[2026-08-12 09:20:13] Tag Change: ID '00E200471897C068218DC701' -> Floor '5'
[2026-08-12 09:20:14] Tag Change: ID '00E2004718A58068218EA301' -> Floor '3'
[2026-08-12 09:20:16] Tag Change: ID '00E200471741406821785F01' -> Floor '2'
[2026-08-12 09:20:17] Tag Change: ID '00E200471768C068217AD701' -> Floor '1'
[2026-08-12 09:20:18] Status Updated: Floor '1'
[2026-08-12 09:20:22] Tag Change: ID '00E20047176CC068217B1701' -> Floor '1'
[2026-08-12 09:20:38] Tag Change: ID '00E2004717A00068217E4B01' -> Floor '-1'
[2026-08-12 09:20:38] Status Updated: Floor '-1'
[2026-08-12 09:20:46] Tag Change: ID '00E2004717A40068217E8B01' -> Floor '-1'
[2026-08-12 09:21:05] Tag Change: ID '00E2004717AD8068217F2301' -> Floor '-2'
[2026-08-12 09:21:07] Status Updated: Floor '-2'
[2026-08-12 09:21:24] Tag Change: ID '00E2004717AC4068217F0F01' -> Floor '-1'
[2026-08-12 09:21:24] Tag flapping: suppressed 10 repeated tag-change log lines in the last 61s
[2026-08-12 09:21:29] Status Updated: Floor '-1'
[2026-08-12 09:21:30] Tag Change: ID '00E200471897C068218DC701' -> Floor '5'
[2026-08-12 09:21:30] Status Updated: Floor '5'
[2026-08-12 09:21:32] Tag Change: ID '00E2004717A60068217EAB01' -> Floor '7'
[2026-08-12 09:21:34] Tag Change: ID '00E2004717638068217A8301' -> Floor '7'
[2026-08-12 09:21:34] Status Updated: Floor '7'
[2026-08-12 09:21:50] Tag Change: ID '00E20047175F4068217A3F01' -> Floor '7'
[2026-08-12 09:21:52] Tag Change: ID '00E200471777F068217BCA01' -> Floor 'Unknown'
[2026-08-12 09:21:53] Tag Change: ID '00E2004717688068217AD301' -> Floor '5'
[2026-08-12 09:21:54] Status Updated: Floor '5'
[2026-08-12 09:22:12] Tag Change: ID '00E2004718A58068218EA301' -> Floor '3'
[2026-08-12 09:22:13] Status Updated: Floor '3'
[2026-08-12 09:22:31] Tag Change: ID '00E2004717A54068217E9F01' -> Floor '0'
[2026-08-12 09:22:32] Status Updated: Floor '0'
[2026-08-12 09:22:33] Tag Change: ID '00E2004717A00068217E4B01' -> Floor '-1'
[2026-08-12 09:22:43] Tag Change: ID '00E2004717A40068217E8B01' -> Floor '-1'
[2026-08-12 09:22:43] Status Updated: Floor '-1'
[2026-08-12 09:22:57] Tag Change: ID '00E2004717AD8068217F2301' -> Floor '-2'
[2026-08-12 09:22:57] Tag flapping: suppressed 1 repeated tag-change log lines in the last 67s
[2026-08-12 09:22:58] Status Updated: Floor '-2'
[2026-08-12 09:23:13] Tag Change: ID '00E2004707DF5060270ED801' -> Floor '-3'
[2026-08-12 09:23:13] Status Updated: Floor '-3'
[2026-08-12 09:23:14] Tag Change: ID '00E2004707E01060270EE401' -> Floor '-3'
[2026-08-12 09:23:20] Tag Change: ID '00E2004707E05060270EE801' -> Floor '-3'
[2026-08-12 09:23:36] Status Updated: Floor '-1'
[2026-08-12 09:23:45] Tag Change: ID '00E2004717AC4068217F0F01' -> Floor '-1'
[2026-08-12 09:23:47] Tag Change: ID '00E2004717A54068217E9F01' -> Floor '0'
[2026-08-12 09:23:48] Status Updated: Floor '0'
[2026-08-12 09:24:03] Tag Change: ID '00E2004717A00068217E4B01' -> Floor '-1'
[2026-08-12 09:24:06] Tag Change: ID '00E2004717A40068217E8B01' -> Floor '-1'
[2026-08-12 09:24:06] Status Updated: Floor '-1'
[2026-08-12 09:24:28] Tag Change: ID '00E2004717A48068217E9301' -> Floor '-2'
[2026-08-12 09:24:28] Tag flapping: suppressed 6 repeated tag-change log lines in the last 70s
[2026-08-12 09:24:30] Tag Change: ID '00E2004707E01060270EE401' -> Floor '-3'
[2026-08-12 09:24:31] Tag Change: ID '00E2004707E05060270EE801' -> Floor '-3'
[2026-08-12 09:24:31] Status Updated: Floor '-3'
[2026-08-12 09:24:32] Tag Change: ID '00E2004707DF5060270ED801' -> Floor '-3'
[2026-08-12 09:25:10] Tag Change: ID '00E2004717AD8068217F2301' -> Floor '-2'
[2026-08-12 09:25:13] Status Updated: Floor '-2'
[2026-08-12 09:25:32] Tag Change: ID '00E20047176CC068217B1701' -> Floor '1'
[2026-08-12 09:25:35] Tag Change: ID '00E20047175A80682179F301' -> Floor '4'
[2026-08-12 09:25:35] Tag flapping: suppressed 17 repeated tag-change log lines in the last 61s
[2026-08-12 09:25:38] Tag Change: ID '00E20047189E4068218E2F01' -> Floor '4'
[2026-08-12 09:25:38] Status Updated: Floor '4'
[2026-08-12 09:25:53] Tag Change: ID '00E200471897C068218DC701' -> Floor '5'
[2026-08-12 09:25:54] Status Updated: Floor '5'
[2026-08-12 09:25:54] Tag Change: ID '00E2004717688068217AD301' -> Floor '5'
[2026-08-12 09:25:55] Tag Change: ID '00E20047175CC068217A1701' -> Floor '6'
[2026-08-12 09:25:56] Status Updated: Floor '6'
[2026-08-12 09:25:57] Tag Change: ID '00E2004717638068217A8301' -> Floor '7'
[2026-08-12 09:25:59] Tag Change: ID '00E2004718C4B06821909601' -> Floor 'Unknown'
[2026-08-12 09:26:01] Tag Change: ID '002427031027000620240000' -> Floor 'Unknown'
[2026-08-12 09:26:01] Tag Change: ID '00E200471745C0682178A701' -> Floor '10'
[2026-08-12 09:26:02] Status Updated: Floor '10'
[2026-08-12 09:26:15] Tag Change: ID '00E20047174880682178D301' -> Floor '10'
[2026-08-12 09:26:15] Tag Change: ID '00E200471744006821788B01' -> Floor '9'
[2026-08-12 09:26:16] Status Updated: Floor '9'
[2026-08-12 09:26:16] Tag Change: ID '00E20047177A7068217BF201' -> Floor '9'
[2026-08-12 09:26:18] Tag Change: ID '00E2004717767068217BB201' -> Floor '8'
[2026-08-12 09:26:19] Status Updated: Floor '8'
[2026-08-12 09:26:38] Status Updated: Floor '5'
[2026-08-12 09:26:54] Tag Change: ID '00E20047189E4068218E2F01' -> Floor '4'
[2026-08-12 09:26:55] Status Updated: Floor '4'
[2026-08-12 09:27:13] Tag Change: ID '00E20047175A80682179F301' -> Floor '4'
[2026-08-12 09:27:13] Tag flapping: suppressed 13 repeated tag-change log lines in the last 71s
[2026-08-12 09:27:17] Tag Change: ID '00E200471741406821785F01' -> Floor '2'
[2026-08-12 09:27:17] Tag Change: ID '00E200471768C068217AD701' -> Floor '1'
[2026-08-12 09:27:19] Status Updated: Floor '1'
[2026-08-12 09:27:23] Tag Change: ID '00E20047176CC068217B1701' -> Floor '1'
[2026-08-12 09:27:34] Tag Change: ID '00E2004717AC4068217F0F01' -> Floor '-1'
[2026-08-12 09:28:12] Tag Change: ID '00E2004717AD8068217F2301' -> Floor '-2'
[2026-08-12 09:28:17] Status Updated: Floor '-2'
[2026-08-12 09:28:41] Tag Change: ID '00E2004707DF5060270ED801' -> Floor '-3'
[2026-08-12 09:28:41] Tag flapping: suppressed 4 repeated tag-change log lines in the last 77s
[2026-08-12 09:28:43] Tag Change: ID '00E2004707E05060270EE801' -> Floor '-3'
[2026-08-12 09:28:43] Status Updated: Floor '-3'
[2026-08-12 09:28:43] Tag Change: ID '00E2004707E0' -> Floor 'Unknown'
[2026-08-12 09:28:44] Tag Change: ID '00E2004707E01060270EE401' -> Floor '-3'
[2026-08-12 09:28:56] Tag Change: ID '00E2004717A48068217E9301' -> Floor '-2'
[2026-08-12 09:28:56] Status Updated: Floor '-2'
[2026-08-12 09:29:02] Tag Change: ID '00E2004717A54068217E9F01' -> Floor '0'
[2026-08-12 09:29:03] Tag Change: ID '00E20047176CC068217B1701' -> Floor '1'
[2026-08-12 09:29:06] Tag Change: ID '00E20047175A80682179F301' -> Floor '4'
[2026-08-12 09:29:08] Tag Change: ID '00E2004717684068217ACF01' -> Floor '5'
[2026-08-12 09:29:11] Tag Change: ID '00E2004717773068217BBE01' -> Floor '9'
[2026-08-12 09:29:14] Tag Change: ID '00E20047174880682178D301' -> Floor '10'
[2026-08-12 09:29:14] Tag Change: ID '002427031027000620240000' -> Floor 'Unknown'
[2026-08-12 09:29:15] Tag Change: ID '00E200471745C0682178A701' -> Floor '10'
[2026-08-12 09:29:15] Status Updated: Floor '10'
[2026-08-12 09:29:29] Tag Change: ID '00E2004718C4B06821909601' -> Floor 'Unknown'
[2026-08-12 09:29:34] Tag Change: ID '00E200471744006821788B01' -> Floor '9'
[2026-08-12 09:29:34] Status Updated: Floor '9'
[2026-08-12 09:29:49] Tag Change: ID '00E20047177A3068217BEE01' -> Floor '8'
[2026-08-12 09:29:49] Tag flapping: suppressed 16 repeated tag-change log lines in the last 63s
[2026-08-12 09:29:49] Status Updated: Floor '8'
[2026-08-12 09:29:50] Tag Change: ID '00E2004717A60068217EAB01' -> Floor '7'
[2026-08-12 09:29:51] Tag Change: ID '00E200471777F068217BCA01' -> Floor 'Unknown'
[2026-08-12 09:29:54] Tag Change: ID '00E2004718A58068218EA301' -> Floor '3'
[2026-08-12 09:29:55] Status Updated: Floor '3'
[2026-08-12 09:30:17] Tag Change: ID '00E2004717A0C068217E5701' -> Floor '3'
[2026-08-12 09:30:18] Tag Change: ID '00E20047179C4068217E0F01' -> Floor '2'
[2026-08-12 09:30:18] Status Updated: Floor '2'
[2026-08-12 09:30:34] Tag Change: ID '00E200471741406821785F01' -> Floor '2'
[2026-08-12 09:30:35] Tag Change: ID '00E20047176CC068217B1701' -> Floor '1'
[2026-08-12 09:30:44] Tag Change: ID '00E2004717AD8068217F2301' -> Floor '-2'
[2026-08-12 09:31:02] Status Updated: Floor '-2'
[2026-08-12 09:31:07] Tag Change: ID '00E2004707E01060270EE401' -> Floor '-3'
[2026-08-12 09:31:07] Tag flapping: suppressed 1 repeated tag-change log lines in the last 74s
[2026-08-12 09:31:08] Status Updated: Floor '-3'
[2026-08-12 09:31:09] Tag Change: ID '00E2004707E05060270EE801' -> Floor '-3'
[2026-08-12 09:31:10] Tag Change: ID '00E2004707DF5060270ED801' -> Floor '-3'
[2026-08-12 09:31:26] Tag Change: ID '00E2004717A40068217E8B01' -> Floor '-1'
[2026-08-12 09:31:41] Status Updated: Floor '-1'
[2026-08-12 09:31:47] Tag Change: ID '00E2004717AC4068217F0F01' -> Floor '-1'
[2026-08-12 09:31:48] Tag Change: ID '00E2004717A54068217E9F01' -> Floor '0'
[2026-08-12 09:31:49] Status Updated: Floor '0'
[2026-08-12 09:32:03] Tag Change: ID '00E200471775B068217BA601' -> Floor '1'
[2026-08-12 09:32:09] Status Updated: Floor '1'
[2026-08-12 09:32:10] Tag Change: ID '00E20047179C4068217E0F01' -> Floor '2'
[2026-08-12 09:32:11] Status Updated: Floor '2'
[2026-08-12 09:32:22] Tag Change: ID '00E2004717A0C068217E5701' -> Floor '3'
[2026-08-12 09:32:22] Tag flapping: suppressed 4 repeated tag-change log lines in the last 70s
[2026-08-12 09:32:24] Tag Change: ID '00E2004718A58068218EA301' -> Floor '3'
[2026-08-12 09:32:25] Status Updated: Floor '3'
[2026-08-12 09:32:43] Tag Change: ID '00E20047189E4068218E2F01' -> Floor '4'
[2026-08-12 09:32:44] Status Updated: Floor '4'
[2026-08-12 09:32:54] Tag Change: ID '00E200471897C068218DC701' -> Floor '5'
[2026-08-12 09:32:56] Tag Change: ID '00E2004717688068217AD301' -> Floor '5'
[2026-08-12 09:32:56] Status Updated: Floor '5'
[2026-08-12 09:33:11] Tag Change: ID '00E20047175CC068217A1701' -> Floor '6'
[2026-08-12 09:33:12] Status Updated: Floor '6'
[2026-08-12 09:33:18] Tag Change: ID '00E2004717964068217DAF01' -> Floor '6'
[2026-08-12 09:33:26] Tag Change: ID '00E2004717A60068217EAB01' -> Floor '7'
[2026-08-12 09:33:29] Tag Change: ID '00E2004717638068217A8301' -> Floor '7'
[2026-08-12 09:33:29] Status Updated: Floor '7'
[2026-08-12 09:33:45] Tag Change: ID '00E2004717767068217BB201' -> Floor '8'
[2026-08-12 09:33:46] Status Updated: Floor '8'
[2026-08-12 09:33:58] Tag Change: ID '00E20047177A7068217BF201' -> Floor '9'
[2026-08-12 09:33:59] Status Updated: Floor '9'
[2026-08-12 09:34:01] Tag Change: ID '002427031027000620240000' -> Floor 'Unknown'
[2026-08-12 09:34:02] Tag Change: ID '00E200471751806821796301' -> Floor '11'
[2026-08-12 09:34:03] Tag Change: ID '00E200471753C06821798701' -> Floor '11'
[2026-08-12 09:34:04] Status Updated: Floor '11'
[2026-08-12 09:34:24] Tag Change: ID '00E20047174880682178D301' -> Floor '10'
[2026-08-12 09:34:25] Tag Change: ID '00E2004718C4B06821909601' -> Floor 'Unknown'
[2026-08-12 09:34:31] Tag Change: ID '00E200471744006821788B01' -> Floor '9'
[2026-08-12 09:34:35] Status Updated: Floor '9'
[2026-08-12 09:34:45] Tag Change: ID '00E2004717964068217DAF01' -> Floor '6'
[2026-08-12 09:34:47] Status Updated: Floor '6'
[2026-08-12 09:34:57] Tag Change: ID '00E20047175CC068217A1701' -> Floor '6'
[2026-08-12 09:34:58] Tag Change: ID '00E2004717688068217AD301' -> Floor '5'
[2026-08-12 09:34:59] Tag Change: ID '00E2004717684068217ACF01' -> Floor '5'
[2026-08-12 09:34:59] Status Updated: Floor '5'
[2026-08-12 09:35:00] Tag Change: ID '00E20047189E4068218E2F01' -> Floor '4'
[2026-08-12 09:35:01] Tag Change: ID '00E20047175A80682179F301' -> Floor '4'
[2026-08-12 09:35:01] Status Updated: Floor '4'
[2026-08-12 09:35:02] Tag Change: ID '00E2004718A58068218EA301' -> Floor '3'
[2026-08-12 09:35:02] Status Updated: Floor '3'
[2026-08-12 09:35:15] Tag Change: ID '00E2004717A7C068217EC701' -> Floor '3'
[2026-08-12 09:35:16] Tag Change: ID '00E2004717A0C068217E5701' -> Floor '3'
[2026-08-12 09:35:17] Tag Change: ID '00E20047179C4068217E0F01' -> Floor '2'
[2026-08-12 09:35:18] Status Updated: Floor '2'
[2026-08-12 09:35:31] Tag Change: ID '00E200471775B068217BA601' -> Floor '1'
[2026-08-12 09:35:31] Tag flapping: suppressed 2 repeated tag-change log lines in the last 68s
[2026-08-12 09:35:32] Status Updated: Floor '1'
[2026-08-12 09:35:33] Tag Change: ID '00E200471736C0682177B701' -> Floor '-1'
[2026-08-12 09:35:37] Tag Change: ID '00E2004717A40068217E8B01' -> Floor '-1'
[2026-08-12 09:35:38] Status Updated: Floor '-1'
[2026-08-12 09:36:00] Tag Change: ID '00E2004717AD8068217F2301' -> Floor '-2'
[2026-08-12 09:36:10] Tag Change: ID '00E2004717AC4068217F0F01' -> Floor '-1'
[2026-08-12 09:36:12] Tag Change: ID '00E2004717A54068217E9F01' -> Floor '0'
[2026-08-12 09:36:17] Status Updated: Floor '0'
[2026-08-12 09:36:26] Status Updated: Floor '1'
[2026-08-12 09:36:29] Tag Change: ID '00E200471768C068217AD701' -> Floor '1'
[2026-08-12 09:36:39] Tag Change: ID '00E20047176CC068217B1701' -> Floor '1'
[2026-08-12 09:36:49] Tag Change: ID '00E2004717688068217AD301' -> Floor '5'
[2026-08-12 09:36:51] Status Updated: Floor '5'
[2026-08-12 09:37:00] Tag Change: ID '00E200471777F068217BCA01' -> Floor 'Unknown'
[2026-08-12 09:37:06] Tag Change: ID '00E2004717964068217DAF01' -> Floor '6'
[2026-08-12 09:37:12] Status Updated: Floor '6'
[2026-08-12 09:37:15] Tag Change: ID '00E2004717767068217BB201' -> Floor '8'
[2026-08-12 09:37:16] Status Updated: Floor '8'
[2026-08-12 09:37:25] Tag Change: ID '00E2004717773068217BBE01' -> Floor '9'
[2026-08-12 09:37:25] Tag flapping: suppressed 4 repeated tag-change log lines in the last 60s
[2026-08-12 09:37:26] Tag Change: ID '00E20047177A7068217BF201' -> Floor '9'
[2026-08-12 09:37:27] Status Updated: Floor '9'
[2026-08-12 09:37:28] Tag Change: ID '00E200471744006821788B01' -> Floor '9'
[2026-08-12 09:37:38] Tag Change: ID '00E20047174880682178D301' -> Floor '10'
[2026-08-12 09:37:40] Tag Change: ID '002427031027000620240000' -> Floor 'Unknown'
[2026-08-12 09:37:44] Tag Change: ID '00E200471745C0682178A701' -> Floor '10'
[2026-08-12 09:37:44] Status Updated: Floor '10'
[2026-08-12 09:37:54] Tag Change: ID '00E200471751806821796301' -> Floor '11'
[2026-08-12 09:37:56] Tag Change: ID '00E200471753C06821798701' -> Floor '11'
[2026-08-12 09:37:56] Status Updated: Floor '11'
[2026-08-12 09:38:14] Tag Change: ID '00E2004718C4B06821909601' -> Floor 'Unknown'
[2026-08-12 09:38:18] Status Updated: Floor '9'
[2026-08-12 09:38:29] Tag Change: ID '00E2004717767068217BB201' -> Floor '8'
[2026-08-12 09:38:29] Status Updated: Floor '8'
[2026-08-12 09:38:41] Tag Change: ID '00E2004717710068217B5B00' -> Floor '8'
[2026-08-12 09:38:43] Tag Change: ID '00E2004717638068217A8301' -> Floor '7'
[2026-08-12 09:38:44] Status Updated: Floor '7'
[2026-08-12 09:39:00] Tag Change: ID '00E20047175F4068217A3F01' -> Floor '7'
[2026-08-12 09:39:00] Tag flapping: suppressed 9 repeated tag-change log lines in the last 75s
[2026-08-12 09:39:03] Tag Change: ID '00E2004717964068217DAF01' -> Floor '6'
[2026-08-12 09:39:03] Status Updated: Floor '6'
[2026-08-12 09:39:12] Tag Change: ID '00E20047175CC068217A1701' -> Floor '6'
[2026-08-12 09:39:13] Tag Change: ID '00E200471777F068217BCA01' -> Floor 'Unknown'
[2026-08-12 09:39:14] Tag Change: ID '00E2004717688068217AD301' -> Floor '5'
[2026-08-12 09:39:15] Status Updated: Floor '5'
[2026-08-12 09:39:27] Tag Change: ID '00E2004717684068217ACF01' -> Floor '5'
[2026-08-12 09:39:28] Tag Change: ID '00E200471897C068218DC701' -> Floor '5'
[2026-08-12 09:39:30] Tag Change: ID '00E20047189E4068218E2F01' -> Floor '4'
[2026-08-12 09:39:31] Status Updated: Floor '4'
[2026-08-12 09:39:42] Tag Change: ID '00E2004718A58068218EA301' -> Floor '3'
[2026-08-12 09:39:43] Status Updated: Floor '3'
[2026-08-12 09:39:54] Tag Change: ID '00E20047175A40682179EF01' -> Floor '2'
[2026-08-12 09:39:54] Tag Change: ID '00E200471741406821785F01' -> Floor '2'
[2026-08-12 09:39:55] Status Updated: Floor '2'
[2026-08-12 09:39:58] Tag Change: ID '00E200471736C0682177B701' -> Floor '-1'
[2026-08-12 09:40:03] Status Updated: Floor '-1'
[2026-08-12 09:40:06] Tag Change: ID '00E2004717A40068217E8B01' -> Floor '-1'
[2026-08-12 09:40:19] Tag Change: ID '00E2004717AD8068217F2301' -> Floor '-2'
[2026-08-12 09:40:20] Status Updated: Floor '-2'
[2026-08-12 09:40:54] Tag Change: ID '00E20047176CC068217B1701' -> Floor '1'
[2026-08-12 09:40:56] Tag Change: ID '00E2004717A0C068217E5701' -> Floor '3'
[2026-08-12 09:40:57] Tag Change: ID '00E2004718A58068218EA301' -> Floor '3'
[2026-08-12 09:40:58] Status Updated: Floor '3'
[2026-08-12 09:41:02] Tag Change: ID '00E2004717964068217DAF01' -> Floor '6'
[2026-08-12 09:41:02] Status Updated: Floor '6'
[2026-08-12 09:41:37] Tag Change: ID '00E2004717688068217AD301' -> Floor '5'
[2026-08-12 09:41:38] Tag Change: ID '00E2004717684068217ACF01' -> Floor '5'
[2026-08-12 09:41:38] Status Updated: Floor '5'
[2026-08-12 09:41:39] Tag Change: ID '00E20047189E4068218E2F01' -> Floor '4'
[2026-08-12 09:41:40] Tag Change: ID '00E20047175A80682179F301' -> Floor '4'
[2026-08-12 09:41:41] Status Updated: Floor '4'
[2026-08-12 09:41:43] Status Updated: Floor '3'
[2026-08-12 09:42:01] Tag Change: ID '00E20047179C4068217E0F01' -> Floor '2'
[2026-08-12 09:42:01] Status Updated: Floor '2'
[2026-08-12 09:42:14] Tag Change: ID '00E20047175A40682179EF01' -> Floor '2'
[2026-08-12 09:42:16] Tag Change: ID '00E200471768C068217AD701' -> Floor '1'
[2026-08-12 09:42:17] Status Updated: Floor '1'
[2026-08-12 09:42:20] Tag Change: ID '00E20047176CC068217B1701' -> Floor '1'
[2026-08-12 09:42:34] Tag Change: ID '00E2004717A54068217E9F01' -> Floor '0'
[2026-08-12 09:42:35] Status Updated: Floor '0'
[2026-08-12 09:42:36] Tag Change: ID '00E2004717A54068217E9F' -> Floor 'Unknown'
[2026-08-12 09:42:37] Tag Change: ID '00' -> Floor 'Unknown'
[2026-08-12 09:42:48] Tag Change: ID '00E2004717AC4068217F0F01' -> Floor '-1'
[2026-08-12 09:42:48] Tag flapping: suppressed 6 repeated tag-change log lines in the last 66s
[2026-08-12 09:42:49] Status Updated: Floor '-1'
[2026-08-12 09:43:01] Tag Change: ID '00E2004717A40068217E8B01' -> Floor '-1'
[2026-08-12 09:43:22] Tag Change: ID '00E2004717AD8068217F2301' -> Floor '-2'
[2026-08-12 09:43:24] Status Updated: Floor '-2'
[2026-08-12 09:43:36] Tag Change: ID '00E2004717A48068217E9301' -> Floor '-2'
[2026-08-12 09:43:38] Tag Change: ID '00E2004707E05060270EE801' -> Floor '-3'
[2026-08-12 09:43:38] Tag Change: ID '00E2004707DF5060270ED801' -> Floor '-3'
[2026-08-12 09:43:39] Status Updated: Floor '-3'
[2026-08-12 09:43:42] Tag Change: ID '00E2004707E01060270EE401' -> Floor '-3'
[2026-08-12 09:43:59] Tag Change: ID '00E200471768C068217AD701' -> Floor '1'
[2026-08-12 09:43:59] Tag Change: ID '00E200471741406821785F01' -> Floor '2'
[2026-08-12 09:43:59] Tag Change: ID '00E20047175A40682179EF01' -> Floor '2'
[2026-08-12 09:44:00] Status Updated: Floor '2'
[2026-08-12 09:44:01] Tag Change: ID '00E2004718A58068218EA301' -> Floor '3'
[2026-08-12 09:44:01] Status Updated: Floor '3'
[2026-08-12 09:44:03] Tag Change: ID '00E2004717684068217ACF01' -> Floor '5'
[2026-08-12 09:44:05] Tag Change: ID '00E2004717638068217A8301' -> Floor '7'
[2026-08-12 09:44:07] Tag Change: ID '00E20047177A7068217BF201' -> Floor '9'
[2026-08-12 09:44:09] Tag Change: ID '00E200471753C06821798701' -> Floor '11'
[2026-08-12 09:44:11] Tag Change: ID '00E2004717A84068217ECF01' -> Floor '12'
[2026-08-12 09:44:11] Status Updated: Floor '12'
[2026-08-12 09:44:12] Tag Change: ID '00E2004717A34068217E7F01' -> Floor '12'
[2026-08-12 09:44:28] Tag Change: ID '00E200471741006821785B01' -> Floor 'Unknown'
[2026-08-12 09:44:29] Tag Change: ID '00E200471751806821796301' -> Floor '11'
[2026-08-12 09:44:29] Status Updated: Floor '11'
[2026-08-12 09:44:30] Tag Change: ID '00E20047174C806821791301' -> Floor '11'
[2026-08-12 09:44:32] Tag Change: ID '00E200471745C0682178A701' -> Floor '10'
[2026-08-12 09:44:32] Tag Change: ID '002427031027000620240000' -> Floor 'Unknown'
[2026-08-12 09:44:39] Status Updated: Floor '10'
[2026-08-12 09:44:47] Tag flapping: suppressed 14 repeated tag-change log lines in the last 66s
[2026-08-12 09:44:59] Status Updated: Floor '7'
[2026-08-12 09:45:09] Tag Change: ID '00E2004717964068217DAF01' -> Floor '6'
[2026-08-12 09:45:11] Tag Change: ID '00E2004717688068217AD301' -> Floor '5'
[2026-08-12 09:45:12] Status Updated: Floor '5'
[2026-08-12 09:45:24] Tag Change: ID '00E2004717684068217ACF01' -> Floor '5'
[2026-08-12 09:45:25] Tag Change: ID '00E200471897C068218DC701' -> Floor '5'
[2026-08-12 09:45:27] Tag Change: ID '00E20047189E4068218E2F01' -> Floor '4'
[2026-08-12 09:45:28] Status Updated: Floor '4'
[2026-08-12 09:45:41] Tag Change: ID '00E20047175A80682179F301' -> Floor '4'
[2026-08-12 09:45:42] Tag Change: ID '00E2004717A0C068217E5701' -> Floor '3'
[2026-08-12 09:45:45] Tag Change: ID '00E200471775B068217BA601' -> Floor '1'
[2026-08-12 09:45:50] Tag Change: ID '00E2004717A40068217E8B01' -> Floor '-1'
[2026-08-12 09:45:50] Tag flapping: suppressed 8 repeated tag-change log lines in the last 62s
[2026-08-12 09:45:52] Status Updated: Floor '-1'
[2026-08-12 09:46:03] Tag Change: ID '00E2004717AD8068217F2301' -> Floor '-2'
[2026-08-12 09:46:08] Status Updated: Floor '-2'
[2026-08-12 09:46:24] Tag Change: ID '00E2004717A48068217E9301' -> Floor '-2'
[2026-08-12 09:46:26] Tag Change: ID '00E2004707E01060270EE401' -> Floor '-3'
[2026-08-12 09:46:26] Status Updated: Floor '-3'
[2026-08-12 09:46:26] Tag Change: ID '00E2004707E05060270EE801' -> Floor '-3'
[2026-08-12 09:46:33] Tag Change: ID '00E2004707DF5060270ED801' -> Floor '-3'
[2026-08-12 09:46:46] Status Updated: Floor '-2'
[2026-08-12 09:47:04] Tag Change: ID '00E2004717A40068217E8B01' -> Floor '-1'
[2026-08-12 09:47:05] Status Updated: Floor '-1'
[2026-08-12 09:47:20] Tag Change: ID '00E2004717A00068217E4B01' -> Floor '-1'
[2026-08-12 09:47:21] Tag Change: ID '00E200471736C0682177B701' -> Floor '-1'
[2026-08-12 09:47:23] Tag Change: ID '00E200471775B068217BA601' -> Floor '1'
[2026-08-12 09:47:23] Status Updated: Floor '1'
[2026-08-12 09:47:25] Tag Change: ID '00E20047175A40682179EF01' -> Floor '2'
[2026-08-12 09:47:27] Tag Change: ID '00E20047175A80682179F301' -> Floor '4'
[2026-08-12 09:47:27] Tag flapping: suppressed 11 repeated tag-change log lines in the last 60s
[2026-08-12 09:47:27] Status Updated: Floor '4'
[2026-08-12 09:47:27] Tag Change: ID '00E20047189E4068218E2F01' -> Floor '4'
[2026-08-12 09:47:29] Tag Change: ID '00E200471777F068217BCA01' -> Floor 'Unknown'
[2026-08-12 09:47:29] Tag Change: ID '00E20047175CC068217A1701' -> Floor '6'
[2026-08-12 09:47:31] Tag Change: ID '00E20047177A3068217BEE01' -> Floor '8'
[2026-08-12 09:47:32] Tag Change: ID '00E2004717767068217BB201' -> Floor '8'
[2026-08-12 09:47:32] Status Updated: Floor '8'
[2026-08-12 09:47:32] Tag Change: ID '00E20047177A7068217BF201' -> Floor '9'
[2026-08-12 09:47:33] Tag Change: ID '00E2004718C4B06821909601' -> Floor 'Unknown'
[2026-08-12 09:47:34] Tag Change: ID '00E20047174880682178D301' -> Floor '10'
[2026-08-12 09:47:35] Tag Change: ID '002427031027000620240000' -> Floor 'Unknown'
[2026-08-12 09:47:36] Tag Change: ID '00E200471745C0682178A701' -> Floor '10'
[2026-08-12 09:47:36] Status Updated: Floor '10'
[2026-08-12 09:47:49] Tag Change: ID '00E20047174C806821791301' -> Floor '11'
[2026-08-12 09:47:50] Status Updated: Floor '11'
[2026-08-12 09:47:51] Tag Change: ID '00E200471753C06821798701' -> Floor '11'
[2026-08-12 09:48:10] Tag Change: ID '00E200471744006821788B01' -> Floor '9'
[2026-08-12 09:48:11] Status Updated: Floor '9'
[2026-08-12 09:48:27] Tag Change: ID '00E2004717773068217BBE01' -> Floor '9'
[2026-08-12 09:48:30] Status Updated: Floor '8'
[2026-08-12 09:48:49] Tag Change: ID '00E2004717638068217A8301' -> Floor '7'
[2026-08-12 09:48:49] Tag flapping: suppressed 6 repeated tag-change log lines in the last 72s
[2026-08-12 09:48:50] Status Updated: Floor '7'
[2026-08-12 09:49:04] Tag Change: ID '00E200471777F068217BCA01' -> Floor 'Unknown'
[2026-08-12 09:49:05] Tag Change: ID '00E2004717688068217AD301' -> Floor '5'
[2026-08-12 09:49:06] Status Updated: Floor '5'
[2026-08-12 09:49:08] Tag Change: ID '00' -> Floor 'Unknown'
[2026-08-12 09:49:19] Tag Change: ID '00E2004717684068217ACF01' -> Floor '5'
[2026-08-12 09:49:20] Tag Change: ID '00E200471897C068218DC701' -> Floor '5'
[2026-08-12 09:49:22] Tag Change: ID '00E20047189E4068218E2F01' -> Floor '4'
[2026-08-12 09:49:24] Status Updated: Floor '4'
[2026-08-12 09:49:34] Tag Change: ID '00E2004718A58068218EA301' -> Floor '3'
[2026-08-12 09:49:35] Tag Change: ID '00E2004717A7C068217EC701' -> Floor '3'
[2026-08-12 09:49:35] Status Updated: Floor '3'
[2026-08-12 09:49:36] Tag Change: ID '00E2004717A0C068217E5701' -> Floor '3'
[2026-08-12 09:49:36] Tag Change: ID '00E20047179C4068217E0F01' -> Floor '2'
[2026-08-12 09:49:37] Status Updated: Floor '2'
[2026-08-12 09:49:53] Tag Change: ID '00E20047176CC068217B1701' -> Floor '1'
[2026-08-12 09:49:54] Tag Change: ID '00E2004717A54068217E9F01' -> Floor '0'
[2026-08-12 09:49:57] Tag Change: ID '00E2004717A00068217E4B01' -> Floor '-1'
[2026-08-12 09:50:01] Tag Change: ID '00E2004717A40068217E8B01' -> Floor '-1'
[2026-08-12 09:50:01] Status Updated: Floor '-1'
[2026-08-12 09:50:26] Tag Change: ID '00E2004717AD8068217F2301' -> Floor '-2'
[2026-08-12 09:50:26] Tag flapping: suppressed 1 repeated tag-change log lines in the last 77s
[2026-08-12 09:50:26] Status Updated: Floor '-2'
[2026-08-12 09:50:48] Status Updated: Floor '-1'
[2026-08-12 09:51:01] Tag Change: ID '00E2004717A54068217E9F01' -> Floor '0'
[2026-08-12 09:51:01] Tag Change: ID '00E200471775B068217BA601' -> Floor '1'
[2026-08-12 09:51:02] Tag Change: ID '00E20047176CC068217B1701' -> Floor '1'
[2026-08-12 09:51:03] Status Updated: Floor '1'
[2026-08-12 09:51:03] Tag Change: ID '00E200471768C068217AD701' -> Floor '1'
[2026-08-12 09:51:03] Tag Change: ID '00E200471741406821785F01' -> Floor '2'
[2026-08-12 09:51:06] Tag Change: ID '00E20047179C4068217E0F01' -> Floor '2'
[2026-08-12 09:51:06] Status Updated: Floor '2'
[2026-08-12 09:51:18] Tag Change: ID '00E2004717A0C068217E5701' -> Floor '3'
[2026-08-12 09:51:19] Status Updated: Floor '3'
[2026-08-12 09:51:22] Tag Change: ID '00E20047189E4068218E2F01' -> Floor '4'
[2026-08-12 09:51:23] Status Updated: Floor '4'
[2026-08-12 09:51:33] Tag Change: ID '00E200471897C068218DC701' -> Floor '5'
[2026-08-12 09:51:34] Status Updated: Floor '5'
[2026-08-12 09:51:34] Tag Change: ID '00E2004717684068217ACF01' -> Floor '5'
[2026-08-12 09:51:35] Tag Change: ID '00E20047175CC068217A1701' -> Floor '6'
[2026-08-12 09:51:36] Status Updated: Floor '6'
[2026-08-12 09:51:37] Tag Change: ID '00E2004717964068217DAF01' -> Floor '6'
[2026-08-12 09:51:54] Tag Change: ID '00E2004717710068217B5B00' -> Floor '8'
[2026-08-12 09:51:54] Tag flapping: suppressed 4 repeated tag-change log lines in the last 67s
[2026-08-12 09:51:56] Tag Change: ID '00E2004718C4B06821909601' -> Floor 'Unknown'
[2026-08-12 09:51:58] Tag Change: ID '002427031027000620240000' -> Floor 'Unknown'
[2026-08-12 09:51:58] Tag Change: ID '00E200471745C0682178A701' -> Floor '10'
[2026-08-12 09:51:58] Status Updated: Floor '10'
[2026-08-12 09:52:14] Tag Change: ID '00E200471741006821785B01' -> Floor 'Unknown'
[2026-08-12 09:52:14] Tag Change: ID '00E2004717A84068217ECF01' -> Floor '12'
[2026-08-12 09:52:17] Tag Change: ID '00E2004717A34068217E7F01' -> Floor '12'
[2026-08-12 09:52:18] Status Updated: Floor '12'
[2026-08-12 09:52:32] Tag Change: ID '00E200471751806821796301' -> Floor '11'
[2026-08-12 09:52:35] Tag Change: ID '00E200471744006821788B01' -> Floor '9'
[2026-08-12 09:52:35] Status Updated: Floor '9'
[2026-08-12 09:52:50] Tag Change: ID '00E20047177A7068217BF201' -> Floor '9'
[2026-08-12 09:52:50] Tag Change: ID '00E2004717773068217BBE01' -> Floor '9'
[2026-08-12 09:52:52] Tag Change: ID '00E2004717767068217BB201' -> Floor '8'
[2026-08-12 09:52:53] Status Updated: Floor '8'
[2026-08-12 09:53:08] Tag Change: ID '00E20047177A3068217BEE01' -> Floor '8'
[2026-08-12 09:53:08] Tag flapping: suppressed 12 repeated tag-change log lines in the last 69s
[2026-08-12 09:53:09] Tag Change: ID '00E20047175F4068217A3F01' -> Floor '7'
[2026-08-12 09:53:10] Tag Change: ID '00E2004717964068217DAF01' -> Floor '6'
[2026-08-12 09:53:20] Status Updated: Floor '6'
[2026-08-12 09:53:28] Tag Change: ID '00E20047175CC068217A1701' -> Floor '6'
[2026-08-12 09:53:29] Tag Change: ID '00E2004717688068217AD301' -> Floor '5'
[2026-08-12 09:53:29] Tag Change: ID '00E200471777F068217BCA01' -> Floor 'Unknown'
[2026-08-12 09:53:30] Status Updated: Floor '5'
[2026-08-12 09:53:43] Tag Change: ID '00E2004717684068217ACF01' -> Floor '5'
[2026-08-12 09:53:47] Tag Change: ID '00E20047189E4068218E2F01' -> Floor '4'
[2026-08-12 09:53:47] Status Updated: Floor '4'
[2026-08-12 09:54:01] Tag Change: ID '00E2004717A7C068217EC701' -> Floor '3'
[2026-08-12 09:54:02] Tag Change: ID '00E2004717A0C068217E5701' -> Floor '3'
[2026-08-12 09:54:02] Status Updated: Floor '3'
[2026-08-12 09:54:04] Tag Change: ID '00E200471741406821785F01' -> Floor '2'
[2026-08-12 09:54:04] Tag Change: ID '00E200471768C068217AD701' -> Floor '1'
[2026-08-12 09:54:05] Status Updated: Floor '1'
[2026-08-12 09:54:06] Tag Change: ID '00E20047176CC068217B1701' -> Floor '1'
[2026-08-12 09:54:20] Tag Change: ID '00E200471775B068217BA601' -> Floor '1'
[2026-08-12 09:54:27] Tag Change: ID '00E2004717AD8068217F2301' -> Floor '-2'
[2026-08-12 09:54:27] Status Updated: Floor '-2'
[2026-08-12 09:55:02] Tag Change: ID '00E2004717A40068217E8B01' -> Floor '-1'
[2026-08-12 09:55:02] Tag flapping: suppressed 8 repeated tag-change log lines in the last 92s
[2026-08-12 09:55:11] Tag Change: ID '00E20047176CC068217B1701' -> Floor '1'
[2026-08-12 09:55:12] Status Updated: Floor '1'
[2026-08-12 09:55:14] Tag Change: ID '00E200471768C068217AD701' -> Floor '1'
[2026-08-12 09:55:23] Tag Change: ID '00E200471741406821785F01' -> Floor '2'
[2026-08-12 09:55:24] Tag Change: ID '00E20047175A40682179EF01' -> Floor '2'
[2026-08-12 09:55:24] Status Updated: Floor '2'
[2026-08-12 09:55:27] Tag Change: ID '00E20047179C4068217E0F01' -> Floor '2'
[2026-08-12 09:55:37] Tag Change: ID '00E2004717A0C068217E5701' -> Floor '3'
[2026-08-12 09:55:38] Tag Change: ID '00E2004717A7C068217EC701' -> Floor '3'
[2026-08-12 09:55:39] Status Updated: Floor '3'
[2026-08-12 09:55:39] Tag Change: ID '00E20047189E4068218E2F01' -> Floor '4'
[2026-08-12 09:55:40] Tag Change: ID '00E200471897C068218DC701' -> Floor '5'
[2026-08-12 09:55:40] Tag Change: ID '00E2004717688068217AD301' -> Floor '5'
[2026-08-12 09:55:41] Status Updated: Floor '5'
[2026-08-12 09:55:41] Tag Change: ID '00E20047175CC068217A1701' -> Floor '6'
[2026-08-12 09:55:43] Tag Change: ID '00E2004717964068217DAF01' -> Floor '6'
[2026-08-12 09:55:43] Status Updated: Floor '6'
[2026-08-12 09:55:58] Tag Change: ID '00E2004717638068217A8301' -> Floor '7'
[2026-08-12 09:56:01] Tag Change: ID '00E2004717767068217BB201' -> Floor '8'
[2026-08-12 09:56:02] Status Updated: Floor '8'
[2026-08-12 09:56:14] Tag Change: ID '00E200471744006821788B01' -> Floor '9'
[2026-08-12 09:56:18] Status Updated: Floor '9'
[2026-08-12 09:56:26] Tag Change: ID '00E2004718C4B06821909601' -> Floor 'Unknown'
[2026-08-12 09:56:26] Tag flapping: suppressed 2 repeated tag-change log lines in the last 69s
[2026-08-12 09:56:26] Tag Change: ID '00E20047174880682178D301' -> Floor '10'
[2026-08-12 09:56:28] Tag Change: ID '002427031027000620240000' -> Floor 'Unknown'
[2026-08-12 09:56:32] Tag Change: ID '00E200471745C0682178A701' -> Floor '10'
[2026-08-12 09:56:32] Status Updated: Floor '10'
[2026-08-12 09:56:47] Tag Change: ID '00E20047175CC068217A1701' -> Floor '6'
[2026-08-12 09:56:47] Tag Change: ID '00E200471777F068217BCA01' -> Floor 'Unknown'
[2026-08-12 09:56:48] Tag Change: ID '00E2004717684068217ACF01' -> Floor '5'
[2026-08-12 09:56:49] Tag Change: ID '00E20047175A80682179F301' -> Floor '4'
[2026-08-12 09:56:50] Tag Change: ID '00E2004717A7C068217EC701' -> Floor '3'
[2026-08-12 09:56:52] Tag Change: ID '00E20047176CC068217B1701' -> Floor '1'
[2026-08-12 09:56:56] Tag Change: ID '00E2004717A00068217E4B01' -> Floor '-1'
[2026-08-12 09:57:02] Tag Change: ID '00E2004717AD8068217F2301' -> Floor '-2'
[2026-08-12 09:57:05] Status Updated: Floor '-2'
[2026-08-12 09:57:45] Tag Change: ID '00E2004717A54068217E9F01' -> Floor '0'
[2026-08-12 09:57:45] Tag flapping: suppressed 7 repeated tag-change log lines in the last 72s
[2026-08-12 09:57:49] Tag Change: ID '00E200471768C068217AD701' -> Floor '1'
[2026-08-12 09:57:49] Status Updated: Floor '1'
[2026-08-12 09:57:57] Tag Change: ID '00E20047176CC068217B1701' -> Floor '1'
[2026-08-12 09:58:12] Tag Change: ID '00E200471741406821785F01' -> Floor '2'
[2026-08-12 09:58:13] Tag Change: ID '00E20047175A40682179EF01' -> Floor '2'
[2026-08-12 09:58:14] Tag Change: ID '00E2004717A0C068217E5701' -> Floor '3'
[2026-08-12 09:58:16] Tag Change: ID '00E2004718A58068218EA301' -> Floor '3'
[2026-08-12 09:58:22] Status Updated: Floor '3'
[2026-08-12 09:58:28] Tag Change: ID '00E20047189E4068218E2F01' -> Floor '4'
[2026-08-12 09:58:30] Tag Change: ID '00E20047175CC068217A1701' -> Floor '6'
[2026-08-12 09:58:30] Status Updated: Floor '6'
[2026-08-12 09:58:34] Tag Change: ID '00E2004717638068217A8301' -> Floor '7'
[2026-08-12 09:58:34] Status Updated: Floor '7'
[2026-08-12 09:58:46] Tag Change: ID '00E2004717773068217BBE01' -> Floor '9'
[2026-08-12 09:58:47] Tag Change: ID '00E20047177A7068217BF201' -> Floor '9'
[2026-08-12 09:58:47] Status Updated: Floor '9'
[2026-08-12 09:58:49] Tag Change: ID '00E200471744006821788B01' -> Floor '9'
[2026-08-12 09:59:06] Tag Change: ID '00E20047177A3068217BEE01' -> Floor '8'
[2026-08-12 09:59:06] Tag flapping: suppressed 2 repeated tag-change log lines in the last 68s
[2026-08-12 09:59:13] Tag Change: ID '00E2004717964068217DAF01' -> Floor '6'
[2026-08-12 09:59:21] Status Updated: Floor '6'
[2026-08-12 09:59:31] Tag Change: ID '00E20047175CC068217A1701' -> Floor '6'
[2026-08-12 09:59:36] Tag Change: ID '00E2004717A0C068217E5701' -> Floor '3'
[2026-08-12 09:59:39] Tag Change: ID '00E20047179C4068217E0F01' -> Floor '2'
[2026-08-12 09:59:41] Status Updated: Floor '2'
[2026-08-12 09:59:52] Tag Change: ID '00E200471768C068217AD701' -> Floor '1'
[2026-08-12 09:59:53] Status Updated: Floor '1'
[2026-08-12 09:59:54] Tag Change: ID '00E200471775B068217BA601' -> Floor '1'
[2026-08-12 09:59:55] Tag Change: ID '00E2004717AC4068217F0F01' -> Floor '-1'
[2026-08-12 09:59:56] Tag Change: ID '00E200471736C0682177B701' -> Floor '-1'
[2026-08-12 09:59:56] Status Updated: Floor '-1'
[2026-08-12 10:00:07] Tag Change: ID '00E2004717A40068217E8B01' -> Floor '-1'
[2026-08-12 10:00:30] Tag Change: ID '00E2004717AD8068217F2301' -> Floor '-2'
[2026-08-12 10:00:35] Tag Change: ID '00E2004717A48068217E9301' -> Floor '-2'
[2026-08-12 10:00:36] Status Updated: Floor '-2'
[2026-08-12 10:00:37] Tag Change: ID '00E2004707E05060270EE801' -> Floor '-3'
[2026-08-12 10:00:44] Status Updated: Floor '-3'
[2026-08-12 10:00:45] Tag Change: ID '00E2004707E01060270EE401' -> Floor '-3'
[2026-08-12 10:00:51] Tag Change: ID '00E2004707DF5060270ED801' -> Floor '-3'
[2026-08-12 10:00:59] Tag Change: ID '00E2004717A00068217E4B01' -> Floor '-1'
[2026-08-12 10:01:01] Tag Change: ID '00E2004717A54068217E9F01' -> Floor '0'
[2026-08-12 10:01:02] Tag Change: ID '00E20047176CC068217B1701' -> Floor '1'
[2026-08-12 10:01:02] Tag Change: ID '00E200471768C068217AD701' -> Floor '1'
[2026-08-12 10:01:03] Status Updated: Floor '1'
[2026-08-12 10:01:04] Tag Change: ID '00E2004717A0C068217E5701' -> Floor '3'
[2026-08-12 10:01:05] Tag Change: ID '00E2004718A58068218EA301' -> Floor '3'
[2026-08-12 10:01:05] Status Updated: Floor '3'
[2026-08-12 10:01:07] Tag Change: ID '00E20047175CC068217A1701' -> Floor '6'
[2026-08-12 10:01:08] Status Updated: Floor '6'
[2026-08-12 10:01:09] Tag Change: ID '00E20047175F4068217A3F01' -> Floor '7'
[2026-08-12 10:01:12] Tag Change: ID '00E200471744006821788B01' -> Floor '9'
[2026-08-12 10:01:13] Status Updated: Floor '9'
[2026-08-12 10:01:32] Tag Change: ID '00E2004717773068217BBE01' -> Floor '9'
[2026-08-12 10:01:34] Tag Change: ID '00E2004717767068217BB201' -> Floor '8'
[2026-08-12 10:01:34] Status Updated: Floor '8'
[2026-08-12 10:01:51] Tag Change: ID '00E20047177A3068217BEE01' -> Floor '8'
[2026-08-12 10:01:51] Tag flapping: suppressed 8 repeated tag-change log lines in the last 65s
[2026-08-12 10:01:57] Tag Change: ID '00E2004717964068217DAF01' -> Floor '6'
[2026-08-12 10:02:04] Status Updated: Floor '6'
[2026-08-12 10:02:08] Tag Change: ID '00E2004717688068217AD301' -> Floor '5'
[2026-08-12 10:02:13] Status Updated: Floor '5'
[2026-08-12 10:02:14] Tag Change: ID '00E2004717A54068217E9F01' -> Floor '0'
[2026-08-12 10:02:15] Tag Change: ID '00E2004717AC4068217F0F01' -> Floor '-1'
[2026-08-12 10:02:26] Tag Change: ID '00E2004717A40068217E8B01' -> Floor '-1'
[2026-08-12 10:02:26] Status Updated: Floor '-1'
[2026-08-12 10:02:29] Tag Change: ID '00E2004717A00068217E4B01' -> Floor '-1'
[2026-08-12 10:02:49] Tag Change: ID '00E2004717AD8068217F2301' -> Floor '-2'
[2026-08-12 10:02:50] Status Updated: Floor '-2'
[2026-08-12 10:03:13] Tag Change: ID '00E2004717A9C068217EE701' -> Floor '-2'
[2026-08-12 10:03:13] Tag flapping: suppressed 1 repeated tag-change log lines in the last 80s
[2026-08-12 10:03:15] Tag Change: ID '00E2004717A48068217E9301' -> Floor '-2'
[2026-08-12 10:03:18] Tag Change: ID '00E2004707DF5060270ED801' -> Floor '-3'
[2026-08-12 10:03:18] Status Updated: Floor '-3'
[2026-08-12 10:03:20] Tag Change: ID '00E2004707E05060270EE801' -> Floor '-3'
[2026-08-12 10:03:21] Tag Change: ID '00E2004707E01060270EE401' -> Floor '-3'
[2026-08-12 10:03:44] Tag Change: ID '00E200471775B068217BA601' -> Floor '1'
[2026-08-12 10:03:45] Status Updated: Floor '1'
[2026-08-12 10:03:46] Tag Change: ID '00E200471768C068217AD701' -> Floor '1'
[2026-08-12 10:03:46] Tag Change: ID '00E20047175A40682179EF01' -> Floor '2'
[2026-08-12 10:03:47] Tag Change: ID '00E2004717A0C068217E5701' -> Floor '3'
[2026-08-12 10:03:47] Status Updated: Floor '3'
[2026-08-12 10:03:49] Tag Change: ID '00E200471897C068218DC701' -> Floor '5'
[2026-08-12 10:03:50] Tag Change: ID '00E2004717688068217AD301' -> Floor '5'
[2026-08-12 10:03:51] Status Updated: Floor '5'
[2026-08-12 10:03:51] Tag Change: ID '00E2004717A60068217EAB01' -> Floor '7'
[2026-08-12 10:03:53] Tag Change: ID '00E2004717638068217A8301' -> Floor '7'
[2026-08-12 10:03:54] Status Updated: Floor '7'
[2026-08-12 10:04:13] Tag Change: ID '00E20047189E4068218E2F01' -> Floor '4'
[2026-08-12 10:04:14] Tag Change: ID '00E2004718A2C068218E7701' -> Floor '4'
[2026-08-12 10:04:14] Status Updated: Floor '4'
[2026-08-12 10:04:15] Tag Change: ID '00E2004718A58068218EA301' -> Floor '3'
[2026-08-12 10:04:17] Status Updated: Floor '3'
[2026-08-12 10:04:31] Tag flapping: suppressed 8 repeated tag-change log lines in the last 66s
[2026-08-12 10:04:31] Tag Change: ID '00E20047179C4068217E0F01' -> Floor '2'
[2026-08-12 10:04:33] Status Updated: Floor '2'
[2026-08-12 10:04:34] Status Updated: Floor '1'
[2026-08-12 10:04:38] Tag Change: ID '00E20047176CC068217B1701' -> Floor '1'
[2026-08-12 10:04:51] Tag Change: ID '00E2004717AC4068217F0F01' -> Floor '-1'
[2026-08-12 10:04:54] Tag Change: ID '00E2004717A40068217E8B01' -> Floor '-1'
[2026-08-12 10:04:55] Status Updated: Floor '-1'
[2026-08-12 10:05:13] Tag Change: ID '00E2004717AD8068217F2301' -> Floor '-2'
[2026-08-12 10:05:17] Status Updated: Floor '-2'
[2026-08-12 10:05:48] Tag flapping: suppressed 7 repeated tag-change log lines in the last 75s
[2026-08-12 10:05:59] Status Updated: Floor '-1'
[2026-08-12 10:06:27] Tag Change: ID '00E200471768C068217AD701' -> Floor '1'
[2026-08-12 10:06:29] Status Updated: Floor '1'
[2026-08-12 10:06:30] Tag Change: ID '00E20047176CC068217B1701' -> Floor '1'
[2026-08-12 10:06:41] Tag Change: ID '00E200471741406821785F01' -> Floor '2'
[2026-08-12 10:06:42] Tag Change: ID '00E2004717A0C068217E5701' -> Floor '3'
[2026-08-12 10:06:43] Status Updated: Floor '3'
[2026-08-12 10:06:43] Tag Change: ID '00E2004717A7C068217EC701' -> Floor '3'
[2026-08-12 10:06:45] Tag Change: ID '00E20047189E4068218E2F01' -> Floor '4'
[2026-08-12 10:06:45] Tag Change: ID '00E200471897C068218DC701' -> Floor '5'
[2026-08-12 10:06:47] Tag Change: ID '00E2004717688068217AD301' -> Floor '5'
[2026-08-12 10:06:48] Status Updated: Floor '5'
[2026-08-12 10:07:02] Tag Change: ID '00E200471777F068217BCA01' -> Floor 'Unknown'
[2026-08-12 10:07:04] Tag Change: ID '00E2004717964068217DAF01' -> Floor '6'
[2026-08-12 10:07:06] Status Updated: Floor '6'
[2026-08-12 10:07:20] Tag Change: ID '00E2004717767068217BB201' -> Floor '8'
[2026-08-12 10:07:22] Status Updated: Floor '8'
[2026-08-12 10:07:33] Tag Change: ID '00E2004717773068217BBE01' -> Floor '9'
[2026-08-12 10:07:33] Tag flapping: suppressed 7 repeated tag-change log lines in the last 63s
[2026-08-12 10:07:36] Tag Change: ID '00E2004718C4B06821909601' -> Floor 'Unknown'
[2026-08-12 10:07:36] Tag Change: ID '00E20047174880682178D301' -> Floor '10'
[2026-08-12 10:07:37] Status Updated: Floor '10'
[2026-08-12 10:07:37] Tag Change: ID '002427031027000620240000' -> Floor 'Unknown'
[2026-08-12 10:07:50] Tag Change: ID '00E20047174C806821791301' -> Floor '11'
[2026-08-12 10:07:51] Status Updated: Floor '11'
[2026-08-12 10:07:51] Tag Change: ID '00E200471751806821796301' -> Floor '11'
[2026-08-12 10:07:53] Tag Change: ID '00E200471753C06821798701' -> Floor '11'
[2026-08-12 10:08:10] Tag Change: ID '00E2004717638068217A8301' -> Floor '7'
[2026-08-12 10:08:12] Tag Change: ID '00E20047175CC068217A1701' -> Floor '6'
[2026-08-12 10:08:12] Tag Change: ID '00E2004717688068217AD301' -> Floor '5'
[2026-08-12 10:08:15] Tag Change: ID '00E2004717A0C068217E5701' -> Floor '3'
[2026-08-12 10:08:16] Status Updated: Floor '3'
[2026-08-12 10:08:18] Tag Change: ID '00E200471775B068217BA601' -> Floor '1'
[2026-08-12 10:08:35] Tag Change: ID '00E2004717AD8068217F2301' -> Floor '-2'
[2026-08-12 10:08:39] Status Updated: Floor '-2'
[2026-08-12 10:08:46] Tag Change: ID '00E2004717A90068217EDB01' -> Floor 'Unknown'
[2026-08-12 10:08:49] Tag Change: ID '00E2004717A54068217E9F01' -> Floor '0'
[2026-08-12 10:08:50] Tag Change: ID '00E20047176CC068217B1701' -> Floor '1'
[2026-08-12 10:08:53] Tag Change: ID '00E200471768C068217AD701' -> Floor '1'
[2026-08-12 10:08:53] Status Updated: Floor '1'
[2026-08-12 10:09:09] Tag flapping: suppressed 3 repeated tag-change log lines in the last 62s
[2026-08-12 10:09:11] Tag Change: ID '00E2004717638068217A8301' -> Floor '7'
[2026-08-12 10:09:12] Tag Change: ID '00E20047177A3068217BEE01' -> Floor '8'
[2026-08-12 10:09:13] Tag Change: ID '00E2004717767068217BB201' -> Floor '8'
[2026-08-12 10:09:13] Status Updated: Floor '8'
[2026-08-12 10:09:29] Tag Change: ID '00E2004717773068217BBE01' -> Floor '9'
[2026-08-12 10:09:30] Tag Change: ID '00E20047177A7068217BF201' -> Floor '9'
[2026-08-12 10:09:31] Status Updated: Floor '9'
[2026-08-12 10:09:32] Tag Change: ID '00E200471744006821788B01' -> Floor '9'
[2026-08-12 10:09:46] Tag Change: ID '002427031027000620240000' -> Floor 'Unknown'
[2026-08-12 10:09:47] Tag Change: ID '00E200471751806821796301' -> Floor '11'
[2026-08-12 10:09:48] Tag Change: ID '00E200471753C06821798701' -> Floor '11'
[2026-08-12 10:09:49] Status Updated: Floor '11'
[2026-08-12 10:10:07] Tag Change: ID '00E200471745C0682178A701' -> Floor '10'
[2026-08-12 10:10:08] Status Updated: Floor '10'
[2026-08-12 10:10:18] Tag Change: ID '00E2004718C4B06821909601' -> Floor 'Unknown'
[2026-08-12 10:10:20] Tag Change: ID '00E2004717767068217BB201' -> Floor '8'
[2026-08-12 10:10:21] Tag Change: ID '00E20047177A3068217BEE01' -> Floor '8'
[2026-08-12 10:10:21] Status Updated: Floor '8'
[2026-08-12 10:10:23] Tag Change: ID '00E2004717688068217AD301' -> Floor '5'
[2026-08-12 10:10:23] Tag Change: ID '00E2004717684068217ACF01' -> Floor '5'
[2026-08-12 10:10:24] Status Updated: Floor '5'
[2026-08-12 10:10:24] Tag Change: ID '00E200471897C068218DC701' -> Floor '5'
[2026-08-12 10:10:27] Tag Change: ID '00E200471768C068217AD701' -> Floor '1'
[2026-08-12 10:10:30] Tag Change: ID '00E2004717AC4068217F0F01' -> Floor '-1'
[2026-08-12 10:10:30] Status Updated: Floor '-1'
[2026-08-12 10:10:38] Tag Change: ID '00E2004717AD8068217F2301' -> Floor '-2'
[2026-08-12 10:10:38] Status Updated: Floor '-2'
[2026-08-12 10:11:04] Tag Change: ID '00E2004717A90068217EDB01' -> Floor 'Unknown'
[2026-08-12 10:11:04] Tag flapping: suppressed 6 repeated tag-change log lines in the last 61s
[2026-08-12 10:11:15] Tag Change: ID '00E2004717A00068217E4B01' -> Floor '-1'
[2026-08-12 10:11:16] Tag Change: ID '00E200471736C0682177B701' -> Floor '-1'
[2026-08-12 10:11:16] Status Updated: Floor '-1'
[2026-08-12 10:11:19] Tag Change: ID '00E20047176CC068217B1701' -> Floor '1'
[2026-08-12 10:11:21] Tag Change: ID '00E2004717A0C068217E5701' -> Floor '3'
[2026-08-12 10:11:22] Tag Change: ID '00E2004718A58068218EA301' -> Floor '3'
[2026-08-12 10:11:22] Status Updated: Floor '3'
[2026-08-12 10:11:24] Tag Change: ID '00E20047189E4068218E2F01' -> Floor '4'
[2026-08-12 10:11:25] Status Updated: Floor '4'
[2026-08-12 10:11:43] Tag Change: ID '00E2004717688068217AD301' -> Floor '5'
[2026-08-12 10:11:43] Status Updated: Floor '5'
[2026-08-12 10:11:54] Tag Change: ID '00E200471777F068217BCA01' -> Floor 'Unknown'
[2026-08-12 10:11:55] Tag Change: ID '00E20047175CC068217A1701' -> Floor '6'
[2026-08-12 10:11:58] Tag Change: ID '00E20047177A7068217BF201' -> Floor '9'
[2026-08-12 10:12:00] Tag Change: ID '00E20047174880682178D301' -> Floor '10'
[2026-08-12 10:12:00] Tag Change: ID '002427031027000620240000' -> Floor 'Unknown'
[2026-08-12 10:12:01] Tag Change: ID '00E20047174C806821791301' -> Floor '11'
[2026-08-12 10:12:01] Status Updated: Floor '11'
[2026-08-12 10:12:03] Tag Change: ID '00E200471753C06821798701' -> Floor '11'
[2026-08-12 10:12:20] Tag Change: ID '00E200471751806821796301' -> Floor '11'
[2026-08-12 10:12:23] Tag Change: ID '00E2004717710068217B5B00' -> Floor '8'
[2026-08-12 10:12:25] Tag Change: ID '00E20047175F4068217A3F01' -> Floor '7'
[2026-08-12 10:12:26] Tag Change: ID '00E2004717964068217DAF01' -> Floor '6'
[2026-08-12 10:12:33] Status Updated: Floor '6'
[2026-08-12 10:12:45] Tag Change: ID '00E2004718A58068218EA301' -> Floor '3'
[2026-08-12 10:12:47] Tag Change: ID '00E200471741406821785F01' -> Floor '2'
[2026-08-12 10:12:49] Tag Change: ID '00E200471775B068217BA601' -> Floor '1'
[2026-08-12 10:12:51] Tag Change: ID '00E200471736C0682177B701' -> Floor '-1'
[2026-08-12 10:12:52] Tag Change: ID '00E2004717A00068217E4B01' -> Floor '-1'
[2026-08-12 10:12:53] Status Updated: Floor '-1'
[2026-08-12 10:12:54] Tag Change: ID '00E2004717A40068217E8B01' -> Floor '-1'
[2026-08-12 10:13:16] Tag Change: ID '00E2004717AD8068217F2301' -> Floor '-2'
[2026-08-12 10:13:20] Status Updated: Floor '-2'
[2026-08-12 10:13:26] Tag Change: ID '00E2004717A90068217EDB01' -> Floor 'Unknown'
[2026-08-12 10:13:26] Tag flapping: suppressed 1 repeated tag-change log lines in the last 64s
[2026-08-12 10:13:49] Tag Change: ID '00E2004717A54068217E9F01' -> Floor '0'
[2026-08-12 10:13:51] Status Updated: Floor '0'
[2026-08-12 10:14:02] Tag Change: ID '00E200471775B068217BA601' -> Floor '1'
[2026-08-12 10:14:04] Tag Change: ID '00E200471768C068217AD701' -> Floor '1'
[2026-08-12 10:14:05] Status Updated: Floor '1'
[2026-08-12 10:14:06] Tag Change: ID '00E2004718A58068218EA301' -> Floor '3'
[2026-08-12 10:14:07] Tag Change: ID '00E20047175A80682179F301' -> Floor '4'
[2026-08-12 10:14:08] Tag Change: ID '00E2004717684068217ACF01' -> Floor '5'
[2026-08-12 10:14:09] Status Updated: Floor '5'
[2026-08-12 10:14:09] Tag Change: ID '00E20047175CC068217A1701' -> Floor '6'
[2026-08-12 10:14:10] Tag Change: ID '00E2004717964068217DAF01' -> Floor '6'
[2026-08-12 10:14:10] Status Updated: Floor '6'
[2026-08-12 10:14:12] Tag Change: ID '00E2004717773068217BBE01' -> Floor '9'
[2026-08-12 10:14:13] Tag Change: ID '00E20047177A7068217BF201' -> Floor '9'
[2026-08-12 10:14:18] Status Updated: Floor '9'
[2026-08-12 10:14:18] Tag Change: ID '00E200471744006821788B01' -> Floor '9'
[2026-08-12 10:14:32] Tag Change: ID '002427031027000620240000' -> Floor 'Unknown'
[2026-08-12 10:14:35] Tag Change: ID '00E200471745C0682178A701' -> Floor '10'
[2026-08-12 10:14:35] Tag flapping: suppressed 1 repeated tag-change log lines in the last 60s
[2026-08-12 10:14:36] Status Updated: Floor '10'
[2026-08-12 10:14:41] Tag Change: ID '00E20047174C806821791301' -> Floor '11'
[2026-08-12 10:14:42] Tag Change: ID '00E200471751806821796301' -> Floor '11'
[2026-08-12 10:14:43] Status Updated: Floor '11'
[2026-08-12 10:14:43] Tag Change: ID '00E200471753C06821798701' -> Floor '11'
[2026-08-12 10:15:03] Status Updated: Floor '9'
[2026-08-12 10:15:05] Tag Change: ID '00E2004717767068217BB201' -> Floor '8'
[2026-08-12 10:15:06] Status Updated: Floor '8'
[2026-08-12 10:15:23] Tag Change: ID '00E2004717638068217A8301' -> Floor '7'
[2026-08-12 10:15:24] Status Updated: Floor '7'
[2026-08-12 10:15:39] Tag Change: ID '00E2004717964068217DAF01' -> Floor '6'
[2026-08-12 10:15:39] Tag flapping: suppressed 3 repeated tag-change log lines in the last 62s
[2026-08-12 10:15:40] Tag Change: ID '00E2004717688068217AD301' -> Floor '5'
[2026-08-12 10:15:41] Status Updated: Floor '5'
[2026-08-12 10:15:42] Tag Change: ID '00E20047175A80682179F301' -> Floor '4'
[2026-08-12 10:15:46] Tag Change: ID '00E200471768C068217AD701' -> Floor '1'
[2026-08-12 10:15:47] Status Updated: Floor '1'
[2026-08-12 10:15:54] Tag Change: ID '00E20047176CC068217B1701' -> Floor '1'
[2026-08-12 10:15:58] Tag Change: ID '00E200471768C068' -> Floor 'Unknown'
[2026-08-12 10:16:07] Tag Change: ID '00E200471775B068217BA601' -> Floor '1'
[2026-08-12 10:16:08] Tag Change: ID '00E2004717AC4068217F0F01' -> Floor '-1'
[2026-08-12 10:16:37] Tag Change: ID '00E2004717AD8068217F2301' -> Floor '-2'
[2026-08-12 10:16:43] Status Updated: Floor '-2'
[2026-08-12 10:16:49] Tag Change: ID '00E2004707DF5060270ED801' -> Floor '-3'
[2026-08-12 10:16:49] Tag Change: ID '00E2004707E05060270EE801' -> Floor '-3'
[2026-08-12 10:16:49] Status Updated: Floor '-3'
[2026-08-12 10:16:49] Tag Change: ID '00E2004707E01060270EE401' -> Floor '-3'
[2026-08-12 10:16:55] Tag flapping: suppressed 10 repeated tag-change log lines in the last 60s
[2026-08-12 10:17:08] Tag Change: ID '00E2004717A40068217E8B01' -> Floor '-1'
[2026-08-12 10:17:09] Status Updated: Floor '-1'
[2026-08-12 10:17:21] Tag Change: ID '00E200471775B068217BA601' -> Floor '1'
[2026-08-12 10:17:22] Status Updated: Floor '1'
[2026-08-12 10:17:25] Tag Change: ID '00E20047175A80682179F301' -> Floor '4'
[2026-08-12 10:17:28] Tag Change: ID '00E20047175CC068217A1701' -> Floor '6'
[2026-08-12 10:17:30] Tag Change: ID '00E2004717964068217DAF01' -> Floor '6'
[2026-08-12 10:17:30] Status Updated: Floor '6'
[2026-08-12 10:17:43] Tag Change: ID '00E20047175F4068217A3F01' -> Floor '7'
[2026-08-12 10:17:44] Tag Change: ID '00E20047177A3068217BEE01' -> Floor '8'
[2026-08-12 10:17:47] Tag Change: ID '00E20047174880682178D301' -> Floor '10'
[2026-08-12 10:17:47] Tag Change: ID '002427031027000620240000' -> Floor 'Unknown'
[2026-08-12 10:17:48] Tag Change: ID '00E200471745C0682178A701' -> Floor '10'
[2026-08-12 10:17:48] Status Updated: Floor '10'
[2026-08-12 10:18:00] Tag flapping: suppressed 3 repeated tag-change log lines in the last 64s
[2026-08-12 10:18:01] Tag Change: ID '00E2004718C4B06821909601' -> Floor 'Unknown'
[2026-08-12 10:18:02] Tag Change: ID '00E20047177A7068217BF201' -> Floor '9'
[2026-08-12 10:18:03] Tag Change: ID '00E2004717767068217BB201' -> Floor '8'
[2026-08-12 10:18:03] Tag Change: ID '00E2004717710068217B5B00' -> Floor '8'
[2026-08-12 10:18:03] Status Updated: Floor '8'
[2026-08-12 10:18:06] Tag Change: ID '00E2004717684068217ACF01' -> Floor '5'
[2026-08-12 10:18:07] Tag Change: ID '00E200471897C068218DC701' -> Floor '5'
[2026-08-12 10:18:07] Status Updated: Floor '5'
[2026-08-12 10:18:08] Tag Change: ID '00E2004718A2C068218E7701' -> Floor '4'
[2026-08-12 10:18:08] Tag Change: ID '00E2004718A58068218EA301' -> Floor '3'
[2026-08-12 10:18:09] Tag Change: ID '00E2004717A0C068217E5701' -> Floor '3'
[2026-08-12 10:18:09] Status Updated: Floor '3'
[2026-08-12 10:18:10] Tag Change: ID '00E200471768C068217AD701' -> Floor '1'
[2026-08-12 10:18:12] Status Updated: Floor '1'
[2026-08-12 10:18:14] Tag Change: ID '00E200471736C0682177B701' -> Floor '-1'
[2026-08-12 10:18:14] Status Updated: Floor '-1'
[2026-08-12 10:18:29] Tag Change: ID '00E2004717AD8068217F2301' -> Floor '-2'
[2026-08-12 10:18:32] Status Updated: Floor '-2'
[2026-08-12 10:18:44] Tag Change: ID '00E200471775B068217BA601' -> Floor '1'
[2026-08-12 10:18:46] Status Updated: Floor '1'
[2026-08-12 10:18:49] Status Updated: Floor '3'
[2026-08-12 10:19:03] Tag Change: ID '00E20047189E4068218E2F01' -> Floor '4'
[2026-08-12 10:19:04] Status Updated: Floor '5'
[2026-08-12 10:19:07] Tag Change: ID '00E20047175F4068217A3F01' -> Floor '7'
[2026-08-12 10:19:08] Tag Change: ID '00E2004717638068217A8301' -> Floor '7'
[2026-08-12 10:19:08] Status Updated: Floor '7'
[2026-08-12 10:19:22] Tag Change: ID '00E20047177A3068217BEE01' -> Floor '8'
[2026-08-12 10:19:22] Tag flapping: suppressed 7 repeated tag-change log lines in the last 70s
[2026-08-12 10:19:23] Tag Change: ID '00E2004717710068217B5B00' -> Floor '8'
[2026-08-12 10:19:24] Status Updated: Floor '8'
[2026-08-12 10:19:24] Tag Change: ID '00E2004717767068217BB201' -> Floor '8'
[2026-08-12 10:19:36] Tag Change: ID '00E2004717773068217BBE01' -> Floor '9'
[2026-08-12 10:19:39] Tag Change: ID '00E20047174880682178D301' -> Floor '10'
[2026-08-12 10:19:40] Tag Change: ID '002427031027000620240000' -> Floor 'Unknown'
[2026-08-12 10:19:45] Tag Change: ID '00E200471745C0682178A701' -> Floor '10'
[2026-08-12 10:19:45] Status Updated: Floor '10'
[2026-08-12 10:19:55] Tag Change: ID '00E200471753C06821798701' -> Floor '11'
[2026-08-12 10:19:57] Tag Change: ID '00E2004717A84068217ECF01' -> Floor '12'
[2026-08-12 10:19:58] Tag Change: ID '00E2004717A34068217E7F01' -> Floor '12'
[2026-08-12 10:19:59] Status Updated: Floor '12'
[2026-08-12 10:20:15] Tag Change: ID '00E200471744006821788B01' -> Floor '9'
[2026-08-12 10:20:27] Status Updated: Floor '9'
[2026-08-12 10:20:32] Tag Change: ID '00E2004717710068217B5B00' -> Floor '8'
[2026-08-12 10:20:35] Tag Change: ID '00E2004717638068217A8301' -> Floor '7'
[2026-08-12 10:20:35] Status Updated: Floor '7'
[2026-08-12 10:20:46] Tag Change: ID '00E20047175F4068217A3F01' -> Floor '7'
[2026-08-12 10:20:46] Tag flapping: suppressed 4 repeated tag-change log lines in the last 60s
[2026-08-12 10:20:52] Tag Change: ID '00E2004717A0C068217E5701' -> Floor '3'
[2026-08-12 10:20:54] Tag Change: ID '00E200471775B068217BA601' -> Floor '1'
[2026-08-12 10:20:57] Tag Change: ID '00E2004717A00068217E4B01' -> Floor '-1'
[2026-08-12 10:21:02] Tag Change: ID '00E2004717A40068217E8B01' -> Floor '-1'
[2026-08-12 10:21:03] Status Updated: Floor '-1'
[2026-08-12 10:21:22] Tag Change: ID '00E20047175A40682179EF01' -> Floor '2'
[2026-08-12 10:21:30] Tag Change: ID '00E20047177A7068217BF201' -> Floor '9'
[2026-08-12 10:21:31] Tag Change: ID '00E2004718C4B06821909601' -> Floor 'Unknown'
[2026-08-12 10:21:31] Tag Change: ID '00E20047174880682178D301' -> Floor '10'
[2026-08-12 10:21:32] Tag Change: ID '002427031027000620240000' -> Floor 'Unknown'
[2026-08-12 10:21:38] Tag Change: ID '00E200471745C0682178A701' -> Floor '10'
[2026-08-12 10:21:38] Status Updated: Floor '10'
[2026-08-12 10:21:50] Tag Change: ID '00E2004717767068217BB201' -> Floor '8'
[2026-08-12 10:21:51] Status Updated: Floor '8'
[2026-08-12 10:21:53] Tag Change: ID '00E2004717638068217A8301' -> Floor '7'
[2026-08-12 10:21:54] Status Updated: Floor '7'
[2026-08-12 10:22:06] Tag Change: ID '00E2004717964068217DAF01' -> Floor '6'
[2026-08-12 10:22:11] Status Updated: Floor '6'
[2026-08-12 10:22:16] Tag Change: ID '00E20047175CC068217A1701' -> Floor '6'
[2026-08-12 10:22:18] Tag Change: ID '00E2004717684068217ACF01' -> Floor '5'
[2026-08-12 10:22:18] Status Updated: Floor '5'
[2026-08-12 10:22:19] Tag Change: ID '00E20047189E4068218E2F01' -> Floor '4'
[2026-08-12 10:22:21] Status Updated: Floor '4'
[2026-08-12 10:22:30] Tag Change: ID '00E20047175A80682179F301' -> Floor '4'
[2026-08-12 10:22:30] Tag flapping: suppressed 10 repeated tag-change log lines in the last 70s
[2026-08-12 10:22:34] Tag Change: ID '00E200471768C068217AD701' -> Floor '1'
[2026-08-12 10:22:36] Status Updated: Floor '1'
[2026-08-12 10:22:36] Tag Change: ID '00E20047176CC068217B1701' -> Floor '1'
[2026-08-12 10:22:49] Tag Change: ID '00E200471736C0682177B701' -> Floor '-1'
[2026-08-12 10:22:55] Tag Change: ID '00E2004717A40068217E8B01' -> Floor '-1'
[2026-08-12 10:23:01] Status Updated: Floor '-1'
[2026-08-12 10:23:09] Tag Change: ID '00E2004717AD8068217F2301' -> Floor '-2'
[2026-08-12 10:23:23] Tag Change: ID '00E2004707E01060270EE401' -> Floor '-3'
[2026-08-12 10:23:29] Status Updated: Floor '-3'
[2026-08-12 10:23:32] Tag Change: ID '00E2004707E05060270EE801' -> Floor '-3'
[2026-08-12 10:23:39] Tag Change: ID '00E2004717A00068217E4B01' -> Floor '-1'
[2026-08-12 10:23:39] Tag flapping: suppressed 3 repeated tag-change log lines in the last 62s
[2026-08-12 10:23:41] Tag Change: ID '00E200471775B068217BA601' -> Floor '1'
[2026-08-12 10:23:42] Tag Change: ID '00E20047176CC068217B1701' -> Floor '1'
[2026-08-12 10:23:47] Status Updated: Floor '1'
[2026-08-12 10:23:48] Tag Change: ID '00E2004717964068217DAF01' -> Floor '6'
[2026-08-12 10:23:49] Tag Change: ID '00E20047175F4068217A3F01' -> Floor '7'
[2026-08-12 10:23:50] Tag Change: ID '00E2004717767068217BB201' -> Floor '8'
[2026-08-12 10:23:51] Tag Change: ID '00E20047177A7068217BF201' -> Floor '9'
[2026-08-12 10:23:52] Tag Change: ID '00E200471744006821788B01' -> Floor '9'
[2026-08-12 10:23:53] Status Updated: Floor '9'
[2026-08-12 10:24:08] Tag Change: ID '00E2004717710068217B5B00' -> Floor '8'
[2026-08-12 10:24:08] Status Updated: Floor '8'
[2026-08-12 10:24:09] Tag Change: ID '00E20047177A3068217BEE01' -> Floor '8'
[2026-08-12 10:24:10] Tag Change: ID '00E2004717638068217A8301' -> Floor '7'
[2026-08-12 10:24:11] Status Updated: Floor '7'
[2026-08-12 10:24:35] Tag Change: ID '00E2004717A0C068217E5701' -> Floor '3'
[2026-08-12 10:24:36] Tag Change: ID '00E20047175A40682179EF01' -> Floor '2'
[2026-08-12 10:24:38] Tag Change: ID '00E2004717A54068217E9F01' -> Floor '0'
[2026-08-12 10:24:48] Tag Change: ID '00E2004717A40068217E8B01' -> Floor '-1'
[2026-08-12 10:24:53] Status Updated: Floor '-1'
[2026-08-12 10:25:19] Tag Change: ID '00E2004717AD8068217F2301' -> Floor '-2'
[2026-08-12 10:25:19] Tag flapping: suppressed 4 repeated tag-change log lines in the last 72s
[2026-08-12 10:25:33] Status Updated: Floor '-2'
[2026-08-12 10:25:46] Status Updated: Floor '-1'
[2026-08-12 10:26:00] Tag Change: ID '00E2004717A00068217E4B01' -> Floor '-1'
[2026-08-12 10:26:03] Tag Change: ID '00E2004717AC4068217F0F01' -> Floor '-1'
[2026-08-12 10:26:05] Tag Change: ID '00E20047176CC068217B1701' -> Floor '1'
[2026-08-12 10:26:07] Tag Change: ID '00E200471768C068217AD701' -> Floor '1'
[2026-08-12 10:26:07] Status Updated: Floor '1'
[2026-08-12 10:26:23] Tag Change: ID '00E2004717A0C068217E5701' -> Floor '3'
[2026-08-12 10:26:25] Tag Change: ID '00E200471897C068218DC701' -> Floor '5'
[2026-08-12 10:26:26] Tag Change: ID '00E2004717688068217AD301' -> Floor '5'
[2026-08-12 10:26:26] Status Updated: Floor '5'
[2026-08-12 10:26:26] Tag Change: ID '00E200471777F068217BCA01' -> Floor 'Unknown'
[2026-08-12 10:26:26] Tag Change: ID '00E20047175CC068217A1701' -> Floor '6'
[2026-08-12 10:26:28] Tag Change: ID '00E2004717964068217DAF01' -> Floor '6'
[2026-08-12 10:26:28] Status Updated: Floor '6'
[2026-08-12 10:26:46] Tag Change: ID '00E20047175F4068217A3F01' -> Floor '7'
[2026-08-12 10:26:46] Tag flapping: suppressed 7 repeated tag-change log lines in the last 66s
[2026-08-12 10:26:48] Tag Change: ID '00E2004717638068217A8301' -> Floor '7'
[2026-08-12 10:26:48] Status Updated: Floor '7'
[2026-08-12 10:26:49] Tag Change: ID '00E2004717638068217A' -> Floor 'Unknown'
[2026-08-12 10:27:10] Tag Change: ID '00E2004717684068217ACF01' -> Floor '5'
[2026-08-12 10:27:11] Status Updated: Floor '5'
[2026-08-12 10:27:14] Tag Change: ID '00E20047179C4068217E0F01' -> Floor '2'
[2026-08-12 10:27:15] Status Updated: Floor '2'
[2026-08-12 10:27:29] Tag Change: ID '00E200471768C068217AD701' -> Floor '1'
[2026-08-12 10:27:31] Tag Change: ID '00E200471775B068217BA601' -> Floor '1'
[2026-08-12 10:27:31] Status Updated: Floor '1'
[2026-08-12 10:27:32] Tag Change: ID '00E2004717A54068217E9F01' -> Floor '0'
[2026-08-12 10:27:33] Status Updated: Floor '0'
[2026-08-12 10:27:54] Tag Change: ID '00E2004717A40068217E8B01' -> Floor '-1'
[2026-08-12 10:27:54] Tag flapping: suppressed 5 repeated tag-change log lines in the last 65s
[2026-08-12 10:27:56] Status Updated: Floor '-1'
[2026-08-12 10:28:15] Tag Change: ID '00E2004717AD8068217F2301' -> Floor '-2'
[2026-08-12 10:28:23] Status Updated: Floor '-2'
[2026-08-12 10:28:43] Tag Change: ID '00E200471775B068217BA601' -> Floor '1'
[2026-08-12 10:28:44] Tag Change: ID '00E20047176CC068217B1701' -> Floor '1'
[2026-08-12 10:28:44] Status Updated: Floor '1'
[2026-08-12 10:28:46] Tag Change: ID '00E2004718A58068218EA301' -> Floor '3'
[2026-08-12 10:28:47] Status Updated: Floor '3'
[2026-08-12 10:28:48] Tag Change: ID '00E2004717684068217ACF01' -> Floor '5'
[2026-08-12 10:28:49] Tag Change: ID '00E200471777F068217BCA01' -> Floor 'Unknown'
[2026-08-12 10:28:51] Tag Change: ID '00E2004717964068217DAF01' -> Floor '6'
[2026-08-12 10:29:02] Status Updated: Floor '6'
[2026-08-12 10:29:16] Tag Change: ID '00E2004717767068217BB201' -> Floor '8'
[2026-08-12 10:29:17] Status Updated: Floor '8'
[2026-08-12 10:29:36] Tag Change: ID '00E20047177A3068217BEE01' -> Floor '8'
[2026-08-12 10:29:43] Tag Change: ID '00E200471768C068217AD701' -> Floor '1'
[2026-08-12 10:29:45] Tag Change: ID '00E200471775B068217BA601' -> Floor '1'
[2026-08-12 10:29:45] Status Updated: Floor '1'
[2026-08-12 10:29:47] Tag Change: ID '00E2004717A00068217E4B01' -> Floor '-1'
[2026-08-12 10:29:47] Tag Change: ID '00E2004717A40068217E8B01' -> Floor '-1'
[2026-08-12 10:29:47] Status Updated: Floor '-1'
[2026-08-12 10:29:51] Tag Change: ID '00E2004717AD8068217F2301' -> Floor '-2'
[2026-08-12 10:29:59] Status Updated: Floor '-2'
[2026-08-12 10:30:09] Tag Change: ID '00E2004717A48068217E9301' -> Floor '-2'
[2026-08-12 10:30:12] Tag Change: ID '00E2004707E01060270EE401' -> Floor '-3'
[2026-08-12 10:30:14] Status Updated: Floor '-3'
[2026-08-12 10:30:14] Tag Change: ID '00E2004707DF5060270ED801' -> Floor '-3'
[2026-08-12 10:30:16] Tag Change: ID '00E2004707E05060270EE801' -> Floor '-3'
[2026-08-12 10:30:42] Status Updated: Floor '-1'
[2026-08-12 10:30:48] Tag Change: ID '00E200471775B068217BA601' -> Floor '1'
[2026-08-12 10:30:49] Tag Change: ID '00E20047176CC068217B1701' -> Floor '1'
[2026-08-12 10:30:49] Status Updated: Floor '1'
[2026-08-12 10:30:51] Tag Change: ID '00E2004717A7C068217EC701' -> Floor '3'
[2026-08-12 10:30:51] Tag Change: ID '00E2004718A58068218EA301' -> Floor '3'
[2026-08-12 10:30:52] Status Updated: Floor '3'
[2026-08-12 10:30:54] Tag Change: ID '00E2004717684068217ACF01' -> Floor '5'
[2026-08-12 10:30:56] Tag Change: ID '00E2004717688068217AD301' -> Floor '5'
[2026-08-12 10:30:56] Status Updated: Floor '5'
[2026-08-12 10:31:07] Tag Change: ID '00E20047175CC068217A1701' -> Floor '6'
[2026-08-12 10:31:08] Tag Change: ID '00E2004717964068217DAF01' -> Floor '6'
[2026-08-12 10:31:09] Status Updated: Floor '6'
[2026-08-12 10:31:23] Tag Change: ID '00E20047175F4068217A3F01' -> Floor '7'
[2026-08-12 10:31:23] Tag flapping: suppressed 13 repeated tag-change log lines in the last 64s
[2026-08-12 10:31:24] Tag Change: ID '00E2004717638068217A8301' -> Floor '7'
[2026-08-12 10:31:24] Status Updated: Floor '7'
[2026-08-12 10:31:38] Tag Change: ID '00E20047177A3068217BEE01' -> Floor '8'
[2026-08-12 10:31:39] Tag Change: ID '00E2004717767068217BB201' -> Floor '8'
[2026-08-12 10:31:40] Status Updated: Floor '8'
[2026-08-12 10:31:40] Tag Change: ID '00E2004717773068217BBE01' -> Floor '9'
[2026-08-12 10:31:41] Tag Change: ID '00E200471744006821788B01' -> Floor '9'
[2026-08-12 10:31:42] Status Updated: Floor '9'
[2026-08-12 10:31:58] Tag Change: ID '00E2004717688068217AD301' -> Floor '5'
[2026-08-12 10:31:58] Tag Change: ID '00E2004717684068217ACF01' -> Floor '5'
[2026-08-12 10:31:59] Status Updated: Floor '5'
[2026-08-12 10:32:02] Tag Change: ID '00E20047189E4068218E2F01' -> Floor '4'
[2026-08-12 10:32:03] Status Updated: Floor '4'
[2026-08-12 10:32:21] Tag Change: ID '00E2004717A7C068217EC701' -> Floor '3'
[2026-08-12 10:32:22] Tag Change: ID '00E2004717A0C068217E5701' -> Floor '3'
[2026-08-12 10:32:22] Status Updated: Floor '3'
[2026-08-12 10:32:24] Tag Change: ID '00E200471741406821785F01' -> Floor '2'
[2026-08-12 10:32:24] Tag Change: ID '00E200471768C068217AD701' -> Floor '1'
[2026-08-12 10:32:26] Status Updated: Floor '1'
[2026-08-12 10:32:27] Tag Change: ID '00E20047176CC068217B1701' -> Floor '1'
[2026-08-12 10:32:43] Tag Change: ID '00E200471736C0682177B701' -> Floor '-1'
[2026-08-12 10:32:46] Tag Change: ID '00E2004717A40068217E8B01' -> Floor '-1'
[2026-08-12 10:32:47] Status Updated: Floor '-1'
[2026-08-12 10:33:12] Tag Change: ID '00E2004717AD8068217F2301' -> Floor '-2'
[2026-08-12 10:33:12] Tag flapping: suppressed 5 repeated tag-change log lines in the last 75s
[2026-08-12 10:33:33] Status Updated: Floor '-2'
[2026-08-12 10:33:34] Tag Change: ID '00E200471775B068217BA601' -> Floor '1'
[2026-08-12 10:33:37] Tag Change: ID '00E200471768C068217AD701' -> Floor '1'
[2026-08-12 10:33:37] Status Updated: Floor '1'
[2026-08-12 10:33:43] Tag Change: ID '00E20047176CC068217B1701' -> Floor '1'
[2026-08-12 10:33:53] Tag Change: ID '00E20047179C4068217E0F01' -> Floor '2'
[2026-08-12 10:33:57] Status Updated: Floor '2'
[2026-08-12 10:34:04] Tag Change: ID '00E2004717A0C068217E5701' -> Floor '3'
[2026-08-12 10:34:06] Tag Change: ID '00E2004718A58068218EA301' -> Floor '3'
[2026-08-12 10:34:06] Status Updated: Floor '3'
[2026-08-12 10:34:16] Tag Change: ID '00E20047175A80682179F301' -> Floor '4'
[2026-08-12 10:34:19] Tag Change: ID '00E20047189E4068218E2F01' -> Floor '4'
[2026-08-12 10:34:19] Status Updated: Floor '4'
[2026-08-12 10:34:35] Tag Change: ID '00E2004717684068217ACF01' -> Floor '5'
[2026-08-12 10:34:35] Status Updated: Floor '5'
[2026-08-12 10:34:37] Tag Change: ID '00E2004717688068217AD301' -> Floor '5'
[2026-08-12 10:34:49] Tag Change: ID '00E200471777F068217BCA01' -> Floor 'Unknown'
[2026-08-12 10:34:49] Tag flapping: suppressed 7 repeated tag-change log lines in the last 65s
[2026-08-12 10:34:56] Tag Change: ID '00E2004717964068217DAF01' -> Floor '6'
[2026-08-12 10:35:02] Status Updated: Floor '6'
[2026-08-12 10:35:05] Tag Change: ID '00E20047175F4068217A3F01' -> Floor '7'
[2026-08-12 10:35:07] Tag Change: ID '00E2004717710068217B5B00' -> Floor '8'
[2026-08-12 10:35:08] Tag Change: ID '00E2004717767068217BB201' -> Floor '8'
[2026-08-12 10:35:09] Status Updated: Floor '8'
[2026-08-12 10:35:19] Tag Change: ID '00E20047' -> Floor 'Unknown'
[2026-08-12 10:35:23] Tag Change: ID '00E2004717638068217A8301' -> Floor '7'
[2026-08-12 10:35:23] Status Updated: Floor '7'
[2026-08-12 10:35:39] Status Updated: Floor '6'
[2026-08-12 10:35:41] Tag Change: ID '00E200471897C068218DC701' -> Floor '5'
[2026-08-12 10:35:41] Tag Change: ID '00E20047189E4068218E2F01' -> Floor '4'
[2026-08-12 10:35:42] Tag Change: ID '00E2004718A2C068218E7701' -> Floor '4'
[2026-08-12 10:35:42] Status Updated: Floor '4'
[2026-08-12 10:35:43] Tag Change: ID '00E2004718A58068218EA301' -> Floor '3'
[2026-08-12 10:35:44] Status Updated: Floor '3'
[2026-08-12 10:36:12] Tag Change: ID '00E2004717A7C068217EC701' -> Floor '3'
[2026-08-12 10:36:13] Tag Change: ID '00E2004717A0C068217E5701' -> Floor '3'
[2026-08-12 10:36:15] Tag Change: ID '00E20047176CC068217B1701' -> Floor '1'
[2026-08-12 10:36:16] Tag Change: ID '00E200471775B068217BA601' -> Floor '1'
[2026-08-12 10:36:16] Status Updated: Floor '1'
[2026-08-12 10:36:19] Tag Change: ID '00E2004717A00068217E4B01' -> Floor '-1'
[2026-08-12 10:36:33] Tag Change: ID '00E2004717A40068217E8B01' -> Floor '-1'
[2026-08-12 10:36:33] Tag flapping: suppressed 3 repeated tag-change log lines in the last 73s
[2026-08-12 10:36:33] Status Updated: Floor '-1'
[2026-08-12 10:36:54] Status Updated: Floor '1'
[2026-08-12 10:36:55] Tag Change: ID '00E200471768C068217AD701' -> Floor '1'
[2026-08-12 10:37:09] Tag Change: ID '00E200471741406821785F01' -> Floor '2'
[2026-08-12 10:37:09] Tag Change: ID '00E20047175A40682179EF01' -> Floor '2'
[2026-08-12 10:37:10] Status Updated: Floor '2'
[2026-08-12 10:37:14] Tag Change: ID '00E20047179C4068217E0F01' -> Floor '2'
[2026-08-12 10:37:26] Tag Change: ID '00E2004717A7C068217EC701' -> Floor '3'
[2026-08-12 10:37:27] Tag Change: ID '00E2004718A58068218EA301' -> Floor '3'
[2026-08-12 10:37:28] Status Updated: Floor '3'
[2026-08-12 10:37:41] Tag Change: ID '00E20047175A80682179F301' -> Floor '4'
[2026-08-12 10:37:41] Tag flapping: suppressed 6 repeated tag-change log lines in the last 62s
[2026-08-12 10:37:41] Status Updated: Floor '4'
[2026-08-12 10:37:43] Tag Change: ID '00E20047189E4068218E2F01' -> Floor '4'
[2026-08-12 10:37:57] Tag Change: ID '00E2004717684068217ACF01' -> Floor '5'
[2026-08-12 10:37:58] Tag Change: ID '00E2004717688068217AD301' -> Floor '5'
[2026-08-12 10:37:58] Status Updated: Floor '5'
[2026-08-12 10:37:58] Tag Change: ID '00E200471777F068217BCA01' -> Floor 'Unknown'
[2026-08-12 10:37:59] Tag Change: ID '00E20047175CC068217A1701' -> Floor '6'
[2026-08-12 10:37:59] Status Updated: Floor '6'
[2026-08-12 10:38:00] Tag Change: ID '00E2004717964068217DAF01' -> Floor '6'
[2026-08-12 10:38:11] Tag Change: ID '00E2004717A60068217EAB01' -> Floor '7'
[2026-08-12 10:38:12] Tag Change: ID '00E2004717638068217A8301' -> Floor '7'
[2026-08-12 10:38:12] Status Updated: Floor '7'
[2026-08-12 10:38:14] Tag Change: ID '00E2004717710068217B5B00' -> Floor '8'
[2026-08-12 10:38:16] Tag Change: ID '00E2004717767068217BB201' -> Floor '8'
[2026-08-12 10:38:21] Status Updated: Floor '8'
[2026-08-12 10:38:26] Tag Change: ID '00E2004717773068217BBE01' -> Floor '9'
[2026-08-12 10:38:26] Tag Change: ID '00E20047177A7068217BF201' -> Floor '9'
[2026-08-12 10:38:27] Status Updated: Floor '9'
[2026-08-12 10:38:28] Tag Change: ID '00E2004718C4B06821909601' -> Floor 'Unknown'
[2026-08-12 10:38:29] Tag Change: ID '002427031027000620240000' -> Floor 'Unknown'
[2026-08-12 10:38:30] Tag Change: ID '00E200471745C0682178A701' -> Floor '10'
[2026-08-12 10:38:31] Status Updated: Floor '10'
[2026-08-12 10:38:43] Tag Change: ID '00E20047174C806821791301' -> Floor '11'
[2026-08-12 10:38:44] Tag Change: ID '00E200471751806821796301' -> Floor '11'
[2026-08-12 10:38:44] Status Updated: Floor '11'
[2026-08-12 10:38:46] Tag Change: ID '00E200471753C06821798701' -> Floor '11'
[2026-08-12 10:39:12] Status Updated: Floor '10'
[2026-08-12 10:39:16] Tag Change: ID '0024270310270006' -> Floor 'Unknown'
[2026-08-12 10:39:23] Tag Change: ID '00E200471744006821788B01' -> Floor '9'
[2026-08-12 10:39:27] Status Updated: Floor '9'
[2026-08-12 10:39:37] Tag Change: ID '00E20047177A7068217BF201' -> Floor '9'
[2026-08-12 10:39:37] Tag flapping: suppressed 20 repeated tag-change log lines in the last 66s
[2026-08-12 10:39:38] Tag Change: ID '00E2004717773068217BBE01' -> Floor '9'
[2026-08-12 10:39:38] Tag Change: ID '00E2004717767068217BB201' -> Floor '8'
[2026-08-12 10:39:40] Tag Change: ID '00E20047175F4068217A3F01' -> Floor '7'
[2026-08-12 10:39:40] Status Updated: Floor '7'
[2026-08-12 10:39:41] Tag Change: ID '00E2004717A60068217EAB01' -> Floor '7'
[2026-08-12 10:39:42] Tag Change: ID '00E2004717964068217DAF01' -> Floor '6'
[2026-08-12 10:39:44] Status Updated: Floor '6'
[2026-08-12 10:40:05] Tag Change: ID '00E20047175CC068217A1701' -> Floor '6'
[2026-08-12 10:40:06] Tag Change: ID '00E2004717688068217AD301' -> Floor '5'
[2026-08-12 10:40:09] Tag Change: ID '00E2004718A58068218EA301' -> Floor '3'
[2026-08-12 10:40:09] Tag Change: ID '00E2004717A7C068217EC701' -> Floor '3'
[2026-08-12 10:40:09] Status Updated: Floor '3'
[2026-08-12 10:40:10] Tag Change: ID '00E2004717A0C068217E5701' -> Floor '3'
[2026-08-12 10:40:10] Tag Change: ID '00E20047179C4068217E0F01' -> Floor '2'
[2026-08-12 10:40:22] Tag Change: ID '00E2004717A40068217E8B01' -> Floor '-1'
[2026-08-12 10:40:44] Tag Change: ID '00E2004717A48068217E9301' -> Floor '-2'
[2026-08-12 10:40:45] Tag Change: ID '00E2004707DF5060270ED801' -> Floor '-3'
[2026-08-12 10:40:46] Status Updated: Floor '-3'
[2026-08-12 10:40:48] Tag Change: ID '00E2004707E05060270EE801' -> Floor '-3'
[2026-08-12 10:40:51] Tag Change: ID '00E2004707E01060270EE401' -> Floor '-3'
[2026-08-12 10:41:04] Tag Change: ID '00E2004717AD8068217F2301' -> Floor '-2'
[2026-08-12 10:41:07] Status Updated: Floor '-2'
[2026-08-12 10:41:36] Tag Change: ID '00E200471736C0682177B701' -> Floor '-1'
[2026-08-12 10:41:42] Tag Change: ID '00E20047179C4068217E0F01' -> Floor '2'
[2026-08-12 10:41:43] Status Updated: Floor '2'
[2026-08-12 10:41:53] Tag Change: ID '00E2004717A0C068217E5701' -> Floor '3'
[2026-08-12 10:41:53] Tag flapping: suppressed 9 repeated tag-change log lines in the last 60s
[2026-08-12 10:41:54] Tag Change: ID '00E2004717A7C068217EC701' -> Floor '3'
[2026-08-12 10:41:59] Status Updated: Floor '3'
[2026-08-12 10:41:59] Tag Change: ID '00E2004718A58068218EA301' -> Floor '3'
[2026-08-12 10:42:09] Tag Change: ID '00E20047175A80682179F301' -> Floor '4'
[2026-08-12 10:42:09] Tag Change: ID '00E2004718A2C068218E7701' -> Floor '4'
[2026-08-12 10:42:09] Status Updated: Floor '4'
[2026-08-12 10:42:11] Tag Change: ID '00E2004717684068217ACF01' -> Floor '5'
[2026-08-12 10:42:12] Status Updated: Floor '5'
[2026-08-12 10:42:12] Tag Change: ID '00E2004717688068217AD301' -> Floor '5'
[2026-08-12 10:42:28] Tag Change: ID '00E20047175CC068217A1701' -> Floor '6'
[2026-08-12 10:42:30] Tag Change: ID '00E2004717964068217DAF01' -> Floor '6'
[2026-08-12 10:42:30] Status Updated: Floor '6'
[2026-08-12 10:42:49] Tag Change: ID '00E2004717710068217B5B00' -> Floor '8'
[2026-08-12 10:42:49] Tag Change: ID '00E2004717773068217BBE01' -> Floor '9'
[2026-08-12 10:42:50] Tag Change: ID '00E20047177A7068217BF201' -> Floor '9'
[2026-08-12 10:42:50] Status Updated: Floor '9'
[2026-08-12 10:42:52] Tag Change: ID '00E200471744006821788B01' -> Floor '9'
[2026-08-12 10:43:13] Tag Change: ID '00E200471741406821785F01' -> Floor '2'
[2026-08-12 10:43:13] Tag Change: ID '00E200471768C068217AD701' -> Floor '1'
[2026-08-12 10:43:14] Tag Change: ID '00E20047176CC068217B1701' -> Floor '1'
[2026-08-12 10:43:14] Status Updated: Floor '1'
[2026-08-12 10:43:15] Tag Change: ID '00E2004717AC4068217F0F01' -> Floor '-1'
[2026-08-12 10:43:17] Tag Change: ID '00E200471736C0682177B701' -> Floor '-1'
[2026-08-12 10:43:17] Status Updated: Floor '-1'
[2026-08-12 10:43:20] Tag Change: ID '00E2004717A40068217E8B01' -> Floor '-1'
[2026-08-12 10:43:44] Tag Change: ID '00E2004717A48068217E9301' -> Floor '-2'
[2026-08-12 10:43:45] Tag Change: ID '00E2004707E01060270EE401' -> Floor '-3'
[2026-08-12 10:43:51] Status Updated: Floor '-3'
[2026-08-12 10:43:52] Tag Change: ID '00E2004707E05060270EE801' -> Floor '-3'
[2026-08-12 10:43:55] Tag Change: ID '00E2004707DF5060270ED801' -> Floor '-3'
[2026-08-12 10:44:05] Tag Change: ID '00E2004717AD8068217F2301' -> Floor '-2'
[2026-08-12 10:44:22] Tag Change: ID '00E200471775B068217BA601' -> Floor '1'
[2026-08-12 10:44:22] Tag flapping: suppressed 5 repeated tag-change log lines in the last 76s
[2026-08-12 10:44:23] Tag Change: ID '00E200471768C068217AD701' -> Floor '1'
[2026-08-12 10:44:24] Status Updated: Floor '1'
[2026-08-12 10:44:24] Tag Change: ID '00E2004717A0C068217E5701' -> Floor '3'
[2026-08-12 10:44:25] Tag Change: ID '00E2004718A58068218EA301' -> Floor '3'
[2026-08-12 10:44:26] Status Updated: Floor '3'
[2026-08-12 10:44:26] Tag Change: ID '00E20047175A80682179F301' -> Floor '4'
[2026-08-12 10:44:26] Tag Change: ID '00E2004718A2C068218E7701' -> Floor '4'
[2026-08-12 10:44:26] Status Updated: Floor '4'
[2026-08-12 10:44:28] Tag Change: ID '00E20047189E4068218E2F01' -> Floor '4'
[2026-08-12 10:44:41] Tag Change: ID '00E2004717684068217ACF01' -> Floor '5'
[2026-08-12 10:44:43] Tag Change: ID '00E2004717688068217AD301' -> Floor '5'
[2026-08-12 10:44:44] Status Updated: Floor '5'
[2026-08-12 10:44:46] Tag Change: ID '00E200471768806821' -> Floor 'Unknown'
[2026-08-12 10:44:56] Tag Change: ID '00E200471777F068217BCA01' -> Floor 'Unknown'
[2026-08-12 10:44:58] Tag Change: ID '00E20047175F4068217A3F01' -> Floor '7'
[2026-08-12 10:44:59] Tag Change: ID '00E20047177A3068217BEE01' -> Floor '8'
[2026-08-12 10:45:04] Tag Change: ID '00E2004717767068217BB201' -> Floor '8'
[2026-08-12 10:45:04] Status Updated: Floor '8'
[2026-08-12 10:45:13] Tag Change: ID '00E2004717773068217BBE01' -> Floor '9'
[2026-08-12 10:45:14] Status Updated: Floor '9'
[2026-08-12 10:45:14] Tag Change: ID '00E20047177A7068217BF201' -> Floor '9'
[2026-08-12 10:45:15] Tag Change: ID '00E2004718C4B06821909601' -> Floor 'Unknown'
[2026-08-12 10:45:16] Tag Change: ID '00E20047174880682178D301' -> Floor '10'
[2026-08-12 10:45:17] Tag Change: ID '002427031027000620240000' -> Floor 'Unknown'
[2026-08-12 10:45:20] Tag Change: ID '00E200471745C0682178A701' -> Floor '10'
[2026-08-12 10:45:20] Status Updated: Floor '10'
[2026-08-12 10:45:20] Tag Change: ID '00242703' -> Floor 'Unknown'
[2026-08-12 10:45:32] Tag Change: ID '00E200471744006821788B01' -> Floor '9'
[2026-08-12 10:45:32] Status Updated: Floor '9'
[2026-08-12 10:45:48] Tag flapping: suppressed 6 repeated tag-change log lines in the last 61s
[2026-08-12 10:45:50] Tag Change: ID '00E2004717710068217B5B00' -> Floor '8'
[2026-08-12 10:45:50] Status Updated: Floor '8'
[2026-08-12 10:45:52] Tag Change: ID '00E2004717638068217A8301' -> Floor '7'
[2026-08-12 10:45:53] Status Updated: Floor '7'
[2026-08-12 10:46:07] Tag Change: ID '00E2004717A60068217EAB01' -> Floor '7'
[2026-08-12 10:46:09] Tag Change: ID '00E2004717964068217DAF01' -> Floor '6'
[2026-08-12 10:46:21] Tag Change: ID '00E200471777F068217BCA01' -> Floor 'Unknown'
[2026-08-12 10:46:22] Tag Change: ID '00E200471897C068218DC701' -> Floor '5'
[2026-08-12 10:46:25] Tag Change: ID '00E2004718A58068218EA301' -> Floor '3'
[2026-08-12 10:46:26] Status Updated: Floor '3'
[2026-08-12 10:46:38] Tag Change: ID '00E2004717A0C068217E5701' -> Floor '3'
[2026-08-12 10:46:41] Tag Change: ID '00E20047179C4068217E0F01' -> Floor '2'
[2026-08-12 10:46:42] Status Updated: Floor '2'
[2026-08-12 10:47:10] Tag Change: ID '00E2004717A40068217E8B01' -> Floor '-1'
[2026-08-12 10:47:10] Tag flapping: suppressed 2 repeated tag-change log lines in the last 81s
[2026-08-12 10:47:24] Status Updated: Floor '-1'
[2026-08-12 10:47:27] Tag Change: ID '00E2004717A00068217E4B01' -> Floor '-1'
[2026-08-12 10:47:29] Tag Change: ID '00E200471775B068217BA601' -> Floor '1'
[2026-08-12 10:47:31] Tag Change: ID '00E20047175A40682179EF01' -> Floor '2'
[2026-08-12 10:47:32] Status Updated: Floor '2'
[2026-08-12 10:47:32] Tag Change: ID '00E2' -> Floor 'Unknown'
[2026-08-12 10:47:33] Tag Change: ID '00E20047175A80682179F301' -> Floor '4'
[2026-08-12 10:47:35] Tag Change: ID '00E20047189E4068218E2F01' -> Floor '4'
[2026-08-12 10:47:36] Status Updated: Floor '4'
[2026-08-12 10:47:48] Tag Change: ID '00E200471897C068218DC701' -> Floor '5'
[2026-08-12 10:47:49] Tag Change: ID '00E2004717684068217ACF01' -> Floor '5'
[2026-08-12 10:47:49] Status Updated: Floor '5'
[2026-08-12 10:47:50] Tag Change: ID '00E200471777F068217BCA01' -> Floor 'Unknown'
[2026-08-12 10:47:52] Tag Change: ID '00E2004717710068217B5B00' -> Floor '8'
[2026-08-12 10:47:53] Status Updated: Floor '8'
[2026-08-12 10:47:54] Tag Change: ID '00E2004718C4B06821909601' -> Floor 'Unknown'
[2026-08-12 10:47:55] Tag Change: ID '002427031027000620240000' -> Floor 'Unknown'
[2026-08-12 10:47:56] Tag Change: ID '00E200471751806821796301' -> Floor '11'
[2026-08-12 10:47:56] Status Updated: Floor '11'
[2026-08-12 10:47:58] Tag Change: ID '00E200471753C06821798701' -> Floor '11'
[2026-08-12 10:48:19] Tag Change: ID '00E20047174C806821791301' -> Floor '11'
[2026-08-12 10:48:20] Tag Change: ID '00E20047174880682178D301' -> Floor '10'
[2026-08-12 10:48:21] Tag Change: ID '00E200471744006821788B01' -> Floor '9'
[2026-08-12 10:48:23] Status Updated: Floor '9'
[2026-08-12 10:48:37] Tag Change: ID '00E20047177A7068217BF201' -> Floor '9'
[2026-08-12 10:48:37] Tag flapping: suppressed 2 repeated tag-change log lines in the last 65s
[2026-08-12 10:48:38] Tag Change: ID '00E2004717773068217BBE01' -> Floor '9'
[2026-08-12 10:48:39] Tag Change: ID '00E2004717767068217BB201' -> Floor '8'
[2026-08-12 10:48:41] Status Updated: Floor '8'
[2026-08-12 10:48:53] Tag Change: ID '00E20047177A3068217BEE01' -> Floor '8'
[2026-08-12 10:48:53] Tag Change: ID '00E2004717638068217A8301' -> Floor '7'
[2026-08-12 10:48:55] Status Updated: Floor '7'
[2026-08-12 10:49:10] Tag Change: ID '00E2004718A58068218EA301' -> Floor '3'
[2026-08-12 10:49:12] Status Updated: Floor '3'
[2026-08-12 10:49:21] Tag Change: ID '00E2004717A7C068217EC701' -> Floor '3'
[2026-08-12 10:49:21] Tag Change: ID '00E2004717A0C068217E5701' -> Floor '3'
[2026-08-12 10:49:22] Tag Change: ID '00E20047179C4068217E0F01' -> Floor '2'
[2026-08-12 10:49:23] Status Updated: Floor '2'
[2026-08-12 10:49:36] Tag Change: ID '00E20047175A40682179EF01' -> Floor '2'
[2026-08-12 10:49:37] Tag Change: ID '00E200471741406821785F01' -> Floor '2'
[2026-08-12 10:49:38] Tag Change: ID '00E20047176CC068217B1701' -> Floor '1'
[2026-08-12 10:49:40] Tag Change: ID '00E2004717AC4068217F0F01' -> Floor '-1'
[2026-08-12 10:49:42] Tag Change: ID '00E2004717A00068217E4B01' -> Floor '-1'
[2026-08-12 10:49:47] Status Updated: Floor '-1'
[2026-08-12 10:49:59] Tag Change: ID '00E2004717A40068217E8B01' -> Floor '-1'
[2026-08-12 10:50:12] Tag Change: ID '00E2004717AD8068217F2301' -> Floor '-2'
[2026-08-12 10:50:30] Status Updated: Floor '-2'
[2026-08-12 10:50:34] Status Updated: Floor '-1'
[2026-08-12 10:50:36] Tag Change: ID '00E2004717A54068217E9F01' -> Floor '0'
[2026-08-12 10:50:38] Tag Change: ID '00E200471768C068217AD701' -> Floor '1'
[2026-08-12 10:50:40] Tag Change: ID '00E2004717A7C068217EC701' -> Floor '3'
[2026-08-12 10:50:42] Tag Change: ID '00E2004718A58068218EA301' -> Floor '3'
[2026-08-12 10:50:43] Status Updated: Floor '3'
[2026-08-12 10:50:56] Tag Change: ID '00E20047175A80682179F301' -> Floor '4'
[2026-08-12 10:50:57] Tag Change: ID '00E2004718A2C068218E7701' -> Floor '4'
[2026-08-12 10:50:58] Status Updated: Floor '4'
[2026-08-12 10:50:59] Tag Change: ID '00E20047189E4068218E2F01' -> Floor '4'
[2026-08-12 10:51:13] Tag Change: ID '00E200471897C068218DC701' -> Floor '5'
[2026-08-12 10:51:15] Tag Change: ID '00E2004717688068217AD301' -> Floor '5'
[2026-08-12 10:51:16] Status Updated: Floor '5'
[2026-08-12 10:51:39] Tag Change: ID '00E2004717964068217DAF01' -> Floor '6'
[2026-08-12 10:51:39] Tag flapping: suppressed 1 repeated tag-change log lines in the last 65s
[2026-08-12 10:51:41] Status Updated: Floor '6'
[2026-08-12 10:51:54] Tag Change: ID '00E20047175F4068217A3F01' -> Floor '7'
[2026-08-12 10:51:55] Status Updated: Floor '7'
[2026-08-12 10:51:56] Tag Change: ID '00E2004717638068217A8301' -> Floor '7'
[2026-08-12 10:52:12] Tag Change: ID '00E20047177A7068217BF201' -> Floor '9'
[2026-08-12 10:52:14] Tag Change: ID '00E200471744006821788B01' -> Floor '9'
[2026-08-12 10:52:15] Status Updated: Floor '9'
[2026-08-12 10:52:27] Tag Change: ID '00E2004718C4B06821909601' -> Floor 'Unknown'
[2026-08-12 10:52:28] Tag Change: ID '00E20047174880682178D301' -> Floor '10'
[2026-08-12 10:52:29] Tag Change: ID '002427031027000620240000' -> Floor 'Unknown'
[2026-08-12 10:52:30] Tag Change: ID '00E200471745C0682178A701' -> Floor '10'
[2026-08-12 10:52:30] Status Updated: Floor '10'
[2026-08-12 10:52:48] Tag Change: ID '00E2004717767068217BB201' -> Floor '8'
[2026-08-12 10:52:49] Status Updated: Floor '8'
[2026-08-12 10:53:06] Tag Change: ID '00E20047177A3068217BEE01' -> Floor '8'
[2026-08-12 10:53:08] Tag Change: ID '00E20047175CC068217A1701' -> Floor '6'
[2026-08-12 10:53:09] Tag Change: ID '00E2004717688068217AD301' -> Floor '5'
[2026-08-12 10:53:09] Tag Change: ID '00E2004717684068217ACF01' -> Floor '5'
[2026-08-12 10:53:10] Status Updated: Floor '5'
[2026-08-12 10:53:15] Tag Change: ID '00E20047189E4068218E2F01' -> Floor '4'
[2026-08-12 10:53:16] Status Updated: Floor '4'
[2026-08-12 10:53:32] Tag Change: ID '00E20047175A80682179F301' -> Floor '4'
[2026-08-12 10:53:32] Tag flapping: suppressed 8 repeated tag-change log lines in the last 61s
[2026-08-12 10:53:33] Tag Change: ID '00E2004718A58068218EA301' -> Floor '3'
[2026-08-12 10:53:34] Status Updated: Floor '3'
[2026-08-12 10:53:50] Tag Change: ID '00E2004717A0C068217E5701' -> Floor '3'
[2026-08-12 10:53:55] Tag Change: ID '00E200471736C0682177B701' -> Floor '-1'
[2026-08-12 10:54:01] Tag Change: ID '00E2004717A40068217E8B01' -> Floor '-1'
[2026-08-12 10:54:02] Status Updated: Floor '-1'
[2026-08-12 10:54:36] Tag Change: ID '00E2004717AD8068217F2301' -> Floor '-2'
[2026-08-12 10:54:43] Status Updated: Floor '-2'
[2026-08-12 10:54:52] Tag Change: ID '00E2004707E01060270EE401' -> Floor '-3'
[2026-08-12 10:54:52] Tag Change: ID '00E2004707E05060270EE801' -> Floor '-3'
[2026-08-12 10:54:52] Status Updated: Floor '-3'
[2026-08-12 10:54:54] Tag Change: ID '00E2004707DF5060270ED801' -> Floor '-3'
[2026-08-12 10:55:10] Tag Change: ID '00E2004717A48068217E9301' -> Floor '-2'
[2026-08-12 10:55:14] Tag Change: ID '00E2004717A00068217E4B01' -> Floor '-1'
[2026-08-12 10:55:17] Tag Change: ID '00E200471775B068217BA601' -> Floor '1'
[2026-08-12 10:55:18] Tag Change: ID '00E200471768C068217AD701' -> Floor '1'
[2026-08-12 10:55:18] Status Updated: Floor '1'
[2026-08-12 10:55:19] Tag Change: ID '00E2004717A0C068217E5701' -> Floor '3'
[2026-08-12 10:55:20] Tag Change: ID '00E2004718A58068218EA301' -> Floor '3'
[2026-08-12 10:55:21] Status Updated: Floor '3'
[2026-08-12 10:55:23] Tag Change: ID '00E20047175CC068217A1701' -> Floor '6'
[2026-08-12 10:55:23] Status Updated: Floor '6'
[2026-08-12 10:55:26] Tag Change: ID '00E2004717638068217A8301' -> Floor '7'
[2026-08-12 10:55:28] Status Updated: Floor '7'
[2026-08-12 10:55:44] Tag Change: ID '00E20047175F4068217A3F01' -> Floor '7'
[2026-08-12 10:55:48] Tag Change: ID '00E2004717688068217AD301' -> Floor '5'
[2026-08-12 10:55:49] Status Updated: Floor '5'
[2026-08-12 10:55:56] Tag Change: ID '00E2004717684068217ACF01' -> Floor '5'
[2026-08-12 10:55:56] Tag flapping: suppressed 9 repeated tag-change log lines in the last 63s
[2026-08-12 10:56:05] Tag Change: ID '00E2004718A2C068218E7701' -> Floor '4'
[2026-08-12 10:56:05] Tag Change: ID '00E2004717A7C068217EC701' -> Floor '3'
[2026-08-12 10:56:06] Status Updated: Floor '3'
[2026-08-12 10:56:08] Tag Change: ID '00E20047176CC068217B1701' -> Floor '1'
[2026-08-12 10:56:08] Status Updated: Floor '1'
[2026-08-12 10:56:10] Tag Change: ID '00E2004717AC4068217F0F01' -> Floor '-1'
[2026-08-12 10:56:11] Tag Change: ID '00E200471736C0682177B701' -> Floor '-1'
[2026-08-12 10:56:11] Status Updated: Floor '-1'
[2026-08-12 10:56:11] Tag Change: ID '00E2004717A00068217E' -> Floor 'Unknown'
[2026-08-12 10:56:18] Tag Change: ID '00E2004717A40068217E8B01' -> Floor '-1'
[2026-08-12 10:56:51] Tag Change: ID '00E2004717AD8068217F2301' -> Floor '-2'
[2026-08-12 10:57:01] Status Updated: Floor '-2'
[2026-08-12 10:57:19] Tag Change: ID '00E2004717AC4068217F0F01' -> Floor '-1'
[2026-08-12 10:57:19] Tag flapping: suppressed 5 repeated tag-change log lines in the last 82s
[2026-08-12 10:57:21] Tag Change: ID '00E2004717A54068217E9F01' -> Floor '0'
[2026-08-12 10:57:22] Status Updated: Floor '0'
[2026-08-12 10:57:38] Tag Change: ID '00E200471775B068217BA601' -> Floor '1'
[2026-08-12 10:57:39] Status Updated: Floor '1'
[2026-08-12 10:57:40] Tag Change: ID '00E200471768C068217AD701' -> Floor '1'
[2026-08-12 10:57:40] Tag Change: ID '00E200471741406821785F01' -> Floor '2'
[2026-08-12 10:57:42] Tag Change: ID '00E2004717A0C068217E5701' -> Floor '3'
[2026-08-12 10:57:43] Tag Change: ID '00E20047175A80682179F301' -> Floor '4'
[2026-08-12 10:57:46] Tag Change: ID '00E20047189E4068218E2F01' -> Floor '4'
[2026-08-12 10:57:47] Status Updated: Floor '4'
[2026-08-12 10:58:09] Tag Change: ID '00E2004717684068217ACF01' -> Floor '5'
[2026-08-12 10:58:11] Tag Change: ID '00E2004717964068217DAF01' -> Floor '6'
[2026-08-12 10:58:12] Tag Change: ID '00E20047175F4068217A3F01' -> Floor '7'
[2026-08-12 10:58:14] Tag Change: ID '00E200471744006821788B01' -> Floor '9'
[2026-08-12 10:58:15] Status Updated: Floor '9'
[2026-08-12 10:58:15] Tag Change: ID '00E20047174880682178D301' -> Floor '10'
[2026-08-12 10:58:16] Status Updated: Floor '10'
[2026-08-12 10:58:16] Tag Change: ID '002427031027000620240000' -> Floor 'Unknown'
[2026-08-12 10:58:24] Tag Change: ID '00E200471745C0682178A701' -> Floor '10'
[2026-08-12 10:58:34] Tag Change: ID '00E2004717767068217BB201' -> Floor '8'
[2026-08-12 10:58:38] Status Updated: Floor '8'
[2026-08-12 10:59:03] Tag Change: ID '00E2004717710068217B5B00' -> Floor '8'
[2026-08-12 10:59:07] Tag Change: ID '00E2004717688068217AD301' -> Floor '5'
[2026-08-12 10:59:08] Status Updated: Floor '5'
[2026-08-12 10:59:19] Tag Change: ID '00E2004717684068217ACF01' -> Floor '5'
[2026-08-12 10:59:21] Tag Change: ID '00E2004718A58068218EA301' -> Floor '3'
[2026-08-12 10:59:23] Tag Change: ID '00E2004717A0C068217E5701' -> Floor '3'
[2026-08-12 10:59:23] Status Updated: Floor '3'
[2026-08-12 10:59:25] Tag Change: ID '00E20047179C4068217E0F01' -> Floor '2'
[2026-08-12 10:59:25] Tag flapping: suppressed 8 repeated tag-change log lines in the last 60s
[2026-08-12 10:59:28] Status Updated: Floor '2'
[2026-08-12 10:59:42] Tag Change: ID '00E200471775B068217BA601' -> Floor '1'
[2026-08-12 10:59:44] Tag Change: ID '00E200471736C0682177B701' -> Floor '-1'
[2026-08-12 10:59:45] Tag Change: ID '00E2004717A00068217E4B01' -> Floor '-1'
[2026-08-12 10:59:45] Status Updated: Floor '-1'
[2026-08-12 10:59:53] Tag Change: ID '00E2004717A40068217E8B01' -> Floor '-1'
[2026-08-12 11:00:14] Tag Change: ID '00E2004717AD8068217F2301' -> Floor '-2'
[2026-08-12 11:00:21] Status Updated: Floor '-2'
[2026-08-12 11:00:30] Tag Change: ID '00E2004717A48068217E9301' -> Floor '-2'
[2026-08-12 11:00:31] Tag Change: ID '00E2004707E01060270EE401' -> Floor '-3'
[2026-08-12 11:00:32] Status Updated: Floor '-3'
[2026-08-12 11:00:32] Tag Change: ID '00E2004707E05060270EE801' -> Floor '-3'
[2026-08-12 11:00:36] Tag Change: ID '00E2004707DF5060270ED801' -> Floor '-3'
[2026-08-12 11:00:57] Tag Change: ID '00E2004717A40068217E8B01' -> Floor '-1'
[2026-08-12 11:01:14] Tag Change: ID '00E2004717AC4068217F0F01' -> Floor '-1'
[2026-08-12 11:01:15] Status Updated: Floor '-1'
[2026-08-12 11:01:16] Tag Change: ID '00E2004717A54068217E9F01' -> Floor '0'
[2026-08-12 11:01:16] Status Updated: Floor '0'
[2026-08-12 11:01:32] Tag Change: ID '00E200471775B068217BA601' -> Floor '1'
[2026-08-12 11:01:36] Tag Change: ID '00E2004717A0C068217E5701' -> Floor '3'
[2026-08-12 11:01:36] Tag flapping: suppressed 18 repeated tag-change log lines in the last 62s
[2026-08-12 11:01:39] Tag Change: ID '00E2004717684068217ACF01' -> Floor '5'
[2026-08-12 11:01:40] Status Updated: Floor '5'
[2026-08-12 11:01:41] Tag Change: ID '00E2004717688068217AD301' -> Floor '5'
[2026-08-12 11:01:53] Tag Change: ID '00E200471777F068217BCA01' -> Floor 'Unknown'
[2026-08-12 11:01:54] Tag Change: ID '00E2004717964068217DAF01' -> Floor '6'
[2026-08-12 11:01:56] Tag Change: ID '00E20047177A3068217BEE01' -> Floor '8'
[2026-08-12 11:01:56] Tag Change: ID '00E2004717710068217B5B00' -> Floor '8'
[2026-08-12 11:01:56] Status Updated: Floor '8'
[2026-08-12 11:01:56] Tag Change: ID '00E2004717773068217BBE01' -> Floor '9'
[2026-08-12 11:01:57] Tag Change: ID '00E20047177A7068217BF201' -> Floor '9'
[2026-08-12 11:01:57] Status Updated: Floor '9'
[2026-08-12 11:01:58] Tag Change: ID '00E2004718C4B06821909601' -> Floor 'Unknown'
[2026-08-12 11:01:59] Tag Change: ID '002427031027000620240000' -> Floor 'Unknown'
[2026-08-12 11:02:04] Tag Change: ID '00E200471745C0682178A701' -> Floor '10'
[2026-08-12 11:02:13] Status Updated: Floor '10'
[2026-08-12 11:02:19] Tag Change: ID '00E200471744006821788B01' -> Floor '9'
[2026-08-12 11:02:21] Status Updated: Floor '9'
[2026-08-12 11:02:35] Tag Change: ID '00E2004717767068217BB201' -> Floor '8'
[2026-08-12 11:02:37] Status Updated: Floor '8'
[2026-08-12 11:02:38] Tag Change: ID '00E2004717638068217A8301' -> Floor '7'
[2026-08-12 11:02:40] Status Updated: Floor '7'
[2026-08-12 11:03:02] Tag Change: ID '00E20047175F4068217A3F01' -> Floor '7'
[2026-08-12 11:03:04] Tag Change: ID '00E20047175CC068217A1701' -> Floor '6'
[2026-08-12 11:03:07] Tag Change: ID '00E2004717A0C068217E5701' -> Floor '3'
[2026-08-12 11:03:07] Tag flapping: suppressed 4 repeated tag-change log lines in the last 63s
[2026-08-12 11:03:08] Status Updated: Floor '3'
[2026-08-12 11:03:09] Tag Change: ID '00E20047176CC068217B1701' -> Floor '1'
[2026-08-12 11:03:12] Tag Change: ID '00E200471736C0682177B701' -> Floor '-1'
[2026-08-12 11:03:13] Tag Change: ID '00E2004717A00068217E4B01' -> Floor '-1'
[2026-08-12 11:03:14] Status Updated: Floor '-1'
[2026-08-12 11:03:15] Tag Change: ID '00E2004717A40068217E8B01' -> Floor '-1'
[2026-08-12 11:03:42] Tag Change: ID '00E2004717AD8068217F2301' -> Floor '-2'
[2026-08-12 11:03:47] Status Updated: Floor '-2'
[2026-08-12 11:04:11] Tag Change: ID '00E200471775B068217BA601' -> Floor '1'
[2026-08-12 11:04:17] Tag Change: ID '00E20047179C4068217E0F01' -> Floor '2'
[2026-08-12 11:04:19] Status Updated: Floor '2'
[2026-08-12 11:04:31] Tag Change: ID '00E2004718A58068218EA301' -> Floor '3'
[2026-08-12 11:04:33] Status Updated: Floor '3'
[2026-08-12 11:04:46] Tag Change: ID '00E20047175A80682179F301' -> Floor '4'
[2026-08-12 11:04:47] Status Updated: Floor '4'
[2026-08-12 11:04:49] Tag Change: ID '00E20047189E4068218E2F01' -> Floor '4'
[2026-08-12 11:05:06] Tag Change: ID '00E2004717688068217AD301' -> Floor '5'
[2026-08-12 11:05:08] Status Updated: Floor '5'
[2026-08-12 11:05:08] Tag Change: ID '00E20047' -> Floor 'Unknown'
[2026-08-12 11:05:21] Tag Change: ID '00E20047175CC068217A1701' -> Floor '6'
[2026-08-12 11:05:27] Tag Change: ID '00E2004717964068217DAF01' -> Floor '6'
[2026-08-12 11:05:27] Status Updated: Floor '6'
[2026-08-12 11:05:43] Tag Change: ID '00E20047175F4068217A3F01' -> Floor '7'
[2026-08-12 11:05:44] Tag Change: ID '00E2004717638068217A8301' -> Floor '7'
[2026-08-12 11:05:44] Status Updated: Floor '7'
[2026-08-12 11:06:04] Tag Change: ID '00E2004717767068217BB201' -> Floor '8'
[2026-08-12 11:06:06] Status Updated: Floor '8'
[2026-08-12 11:06:22] Tag Change: ID '00E2004717773068217BBE01' -> Floor '9'
[2026-08-12 11:06:22] Tag flapping: suppressed 1 repeated tag-change log lines in the last 74s
[2026-08-12 11:06:22] Status Updated: Floor '9'
[2026-08-12 11:06:25] Tag Change: ID '00E200471744006821788B01' -> Floor '9'
[2026-08-12 11:06:42] Tag Change: ID '00E20047174880682178D301' -> Floor '10'
[2026-08-12 11:06:44] Tag Change: ID '002427031027000620240000' -> Floor 'Unknown'
[2026-08-12 11:06:46] Tag Change: ID '00E200471745C0682178A701' -> Floor '10'
[2026-08-12 11:06:46] Status Updated: Floor '10'
[2026-08-12 11:07:00] Tag Change: ID '00E2004718C4B06821909601' -> Floor 'Unknown'
[2026-08-12 11:07:01] Tag Change: ID '00E20047177A7068217BF201' -> Floor '9'
[2026-08-12 11:07:02] Status Updated: Floor '9'
[2026-08-12 11:07:04] Status Updated: Floor '8'
[2026-08-12 11:07:19] Tag Change: ID '00E200471777F068217BCA01' -> Floor 'Unknown'
[2026-08-12 11:07:19] Tag Change: ID '00E2004717688068217AD301' -> Floor '5'
[2026-08-12 11:07:22] Tag Change: ID '00E2004718A58068218EA301' -> Floor '3'
[2026-08-12 11:07:23] Status Updated: Floor '3'
[2026-08-12 11:07:35] Tag Change: ID '00E2004717A0C068217E5701' -> Floor '3'
[2026-08-12 11:07:38] Tag Change: ID '00E200471768C068217AD701' -> Floor '1'
[2026-08-12 11:07:38] Status Updated: Floor '1'
[2026-08-12 11:07:39] Tag Change: ID '00E20047' -> Floor 'Unknown'
[2026-08-12 11:07:48] Tag Change: ID '00E20047176CC068217B1701' -> Floor '1'
[2026-08-12 11:07:48] Tag flapping: suppressed 5 repeated tag-change log lines in the last 61s
[2026-08-12 11:07:54] Tag Change: ID '00E200471775B068217BA601' -> Floor '1'
[2026-08-12 11:07:57] Tag Change: ID '00E200471736C0682177B701' -> Floor '-1'
[2026-08-12 11:07:57] Tag Change: ID '00E2004717A00068217E4B01' -> Floor '-1'
[2026-08-12 11:07:58] Status Updated: Floor '-1'
[2026-08-12 11:08:01] Tag Change: ID '00E2004717A40068217E8B01' -> Floor '-1'
[2026-08-12 11:08:28] Tag Change: ID '00E2004717AD8068217F2301' -> Floor '-2'
[2026-08-12 11:08:37] Status Updated: Floor '-2'
[2026-08-12 11:09:09] Tag Change: ID '00E2004717A40068217E8B01' -> Floor '-1'
[2026-08-12 11:09:09] Tag flapping: suppressed 1 repeated tag-change log lines in the last 80s
[2026-08-12 11:09:15] Tag Change: ID '00E200471736C0682177B701' -> Floor '-1'
[2026-08-12 11:09:16] Status Updated: Floor '-1'
[2026-08-12 11:09:17] Tag Change: ID '00E2004717AC4068217F0F01' -> Floor '-1'
[2026-08-12 11:09:17] Tag Change: ID '00E200471775B068217BA601' -> Floor '1'
[2026-08-12 11:09:18] Status Updated: Floor '1'
[2026-08-12 11:09:20] Tag Change: ID '00E2004717A0C068217E5701' -> Floor '3'
[2026-08-12 11:09:24] Tag Change: ID '00E2004718A58068218EA301' -> Floor '3'
[2026-08-12 11:09:24] Status Updated: Floor '3'
[2026-08-12 11:09:42] Tag Change: ID '00E20047175A80682179F301' -> Floor '4'
[2026-08-12 11:09:43] Tag Change: ID '00E20047189E4068218E2F01' -> Floor '4'
[2026-08-12 11:09:43] Status Updated: Floor '4'
[2026-08-12 11:09:47] Tag Change: ID '00E2004717688068217AD301' -> Floor '5'
[2026-08-12 11:09:47] Status Updated: Floor '5'
[2026-08-12 11:09:59] Tag Change: ID '00E200471777F068217BCA01' -> Floor 'Unknown'
[2026-08-12 11:09:59] Tag Change: ID '00E20047175CC068217A1701' -> Floor '6'
[2026-08-12 11:10:01] Tag Change: ID '00E2004717964068217DAF01' -> Floor '6'
[2026-08-12 11:10:01] Status Updated: Floor '6'
[2026-08-12 11:10:20] Tag Change: ID '00E20047175F4068217A3F01' -> Floor '7'
[2026-08-12 11:10:22] Tag Change: ID '00E2004717767068217BB201' -> Floor '8'
[2026-08-12 11:10:23] Tag Change: ID '00E200471744006821788B01' -> Floor '9'
[2026-08-12 11:10:23] Tag Change: ID '00E2004718C4B06821909601' -> Floor 'Unknown'
[2026-08-12 11:10:24] Tag Change: ID '00E20047174880682178D301' -> Floor '10'
[2026-08-12 11:10:24] Status Updated: Floor '10'
[2026-08-12 11:10:25] Tag Change: ID '002427031027000620240000' -> Floor 'Unknown'
[2026-08-12 11:10:25] Tag Change: ID '00E200471745C0682178A701' -> Floor '10'
[2026-08-12 11:10:49] Tag Change: ID '00E20047174C806821791301' -> Floor '11'
[2026-08-12 11:10:52] Tag Change: ID '00E200471753C06821798701' -> Floor '11'
[2026-08-12 11:10:52] Status Updated: Floor '11'
[2026-08-12 11:11:09] Status Updated: Floor '9'
[2026-08-12 11:11:26] Tag Change: ID '00E20047177A7068217BF201' -> Floor '9'
[2026-08-12 11:11:26] Tag flapping: suppressed 18 repeated tag-change log lines in the last 60s
[2026-08-12 11:11:28] Tag Change: ID '00E2004717767068217BB201' -> Floor '8'
[2026-08-12 11:11:30] Status Updated: Floor '8'
[2026-08-12 11:11:42] Tag Change: ID '00E20047177A3068217BEE01' -> Floor '8'
[2026-08-12 11:11:43] Tag Change: ID '00E2004717638068217A8301' -> Floor '7'
[2026-08-12 11:11:46] Status Updated: Floor '7'
[2026-08-12 11:12:09] Tag Change: ID '00E200471777F068217BCA01' -> Floor 'Unknown'
[2026-08-12 11:12:11] Tag Change: ID '00E20047189E4068218E2F01' -> Floor '4'
[2026-08-12 11:12:11] Tag Change: ID '00E20047175A80682179F301' -> Floor '4'
[2026-08-12 11:12:12] Status Updated: Floor '4'
[2026-08-12 11:12:13] Tag Change: ID '00E20047175A40682179EF01' -> Floor '2'
[2026-08-12 11:12:14] Tag Change: ID '00E200471741406821785F01' -> Floor '2'
[2026-08-12 11:12:14] Status Updated: Floor '2'
[2026-08-12 11:12:16] Tag Change: ID '00E2004717AC4068217F0F01' -> Floor '-1'
[2026-08-12 11:12:17] Tag Change: ID '00E200471736C0682177B701' -> Floor '-1'
[2026-08-12 11:12:23] Status Updated: Floor '-1'
[2026-08-12 11:12:25] Tag Change: ID '00E2004717A40068217E8B01' -> Floor '-1'
[2026-08-12 11:12:32] Tag Change: ID '00E2004717A00068217E4B01' -> Floor '-1'
[2026-08-12 11:12:57] Tag Change: ID '00E2004717AD8068217F2301' -> Floor '-2'
[2026-08-12 11:13:00] Status Updated: Floor '-2'
[2026-08-12 11:13:30] Status Updated: Floor '-1'
[2026-08-12 11:13:33] Tag Change: ID '00E200471736C0682177B701' -> Floor '-1'
[2026-08-12 11:13:36] Tag Change: ID '00E200471768C068217AD701' -> Floor '1'
[2026-08-12 11:13:36] Tag flapping: suppressed 3 repeated tag-change log lines in the last 61s
[2026-08-12 11:13:37] Tag Change: ID '00E20047175A40682179EF01' -> Floor '2'
[2026-08-12 11:13:41] Tag Change: ID '00E20047189E4068218E2F01' -> Floor '4'
[2026-08-12 11:13:42] Status Updated: Floor '4'
[2026-08-12 11:13:56] Tag Change: ID '00E200471897C068218DC701' -> Floor '5'
[2026-08-12 11:13:57] Tag Change: ID '00E2004717684068217ACF01' -> Floor '5'
[2026-08-12 11:13:57] Status Updated: Floor '5'
[2026-08-12 11:13:58] Tag Change: ID '00E2004717688068217AD301' -> Floor '5'
[2026-08-12 11:14:15] Tag Change: ID '00E2004717964068217DAF01' -> Floor '6'
[2026-08-12 11:14:16] Tag Change: ID '00E2004717638068217A8301' -> Floor '7'
[2026-08-12 11:14:16] Tag Change: ID '00E20047177A3068217BEE01' -> Floor '8'
[2026-08-12 11:14:17] Tag Change: ID '00E2004717767068217BB201' -> Floor '8'
[2026-08-12 11:14:17] Status Updated: Floor '8'
[2026-08-12 11:14:18] Tag Change: ID '00E20047177A7068217BF201' -> Floor '9'
[2026-08-12 11:14:19] Tag Change: ID '00E200471744006821788B01' -> Floor '9'
[2026-08-12 11:14:20] Status Updated: Floor '9'
[2026-08-12 11:14:36] Tag Change: ID '00E2004717773068217BBE01' -> Floor '9'
[2026-08-12 11:14:43] Status Updated: Floor '8'
[2026-08-12 11:15:00] Tag Change: ID '00E2004717710068217B5B00' -> Floor '8'
[2026-08-12 11:15:04] Status Updated: Floor '7'
[2026-08-12 11:15:20] Tag Change: ID '00E2004717964068217DAF01' -> Floor '6'
[2026-08-12 11:15:22] Status Updated: Floor '6'
[2026-08-12 11:15:37] Tag Change: ID '00E20047175CC068217A1701' -> Floor '6'
[2026-08-12 11:15:37] Tag flapping: suppressed 2 repeated tag-change log lines in the last 60s
[2026-08-12 11:15:38] Tag Change: ID '00E2004717688068217AD301' -> Floor '5'
[2026-08-12 11:15:40] Tag Change: ID '00E20047175A80682179F301' -> Floor '4'
[2026-08-12 11:15:42] Tag Change: ID '00E2004717A0C068217E5701' -> Floor '3'
[2026-08-12 11:15:42] Status Updated: Floor '3'
[2026-08-12 11:15:43] Tag Change: ID '00E20047179C4068217E0F01' -> Floor '2'
[2026-08-12 11:15:44] Status Updated: Floor '2'
[2026-08-12 11:15:58] Tag Change: ID '00E20047175A40682179EF01' -> Floor '2'
[2026-08-12 11:16:00] Tag Change: ID '00E20047176CC068217B1701' -> Floor '1'
[2026-08-12 11:16:01] Tag Change: ID '00E200471775B068217BA601' -> Floor '1'
[2026-08-12 11:16:02] Status Updated: Floor '1'
[2026-08-12 11:16:04] Tag Change: ID '00E2004717A00068217E4B01' -> Floor '-1'
[2026-08-12 11:16:11] Tag Change: ID '00E2004717A40068217E8B01' -> Floor '-1'
[2026-08-12 11:16:12] Status Updated: Floor '-1'
[2026-08-12 11:16:39] Tag Change: ID '00E2004717A90068217EDB01' -> Floor 'Unknown'
[2026-08-12 11:16:43] Tag Change: ID '00E2004707DF5060270ED801' -> Floor '-3'
[2026-08-12 11:16:44] Tag Change: ID '00E2004707E01060270EE401' -> Floor '-3'
[2026-08-12 11:16:50] Status Updated: Floor '-3'
[2026-08-12 11:16:50] Tag Change: ID '00E2004707E05060270EE801' -> Floor '-3'
[2026-08-12 11:17:06] Tag Change: ID '00E2004717A48068217E9301' -> Floor '-2'
[2026-08-12 11:17:12] Tag Change: ID '00E2004717AD8068217F2301' -> Floor '-2'
[2026-08-12 11:17:22] Status Updated: Floor '-2'
[2026-08-12 11:17:46] Tag Change: ID '00E2004717A00068217E4B01' -> Floor '-1'
[2026-08-12 11:17:48] Tag Change: ID '00E2004717A40068217E8B01' -> Floor '-1'
[2026-08-12 11:17:49] Status Updated: Floor '-1'
[2026-08-12 11:18:11] Tag flapping: suppressed 8 repeated tag-change log lines in the last 80s
[2026-08-12 11:18:13] Tag Change: ID '00E2004717AC4068217F0F01' -> Floor '-1'
[2026-08-12 11:18:15] Tag Change: ID '00E20047176CC068217B1701' -> Floor '1'
[2026-08-12 11:18:17] Tag Change: ID '00E200471768C068217AD701' -> Floor '1'
[2026-08-12 11:18:17] Status Updated: Floor '1'
[2026-08-12 11:18:35] Tag Change: ID '00E20047179C4068217E0F01' -> Floor '2'
[2026-08-12 11:18:41] Status Updated: Floor '2'
[2026-08-12 11:18:50] Tag Change: ID '00E20047179C4068' -> Floor 'Unknown'
[2026-08-12 11:18:56] Tag Change: ID '00E2004717A0C068217E5701' -> Floor '3'
[2026-08-12 11:18:57] Status Updated: Floor '3'
[2026-08-12 11:18:58] Tag Change: ID '00E2004718A58068218EA301' -> Floor '3'
[2026-08-12 11:19:01] Tag Change: ID '00E2004717964068217DAF01' -> Floor '6'
[2026-08-12 11:19:02] Tag Change: ID '00E2004717638068217A8301' -> Floor '7'
[2026-08-12 11:19:02] Status Updated: Floor '7'
[2026-08-12 11:19:03] Tag Change: ID '00E20047177A3068217BEE01' -> Floor '8'
[2026-08-12 11:19:06] Tag Change: ID '00E2004717767068217BB201' -> Floor '8'
[2026-08-12 11:19:06] Status Updated: Floor '8'
[2026-08-12 11:19:20] Tag Change: ID '002427031027000620240000' -> Floor 'Unknown'
[2026-08-12 11:19:20] Tag flapping: suppressed 3 repeated tag-change log lines in the last 62s
[2026-08-12 11:19:34] Tag Change: ID '00E200471745C0682178A701' -> Floor '10'
[2026-08-12 11:19:34] Status Updated: Floor '10'
[2026-08-12 11:19:36] Tag Change: ID '00E20047174C806821791301' -> Floor '11'
[2026-08-12 11:19:38] Tag Change: ID '00E200471753C06821798701' -> Floor '11'
[2026-08-12 11:19:38] Status Updated: Floor '11'
[2026-08-12 11:19:38] Tag Change: ID '00E200471741006821785B01' -> Floor 'Unknown'
[2026-08-12 11:19:41] Tag Change: ID '00E2004717A34068217E7F01' -> Floor '12'
[2026-08-12 11:19:42] Status Updated: Floor '12'
[2026-08-12 11:20:10] Tag Change: ID '00E2004717710068217B5B00' -> Floor '8'
[2026-08-12 11:20:13] Tag Change: ID '00E2004717638068217A8301' -> Floor '7'
[2026-08-12 11:20:14] Status Updated: Floor '7'
[2026-08-12 11:20:25] Tag Change: ID '00E20047175F4068217A3F01' -> Floor '7'
[2026-08-12 11:20:27] Tag Change: ID '00E2004717964068217DAF01' -> Floor '6'
[2026-08-12 11:20:28] Status Updated: Floor '6'
[2026-08-12 11:20:43] Tag Change: ID '00E20047175CC068217A1701' -> Floor '6'
[2026-08-12 11:20:43] Tag flapping: suppressed 1 repeated tag-change log lines in the last 68s
[2026-08-12 11:20:44] Tag Change: ID '00E2004717688068217AD301' -> Floor '5'
[2026-08-12 11:20:46] Tag Change: ID '00E2004718A2C068218E7701' -> Floor '4'
[2026-08-12 11:20:46] Tag Change: ID '00E20047175A80682179F301' -> Floor '4'
[2026-08-12 11:20:47] Status Updated: Floor '4'
[2026-08-12 11:20:47] Tag Change: ID '00E2004718A58068218EA301' -> Floor '3'
[2026-08-12 11:20:48] Status Updated: Floor '3'
[2026-08-12 11:20:49] Tag Change: ID '00E2004718A5806821' -> Floor 'Unknown'
[2026-08-12 11:21:00] Tag Change: ID '00E2004717A0C068217E5701' -> Floor '3'
[2026-08-12 11:21:01] Tag Change: ID '00E20047179C4068217E0F01' -> Floor '2'
[2026-08-12 11:21:05] Status Updated: Floor '2'
[2026-08-12 11:21:15] Tag Change: ID '00E20047175A40682179EF01' -> Floor '2'
[2026-08-12 11:21:17] Tag Change: ID '00E200471768C068217AD701' -> Floor '1'
[2026-08-12 11:21:18] Status Updated: Floor '1'
[2026-08-12 11:21:19] Tag Change: ID '00E20047176CC068217B1701' -> Floor '1'
[2026-08-12 11:21:39] Tag Change: ID '00E2004717A40068217E8B01' -> Floor '-1'
[2026-08-12 11:21:43] Status Updated: Floor '-1'
[2026-08-12 11:21:48] Tag Change: ID '00E2004717A00068217E4B01' -> Floor '-1'
[2026-08-12 11:21:51] Tag flapping: suppressed 8 repeated tag-change log lines in the last 62s
[2026-08-12 11:22:14] Status Updated: Floor '1'
[2026-08-12 11:22:14] Tag Change: ID '00E200471741406821785F01' -> Floor '2'
[2026-08-12 11:22:15] Tag Change: ID '00E20047179C4068217E0F01' -> Floor '2'
[2026-08-12 11:22:15] Status Updated: Floor '2'
[2026-08-12 11:22:17] Tag Change: ID '00E20047189E4068218E2F01' -> Floor '4'
[2026-08-12 11:22:18] Tag Change: ID '00E2004717688068217AD301' -> Floor '5'
[2026-08-12 11:22:19] Tag Change: ID '00E20047175CC068217A1701' -> Floor '6'
[2026-08-12 11:22:31] Tag Change: ID '00E2004717964068217DAF01' -> Floor '6'
[2026-08-12 11:22:31] Status Updated: Floor '6'
[2026-08-12 11:22:43] Tag Change: ID '00E2004717638068217A8301' -> Floor '7'
[2026-08-12 11:22:43] Status Updated: Floor '7'
[2026-08-12 11:23:02] Tag Change: ID '00E20047177A3068217BEE01' -> Floor '8'
[2026-08-12 11:23:04] Tag Change: ID '00E2004717773068217BBE01' -> Floor '9'
[2026-08-12 11:23:04] Status Updated: Floor '9'
[2026-08-12 11:23:06] Tag Change: ID '002427031027000620240000' -> Floor 'Unknown'
[2026-08-12 11:23:07] Tag Change: ID '00E200471741006821785B01' -> Floor 'Unknown'
[2026-08-12 11:23:10] Tag Change: ID '00E2004717A34068217E7F01' -> Floor '12'
[2026-08-12 11:23:10] Tag flapping: suppressed 3 repeated tag-change log lines in the last 60s
[2026-08-12 11:23:11] Status Updated: Floor '12'
[2026-08-12 11:23:26] Tag Change: ID '00E200471751806821796301' -> Floor '11'
[2026-08-12 11:23:27] Tag Change: ID '00E200471745C0682178A701' -> Floor '10'
[2026-08-12 11:23:27] Tag Change: ID '00E20047174880682178D301' -> Floor '10'
[2026-08-12 11:23:28] Status Updated: Floor '10'
[2026-08-12 11:23:31] Tag Change: ID '00E200471744006821788B01' -> Floor '9'
[2026-08-12 11:23:35] Status Updated: Floor '9'
[2026-08-12 11:23:48] Tag Change: ID '00E2004717964068217DAF01' -> Floor '6'
[2026-08-12 11:23:52] Status Updated: Floor '6'
[2026-08-12 11:24:21] Tag Change: ID '00E20047175CC068217A1701' -> Floor '6'
[2026-08-12 11:24:24] Tag Change: ID '00E2004717688068217AD301' -> Floor '5'
[2026-08-12 11:24:25] Status Updated: Floor '5'
[2026-08-12 11:24:34] Tag Change: ID '00E2004717684068217ACF01' -> Floor '5'
[2026-08-12 11:24:37] Tag Change: ID '00E2004718A58068218EA301' -> Floor '3'
[2026-08-12 11:24:38] Status Updated: Floor '3'
[2026-08-12 11:24:48] Tag Change: ID '00E2004717A0C068217E5701' -> Floor '3'
[2026-08-12 11:24:52] Tag Change: ID '00E20047179C4068217E0F01' -> Floor '2'
[2026-08-12 11:24:54] Status Updated: Floor '2'
[2026-08-12 11:25:00] Tag Change: ID '00E20047175A40682179EF01' -> Floor '2'
[2026-08-12 11:25:01] Tag Change: ID '00E200471768C068217AD701' -> Floor '1'
[2026-08-12 11:25:02] Status Updated: Floor '1'
[2026-08-12 11:25:03] Tag Change: ID '00E20047176CC068217B1701' -> Floor '1'
[2026-08-12 11:25:21] Tag Change: ID '00E200471775B068217BA601' -> Floor '1'
[2026-08-12 11:25:28] Tag Change: ID '00E2004717A40068217E8B01' -> Floor '-1'
[2026-08-12 11:25:30] Status Updated: Floor '-1'
[2026-08-12 11:25:58] Tag Change: ID '00E2004717A00068217E4B01' -> Floor '-1'
[2026-08-12 11:25:59] Tag Change: ID '00E200471736C0682177B701' -> Floor '-1'
[2026-08-12 11:26:00] Tag Change: ID '00E2004717A54068217E9F01' -> Floor '0'
[2026-08-12 11:26:02] Tag Change: ID '00E200471768C068217AD701' -> Floor '1'
[2026-08-12 11:26:03] Tag Change: ID '00E20047175A40682179EF01' -> Floor '2'
[2026-08-12 11:26:06] Tag Change: ID '00E200471897C068218DC701' -> Floor '5'
[2026-08-12 11:26:06] Tag flapping: suppressed 12 repeated tag-change log lines in the last 62s
[2026-08-12 11:26:13] Tag Change: ID '002427031027000620240000' -> Floor 'Unknown'
[2026-08-12 11:26:16] Tag Change: ID '00E200471745C0682178A701' -> Floor '10'
[2026-08-12 11:26:25] Status Updated: Floor '10'
[2026-08-12 11:26:29] Tag Change: ID '00E20047174C806821791301' -> Floor '11'
[2026-08-12 11:26:30] Tag Change: ID '00E200471753C06821798701' -> Floor '11'
[2026-08-12 11:26:30] Status Updated: Floor '11'
[2026-08-12 11:26:32] Tag Change: ID '00E2004717A34068217E7F01' -> Floor '12'
[2026-08-12 11:26:34] Status Updated: Floor '12'
[2026-08-12 11:26:47] Tag Change: ID '00E2004717A84068217ECF01' -> Floor '12'
[2026-08-12 11:26:48] Tag Change: ID '00E200471741006821785B01' -> Floor 'Unknown'
[2026-08-12 11:26:50] Status Updated: Floor '11'
[2026-08-12 11:27:07] Tag Change: ID '00E2004718C4B06821909601' -> Floor 'Unknown'
[2026-08-12 11:27:08] Tag Change: ID '00E200471744006821788B01' -> Floor '9'
[2026-08-12 11:27:10] Tag Change: ID '00E2004717767068217BB201' -> Floor '8'
[2026-08-12 11:27:11] Status Updated: Floor '8'
[2026-08-12 11:27:30] Tag Change: ID '00E2004717638068217A8301' -> Floor '7'
[2026-08-12 11:27:30] Tag flapping: suppressed 5 repeated tag-change log lines in the last 73s
[2026-08-12 11:27:31] Status Updated: Floor '7'
[2026-08-12 11:27:55] Tag Change: ID '00E2004717964068217DAF01' -> Floor '6'
[2026-08-12 11:28:01] Status Updated: Floor '6'
[2026-08-12 11:28:02] Tag Change: ID '00E200471777F068217BCA01' -> Floor 'Unknown'
[2026-08-12 11:28:03] Tag Change: ID '00E2004717684068217ACF01' -> Floor '5'
[2026-08-12 11:28:04] Tag Change: ID '00E200471897C068218DC701' -> Floor '5'
[2026-08-12 11:28:04] Status Updated: Floor '5'
[2026-08-12 11:28:05] Tag Change: ID '00E20047189E4068218E2F01' -> Floor '4'
[2026-08-12 11:28:08] Status Updated: Floor '4'
[2026-08-12 11:28:21] Tag Change: ID '00E2004718A58068218EA301' -> Floor '3'
[2026-08-12 11:28:25] Tag Change: ID '00E200471768C068217AD701' -> Floor '1'
[2026-08-12 11:28:27] Status Updated: Floor '1'
[2026-08-12 11:28:27] Tag Change: ID '00E20047176CC068217B1701' -> Floor '1'
[2026-08-12 11:28:43] Tag Change: ID '00E200471775B068217BA601' -> Floor '1'
[2026-08-12 11:28:45] Tag Change: ID '00E2004717A54068217E9F01' -> Floor '0'
[2026-08-12 11:28:46] Status Updated: Floor '0'
[2026-08-12 11:29:01] Tag Change: ID '00E2004717AC4068217F0F01' -> Floor '-1'
[2026-08-12 11:29:02] Status Updated: Floor '-1'
[2026-08-12 11:29:24] Tag Change: ID '00E2004717A40068217E8B01' -> Floor '-1'
[2026-08-12 11:29:40] Tag Change: ID '00E2004717AD8068217F2301' -> Floor '-2'
[2026-08-12 11:29:40] Tag flapping: suppressed 8 repeated tag-change log lines in the last 72s
[2026-08-12 11:29:51] Status Updated: Floor '-2'
[2026-08-12 11:30:18] Status Updated: Floor '-1'
[2026-08-12 11:30:29] Tag Change: ID '00E200471736C0682177B701' -> Floor '-1'
[2026-08-12 11:30:32] Tag Change: ID '00E20047176CC068217B1701' -> Floor '1'
[2026-08-12 11:30:33] Tag Change: ID '00E200471768C068217AD701' -> Floor '1'
[2026-08-12 11:30:33] Status Updated: Floor '1'
[2026-08-12 11:30:34] Tag Change: ID '00E2004717A7C068217EC701' -> Floor '3'
[2026-08-12 11:30:37] Tag Change: ID '00E2004717684068217ACF01' -> Floor '5'
[2026-08-12 11:30:40] Tag Change: ID '00E20047175F4068217A3F01' -> Floor '7'
[2026-08-12 11:30:41] Tag Change: ID '00E2004717638068217A8301' -> Floor '7'
[2026-08-12 11:30:41] Status Updated: Floor '7'
[2026-08-12 11:31:05] Tag Change: ID '00E20047189E4068218E2F01' -> Floor '4'
[2026-08-12 11:31:07] Status Updated: Floor '4'
[2026-08-12 11:31:25] Tag Change: ID '00E2004718A58068218EA301' -> Floor '3'
[2026-08-12 11:31:25] Tag flapping: suppressed 2 repeated tag-change log lines in the last 72s
[2026-08-12 11:31:25] Status Updated: Floor '3'
[2026-08-12 11:31:47] Tag Change: ID '00E20047179C4068217E0F01' -> Floor '2'
[2026-08-12 11:31:53] Status Updated: Floor '2'
[2026-08-12 11:32:22] Tag Change: ID '00E2004717AC4068217F0F01' -> Floor '-1'
[2026-08-12 11:32:24] Tag Change: ID '00E2004717A00068217E4B01' -> Floor '-1'
[2026-08-12 11:32:29] Status Updated: Floor '-1'
[2026-08-12 11:32:34] Tag Change: ID '00E2004717A40068217E8B01' -> Floor '-1'
[2026-08-12 11:33:13] Tag Change: ID '00E2004707DF5060270ED801' -> Floor '-3'
[2026-08-12 11:33:14] Tag Change: ID '00E2004707E01060270EE401' -> Floor '-3'
[2026-08-12 11:33:19] Status Updated: Floor '-3'
[2026-08-12 11:33:20] Tag Change: ID '00E2004707E05060270EE801' -> Floor '-3'
[2026-08-12 11:33:33] Tag Change: ID '00E2004717A48068217E9301' -> Floor '-2'
[2026-08-12 11:33:34] Status Updated: Floor '-2'
[2026-08-12 11:33:44] Tag Change: ID '00E2004717AD8068217F2301' -> Floor '-2'
[2026-08-12 11:34:03] Tag Change: ID '00E2004717AC4068217F0F01' -> Floor '-1'
[2026-08-12 11:34:04] Tag Change: ID '00E200471775B068217BA601' -> Floor '1'
[2026-08-12 11:34:07] Tag Change: ID '00E200471768C068217AD701' -> Floor '1'
[2026-08-12 11:34:08] Status Updated: Floor '1'
[2026-08-12 11:34:08] Tag Change: ID '00E20047176CC068217B1701' -> Floor '1'
[2026-08-12 11:34:08] Tag Change: ID '00E200471768C06821' -> Floor 'Unknown'
[2026-08-12 11:34:22] Tag flapping: suppressed 24 repeated tag-change log lines in the last 61s
[2026-08-12 11:34:26] Tag Change: ID '00E2004717A0C068217E5701' -> Floor '3'
[2026-08-12 11:34:28] Tag Change: ID '00E200471897C068218DC701' -> Floor '5'
[2026-08-12 11:34:28] Tag Change: ID '00E2004717684068217ACF01' -> Floor '5'
[2026-08-12 11:34:29] Status Updated: Floor '5'
[2026-08-12 11:34:30] Tag Change: ID '00E2004717964068217DAF01' -> Floor '6'
[2026-08-12 11:34:32] Tag Change: ID '00E2004717710068217B5B00' -> Floor '8'
[2026-08-12 11:34:32] Tag Change: ID '00E20047177A7068217BF201' -> Floor '9'
[2026-08-12 11:34:33] Status Updated: Floor '9'
[2026-08-12 11:34:33] Tag Change: ID '00E2004718C4B06821909601' -> Floor 'Unknown'
[2026-08-12 11:34:34] Tag Change: ID '00E20047174880682178D301' -> Floor '10'
[2026-08-12 11:34:35] Status Updated: Floor '10'
[2026-08-12 11:34:35] Tag Change: ID '002427031027000620240000' -> Floor 'Unknown'
[2026-08-12 11:34:35] Tag Change: ID '00E200471745C0682178A701' -> Floor '10'
[2026-08-12 11:35:01] Tag Change: ID '00E200471744006821788B01' -> Floor '9'
[2026-08-12 11:35:02] Tag Change: ID '00E2004717767068217BB201' -> Floor '8'
[2026-08-12 11:35:05] Tag Change: ID '00E2004717A60068217EAB01' -> Floor '7'
[2026-08-12 11:35:06] Status Updated: Floor '6'
[2026-08-12 11:35:34] Tag Change: ID '00E2004717688068217AD301' -> Floor '5'
[2026-08-12 11:35:34] Tag flapping: suppressed 9 repeated tag-change log lines in the last 71s
[2026-08-12 11:35:35] Status Updated: Floor '5'
[2026-08-12 11:35:52] Tag Change: ID '00E20047189E4068218E2F01' -> Floor '4'
[2026-08-12 11:35:53] Status Updated: Floor '4'
[2026-08-12 11:36:03] Tag Change: ID '00E20047175A80682179F301' -> Floor '4'
[2026-08-12 11:36:04] Tag Change: ID '00E2004717A0C068217E5701' -> Floor '3'
[2026-08-12 11:36:06] Tag Change: ID '00E20047176CC068217B1701' -> Floor '1'
[2026-08-12 11:36:07] Tag Change: ID '00E200471775B068217BA601' -> Floor '1'
[2026-08-12 11:36:08] Status Updated: Floor '1'
[2026-08-12 11:36:17] Tag Change: ID '00E2004717A40068217E8B01' -> Floor '-1'
[2026-08-12 11:36:19] Status Updated: Floor '-1'
[2026-08-12 11:36:44] Tag Change: ID '00E2004717AD8068217F2301' -> Floor '-2'
[2026-08-12 11:36:49] Status Updated: Floor '-2'
[2026-08-12 11:37:06] Tag Change: ID '00E2004707E01060270EE401' -> Floor '-3'
[2026-08-12 11:37:07] Status Updated: Floor '-3'
[2026-08-12 11:37:17] Tag Change: ID '00E2004707DF5060270ED801' -> Floor '-3'
[2026-08-12 11:37:17] Tag Change: ID '00E2004707E05060270EE801' -> Floor '-3'
[2026-08-12 11:37:29] Tag Change: ID '00E2004717A40068217E8B01' -> Floor '-1'
[2026-08-12 11:37:29] Status Updated: Floor '-1'
[2026-08-12 11:37:29] Tag Change: ID '00E2004717A00068217E4B01' -> Floor '-1'
[2026-08-12 11:37:46] Tag Change: ID '00E2004717A54068217E9F01' -> Floor '0'
[2026-08-12 11:37:47] Tag Change: ID '00E200471775B068217BA601' -> Floor '1'
[2026-08-12 11:37:48] Tag Change: ID '00E20047176CC068217B1701' -> Floor '1'
[2026-08-12 11:37:53] Status Updated: Floor '1'
[2026-08-12 11:37:54] Tag Change: ID '00E200471768C068217AD701' -> Floor '1'
[2026-08-12 11:38:02] Tag Change: ID '00E200471741406821785F01' -> Floor '2'
[2026-08-12 11:38:07] Status Updated: Floor '2'
[2026-08-12 11:38:09] Tag Change: ID '00E20047175F4068217A3F01' -> Floor '7'
[2026-08-12 11:38:11] Tag Change: ID '00E2004717710068217B5B00' -> Floor '8'
[2026-08-12 11:38:11] Status Updated: Floor '8'
[2026-08-12 11:38:13] Tag Change: ID '00E2004717767068217BB201' -> Floor '8'
[2026-08-12 11:38:26] Tag Change: ID '00E20047177A7068217BF201' -> Floor '9'
[2026-08-12 11:38:26] Tag flapping: suppressed 7 repeated tag-change log lines in the last 69s
[2026-08-12 11:38:29] Tag Change: ID '00E200471744006821788B01' -> Floor '9'
[2026-08-12 11:38:30] Status Updated: Floor '9'
[2026-08-12 11:38:40] Tag Change: ID '00E2004718C4B06821909601' -> Floor 'Unknown'
[2026-08-12 11:38:41] Tag Change: ID '00E200471745C0682178A701' -> Floor '10'
[2026-08-12 11:38:43] Tag Change: ID '00E200471753C06821798701' -> Floor '11'
[2026-08-12 11:38:44] Status Updated: Floor '11'
[2026-08-12 11:39:02] Tag Change: ID '00E200471751806821796301' -> Floor '11'
[2026-08-12 11:39:03] Tag Change: ID '00E20047174C806821791301' -> Floor '11'
[2026-08-12 11:39:05] Tag Change: ID '002427031027000620240000' -> Floor 'Unknown'
[2026-08-12 11:39:11] Status Updated: Floor '10'
[2026-08-12 11:39:18] Status Updated: Floor '9'
[2026-08-12 11:39:19] Tag Change: ID '00E20047177A3068217BEE01' -> Floor '8'
[2026-08-12 11:39:20] Tag Change: ID '00E20047175F4068217A3F01' -> Floor '7'
[2026-08-12 11:39:21] Tag Change: ID '00E20047175CC068217A1701' -> Floor '6'
[2026-08-12 11:39:22] Status Updated: Floor '6'
[2026-08-12 11:39:22] Tag Change: ID '00E200471777F068217BCA01' -> Floor 'Unknown'
[2026-08-12 11:39:24] Tag Change: ID '00E2004717688068217AD301' -> Floor '5'
[2026-08-12 11:39:25] Status Updated: Floor '5'
[2026-08-12 11:39:38] Tag Change: ID '00E20047189E4068218E2F01' -> Floor '4'
[2026-08-12 11:39:38] Status Updated: Floor '4'
[2026-08-12 11:39:49] Tag Change: ID '00E2004718A58068218EA301' -> Floor '3'
[2026-08-12 11:39:50] Tag Change: ID '00E2004717A0C068217E5701' -> Floor '3'
[2026-08-12 11:39:51] Status Updated: Floor '3'
[2026-08-12 11:40:03] Tag Change: ID '00E200471768C068217AD701' -> Floor '1'
[2026-08-12 11:40:04] Tag Change: ID '00E200471775B068217BA601' -> Floor '1'
[2026-08-12 11:40:05] Status Updated: Floor '1'
[2026-08-12 11:40:14] Tag Change: ID '00E2004717A40068217E8B01' -> Floor '-1'
[2026-08-12 11:40:14] Tag flapping: suppressed 7 repeated tag-change log lines in the last 68s
[2026-08-12 11:40:15] Status Updated: Floor '-1'
[2026-08-12 11:40:33] Tag Change: ID '00E2004717AD8068217F2301' -> Floor '-2'
[2026-08-12 11:40:39] Status Updated: Floor '-2'
[2026-08-12 11:40:46] Tag Change: ID '00E2004707E05060270EE801' -> Floor '-3'
[2026-08-12 11:40:46] Tag Change: ID '00E2004707E01060270EE401' -> Floor '-3'
[2026-08-12 11:40:46] Status Updated: Floor '-3'
[2026-08-12 11:40:50] Tag Change: ID '00E2004707DF5060270ED801' -> Floor '-3'
[2026-08-12 11:41:00] Tag Change: ID '00E2004717A48068217E9301' -> Floor '-2'
[2026-08-12 11:41:00] Status Updated: Floor '-2'
[2026-08-12 11:41:01] Tag Change: ID '00E2004717A9C068217EE701' -> Floor '-2'
[2026-08-12 11:41:20] Tag Change: ID '00E2004717AC4068217F0F01' -> Floor '-1'
[2026-08-12 11:41:21] Tag Change: ID '00E200471775B068217BA601' -> Floor '1'
[2026-08-12 11:41:24] Tag Change: ID '00E2004717A0C068217E5701' -> Floor '3'
[2026-08-12 11:41:25] Tag Change: ID '00E2004718A58068218EA301' -> Floor '3'
[2026-08-12 11:41:25] Status Updated: Floor '3'
[2026-08-12 11:41:29] Tag Change: ID '00E2004717638068217A8301' -> Floor '7'
[2026-08-12 11:41:29] Tag Change: ID '00E20047177A3068217BEE01' -> Floor '8'
[2026-08-12 11:41:32] Tag Change: ID '00E2004718C4B06821909601' -> Floor 'Unknown'
[2026-08-12 11:41:32] Tag Change: ID '00E20047174880682178D301' -> Floor '10'
[2026-08-12 11:41:33] Tag Change: ID '002427031027000620240000' -> Floor 'Unknown'
[2026-08-12 11:41:34] Tag Change: ID '00E200471745C0682178A701' -> Floor '10'
[2026-08-12 11:41:34] Status Updated: Floor '10'
[2026-08-12 11:41:50] Tag flapping: suppressed 16 repeated tag-change log lines in the last 60s
[2026-08-12 11:41:51] Tag Change: ID '00E200471744006821788B01' -> Floor '9'
[2026-08-12 11:41:52] Status Updated: Floor '9'
[2026-08-12 11:42:07] Tag Change: ID '00E20047177A7068217BF201' -> Floor '9'
[2026-08-12 11:42:08] Tag Change: ID '00E2004717773068217BBE01' -> Floor '9'
[2026-08-12 11:42:09] Tag Change: ID '00E2004717767068217BB201' -> Floor '8'
[2026-08-12 11:42:09] Status Updated: Floor '8'
[2026-08-12 11:42:23] Tag Change: ID '00E2004717710068217B5B00' -> Floor '8'
[2026-08-12 11:42:26] Tag Change: ID '00E2004717964068217DAF01' -> Floor '6'
[2026-08-12 11:42:27] Status Updated: Floor '6'
[2026-08-12 11:43:08] Tag Change: ID '00E20047175CC068217A1701' -> Floor '6'
[2026-08-12 11:43:09] Tag Change: ID '00E2004717688068217AD301' -> Floor '5'
[2026-08-12 11:43:11] Status Updated: Floor '5'
[2026-08-12 11:43:22] Tag Change: ID '00E20047189E4068218E2F01' -> Floor '4'
[2026-08-12 11:43:23] Tag Change: ID '00E20047175A80682179F301' -> Floor '4'
[2026-08-12 11:43:23] Status Updated: Floor '4'
[2026-08-12 11:43:25] Tag Change: ID '00E20047175A40682179EF01' -> Floor '2'
[2026-08-12 11:43:25] Tag flapping: suppressed 2 repeated tag-change log lines in the last 61s
[2026-08-12 11:43:27] Tag Change: ID '00E200471768C068217AD701' -> Floor '1'
[2026-08-12 11:43:27] Status Updated: Floor '1'
[2026-08-12 11:43:36] Tag Change: ID '00E20047176CC068217B1701' -> Floor '1'
[2026-08-12 11:43:40] Tag Change: ID '00E200471775B068217BA601' -> Floor '1'
[2026-08-12 11:43:41] Tag Change: ID '00E2004717A54068217E9F01' -> Floor '0'
[2026-08-12 11:43:50] Tag Change: ID '00E2004717A40068217E8B01' -> Floor '-1'
[2026-08-12 11:44:10] Tag Change: ID '00E2004707E05060270EE801' -> Floor '-3'
[2026-08-12 11:44:11] Tag Change: ID '00E2004707DF5060270ED801' -> Floor '-3'
[2026-08-12 11:44:12] Status Updated: Floor '-3'
[2026-08-12 11:44:13] Tag Change: ID '00E2004707E01060270EE401' -> Floor '-3'
[2026-08-12 11:44:34] Tag Change: ID '00E2004717AD8068217F2301' -> Floor '-2'
[2026-08-12 11:44:46] Tag flapping: suppressed 15 repeated tag-change log lines in the last 69s
[2026-08-12 11:45:02] Tag Change: ID '00E2004717A00068217E4B01' -> Floor '-1'
[2026-08-12 11:45:03] Status Updated: Floor '-1'
[2026-08-12 11:45:06] Tag Change: ID '00E20047176CC068217B1701' -> Floor '1'
[2026-08-12 11:45:11] Tag Change: ID '00E20047179C4068217E0F01' -> Floor '2'
[2026-08-12 11:45:12] Status Updated: Floor '2'
[2026-08-12 11:45:23] Tag Change: ID '00E2004718A58068218EA301' -> Floor '3'
[2026-08-12 11:45:24] Status Updated: Floor '3'
[2026-08-12 11:45:32] Tag Change: ID '00E2004717767068217BB201' -> Floor '8'
[2026-08-12 11:45:33] Status Updated: Floor '8'
[2026-08-12 11:45:45] Tag Change: ID '00E2004717773068217BBE01' -> Floor '9'
[2026-08-12 11:45:46] Tag Change: ID '00E200471744006821788B01' -> Floor '9'
[2026-08-12 11:45:47] Status Updated: Floor '9'
[2026-08-12 11:45:47] Tag Change: ID '00E2004718C4B06821909601' -> Floor 'Unknown'
[2026-08-12 11:45:48] Tag Change: ID '002427031027000620240000' -> Floor 'Unknown'
[2026-08-12 11:45:49] Tag Change: ID '00E200471745C0682178A701' -> Floor '10'
[2026-08-12 11:45:53] Status Updated: Floor '10'
[2026-08-12 11:46:03] Tag Change: ID '00E20047174880682178D301' -> Floor '10'
[2026-08-12 11:46:08] Status Updated: Floor '9'
[2026-08-12 11:46:20] Tag Change: ID '00E20047177A7068217BF201' -> Floor '9'
[2026-08-12 11:46:22] Tag Change: ID '00E2004717638068217A8301' -> Floor '7'
[2026-08-12 11:46:24] Tag Change: ID '00E2004717688068217AD301' -> Floor '5'
[2026-08-12 11:46:26] Tag Change: ID '00E20047175A80682179F301' -> Floor '4'
[2026-08-12 11:46:27] Tag Change: ID '00E2004717A0C068217E5701' -> Floor '3'
[2026-08-12 11:46:29] Tag Change: ID '00E200471768C068217AD701' -> Floor '1'
[2026-08-12 11:46:30] Status Updated: Floor '1'
[2026-08-12 11:46:36] Tag Change: ID '00E20047176CC068217B1701' -> Floor '1'
[2026-08-12 11:46:42] Tag Change: ID '00E200471775B068217BA601' -> Floor '1'
[2026-08-12 11:46:42] Tag Change: ID '00E2004717A54068217E9F01' -> Floor '0'
[2026-08-12 11:46:53] Tag Change: ID '00E2004717A40068217E8B01' -> Floor '-1'
[2026-08-12 11:46:53] Tag flapping: suppressed 17 repeated tag-change log lines in the last 62s
[2026-08-12 11:47:06] Tag Change: ID '00E2004707E01060270EE401' -> Floor '-3'
[2026-08-12 11:47:07] Status Updated: Floor '-3'
[2026-08-12 11:47:08] Tag Change: ID '00E2004707E05060270EE801' -> Floor '-3'
[2026-08-12 11:47:12] Tag Change: ID '00E2004707DF5060270ED801' -> Floor '-3'
[2026-08-12 11:47:24] Tag Change: ID '00E2004717A48068217E9301' -> Floor '-2'
[2026-08-12 11:47:25] Status Updated: Floor '-2'
[2026-08-12 11:47:28] Tag Change: ID '00E2004717A90068217EDB01' -> Floor 'Unknown'
[2026-08-12 11:47:33] Status Updated: Floor '-1'
[2026-08-12 11:47:40] Tag Change: ID '00E2004717A00068217E4B01' -> Floor '-1'
[2026-08-12 11:47:45] Tag Change: ID '00E200471741406821785F01' -> Floor '2'
[2026-08-12 11:47:46] Tag Change: ID '00E2004717A0C068217E5701' -> Floor '3'
[2026-08-12 11:47:49] Tag Change: ID '00E20047189E4068218E2F01' -> Floor '4'
[2026-08-12 11:47:50] Status Updated: Floor '4'
[2026-08-12 11:48:06] Tag Change: ID '00E2004717688068217AD301' -> Floor '5'
[2026-08-12 11:48:07] Status Updated: Floor '5'
[2026-08-12 11:48:20] Tag Change: ID '00E20047175CC068217A1701' -> Floor '6'
[2026-08-12 11:48:20] Tag flapping: suppressed 11 repeated tag-change log lines in the last 67s
[2026-08-12 11:48:21] Tag Change: ID '00E2004717964068217DAF01' -> Floor '6'
[2026-08-12 11:48:22] Status Updated: Floor '6'
[2026-08-12 11:48:33] Tag Change: ID '00E20047175F4068217A3F01' -> Floor '7'
[2026-08-12 11:48:37] Tag Change: ID '00E20047174880682178D301' -> Floor '10'
[2026-08-12 11:48:38] Tag Change: ID '002427031027000620240000' -> Floor 'Unknown'
[2026-08-12 11:48:44] Tag Change: ID '00E200471745C0682178A701' -> Floor '10'
[2026-08-12 11:48:45] Status Updated: Floor '10'
[2026-08-12 11:48:53] Tag Change: ID '00E200471744006821788B01' -> Floor '9'
[2026-08-12 11:48:55] Tag Change: ID '00E20047177A3068217BEE01' -> Floor '8'
[2026-08-12 11:48:57] Tag Change: ID '00E2004717A60068217EAB01' -> Floor '7'
[2026-08-12 11:48:58] Status Updated: Floor '6'
[2026-08-12 11:49:15] Tag Change: ID '00E2004717767068217BB201' -> Floor '8'
[2026-08-12 11:49:16] Status Updated: Floor '8'
[2026-08-12 11:49:36] Status Updated: Floor '9'
[2026-08-12 11:49:58] Tag Change: ID '00E20047177A7068217BF201' -> Floor '9'
[2026-08-12 11:49:58] Tag flapping: suppressed 6 repeated tag-change log lines in the last 72s
[2026-08-12 11:49:59] Tag Change: ID '00E20047177A3068217BEE01' -> Floor '8'
[2026-08-12 11:50:01] Tag Change: ID '00E2004717964068217DAF01' -> Floor '6'
[2026-08-12 11:50:02] Tag Change: ID '00E2004717684068217ACF01' -> Floor '5'
[2026-08-12 11:50:03] Tag Change: ID '00E200471897C068218DC701' -> Floor '5'
[2026-08-12 11:50:03] Status Updated: Floor '5'
[2026-08-12 11:50:04] Tag Change: ID '00E20047175A80682179F301' -> Floor '4'
[2026-08-12 11:50:04] Tag Change: ID '00E2004718A58068218EA301' -> Floor '3'
[2026-08-12 11:50:06] Tag Change: ID '00E20047176CC068217B1701' -> Floor '1'
[2026-08-12 11:50:07] Tag Change: ID '00E200471775B068217BA601' -> Floor '1'
[2026-08-12 11:50:08] Status Updated: Floor '1'
[2026-08-12 11:50:09] Tag Change: ID '00E200471736C0682177B701' -> Floor '-1'
[2026-08-12 11:50:10] Tag Change: ID '00E2004717A00068217E4B01' -> Floor '-1'
[2026-08-12 11:50:11] Status Updated: Floor '-1'
[2026-08-12 11:50:23] Tag Change: ID '00E2004717A40068217E8B01' -> Floor '-1'
[2026-08-12 11:50:39] Status Updated: Floor '4'
[2026-08-12 11:50:41] Tag Change: ID '00E20047189E4068218E2F01' -> Floor '4'
[2026-08-12 11:50:57] Status Updated: Floor '5'
[2026-08-12 11:50:57] Tag Change: ID '00E200471777F068217BCA01' -> Floor 'Unknown'
[2026-08-12 11:50:59] Tag Change: ID '00E20047175F4068217A3F01' -> Floor '7'
[2026-08-12 11:51:00] Tag Change: ID '00E2004717710068217B5B00' -> Floor '8'
[2026-08-12 11:51:00] Tag Change: ID '00E2004717767068217BB201' -> Floor '8'
[2026-08-12 11:51:00] Status Updated: Floor '8'
[2026-08-12 11:51:03] Tag Change: ID '002427031027000620240000' -> Floor 'Unknown'
[2026-08-12 11:51:10] Tag Change: ID '00E200471745C0682178A701' -> Floor '10'
[2026-08-12 11:51:11] Status Updated: Floor '10'
[2026-08-12 11:51:41] Tag flapping: suppressed 17 repeated tag-change log lines in the last 68s
[2026-08-12 11:52:07] Tag Change: ID '002427031027000620240000' -> Floor 'Unknown'
[2026-08-12 11:52:13] Tag Change: ID '00E200471745C0682178A701' -> Floor '10'
[2026-08-12 11:52:22] Tag Change: ID '00E200471744006821788B01' -> Floor '9'
[2026-08-12 11:52:24] Tag Change: ID '00E2004717767068217BB201' -> Floor '8'
[2026-08-12 11:52:28] Status Updated: Floor '8'
[2026-08-12 11:52:46] Tag Change: ID '00E2004717710068217B5B00' -> Floor '8'
[2026-08-12 11:52:46] Tag flapping: suppressed 14 repeated tag-change log lines in the last 65s
[2026-08-12 11:52:47] Tag Change: ID '00E20047177A3068217BEE01' -> Floor '8'
[2026-08-12 11:52:47] Tag Change: ID '00E2004717638068217A8301' -> Floor '7'
[2026-08-12 11:52:48] Tag Change: ID '00E2004717A60068217EAB01' -> Floor '7'
[2026-08-12 11:52:49] Status Updated: Floor '7'
[2026-08-12 11:52:49] Tag Change: ID '00E20047175CC068217A1701' -> Floor '6'
[2026-08-12 11:52:49] Tag Change: ID '00E2004717688068217AD301' -> Floor '5'
[2026-08-12 11:52:50] Status Updated: Floor '5'
[2026-08-12 11:52:52] Tag Change: ID '00E20047175A80682179F301' -> Floor '4'
[2026-08-12 11:52:53] Tag Change: ID '00E2004718A58068218EA301' -> Floor '3'
[2026-08-12 11:52:55] Status Updated: Floor '3'
[2026-08-12 11:54:28] Tag Change: ID '00E20047179C4068217E0F01' -> Floor '2'
[2026-08-12 11:54:29] Tag Change: ID '00E200471768C068217AD701' -> Floor '1'
[2026-08-12 11:54:31] Tag Change: ID '00E200471775B068217BA601' -> Floor '1'
[2026-08-12 11:54:31] Status Updated: Floor '1'
[2026-08-12 11:54:34] Tag Change: ID '00E2004717A00068217E4B01' -> Floor '-1'
[2026-08-12 11:54:56] Tag Change: ID '00E2004707E05060270EE801' -> Floor '-3'
[2026-08-12 11:54:56] Status Updated: Floor '-3'
[2026-08-12 11:54:59] Tag Change: ID '00E2004707DF5060270ED801' -> Floor '-3'
[2026-08-12 11:54:59] Tag Change: ID '00E2004707E01060270EE401' -> Floor '-3'
[2026-08-12 11:55:15] Tag Change: ID '00E2004717A40068217E8B01' -> Floor '-1'
[2026-08-12 11:55:17] Status Updated: Floor '-1'
[2026-08-12 11:55:36] Tag Change: ID '00E200471736C0682177B701' -> Floor '-1'
[2026-08-12 11:55:39] Tag Change: ID '00E20047176CC068217B1701' -> Floor '1'
[2026-08-12 11:55:44] Tag Change: ID '00E20047179C4068217E0F01' -> Floor '2'
[2026-08-12 11:55:45] Status Updated: Floor '2'
[2026-08-12 11:55:59] Tag Change: ID '00E20047175CC068217A1701' -> Floor '6'
[2026-08-12 11:56:03] Tag Change: ID '00E2004717710068217B5B00' -> Floor '8'
[2026-08-12 11:56:03] Tag flapping: suppressed 7 repeated tag-change log lines in the last 62s
[2026-08-12 11:56:03] Tag Change: ID '00E2004717767068217BB201' -> Floor '8'
[2026-08-12 11:56:04] Status Updated: Floor '8'
[2026-08-12 11:56:19] Tag Change: ID '00E20047175F4068217A3F01' -> Floor '7'
[2026-08-12 11:56:22] Tag Change: ID '00E2004717964068217DAF01' -> Floor '6'
[2026-08-12 11:56:22] Status Updated: Floor '6'
[2026-08-12 11:56:37] Tag Change: ID '00E2004717688068217AD301' -> Floor '5'
[2026-08-12 11:56:38] Status Updated: Floor '5'
[2026-08-12 11:56:42] Tag Change: ID '00E2004717684068217ACF01' -> Floor '5'
[2026-08-12 11:56:56] Tag Change: ID '00E20047175A80682179F301' -> Floor '4'
[2026-08-12 11:56:56] Status Updated: Floor '4'
[2026-08-12 11:56:57] Tag Change: ID '00E2004717A0C068217E5701' -> Floor '3'
[2026-08-12 11:56:57] Status Updated: Floor '3'
[2026-08-12 11:56:58] Tag Change: ID '00E200471768C068217AD701' -> Floor '1'
[2026-08-12 11:56:59] Tag Change: ID '00E20047176CC068217B1701' -> Floor '1'
[2026-08-12 11:56:59] Status Updated: Floor '1'
[2026-08-12 11:57:00] Tag Change: ID '00E200471775B068217BA601' -> Floor '1'
[2026-08-12 11:57:06] Tag Change: ID '00E2004717A40068217E8B01' -> Floor '-1'
[2026-08-12 11:57:10] Status Updated: Floor '-1'
[2026-08-12 11:57:32] Tag Change: ID '00E2004717AD8068217F2301' -> Floor '-2'
[2026-08-12 11:57:49] Tag flapping: suppressed 3 repeated tag-change log lines in the last 64s
[2026-08-12 11:58:02] Tag Change: ID '00E20047175A40682179EF01' -> Floor '2'
[2026-08-12 11:58:10] Tag Change: ID '00E20047179C4068217E0F01' -> Floor '2'
[2026-08-12 11:58:10] Status Updated: Floor '2'
[2026-08-12 11:58:17] Tag Change: ID '00E2004717A0C068217E5701' -> Floor '3'
[2026-08-12 11:58:18] Tag Change: ID '00E2004718A58068218EA301' -> Floor '3'
[2026-08-12 11:58:19] Status Updated: Floor '3'
[2026-08-12 11:58:20] Tag Change: ID '00E20047189E4068218E2F01' -> Floor '4'
[2026-08-12 11:58:20] Status Updated: Floor '4'
[2026-08-12 11:58:21] Tag Change: ID '00E2004717684068217ACF01' -> Floor '5'
[2026-08-12 11:58:24] Tag Change: ID '00E2004717688068217AD301' -> Floor '5'
[2026-08-12 11:58:24] Status Updated: Floor '5'
[2026-08-12 11:58:39] Tag Change: ID '00E2004718A2C068218E7701' -> Floor '4'
[2026-08-12 11:58:43] Tag Change: ID '00E200471775B068217BA601' -> Floor '1'
[2026-08-12 11:58:45] Tag Change: ID '00E200471736C0682177B701' -> Floor '-1'
[2026-08-12 11:58:47] Tag Change: ID '00E2004717A40068217E8B01' -> Floor '-1'
[2026-08-12 11:58:47] Status Updated: Floor '-1'
[2026-08-12 11:59:33] Tag flapping: suppressed 3 repeated tag-change log lines in the last 94s
[2026-08-12 11:59:35] Tag Change: ID '00E2004717AC4068217F0F01' -> Floor '-1'
[2026-08-12 11:59:39] Tag Change: ID '00E20047175A80682179F301' -> Floor '4'
[2026-08-12 11:59:40] Tag Change: ID '00E20047189E4068218E2F01' -> Floor '4'
[2026-08-12 11:59:41] Status Updated: Floor '4'
[2026-08-12 11:59:41] Tag Change: ID '00E200471777F068217BCA01' -> Floor 'Unknown'
[2026-08-12 11:59:42] Tag Change: ID '00E20047175CC068217A1701' -> Floor '6'
[2026-08-12 11:59:44] Tag Change: ID '00E20047177A3068217BEE01' -> Floor '8'
[2026-08-12 11:59:47] Tag Change: ID '00E2004717767068217BB201' -> Floor '8'
[2026-08-12 11:59:48] Status Updated: Floor '8'
[2026-08-12 12:00:09] Tag Change: ID '00E2004717638068217A8301' -> Floor '7'
[2026-08-12 12:00:10] Tag Change: ID '00E2004717A60068217EAB01' -> Floor '7'
[2026-08-12 12:00:11] Status Updated: Floor '7'
[2026-08-12 12:00:12] Tag Change: ID '00E2004717688068217AD301' -> Floor '5'
[2026-08-12 12:00:14] Status Updated: Floor '5'
[2026-08-12 12:00:22] Tag Change: ID '00E2004717684068217ACF01' -> Floor '5'
[2026-08-12 12:00:36] Tag Change: ID '00E200471897C068218DC701' -> Floor '5'
[2026-08-12 12:00:39] Tag Change: ID '00E20047175A40682179EF01' -> Floor '2'
[2026-08-12 12:00:40] Tag Change: ID '00E200471768C068217AD701' -> Floor '1'
[2026-08-12 12:00:41] Tag Change: ID '00E20047176CC068217B1701' -> Floor '1'
[2026-08-12 12:00:42] Status Updated: Floor '1'
[2026-08-12 12:00:55] Tag Change: ID '00E2004717A40068217E8B01' -> Floor '-1'
[2026-08-12 12:01:06] Tag Change: ID '00E2004717A00068217E4B01' -> Floor '-1'
[2026-08-12 12:01:06] Status Updated: Floor '-1'
[2026-08-12 12:01:12] Tag flapping: suppressed 4 repeated tag-change log lines in the last 63s
[2026-08-12 12:01:14] Tag Change: ID '00E200471736C0682177B701' -> Floor '-1'
[2026-08-12 12:01:15] Tag Change: ID '00E2004717AC4068217F0F01' -> Floor '-1'
[2026-08-12 12:01:15] Tag Change: ID '00E2004717A54068217E9F01' -> Floor '0'
[2026-08-12 12:01:16] Tag Change: ID '00E200471775B068217BA601' -> Floor '1'
[2026-08-12 12:01:18] Status Updated: Floor '1'
[2026-08-12 12:01:21] Tag Change: ID '00E2004718A58068218EA301' -> Floor '3'
[2026-08-12 12:01:22] Status Updated: Floor '3'
[2026-08-12 12:01:34] Tag Change: ID '00E20047175A80682179F301' -> Floor '4'
[2026-08-12 12:01:35] Status Updated: Floor '4'
[2026-08-12 12:01:37] Tag Change: ID '00E2004717684068217ACF01' -> Floor '5'
[2026-08-12 12:01:37] Status Updated: Floor '5'
[2026-08-12 12:01:43] Tag Change: ID '00E2004717767068217BB201' -> Floor '8'
[2026-08-12 12:01:44] Status Updated: Floor '8'
[2026-08-12 12:01:57] Tag Change: ID '00E20047177A7068217BF201' -> Floor '9'
[2026-08-12 12:01:59] Tag Change: ID '00E2004718C4B06821909601' -> Floor 'Unknown'
[2026-08-12 12:01:59] Tag Change: ID '00E20047174880682178D301' -> Floor '10'
[2026-08-12 12:02:00] Status Updated: Floor '10'
[2026-08-12 12:02:00] Tag Change: ID '002427031027000620240000' -> Floor 'Unknown'
[2026-08-12 12:02:11] Tag Change: ID '00E200471745C0682178A701' -> Floor '10'
[2026-08-12 12:02:13] Tag flapping: suppressed 6 repeated tag-change log lines in the last 60s
[2026-08-12 12:02:17] Status Updated: Floor '9'
[2026-08-12 12:02:19] Tag Change: ID '00E2004717638068217A8301' -> Floor '7'
[2026-08-12 12:02:19] Tag Change: ID '00E20047175F4068217A3F01' -> Floor '7'
[2026-08-12 12:02:19] Status Updated: Floor '7'
[2026-08-12 12:02:20] Tag Change: ID '00E20047175CC068217A1701' -> Floor '6'
[2026-08-12 12:02:21] Tag Change: ID '00E200471897C068218DC701' -> Floor '5'
[2026-08-12 12:02:25] Tag Change: ID '00E200471768C068217AD701' -> Floor '1'
[2026-08-12 12:02:25] Tag Change: ID '00E20047176CC068217B1701' -> Floor '1'
[2026-08-12 12:02:26] Status Updated: Floor '1'
[2026-08-12 12:02:26] Tag Change: ID '00E200471775B068217BA601' -> Floor '1'
[2026-08-12 12:02:28] Tag Change: ID '00E200471736C0682177B701' -> Floor '-1'
[2026-08-12 12:02:29] Status Updated: Floor '-1'
[2026-08-12 12:02:29] Tag Change: ID '00E2004717A00068217E4B01' -> Floor '-1'
[2026-08-12 12:02:33] Tag Change: ID '00E2004717AD8068217F2301' -> Floor '-2'
[2026-08-12 12:02:44] Status Updated: Floor '-2'
[2026-08-12 12:03:03] Tag Change: ID '00E20047175A40682179EF01' -> Floor '2'
[2026-08-12 12:03:04] Status Updated: Floor '2'
[2026-08-12 12:03:04] Tag Change: ID '00E2004717A7C068217EC701' -> Floor '3'
[2026-08-12 12:03:05] Tag Change: ID '00E2004718A58068218EA301' -> Floor '3'
[2026-08-12 12:03:05] Status Updated: Floor '3'
[2026-08-12 12:03:07] Tag Change: ID '00E2004717688068217AD301' -> Floor '5'
[2026-08-12 12:03:08] Status Updated: Floor '5'
[2026-08-12 12:03:10] Tag Change: ID '00E20047177A3068217BEE01' -> Floor '8'
[2026-08-12 12:03:11] Tag Change: ID '00E2004717710068217B5B00' -> Floor '8'
[2026-08-12 12:03:11] Status Updated: Floor '8'
[2026-08-12 12:03:11] Tag Change: ID '00E2004717767068217BB201' -> Floor '8'
[2026-08-12 12:04:17] Tag Change: ID '00E2004717710068217B5B00' -> Floor '8'
[2026-08-12 12:04:17] Tag flapping: suppressed 4 repeated tag-change log lines in the last 122s
[2026-08-12 12:04:18] Tag Change: ID '00E2004717638068217A8301' -> Floor '7'
[2026-08-12 12:04:20] Tag Change: ID '00E200471777F068217BCA01' -> Floor 'Unknown'
[2026-08-12 12:04:21] Tag Change: ID '00E2004717684068217ACF01' -> Floor '5'
[2026-08-12 12:04:21] Status Updated: Floor '5'
[2026-08-12 12:04:22] Tag Change: ID '00E2004718A2C068218E7701' -> Floor '4'
[2026-08-12 12:04:23] Tag Change: ID '00E2004718A58068218EA301' -> Floor '3'
[2026-08-12 12:04:23] Tag Change: ID '00E2004717A0C068217E5701' -> Floor '3'
[2026-08-12 12:04:24] Status Updated: Floor '3'
[2026-08-12 12:04:25] Tag Change: ID '00E20047176CC068217B1701' -> Floor '1'
[2026-08-12 12:04:34] Tag Change: ID '00E2004717AD8068217F2301' -> Floor '-2'
[2026-08-12 12:04:36] Status Updated: Floor '-2'
[2026-08-12 12:04:49] Tag Change: ID '00E2004717A9C068217EE701' -> Floor '-2'
[2026-08-12 12:04:50] Tag Change: ID '00E2004717A48068217E9301' -> Floor '-2'
[2026-08-12 12:04:52] Tag Change: ID '00E2004707E05060270EE801' -> Floor '-3'
[2026-08-12 12:04:57] Status Updated: Floor '-3'
[2026-08-12 12:04:58] Tag Change: ID '00E2004707E01060270EE401' -> Floor '-3'
[2026-08-12 12:05:04] Tag Change: ID '00E2004707DF5060270ED801' -> Floor '-3'
[2026-08-12 12:05:26] Tag Change: ID '00E2004717A40068217E8B01' -> Floor '-1'
[2026-08-12 12:05:43] Tag Change: ID '00E2004717A00068217E4B01' -> Floor '-1'
[2026-08-12 12:05:44] Status Updated: Floor '-1'
[2026-08-12 12:06:16] Tag flapping: suppressed 14 repeated tag-change log lines in the last 76s
[2026-08-12 12:06:54] Tag Change: ID '00E2004717AD8068217F2301' -> Floor '-2'
[2026-08-12 12:06:58] Status Updated: Floor '-2'
[2026-08-12 12:07:36] Tag Change: ID '00E2004717A40068217E8B01' -> Floor '-1'
[2026-08-12 12:07:36] Tag flapping: suppressed 2 repeated tag-change log lines in the last 75s
[2026-08-12 12:07:57] Tag Change: ID '00E2004707DF5060270ED801' -> Floor '-3'
[2026-08-12 12:07:59] Status Updated: Floor '-3'
[2026-08-12 12:07:59] Tag Change: ID '00E2004707E01060270EE401' -> Floor '-3'
[2026-08-12 12:08:00] Tag Change: ID '00E2004707E05060270EE801' -> Floor '-3'
[2026-08-12 12:08:46] Tag Change: ID '00E2004717AD8068217F2301' -> Floor '-2'
[2026-08-12 12:08:49] Status Updated: Floor '-2'
[2026-08-12 12:09:03] Tag Change: ID '00E2004717A54068217E9F01' -> Floor '0'
[2026-08-12 12:09:03] Tag flapping: suppressed 32 repeated tag-change log lines in the last 62s
[2026-08-12 12:09:06] Tag Change: ID '00E20047179C4068217E0F01' -> Floor '2'
[2026-08-12 12:09:06] Tag Change: ID '00E2004717A0C068217E5701' -> Floor '3'
[2026-08-12 12:09:08] Tag Change: ID '00E20047189E4068218E2F01' -> Floor '4'
[2026-08-12 12:09:09] Tag Change: ID '00E2004717688068217AD301' -> Floor '5'
[2026-08-12 12:09:10] Tag Change: ID '00E2004717964068217DAF01' -> Floor '6'
[2026-08-12 12:09:12] Tag Change: ID '00E2004717638068217A8301' -> Floor '7'
[2026-08-12 12:09:14] Tag Change: ID '00E2004717767068217BB201' -> Floor '8'
[2026-08-12 12:09:20] Status Updated: Floor '8'
[2026-08-12 12:09:46] Tag Change: ID '00E20047177A7068217BF201' -> Floor '9'
[2026-08-12 12:09:47] Tag Change: ID '00E200471744006821788B01' -> Floor '9'
[2026-08-12 12:09:48] Status Updated: Floor '9'
[2026-08-12 12:09:49] Tag Change: ID '00E200471745C0682178A701' -> Floor '10'
[2026-08-12 12:09:50] Tag Change: ID '00E200471751806821796301' -> Floor '11'
[2026-08-12 12:09:52] Tag Change: ID '00E200471753C06821798701' -> Floor '11'
[2026-08-12 12:09:52] Status Updated: Floor '11'
[2026-08-12 12:10:07] Tag Change: ID '002427031027000620240000' -> Floor 'Unknown'
[2026-08-12 12:10:12] Status Updated: Floor '10'
[2026-08-12 12:10:21] Tag Change: ID '00E20047174880682178D301' -> Floor '10'
[2026-08-12 12:10:22] Tag Change: ID '00E2004718C4B06821909601' -> Floor 'Unknown'
[2026-08-12 12:10:25] Tag Change: ID '00E20047177A3068217BEE01' -> Floor '8'
[2026-08-12 12:10:25] Status Updated: Floor '8'
[2026-08-12 12:10:29] Tag Change: ID '00E2004718A58068218EA301' -> Floor '3'
[2026-08-12 12:10:30] Status Updated: Floor '3'
[2026-08-12 12:10:32] Tag Change: ID '00E20047176CC068217B1701' -> Floor '1'
[2026-08-12 12:10:33] Tag Change: ID '00E200471775B068217BA601' -> Floor '1'
[2026-08-12 12:10:33] Status Updated: Floor '1'
[2026-08-12 12:10:36] Tag Change: ID '00E2004717A00068217E4B01' -> Floor '-1'
[2026-08-12 12:10:51] Tag Change: ID '00E2004717A40068217E8B01' -> Floor '-1'
[2026-08-12 12:10:51] Status Updated: Floor '-1'
[2026-08-12 12:11:01] Tag Change: ID '00E2004717AC4068217F0F01' -> Floor '-1'
[2026-08-12 12:11:01] Tag Change: ID '00E2004717A54068217E9F01' -> Floor '0'
[2026-08-12 12:11:04] Tag Change: ID '00E20047175A40682179EF01' -> Floor '2'
[2026-08-12 12:11:04] Tag Change: ID '00E2004717A0C068217E5701' -> Floor '3'
[2026-08-12 12:11:07] Tag Change: ID '00E2004717688068217AD301' -> Floor '5'
[2026-08-12 12:11:07] Tag flapping: suppressed 10 repeated tag-change log lines in the last 62s
[2026-08-12 12:11:08] Status Updated: Floor '5'
[2026-08-12 12:11:08] Tag Change: ID '00E20047175CC068217A1701' -> Floor '6'
[2026-08-12 12:11:11] Tag Change: ID '00E2004717638068217A8301' -> Floor '7'
[2026-08-12 12:11:12] Status Updated: Floor '7'
[2026-08-12 12:11:26] Tag Change: ID '00E20047175F4068217A3F01' -> Floor '7'
[2026-08-12 12:11:27] Tag Change: ID '00E2004717A60068217EAB01' -> Floor '7'
[2026-08-12 12:11:29] Status Updated: Floor '6'
[2026-08-12 12:11:29] Tag Change: ID '00E2004717684068217ACF01' -> Floor '5'
[2026-08-12 12:11:31] Tag Change: ID '00E20047175A80682179F301' -> Floor '4'
[2026-08-12 12:11:31] Tag Change: ID '00E2004718A58068218EA301' -> Floor '3'
[2026-08-12 12:11:32] Status Updated: Floor '3'
[2026-08-12 12:11:45] Status Updated: Floor '-1'
[2026-08-12 12:12:07] Tag Change: ID '00E2004717A00068217E4B01' -> Floor '-1'
[2026-08-12 12:12:08] Tag Change: ID '00E200471736C0682177B701' -> Floor '-1'
[2026-08-12 12:12:12] Tag Change: ID '00E2004717A0C068217E5701' -> Floor '3'
[2026-08-12 12:12:14] Tag Change: ID '00E200471897C068218DC701' -> Floor '5'
[2026-08-12 12:12:15] Status Updated: Floor '5'
[2026-08-12 12:12:18] Tag Change: ID '00E2004717710068217B5B00' -> Floor '8'
[2026-08-12 12:12:20] Tag Change: ID '00E20047174880682178D301' -> Floor '10'
[2026-08-12 12:12:21] Status Updated: Floor '10'
[2026-08-12 12:12:22] Tag Change: ID '002427031027000620240000' -> Floor 'Unknown'
[2026-08-12 12:12:22] Tag Change: ID '00E200471745C0682178A701' -> Floor '10'
[2026-08-12 12:12:29] Tag flapping: suppressed 10 repeated tag-change log lines in the last 60s
[2026-08-12 12:12:36] Tag Change: ID '00E2004717773068217BBE01' -> Floor '9'
[2026-08-12 12:12:38] Tag Change: ID '00E2004717A60068217EAB01' -> Floor '7'
[2026-08-12 12:12:39] Tag Change: ID '00E2004717964068217DAF01' -> Floor '6'
[2026-08-12 12:12:40] Status Updated: Floor '6'
[2026-08-12 12:12:52] Tag Change: ID '00E20047175CC068217A1701' -> Floor '6'
[2026-08-12 12:12:54] Tag Change: ID '00E20047189E4068218E2F01' -> Floor '4'
[2026-08-12 12:12:56] Tag Change: ID '00E20047179C4068217E0F01' -> Floor '2'
[2026-08-12 12:12:58] Tag Change: ID '00E200471768C068217AD701' -> Floor '1'
[2026-08-12 12:12:59] Tag Change: ID '00E200471775B068217BA601' -> Floor '1'
[2026-08-12 12:12:59] Status Updated: Floor '1'
[2026-08-12 12:13:02] Status Updated: Floor '-1'
[2026-08-12 12:13:07] Tag Change: ID '00E2004717A40068217E8B01' -> Floor '-1'
[2026-08-12 12:13:07] Tag Change: ID '00E2004717A00068217E4B01' -> Floor '-1'
[2026-08-12 12:13:41] Tag Change: ID '00E2004707E01060270EE401' -> Floor '-3'
[2026-08-12 12:13:41] Tag flapping: suppressed 8 repeated tag-change log lines in the last 72s
[2026-08-12 12:13:42] Status Updated: Floor '-3'
[2026-08-12 12:13:44] Tag Change: ID '00E2004707E05060270EE801' -> Floor '-3'
[2026-08-12 12:13:48] Tag Change: ID '00E2004707DF5060270ED801' -> Floor '-3'
[2026-08-12 12:14:14] Tag Change: ID '00E200471736C0682177B701' -> Floor '-1'
[2026-08-12 12:14:15] Status Updated: Floor '-1'
[2026-08-12 12:14:19] Tag Change: ID '00E2004717A54068217E9F01' -> Floor '0'
[2026-08-12 12:14:20] Status Updated: Floor '0'
[2026-08-12 12:14:33] Status Updated: Floor '-1'
[2026-08-12 12:14:39] Tag Change: ID '00E2004717AD8068217F2301' -> Floor '-2'
[2026-08-12 12:14:43] Status Updated: Floor '-2'
[2026-08-12 12:14:55] Tag Change: ID '00E2004717A40068217E8B01' -> Floor '-1'
[2026-08-12 12:14:55] Tag flapping: suppressed 20 repeated tag-change log lines in the last 66s
[2026-08-12 12:15:05] Status Updated: Floor '-1'
[2026-08-12 12:15:11] Tag Change: ID '00E200471775B068217BA601' -> Floor '1'
[2026-08-12 12:15:14] Tag Change: ID '00E20047179C4068217E0F01' -> Floor '2'
[2026-08-12 12:15:14] Tag Change: ID '00E2004717A0C068217E5701' -> Floor '3'
[2026-08-12 12:15:16] Tag Change: ID '00E20047175A80682179F301' -> Floor '4'
[2026-08-12 12:15:16] Tag Change: ID '00E2004718A2C068218E7701' -> Floor '4'
[2026-08-12 12:15:16] Status Updated: Floor '4'
[2026-08-12 12:15:20] Tag Change: ID '00E20047177A3068217BEE01' -> Floor '8'
[2026-08-12 12:15:22] Tag Change: ID '00E2004717767068217BB201' -> Floor '8'
[2026-08-12 12:15:22] Status Updated: Floor '8'
[2026-08-12 12:16:32] Tag Change: ID '00E2004718A58068218EA301' -> Floor '3'
[2026-08-12 12:16:32] Status Updated: Floor '3'
[2026-08-12 12:16:33] Tag Change: ID '00E20047179C4068217E0F01' -> Floor '2'
[2026-08-12 12:16:46] Tag Change: ID '00E2004717A40068217E8B01' -> Floor '-1'
[2026-08-12 12:16:48] Status Updated: Floor '-1'
[2026-08-12 12:16:59] Tag Change: ID '00E2004717A00068217E4B01' -> Floor '-1'
[2026-08-12 12:17:08] Tag Change: ID '00E200471736C0682177B701' -> Floor '-1'
[2026-08-12 12:17:09] Tag Change: ID '00E2004717AC4068217F0F01' -> Floor '-1'
[2026-08-12 12:17:10] Tag Change: ID '00E200471775B068217BA601' -> Floor '1'
[2026-08-12 12:17:10] Status Updated: Floor '1'
[2026-08-12 12:17:11] Tag Change: ID '00E20047176CC068217B1701' -> Floor '1'
[2026-08-12 12:17:14] Tag Change: ID '00E2004718A2C068218E7701' -> Floor '4'
[2026-08-12 12:17:16] Tag Change: ID '00E2004717684068217ACF01' -> Floor '5'
[2026-08-12 12:17:19] Tag Change: ID '00E2004717688068217AD301' -> Floor '5'
[2026-08-12 12:17:20] Status Updated: Floor '5'
[2026-08-12 12:17:37] Tag Change: ID '00E2004718A58068218EA301' -> Floor '3'
[2026-08-12 12:17:47] Tag Change: ID '00E2004717A48068217E9301' -> Floor '-2'
[2026-08-12 12:17:49] Tag Change: ID '00E2004707E01060270EE401' -> Floor '-3'
[2026-08-12 12:17:49] Status Updated: Floor '-3'
[2026-08-12 12:17:50] Tag Change: ID '00E2004707E05060270EE801' -> Floor '-3'
[2026-08-12 12:17:54] Tag Change: ID '00E2004707DF5060270ED801' -> Floor '-3'
[2026-08-12 12:18:03] Tag flapping: suppressed 12 repeated tag-change log lines in the last 60s
[2026-08-12 12:18:13] Status Updated: Floor '-2'
[2026-08-12 12:18:22] Tag Change: ID '00E2004717A7C068217EC701' -> Floor '3'
[2026-08-12 12:18:23] Status Updated: Floor '3'
[2026-08-12 12:18:24] Tag Change: ID '00E200471897C068218DC701' -> Floor '5'
[2026-08-12 12:18:25] Tag Change: ID '00E20047175CC068217A1701' -> Floor '6'
[2026-08-12 12:18:26] Status Updated: Floor '6'
[2026-08-12 12:18:26] Tag Change: ID '00E20047175F4068217A3F01' -> Floor '7'
[2026-08-12 12:18:27] Tag Change: ID '00E20047177A3068217BEE01' -> Floor '8'
[2026-08-12 12:18:28] Status Updated: Floor '8'
[2026-08-12 12:18:28] Tag Change: ID '00E2004717710068217B5B00' -> Floor '8'
[2026-08-12 12:18:29] Tag Change: ID '00E2004717767068217BB201' -> Floor '8'
[2026-08-12 12:18:46] Tag Change: ID '00E20047175A80682179F301' -> Floor '4'
[2026-08-12 12:18:47] Tag Change: ID '00E2004717A0C068217E5701' -> Floor '3'
[2026-08-12 12:18:48] Tag Change: ID '00E20047179C4068217E0F01' -> Floor '2'
[2026-08-12 12:18:48] Tag Change: ID '00E200471741406821785F01' -> Floor '2'
[2026-08-12 12:18:49] Status Updated: Floor '2'
[2026-08-12 12:18:51] Tag Change: ID '00E2004717AC4068217F0F01' -> Floor '-1'
[2026-08-12 12:18:59] Tag Change: ID '00E2004717AD8068217F2301' -> Floor '-2'
[2026-08-12 12:19:04] Status Updated: Floor '-2'
[2026-08-12 12:19:10] Tag Change: ID '00E2004707E01060270EE401' -> Floor '-3'
[2026-08-12 12:19:10] Tag flapping: suppressed 7 repeated tag-change log lines in the last 65s
[2026-08-12 12:19:11] Status Updated: Floor '-3'
[2026-08-12 12:19:17] Tag Change: ID '00E2004707E05060270EE801' -> Floor '-3'
[2026-08-12 12:19:20] Tag Change: ID '00E2004707DF5060270ED801' -> Floor '-3'
[2026-08-12 12:19:26] Tag Change: ID '89312509A45C462229032062' -> Floor 'Unknown'
[2026-08-12 12:19:30] Tag Change: ID '00E2004717A9C068217EE701' -> Floor '-2'
[2026-08-12 12:19:34] Status Updated: Floor '-2'
[2026-08-12 12:19:56] Tag Change: ID '00E2004717A40068217E8B01' -> Floor '-1'
[2026-08-12 12:19:57] Status Updated: Floor '-1'
[2026-08-12 12:20:18] Tag Change: ID '00E2004707E01060270EE401' -> Floor '-3'
[2026-08-12 12:20:18] Tag flapping: suppressed 10 repeated tag-change log lines in the last 60s
[2026-08-12 12:20:21] Status Updated: Floor '-3'
[2026-08-12 12:20:23] Tag Change: ID '00E2004707E05060270EE801' -> Floor '-3'
[2026-08-12 12:20:31] Tag Change: ID '00E2004717A48068217E9301' -> Floor '-2'
[2026-08-12 12:20:38] Status Updated: Floor '-1'
[2026-08-12 12:21:08] Tag Change: ID '00E2004707DF5060270ED801' -> Floor '-3'
[2026-08-12 12:21:10] Status Updated: Floor '-3'
[2026-08-12 12:21:20] Tag Change: ID '00E2004707E01060270EE401' -> Floor '-3'
[2026-08-12 12:21:24] Tag Change: ID '00E2004707E05060270EE801' -> Floor '-3'
[2026-08-12 12:21:30] Tag flapping: suppressed 23 repeated tag-change log lines in the last 61s
[2026-08-12 12:21:49] Tag Change: ID '00E2004717A40068217E8B01' -> Floor '-1'
[2026-08-12 12:21:53] Status Updated: Floor '-1'
[2026-08-12 12:22:18] Tag Change: ID '00E2004717AD8068217F2301' -> Floor '-2'
[2026-08-12 12:22:29] Tag Change: ID '00E2004717A00068217E4B01' -> Floor '-1'
[2026-08-12 12:22:31] Tag Change: ID '00E2004717AC4068217F0F01' -> Floor '-1'
[2026-08-12 12:22:31] Tag flapping: suppressed 8 repeated tag-change log lines in the last 61s
[2026-08-12 12:22:32] Tag Change: ID '00E200471775B068217BA601' -> Floor '1'
[2026-08-12 12:22:33] Tag Change: ID '00E20047176CC068217B1701' -> Floor '1'
[2026-08-12 12:22:38] Status Updated: Floor '1'
[2026-08-12 12:22:45] Tag Change: ID '00E20047179C4068217E0F01' -> Floor '2'
[2026-08-12 12:22:47] Status Updated: Floor '2'
[2026-08-12 12:22:48] Tag Change: ID '00E2004717A0C068217E5701' -> Floor '3'
[2026-08-12 12:22:49] Tag Change: ID '00E2004717A7C068217EC701' -> Floor '3'
[2026-08-12 12:22:49] Status Updated: Floor '3'
[2026-08-12 12:22:51] Tag Change: ID '00E2004718A58068218EA301' -> Floor '3'
[2026-08-12 12:23:05] Tag Change: ID '00E20047175A40682179EF01' -> Floor '2'
[2026-08-12 12:23:09] Status Updated: Floor '1'
[2026-08-12 12:23:09] Tag Change: ID '00E200471736C0682177B701' -> Floor '-1'
[2026-08-12 12:23:15] Tag Change: ID '00E2004707E01060270EE401' -> Floor '-3'
[2026-08-12 12:23:18] Status Updated: Floor '-3'
[2026-08-12 12:23:18] Tag Change: ID '00E2004707E05060270EE801' -> Floor '-3'
[2026-08-12 12:23:18] Tag Change: ID '00E2004707DF5060270ED801' -> Floor '-3'
[2026-08-12 12:23:36] Tag Change: ID '00E2004717A40068217E8B01' -> Floor '-1'
[2026-08-12 12:23:41] Status Updated: Floor '-1'
[2026-08-12 12:26:01] Tag Change: ID '00E2004717A00068217E4B01' -> Floor '-1'
[2026-08-12 12:26:01] Tag flapping: suppressed 10 repeated tag-change log lines in the last 177s
[2026-08-12 12:26:07] Tag Change: ID '00E2004717A40068217E8B01' -> Floor '-1'
[2026-08-12 12:27:22] Tag Change: ID '00E2004717A00068217E4B01' -> Floor '-1'
[2026-08-12 12:27:23] Tag Change: ID '00E2004717A40068217E8B01' -> Floor '-1'
[2026-08-12 12:28:22] Tag Change: ID '00E2004717AD8068217F2301' -> Floor '-2'
[2026-08-12 12:28:23] Status Updated: Floor '-2'
[2026-08-12 12:28:31] Tag Change: ID '00E2004717A40068217E8B01' -> Floor '-1'
[2026-08-12 12:28:38] Tag Change: ID '00E200471897C068218DC701' -> Floor '5'
[2026-08-12 12:28:39] Tag Change: ID '00E2004717684068217ACF01' -> Floor '5'
[2026-08-12 12:28:39] Status Updated: Floor '5'
[2026-08-12 12:28:42] Tag Change: ID '00E2004717964068217DAF01' -> Floor '6'
[2026-08-12 12:28:49] Status Updated: Floor '6'
[2026-08-12 12:28:55] Tag Change: ID '00E2004717688068217AD301' -> Floor '5'
[2026-08-12 12:28:57] Status Updated: Floor '5'
[2026-08-12 12:28:58] Tag Change: ID '00E20047175A80682179F301' -> Floor '4'
[2026-08-12 12:29:00] Tag Change: ID '00E2004717A0C068217E5701' -> Floor '3'
[2026-08-12 12:29:00] Tag Change: ID '00E20047179C4068217E0F01' -> Floor '2'
[2026-08-12 12:29:04] Status Updated: Floor '2'
[2026-08-12 12:29:20] Tag Change: ID '00E200471741406821785F01' -> Floor '2'
[2026-08-12 12:29:21] Tag Change: ID '00E200471768C068217AD701' -> Floor '1'
[2026-08-12 12:29:40] Tag Change: ID '00E2004717A40068217E8B01' -> Floor '-1'
[2026-08-12 12:29:49] Tag Change: ID '00E2004717AD8068217F2301' -> Floor '-2'
[2026-08-12 12:29:50] Status Updated: Floor '-2'
[2026-08-12 12:30:04] Tag Change: ID '00E2004707DF5060270ED801' -> Floor '-3'
[2026-08-12 12:30:04] Tag flapping: suppressed 1 repeated tag-change log lines in the last 67s
[2026-08-12 12:30:05] Tag Change: ID '00E2004707E05060270EE801' -> Floor '-3'
[2026-08-12 12:30:05] Status Updated: Floor '-3'
[2026-08-12 12:30:07] Tag Change: ID '00E2004707E01060270EE401' -> Floor '-3'
[2026-08-12 12:30:28] Status Updated: Floor '-1'
[2026-08-12 12:30:41] Tag Change: ID '00E20047176CC068217B1701' -> Floor '1'
[2026-08-12 12:30:43] Tag Change: ID '00E2004717A0C068217E5701' -> Floor '3'
[2026-08-12 12:30:43] Status Updated: Floor '3'
[2026-08-12 12:30:47] Tag Change: ID '00E20047175CC068217A1701' -> Floor '6'
[2026-08-12 12:30:49] Tag Change: ID '00E2004717964068217DAF01' -> Floor '6'
[2026-08-12 12:30:49] Status Updated: Floor '6'
[2026-08-12 12:31:02] Tag Change: ID '00E2004717684068217ACF01' -> Floor '5'
[2026-08-12 12:31:03] Status Updated: Floor '5'
[2026-08-12 12:31:05] Tag Change: ID '00E2004718A58068218EA301' -> Floor '3'
[2026-08-12 12:31:06] Status Updated: Floor '3'
[2026-08-12 12:31:21] Tag Change: ID '00E20047179C4068217E0F01' -> Floor '2'
[2026-08-12 12:31:21] Tag flapping: suppressed 5 repeated tag-change log lines in the last 72s
[2026-08-12 12:31:22] Status Updated: Floor '2'
[2026-08-12 12:31:35] Tag Change: ID '00E20047175A40682179EF01' -> Floor '2'
[2026-08-12 12:31:37] Tag Change: ID '00E200471768C068217AD701' -> Floor '1'
[2026-08-12 12:31:37] Status Updated: Floor '1'
[2026-08-12 12:31:53] Tag Change: ID '00E200471775B068217BA601' -> Floor '1'
[2026-08-12 12:32:00] Tag Change: ID '00E2004717A40068217E8B01' -> Floor '-1'
[2026-08-12 12:32:05] Status Updated: Floor '-1'
[2026-08-12 12:32:28] Tag Change: ID '00E2004717A00068217E4B01' -> Floor '-1'
[2026-08-12 12:32:29] Tag Change: ID '00E200471736C0682177B701' -> Floor '-1'
[2026-08-12 12:32:32] Tag Change: ID '00E20047176CC068217B1701' -> Floor '1'
[2026-08-12 12:32:33] Status Updated: Floor '1'
[2026-08-12 12:32:38] Tag Change: ID '00E2004718A58068218EA301' -> Floor '3'
[2026-08-12 12:32:39] Status Updated: Floor '3'
[2026-08-12 12:33:03] Tag Change: ID '00E20047175A80682179F301' -> Floor '4'
[2026-08-12 12:33:03] Tag flapping: suppressed 4 repeated tag-change log lines in the last 85s
[2026-08-12 12:33:04] Status Updated: Floor '4'
[2026-08-12 12:33:05] Tag Change: ID '00E200471897C068218DC701' -> Floor '5'
[2026-08-12 12:33:06] Tag Change: ID '00E200471777F068217BCA01' -> Floor 'Unknown'
[2026-08-12 12:33:07] Tag Change: ID '00E20047175CC068217A1701' -> Floor '6'
[2026-08-12 12:33:08] Tag Change: ID '00E2004717964068217DAF01' -> Floor '6'
[2026-08-12 12:33:09] Status Updated: Floor '6'
[2026-08-12 12:33:25] Tag Change: ID '00E2004717773068217BBE01' -> Floor '9'
[2026-08-12 12:33:25] Tag Change: ID '00E20047177A7068217BF201' -> Floor '9'
[2026-08-12 12:33:25] Status Updated: Floor '9'
[2026-08-12 12:33:26] Tag Change: ID '00E200471744006821788B01' -> Floor '9'
[2026-08-12 12:33:26] Tag Change: ID '00E2004718C4B06821909601' -> Floor 'Unknown'
[2026-08-12 12:33:28] Tag Change: ID '002427031027000620240000' -> Floor 'Unknown'
[2026-08-12 12:33:28] Tag Change: ID '00E200471745C0682178A701' -> Floor '10'
[2026-08-12 12:33:33] Status Updated: Floor '10'
[2026-08-12 12:33:51] Tag Change: ID '00E2004718A58068218EA301' -> Floor '3'
[2026-08-12 12:33:52] Status Updated: Floor '3'
[2026-08-12 12:34:22] Tag Change: ID '00E2004717688068217AD301' -> Floor '5'
[2026-08-12 12:34:22] Status Updated: Floor '5'
[2026-08-12 12:34:24] Tag Change: ID '00E2004717638068217A8301' -> Floor '7'
[2026-08-12 12:34:25] Tag Change: ID '00E2004717710068217B5B00' -> Floor '8'
[2026-08-12 12:34:26] Tag Change: ID '00E200471744006821788B01' -> Floor '9'
[2026-08-12 12:34:27] Tag Change: ID '00E2004718C4B06821909601' -> Floor 'Unknown'
[2026-08-12 12:34:27] Tag Change: ID '00E20047174880682178D301' -> Floor '10'
[2026-08-12 12:34:28] Status Updated: Floor '10'
[2026-08-12 12:34:28] Tag Change: ID '002427031027000620240000' -> Floor 'Unknown'
[2026-08-12 12:34:28] Tag flapping: suppressed 6 repeated tag-change log lines in the last 60s
[2026-08-12 12:34:31] Tag Change: ID '00E200471745C0682178A701' -> Floor '10'
[2026-08-12 12:34:55] Tag Change: ID '00E20047174C806821791301' -> Floor '11'
[2026-08-12 12:34:56] Tag Change: ID '00E200471751806821796301' -> Floor '11'
[2026-08-12 12:34:56] Status Updated: Floor '11'
[2026-08-12 12:34:57] Tag Change: ID '00E200471741006821785B01' -> Floor 'Unknown'
[2026-08-12 12:35:00] Tag Change: ID '00E2004717A34068217E7F01' -> Floor '12'
[2026-08-12 12:35:03] Status Updated: Floor '12'
[2026-08-12 12:35:16] Tag Change: ID '00E2004717A84068217ECF01' -> Floor '12'
[2026-08-12 12:35:19] Tag Change: ID '00E200471753C06821798701' -> Floor '11'
[2026-08-12 12:35:25] Status Updated: Floor '11'
[2026-08-12 12:35:33] Tag flapping: suppressed 14 repeated tag-change log lines in the last 61s
[2026-08-12 12:35:34] Tag Change: ID '00E200471745C0682178A701' -> Floor '10'
[2026-08-12 12:35:39] Tag Change: ID '00E2004717964068217DAF01' -> Floor '6'
[2026-08-12 12:35:44] Status Updated: Floor '6'
[2026-08-12 12:36:05] Tag Change: ID '00E20047175A80682179F301' -> Floor '4'
[2026-08-12 12:36:09] Tag Change: ID '00E200471775B068217BA601' -> Floor '1'
[2026-08-12 12:36:12] Tag Change: ID '00E2004717A00068217E4B01' -> Floor '-1'
[2026-08-12 12:36:13] Status Updated: Floor '-1'
[2026-08-12 12:36:40] Tag Change: ID '00E2004717AD8068217F2301' -> Floor '-2'
[2026-08-12 12:36:40] Tag flapping: suppressed 1 repeated tag-change log lines in the last 66s
[2026-08-12 12:36:56] Tag Change: ID '00E2004718A58068218EA301' -> Floor '3'
[2026-08-12 12:36:57] Status Updated: Floor '3'
[2026-08-12 12:36:58] Tag Change: ID '00E2004717688068217AD301' -> Floor '5'
[2026-08-12 12:36:58] Tag Change: ID '00E20047175CC068217A1701' -> Floor '6'
[2026-08-12 12:37:00] Tag Change: ID '00E20047177A3068217BEE01' -> Floor '8'
[2026-08-12 12:37:02] Tag Change: ID '00E200471744006821788B01' -> Floor '9'
[2026-08-12 12:37:02] Tag Change: ID '00E2004718C4B06821909601' -> Floor 'Unknown'
[2026-08-12 12:37:04] Tag Change: ID '0030340C10082ABB00000F42' -> Floor 'Unknown'
[2026-08-12 12:37:04] Tag Change: ID '00E200471751806821796301' -> Floor '11'
[2026-08-12 12:37:06] Tag Change: ID '00E2004717A34068217E7F01' -> Floor '12'
[2026-08-12 12:37:08] Status Updated: Floor '12'
[2026-08-12 12:37:25] Tag Change: ID '00E20047177A7068217BF201' -> Floor '9'
[2026-08-12 12:37:25] Tag Change: ID '00E2004717773068217BBE01' -> Floor '9'
[2026-08-12 12:37:26] Status Updated: Floor '9'
[2026-08-12 12:37:27] Tag Change: ID '00E2004717638068217A8301' -> Floor '7'
[2026-08-12 12:37:30] Tag Change: ID '00E200471897C068218DC701' -> Floor '5'
[2026-08-12 12:37:30] Tag Change: ID '00E20047189E4068218E2F01' -> Floor '4'
[2026-08-12 12:37:41] Tag Change: ID '00E2004717AD8068217F2301' -> Floor '-2'
[2026-08-12 12:37:47] Status Updated: Floor '-2'
[2026-08-12 12:38:04] Tag Change: ID '00E2004707DF5060270ED801' -> Floor '-3'
[2026-08-12 12:38:04] Tag flapping: suppressed 2 repeated tag-change log lines in the last 74s
[2026-08-12 12:38:05] Tag Change: ID '00E2004707E05060270EE801' -> Floor '-3'
[2026-08-12 12:38:07] Status Updated: Floor '-3'
[2026-08-12 12:38:08] Tag Change: ID '00E2004707E01060270EE401' -> Floor '-3'
[2026-08-12 12:38:24] Tag Change: ID '00E2004717A90068217EDB01' -> Floor 'Unknown'
[2026-08-12 12:38:38] Tag Change: ID '00E2004717A00068217E4B01' -> Floor '-1'
[2026-08-12 12:38:39] Tag Change: ID '00E200471736C0682177B701' -> Floor '-1'
[2026-08-12 12:38:40] Status Updated: Floor '-1'
[2026-08-12 12:38:41] Tag Change: ID '00E2004717AC4068217F0F01' -> Floor '-1'
[2026-08-12 12:38:41] Tag Change: ID '00E2004717A54068217E9F01' -> Floor '0'
[2026-08-12 12:38:41] Status Updated: Floor '0'
[2026-08-12 12:38:46] Tag Change: ID '00E200471768C068217AD701' -> Floor '1'
[2026-08-12 12:38:47] Status Updated: Floor '1'
[2026-08-12 12:38:54] Tag Change: ID '00E20047176CC068217B1701' -> Floor '1'
[2026-08-12 12:39:11] Tag Change: ID '00E200471775B068217BA601' -> Floor '1'
[2026-08-12 12:39:11] Tag flapping: suppressed 21 repeated tag-change log lines in the last 61s
[2026-08-12 12:39:16] Tag Change: ID '00E2004717A9C068217EE701' -> Floor '-2'
[2026-08-12 12:39:18] Tag Change: ID '00E2004707DF5060270ED801' -> Floor '-3'
[2026-08-12 12:39:19] Tag Change: ID '00E2004707E01060270EE401' -> Floor '-3'
[2026-08-12 12:39:20] Status Updated: Floor '-3'
[2026-08-12 12:39:21] Tag Change: ID '00E2004707E05060270EE801' -> Floor '-3'
[2026-08-12 12:39:39] Tag Change: ID '00E2004717A40068217E8B01' -> Floor '-1'
[2026-08-12 12:39:44] Status Updated: Floor '-1'
[2026-08-12 12:40:13] Tag Change: ID '00E200471736C0682177B701' -> Floor '-1'
[2026-08-12 12:40:15] Tag Change: ID '00E200471775B068217BA601' -> Floor '1'
[2026-08-12 12:40:15] Tag flapping: suppressed 14 repeated tag-change log lines in the last 61s
[2026-08-12 12:40:16] Tag Change: ID '00E20047176CC068217B1701' -> Floor '1'
[2026-08-12 12:40:16] Status Updated: Floor '1'
[2026-08-12 12:40:17] Tag Change: ID '00E20047179C4068217E0F01' -> Floor '2'
[2026-08-12 12:40:20] Tag Change: ID '00E2004718A58068218EA301' -> Floor '3'
[2026-08-12 12:40:21] Status Updated: Floor '3'
[2026-08-12 12:40:52] Tag Change: ID '00E2004717A7C068217EC701' -> Floor '3'
[2026-08-12 12:40:53] Tag Change: ID '00E200471741406821785F01' -> Floor '2'
[2026-08-12 12:40:54] Status Updated: Floor '2'
[2026-08-12 12:40:56] Tag Change: ID '00E2004717AC4068217F0F01' -> Floor '-1'
[2026-08-12 12:41:02] Status Updated: Floor '-1'
[2026-08-12 12:41:03] Tag Change: ID '00E2004717A40068217E8B01' -> Floor '-1'
[2026-08-12 12:41:07] Tag Change: ID '00E2004717A00068217E4B01' -> Floor '-1'
[2026-08-12 12:41:26] Tag Change: ID '00E2004707DF5060270ED801' -> Floor '-3'
[2026-08-12 12:41:28] Tag Change: ID '00E2004707E05060270EE801' -> Floor '-3'
[2026-08-12 12:41:29] Status Updated: Floor '-3'
[2026-08-12 12:41:29] Tag Change: ID '00E2004707E01060270EE401' -> Floor '-3'
[2026-08-12 12:41:53] Tag flapping: suppressed 31 repeated tag-change log lines in the last 60s
[2026-08-12 12:42:31] Tag Change: ID '00E2004707E05060270EE801' -> Floor '-3'
[2026-08-12 12:42:33] Tag Change: ID '00E2004707E01060270EE401' -> Floor '-3'
[2026-08-12 12:42:35] Tag Change: ID '00E2004707DF5060270ED801' -> Floor '-3'
[2026-08-12 12:42:54] Tag flapping: suppressed 45 repeated tag-change log lines in the last 60s
[2026-08-12 12:43:23] Tag Change: ID '00E2004717A48068217E9301' -> Floor '-2'
[2026-08-12 12:43:32] Tag Change: ID '00E2004717A40068217E8B01' -> Floor '-1'
[2026-08-12 12:43:43] Tag Change: ID '00E2004717A00068217E4B01' -> Floor '-1'
[2026-08-12 12:43:44] Status Updated: Floor '-1'
[2026-08-12 12:44:19] Tag Change: ID '00E200471736C0682177B701' -> Floor '-1'
[2026-08-12 12:44:19] Tag flapping: suppressed 27 repeated tag-change log lines in the last 83s
[2026-08-12 12:44:23] Tag Change: ID '00E200471768C068217AD701' -> Floor '1'
[2026-08-12 12:44:23] Tag Change: ID '00E200471741406821785F01' -> Floor '2'
[2026-08-12 12:44:24] Tag Change: ID '00E2004717A0C068217E5701' -> Floor '3'
[2026-08-12 12:44:26] Tag Change: ID '00E20047189E4068218E2F01' -> Floor '4'
[2026-08-12 12:44:27] Tag Change: ID '00E2004717688068217AD301' -> Floor '5'
[2026-08-12 12:44:29] Tag Change: ID '00E20047175F4068217A3F01' -> Floor '7'
[2026-08-12 12:44:29] Tag Change: ID '00E2004717638068217A8301' -> Floor '7'
[2026-08-12 12:44:30] Status Updated: Floor '7'
[2026-08-12 12:44:30] Tag Change: ID '00E20047177A3068217BEE01' -> Floor '8'
[2026-08-12 12:44:31] Tag Change: ID '00E2004717773068217BBE01' -> Floor '9'
[2026-08-12 12:44:33] Tag Change: ID '002427031027000620240000' -> Floor 'Unknown'
[2026-08-12 12:44:33] Tag Change: ID '00E200471751806821796301' -> Floor '11'
[2026-08-12 12:44:35] Tag Change: ID '00E2004717A84068217ECF01' -> Floor '12'
[2026-08-12 12:44:37] Tag Change: ID '00E2004717A34068217E7F01' -> Floor '12'
[2026-08-12 12:44:37] Status Updated: Floor '12'
[2026-08-12 12:48:26] Tag Change: ID '00E2004717A84068217ECF01' -> Floor '12'
[2026-08-12 12:48:28] Tag Change: ID '00E200471751806821796301' -> Floor '11'
[2026-08-12 12:48:28] Status Updated: Floor '11'
[2026-08-12 12:48:29] Tag Change: ID '00E200471745C0682178A701' -> Floor '10'
[2026-08-12 12:48:31] Tag Change: ID '002427031027000620240000' -> Floor 'Unknown'
[2026-08-12 12:48:32] Status Updated: Floor '10'
[2026-08-12 12:48:48] Tag Change: ID '00E2004717767068217BB201' -> Floor '8'
[2026-08-12 12:48:49] Tag Change: ID '00E20047175F4068217A3F01' -> Floor '7'
[2026-08-12 12:48:49] Status Updated: Floor '7'
[2026-08-12 12:48:51] Tag Change: ID '00E2004717684068217ACF01' -> Floor '5'
[2026-08-12 12:48:55] Tag Change: ID '00E200471741406821785F01' -> Floor '2'
[2026-08-12 12:48:55] Tag Change: ID '00E200471768C068217AD701' -> Floor '1'
[2026-08-12 12:49:01] Tag Change: ID '00E2004717A40068217E8B01' -> Floor '-1'
[2026-08-12 12:49:08] Status Updated: Floor '-1'
[2026-08-12 12:49:20] Status Updated: Floor '1'
[2026-08-12 12:49:28] Tag Change: ID '00E20047179C4068217E0F01' -> Floor '2'
[2026-08-12 12:49:31] Status Updated: Floor '2'
[2026-08-12 12:49:37] Tag Change: ID '00E2004717A0C068217E5701' -> Floor '3'
[2026-08-12 12:49:37] Tag flapping: suppressed 9 repeated tag-change log lines in the last 65s
[2026-08-12 12:49:39] Tag Change: ID '00E20047175A80682179F301' -> Floor '4'
[2026-08-12 12:49:39] Status Updated: Floor '4'
[2026-08-12 12:49:40] Tag Change: ID '00E200471897C068218DC701' -> Floor '5'
[2026-08-12 12:49:45] Tag Change: ID '00E2004717638068217A8301' -> Floor '7'
[2026-08-12 12:49:45] Status Updated: Floor '7'
[2026-08-12 12:50:23] Tag Change: ID '00E2004717767068217BB201' -> Floor '8'
[2026-08-12 12:50:34] Error sending status: HTTPSConnectionPool(host='ramada-elev-default-rtdb.europe-west1.firebasedatabase.app', port=443): Max retries exceeded with url: /elevators/B.json (Caused by NameResolutionError("HTTPSConnection(host='ramada-elev-default-rtdb.europe-west1.firebasedatabase.app', port=443): Failed to resolve 'ramada-elev-default-rtdb.europe-west1.firebasedatabase.app' ([Errno -3] Temporary failure in name resolution)"))
[2026-08-12 12:50:35] Status Updated: Floor '8'
[2026-08-12 12:50:37] Tag Change: ID '00E2004717710068217B5B00' -> Floor '8'
[2026-08-12 12:50:39] Status Updated: Floor '7'
[2026-08-12 12:50:40] Tag Change: ID '00E2004717964068217DAF01' -> Floor '6'
[2026-08-12 12:50:40] Tag Change: ID '00E200471777F068217BCA01' -> Floor 'Unknown'
[2026-08-12 12:50:41] Tag Change: ID '00E2004717684068217ACF01' -> Floor '5'
[2026-08-12 12:50:43] Tag Change: ID '00E2004718A58068218EA301' -> Floor '3'
[2026-08-12 12:50:45] Tag Change: ID '00E200471741406821785F01' -> Floor '2'
[2026-08-12 12:50:45] Tag Change: ID '00E20047176CC068217B1701' -> Floor '1'
[2026-08-12 12:50:46] Tag Change: ID '00E200471775B068217BA601' -> Floor '1'
[2026-08-12 12:50:47] Status Updated: Floor '1'
[2026-08-12 12:50:47] Tag Change: ID '00E2004717A54068217E9F01' -> Floor '0'
[2026-08-12 12:50:51] Tag Change: ID '00E2004717A9C068217EE701' -> Floor '-2'
[2026-08-12 12:50:54] Tag Change: ID '00E2004707E05060270EE801' -> Floor '-3'
[2026-08-12 12:50:54] Tag Change: ID '00E2004707E01060270EE401' -> Floor '-3'
[2026-08-12 12:50:56] Status Updated: Floor '-3'
[2026-08-12 12:51:01] Tag Change: ID '00E2004707DF5060270ED801' -> Floor '-3'
[2026-08-12 12:51:27] Tag Change: ID '00E2004717A40068217E8B01' -> Floor '-1'
[2026-08-12 12:51:56] Status Updated: Floor '-1'
[2026-08-12 12:52:57] Tag Change: ID '00E2004717AC4068217F0F01' -> Floor '-1'
[2026-08-12 12:52:57] Tag flapping: suppressed 20 repeated tag-change log lines in the last 138s
[2026-08-12 12:52:59] Tag Change: ID '00E20047176CC068217B1701' -> Floor '1'
[2026-08-12 12:52:59] Tag Change: ID '00E200471768C068217AD701' -> Floor '1'
[2026-08-12 12:53:00] Status Updated: Floor '1'
[2026-08-12 12:53:01] Tag Change: ID '00E2004717A0C068217E5701' -> Floor '3'
[2026-08-12 12:53:01] Status Updated: Floor '3'
[2026-08-12 12:53:06] Tag Change: ID '00E2004718A58068218EA301' -> Floor '3'
[2026-08-12 12:53:16] Tag Change: ID '00E20047175A80682179F301' -> Floor '4'
[2026-08-12 12:53:16] Tag Change: ID '00E2004718A2C068218E7701' -> Floor '4'
[2026-08-12 12:53:17] Status Updated: Floor '4'
[2026-08-12 12:53:18] Tag Change: ID '00E2004717684068217ACF01' -> Floor '5'
[2026-08-12 12:53:22] Tag Change: ID '00E20047177A7068217BF201' -> Floor '9'
[2026-08-12 12:53:23] Status Updated: Floor '9'
[2026-08-12 12:53:24] Tag Change: ID '00E200471744006821788B01' -> Floor '9'
[2026-08-12 12:53:37] Tag Change: ID '00E20047177A3068217BEE01' -> Floor '8'
[2026-08-12 12:53:37] Tag Change: ID '00E20047175F4068217A3F01' -> Floor '7'
[2026-08-12 12:53:38] Tag Change: ID '00E2004717A60068217EAB01' -> Floor '7'
[2026-08-12 12:53:38] Status Updated: Floor '7'
[2026-08-12 12:53:39] Tag Change: ID '00E20047175CC068217A1701' -> Floor '6'
[2026-08-12 12:53:39] Tag Change: ID '00E2004717688068217AD301' -> Floor '5'
[2026-08-12 12:53:47] Tag Change: ID '00E200471736C0682177B701' -> Floor '-1'
[2026-08-12 12:53:47] Status Updated: Floor '-1'
[2026-08-12 12:53:51] Tag Change: ID '00E2004717A48068217E9301' -> Floor '-2'
[2026-08-12 12:53:54] Tag Change: ID '00E2004707E05060270EE801' -> Floor '-3'
[2026-08-12 12:53:55] Tag Change: ID '00E2004707E01060270EE401' -> Floor '-3'
[2026-08-12 12:53:56] Status Updated: Floor '-3'
[2026-08-12 12:53:56] Tag Change: ID '00E200' -> Floor 'Unknown'
[2026-08-12 12:54:06] Tag Change: ID '00E2004707DF5060270ED801' -> Floor '-3'
[2026-08-12 12:54:45] Tag flapping: suppressed 32 repeated tag-change log lines in the last 60s
[2026-08-12 12:54:56] Tag Change: ID '00E2004707E05060270EE801' -> Floor '-3'
[2026-08-12 12:55:01] Tag Change: ID '00E2004707E01060270EE401' -> Floor '-3'
[2026-08-12 12:55:11] Tag Change: ID '00E2004707DF5060270ED801' -> Floor '-3'
[2026-08-12 12:55:20] Tag Change: ID '00E2004717A40068217E8B01' -> Floor '-1'
[2026-08-12 12:55:24] Tag Change: ID '00E20047176CC068217B1701' -> Floor '1'
[2026-08-12 12:55:25] Tag Change: ID '00E200471741406821785F01' -> Floor '2'
[2026-08-12 12:55:27] Tag Change: ID '00E2004718A2C068218E7701' -> Floor '4'
[2026-08-12 12:55:28] Tag Change: ID '00E200471897C068218DC701' -> Floor '5'
[2026-08-12 12:55:29] Tag Change: ID '00E200471777F068217BCA01' -> Floor 'Unknown'
[2026-08-12 12:55:32] Tag Change: ID '00E2004717710068217B5B00' -> Floor '8'
[2026-08-12 12:55:32] Tag Change: ID '00E2004717767068217BB201' -> Floor '8'
[2026-08-12 12:55:32] Status Updated: Floor '8'
[2026-08-12 12:55:32] Tag Change: ID '00E20047177A7068217BF201' -> Floor '9'
[2026-08-12 12:55:33] Tag Change: ID '00E20047174880682178D301' -> Floor '10'
[2026-08-12 12:55:34] Tag Change: ID '002427031027000620240000' -> Floor 'Unknown'
[2026-08-12 12:55:35] Tag Change: ID '00E200471751806821796301' -> Floor '11'
[2026-08-12 12:55:37] Tag Change: ID '00E200471753C06821798701' -> Floor '11'
[2026-08-12 12:55:38] Status Updated: Floor '11'
[2026-08-12 12:55:52] Tag Change: ID '25052A499203E1294A052648' -> Floor 'Unknown'
[2026-08-12 12:55:52] Tag flapping: suppressed 19 repeated tag-change log lines in the last 67s
[2026-08-12 12:57:30] Tag Change: ID '00E200471751806821796301' -> Floor '11'
[2026-08-12 12:57:30] Tag flapping: suppressed 1 repeated tag-change log lines in the last 96s
[2026-08-12 12:57:31] Tag Change: ID '00E20047174C806821791301' -> Floor '11'
[2026-08-12 12:57:32] Tag Change: ID '00E20047174880682178D301' -> Floor '10'
[2026-08-12 12:57:32] Tag Change: ID '00E2004718C4B06821909601' -> Floor 'Unknown'
[2026-08-12 12:57:33] Tag Change: ID '00E20047177A7068217BF201' -> Floor '9'
[2026-08-12 12:57:36] Tag Change: ID '00E2004717767068217BB201' -> Floor '8'
[2026-08-12 12:57:36] Status Updated: Floor '8'
[2026-08-12 12:57:50] Tag Change: ID '00E20047177A3068217BEE01' -> Floor '8'
[2026-08-12 12:57:53] Tag Change: ID '00E2004717688068217AD301' -> Floor '5'
[2026-08-12 12:57:54] Tag Change: ID '00E2004718A2C068218E7701' -> Floor '4'
[2026-08-12 12:57:55] Tag Change: ID '00E20047175A80682179F301' -> Floor '4'
[2026-08-12 12:57:55] Status Updated: Floor '4'
[2026-08-12 12:57:56] Tag Change: ID '00E2004717A0C068217E5701' -> Floor '3'
[2026-08-12 12:57:56] Tag Change: ID '00E20047179C4068217E0F01' -> Floor '2'
[2026-08-12 12:57:56] Tag Change: ID '00E20047175A40682179EF01' -> Floor '2'
[2026-08-12 12:57:57] Status Updated: Floor '2'
[2026-08-12 12:57:57] Tag Change: ID '00E200471768C068217AD701' -> Floor '1'
[2026-08-12 12:57:58] Tag Change: ID '00E200471775B068217BA601' -> Floor '1'
[2026-08-12 12:57:59] Status Updated: Floor '1'
[2026-08-12 12:57:59] Tag Change: ID '00E2004717A54068217E9F01' -> Floor '0'
[2026-08-12 12:58:03] Tag Change: ID '00E2004717A40068217E8B01' -> Floor '-1'
[2026-08-12 12:58:28] Status Updated: Floor '-1'
[2026-08-12 12:59:06] Tag Change: ID '00E200471736C0682177B701' -> Floor '-1'
[2026-08-12 12:59:09] Tag Change: ID '00E200471775B068217BA601' -> Floor '1'
[2026-08-12 12:59:10] Tag Change: ID '00E20047176CC068217B1701' -> Floor '1'
[2026-08-12 12:59:10] Status Updated: Floor '1'
[2026-08-12 12:59:10] Tag Change: ID '00E200471741406821785F01' -> Floor '2'
[2026-08-12 12:59:14] Tag Change: ID '00E2004717684068217ACF01' -> Floor '5'
[2026-08-12 12:59:15] Tag Change: ID '00E2004717964068217DAF01' -> Floor '6'
[2026-08-12 12:59:18] Tag Change: ID '00E2004717767068217BB201' -> Floor '8'
[2026-08-12 12:59:18] Status Updated: Floor '8'
[2026-08-12 12:59:19] Tag Change: ID '00E200471744006821788B01' -> Floor '9'
[2026-08-12 12:59:20] Tag Change: ID '00E20047174880682178D301' -> Floor '10'
[2026-08-12 12:59:23] Tag Change: ID '002427031027000620240000' -> Floor 'Unknown'
[2026-08-12 12:59:29] Tag Change: ID '00E200471745C0682178A701' -> Floor '10'
[2026-08-12 12:59:29] Status Updated: Floor '10'
[2026-08-12 12:59:40] Status Updated: Floor '9'
[2026-08-12 12:59:56] Tag Change: ID '00E20047177A7068217BF201' -> Floor '9'
[2026-08-12 12:59:56] Tag Change: ID '00E2004717773068217BBE01' -> Floor '9'
[2026-08-12 12:59:58] Tag Change: ID '00E2004717638068217A8301' -> Floor '7'
[2026-08-12 13:00:01] Tag Change: ID '00E20047189E4068218E2F01' -> Floor '4'
[2026-08-12 13:00:02] Tag Change: ID '00E2004718A58068218EA301' -> Floor '3'
[2026-08-12 13:00:07] Tag Change: ID '00E2004717AC4068217F0F01' -> Floor '-1'
[2026-08-12 13:00:16] Tag Change: ID '00E2004717A40068217E8B01' -> Floor '-1'
[2026-08-12 13:00:16] Status Updated: Floor '-1'
[2026-08-12 13:00:28] Tag Change: ID '00E2004717A48068217E9301' -> Floor '-2'
[2026-08-12 13:00:30] Tag Change: ID '00E2004707E05060270EE801' -> Floor '-3'
[2026-08-12 13:00:30] Tag flapping: suppressed 6 repeated tag-change log lines in the last 60s
[2026-08-12 13:00:30] Tag Change: ID '00E2004707E01060270EE401' -> Floor '-3'
[2026-08-12 13:00:35] Status Updated: Floor '-3'
[2026-08-12 13:00:36] Tag Change: ID '00E2004707DF5060270ED801' -> Floor '-3'
[2026-08-12 13:01:29] Tag Change: ID '00E200471775B068217BA601' -> Floor '1'
[2026-08-12 13:01:30] Tag Change: ID '00E20047176CC068217B1701' -> Floor '1'
[2026-08-12 13:01:30] Status Updated: Floor '1'
[2026-08-12 13:01:33] Tag Change: ID '00E2004718A58068218EA301' -> Floor '3'
[2026-08-12 13:01:33] Status Updated: Floor '3'
[2026-08-12 13:01:34] Tag Change: ID '00E200471897C068218DC701' -> Floor '5'
[2026-08-12 13:01:35] Tag Change: ID '00E2004717684068217ACF01' -> Floor '5'
[2026-08-12 13:01:35] Status Updated: Floor '5'
[2026-08-12 13:01:36] Tag Change: ID '00E2004717688068217AD301' -> Floor '5'
[2026-08-12 13:01:53] Tag Change: ID '00E200471777F068217BCA01' -> Floor 'Unknown'
[2026-08-12 13:01:53] Tag flapping: suppressed 29 repeated tag-change log lines in the last 76s
[2026-08-12 13:01:54] Tag Change: ID '00E20047175CC068217A1701' -> Floor '6'
[2026-08-12 13:01:54] Status Updated: Floor '6'
[2026-08-12 13:01:54] Tag Change: ID '00E2004717A60068217EAB01' -> Floor '7'
[2026-08-12 13:01:56] Tag Change: ID '00E20047175F4068217A3F01' -> Floor '7'
[2026-08-12 13:01:56] Status Updated: Floor '7'
[2026-08-12 13:01:57] Tag Change: ID '00E2004717638068217A8301' -> Floor '7'
[2026-08-12 13:02:12] Tag Change: ID '00E20047177A3068217BEE01' -> Floor '8'
[2026-08-12 13:02:14] Tag Change: ID '00E2004717767068217BB201' -> Floor '8'
[2026-08-12 13:02:16] Status Updated: Floor '8'
[2026-08-12 13:02:27] Tag Change: ID '00E2004717710068217B5B00' -> Floor '8'
[2026-08-12 13:02:32] Tag Change: ID '00E20047189E4068218E2F01' -> Floor '4'
[2026-08-12 13:02:33] Tag Change: ID '00E2004718A58068218EA301' -> Floor '3'
[2026-08-12 13:02:36] Tag Change: ID '00E20047176CC068217B1701' -> Floor '1'
[2026-08-12 13:02:37] Tag Change: ID '00E200471775B068217BA601' -> Floor '1'
[2026-08-12 13:02:37] Status Updated: Floor '1'
[2026-08-12 13:02:40] Tag Change: ID '00E2004717A54068217E9F01' -> Floor '0'
[2026-08-12 13:02:42] Status Updated: Floor '0'
[2026-08-12 13:02:59] Tag Change: ID '00E2004717A40068217E8B01' -> Floor '-1'
[2026-08-12 13:03:03] Status Updated: Floor '-1'
[2026-08-12 13:03:16] Tag Change: ID '00E2004707DF5060270ED801' -> Floor '-3'
[2026-08-12 13:03:17] Tag Change: ID '00E2004707E01060270EE401' -> Floor '-3'
[2026-08-12 13:03:17] Status Updated: Floor '-3'
[2026-08-12 13:03:18] Tag Change: ID '00E2004707E05060270EE801' -> Floor '-3'
[2026-08-12 13:03:33] Tag flapping: suppressed 8 repeated tag-change log lines in the last 65s
[2026-08-12 13:03:58] Tag Change: ID '00E2004717AD8068217F2301' -> Floor '-2'
[2026-08-12 13:03:59] Status Updated: Floor '-2'
[2026-08-12 13:04:12] Status Updated: Floor '-3'
[2026-08-12 13:04:19] Tag Change: ID '00E2004707E05060270EE801' -> Floor '-3'
[2026-08-12 13:04:21] Tag Change: ID '00E2004707E01060270EE401' -> Floor '-3'
[2026-08-12 13:04:23] Tag Change: ID '00E2004717A9C068217EE701' -> Floor '-2'
[2026-08-12 13:04:24] Status Updated: Floor '-2'
[2026-08-12 13:04:29] Tag Change: ID '00E2004717A54068217E9F01' -> Floor '0'
[2026-08-12 13:04:30] Status Updated: Floor '0'
[2026-08-12 13:04:44] Tag Change: ID '00E200471775B068217BA601' -> Floor '1'
[2026-08-12 13:04:45] Status Updated: Floor '1'
[2026-08-12 13:04:46] Tag Change: ID '00E20047176CC068217B1701' -> Floor '1'
[2026-08-12 13:04:48] Tag Change: ID '00E2004717A7C068217EC701' -> Floor '3'
[2026-08-12 13:04:49] Tag Change: ID '00E2004718A58068218EA301' -> Floor '3'
[2026-08-12 13:04:49] Status Updated: Floor '3'
[2026-08-12 13:04:50] Tag Change: ID '00E200471897C068218DC701' -> Floor '5'
[2026-08-12 13:04:50] Status Updated: Floor '5'
[2026-08-12 13:04:51] Tag Change: ID '00E2004717688068217AD301' -> Floor '5'
[2026-08-12 13:04:52] Tag Change: ID '00E20047175F4068217A3F01' -> Floor '7'
[2026-08-12 13:04:53] Tag Change: ID '00E20047177A3068217BEE01' -> Floor '8'
[2026-08-12 13:04:53] Status Updated: Floor '8'
[2026-08-12 13:04:54] Tag Change: ID '00E2004717767068217BB201' -> Floor '8'
[2026-08-12 13:04:55] Tag Change: ID '00E200471744006821788B01' -> Floor '9'
[2026-08-12 13:04:56] Tag Change: ID '00E20047174880682178D301' -> Floor '10'
[2026-08-12 13:04:56] Tag Change: ID '002427031027000620240000' -> Floor 'Unknown'
[2026-08-12 13:04:59] Tag Change: ID '00E200471753C06821798701' -> Floor '11'
[2026-08-12 13:05:00] Status Updated: Floor '11'
[2026-08-12 13:05:20] Tag Change: ID '00E200471751806821796301' -> Floor '11'
[2026-08-12 13:05:20] Tag flapping: suppressed 7 repeated tag-change log lines in the last 69s
[2026-08-12 13:05:21] Tag Change: ID '00E20047174C806821791301' -> Floor '11'
[2026-08-12 13:05:23] Status Updated: Floor '10'
[2026-08-12 13:05:25] Tag Change: ID '00E2004717638068217A8301' -> Floor '7'
[2026-08-12 13:05:26] Status Updated: Floor '7'
[2026-08-12 13:05:29] Tag Change: ID '00E20047175A80682179F301' -> Floor '4'
[2026-08-12 13:05:31] Tag Change: ID '00E20047175A40682179EF01' -> Floor '2'
[2026-08-12 13:05:31] Tag Change: ID '00E200471741406821785F01' -> Floor '2'
[2026-08-12 13:05:31] Status Updated: Floor '2'
[2026-08-12 13:05:34] Status Updated: Floor '1'
[2026-08-12 13:05:37] Tag Change: ID '00E2004717A54068217E9F01' -> Floor '0'
[2026-08-12 13:05:39] Status Updated: Floor '0'
[2026-08-12 13:05:49] Tag Change: ID '00E200471736C0682177B701' -> Floor '-1'
[2026-08-12 13:05:50] Tag Change: ID '00E2004717A00068217E4B01' -> Floor '-1'
[2026-08-12 13:05:50] Status Updated: Floor '-1'
[2026-08-12 13:05:52] Tag Change: ID '00E2004717A40068217E8B01' -> Floor '-1'
[2026-08-12 13:06:21] Tag Change: ID '00E2004717AD8068217F2301' -> Floor '-2'
[2026-08-12 13:06:34] Error sending status: HTTPSConnectionPool(host='ramada-elev-default-rtdb.europe-west1.firebasedatabase.app', port=443): Max retries exceeded with url: /elevators/B.json (Caused by NameResolutionError("HTTPSConnection(host='ramada-elev-default-rtdb.europe-west1.firebasedatabase.app', port=443): Failed to resolve 'ramada-elev-default-rtdb.europe-west1.firebasedatabase.app' ([Errno -3] Temporary failure in name resolution)"))
[2026-08-12 13:06:37] Tag Change: ID '00E2004717A0C068217E5701' -> Floor '3'
[2026-08-12 13:06:37] Tag flapping: suppressed 4 repeated tag-change log lines in the last 74s
[2026-08-12 13:06:38] Tag Change: ID '00E20047175A80682179F301' -> Floor '4'
[2026-08-12 13:06:38] Tag Change: ID '00E20047189E4068218E2F01' -> Floor '4'
[2026-08-12 13:06:39] Status Updated: Floor '4'
[2026-08-12 13:06:39] Tag Change: ID '00E200471897C068218DC701' -> Floor '5'
[2026-08-12 13:06:39] Tag Change: ID '00E2004717684068217ACF01' -> Floor '5'
[2026-08-12 13:06:40] Status Updated: Floor '5'
[2026-08-12 13:06:40] Tag Change: ID '00E20047175CC068217A1701' -> Floor '6'
[2026-08-12 13:06:45] Tag Change: ID '00E2004717767068217BB201' -> Floor '8'
[2026-08-12 13:06:51] Status Updated: Floor '8'
[2026-08-12 13:07:08] Tag Change: ID '00E2004717964068217DAF01' -> Floor '6'
[2026-08-12 13:07:10] Status Updated: Floor '6'
[2026-08-12 13:07:27] Tag Change: ID '00E20047176CC068217B1701' -> Floor '1'
[2026-08-12 13:07:28] Status Updated: Floor '1'
[2026-08-12 13:07:28] Tag Change: ID '00E200471775B068217BA601' -> Floor '1'
[2026-08-12 13:07:43] Tag Change: ID '00E2004717A40068217E8B01' -> Floor '-1'
[2026-08-12 13:07:47] Tag Change: ID '00E200471736C0682177B701' -> Floor '-1'
[2026-08-12 13:07:47] Status Updated: Floor '-1'
[2026-08-12 13:07:48] Tag Change: ID '00E2004717AC4068217F0F01' -> Floor '-1'
[2026-08-12 13:07:50] Tag Change: ID '00E200471768C068217AD701' -> Floor '1'
[2026-08-12 13:07:50] Status Updated: Floor '1'
[2026-08-12 13:07:51] Tag Change: ID '00E20047175A40682179EF01' -> Floor '2'
[2026-08-12 13:07:56] Tag Change: ID '00E20047179C4068217E0F01' -> Floor '2'
[2026-08-12 13:07:56] Status Updated: Floor '2'
[2026-08-12 13:08:06] Tag Change: ID '00E200471741406821785F01' -> Floor '2'
[2026-08-12 13:08:11] Tag Change: ID '00E2004717A00068217E4B01' -> Floor '-1'
[2026-08-12 13:08:11] Status Updated: Floor '-1'
[2026-08-12 13:08:38] Tag flapping: suppressed 7 repeated tag-change log lines in the last 77s
[2026-08-12 13:08:48] Status Updated: Floor '2'
[2026-08-12 13:08:48] Tag Change: ID '00E2004718A58068218EA301' -> Floor '3'
[2026-08-12 13:08:49] Status Updated: Floor '3'
[2026-08-12 13:09:06] Tag Change: ID '00E2004717A0C068217E5701' -> Floor '3'
[2026-08-12 13:09:07] Tag Change: ID '00E20047175A40682179EF01' -> Floor '2'
[2026-08-12 13:09:08] Tag Change: ID '00E200471741406821785F01' -> Floor '2'
[2026-08-12 13:09:09] Status Updated: Floor '2'
[2026-08-12 13:09:09] Tag Change: ID '00E200471768C0' -> Floor 'Unknown'
[2026-08-12 13:09:09] Tag Change: ID '00E200471768C068217AD701' -> Floor '1'
[2026-08-12 13:09:10] Status Updated: Floor '1'
[2026-08-12 13:09:17] Tag Change: ID '00E20047176CC068217B1701' -> Floor '1'
[2026-08-12 13:09:29] Tag Change: ID '00E200471775B068217BA601' -> Floor '1'
[2026-08-12 13:09:29] Tag Change: ID '00E2004717A54068217E9F01' -> Floor '0'
[2026-08-12 13:09:34] Tag Change: ID '00E2004717A40068217E8B01' -> Floor '-1'
[2026-08-12 13:09:43] Status Updated: Floor '-1'
[2026-08-12 13:09:51] Tag flapping: suppressed 8 repeated tag-change log lines in the last 69s
[2026-08-12 13:09:52] Status Updated: Floor '1'
[2026-08-12 13:09:56] Tag Change: ID '00E20047189E4068218E2F01' -> Floor '4'
[2026-08-12 13:09:56] Tag Change: ID '00E200471897C068218DC701' -> Floor '5'
[2026-08-12 13:09:57] Status Updated: Floor '5'
[2026-08-12 13:09:59] Tag Change: ID '00E2004717688068217AD301' -> Floor '5'
[2026-08-12 13:10:11] Tag Change: ID '00E200471777F068217BCA01' -> Floor 'Unknown'
[2026-08-12 13:10:13] Tag Change: ID '00E2004717638068217A8301' -> Floor '7'
[2026-08-12 13:10:14] Tag Change: ID '00E20047177A3068217BEE01' -> Floor '8'
[2026-08-12 13:10:17] Tag Change: ID '00E2004717767068217BB201' -> Floor '8'
[2026-08-12 13:10:37] Error sending status: HTTPSConnectionPool(host='ramada-elev-default-rtdb.europe-west1.firebasedatabase.app', port=443): Max retries exceeded with url: /elevators/B.json (Caused by NameResolutionError("HTTPSConnection(host='ramada-elev-default-rtdb.europe-west1.firebasedatabase.app', port=443): Failed to resolve 'ramada-elev-default-rtdb.europe-west1.firebasedatabase.app' ([Errno -3] Temporary failure in name resolution)"))
[2026-08-12 13:10:40] Tag Change: ID '00E2004718A58068218EA301' -> Floor '3'
[2026-08-12 13:10:41] Tag Change: ID '00E2004717A0C068217E5701' -> Floor '3'
[2026-08-12 13:10:41] Status Updated: Floor '3'
[2026-08-12 13:10:42] Tag Change: ID '00E200471741406821785F01' -> Floor '2'
[2026-08-12 13:10:54] Tag Change: ID '00E2004717A40068217E8B01' -> Floor '-1'
[2026-08-12 13:10:54] Tag flapping: suppressed 3 repeated tag-change log lines in the last 61s
[2026-08-12 13:10:57] Status Updated: Floor '-1'
[2026-08-12 13:11:15] Tag Change: ID '00E2004717A48068217E9301' -> Floor '-2'
[2026-08-12 13:11:17] Tag Change: ID '00E2004707E01060270EE401' -> Floor '-3'
[2026-08-12 13:11:18] Status Updated: Floor '-3'
[2026-08-12 13:11:21] Tag Change: ID '00E2004707E05060270EE801' -> Floor '-3'
[2026-08-12 13:11:46] Status Updated: Floor '-1'
[2026-08-12 13:11:51] Tag Change: ID '00E200471736C0682177B701' -> Floor '-1'
[2026-08-12 13:11:54] Tag Change: ID '00E200471768C068217AD701' -> Floor '1'
[2026-08-12 13:12:00] Tag Change: ID '00E2004717964068217DAF01' -> Floor '6'
[2026-08-12 13:12:02] Tag Change: ID '00E20047177A7068217BF201' -> Floor '9'
[2026-08-12 13:12:03] Status Updated: Floor '9'
[2026-08-12 13:12:03] Tag Change: ID '00E200471744006821788B01' -> Floor '9'
[2026-08-12 13:12:03] Tag Change: ID '00E2004718C4B06821909601' -> Floor 'Unknown'
[2026-08-12 13:12:04] Tag Change: ID '00E20047174880682178D301' -> Floor '10'
[2026-08-12 13:12:05] Tag Change: ID '00E200471745C0682178A701' -> Floor '10'
[2026-08-12 13:12:06] Status Updated: Floor '10'
[2026-08-12 13:12:06] Tag Change: ID '002427031027000620240000' -> Floor 'Unknown'
[2026-08-12 13:12:19] Tag Change: ID '00E20047174C806821791301' -> Floor '11'
[2026-08-12 13:12:20] Status Updated: Floor '11'
[2026-08-12 13:12:20] Tag Change: ID '00E200471751806821796301' -> Floor '11'
[2026-08-12 13:12:21] Tag Change: ID '00E200471753C06821798701' -> Floor '11'
[2026-08-12 13:12:39] Tag flapping: suppressed 11 repeated tag-change log lines in the last 74s
[2026-08-12 13:12:39] Status Updated: Floor '9'
[2026-08-12 13:12:40] Tag Change: ID '00E20047177A3068217BEE01' -> Floor '8'
[2026-08-12 13:12:41] Status Updated: Floor '8'
[2026-08-12 13:12:41] Tag Change: ID '00E2004717638068217A8301' -> Floor '7'
[2026-08-12 13:12:45] Tag Change: ID '00E2004718A58068218EA301' -> Floor '3'
[2026-08-12 13:12:46] Tag Change: ID '00E20047175A40682179EF01' -> Floor '2'
[2026-08-12 13:12:49] Tag Change: ID '00E200471775B068217BA601' -> Floor '1'
[2026-08-12 13:12:51] Tag Change: ID '00E2004717A00068217E4B01' -> Floor '-1'
[2026-08-12 13:12:56] Tag Change: ID '00E2004717AD8068217F2301' -> Floor '-2'
[2026-08-12 13:13:03] Status Updated: Floor '-2'
[2026-08-12 13:13:14] Tag Change: ID '00E20047176CC068217B1701' -> Floor '1'
[2026-08-12 13:13:14] Status Updated: Floor '1'
[2026-08-12 13:13:15] Tag Change: ID '00E20047179C4068217E0F01' -> Floor '2'
[2026-08-12 13:13:17] Tag Change: ID '00E2004717A7C068217EC701' -> Floor '3'
[2026-08-12 13:13:19] Status Updated: Floor '3'
[2026-08-12 13:13:34] Tag Change: ID '00E2004717A0C068217E5701' -> Floor '3'
[2026-08-12 13:13:38] Tag Change: ID '00E2004717AC4068217F0F01' -> Floor '-1'
[2026-08-12 13:13:39] Tag Change: ID '00E200471736C0682177B701' -> Floor '-1'
[2026-08-12 13:13:39] Tag flapping: suppressed 5 repeated tag-change log lines in the last 60s
[2026-08-12 13:13:40] Status Updated: Floor '-1'
[2026-08-12 13:14:06] Tag Change: ID '00E2004717A40068217E8B01' -> Floor '-1'
[2026-08-12 13:14:13] Tag Change: ID '00E200471775B068217BA601' -> Floor '1'
[2026-08-12 13:14:15] Tag Change: ID '00E200471768C068217AD701' -> Floor '1'
[2026-08-12 13:14:15] Status Updated: Floor '1'
[2026-08-12 13:14:17] Tag Change: ID '00E2004718A58068218EA301' -> Floor '3'
[2026-08-12 13:14:19] Tag Change: ID '00E2004717684068217ACF01' -> Floor '5'
[2026-08-12 13:14:19] Tag Change: ID '00E2004717688068217AD301' -> Floor '5'
[2026-08-12 13:14:20] Status Updated: Floor '5'
[2026-08-12 13:14:20] Tag Change: ID '00E20047175CC068217A1701' -> Floor '6'
[2026-08-12 13:14:22] Tag Change: ID '00E2004717964068217DAF01' -> Floor '6'
[2026-08-12 13:14:22] Status Updated: Floor '6'
[2026-08-12 13:14:50] Tag flapping: suppressed 4 repeated tag-change log lines in the last 66s
[2026-08-12 13:14:51] Tag Change: ID '00E200471777F068217BCA01' -> Floor 'Unknown'
[2026-08-12 13:15:00] Tag Change: ID '00E2004717A90068217EDB01' -> Floor 'Unknown'
[2026-08-12 13:15:09] Tag Change: ID '00E2004717AD8068217F2301' -> Floor '-2'
[2026-08-12 13:15:13] Status Updated: Floor '-2'
[2026-08-12 13:15:18] Tag Change: ID '00E2004717A40068217E8B01' -> Floor '-1'
[2026-08-12 13:15:24] Status Updated: Floor '-1'
[2026-08-12 13:21:08] Tag Change: ID '00E2004717A00068217E4B01' -> Floor '-1'
[2026-08-12 13:21:09] Tag Change: ID '00E2004717A40068217E8B01' -> Floor '-1'
[2026-08-12 13:25:02] Tag Change: ID '00E200471736C0682177B701' -> Floor '-1'
[2026-08-12 13:25:02] Tag flapping: suppressed 2 repeated tag-change log lines in the last 189s
[2026-08-12 13:25:06] Tag Change: ID '00E20047175A40682179EF01' -> Floor '2'
[2026-08-12 13:25:06] Tag Change: ID '00E2004717A0C068217E5701' -> Floor '3'
[2026-08-12 13:25:07] Status Updated: Floor '3'
[2026-08-12 13:25:07] Tag Change: ID '00E2004718A58068218EA301' -> Floor '3'
[2026-08-12 13:25:09] Tag Change: ID '00E200471897C068218DC701' -> Floor '5'
[2026-08-12 13:25:09] Tag Change: ID '00E2004717684068217ACF01' -> Floor '5'
[2026-08-12 13:25:09] Status Updated: Floor '5'
[2026-08-12 13:25:10] Tag Change: ID '00E200471777F068217BCA01' -> Floor 'Unknown'
[2026-08-12 13:25:10] Tag Change: ID '00E2004717964068217DAF01' -> Floor '6'
[2026-08-12 13:25:11] Tag Change: ID '00E20047175F4068217A3F01' -> Floor '7'
[2026-08-12 13:25:13] Tag Change: ID '00E2004717710068217B5B00' -> Floor '8'
[2026-08-12 13:25:14] Tag Change: ID '00E2004717767068217BB201' -> Floor '8'
[2026-08-12 13:25:14] Status Updated: Floor '8'
[2026-08-12 13:25:30] Tag Change: ID '00E2004717638068217A8301' -> Floor '7'
[2026-08-12 13:25:33] Status Updated: Floor '5'
[2026-08-12 13:25:34] Tag Change: ID '00E20047175A80682179F301' -> Floor '4'
[2026-08-12 13:25:36] Tag Change: ID '00E20047179C4068217E0F01' -> Floor '2'
[2026-08-12 13:25:37] Tag Change: ID '00E200471768C068217AD701' -> Floor '1'
[2026-08-12 13:25:39] Tag Change: ID '00E2004717AC4068217F0F01' -> Floor '-1'
[2026-08-12 13:25:46] Tag Change: ID '00E2004717A40068217E8B01' -> Floor '-1'
[2026-08-12 13:25:47] Status Updated: Floor '-1'
[2026-08-12 13:26:28] Tag Change: ID '00E200471736C0682177B701' -> Floor '-1'
[2026-08-12 13:26:31] Tag Change: ID '00E2004717A54068217E9F01' -> Floor '0'
[2026-08-12 13:26:31] Tag flapping: suppressed 5 repeated tag-change log lines in the last 62s
[2026-08-12 13:26:32] Status Updated: Floor '0'
[2026-08-12 13:26:45] Tag Change: ID '00E2004717A00068217E4B01' -> Floor '-1'
[2026-08-12 13:26:56] Tag Change: ID '00E2004717A40068217E8B01' -> Floor '-1'
[2026-08-12 13:26:56] Status Updated: Floor '-1'
[2026-08-12 13:27:06] Tag Change: ID '00E2004717A9C068217EE701' -> Floor '-2'
[2026-08-12 13:27:07] Tag Change: ID '00E2004717A48068217E9301' -> Floor '-2'
[2026-08-12 13:27:07] Status Updated: Floor '-2'
[2026-08-12 13:27:08] Tag Change: ID '00E2004707E05060270EE801' -> Floor '-3'
[2026-08-12 13:27:09] Tag Change: ID '00E2004707DF5060270ED801' -> Floor '-3'
[2026-08-12 13:27:09] Status Updated: Floor '-3'
[2026-08-12 13:27:16] Tag Change: ID '00E2004707E01060270EE401' -> Floor '-3'
[2026-08-12 13:27:43] Status Updated: Floor '-1'
[2026-08-12 13:27:50] Tag Change: ID '00E200471768C068217AD701' -> Floor '1'
[2026-08-12 13:27:52] Tag Change: ID '00E20047179C4068217E0F01' -> Floor '2'
[2026-08-12 13:27:56] Tag Change: ID '00E2004717A60068217EAB01' -> Floor '7'
[2026-08-12 13:27:57] Tag Change: ID '00E20047177A3068217BEE01' -> Floor '8'
[2026-08-12 13:27:59] Tag Change: ID '00E2004717767068217BB201' -> Floor '8'
[2026-08-12 13:27:59] Status Updated: Floor '8'
[2026-08-12 13:28:14] Tag Change: ID '00E20047175CC068217A1701' -> Floor '6'
[2026-08-12 13:28:14] Tag flapping: suppressed 14 repeated tag-change log lines in the last 63s
[2026-08-12 13:28:17] Tag Change: ID '00E2004717A0C068217E5701' -> Floor '3'
[2026-08-12 13:28:20] Tag Change: ID '00E200471775B068217BA601' -> Floor '1'
[2026-08-12 13:28:21] Tag Change: ID '00E2004717AC4068217F0F01' -> Floor '-1'
[2026-08-12 13:28:33] Tag Change: ID '00E2004717A40068217E8B01' -> Floor '-1'
[2026-08-12 13:28:33] Status Updated: Floor '-1'
[2026-08-12 13:28:40] Tag Change: ID '00E2004717A00068217E4B01' -> Floor '-1'
[2026-08-12 13:28:48] Tag Change: ID '00E2004718A58068218EA301' -> Floor '3'
[2026-08-12 13:28:48] Status Updated: Floor '3'
[2026-08-12 13:29:03] Tag Change: ID '00E2004717A7C068217EC701' -> Floor '3'
[2026-08-12 13:29:05] Tag Change: ID '00E200471741406821785F01' -> Floor '2'
[2026-08-12 13:29:06] Tag Change: ID '00E200471768C068217AD701' -> Floor '1'
[2026-08-12 13:29:06] Tag Change: ID '00E20047176CC068217B1701' -> Floor '1'
[2026-08-12 13:29:06] Status Updated: Floor '1'
[2026-08-12 13:29:29] Tag Change: ID '00E2004707DF5060270ED801' -> Floor '-3'
[2026-08-12 13:29:30] Tag Change: ID '00E2004707E05060270EE801' -> Floor '-3'
[2026-08-12 13:29:30] Status Updated: Floor '-3'
[2026-08-12 13:29:32] Tag Change: ID '00E2004707E01060270EE401' -> Floor '-3'
[2026-08-12 13:29:44] Tag flapping: suppressed 15 repeated tag-change log lines in the last 60s
[2026-08-12 13:29:52] Tag Change: ID '00E2004717AD8068217F2301' -> Floor '-2'
[2026-08-12 13:29:59] Tag Change: ID '00E2004717A40068217E8B01' -> Floor '-1'
[2026-08-12 13:30:02] Status Updated: Floor '-1'
[2026-08-12 13:30:14] Tag Change: ID '00E2004717A00068217E4B01' -> Floor '-1'
[2026-08-12 13:30:19] Tag Change: ID '00E200471741406821785F01' -> Floor '2'
[2026-08-12 13:30:19] Tag Change: ID '00E20047175A40682179EF01' -> Floor '2'
[2026-08-12 13:30:19] Status Updated: Floor '2'
[2026-08-12 13:30:23] Tag Change: ID '00E20047179C4068217E0F01' -> Floor '2'
[2026-08-12 13:30:34] Tag Change: ID '00E2004717A0C068217E5701' -> Floor '3'
[2026-08-12 13:30:35] Tag Change: ID '00E2004718A58068218EA301' -> Floor '3'
[2026-08-12 13:30:35] Status Updated: Floor '3'
[2026-08-12 13:30:39] Tag Change: ID '00E2004717688068217AD301' -> Floor '5'
[2026-08-12 13:30:40] Status Updated: Floor '5'
[2026-08-12 13:30:53] Tag Change: ID '00E20047175F4068217A3F01' -> Floor '7'
[2026-08-12 13:30:53] Tag flapping: suppressed 5 repeated tag-change log lines in the last 68s
[2026-08-12 13:30:59] Status Updated: Floor '7'
[2026-08-12 13:30:59] Tag Change: ID '00E2004717638068217A8301' -> Floor '7'
[2026-08-12 13:31:07] Tag Change: ID '00E20047177A3068217BEE01' -> Floor '8'
[2026-08-12 13:31:07] Status Updated: Floor '8'
[2026-08-12 13:31:09] Tag Change: ID '00E2004717767068217BB201' -> Floor '8'
[2026-08-12 13:31:26] Tag Change: ID '00E2004718A2C068218E7701' -> Floor '4'
[2026-08-12 13:31:29] Status Updated: Floor '3'
[2026-08-12 13:31:40] Tag Change: ID '00E2004717A7C068217EC701' -> Floor '3'
[2026-08-12 13:31:44] Tag Change: ID '00E2004717AC4068217F0F01' -> Floor '-1'
[2026-08-12 13:31:45] Tag Change: ID '00E200471736C0682177B701' -> Floor '-1'
[2026-08-12 13:31:46] Status Updated: Floor '-1'
[2026-08-12 13:32:05] Tag Change: ID '00E200471775B068217BA601' -> Floor '1'
[2026-08-12 13:32:08] Tag Change: ID '00E2004717A0C068217E5701' -> Floor '3'
[2026-08-12 13:32:08] Status Updated: Floor '3'
[2026-08-12 13:32:10] Tag Change: ID '00E2004718A58068218EA301' -> Floor '3'
[2026-08-12 13:32:26] Tag Change: ID '00E20047179C4068217E0F01' -> Floor '2'
[2026-08-12 13:32:28] Status Updated: Floor '2'
[2026-08-12 13:32:42] Tag Change: ID '00E200471768C068217AD701' -> Floor '1'
[2026-08-12 13:32:42] Tag flapping: suppressed 2 repeated tag-change log lines in the last 74s
[2026-08-12 13:32:44] Status Updated: Floor '1'
[2026-08-12 13:32:46] Tag Change: ID '00E200471736C0682177B701' -> Floor '-1'
[2026-08-12 13:32:47] Status Updated: Floor '-1'
[2026-08-12 13:32:47] Tag Change: ID '00E2004717A00068217E4B01' -> Floor '-1'
[2026-08-12 13:32:56] Tag Change: ID '00E2004717A40068217E8B01' -> Floor '-1'
[2026-08-12 13:34:16] Tag Change: ID '00E2004717A00068217E4B01' -> Floor '-1'
[2026-08-12 13:34:16] Tag flapping: suppressed 1 repeated tag-change log lines in the last 92s
[2026-08-12 13:34:19] Tag Change: ID '00E2004717A54068217E9F01' -> Floor '0'
[2026-08-12 13:34:21] Tag Change: ID '00E200471768C068217AD701' -> Floor '1'
[2026-08-12 13:34:24] Tag Change: ID '00E20047179C4068217E0F01' -> Floor '2'
[2026-08-12 13:34:29] Status Updated: Floor '2'
[2026-08-12 13:34:40] Tag Change: ID '00E200471741406821785F01' -> Floor '2'
[2026-08-12 13:34:42] Tag Change: ID '00E200471775B068217BA601' -> Floor '1'
[2026-08-12 13:34:50] Tag Change: ID '00E2004717A40068217E8B01' -> Floor '-1'
[2026-08-12 13:34:52] Status Updated: Floor '-1'
[2026-08-12 13:35:04] Tag Change: ID '00E2004717AD8068217F2301' -> Floor '-2'
[2026-08-12 13:35:09] Status Updated: Floor '-2'
[2026-08-12 13:35:39] Tag Change: ID '00E20047176CC068217B1701' -> Floor '1'
[2026-08-12 13:35:41] Tag Change: ID '00E20047175A40682179EF01' -> Floor '2'
[2026-08-12 13:35:41] Tag Change: ID '00E20047179C4068217E0F01' -> Floor '2'
[2026-08-12 13:35:41] Status Updated: Floor '2'
[2026-08-12 13:35:43] Tag Change: ID '00E200471897C068218DC701' -> Floor '5'
[2026-08-12 13:35:44] Tag Change: ID '00E2004717688068217AD301' -> Floor '5'
[2026-08-12 13:35:44] Status Updated: Floor '5'
[2026-08-12 13:35:45] Tag Change: ID '00E20047175CC068217A1701' -> Floor '6'
[2026-08-12 13:35:46] Tag Change: ID '00E20047175F4068217A3F01' -> Floor '7'
[2026-08-12 13:35:46] Tag Change: ID '00E2004717638068217A8301' -> Floor '7'
[2026-08-12 13:35:47] Status Updated: Floor '7'
[2026-08-12 13:35:47] Tag Change: ID '00E2004717710068217B5B00' -> Floor '8'
[2026-08-12 13:35:48] Tag Change: ID '00E2004717767068217BB201' -> Floor '8'
[2026-08-12 13:35:49] Status Updated: Floor '8'
[2026-08-12 13:36:01] Tag Change: ID '00E2004717773068217BBE01' -> Floor '9'
[2026-08-12 13:36:02] Status Updated: Floor '9'
[2026-08-12 13:36:02] Tag Change: ID '00E20047177A7068217BF201' -> Floor '9'
[2026-08-12 13:36:04] Tag Change: ID '00E200471744006821788B01' -> Floor '9'
[2026-08-12 13:36:19] Status Updated: Floor '8'
[2026-08-12 13:36:22] Tag flapping: suppressed 4 repeated tag-change log lines in the last 61s
[2026-08-12 13:36:51] Tag Change: ID '00E2004707E05060270EE801' -> Floor '-3'
[2026-08-12 13:36:51] Tag Change: ID '00E2004707DF5060270ED801' -> Floor '-3'
[2026-08-12 13:36:52] Status Updated: Floor '-3'
[2026-08-12 13:36:52] Tag Change: ID '00E2004707E01060270EE401' -> Floor '-3'
[2026-08-12 13:37:10] Tag Change: ID '00E2004717AC4068217F0F01' -> Floor '-1'
[2026-08-12 13:37:14] Tag Change: ID '00E2004717A0C068217E5701' -> Floor '3'
[2026-08-12 13:37:14] Status Updated: Floor '3'
[2026-08-12 13:37:15] Tag Change: ID '00E2004718A58068218EA301' -> Floor '3'
[2026-08-12 13:37:15] Tag Change: ID '00E20047175A80682179F301' -> Floor '4'
[2026-08-12 13:37:16] Tag Change: ID '00E2004717684068217ACF01' -> Floor '5'
[2026-08-12 13:37:17] Tag Change: ID '00E200471777F068217BCA01' -> Floor 'Unknown'
[2026-08-12 13:37:17] Tag Change: ID '00E20047175CC068217A1701' -> Floor '6'
[2026-08-12 13:37:18] Tag Change: ID '00E2004717964068217DAF01' -> Floor '6'
[2026-08-12 13:37:18] Status Updated: Floor '6'
[2026-08-12 13:37:20] Tag Change: ID '00E20047177A3068217BEE01' -> Floor '8'
[2026-08-12 13:37:21] Tag Change: ID '00E2004717767068217BB201' -> Floor '8'
[2026-08-12 13:37:22] Status Updated: Floor '8'
[2026-08-12 13:37:36] Tag Change: ID '00E2004717710068217B5B00' -> Floor '8'
[2026-08-12 13:37:36] Tag flapping: suppressed 14 repeated tag-change log lines in the last 72s
[2026-08-12 13:37:38] Tag Change: ID '00E20047175F4068217A3F01' -> Floor '7'
[2026-08-12 13:37:45] Tag Change: ID '00E200471775B068217BA601' -> Floor '1'
[2026-08-12 13:37:47] Tag Change: ID '00E200471736C0682177B701' -> Floor '-1'
[2026-08-12 13:37:53] Tag Change: ID '00E2004707E05060270EE801' -> Floor '-3'
[2026-08-12 13:37:55] Tag Change: ID '00E2004707E01060270EE401' -> Floor '-3'
[2026-08-12 13:37:55] Status Updated: Floor '-3'
[2026-08-12 13:38:04] Tag Change: ID '00E2004707DF5060270ED801' -> Floor '-3'
[2026-08-12 13:38:06] Tag Change: ID '00E2004717A9C068217EE701' -> Floor '-2'
[2026-08-12 13:38:11] Tag Change: ID '00E2004717A40068217E8B01' -> Floor '-1'
[2026-08-12 13:38:15] Status Updated: Floor '-1'
[2026-08-12 13:38:34] Tag Change: ID '00E2004717AD8068217F2301' -> Floor '-2'
[2026-08-12 13:38:43] Status Updated: Floor '-2'
[2026-08-12 13:39:13] Tag Change: ID '00E200471736C0682177B701' -> Floor '-1'
[2026-08-12 13:39:13] Tag flapping: suppressed 9 repeated tag-change log lines in the last 95s
[2026-08-12 13:39:14] Tag Change: ID '00E2004717A54068217E9F01' -> Floor '0'
[2026-08-12 13:39:15] Tag Change: ID '00E200471775B068217BA601' -> Floor '1'
[2026-08-12 13:39:17] Tag Change: ID '00E20047175A40682179EF01' -> Floor '2'
[2026-08-12 13:39:17] Tag Change: ID '00E2004717A0C068217E5701' -> Floor '3'
[2026-08-12 13:39:19] Tag Change: ID '00E20047189E4068218E2F01' -> Floor '4'
[2026-08-12 13:39:20] Tag Change: ID '00E2004717684068217ACF01' -> Floor '5'
[2026-08-12 13:39:21] Tag Change: ID '00E20047175CC068217A1701' -> Floor '6'
[2026-08-12 13:39:22] Tag Change: ID '00E20047175F4068217A3F01' -> Floor '7'
[2026-08-12 13:39:22] Tag Change: ID '00E2004717638068217A8301' -> Floor '7'
[2026-08-12 13:39:23] Status Updated: Floor '7'
[2026-08-12 13:39:24] Tag Change: ID '00E200471744006821788B01' -> Floor '9'
[2026-08-12 13:39:25] Status Updated: Floor '9'
[2026-08-12 13:39:26] Tag Change: ID '00E200471745C0682178A701' -> Floor '10'
[2026-08-12 13:39:26] Status Updated: Floor '10'
[2026-08-12 13:39:27] Tag Change: ID '00E200471751806821796301' -> Floor '11'
[2026-08-12 13:39:27] Status Updated: Floor '11'
[2026-08-12 13:39:28] Tag Change: ID '00E200471753C06821798701' -> Floor '11'
[2026-08-12 13:39:43] Tag Change: ID '00E20047174C806821791301' -> Floor '11'
[2026-08-12 13:39:43] Tag Change: ID '002427031027000620240000' -> Floor 'Unknown'
[2026-08-12 13:39:44] Tag Change: ID '00E2004718C4B06821909601' -> Floor 'Unknown'
[2026-08-12 13:39:45] Tag Change: ID '00E20047177A7068217BF201' -> Floor '9'
[2026-08-12 13:39:45] Tag Change: ID '00E2004717773068217BBE01' -> Floor '9'
[2026-08-12 13:39:46] Status Updated: Floor '9'
[2026-08-12 13:39:47] Status Updated: Floor '7'
[2026-08-12 13:39:47] Tag Change: ID '00E2004717A60068217EAB01' -> Floor '7'
[2026-08-12 13:39:49] Tag Change: ID '00E2004717688068217AD301' -> Floor '5'
[2026-08-12 13:39:51] Tag Change: ID '00E2004718A58068218EA301' -> Floor '3'
[2026-08-12 13:39:51] Status Updated: Floor '3'
[2026-08-12 13:39:53] Tag Change: ID '00E200471741406821785F01' -> Floor '2'
[2026-08-12 13:39:54] Status Updated: Floor '2'
[2026-08-12 13:39:58] Tag Change: ID '00E2004717A40068217E8B01' -> Floor '-1'
[2026-08-12 13:39:59] Status Updated: Floor '-1'
[2026-08-12 13:40:02] Tag Change: ID '00E2004717A00068217E4B01' -> Floor '-1'
[2026-08-12 13:40:25] Tag Change: ID '00E2004707E01060270EE401' -> Floor '-3'
[2026-08-12 13:40:27] Status Updated: Floor '-3'
[2026-08-12 13:40:29] Tag Change: ID '00E2004707DF5060270ED801' -> Floor '-3'
[2026-08-12 13:40:29] Tag Change: ID '00E2004707E05060270EE801' -> Floor '-3'
[2026-08-12 13:40:42] Tag flapping: suppressed 20 repeated tag-change log lines in the last 60s
[2026-08-12 13:40:59] Tag Change: ID '00E2004717A40068217E8B01' -> Floor '-1'
[2026-08-12 13:41:06] Status Updated: Floor '-1'
[2026-08-12 13:41:33] Tag Change: ID '00E2004717AD8068217F2301' -> Floor '-2'
[2026-08-12 13:41:34] Status Updated: Floor '-2'
[2026-08-12 13:42:22] Tag Change: ID '00E2004717A54068217E9F01' -> Floor '0'
[2026-08-12 13:42:22] Tag flapping: suppressed 9 repeated tag-change log lines in the last 98s
[2026-08-12 13:42:26] Tag Change: ID '00E2004718A58068218EA301' -> Floor '3'
[2026-08-12 13:42:26] Status Updated: Floor '3'
[2026-08-12 13:42:29] Tag Change: ID '00E20047189E4068218E2F01' -> Floor '4'
[2026-08-12 13:42:30] Status Updated: Floor '4'
[2026-08-12 13:42:45] Tag Change: ID '00E2004717A0C068217E5701' -> Floor '3'
[2026-08-12 13:42:46] Tag Change: ID '00E200471741406821785F01' -> Floor '2'
[2026-08-12 13:42:51] Tag Change: ID '00E2004717A00068217E4B01' -> Floor '-1'
[2026-08-12 13:43:16] Tag Change: ID '00E2004717A40068217E8B01' -> Floor '-1'
[2026-08-12 13:43:17] Status Updated: Floor '-1'
[2026-08-12 13:43:46] Tag Change: ID '00E2004717A90068217EDB01' -> Floor 'Unknown'
[2026-08-12 13:44:20] Tag Change: ID '00E2004717A00068217E4B01' -> Floor '-1'
[2026-08-12 13:44:21] Tag Change: ID '00E200471736C0682177B701' -> Floor '-1'
[2026-08-12 13:44:22] Tag Change: ID '00E2004717AC4068217F0F01' -> Floor '-1'
[2026-08-12 13:44:24] Tag Change: ID '00E20047176CC068217B1701' -> Floor '1'
[2026-08-12 13:44:25] Tag Change: ID '00E200471741406821785F01' -> Floor '2'
[2026-08-12 13:44:26] Tag Change: ID '00E2004717A0C068217E5701' -> Floor '3'
[2026-08-12 13:44:27] Tag Change: ID '00E20047189E4068218E2F01' -> Floor '4'
[2026-08-12 13:44:29] Tag Change: ID '00E20047175CC068217A1701' -> Floor '6'
[2026-08-12 13:44:30] Status Updated: Floor '6'
[2026-08-12 13:44:31] Tag Change: ID '00E2004717A60068217EAB01' -> Floor '7'
[2026-08-12 13:44:31] Tag Change: ID '00E20047175F4068217A3F01' -> Floor '7'
[2026-08-12 13:44:31] Status Updated: Floor '7'
[2026-08-12 13:44:33] Tag Change: ID '00E2004717638068217A8301' -> Floor '7'
[2026-08-12 13:48:53] Tag Change: ID '00E2004717964068217DAF01' -> Floor '6'
[2026-08-12 13:48:53] Tag flapping: suppressed 1 repeated tag-change log lines in the last 286s
[2026-08-12 13:48:54] Tag Change: ID '00E200471777F068217BCA01' -> Floor 'Unknown'
[2026-08-12 13:48:56] Tag Change: ID '00E2004718A58068218EA301' -> Floor '3'
[2026-08-12 13:48:58] Tag Change: ID '00E20047179C4068217E0F01' -> Floor '2'
[2026-08-12 13:48:59] Status Updated: Floor '2'
[2026-08-12 13:49:14] Tag Change: ID '00E20047175A40682179EF01' -> Floor '2'
[2026-08-12 13:49:16] Tag Change: ID '00E20047176CC068217B1701' -> Floor '1'
[2026-08-12 13:49:18] Tag Change: ID '00E200471736C0682177B701' -> Floor '-1'
[2026-08-12 13:49:26] Tag Change: ID '00E2004717AD8068217F2301' -> Floor '-2'
[2026-08-12 13:49:32] Status Updated: Floor '-2'
[2026-08-12 13:50:23] Tag Change: ID '00E2004717A48068217E9301' -> Floor '-2'
[2026-08-12 13:50:24] Tag Change: ID '00E2004707E05060270EE801' -> Floor '-3'
[2026-08-12 13:50:26] Status Updated: Floor '-3'
[2026-08-12 13:50:26] Tag Change: ID '00E2004707DF5060270ED801' -> Floor '-3'
[2026-08-12 13:50:27] Tag Change: ID '00E2004707E01060270EE401' -> Floor '-3'
[2026-08-12 13:50:47] Tag Change: ID '00E2004717A90068217EDB01' -> Floor 'Unknown'
[2026-08-12 13:50:54] Tag Change: ID '00E2004717A40068217E8B01' -> Floor '-1'
[2026-08-12 13:50:57] Status Updated: Floor '-1'
[2026-08-12 13:51:04] Tag Change: ID '00E200471736C0682177B701' -> Floor '-1'
[2026-08-12 13:51:06] Tag Change: ID '00E200471775B068217BA601' -> Floor '1'
[2026-08-12 13:51:08] Tag Change: ID '00E20047176CC068217B1701' -> Floor '1'
[2026-08-12 13:51:08] Status Updated: Floor '1'
[2026-08-12 13:51:10] Tag Change: ID '00E200471768C068217AD701' -> Floor '1'
[2026-08-12 13:51:30] Tag flapping: suppressed 18 repeated tag-change log lines in the last 60s
[2026-08-12 13:52:11] Tag Change: ID '00E20047176CC068217B1701' -> Floor '1'
[2026-08-12 13:52:11] Tag Change: ID '00E200471768C068217AD701' -> Floor '1'
[2026-08-12 13:52:18] Tag Change: ID '00E200471775B068217BA601' -> Floor '1'
[2026-08-12 13:52:19] Tag Change: ID '00E2004717A54068217E9F01' -> Floor '0'
[2026-08-12 13:52:25] Tag Change: ID '00E2004717A48068217E9301' -> Floor '-2'
[2026-08-12 13:52:26] Tag Change: ID '00E2004707DF5060270ED801' -> Floor '-3'
[2026-08-12 13:52:27] Tag Change: ID '00E2004707E05060270EE801' -> Floor '-3'
[2026-08-12 13:52:28] Status Updated: Floor '-3'
[2026-08-12 13:52:28] Tag Change: ID '00E2004707E01060270EE401' -> Floor '-3'
[2026-08-12 13:52:32] Tag flapping: suppressed 20 repeated tag-change log lines in the last 60s
[2026-08-12 13:52:49] Tag Change: ID '00E200471736C0682177B701' -> Floor '-1'
[2026-08-12 13:52:52] Status Updated: Floor '0'
[2026-08-12 13:53:08] Status Updated: Floor '1'
[2026-08-12 13:53:09] Tag Change: ID '00E20047175A40682179EF01' -> Floor '2'
[2026-08-12 13:53:11] Tag Change: ID '00E20047189E4068218E2F01' -> Floor '4'
[2026-08-12 13:53:12] Tag Change: ID '00E200471897C068218DC701' -> Floor '5'
[2026-08-12 13:53:13] Tag Change: ID '00E2004717688068217AD301' -> Floor '5'
[2026-08-12 13:53:13] Status Updated: Floor '5'
[2026-08-12 13:53:13] Tag Change: ID '00E20047175CC068217A1701' -> Floor '6'
[2026-08-12 13:53:23] Tag Change: ID '00E2004717964068217DAF01' -> Floor '6'
[2026-08-12 13:53:23] Status Updated: Floor '6'
[2026-08-12 13:53:30] Tag Change: ID '00E200471777F068217BCA01' -> Floor 'Unknown'
[2026-08-12 13:53:34] Tag Change: ID '00E2004717A0C068217E5701' -> Floor '3'
[2026-08-12 13:53:34] Tag flapping: suppressed 13 repeated tag-change log lines in the last 60s
[2026-08-12 13:53:36] Tag Change: ID '00E200471768C068217AD701' -> Floor '1'
[2026-08-12 13:53:37] Status Updated: Floor '1'
[2026-08-12 13:53:39] Tag Change: ID '00' -> Floor 'Unknown'
[2026-08-12 13:53:50] Tag Change: ID '00E200471775B068217BA601' -> Floor '1'
[2026-08-12 13:54:11] Tag Change: ID '00E2004717A40068217E8B01' -> Floor '-1'
[2026-08-12 13:54:16] Tag Change: ID '00E20047179C4068217E0F01' -> Floor '2'
[2026-08-12 13:54:18] Tag Change: ID '00E20047175A80682179F301' -> Floor '4'
[2026-08-12 13:54:19] Tag Change: ID '00E200471897C068218DC701' -> Floor '5'
[2026-08-12 13:54:20] Tag Change: ID '00E2004717684068217ACF01' -> Floor '5'
[2026-08-12 13:54:20] Status Updated: Floor '5'
[2026-08-12 13:54:21] Tag Change: ID '00E2004717688068217AD301' -> Floor '5'
[2026-08-12 13:54:29] Tag Change: ID '00E200471768' -> Floor 'Unknown'
[2026-08-12 13:54:37] Tag Change: ID '00E2004718A58068218EA301' -> Floor '3'
[2026-08-12 13:54:48] Tag flapping: suppressed 7 repeated tag-change log lines in the last 68s
[2026-08-12 13:54:51] Status Updated: Floor '-1'
[2026-08-12 13:55:04] Tag Change: ID '00E2004707DF5060270ED801' -> Floor '-3'
[2026-08-12 13:55:04] Tag Change: ID '00E2004707E01060270EE401' -> Floor '-3'
[2026-08-12 13:55:05] Status Updated: Floor '-3'
[2026-08-12 13:55:05] Tag Change: ID '00E2004707E05060270EE801' -> Floor '-3'
[2026-08-12 13:55:22] Tag Change: ID '00E2004717A40068217E8B01' -> Floor '-1'
[2026-08-12 13:55:27] Status Updated: Floor '-1'
[2026-08-12 13:55:43] Tag Change: ID '00E2004717A00068217E4B01' -> Floor '-1'
[2026-08-12 13:56:53] Tag Change: ID '00E2004717A54068217E9F01' -> Floor '0'
[2026-08-12 13:56:53] Tag flapping: suppressed 8 repeated tag-change log lines in the last 108s
[2026-08-12 13:56:55] Tag Change: ID '00E20047176CC068217B1701' -> Floor '1'
[2026-08-12 13:56:55] Tag Change: ID '00E200471768C068217AD701' -> Floor '1'
[2026-08-12 13:56:55] Status Updated: Floor '1'
[2026-08-12 13:56:56] Tag Change: ID '00E2004717A0C068217E5701' -> Floor '3'
[2026-08-12 13:56:57] Tag Change: ID '00E2004717A7C068217EC701' -> Floor '3'
[2026-08-12 13:56:57] Status Updated: Floor '3'
[2026-08-12 13:57:00] Tag Change: ID '00E20047175CC068217A1701' -> Floor '6'
[2026-08-12 13:57:01] Tag Change: ID '00E2004717638068217A8301' -> Floor '7'
[2026-08-12 13:57:02] Tag Change: ID '00E20047177A3068217BEE01' -> Floor '8'
[2026-08-12 13:57:04] Tag Change: ID '00E2004717767068217BB201' -> Floor '8'
[2026-08-12 13:57:09] Status Updated: Floor '8'
[2026-08-12 13:57:16] Tag Change: ID '00E2004717710068217B5B00' -> Floor '8'
[2026-08-12 13:57:21] Status Updated: Floor '7'
[2026-08-12 13:57:33] Tag Change: ID '00E2004717A60068217EAB01' -> Floor '7'
[2026-08-12 13:57:36] Tag Change: ID '00E2004718A58068218EA301' -> Floor '3'
[2026-08-12 13:57:38] Tag Change: ID '00E20047175A40682179EF01' -> Floor '2'
[2026-08-12 13:57:41] Tag Change: ID '00E200471775B068217BA601' -> Floor '1'
[2026-08-12 13:57:42] Status Updated: Floor '0'
[2026-08-12 13:58:12] Tag Change: ID '00E200471768C068217AD701' -> Floor '1'
[2026-08-12 13:58:13] Tag Change: ID '00E2004717A0C068217E5701' -> Floor '3'
[2026-08-12 13:58:13] Status Updated: Floor '3'
[2026-08-12 13:58:16] Tag Change: ID '00E20047175CC068217A1701' -> Floor '6'
[2026-08-12 13:58:20] Tag Change: ID '00E2004717767068217BB201' -> Floor '8'
[2026-08-12 13:58:20] Tag flapping: suppressed 2 repeated tag-change log lines in the last 62s
[2026-08-12 13:58:22] Status Updated: Floor '8'
[2026-08-12 13:58:34] Tag Change: ID '00E2004717638068217A8301' -> Floor '7'
[2026-08-12 13:58:35] Tag Change: ID '00E20047175F4068217A3F01' -> Floor '7'
[2026-08-12 13:58:35] Status Updated: Floor '7'
[2026-08-12 13:58:35] Tag Change: ID '00E2004717A60068217EAB01' -> Floor '7'
[2026-08-12 13:58:38] Tag Change: ID '00E20047189E4068218E2F01' -> Floor '4'
[2026-08-12 13:58:38] Tag Change: ID '00E20047175A80682179F301' -> Floor '4'
[2026-08-12 13:58:39] Status Updated: Floor '4'
[2026-08-12 13:58:43] Tag Change: ID '00E200471775B068217BA601' -> Floor '1'
[2026-08-12 13:58:44] Tag Change: ID '00E2004717A54068217E9F01' -> Floor '0'
[2026-08-12 13:58:46] Status Updated: Floor '0'
[2026-08-12 13:59:25] Tag Change: ID '00E20047' -> Floor 'Unknown'
[2026-08-12 13:59:58] Tag Change: ID '00E2004717AD8068217F2301' -> Floor '-2'
[2026-08-12 14:00:16] Tag Change: ID '00E2004717A40068217E8B01' -> Floor '-1'
[2026-08-12 14:00:28] Tag Change: ID '00E2004717A00068217E4B01' -> Floor '-1'
[2026-08-12 14:00:28] Tag flapping: suppressed 1 repeated tag-change log lines in the last 62s
[2026-08-12 14:00:29] Status Updated: Floor '-1'
[2026-08-12 14:00:32] Tag Change: ID '00E2004717A54068217E9F01' -> Floor '0'
[2026-08-12 14:00:36] Status Updated: Floor '0'
[2026-08-12 14:00:46] Tag Change: ID '00E200471775B068217BA601' -> Floor '1'
[2026-08-12 14:00:48] Tag Change: ID '00E20047176CC068217B1701' -> Floor '1'
[2026-08-12 14:00:48] Status Updated: Floor '1'
[2026-08-12 14:00:51] Tag Change: ID '00E2004718A58068218EA301' -> Floor '3'
[2026-08-12 14:00:52] Tag Change: ID '00E200471897C068218DC701' -> Floor '5'
[2026-08-12 14:00:53] Tag Change: ID '00E200471777F068217BCA01' -> Floor 'Unknown'
[2026-08-12 14:00:54] Tag Change: ID '00E20047175F4068217A3F01' -> Floor '7'
[2026-08-12 14:00:56] Tag Change: ID '00E20047177A7068217BF201' -> Floor '9'
[2026-08-12 14:00:57] Tag Change: ID '00E200471744006821788B01' -> Floor '9'
[2026-08-12 14:00:57] Status Updated: Floor '9'
[2026-08-12 14:00:58] Tag Change: ID '00E20047174880682178D301' -> Floor '10'
[2026-08-12 14:00:59] Tag Change: ID '00E20047174C806821791301' -> Floor '11'
[2026-08-12 14:00:59] Status Updated: Floor '11'
[2026-08-12 14:01:01] Tag Change: ID '00E200471753C06821798701' -> Floor '11'
[2026-08-12 14:01:16] Tag Change: ID '00E200471751806821796301' -> Floor '11'
[2026-08-12 14:01:19] Tag Change: ID '002427031027000620240000' -> Floor 'Unknown'
[2026-08-12 14:01:25] Tag Change: ID '00E200471745C0682178A701' -> Floor '10'
[2026-08-12 14:01:42] Status Updated: Floor '10'
[2026-08-12 14:02:17] Tag flapping: suppressed 15 repeated tag-change log lines in the last 60s
[2026-08-12 14:02:20] Tag Change: ID '002427031027000620240000' -> Floor 'Unknown'
[2026-08-12 14:02:32] Tag Change: ID '00E2004718C4B06821909601' -> Floor 'Unknown'
[2026-08-12 14:02:34] Tag Change: ID '00E200471744006821788B01' -> Floor '9'
[2026-08-12 14:02:35] Status Updated: Floor '9'
[2026-08-12 14:02:45] Tag Change: ID '00E20047177A7068217BF201' -> Floor '9'
[2026-08-12 14:02:46] Tag Change: ID '00E2004717773068217BBE01' -> Floor '9'
[2026-08-12 14:02:47] Tag Change: ID '00E2004717638068217A8301' -> Floor '7'
[2026-08-12 14:02:49] Tag Change: ID '00E200471777F068217BCA01' -> Floor 'Unknown'
[2026-08-12 14:02:50] Tag Change: ID '00E2004717684068217ACF01' -> Floor '5'
[2026-08-12 14:02:53] Tag Change: ID '00E20047175A40682179EF01' -> Floor '2'
[2026-08-12 14:02:54] Tag Change: ID '00E20047176CC068217B1701' -> Floor '1'
[2026-08-12 14:02:54] Status Updated: Floor '1'
[2026-08-12 14:02:56] Tag Change: ID '00E200471775B068217BA601' -> Floor '1'
[2026-08-12 14:02:58] Tag Change: ID '00E2004717A54068217E9F01' -> Floor '0'
[2026-08-12 14:02:59] Status Updated: Floor '0'
[2026-08-12 14:03:09] Tag Change: ID '00E2004717AC4068217F0F01' -> Floor '-1'
[2026-08-12 14:03:11] Tag Change: ID '00E200471736C0682177B701' -> Floor '-1'
[2026-08-12 14:03:11] Status Updated: Floor '-1'
[2026-08-12 14:03:28] Tag Change: ID '00E2004717A40068217E8B01' -> Floor '-1'
[2026-08-12 14:03:28] Tag flapping: suppressed 4 repeated tag-change log lines in the last 70s
[2026-08-12 14:03:49] Tag Change: ID '00E20047189E4068218E2F01' -> Floor '4'
[2026-08-12 14:03:51] Status Updated: Floor '4'
[2026-08-12 14:04:05] Tag Change: ID '00E2004717684068217ACF01' -> Floor '5'
[2026-08-12 14:04:06] Tag Change: ID '00E2004717688068217AD301' -> Floor '5'
[2026-08-12 14:04:06] Status Updated: Floor '5'
[2026-08-12 14:04:08] Tag Change: ID '00E2004717638068217A8301' -> Floor '7'
[2026-08-12 14:04:09] Tag Change: ID '00E20047177A7068217BF201' -> Floor '9'
[2026-08-12 14:04:12] Tag Change: ID '002427031027000620240000' -> Floor 'Unknown'
[2026-08-12 14:04:29] Tag Change: ID '00E200471745C0682178A701' -> Floor '10'
[2026-08-12 14:04:33] Status Updated: Floor '10'
[2026-08-12 14:04:37] Tag Change: ID '00E2004718C4B06821909601' -> Floor 'Unknown'
[2026-08-12 14:04:39] Tag Change: ID '00E2004717773068217BBE01' -> Floor '9'
[2026-08-12 14:04:39] Tag Change: ID '00E20047177A3068217BEE01' -> Floor '8'
[2026-08-12 14:04:41] Tag Change: ID '00E20047175CC068217A1701' -> Floor '6'
[2026-08-12 14:04:45] Tag Change: ID '00E2004717A0C068217E5701' -> Floor '3'
[2026-08-12 14:04:48] Tag Change: ID '00E2004717A54068217E9F01' -> Floor '0'
[2026-08-12 14:04:50] Tag Change: ID '00E2004717A00068217E4B01' -> Floor '-1'
[2026-08-12 14:04:52] Tag Change: ID '00E2004717A40068217E8B01' -> Floor '-1'
[2026-08-12 14:04:53] Status Updated: Floor '-1'
[2026-08-12 14:05:14] Tag Change: ID '00E2004707DF5060270ED801' -> Floor '-3'
[2026-08-12 14:05:14] Status Updated: Floor '-3'
[2026-08-12 14:05:17] Tag Change: ID '00E2004707E05060270EE801' -> Floor '-3'
[2026-08-12 14:05:18] Tag Change: ID '00E2004707E01060270EE401' -> Floor '-3'
[2026-08-12 14:05:30] Tag flapping: suppressed 12 repeated tag-change log lines in the last 60s
[2026-08-12 14:05:54] Tag Change: ID '00E2004717A40068217E8B01' -> Floor '-1'
[2026-08-12 14:06:02] Tag Change: ID '00E2004717A00068217E4B01' -> Floor '-1'
[2026-08-12 14:06:02] Status Updated: Floor '-1'
[2026-08-12 14:07:13] Tag Change: ID '00E200471736C0682177B701' -> Floor '-1'
[2026-08-12 14:07:13] Tag flapping: suppressed 2 repeated tag-change log lines in the last 101s
[2026-08-12 14:07:16] Tag Change: ID '00E20047176CC068217B1701' -> Floor '1'
[2026-08-12 14:07:17] Status Updated: Floor '1'
[2026-08-12 14:07:20] Tag Change: ID '00E2004718A2C068218E7701' -> Floor '4'
[2026-08-12 14:07:21] Tag Change: ID '00E2004717688068217AD301' -> Floor '5'
[2026-08-12 14:07:22] Tag Change: ID '00E20047175CC068217A1701' -> Floor '6'
[2026-08-12 14:07:23] Status Updated: Floor '6'
[2026-08-12 14:07:24] Tag Change: ID '00E2004717964068217DAF01' -> Floor '6'
[2026-08-12 14:08:44] Tag Change: ID '00E20047175A80682179F301' -> Floor '4'
[2026-08-12 14:08:44] Tag flapping: suppressed 2 repeated tag-change log lines in the last 75s
[2026-08-12 14:08:46] Tag Change: ID '00E2004717A0C068217E5701' -> Floor '3'
[2026-08-12 14:08:47] Status Updated: Floor '3'
[2026-08-12 14:08:47] Tag Change: ID '00E20047179C4068217E0F01' -> Floor '2'
[2026-08-12 14:08:48] Tag Change: ID '00' -> Floor 'Unknown'
[2026-08-12 14:08:50] Status Updated: Floor '2'
[2026-08-12 14:09:02] Tag Change: ID '00E200471775B068217BA601' -> Floor '1'
[2026-08-12 14:09:04] Tag Change: ID '00E2004717A00068217E4B01' -> Floor '-1'
[2026-08-12 14:09:10] Tag Change: ID '00E2004707E01060270EE401' -> Floor '-3'
[2026-08-12 14:09:11] Status Updated: Floor '-3'
[2026-08-12 14:09:12] Tag Change: ID '00E2004707E05060270EE801' -> Floor '-3'
[2026-08-12 14:09:21] Tag Change: ID '00E2004707DF5060270ED801' -> Floor '-3'
[2026-08-12 14:09:56] Tag Change: ID '00E2004717A40068217E8B01' -> Floor '-1'
[2026-08-12 14:09:56] Tag flapping: suppressed 36 repeated tag-change log lines in the last 66s
[2026-08-12 14:10:11] Status Updated: Floor '-1'
[2026-08-12 14:10:14] Tag Change: ID '00E2004717AC4068217F0F01' -> Floor '-1'
[2026-08-12 14:10:15] Tag Change: ID '00E2004717A54068217E9F01' -> Floor '0'
[2026-08-12 14:10:16] Tag Change: ID '00E20047176CC068217B1701' -> Floor '1'
[2026-08-12 14:10:16] Tag Change: ID '00E200471768C068217AD701' -> Floor '1'
[2026-08-12 14:10:17] Status Updated: Floor '1'
[2026-08-12 14:10:17] Tag Change: ID '00E20047175A40682179EF01' -> Floor '2'
[2026-08-12 14:10:17] Tag Change: ID '00E20047179C4068217E0F01' -> Floor '2'
[2026-08-12 14:10:18] Status Updated: Floor '2'
[2026-08-12 14:10:22] Tag Change: ID '00E2004717964068217DAF01' -> Floor '6'
[2026-08-12 14:10:22] Tag Change: ID '00E2004717A60068217EAB01' -> Floor '7'
[2026-08-12 14:10:23] Tag Change: ID '00E2004717638068217A8301' -> Floor '7'
[2026-08-12 14:10:23] Status Updated: Floor '7'
[2026-08-12 14:10:23] Tag Change: ID '00E20047177A3068217BEE01' -> Floor '8'
[2026-08-12 14:10:25] Tag Change: ID '00E2004717767068217BB201' -> Floor '8'
[2026-08-12 14:10:25] Status Updated: Floor '8'
[2026-08-12 14:11:30] Tag Change: ID '00E20047175F4068217A3F01' -> Floor '7'
[2026-08-12 14:11:30] Status Updated: Floor '7'
[2026-08-12 14:11:31] Tag Change: ID '00E2004717688068217AD301' -> Floor '5'
[2026-08-12 14:11:32] Status Updated: Floor '5'
[2026-08-12 14:11:36] Tag Change: ID '00E20047189E4068218E2F01' -> Floor '4'
[2026-08-12 14:11:36] Status Updated: Floor '4'
[2026-08-12 14:11:50] Tag Change: ID '00E20047175A80682179F301' -> Floor '4'
[2026-08-12 14:11:53] Tag Change: ID '00E20047176CC068217B1701' -> Floor '1'
[2026-08-12 14:11:54] Tag Change: ID '00E2004717A54068217E9F01' -> Floor '0'
[2026-08-12 14:11:57] Tag Change: ID '00E2004717A00068217E4B01' -> Floor '-1'
[2026-08-12 14:11:57] Status Updated: Floor '-1'
[2026-08-12 14:12:12] Tag Change: ID '00E2004717A40068217E8B01' -> Floor '-1'
[2026-08-12 14:12:25] Tag Change: ID '00E200471736C0682177B701' -> Floor '-1'
[2026-08-12 14:12:28] Status Updated: Floor '0'
[2026-08-12 14:12:39] Tag Change: ID '00E2004717AC4068217F0F01' -> Floor '-1'
[2026-08-12 14:12:51] Status Updated: Floor '-1'
[2026-08-12 14:12:58] Tag Change: ID '00E2004707DF5060270ED801' -> Floor '-3'
[2026-08-12 14:12:58] Tag Change: ID '00E2004707E01060270EE401' -> Floor '-3'
[2026-08-12 14:12:59] Status Updated: Floor '-3'
[2026-08-12 14:13:01] Tag Change: ID '00E2004707E05060270EE801' -> Floor '-3'
[2026-08-12 14:13:18] Tag Change: ID '00E2004717A54068217E9F01' -> Floor '0'
[2026-08-12 14:13:19] Status Updated: Floor '0'
[2026-08-12 14:13:49] Tag Change: ID '00E2004717A40068217E8B01' -> Floor '-1'
[2026-08-12 14:13:49] Tag flapping: suppressed 10 repeated tag-change log lines in the last 81s
[2026-08-12 14:13:50] Status Updated: Floor '-1'
[2026-08-12 14:14:02] Tag Change: ID '00E2004717A48068217E9301' -> Floor '-2'
[2026-08-12 14:14:04] Tag Change: ID '00E2004707E05060270EE801' -> Floor '-3'
[2026-08-12 14:14:06] Status Updated: Floor '-3'
[2026-08-12 14:14:07] Tag Change: ID '00E2004707E01060270EE401' -> Floor '-3'
[2026-08-12 14:14:19] Tag Change: ID '00E2004717A00068217E4B01' -> Floor '-1'
[2026-08-12 14:14:24] Tag Change: ID '00E20047175A40682179EF01' -> Floor '2'
[2026-08-12 14:14:25] Tag Change: ID '00E2004718A58068218EA301' -> Floor '3'
[2026-08-12 14:14:28] Tag Change: ID '00E20047189E4068218E2F01' -> Floor '4'
[2026-08-12 14:14:29] Status Updated: Floor '4'
[2026-08-12 14:14:42] Tag Change: ID '00E2004718A2C068218E7701' -> Floor '4'
[2026-08-12 14:14:47] Tag Change: ID '00E200471775B068217BA601' -> Floor '1'
[2026-08-12 14:14:51] Tag Change: ID '00E2004717A54068217E9F01' -> Floor '0'
[2026-08-12 14:14:52] Status Updated: Floor '0'
[2026-08-12 14:15:22] Tag Change: ID '00E2004717A40068217E8B01' -> Floor '-1'
[2026-08-12 14:15:22] Tag flapping: suppressed 3 repeated tag-change log lines in the last 72s
[2026-08-12 14:15:23] Status Updated: Floor '-1'
[2026-08-12 14:15:38] Tag Change: ID '00E2004717AD8068217F2301' -> Floor '-2'
[2026-08-12 14:15:46] Tag Change: ID '00E2004717A48068217E9301' -> Floor '-2'
[2026-08-12 14:15:46] Status Updated: Floor '-2'
[2026-08-12 14:15:47] Tag Change: ID '00E2004707DF5060270ED801' -> Floor '-3'
[2026-08-12 14:15:47] Tag Change: ID '00E2004707E05060270EE801' -> Floor '-3'
[2026-08-12 14:15:48] Status Updated: Floor '-3'
[2026-08-12 14:15:49] Tag Change: ID '00E2004707E01060270EE401' -> Floor '-3'
[2026-08-12 14:16:49] Tag Change: ID '00E2004707DF5060270ED801' -> Floor '-3'
[2026-08-12 14:16:51] Tag Change: ID '00E2004707E01060270EE401' -> Floor '-3'
[2026-08-12 14:16:51] Tag Change: ID '00E2004707E05060270EE801' -> Floor '-3'
[2026-08-12 14:16:53] Tag flapping: suppressed 57 repeated tag-change log lines in the last 60s
[2026-08-12 14:17:05] Tag Change: ID '00E2004717A9C068217EE701' -> Floor '-2'
[2026-08-12 14:17:11] Tag Change: ID '00E2004717A40068217E8B01' -> Floor '-1'
[2026-08-12 14:17:29] Status Updated: Floor '-1'
[2026-08-12 14:17:41] Status Updated: Floor '-3'
[2026-08-12 14:17:51] Tag Change: ID '00E2004707DF5060270ED801' -> Floor '-3'
[2026-08-12 14:17:51] Tag Change: ID '00E2004707E05060270EE801' -> Floor '-3'
[2026-08-12 14:17:52] Tag Change: ID '00E2004707E01060270EE401' -> Floor '-3'
[2026-08-12 14:18:01] Tag flapping: suppressed 16 repeated tag-change log lines in the last 63s
[2026-08-12 14:18:20] Tag Change: ID '00E200471736C0682177B701' -> Floor '-1'
[2026-08-12 14:18:23] Tag Change: ID '00E200471768C068217AD701' -> Floor '1'
[2026-08-12 14:18:24] Tag Change: ID '00E200471741406821785F01' -> Floor '2'
[2026-08-12 14:18:25] Tag Change: ID '00E2004717A0C068217E5701' -> Floor '3'
[2026-08-12 14:18:25] Tag Change: ID '00E2004718A58068218EA301' -> Floor '3'
[2026-08-12 14:18:26] Status Updated: Floor '3'
[2026-08-12 14:18:27] Tag Change: ID '00E2004717684068217ACF01' -> Floor '5'
[2026-08-12 14:18:28] Tag Change: ID '00E200471777F068217BCA01' -> Floor 'Unknown'
[2026-08-12 14:18:28] Tag Change: ID '00E2004717688068217AD301' -> Floor '5'
[2026-08-12 14:18:28] Status Updated: Floor '5'
[2026-08-12 14:18:33] Tag Change: ID '00E2004717767068217BB201' -> Floor '8'
[2026-08-12 14:18:33] Status Updated: Floor '8'
[2026-08-12 14:18:53] Tag Change: ID '00E2004717964068217DAF01' -> Floor '6'
[2026-08-12 14:18:57] Status Updated: Floor '3'
[2026-08-12 14:19:00] Tag Change: ID '00E200471775B068217BA601' -> Floor '1'
[2026-08-12 14:19:01] Status Updated: Floor '1'
[2026-08-12 14:19:02] Tag Change: ID '00E2004717A54068217E9F01' -> Floor '0'
[2026-08-12 14:19:03] Status Updated: Floor '0'
[2026-08-12 14:19:22] Tag Change: ID '00E2004717A40068217E8B01' -> Floor '-1'
[2026-08-12 14:19:22] Tag flapping: suppressed 16 repeated tag-change log lines in the last 79s
[2026-08-12 14:19:28] Tag Change: ID '00E2004717A00068217E4B01' -> Floor '-1'
[2026-08-12 14:19:28] Status Updated: Floor '-1'
[2026-08-12 14:19:43] Tag Change: ID '00E2004707E01060270EE401' -> Floor '-3'
[2026-08-12 14:19:44] Tag Change: ID '00E2004707E05060270EE801' -> Floor '-3'
[2026-08-12 14:19:44] Status Updated: Floor '-3'
[2026-08-12 14:19:49] Tag Change: ID '00E2004707DF5060270ED801' -> Floor '-3'
[2026-08-12 14:20:40] Tag Change: ID '00E2004717AD8068217F2301' -> Floor '-2'
[2026-08-12 14:20:44] Status Updated: Floor '-2'
[2026-08-12 14:21:15] Tag Change: ID '00E2004707DF5060270ED801' -> Floor '-3'
[2026-08-12 14:21:15] Tag flapping: suppressed 38 repeated tag-change log lines in the last 90s
[2026-08-12 14:21:16] Status Updated: Floor '-3'
[2026-08-12 14:21:17] Tag Change: ID '00E2004707E05060270EE801' -> Floor '-3'
[2026-08-12 14:21:20] Tag Change: ID '00E2004707E01060270EE401' -> Floor '-3'
[2026-08-12 14:21:48] Status Updated: Floor '-2'
[2026-08-12 14:22:29] Tag Change: ID '00E2004717A40068217E8B01' -> Floor '-1'
[2026-08-12 14:22:29] Tag flapping: suppressed 17 repeated tag-change log lines in the last 71s
[2026-08-12 14:22:42] Status Updated: Floor '-1'
[2026-08-12 14:23:18] Tag Change: ID '00E2004717A00068217E4B01' -> Floor '-1'
[2026-08-12 14:23:21] Tag Change: ID '00E200471775B068217BA601' -> Floor '1'
[2026-08-12 14:23:28] Tag Change: ID '00E20047179C4068217E0F01' -> Floor '2'
[2026-08-12 14:23:36] Status Updated: Floor '2'
[2026-08-12 14:24:20] Tag Change: ID '00E2004718A58068218EA301' -> Floor '3'
[2026-08-12 14:24:22] Tag Change: ID '00E2004717684068217ACF01' -> Floor '5'
[2026-08-12 14:24:23] Tag Change: ID '00E20047175CC068217A1701' -> Floor '6'
[2026-08-12 14:24:24] Tag Change: ID '00E20047175F4068217A3F01' -> Floor '7'
[2026-08-12 14:24:25] Tag Change: ID '00E20047177A3068217BEE01' -> Floor '8'
[2026-08-12 14:24:27] Tag Change: ID '00E2004717767068217BB201' -> Floor '8'
[2026-08-12 14:24:27] Status Updated: Floor '8'
[2026-08-12 14:24:42] Tag Change: ID '00E2004717710068217B5B00' -> Floor '8'
[2026-08-12 14:24:43] Tag Change: ID '00E2004717638068217A8301' -> Floor '7'
[2026-08-12 14:24:44] Status Updated: Floor '7'
[2026-08-12 14:24:45] Status Updated: Floor '6'
[2026-08-12 14:24:47] Tag Change: ID '00E2004718A2C068218E7701' -> Floor '4'
[2026-08-12 14:24:47] Tag Change: ID '00E20047175A80682179F301' -> Floor '4'
[2026-08-12 14:24:48] Status Updated: Floor '4'
[2026-08-12 14:24:49] Tag Change: ID '00E20047175A40682179EF01' -> Floor '2'
[2026-08-12 14:24:53] Tag Change: ID '00E2004717A54068217E9F01' -> Floor '0'
[2026-08-12 14:24:54] Status Updated: Floor '0'
[2026-08-12 14:25:08] Tag Change: ID '00E2004717AC4068217F0F01' -> Floor '-1'
[2026-08-12 14:25:16] Tag Change: ID '00E2004717A40068217E8B01' -> Floor '-1'
[2026-08-12 14:25:16] Status Updated: Floor '-1'
[2026-08-12 14:25:32] Tag Change: ID '00E2004717AD8068217F2301' -> Floor '-2'
[2026-08-12 14:25:36] Status Updated: Floor '-2'
[2026-08-12 14:26:18] Tag Change: ID '00E20047175A40682179EF01' -> Floor '2'
[2026-08-12 14:26:18] Tag flapping: suppressed 3 repeated tag-change log lines in the last 94s
[2026-08-12 14:26:19] Tag Change: ID '00E2004718A58068218EA301' -> Floor '3'
[2026-08-12 14:26:25] Tag Change: ID '00E2004717710068217B5B00' -> Floor '8'
[2026-08-12 14:26:26] Tag Change: ID '00E2004717767068217BB201' -> Floor '8'
[2026-08-12 14:26:27] Status Updated: Floor '8'
[2026-08-12 14:26:43] Tag Change: ID '00E2004717638068217A8301' -> Floor '7'
[2026-08-12 14:26:45] Tag Change: ID '00E2004717964068217DAF01' -> Floor '6'
[2026-08-12 14:26:45] Status Updated: Floor '6'
[2026-08-12 14:27:09] Tag Change: ID '00E2004717688068217AD301' -> Floor '5'
[2026-08-12 14:27:11] Tag Change: ID '00E20047175A80682179F301' -> Floor '4'
[2026-08-12 14:27:14] Tag Change: ID '00E20047179C4068217E0F01' -> Floor '2'
[2026-08-12 14:27:17] Status Updated: Floor '2'
[2026-08-12 14:27:28] Tag Change: ID '00E20047175A40682179EF01' -> Floor '2'
[2026-08-12 14:27:31] Tag Change: ID '00E2004717A54068217E9F01' -> Floor '0'
[2026-08-12 14:27:31] Tag Change: ID '00E2004717AC4068217F0F01' -> Floor '-1'
[2026-08-12 14:27:33] Tag Change: ID '00E2004717A00068217E4B01' -> Floor '-1'
[2026-08-12 14:27:34] Status Updated: Floor '-1'
[2026-08-12 14:27:40] Tag Change: ID '00E2004717A40068217E8B01' -> Floor '-1'
[2026-08-12 14:27:55] Tag Change: ID '00E2004707E01060270EE401' -> Floor '-3'
[2026-08-12 14:27:56] Status Updated: Floor '-3'
[2026-08-12 14:27:58] Tag Change: ID '00E2004707E05060270EE801' -> Floor '-3'
[2026-08-12 14:28:04] Tag Change: ID '00E2004707DF5060270ED801' -> Floor '-3'
[2026-08-12 14:28:42] Tag Change: ID '00E2004717A9C068217EE701' -> Floor '-2'
[2026-08-12 14:28:45] Tag Change: ID '00E2004717A00068217E4B01' -> Floor '-1'
[2026-08-12 14:28:46] Tag Change: ID '00E200471736C0682177B701' -> Floor '-1'
[2026-08-12 14:28:46] Status Updated: Floor '-1'
[2026-08-12 14:28:47] Tag Change: ID '00E2004717AC4068217F0F01' -> Floor '-1'
[2026-08-12 14:28:49] Tag Change: ID '00E200471768C068217AD701' -> Floor '1'
[2026-08-12 14:28:50] Tag Change: ID '00E20047179C4068217E0F01' -> Floor '2'
[2026-08-12 14:28:50] Tag Change: ID '00E2004717A0C068217E5701' -> Floor '3'
[2026-08-12 14:28:53] Tag Change: ID '00E2004718A58068218EA301' -> Floor '3'
[2026-08-12 14:28:53] Status Updated: Floor '3'
[2026-08-12 14:29:14] Tag Change: ID '00E20047176CC068217B1701' -> Floor '1'
[2026-08-12 14:29:14] Tag flapping: suppressed 28 repeated tag-change log lines in the last 74s
[2026-08-12 14:29:15] Tag Change: ID '00E200471775B068217BA601' -> Floor '1'
[2026-08-12 14:29:15] Status Updated: Floor '1'
[2026-08-12 14:29:17] Status Updated: Floor '-1'
[2026-08-12 14:29:22] Tag Change: ID '00E2004717A40068217E8B01' -> Floor '-1'
[2026-08-12 14:29:38] Tag Change: ID '00E2004717A54068217E9F01' -> Floor '0'
[2026-08-12 14:29:39] Status Updated: Floor '0'
[2026-08-12 14:29:50] Status Updated: Floor '1'
[2026-08-12 14:29:54] Tag Change: ID '00E200471768C068217AD701' -> Floor '1'
[2026-08-12 14:30:21] Tag Change: ID '00E20047176CC068217B1701' -> Floor '1'
[2026-08-12 14:30:21] Tag flapping: suppressed 24 repeated tag-change log lines in the last 64s
[2026-08-12 14:31:03] Tag Change: ID '00E200471768C068217AD701' -> Floor '1'
[2026-08-12 14:31:27] Tag Change: ID '00E20047176CC068217B1701' -> Floor '1'
[2026-08-12 14:31:27] Tag flapping: suppressed 20 repeated tag-change log lines in the last 65s
[2026-08-12 14:32:05] Tag Change: ID '00E200471768C068217AD701' -> Floor '1'
[2026-08-12 14:32:12] Tag Change: ID '00E2004717A00068217E4B01' -> Floor '-1'
[2026-08-12 14:32:24] Tag Change: ID '00E2004717A40068217E8B01' -> Floor '-1'
[2026-08-12 14:32:24] Status Updated: Floor '-1'
[2026-08-12 14:32:31] Tag Change: ID '00E2004707DF5060270ED801' -> Floor '-3'
[2026-08-12 14:32:31] Tag flapping: suppressed 18 repeated tag-change log lines in the last 64s
[2026-08-12 14:32:32] Tag Change: ID '00E2004707E01060270EE401' -> Floor '-3'
[2026-08-12 14:32:33] Status Updated: Floor '-3'
[2026-08-12 14:32:35] Tag Change: ID '00E2004707E05060270EE801' -> Floor '-3'
[2026-08-12 14:33:05] Status Updated: Floor '-1'
[2026-08-12 14:33:13] Tag Change: ID '00E200471775B068217BA601' -> Floor '1'
[2026-08-12 14:33:14] Tag Change: ID '00E20047176CC068217B1701' -> Floor '1'
[2026-08-12 14:33:14] Status Updated: Floor '1'
[2026-08-12 14:33:15] Tag Change: ID '00E20047175A40682179EF01' -> Floor '2'
[2026-08-12 14:33:17] Tag Change: ID '00E20047179C4068217E0F01' -> Floor '2'
[2026-08-12 14:33:18] Status Updated: Floor '2'
[2026-08-12 14:34:57] Tag Change: ID '00E200471741406821785F01' -> Floor '2'
[2026-08-12 14:34:57] Tag flapping: suppressed 15 repeated tag-change log lines in the last 140s
[2026-08-12 14:34:57] Tag Change: ID '00E200471768C068217AD701' -> Floor '1'
[2026-08-12 14:34:59] Tag Change: ID '00E200471775B068217BA601' -> Floor '1'
[2026-08-12 14:34:59] Status Updated: Floor '1'
[2026-08-12 14:35:08] Tag Change: ID '00E2004707DF5060270ED801' -> Floor '-3'
[2026-08-12 14:35:08] Tag Change: ID '00E2004707E01060270EE401' -> Floor '-3'
[2026-08-12 14:35:08] Status Updated: Floor '-3'
[2026-08-12 14:35:12] Tag Change: ID '00E2004707E05060270EE801' -> Floor '-3'
[2026-08-12 14:35:21] Tag Change: ID '00E2004717A48068217E9301' -> Floor '-2'
[2026-08-12 14:35:26] Tag Change: ID '00E2004717A40068217E8B01' -> Floor '-1'
[2026-08-12 14:35:26] Status Updated: Floor '-1'
[2026-08-12 14:35:44] Tag Change: ID '00E2004717A00068217E4B01' -> Floor '-1'
[2026-08-12 14:36:29] Tag flapping: suppressed 17 repeated tag-change log lines in the last 77s
[2026-08-12 14:36:36] Tag Change: ID '00E2004717A54068217E9F01' -> Floor '0'
[2026-08-12 14:36:37] Status Updated: Floor '0'
[2026-08-12 14:36:52] Tag Change: ID '00E200471736C0682177B701' -> Floor '-1'
[2026-08-12 14:36:53] Status Updated: Floor '-1'
[2026-08-12 14:36:53] Tag Change: ID '00E2004717A00068217E4B01' -> Floor '-1'
[2026-08-12 14:37:01] Tag Change: ID '00E2004717A40068217E8B01' -> Floor '-1'
[2026-08-12 14:37:08] Tag Change: ID '00E2004717A90068217EDB01' -> Floor 'Unknown'
[2026-08-12 14:37:13] Tag Change: ID '00E2004717AD8068217F2301' -> Floor '-2'
[2026-08-12 14:37:17] Status Updated: Floor '-2'
[2026-08-12 14:37:25] Tag Change: ID '00E2004717A9C068217EE701' -> Floor '-2'
[2026-08-12 14:37:28] Tag Change: ID '00E2004707DF5060270ED801' -> Floor '-3'
[2026-08-12 14:37:29] Tag Change: ID '00E2004707E05060270EE801' -> Floor '-3'
[2026-08-12 14:37:29] Status Updated: Floor '-3'
[2026-08-12 14:37:29] Tag Change: ID '00E2004707E01060270EE401' -> Floor '-3'
[2026-08-12 14:37:59] Status Updated: Floor '-1'
[2026-08-12 14:38:00] Tag Change: ID '00E2004717A00068217E4B01' -> Floor '-1'
[2026-08-12 14:38:00] Tag Change: ID '00E200471736C0682177B701' -> Floor '-1'
[2026-08-12 14:38:02] Tag Change: ID '00E2004717AC4068217F0F01' -> Floor '-1'
[2026-08-12 14:38:04] Tag Change: ID '00E2004717A54068217E9F01' -> Floor '0'
[2026-08-12 14:38:06] Status Updated: Floor '0'
[2026-08-12 14:38:16] Tag Change: ID '00E2004717A0C068217E5701' -> Floor '3'
[2026-08-12 14:38:17] Tag Change: ID '00E2004717A7C068217EC701' -> Floor '3'
[2026-08-12 14:38:23] Status Updated: Floor '3'
[2026-08-12 14:38:25] Tag Change: ID '00E200471744006821788B01' -> Floor '9'
[2026-08-12 14:38:26] Status Updated: Floor '9'
[2026-08-12 14:38:41] Tag Change: ID '00E20047175F4068217A3F01' -> Floor '7'
[2026-08-12 14:38:41] Tag flapping: suppressed 8 repeated tag-change log lines in the last 69s
[2026-08-12 14:38:42] Tag Change: ID '00E20047175CC068217A1701' -> Floor '6'
[2026-08-12 14:38:43] Tag Change: ID '00E200471897C068218DC701' -> Floor '5'
[2026-08-12 14:38:46] Tag Change: ID '00E2004718A58068218EA301' -> Floor '3'
[2026-08-12 14:38:47] Status Updated: Floor '3'
[2026-08-12 14:39:02] Tag Change: ID '00E20047175A40682179EF01' -> Floor '2'
[2026-08-12 14:39:06] Tag Change: ID '00E2004717A54068217E9F01' -> Floor '0'
[2026-08-12 14:39:07] Status Updated: Floor '0'
[2026-08-12 14:39:22] Tag Change: ID '00E2004717A00068217E4B01' -> Floor '-1'
[2026-08-12 14:39:26] Tag Change: ID '00E2004717A40068217E8B01' -> Floor '-1'
[2026-08-12 14:39:27] Status Updated: Floor '-1'
[2026-08-12 14:39:55] Tag Change: ID '00E2004707E01060270EE401' -> Floor '-3'
[2026-08-12 14:39:56] Status Updated: Floor '-3'
[2026-08-12 14:39:58] Tag Change: ID '00E2004707E05060270EE801' -> Floor '-3'
[2026-08-12 14:40:02] Tag Change: ID '00E2004707DF5060270ED801' -> Floor '-3'
[2026-08-12 14:40:16] Tag Change: ID '00E2004717A90068217EDB01' -> Floor 'Unknown'
[2026-08-12 14:40:34] Status Updated: Floor '-1'
[2026-08-12 14:40:48] Tag Change: ID '00E2004717A00068217E4B01' -> Floor '-1'
[2026-08-12 14:40:49] Tag Change: ID '00E2004717A40068217E8B01' -> Floor '-1'
[2026-08-12 14:41:11] Tag Change: ID '00E2004717AD8068217F2301' -> Floor '-2'
[2026-08-12 14:41:11] Tag flapping: suppressed 9 repeated tag-change log lines in the last 67s
[2026-08-12 14:41:24] Status Updated: Floor '-2'
[2026-08-12 14:41:27] Tag Change: ID '00E2004707DF5060270ED801' -> Floor '-3'
[2026-08-12 14:41:29] Tag Change: ID '00E2004707E05060270EE801' -> Floor '-3'
[2026-08-12 14:41:35] Status Updated: Floor '-3'
[2026-08-12 14:41:38] Tag Change: ID '00E2004707E01060270EE401' -> Floor '-3'
[2026-08-12 14:41:42] Tag Change: ID '00E2004717A48068217E9301' -> Floor '-2'
[2026-08-12 14:41:53] Tag Change: ID '00E2004717A40068217E8B01' -> Floor '-1'
[2026-08-12 14:42:01] Tag Change: ID '00E2004717A00068217E4B01' -> Floor '-1'
[2026-08-12 14:42:02] Status Updated: Floor '-1'
[2026-08-12 14:42:08] Tag Change: ID '00E200471768C068217AD701' -> Floor '1'
[2026-08-12 14:42:08] Status Updated: Floor '1'
[2026-08-12 14:42:15] Tag Change: ID '00E20047176CC068217B1701' -> Floor '1'
[2026-08-12 14:42:21] Tag Change: ID '00E200471741406821785F01' -> Floor '2'
[2026-08-12 14:42:26] Tag Change: ID '00E20047179C4068217E0F01' -> Floor '2'
[2026-08-12 14:42:27] Status Updated: Floor '2'
[2026-08-12 14:42:27] Tag Change: ID '00E20047179C4068217E' -> Floor 'Unknown'
[2026-08-12 14:42:37] Tag Change: ID '00E2004717A0C068217E5701' -> Floor '3'
[2026-08-12 14:42:38] Status Updated: Floor '3'
[2026-08-12 14:42:39] Tag Change: ID '00E2004718A58068218EA301' -> Floor '3'
[2026-08-12 14:43:22] Tag flapping: suppressed 7 repeated tag-change log lines in the last 102s
[2026-08-12 14:43:25] Tag Change: ID '00E200471775B068217BA601' -> Floor '1'
[2026-08-12 14:43:26] Status Updated: Floor '1'
[2026-08-12 14:43:27] Tag Change: ID '00E2004717A54068217E9F01' -> Floor '0'
[2026-08-12 14:43:28] Status Updated: Floor '0'
[2026-08-12 14:43:45] Tag Change: ID '00E2004717A00068217E4B01' -> Floor '-1'
[2026-08-12 14:43:51] Tag Change: ID '00E2004717A40068217E8B01' -> Floor '-1'
[2026-08-12 14:43:51] Status Updated: Floor '-1'
[2026-08-12 14:44:09] Tag Change: ID '00E2004717A48068217E9301' -> Floor '-2'
[2026-08-12 14:44:10] Tag Change: ID '00E2004707E01060270EE401' -> Floor '-3'
[2026-08-12 14:44:12] Tag Change: ID '00E2004707E05060270EE801' -> Floor '-3'
[2026-08-12 14:44:17] Status Updated: Floor '-3'
[2026-08-12 14:44:32] Tag Change: ID '00E2004717AC4068217F0F01' -> Floor '-1'
[2026-08-12 14:44:33] Tag Change: ID '00E200471775B068217BA601' -> Floor '1'
[2026-08-12 14:44:36] Tag Change: ID '00E2004717A7C068217EC701' -> Floor '3'
[2026-08-12 14:44:38] Tag Change: ID '00E200471897C068218DC701' -> Floor '5'
[2026-08-12 14:44:39] Tag Change: ID '00E2004717684068217ACF01' -> Floor '5'
[2026-08-12 14:44:39] Status Updated: Floor '5'
[2026-08-12 14:44:43] Tag Change: ID '00E2004717638068217A8301' -> Floor '7'
[2026-08-12 14:44:44] Status Updated: Floor '7'
[2026-08-12 14:46:29] Tag Change: ID '00E2004717964068217DAF01' -> Floor '6'
[2026-08-12 14:46:29] Tag flapping: suppressed 4 repeated tag-change log lines in the last 129s
[2026-08-12 14:46:31] Tag Change: ID '00E200471897C068218DC701' -> Floor '5'
[2026-08-12 14:46:32] Status Updated: Floor '5'
[2026-08-12 14:46:33] Tag Change: ID '00E20047189E4068218E2F01' -> Floor '4'
[2026-08-12 14:46:34] Status Updated: Floor '4'
[2026-08-12 14:46:55] Tag Change: ID '00E2004717A00068217E4B01' -> Floor '-1'
[2026-08-12 14:46:56] Status Updated: Floor '-1'
[2026-08-12 14:47:02] Tag Change: ID '00E2004717A40068217E8B01' -> Floor '-1'
[2026-08-12 14:48:16] Tag Change: ID '00E200471736C0682177B701' -> Floor '-1'
[2026-08-12 14:48:19] Tag Change: ID '00E2004717A54068217E9F01' -> Floor '0'
[2026-08-12 14:48:19] Status Updated: Floor '0'
[2026-08-12 14:48:20] Tag Change: ID '00E20047' -> Floor 'Unknown'
[2026-08-12 14:48:42] Tag Change: ID '00E2004717A40068217E8B01' -> Floor '-1'
[2026-08-12 14:48:45] Status Updated: Floor '-1'
[2026-08-12 14:48:49] Tag Change: ID '00E2004717A00068217E4B01' -> Floor '-1'
[2026-08-12 14:48:51] Tag Change: ID '00E200471775B068217BA601' -> Floor '1'
[2026-08-12 14:48:53] Tag Change: ID '00E200471741406821785F01' -> Floor '2'
[2026-08-12 14:48:59] Tag Change: ID '00E20047179C4068217E0F01' -> Floor '2'
[2026-08-12 14:48:59] Status Updated: Floor '2'
[2026-08-12 14:50:22] Tag Change: ID '00E20047175A40682179EF01' -> Floor '2'
[2026-08-12 14:50:22] Tag flapping: suppressed 1 repeated tag-change log lines in the last 120s
[2026-08-12 14:50:23] Tag Change: ID '00E200471741406821785F01' -> Floor '2'
[2026-08-12 14:50:34] Tag Change: ID '00E2004717AD8068217F2301' -> Floor '-2'
[2026-08-12 14:50:42] Status Updated: Floor '-2'
[2026-08-12 14:50:50] Tag Change: ID '00E2004717A54068217E9F01' -> Floor '0'
[2026-08-12 14:50:50] Tag Change: ID '00E200471775B068217BA601' -> Floor '1'
[2026-08-12 14:50:51] Tag Change: ID '00E20047176CC068217B1701' -> Floor '1'
[2026-08-12 14:50:52] Status Updated: Floor '1'
[2026-08-12 14:50:56] Tag Change: ID '00E2004717684068217ACF01' -> Floor '5'
[2026-08-12 14:50:58] Tag Change: ID '00E20047175F4068217A3F01' -> Floor '7'
[2026-08-12 14:50:59] Tag Change: ID '00E20047177A3068217BEE01' -> Floor '8'
[2026-08-12 14:51:01] Tag Change: ID '00E2004717767068217BB201' -> Floor '8'
[2026-08-12 14:51:03] Status Updated: Floor '8'
[2026-08-12 14:51:53] Tag Change: ID '00E2004717' -> Floor 'Unknown'
[2026-08-12 14:52:42] Tag Change: ID '00E20047177A3068217BEE01' -> Floor '8'
[2026-08-12 14:52:45] Tag Change: ID '00E2004717684068217ACF01' -> Floor '5'
[2026-08-12 14:52:47] Tag Change: ID '00E2004717A7C068217EC701' -> Floor '3'
[2026-08-12 14:52:49] Tag Change: ID '00E20047175A40682179EF01' -> Floor '2'
[2026-08-12 14:52:49] Tag Change: ID '00E200471768C068217AD701' -> Floor '1'
[2026-08-12 14:52:51] Tag Change: ID '00E2004717AC4068217F0F01' -> Floor '-1'
[2026-08-12 14:52:57] Tag Change: ID '00E2004717A48068217E9301' -> Floor '-2'
[2026-08-12 14:52:57] Tag flapping: suppressed 1 repeated tag-change log lines in the last 62s
[2026-08-12 14:52:58] Tag Change: ID '00E2004707DF5060270ED801' -> Floor '-3'
[2026-08-12 14:53:03] Status Updated: Floor '-3'
[2026-08-12 14:53:04] Tag Change: ID '00E2004707E05060270EE801' -> Floor '-3'
[2026-08-12 14:53:06] Tag Change: ID '00E2004707E01060270EE401' -> Floor '-3'
[2026-08-12 14:53:06] Tag Change: ID '00E2004707E0506027' -> Floor 'Unknown'
[2026-08-12 14:53:14] Tag Change: ID '00E2004717A90068217EDB01' -> Floor 'Unknown'
[2026-08-12 14:53:17] Tag Change: ID '00E2004717A40068217E8B01' -> Floor '-1'
[2026-08-12 14:53:19] Status Updated: Floor '-1'
[2026-08-12 14:53:37] Tag Change: ID '00E2004717A00068217E4B01' -> Floor '-1'
[2026-08-12 14:53:38] Tag Change: ID '00E200471736C0682177B701' -> Floor '-1'
[2026-08-12 14:53:41] Tag Change: ID '00E2004717A54068217E9F01' -> Floor '0'
[2026-08-12 14:53:41] Status Updated: Floor '0'
[2026-08-12 14:53:53] Tag Change: ID '00E200471775B068217BA601' -> Floor '1'
[2026-08-12 14:53:54] Status Updated: Floor '1'
[2026-08-12 14:53:57] Tag Change: ID '00E2004717A0C068217E5701' -> Floor '3'
[2026-08-12 14:53:59] Tag Change: ID '00E20047189E4068218E2F01' -> Floor '4'
[2026-08-12 14:53:59] Tag Change: ID '00E200471897C068218DC701' -> Floor '5'
[2026-08-12 14:53:59] Tag Change: ID '00E2004717684068217ACF01' -> Floor '5'
[2026-08-12 14:54:00] Status Updated: Floor '5'
[2026-08-12 14:54:06] Tag Change: ID '00E2004717638068217A8301' -> Floor '7'
[2026-08-12 14:54:06] Tag flapping: suppressed 5 repeated tag-change log lines in the last 60s
[2026-08-12 14:54:07] Status Updated: Floor '7'
[2026-08-12 14:54:18] Tag Change: ID '00E20047177A3068217BEE01' -> Floor '8'
[2026-08-12 14:54:19] Status Updated: Floor '8'
[2026-08-12 14:54:19] Tag Change: ID '00E2004717767068217BB201' -> Floor '8'
[2026-08-12 14:54:20] Tag Change: ID '00E2004717773068217BBE01' -> Floor '9'
[2026-08-12 14:54:21] Status Updated: Floor '9'
[2026-08-12 14:54:22] Tag Change: ID '00E200471744006821788B01' -> Floor '9'
[2026-08-12 14:54:35] Tag Change: ID '00E20047177A7068217BF201' -> Floor '9'
[2026-08-12 14:54:39] Tag Change: ID '00E200471777F068217BCA01' -> Floor 'Unknown'
[2026-08-12 14:54:41] Tag Change: ID '00E20047175A80682179F301' -> Floor '4'
[2026-08-12 14:54:41] Status Updated: Floor '4'
[2026-08-12 14:54:59] Tag Change: ID '00E2004717A40068217E8B01' -> Floor '-1'
[2026-08-12 14:55:00] Status Updated: Floor '-1'
[2026-08-12 14:55:36] Tag Change: ID '00E2004707DF5060270ED801' -> Floor '-3'
[2026-08-12 14:55:36] Tag flapping: suppressed 3 repeated tag-change log lines in the last 60s
[2026-08-12 14:55:37] Tag Change: ID '00E2004707E01060270EE401' -> Floor '-3'
[2026-08-12 14:55:38] Status Updated: Floor '-3'
[2026-08-12 14:55:41] Tag Change: ID '00E2004707E05060270EE801' -> Floor '-3'
[2026-08-12 14:56:39] Tag Change: ID '00E2004707E01060270EE401' -> Floor '-3'
[2026-08-12 14:56:45] Tag Change: ID '00E2004707DF5060270ED801' -> Floor '-3'
[2026-08-12 14:56:45] Tag flapping: suppressed 46 repeated tag-change log lines in the last 65s
[2026-08-12 14:56:47] Tag Change: ID '00E2004707E05060270EE801' -> Floor '-3'
[2026-08-12 14:57:13] Tag Change: ID '00E2004717A48068217E9301' -> Floor '-2'
[2026-08-12 14:57:20] Tag Change: ID '00E2004717A40068217E8B01' -> Floor '-1'
[2026-08-12 14:57:36] Tag Change: ID '00E2004717A54068217E9F01' -> Floor '0'
[2026-08-12 14:57:38] Tag Change: ID '00E20047176CC068217B1701' -> Floor '1'
[2026-08-12 14:57:40] Tag Change: ID '00E20047175A40682179EF01' -> Floor '2'
[2026-08-12 14:57:43] Tag Change: ID '00E20047179C4068217E0F01' -> Floor '2'
[2026-08-12 14:57:50] Status Updated: Floor '2'
[2026-08-12 14:57:58] Tag Change: ID '00E200471741406821785F01' -> Floor '2'
[2026-08-12 14:57:58] Tag flapping: suppressed 27 repeated tag-change log lines in the last 72s
[2026-08-12 14:58:13] Tag Change: ID '00E2004717A00068217E4B01' -> Floor '-1'
[2026-08-12 14:58:30] Tag Change: ID '00E200471768C068217AD701' -> Floor '1'
[2026-08-12 14:58:46] Tag Change: ID '00E20047175A40682179EF01' -> Floor '2'
[2026-08-12 14:58:49] Tag Change: ID '00E200471775B068217BA601' -> Floor '1'
[2026-08-12 14:58:49] Tag Change: ID '00E2004717A54068217E9F01' -> Floor '0'
[2026-08-12 14:59:00] Tag Change: ID '00E2004717A40068217E8B01' -> Floor '-1'
[2026-08-12 14:59:02] Status Updated: Floor '-1'
[2026-08-12 14:59:11] Status Updated: Floor '1'
[2026-08-12 14:59:11] Tag Change: ID '00E2004717A0C068217E5701' -> Floor '3'
[2026-08-12 14:59:12] Status Updated: Floor '3'
[2026-08-12 14:59:13] Tag Change: ID '00E2004718A2C068218E7701' -> Floor '4'
[2026-08-12 14:59:15] Tag Change: ID '00E2004717684068217ACF01' -> Floor '5'
[2026-08-12 14:59:16] Tag Change: ID '00E2004717688068217AD301' -> Floor '5'
[2026-08-12 14:59:17] Status Updated: Floor '5'
[2026-08-12 14:59:31] Tag Change: ID '00E20047175CC068217A1701' -> Floor '6'
[2026-08-12 14:59:31] Tag flapping: suppressed 4 repeated tag-change log lines in the last 61s
[2026-08-12 14:59:32] Tag Change: ID '00E2004717964068217DAF01' -> Floor '6'
[2026-08-12 14:59:33] Status Updated: Floor '6'
[2026-08-12 14:59:48] Tag Change: ID '00E20047175A80682179F301' -> Floor '4'
[2026-08-12 14:59:49] Tag Change: ID '00E2004718A58068218EA301' -> Floor '3'
[2026-08-12 14:59:56] Status Updated: Floor '3'
[2026-08-12 15:00:12] Tag Change: ID '00E2004717A7C068217EC701' -> Floor '3'
[2026-08-12 15:00:13] Tag Change: ID '00E2004717A0C068217E5701' -> Floor '3'
[2026-08-12 15:00:14] Tag Change: ID '00E200471741406821785F01' -> Floor '2'
[2026-08-12 15:00:15] Tag Change: ID '00E200471768C068217AD701' -> Floor '1'
[2026-08-12 15:00:19] Tag Change: ID '00E2004717A00068217E4B01' -> Floor '-1'
[2026-08-12 15:00:21] Status Updated: Floor '-1'
[2026-08-12 15:00:28] Tag Change: ID '00E2004717A40068217E8B01' -> Floor '-1'
[2026-08-12 15:00:42] Tag Change: ID '00E2004717AD8068217F2301' -> Floor '-2'
[2026-08-12 15:00:45] Status Updated: Floor '-2'
[2026-08-12 15:01:14] Tag Change: ID '00E2004717A90068217EDB01' -> Floor 'Unknown'
[2026-08-12 15:01:14] Tag flapping: suppressed 1 repeated tag-change log lines in the last 87s
[2026-08-12 15:01:34] Tag Change: ID '00E200471768C068217AD701' -> Floor '1'
[2026-08-12 15:01:34] Tag Change: ID '00E200471741406821785F01' -> Floor '2'
[2026-08-12 15:01:35] Tag Change: ID '00E2004717A0C068217E5701' -> Floor '3'
[2026-08-12 15:01:38] Tag Change: ID '00E2004718A58068218EA301' -> Floor '3'
[2026-08-12 15:01:39] Status Updated: Floor '3'
[2026-08-12 15:02:20] Tag Change: ID '00E20047179C4068217E0F01' -> Floor '2'
[2026-08-12 15:02:22] Tag Change: ID '00E200471775B068217BA601' -> Floor '1'
[2026-08-12 15:02:24] Tag Change: ID '00E2004717A00068217E4B01' -> Floor '-1'
[2026-08-12 15:02:28] Tag Change: ID '00E2004717A48068217E9301' -> Floor '-2'
[2026-08-12 15:02:28] Tag flapping: suppressed 2 repeated tag-change log lines in the last 63s
[2026-08-12 15:02:30] Status Updated: Floor '-2'
[2026-08-12 15:02:33] Tag Change: ID '00E2004707E01060270EE401' -> Floor '-3'
[2026-08-12 15:02:34] Tag Change: ID '00E2004707E05060270EE801' -> Floor '-3'
[2026-08-12 15:02:34] Status Updated: Floor '-3'
[2026-08-12 15:02:38] Tag Change: ID '00E2004707DF5060270ED801' -> Floor '-3'
[2026-08-12 15:02:59] Tag Change: ID '00E2004717A40068217E8B01' -> Floor '-1'
[2026-08-12 15:03:00] Status Updated: Floor '-1'
[2026-08-12 15:03:20] Tag Change: ID '00E20047176CC068217B1701' -> Floor '1'
[2026-08-12 15:03:20] Tag Change: ID '00E200471768C068217AD701' -> Floor '1'
[2026-08-12 15:03:21] Status Updated: Floor '1'
[2026-08-12 15:03:23] Tag Change: ID '00E2004718A58068218EA301' -> Floor '3'
[2026-08-12 15:03:23] Tag Change: ID '00E20047175A80682179F301' -> Floor '4'
[2026-08-12 15:03:25] Tag Change: ID '00E20047189E4068218E2F01' -> Floor '4'
[2026-08-12 15:03:25] Status Updated: Floor '4'
[2026-08-12 15:03:47] Tag Change: ID '00E200471897C068218DC701' -> Floor '5'
[2026-08-12 15:03:47] Tag flapping: suppressed 10 repeated tag-change log lines in the last 69s
[2026-08-12 15:03:47] Status Updated: Floor '5'
[2026-08-12 15:03:48] Tag Change: ID '00E2004717684068217ACF01' -> Floor '5'
[2026-08-12 15:03:48] Tag Change: ID '00E2004717688068217AD301' -> Floor '5'
[2026-08-12 15:03:48] Tag Change: ID '00E200471777F068217BCA01' -> Floor 'Unknown'
[2026-08-12 15:03:50] Tag Change: ID '00E20047175F4068217A3F01' -> Floor '7'
[2026-08-12 15:03:51] Tag Change: ID '00E2004717710068217B5B00' -> Floor '8'
[2026-08-12 15:03:52] Tag Change: ID '00E20047177A7068217BF201' -> Floor '9'
[2026-08-12 15:03:54] Tag Change: ID '00E200471744006821788B01' -> Floor '9'
[2026-08-12 15:04:00] Status Updated: Floor '9'
[2026-08-12 15:04:10] Tag Change: ID '00E20047177A3068217BEE01' -> Floor '8'
[2026-08-12 15:04:10] Tag Change: ID '00E2004717638068217A8301' -> Floor '7'
[2026-08-12 15:04:12] Tag Change: ID '00E20047175CC068217A1701' -> Floor '6'
[2026-08-12 15:04:14] Status Updated: Floor '5'
[2026-08-12 15:04:29] Tag Change: ID '00E20047175A80682179F301' -> Floor '4'
[2026-08-12 15:04:29] Status Updated: Floor '4'
[2026-08-12 15:04:32] Tag Change: ID '00E20047179C4068217E0F01' -> Floor '2'
[2026-08-12 15:04:37] Status Updated: Floor '2'
[2026-08-12 15:04:46] Tag Change: ID '00E20047175A40682179EF01' -> Floor '2'
[2026-08-12 15:04:49] Tag Change: ID '00E2004717A54068217E9F01' -> Floor '0'
[2026-08-12 15:04:53] Tag Change: ID '00E2004717AD8068217F2301' -> Floor '-2'
[2026-08-12 15:04:56] Tag Change: ID '00E2004707E01060270EE401' -> Floor '-3'
[2026-08-12 15:04:58] Status Updated: Floor '-3'
[2026-08-12 15:04:59] Tag Change: ID '00E2004707DF5060270ED801' -> Floor '-3'
[2026-08-12 15:04:59] Tag Change: ID '00E2004707E05060270EE801' -> Floor '-3'
[2026-08-12 15:05:18] Tag flapping: suppressed 17 repeated tag-change log lines in the last 64s
[2026-08-12 15:05:58] Tag Change: ID '00E2004717A40068217E8B01' -> Floor '-1'
[2026-08-12 15:06:16] Tag Change: ID '00E2004717A00068217E4B01' -> Floor '-1'
[2026-08-12 15:06:16] Status Updated: Floor '-1'
[2026-08-12 15:06:16] Tag Change: ID '00E200471736C0682177B701' -> Floor '-1'
[2026-08-12 15:06:19] Tag Change: ID '00E2004717A54068217E9F01' -> Floor '0'
[2026-08-12 15:06:19] Tag flapping: suppressed 21 repeated tag-change log lines in the last 60s
[2026-08-12 15:06:20] Status Updated: Floor '0'
[2026-08-12 15:06:34] Tag Change: ID '00E200471768C068217AD701' -> Floor '1'
[2026-08-12 15:06:35] Tag Change: ID '00E2004717A0C068217E5701' -> Floor '3'
[2026-08-12 15:06:35] Tag Change: ID '00E2004717A7C068217EC701' -> Floor '3'
[2026-08-12 15:06:36] Status Updated: Floor '3'
[2026-08-12 15:06:36] Tag Change: ID '00E20047175A80682179F301' -> Floor '4'
[2026-08-12 15:06:38] Tag Change: ID '00E2004717688068217AD301' -> Floor '5'
[2026-08-12 15:06:40] Tag Change: ID '00E2004717964068217DAF01' -> Floor '6'
[2026-08-12 15:06:53] Status Updated: Floor '6'
[2026-08-12 15:07:29] Tag Change: ID '00E200471736C0682177B701' -> Floor '-1'
[2026-08-12 15:07:32] Tag Change: ID '00E2004717A9C068217EE701' -> Floor '-2'
[2026-08-12 15:07:35] Tag Change: ID '00E2004707DF5060270ED801' -> Floor '-3'
[2026-08-12 15:07:35] Tag Change: ID '00E2004707E05060270EE801' -> Floor '-3'
[2026-08-12 15:07:36] Status Updated: Floor '-3'
[2026-08-12 15:07:38] Tag Change: ID '00E2004707E01060270EE401' -> Floor '-3'
[2026-08-12 15:07:47] Tag Change: ID '00E2004717A48068217E9301' -> Floor '-2'
[2026-08-12 15:07:52] Tag Change: ID '00E2004717A40068217E8B01' -> Floor '-1'
[2026-08-12 15:07:59] Status Updated: Floor '-1'
[2026-08-12 15:08:10] Tag Change: ID '00E200471768C068217AD701' -> Floor '1'
[2026-08-12 15:08:11] Tag Change: ID '00E20047175A40682179EF01' -> Floor '2'
[2026-08-12 15:08:13] Tag Change: ID '00E20047179C4068217E0F01' -> Floor '2'
[2026-08-12 15:08:14] Status Updated: Floor '2'
[2026-08-12 15:08:45] Tag Change: ID '00E2004717A0C068217E5701' -> Floor '3'
[2026-08-12 15:08:45] Tag flapping: suppressed 7 repeated tag-change log lines in the last 83s
[2026-08-12 15:08:47] Tag Change: ID '00E2004718A58068218EA301' -> Floor '3'
[2026-08-12 15:08:48] Status Updated: Floor '3'
[2026-08-12 15:09:05] Tag Change: ID '00E200471775B068217BA601' -> Floor '1'
[2026-08-12 15:09:06] Status Updated: Floor '1'
[2026-08-12 15:09:10] Tag Change: ID '00E2004717AD8068217F2301' -> Floor '-2'
[2026-08-12 15:09:12] Tag Change: ID '00E2004707DF5060270ED801' -> Floor '-3'
[2026-08-12 15:09:14] Status Updated: Floor '-3'
[2026-08-12 15:09:16] Tag Change: ID '00E2004707E01060270EE401' -> Floor '-3'
[2026-08-12 15:09:16] Tag Change: ID '00E2004707E05060270EE801' -> Floor '-3'
[2026-08-12 15:10:02] Tag Change: ID '00E2004717A48068217E9301' -> Floor '-2'
[2026-08-12 15:10:02] Tag flapping: suppressed 36 repeated tag-change log lines in the last 60s
[2026-08-12 15:10:08] Tag Change: ID '00E2004717A40068217E8B01' -> Floor '-1'
[2026-08-12 15:10:22] Tag Change: ID '00E2004717A00068217E4B01' -> Floor '-1'
[2026-08-12 15:10:22] Status Updated: Floor '-1'
[2026-08-12 15:10:24] Tag Change: ID '00E2004717AC4068217F0F01' -> Floor '-1'
[2026-08-12 15:10:25] Tag Change: ID '00E200471775B068217BA601' -> Floor '1'
[2026-08-12 15:10:26] Tag Change: ID '00E200471768C068217AD701' -> Floor '1'
[2026-08-12 15:10:27] Status Updated: Floor '1'
[2026-08-12 15:10:28] Tag Change: ID '00E2004717A0C068217E5701' -> Floor '3'
[2026-08-12 15:10:31] Tag Change: ID '00E2004717688068217AD301' -> Floor '5'
[2026-08-12 15:10:31] Tag Change: ID '00E20047175CC068217A1701' -> Floor '6'
[2026-08-12 15:10:32] Tag Change: ID '00E2004717A60068217EAB01' -> Floor '7'
[2026-08-12 15:10:33] Tag Change: ID '00E20047177A3068217BEE01' -> Floor '8'
[2026-08-12 15:10:34] Status Updated: Floor '8'
[2026-08-12 15:10:36] Tag Change: ID '00E200471744006821788B01' -> Floor '9'
[2026-08-12 15:10:37] Status Updated: Floor '9'
[2026-08-12 15:12:06] Tag Change: ID '00E2004717773068217BBE01' -> Floor '9'
[2026-08-12 15:12:07] Tag Change: ID '00E2004717767068217BB201' -> Floor '8'
[2026-08-12 15:12:10] Tag Change: ID '00E200471777F068217BCA01' -> Floor 'Unknown'
[2026-08-12 15:12:10] Tag Change: ID '00E2004717684068217ACF01' -> Floor '5'
[2026-08-12 15:12:12] Tag Change: ID '00E2004718A58068218EA301' -> Floor '3'
[2026-08-12 15:12:13] Status Updated: Floor '3'
[2026-08-12 15:12:13] Tag Change: ID '00E2004717A0C068217E5701' -> Floor '3'
[2026-08-12 15:12:14] Tag Change: ID '00E200471768C068217AD701' -> Floor '1'
[2026-08-12 15:12:15] Status Updated: Floor '1'
[2026-08-12 15:12:16] Tag Change: ID '00E200471775B068217BA601' -> Floor '1'
[2026-08-12 15:12:21] Tag Change: ID '00E2004717A40068217E8B01' -> Floor '-1'
[2026-08-12 15:12:25] Status Updated: Floor '-1'
[2026-08-12 15:12:33] Tag Change: ID '00E2004717A00068217E4B01' -> Floor '-1'
[2026-08-12 15:12:37] Tag Change: ID '00E20047176CC068217B1701' -> Floor '1'
[2026-08-12 15:12:38] Status Updated: Floor '1'
[2026-08-12 15:12:43] Tag Change: ID '00E2004717964068217DAF01' -> Floor '6'
[2026-08-12 15:12:45] Tag Change: ID '00E20047177A7068217BF201' -> Floor '9'
[2026-08-12 15:12:46] Status Updated: Floor '9'
[2026-08-12 15:12:48] Tag Change: ID '00E200471751806821796301' -> Floor '11'
[2026-08-12 15:12:49] Tag Change: ID '00E2004717A84068217ECF01' -> Floor '12'
[2026-08-12 15:12:51] Tag Change: ID '00E2004717A34068217E7F01' -> Floor '12'
[2026-08-12 15:12:52] Status Updated: Floor '12'
[2026-08-12 15:13:06] Tag Change: ID '00E200471753C06821798701' -> Floor '11'
[2026-08-12 15:13:10] Tag Change: ID '00E2004717767068217BB201' -> Floor '8'
[2026-08-12 15:13:11] Tag Change: ID '00E2004717A60068217EAB01' -> Floor '7'
[2026-08-12 15:13:12] Tag Change: ID '00E20047175CC068217A1701' -> Floor '6'
[2026-08-12 15:13:13] Tag Change: ID '00E2004717688068217AD301' -> Floor '5'
[2026-08-12 15:13:15] Tag Change: ID '00E2004718A58068218EA301' -> Floor '3'
[2026-08-12 15:13:16] Tag Change: ID '00E20047179C4068217E0F01' -> Floor '2'
[2026-08-12 15:13:24] Tag Change: ID '00E2004717A40068217E8B01' -> Floor '-1'
[2026-08-12 15:13:25] Status Updated: Floor '-1'
[2026-08-12 15:13:38] Tag Change: ID '00E2004717A00068217E4B01' -> Floor '-1'
[2026-08-12 15:13:38] Tag flapping: suppressed 1 repeated tag-change log lines in the last 62s
[2026-08-12 15:13:41] Tag Change: ID '00E200471775B068217BA601' -> Floor '1'
[2026-08-12 15:13:44] Tag Change: ID '00E2004717A0C068217E5701' -> Floor '3'
[2026-08-12 15:13:46] Tag Change: ID '00E20047189E4068218E2F01' -> Floor '4'
[2026-08-12 15:13:47] Tag Change: ID '00E200471777F068217BCA01' -> Floor 'Unknown'
[2026-08-12 15:13:48] Status Updated: Floor '6'
[2026-08-12 15:13:51] Tag Change: ID '00E200471744006821788B01' -> Floor '9'
[2026-08-12 15:13:51] Status Updated: Floor '9'
[2026-08-12 15:13:52] Tag Change: ID '00E20047174880682178D301' -> Floor '10'
[2026-08-12 15:13:52] Tag Change: ID '00E200471745C0682178A701' -> Floor '10'
[2026-08-12 15:13:53] Status Updated: Floor '10'
[2026-08-12 15:13:53] Tag Change: ID '00E200471741006821785B01' -> Floor 'Unknown'
[2026-08-12 15:13:54] Tag Change: ID '00E2004717A84068217ECF01' -> Floor '12'
[2026-08-12 15:13:55] Tag Change: ID '00E2004717A34068217E7F01' -> Floor '12'
[2026-08-12 15:13:56] Status Updated: Floor '12'
[2026-08-12 15:14:17] Status Updated: Floor '9'
[2026-08-12 15:14:30] Tag Change: ID '00E20047177A7068217BF201' -> Floor '9'
[2026-08-12 15:14:32] Tag Change: ID '00E20047177A3068217BEE01' -> Floor '8'
[2026-08-12 15:14:33] Tag Change: ID '00E2004717A60068217EAB01' -> Floor '7'
[2026-08-12 15:14:42] Tag Change: ID '00E20047179C4068217E0F01' -> Floor '2'
[2026-08-12 15:14:42] Status Updated: Floor '2'
[2026-08-12 15:14:53] Tag Change: ID '00E20047175A40682179EF01' -> Floor '2'
[2026-08-12 15:14:53] Tag flapping: suppressed 7 repeated tag-change log lines in the last 69s
[2026-08-12 15:14:54] Tag Change: ID '00E200471768C068217AD701' -> Floor '1'
[2026-08-12 15:14:55] Tag Change: ID '00E20047176CC068217B1701' -> Floor '1'
[2026-08-12 15:14:55] Status Updated: Floor '1'
[2026-08-12 15:14:56] Tag Change: ID '00E2004717A54068217E9F01' -> Floor '0'
[2026-08-12 15:15:03] Tag Change: ID '00E2004717A00068217E4B01' -> Floor '-1'
[2026-08-12 15:15:19] Tag Change: ID '00E2004707DF5060270ED801' -> Floor '-3'
[2026-08-12 15:15:21] Status Updated: Floor '-3'
[2026-08-12 15:15:22] Tag Change: ID '00E2004707E01060270EE401' -> Floor '-3'
[2026-08-12 15:15:26] Tag Change: ID '00E2004707E05060270EE801' -> Floor '-3'
[2026-08-12 15:15:37] Tag Change: ID '00E2004717A40068217E8B01' -> Floor '-1'
[2026-08-12 15:15:38] Status Updated: Floor '-1'
[2026-08-12 15:16:01] Tag Change: ID '00E2004717AC4068217F0F01' -> Floor '-1'
[2026-08-12 15:16:02] Tag Change: ID '00E200471775B068217BA601' -> Floor '1'
[2026-08-12 15:16:03] Tag Change: ID '00E20047176CC068217B1701' -> Floor '1'
[2026-08-12 15:16:08] Status Updated: Floor '1'
[2026-08-12 15:16:09] Tag Change: ID '00E2004718A58068218EA301' -> Floor '3'
[2026-08-12 15:16:10] Status Updated: Floor '3'
[2026-08-12 15:16:18] Tag Change: ID '00E20047175A80682179F301' -> Floor '4'
[2026-08-12 15:16:18] Tag Change: ID '00E2004718A2C068218E7701' -> Floor '4'
[2026-08-12 15:16:19] Status Updated: Floor '4'
[2026-08-12 15:16:20] Tag Change: ID '00E200471897C068218DC701' -> Floor '5'
[2026-08-12 15:16:20] Tag Change: ID '00E2004717684068217ACF01' -> Floor '5'
[2026-08-12 15:16:20] Status Updated: Floor '5'
[2026-08-12 15:16:21] Tag Change: ID '00E2004717688068217AD301' -> Floor '5'
[2026-08-12 15:16:33] Tag Change: ID '00E20047175CC068217A1701' -> Floor '6'
[2026-08-12 15:16:33] Tag flapping: suppressed 5 repeated tag-change log lines in the last 65s
[2026-08-12 15:16:34] Status Updated: Floor '6'
[2026-08-12 15:16:36] Tag Change: ID '00E2004717710068217B5B00' -> Floor '8'
[2026-08-12 15:16:36] Tag Change: ID '00E2004717773068217BBE01' -> Floor '9'
[2026-08-12 15:16:39] Tag Change: ID '00E200471744006821788B01' -> Floor '9'
[2026-08-12 15:16:39] Status Updated: Floor '9'
[2026-08-12 15:17:06] Tag Change: ID '00E20047177A7068217BF201' -> Floor '9'
[2026-08-12 15:17:09] Tag Change: ID '00E2004717964068217DAF01' -> Floor '6'
[2026-08-12 15:17:11] Tag Change: ID '00E20047189E4068218E2F01' -> Floor '4'
[2026-08-12 15:17:14] Tag Change: ID '00E2004718A58068218EA301' -> Floor '3'
[2026-08-12 15:17:20] Status Updated: Floor '3'
[2026-08-12 15:17:30] Tag Change: ID '00E2004717A0C068217E5701' -> Floor '3'
[2026-08-12 15:17:31] Tag Change: ID '00E20047179C4068217E0F01' -> Floor '2'
[2026-08-12 15:17:33] Status Updated: Floor '2'
[2026-08-12 15:17:46] Tag Change: ID '00E200471768C068217AD701' -> Floor '1'
[2026-08-12 15:17:47] Status Updated: Floor '1'
[2026-08-12 15:17:50] Tag Change: ID '00E200471736C0682177B701' -> Floor '-1'
[2026-08-12 15:17:59] Tag Change: ID '00E2004717A40068217E8B01' -> Floor '-1'
[2026-08-12 15:18:00] Status Updated: Floor '-1'
[2026-08-12 15:18:14] Tag Change: ID '00E2004717A48068217E9301' -> Floor '-2'
[2026-08-12 15:18:18] Tag Change: ID '00E2004707E05060270EE801' -> Floor '-3'
[2026-08-12 15:18:18] Tag Change: ID '00E2004707E01060270EE401' -> Floor '-3'
[2026-08-12 15:18:24] Status Updated: Floor '-3'
[2026-08-12 15:18:30] Tag Change: ID '00E2004707DF5060270ED801' -> Floor '-3'
[2026-08-12 15:18:36] Tag Change: ID '00E2004717AC4068217F0F01' -> Floor '-1'
[2026-08-12 15:18:37] Status Updated: Floor '-1'
[2026-08-12 15:18:41] Tag Change: ID '00E2004718A58068218EA301' -> Floor '3'
[2026-08-12 15:18:42] Tag Change: ID '00E20047189E4068218E2F01' -> Floor '4'
[2026-08-12 15:18:42] Tag Change: ID '00E200471897C068218DC701' -> Floor '5'
[2026-08-12 15:18:42] Status Updated: Floor '5'
[2026-08-12 15:18:43] Tag Change: ID '00E2004717688068217AD301' -> Floor '5'
[2026-08-12 15:18:44] Tag Change: ID '00E20047175CC068217A1701' -> Floor '6'
[2026-08-12 15:18:44] Tag Change: ID '00E2004717964068217DAF01' -> Floor '6'
[2026-08-12 15:18:44] Status Updated: Floor '6'
[2026-08-12 15:18:45] Tag Change: ID '00E20047175F4068217A3F01' -> Floor '7'
[2026-08-12 15:18:46] Status Updated: Floor '7'
[2026-08-12 15:18:46] Tag Change: ID '00E2004717638068217A8301' -> Floor '7'
[2026-08-12 15:19:00] Tag Change: ID '00E2004717A60068217EAB01' -> Floor '7'
[2026-08-12 15:19:05] Tag Change: ID '00E2004717A0C068217E5701' -> Floor '3'
[2026-08-12 15:19:05] Tag Change: ID '00E20047175A40682179EF01' -> Floor '2'
[2026-08-12 15:19:06] Tag Change: ID '00E200471768C068217AD701' -> Floor '1'
[2026-08-12 15:19:07] Tag Change: ID '00E200471775B068217BA601' -> Floor '1'
[2026-08-12 15:19:08] Status Updated: Floor '1'
[2026-08-12 15:19:10] Tag Change: ID '00E2004717A00068217E4B01' -> Floor '-1'
[2026-08-12 15:19:17] Tag Change: ID '00E2004717AD8068217F2301' -> Floor '-2'
[2026-08-12 15:19:22] Status Updated: Floor '-2'
[2026-08-12 15:19:37] Tag Change: ID '00E200471736C0682177B701' -> Floor '-1'
[2026-08-12 15:19:37] Tag flapping: suppressed 7 repeated tag-change log lines in the last 72s
[2026-08-12 15:19:39] Tag Change: ID '00E2004717AC4068217F0F01' -> Floor '-1'
[2026-08-12 15:19:39] Status Updated: Floor '-1'
[2026-08-12 15:19:40] Tag Change: ID '00E2004717A54068217E9F01' -> Floor '0'
[2026-08-12 15:19:42] Status Updated: Floor '0'
[2026-08-12 15:19:57] Tag Change: ID '00E2004717A40068217E8B01' -> Floor '-1'
[2026-08-12 15:20:02] Status Updated: Floor '-1'
[2026-08-12 15:20:14] Tag Change: ID '00E2004707E01060270EE401' -> Floor '-3'
[2026-08-12 15:20:25] Error sending status: HTTPSConnectionPool(host='ramada-elev-default-rtdb.europe-west1.firebasedatabase.app', port=443): Max retries exceeded with url: /elevators/B.json (Caused by NameResolutionError("HTTPSConnection(host='ramada-elev-default-rtdb.europe-west1.firebasedatabase.app', port=443): Failed to resolve 'ramada-elev-default-rtdb.europe-west1.firebasedatabase.app' ([Errno -3] Temporary failure in name resolution)"))
[2026-08-12 15:20:52] Tag Change: ID '00E20047176CC068217B1701' -> Floor '1'
[2026-08-12 15:20:54] Tag Change: ID '00E200471768C068217AD701' -> Floor '1'
[2026-08-12 15:20:55] Status Updated: Floor '1'
[2026-08-12 15:21:07] Tag Change: ID '00E200471741406821785F01' -> Floor '2'
[2026-08-12 15:21:08] Status Updated: Floor '2'
[2026-08-12 15:21:11] Tag Change: ID '00E2004718A58068218EA301' -> Floor '3'
[2026-08-12 15:21:12] Status Updated: Floor '3'
[2026-08-12 15:21:26] Tag Change: ID '00E2004717A0C068217E5701' -> Floor '3'
[2026-08-12 15:21:28] Status Updated: Floor '1'
[2026-08-12 15:21:29] Tag Change: ID '00E200471775B068217BA601' -> Floor '1'
[2026-08-12 15:21:33] Tag Change: ID '00E2004717A40068217E8B01' -> Floor '-1'
[2026-08-12 15:21:33] Tag flapping: suppressed 8 repeated tag-change log lines in the last 60s
[2026-08-12 15:21:49] Tag Change: ID '00E2004717A48068217E9301' -> Floor '-2'
[2026-08-12 15:21:50] Tag Change: ID '00E2004707E01060270EE401' -> Floor '-3'
[2026-08-12 15:21:52] Tag Change: ID '00E2004707E05060270EE801' -> Floor '-3'
[2026-08-12 15:21:53] Status Updated: Floor '-3'
[2026-08-12 15:21:58] Tag Change: ID '00E2004707DF5060270ED801' -> Floor '-3'
[2026-08-12 15:22:34] Tag Change: ID '00E2004717A00068217E4B01' -> Floor '-1'
[2026-08-12 15:22:34] Status Updated: Floor '-1'
[2026-08-12 15:22:36] Tag Change: ID '00E200471775B068217BA601' -> Floor '1'
[2026-08-12 15:22:36] Status Updated: Floor '1'
[2026-08-12 15:22:37] Tag Change: ID '00E20047176CC068217B1701' -> Floor '1'
[2026-08-12 15:22:39] Tag Change: ID '00E200471768C068217AD701' -> Floor '1'
[2026-08-12 15:22:55] Tag flapping: suppressed 31 repeated tag-change log lines in the last 60s
[2026-08-12 15:22:55] Tag Change: ID '00E2004717A54068217E9F01' -> Floor '0'
[2026-08-12 15:22:55] Tag Change: ID '00E2004717AC4068217F0F01' -> Floor '-1'
[2026-08-12 15:22:56] Tag Change: ID '00E200471736C0682177B701' -> Floor '-1'
[2026-08-12 15:22:57] Status Updated: Floor '-1'
[2026-08-12 15:23:02] Tag Change: ID '00E2004707DF5060270ED801' -> Floor '-3'
[2026-08-12 15:23:08] Status Updated: Floor '-3'
[2026-08-12 15:23:08] Tag Change: ID '00E2004707E05060270EE801' -> Floor '-3'
[2026-08-12 15:23:09] Tag Change: ID '00E2004707E01060270EE401' -> Floor '-3'
[2026-08-12 15:23:21] Tag Change: ID '00E2004717A40068217E8B01' -> Floor '-1'
[2026-08-12 15:23:22] Status Updated: Floor '-1'
[2026-08-12 15:23:36] Tag Change: ID '00E2004717A00068217E4B01' -> Floor '-1'
[2026-08-12 15:23:42] Tag Change: ID '00E2004717A0C068217E5701' -> Floor '3'
[2026-08-12 15:23:42] Tag Change: ID '00E2004717A7C068217EC701' -> Floor '3'
[2026-08-12 15:23:43] Status Updated: Floor '3'
[2026-08-12 15:23:44] Tag Change: ID '00E2004718A58068218EA301' -> Floor '3'
[2026-08-12 15:24:02] Tag Change: ID '00E20047179C4068217E0F01' -> Floor '2'
[2026-08-12 15:24:06] Tag Change: ID '00E2004717AC4068217F0F01' -> Floor '-1'
[2026-08-12 15:24:15] Tag flapping: suppressed 6 repeated tag-change log lines in the last 61s
[2026-08-12 15:24:15] Status Updated: Floor '-1'
[2026-08-12 15:24:29] Tag Change: ID '00E2004707DF5060270ED801' -> Floor '-3'
[2026-08-12 15:24:30] Status Updated: Floor '-3'
[2026-08-12 15:24:30] Tag Change: ID '00E2004707E01060270EE401' -> Floor '-3'
[2026-08-12 15:24:31] Tag Change: ID '00E2004707E05060270EE801' -> Floor '-3'
[2026-08-12 15:24:47] Tag Change: ID '00E2004717A48068217E9301' -> Floor '-2'
[2026-08-12 15:24:52] Tag Change: ID '00E2004717A40068217E8B01' -> Floor '-1'
[2026-08-12 15:24:53] Status Updated: Floor '-1'
[2026-08-12 15:25:20] Status Updated: Floor '-3'
[2026-08-12 15:25:21] Tag flapping: suppressed 19 repeated tag-change log lines in the last 62s
[2026-08-12 15:25:30] Tag Change: ID '00E2004707E01060270EE401' -> Floor '-3'
[2026-08-12 15:25:32] Tag Change: ID '00E2004707E05060270EE801' -> Floor '-3'
[2026-08-12 15:25:41] Tag Change: ID '00E2004717AD8068217F2301' -> Floor '-2'
[2026-08-12 15:25:46] Status Updated: Floor '-2'
[2026-08-12 15:26:05] Tag Change: ID '00E2004717A40068217E8B01' -> Floor '-1'
[2026-08-12 15:26:13] Status Updated: Floor '-1'
[2026-08-12 15:26:16] Tag Change: ID '00E2004717AC4068217F0F01' -> Floor '-1'
[2026-08-12 15:26:17] Tag Change: ID '00E200471775B068217BA601' -> Floor '1'
[2026-08-12 15:26:18] Tag Change: ID '00E20047176CC068217B1701' -> Floor '1'
[2026-08-12 15:26:19] Status Updated: Floor '1'
[2026-08-12 15:26:24] Tag Change: ID '00E20047179C4068217E0F01' -> Floor '2'
[2026-08-12 15:26:24] Tag flapping: suppressed 11 repeated tag-change log lines in the last 62s
[2026-08-12 15:26:25] Status Updated: Floor '2'
[2026-08-12 15:26:36] Tag Change: ID '00E200471741406821785F01' -> Floor '2'
[2026-08-12 15:26:36] Tag Change: ID '00E200471768C068217AD701' -> Floor '1'
[2026-08-12 15:26:38] Status Updated: Floor '1'
[2026-08-12 15:26:45] Tag Change: ID '00E2004717AD8068217F2301' -> Floor '-2'
[2026-08-12 15:26:48] Status Updated: Floor '-2'
[2026-08-12 15:27:01] Tag Change: ID '00E2004717A00068217E4B01' -> Floor '-1'
[2026-08-12 15:27:02] Tag Change: ID '00E2004717A54068217E9F01' -> Floor '0'
[2026-08-12 15:27:03] Status Updated: Floor '0'
[2026-08-12 15:27:19] Status Updated: Floor '2'
[2026-08-12 15:28:22] Tag Change: ID '00E20047175A40682179EF01' -> Floor '2'
[2026-08-12 15:28:22] Tag flapping: suppressed 3 repeated tag-change log lines in the last 105s
[2026-08-12 15:28:27] Tag Change: ID '00E200471736C0682177B701' -> Floor '-1'
[2026-08-12 15:28:31] Tag Change: ID '00E2004717A48068217E9301' -> Floor '-2'
[2026-08-12 15:28:33] Tag Change: ID '00E2004707E05060270EE801' -> Floor '-3'
[2026-08-12 15:28:36] Status Updated: Floor '-3'
[2026-08-12 15:28:37] Tag Change: ID '00E2004707DF5060270ED801' -> Floor '-3'
[2026-08-12 15:28:38] Tag Change: ID '00E2004707E01060270EE401' -> Floor '-3'
[2026-08-12 15:28:50] Tag Change: ID '00E2004717A00068217E4B01' -> Floor '-1'
[2026-08-12 15:28:52] Tag Change: ID '00E200471775B068217BA601' -> Floor '1'
[2026-08-12 15:28:53] Status Updated: Floor '1'
[2026-08-12 15:28:54] Tag Change: ID '00E200471768C068217AD701' -> Floor '1'
[2026-08-12 15:28:56] Tag Change: ID '00E2004718A58068218EA301' -> Floor '3'
[2026-08-12 15:28:56] Tag Change: ID '00E20047175A80682179F301' -> Floor '4'
[2026-08-12 15:28:58] Tag Change: ID '00E2004717688068217AD301' -> Floor '5'
[2026-08-12 15:29:02] Tag Change: ID '00E2004717638068217A8301' -> Floor '7'
[2026-08-12 15:29:02] Status Updated: Floor '7'
[2026-08-12 15:31:09] Tag Change: ID '00E200471777F068217BCA01' -> Floor 'Unknown'
[2026-08-12 15:31:09] Tag flapping: suppressed 4 repeated tag-change log lines in the last 148s
[2026-08-12 15:31:09] Tag Change: ID '00E2004717688068217AD301' -> Floor '5'
[2026-08-12 15:31:11] Tag Change: ID '00E20047175A80682179F301' -> Floor '4'
[2026-08-12 15:31:12] Tag Change: ID '00E2004718A58068218EA301' -> Floor '3'
[2026-08-12 15:31:14] Status Updated: Floor '3'
[2026-08-12 15:31:30] Tag Change: ID '00E20047175A40682179EF01' -> Floor '2'
[2026-08-12 15:31:31] Tag Change: ID '00E200471741406821785F01' -> Floor '2'
[2026-08-12 15:31:31] Status Updated: Floor '2'
[2026-08-12 15:31:32] Tag Change: ID '00E200471768C068217AD701' -> Floor '1'
[2026-08-12 15:31:33] Status Updated: Floor '1'
[2026-08-12 15:31:35] Tag Change: ID '00E20047176CC068217B1701' -> Floor '1'
[2026-08-12 15:31:54] Tag Change: ID '00E2004717A0C068217E5701' -> Floor '3'
[2026-08-12 15:31:55] Status Updated: Floor '3'
[2026-08-12 15:31:56] Tag Change: ID '00E200471897C068218DC701' -> Floor '5'
[2026-08-12 15:31:58] Tag Change: ID '00E2004717A60068217EAB01' -> Floor '7'
[2026-08-12 15:31:58] Tag Change: ID '00E20047175F4068217A3F01' -> Floor '7'
[2026-08-12 15:31:59] Status Updated: Floor '7'
[2026-08-12 15:32:00] Tag Change: ID '00E2004717773068217BBE01' -> Floor '9'
[2026-08-12 15:32:05] Tag Change: ID '00E200471753C06821798701' -> Floor '11'
[2026-08-12 15:32:06] Status Updated: Floor '11'
[2026-08-12 15:32:20] Tag Change: ID '00E200471741006821785B01' -> Floor 'Unknown'
[2026-08-12 15:32:21] Tag Change: ID '00E2004717A84068217ECF01' -> Floor '12'
[2026-08-12 15:32:23] Tag Change: ID '00E2004717A34068217E7F01' -> Floor '12'
[2026-08-12 15:32:23] Status Updated: Floor '12'
[2026-08-12 15:32:45] Tag flapping: suppressed 5 repeated tag-change log lines in the last 69s
[2026-08-12 15:32:47] Tag Change: ID '002427031027000620240000' -> Floor 'Unknown'
[2026-08-12 15:32:48] Tag Change: ID '00E2004718C4B06821909601' -> Floor 'Unknown'
[2026-08-12 15:32:49] Tag Change: ID '00E20047177A7068217BF201' -> Floor '9'
[2026-08-12 15:33:03] Tag Change: ID '00E2004717964068217DAF01' -> Floor '6'
[2026-08-12 15:33:05] Tag Change: ID '00E20047175CC068217A1701' -> Floor '6'
[2026-08-12 15:33:05] Status Updated: Floor '6'
[2026-08-12 15:33:06] Tag Change: ID '00E2004717688068217AD301' -> Floor '5'
[2026-08-12 15:33:06] Tag Change: ID '00E2004717684068217ACF01' -> Floor '5'
[2026-08-12 15:33:06] Status Updated: Floor '5'
[2026-08-12 15:33:08] Tag Change: ID '00E2004717A7C068217EC701' -> Floor '3'
[2026-08-12 15:33:10] Tag Change: ID '00E200471768C068217AD701' -> Floor '1'
[2026-08-12 15:33:10] Status Updated: Floor '1'
[2026-08-12 15:33:11] Tag Change: ID '00E200471775B068217BA601' -> Floor '1'
[2026-08-12 15:33:15] Tag Change: ID '00E2004717A40068217E8B01' -> Floor '-1'
[2026-08-12 15:33:20] Status Updated: Floor '-1'
[2026-08-12 15:33:30] Tag Change: ID '00E2004717A00068217E4B01' -> Floor '-1'
[2026-08-12 15:35:27] Tag Change: ID '00E2004717A48068217E9301' -> Floor '-2'
[2026-08-12 15:35:27] Tag flapping: suppressed 2 repeated tag-change log lines in the last 155s
[2026-08-12 15:35:28] Tag Change: ID '00E2004707DF5060270ED801' -> Floor '-3'
[2026-08-12 15:35:29] Status Updated: Floor '-3'
[2026-08-12 15:35:29] Tag Change: ID '00E2004707E05060270EE801' -> Floor '-3'
[2026-08-12 15:35:31] Tag Change: ID '00E2004707E01060270EE401' -> Floor '-3'
[2026-08-12 15:36:32] Tag Change: ID '00E2004717A40068217E8B01' -> Floor '-1'
[2026-08-12 15:36:33] Status Updated: Floor '-1'
[2026-08-12 15:37:19] Tag Change: ID '00E2004717A48068217E9301' -> Floor '-2'
[2026-08-12 15:37:19] Tag flapping: suppressed 23 repeated tag-change log lines in the last 104s
[2026-08-12 15:37:20] Tag Change: ID '00E2004707DF5060270ED801' -> Floor '-3'
[2026-08-12 15:37:21] Tag Change: ID '00E2004707E01060270EE401' -> Floor '-3'
[2026-08-12 15:37:21] Status Updated: Floor '-3'
[2026-08-12 15:37:23] Tag Change: ID '00E2004707E05060270EE801' -> Floor '-3'
[2026-08-12 15:37:38] Tag Change: ID '00E2004717A40068217E8B01' -> Floor '-1'
[2026-08-12 15:37:39] Status Updated: Floor '-1'
[2026-08-12 15:38:47] Tag Change: ID '00E2004717A00068217E4B01' -> Floor '-1'
[2026-08-12 15:38:47] Tag flapping: suppressed 9 repeated tag-change log lines in the last 85s
[2026-08-12 15:38:57] Tag Change: ID '00E2004717A40068217E8B01' -> Floor '-1'
[2026-08-12 15:39:07] Tag Change: ID '00E2004717AC4068217F0F01' -> Floor '-1'
[2026-08-12 15:39:09] Tag Change: ID '00E2004717A54068217E9F01' -> Floor '0'
[2026-08-12 15:39:10] Status Updated: Floor '0'
[2026-08-12 15:39:37] Tag Change: ID '00E200471736C0682177B701' -> Floor '-1'
[2026-08-12 15:39:38] Status Updated: Floor '-1'
[2026-08-12 15:40:12] Tag Change: ID '00E2004707E01060270EE401' -> Floor '-3'
[2026-08-12 15:40:18] Status Updated: Floor '-3'
[2026-08-12 15:40:19] Tag Change: ID '00E2004707E05060270EE801' -> Floor '-3'
[2026-08-12 15:40:20] Tag Change: ID '00E2004707DF5060270ED801' -> Floor '-3'
[2026-08-12 15:40:35] Tag Change: ID '00E2004717A40068217E8B01' -> Floor '-1'
[2026-08-12 15:40:40] Status Updated: Floor '-1'
[2026-08-12 15:40:59] Tag Change: ID '00E2004717AD8068217F2301' -> Floor '-2'
[2026-08-12 15:40:59] Tag flapping: suppressed 5 repeated tag-change log lines in the last 81s
[2026-08-12 15:41:10] Status Updated: Floor '-2'
[2026-08-12 15:41:12] Tag Change: ID '00E2004717A9C068217EE701' -> Floor '-2'
[2026-08-12 15:41:14] Tag Change: ID '00E2004717A48068217E9301' -> Floor '-2'
[2026-08-12 15:41:15] Status Updated: Floor '-3'
[2026-08-12 15:41:17] Tag Change: ID '00E2004707E01060270EE401' -> Floor '-3'
[2026-08-12 15:41:22] Tag Change: ID '00E2004707E05060270EE801' -> Floor '-3'
[2026-08-12 15:41:23] Tag Change: ID '00E2004707DF5060270ED801' -> Floor '-3'
[2026-08-12 15:41:51] Tag Change: ID '00E2004717A54068217E9F01' -> Floor '0'
[2026-08-12 15:41:52] Status Updated: Floor '0'
[2026-08-12 15:42:03] Tag Change: ID '00E200471775B068217BA601' -> Floor '1'
[2026-08-12 15:42:04] Tag Change: ID '00E20047176CC068217B1701' -> Floor '1'
[2026-08-12 15:42:05] Status Updated: Floor '1'
[2026-08-12 15:42:06] Tag Change: ID '00E2004717A0C068217E5701' -> Floor '3'
[2026-08-12 15:42:06] Status Updated: Floor '3'
[2026-08-12 15:42:07] Tag Change: ID '00E2004718A58068218EA301' -> Floor '3'
[2026-08-12 15:42:09] Tag Change: ID '00E2004717688068217AD301' -> Floor '5'
[2026-08-12 15:42:10] Tag Change: ID '00E20047175CC068217A1701' -> Floor '6'
[2026-08-12 15:42:11] Tag Change: ID '00E20047175F4068217A3F01' -> Floor '7'
[2026-08-12 15:42:12] Status Updated: Floor '7'
[2026-08-12 15:42:14] Tag Change: ID '00E2004717638068217A8301' -> Floor '7'
[2026-08-12 15:42:17] Tag Change: ID '00' -> Floor 'Unknown'
[2026-08-12 15:42:17] Tag flapping: suppressed 23 repeated tag-change log lines in the last 62s
[2026-08-12 15:42:23] Tag Change: ID '00E20047177A3068217BEE01' -> Floor '8'
[2026-08-12 15:42:25] Tag Change: ID '00E2004717767068217BB201' -> Floor '8'
[2026-08-12 15:42:25] Status Updated: Floor '8'
[2026-08-12 15:43:13] Tag Change: ID '00E2004717710068217B5B00' -> Floor '8'
[2026-08-12 15:43:16] Tag Change: ID '00E20047175CC068217A1701' -> Floor '6'
[2026-08-12 15:43:17] Tag Change: ID '00E200471897C068218DC701' -> Floor '5'
[2026-08-12 15:43:19] Tag Change: ID '00E20047179C4068217E0F01' -> Floor '2'
[2026-08-12 15:43:19] Tag flapping: suppressed 1 repeated tag-change log lines in the last 61s
[2026-08-12 15:43:20] Tag Change: ID '00E200471741406821785F01' -> Floor '2'
[2026-08-12 15:43:20] Status Updated: Floor '2'
[2026-08-12 15:43:22] Tag Change: ID '00E200471775B068217BA601' -> Floor '1'
[2026-08-12 15:43:27] Tag Change: ID '00E2004717A40068217E8B01' -> Floor '-1'
[2026-08-12 15:43:30] Status Updated: Floor '-1'
[2026-08-12 15:44:07] Tag Change: ID '00E2004717A00068217E4B01' -> Floor '-1'
[2026-08-12 15:44:07] Tag Change: ID '00E200471736C0682177B701' -> Floor '-1'
[2026-08-12 15:44:09] Tag Change: ID '00E2004717AC4068217F0F01' -> Floor '-1'
[2026-08-12 15:44:10] Tag Change: ID '00E20047176CC068217B1701' -> Floor '1'
[2026-08-12 15:44:11] Status Updated: Floor '1'
[2026-08-12 15:44:12] Tag Change: ID '00E2004717A0C068217E5701' -> Floor '3'
[2026-08-12 15:44:13] Tag Change: ID '00E2004718A58068218EA301' -> Floor '3'
[2026-08-12 15:44:13] Status Updated: Floor '3'
[2026-08-12 15:44:14] Tag Change: ID '00E2004718A2C068218E7701' -> Floor '4'
[2026-08-12 15:44:15] Tag Change: ID '00E2004717688068217AD301' -> Floor '5'
[2026-08-12 15:44:16] Status Updated: Floor '5'
[2026-08-12 15:44:16] Tag Change: ID '00E2' -> Floor 'Unknown'
[2026-08-12 15:44:33] Tag Change: ID '00E2004717638068217A8301' -> Floor '7'
[2026-08-12 15:44:37] Tag Change: ID '00E200471744006821788B01' -> Floor '9'
[2026-08-12 15:44:41] Status Updated: Floor '9'
[2026-08-12 15:44:59] Tag Change: ID '00E20047177A7068217BF201' -> Floor '9'
[2026-08-12 15:44:59] Tag Change: ID '00E2004717767068217BB201' -> Floor '8'
[2026-08-12 15:45:01] Tag Change: ID '00E20047175F4068217A3F01' -> Floor '7'
[2026-08-12 15:45:02] Tag Change: ID '00E20047175CC068217A1701' -> Floor '6'
[2026-08-12 15:45:04] Tag Change: ID '00E20047175A80682179F301' -> Floor '4'
[2026-08-12 15:45:07] Tag Change: ID '00E200471741406821785F01' -> Floor '2'
[2026-08-12 15:45:08] Status Updated: Floor '2'
[2026-08-12 15:45:09] Tag Change: ID '00E200471768C068217AD701' -> Floor '1'
[2026-08-12 15:45:09] Status Updated: Floor '1'
[2026-08-12 15:45:11] Tag Change: ID '00E20047176CC068217B1701' -> Floor '1'
[2026-08-12 15:45:11] Tag flapping: suppressed 3 repeated tag-change log lines in the last 61s
[2026-08-12 15:45:28] Tag Change: ID '00E2004717A00068217E4B01' -> Floor '-1'
[2026-08-12 15:45:29] Tag Change: ID '00E2004717A40068217E8B01' -> Floor '-1'
[2026-08-12 15:45:29] Status Updated: Floor '-1'
[2026-08-12 15:45:50] Tag Change: ID '00E2004707E01060270EE401' -> Floor '-3'
[2026-08-12 15:45:50] Status Updated: Floor '-3'
[2026-08-12 15:45:51] Tag Change: ID '00E2004707E05060270EE801' -> Floor '-3'
[2026-08-12 15:45:55] Tag Change: ID '00E2004707DF5060270ED801' -> Floor '-3'
[2026-08-12 15:46:19] Tag flapping: suppressed 21 repeated tag-change log lines in the last 67s
[2026-08-12 15:46:55] Tag Change: ID '00E2004717A40068217E8B01' -> Floor '-1'
[2026-08-12 15:47:05] Status Updated: Floor '-1'
[2026-08-12 15:47:09] Tag Change: ID '00E200471736C0682177B701' -> Floor '-1'
[2026-08-12 15:47:10] Tag Change: ID '00E2004717AC4068217F0F01' -> Floor '-1'
[2026-08-12 15:47:12] Tag Change: ID '00E2004717A54068217E9F01' -> Floor '0'
[2026-08-12 15:47:12] Status Updated: Floor '0'
[2026-08-12 15:47:44] Tag Change: ID '00E200471768C068217AD701' -> Floor '1'
[2026-08-12 15:47:44] Tag flapping: suppressed 11 repeated tag-change log lines in the last 73s
[2026-08-12 15:47:45] Tag Change: ID '00E20047175A40682179EF01' -> Floor '2'
[2026-08-12 15:47:49] Tag Change: ID '00E20047175CC068217A1701' -> Floor '6'
[2026-08-12 15:47:50] Tag Change: ID '00E2004717964068217DAF01' -> Floor '6'
[2026-08-12 15:47:50] Status Updated: Floor '6'
[2026-08-12 15:47:53] Tag Change: ID '00E20047177A7068217BF201' -> Floor '9'
[2026-08-12 15:47:54] Tag Change: ID '00E200471744006821788B01' -> Floor '9'
[2026-08-12 15:47:55] Status Updated: Floor '9'
[2026-08-12 15:48:11] Tag Change: ID '002427031027000620240000' -> Floor 'Unknown'
[2026-08-12 15:48:14] Tag Change: ID '00E200471745C0682178A701' -> Floor '10'
[2026-08-12 15:48:27] Tag Change: ID '0024270310270006' -> Floor 'Unknown'
[2026-08-12 15:48:35] Status Updated: Floor '10'
[2026-08-12 15:48:43] Tag Change: ID '00E2004718C4B06821909601' -> Floor 'Unknown'
[2026-08-12 15:48:46] Tag Change: ID '00E20047175F4068217A3F01' -> Floor '7'
[2026-08-12 15:48:50] Tag Change: ID '00E2004718A58068218EA301' -> Floor '3'
[2026-08-12 15:48:50] Tag Change: ID '00E2004717A7C068217EC701' -> Floor '3'
[2026-08-12 15:48:51] Status Updated: Floor '3'
[2026-08-12 15:48:54] Tag Change: ID '00E200471775B068217BA601' -> Floor '1'
[2026-08-12 15:48:56] Tag Change: ID '00E2004717A54068217E9F01' -> Floor '0'
[2026-08-12 15:48:57] Status Updated: Floor '0'
[2026-08-12 15:49:12] Tag Change: ID '00E2004717AC4068217F0F01' -> Floor '-1'
[2026-08-12 15:49:19] Tag Change: ID '00E2004707DF5060270ED801' -> Floor '-3'
[2026-08-12 15:49:19] Tag flapping: suppressed 11 repeated tag-change log lines in the last 64s
[2026-08-12 15:49:21] Tag Change: ID '00E2004707E01060270EE401' -> Floor '-3'
[2026-08-12 15:49:22] Status Updated: Floor '-3'
[2026-08-12 15:49:22] Tag Change: ID '00E2004707E05060270EE801' -> Floor '-3'
[2026-08-12 15:49:44] Tag Change: ID '00E2004717A40068217E8B01' -> Floor '-1'
[2026-08-12 15:50:00] Tag Change: ID '00E2004717AD8068217F2301' -> Floor '-2'
[2026-08-12 15:50:03] Status Updated: Floor '-2'
[2026-08-12 15:50:14] Tag Change: ID '00E2004717A48068217E9301' -> Floor '-2'
[2026-08-12 15:50:16] Status Updated: Floor '-3'
[2026-08-12 15:50:23] Tag Change: ID '00E2004707E05060270EE801' -> Floor '-3'
[2026-08-12 15:50:24] Tag Change: ID '00E2004707DF5060270ED801' -> Floor '-3'
[2026-08-12 15:50:24] Tag flapping: suppressed 11 repeated tag-change log lines in the last 60s
[2026-08-12 15:50:25] Tag Change: ID '00E2004707E01060270EE401' -> Floor '-3'
[2026-08-12 15:50:51] Tag Change: ID '00E2004717A40068217E8B01' -> Floor '-1'
[2026-08-12 15:50:54] Status Updated: Floor '-1'
[2026-08-12 15:51:11] Status Updated: Floor '-3'
[2026-08-12 15:51:23] Tag Change: ID '00E2004707E05060270EE801' -> Floor '-3'
[2026-08-12 15:51:25] Tag Change: ID '00E2004707DF5060270ED801' -> Floor '-3'
[2026-08-12 15:51:25] Tag flapping: suppressed 30 repeated tag-change log lines in the last 60s
[2026-08-12 15:51:26] Tag Change: ID '00E2004707E01060270EE401' -> Floor '-3'
[2026-08-12 15:51:47] Tag Change: ID '00E2004717A9C068217EE701' -> Floor '-2'
[2026-08-12 15:51:59] Tag Change: ID '00E2004717AD8068217F2301' -> Floor '-2'
[2026-08-12 15:52:04] Status Updated: Floor '-2'
[2026-08-12 15:52:07] Tag Change: ID '00E200471736C0682177B701' -> Floor '-1'
[2026-08-12 15:52:08] Tag Change: ID '00E2004717AC4068217F0F01' -> Floor '-1'
[2026-08-12 15:52:08] Status Updated: Floor '-1'
[2026-08-12 15:52:10] Tag Change: ID '00E200471741406821785F01' -> Floor '2'
[2026-08-12 15:52:12] Tag Change: ID '00E2004718A58068218EA301' -> Floor '3'
[2026-08-12 15:52:13] Tag Change: ID '00E20047175A80682179F301' -> Floor '4'
[2026-08-12 15:52:15] Tag Change: ID '00E20047189E4068218E2F01' -> Floor '4'
[2026-08-12 15:52:15] Status Updated: Floor '4'
[2026-08-12 15:52:38] Tag Change: ID '00E2004718A2C068218E7701' -> Floor '4'
[2026-08-12 15:52:38] Tag flapping: suppressed 19 repeated tag-change log lines in the last 69s
[2026-08-12 15:52:40] Tag Change: ID '00E20047175A40682179EF01' -> Floor '2'
[2026-08-12 15:52:53] Status Updated: Floor '-2'
[2026-08-12 15:53:09] Tag Change: ID '00E2004707E01060270EE401' -> Floor '-3'
[2026-08-12 15:53:09] Tag Change: ID '00E2004707E05060270EE801' -> Floor '-3'
[2026-08-12 15:53:14] Status Updated: Floor '-3'
[2026-08-12 15:53:15] Tag Change: ID '00E2004707DF5060270ED801' -> Floor '-3'
[2026-08-12 15:53:49] Tag Change: ID '00E2004717A40068217E8B01' -> Floor '-1'
[2026-08-12 15:53:49] Tag flapping: suppressed 16 repeated tag-change log lines in the last 66s
[2026-08-12 15:53:52] Tag Change: ID '00E2004717A00068217E4B01' -> Floor '-1'
[2026-08-12 15:53:53] Status Updated: Floor '-1'
[2026-08-12 15:53:55] Tag Change: ID '00E200471775B068217BA601' -> Floor '1'
[2026-08-12 15:53:56] Status Updated: Floor '1'
[2026-08-12 15:53:59] Tag Change: ID '00E20047175A80682179F301' -> Floor '4'
[2026-08-12 15:54:01] Tag Change: ID '00E2004717684068217ACF01' -> Floor '5'
[2026-08-12 15:54:03] Tag Change: ID '00E2004717638068217A8301' -> Floor '7'
[2026-08-12 15:54:04] Tag Change: ID '00E20047177A3068217BEE01' -> Floor '8'
[2026-08-12 15:54:08] Tag Change: ID '002427031027000620240000' -> Floor 'Unknown'
[2026-08-12 15:54:08] Tag Change: ID '00E200471745C0682178A701' -> Floor '10'
[2026-08-12 15:54:09] Status Updated: Floor '10'
[2026-08-12 15:55:08] Tag Change: ID '00E20047174880682178D301' -> Floor '10'
[2026-08-12 15:55:09] Tag Change: ID '00E2004718C4B06821909601' -> Floor 'Unknown'
[2026-08-12 15:55:09] Tag flapping: suppressed 29 repeated tag-change log lines in the last 60s
[2026-08-12 15:55:12] Tag Change: ID '00E20047175F4068217A3F01' -> Floor '7'
[2026-08-12 15:55:12] Tag Change: ID '00E2004717A60068217EAB01' -> Floor '7'
[2026-08-12 15:55:13] Status Updated: Floor '7'
[2026-08-12 15:55:14] Tag Change: ID '00E2004717684068217ACF01' -> Floor '5'
[2026-08-12 15:55:15] Tag Change: ID '00E2004718A2C068218E7701' -> Floor '4'
[2026-08-12 15:55:16] Tag Change: ID '00E2004718A58068218EA301' -> Floor '3'
[2026-08-12 15:55:18] Tag Change: ID '00E200471741406821785F01' -> Floor '2'
[2026-08-12 15:55:18] Status Updated: Floor '2'
[2026-08-12 15:55:20] Tag Change: ID '00E200471775B068217BA601' -> Floor '1'
[2026-08-12 15:55:23] Tag Change: ID '00E2004717A00068217E4B01' -> Floor '-1'
[2026-08-12 15:55:43] Tag Change: ID '00E2004707E01060270EE401' -> Floor '-3'
[2026-08-12 15:55:44] Tag Change: ID '00E2004707E05060270EE801' -> Floor '-3'
[2026-08-12 15:55:44] Status Updated: Floor '-3'
[2026-08-12 15:55:47] Tag Change: ID '00E2004707DF5060270ED801' -> Floor '-3'
[2026-08-12 15:56:01] Tag Change: ID '00E2004717A54068217E9F01' -> Floor '0'
[2026-08-12 15:56:04] Tag Change: ID '00E20047179C4068217E0F01' -> Floor '2'
[2026-08-12 15:56:04] Tag Change: ID '00E2004717A7C068217EC701' -> Floor '3'
[2026-08-12 15:56:07] Tag Change: ID '00E200471777F068217BCA01' -> Floor 'Unknown'
[2026-08-12 15:56:10] Tag Change: ID '00E2004717638068217A8301' -> Floor '7'
[2026-08-12 15:56:13] Status Updated: Floor '7'
[2026-08-12 15:56:30] Tag Change: ID '00E20047175F4068217A3F01' -> Floor '7'
[2026-08-12 15:56:32] Tag Change: ID '00E20047175CC068217A1701' -> Floor '6'
[2026-08-12 15:56:33] Tag Change: ID '00E2004717688068217AD301' -> Floor '5'
[2026-08-12 15:56:34] Tag Change: ID '00E2004718A2C068218E7701' -> Floor '4'
[2026-08-12 15:56:34] Tag Change: ID '00E20047175A80682179F301' -> Floor '4'
[2026-08-12 15:56:35] Status Updated: Floor '4'
[2026-08-12 15:56:36] Tag Change: ID '00E2004717A0C068217E5701' -> Floor '3'
[2026-08-12 15:56:37] Tag Change: ID '00E20047176CC068217B1701' -> Floor '1'
[2026-08-12 15:56:40] Tag Change: ID '00E200471736C0682177B701' -> Floor '-1'
[2026-08-12 15:56:41] Status Updated: Floor '-1'
[2026-08-12 15:56:44] Tag Change: ID '00E2004717A40068217E8B01' -> Floor '-1'
[2026-08-12 15:57:34] Tag Change: ID '00E2004717A7C068217EC701' -> Floor '3'
[2026-08-12 15:57:34] Tag flapping: suppressed 16 repeated tag-change log lines in the last 108s
[2026-08-12 15:57:35] Tag Change: ID '00E20047189E4068218E2F01' -> Floor '4'
[2026-08-12 15:57:38] Tag Change: ID '00E20047175F4068217A3F01' -> Floor '7'
[2026-08-12 15:57:39] Tag Change: ID '00E20047177A3068217BEE01' -> Floor '8'
[2026-08-12 15:57:42] Tag Change: ID '00E200471744006821788B01' -> Floor '9'
[2026-08-12 15:57:44] Status Updated: Floor '9'
[2026-08-12 15:57:56] Tag Change: ID '00E20047177A7068217BF201' -> Floor '9'
[2026-08-12 15:58:00] Tag Change: ID '00E2004717638068217A8301' -> Floor '7'
[2026-08-12 15:58:00] Status Updated: Floor '7'
[2026-08-12 15:58:22] Tag Change: ID '00E2004717964068217DAF01' -> Floor '6'
[2026-08-12 15:58:23] Tag Change: ID '00E2004717684068217ACF01' -> Floor '5'
[2026-08-12 15:58:24] Tag Change: ID '00E200471897C068218DC701' -> Floor '5'
[2026-08-12 15:58:24] Status Updated: Floor '5'
[2026-08-12 15:58:26] Tag Change: ID '00E2004717A0C068217E5701' -> Floor '3'
[2026-08-12 15:58:27] Tag Change: ID '00E200471741406821785F01' -> Floor '2'
[2026-08-12 15:58:46] Tag Change: ID '00E2004717A00068217E4B01' -> Floor '-1'
[2026-08-12 15:58:49] Tag Change: ID '00E2004717A40068217E8B01' -> Floor '-1'
[2026-08-12 15:58:49] Status Updated: Floor '-1'
[2026-08-12 15:58:54] Tag Change: ID '00E2004717AC4068217F0F01' -> Floor '-1'
[2026-08-12 15:58:55] Tag Change: ID '00E200471775B068217BA601' -> Floor '1'
[2026-08-12 15:58:56] Tag Change: ID '00E200471768C068217AD701' -> Floor '1'
[2026-08-12 15:58:57] Status Updated: Floor '1'
[2026-08-12 15:59:02] Tag Change: ID '00E20047189E4068218E2F01' -> Floor '4'
[2026-08-12 15:59:02] Status Updated: Floor '4'
[2026-08-12 15:59:15] Status Updated: Floor '5'
[2026-08-12 15:59:16] Tag Change: ID '00E200471777F068217BCA01' -> Floor 'Unknown'
[2026-08-12 15:59:18] Tag Change: ID '00E20047175F4068217A3F01' -> Floor '7'
[2026-08-12 15:59:22] Tag Change: ID '00E200471744006821788B01' -> Floor '9'
[2026-08-12 15:59:22] Tag flapping: suppressed 4 repeated tag-change log lines in the last 61s
[2026-08-12 15:59:22] Status Updated: Floor '9'
[2026-08-12 16:00:57] Tag Change: ID '00E2004717773068217BBE01' -> Floor '9'
[2026-08-12 16:00:58] Tag Change: ID '00E2004717767068217BB201' -> Floor '8'
[2026-08-12 16:01:00] Status Updated: Floor '8'
[2026-08-12 16:01:10] Tag Change: ID '00E20047177A3068217BEE01' -> Floor '8'
[2026-08-12 16:01:11] Tag Change: ID '00E2004717638068217A8301' -> Floor '7'
[2026-08-12 16:01:12] Tag Change: ID '00E2004717A60068217EAB01' -> Floor '7'
[2026-08-12 16:01:12] Status Updated: Floor '7'
[2026-08-12 16:01:13] Tag Change: ID '00E2004717684068217ACF01' -> Floor '5'
[2026-08-12 16:01:14] Status Updated: Floor '5'
[2026-08-12 16:01:25] Tag Change: ID '00E2004717A40068217E8B01' -> Floor '-1'
[2026-08-12 16:01:40] Status Updated: Floor '-1'
[2026-08-12 16:01:42] Tag Change: ID '00E2004717A00068217E4B01' -> Floor '-1'
[2026-08-12 16:01:46] Tag Change: ID '00E20047176CC068217B1701' -> Floor '1'
[2026-08-12 16:01:48] Tag Change: ID '00E2004718A58068218EA301' -> Floor '3'
[2026-08-12 16:01:49] Tag Change: ID '00E20047175A80682179F301' -> Floor '4'
[2026-08-12 16:01:51] Status Updated: Floor '5'
[2026-08-12 16:01:52] Tag Change: ID '00E2004717688068217AD301' -> Floor '5'
[2026-08-12 16:02:30] Tag Change: ID '00E2004717684068217ACF01' -> Floor '5'
[2026-08-12 16:02:45] Tag Change: ID '00E200471897C068218DC701' -> Floor '5'
[2026-08-12 16:02:46] Tag Change: ID '00E2004718A2C068218E7701' -> Floor '4'
[2026-08-12 16:02:49] Tag Change: ID '00E20047176CC068217B1701' -> Floor '1'
[2026-08-12 16:02:51] Tag Change: ID '00E2004717AC4068217F0F01' -> Floor '-1'
[2026-08-12 16:02:51] Tag flapping: suppressed 2 repeated tag-change log lines in the last 60s
[2026-08-12 16:02:53] Tag Change: ID '00E200471736C0682177B701' -> Floor '-1'
[2026-08-12 16:02:53] Status Updated: Floor '-1'
[2026-08-12 16:03:06] Tag Change: ID '00E2004717A40068217E8B01' -> Floor '-1'
[2026-08-12 16:03:09] Tag Change: ID '00E2004717A00068217E4B01' -> Floor '-1'
[2026-08-12 16:03:12] Tag Change: ID '00E2004717A54068217E9F01' -> Floor '0'
[2026-08-12 16:03:14] Tag Change: ID '00E200471768C068217AD701' -> Floor '1'
[2026-08-12 16:03:14] Tag Change: ID '00E200471741406821785F01' -> Floor '2'
[2026-08-12 16:03:17] Tag Change: ID '00E20047189E4068218E2F01' -> Floor '4'
[2026-08-12 16:03:20] Tag Change: ID '00E2004717A60068217EAB01' -> Floor '7'
[2026-08-12 16:03:23] Tag Change: ID '00E2004717767068217BB201' -> Floor '8'
[2026-08-12 16:03:25] Status Updated: Floor '8'
[2026-08-12 16:03:36] Tag Change: ID '00E2004717773068217BBE01' -> Floor '9'
[2026-08-12 16:03:37] Tag Change: ID '00E20047177A7068217BF201' -> Floor '9'
[2026-08-12 16:03:37] Status Updated: Floor '9'
[2026-08-12 16:03:38] Tag Change: ID '00E200471744006821788B01' -> Floor '9'
[2026-08-12 16:04:12] Tag Change: ID '00E20047177A3068217BEE01' -> Floor '8'
[2026-08-12 16:04:12] Tag flapping: suppressed 1 repeated tag-change log lines in the last 60s
[2026-08-12 16:04:17] Tag Change: ID '00E2004717A0C068217E5701' -> Floor '3'
[2026-08-12 16:04:19] Tag Change: ID '00E20047176CC068217B1701' -> Floor '1'
[2026-08-12 16:04:22] Tag Change: ID '00E2004717A00068217E4B01' -> Floor '-1'
[2026-08-12 16:04:28] Tag Change: ID '00E2004717AD8068217F2301' -> Floor '-2'
[2026-08-12 16:04:30] Status Updated: Floor '-2'
[2026-08-12 16:04:44] Tag Change: ID '00E2004717A90068217EDB01' -> Floor 'Unknown'
[2026-08-12 16:04:49] Tag Change: ID '00E2004717A40068217E8B01' -> Floor '-1'
[2026-08-12 16:05:05] Status Updated: Floor '-1'
[2026-08-12 16:05:33] Tag Change: ID '00E2004717A48068217E9301' -> Floor '-2'
[2026-08-12 16:05:35] Tag Change: ID '00E2004707DF5060270ED801' -> Floor '-3'
[2026-08-12 16:05:36] Tag Change: ID '00E2004707E01060270EE401' -> Floor '-3'
[2026-08-12 16:05:37] Status Updated: Floor '-3'
[2026-08-12 16:05:39] Tag Change: ID '00E2004707E05060270EE801' -> Floor '-3'
[2026-08-12 16:06:02] Tag Change: ID '00E2004717A40068217E8B01' -> Floor '-1'
[2026-08-12 16:06:07] Tag Change: ID '00E2004717A00068217E4B01' -> Floor '-1'
[2026-08-12 16:06:12] Status Updated: Floor '-1'
[2026-08-12 16:06:15] Tag Change: ID '00E200471768C068217AD701' -> Floor '1'
[2026-08-12 16:06:16] Status Updated: Floor '1'
[2026-08-12 16:06:26] Tag Change: ID '00E20047176CC068217B1701' -> Floor '1'
[2026-08-12 16:06:30] Tag Change: ID '00E200471775B068217BA601' -> Floor '1'
[2026-08-12 16:07:03] Tag Change: ID '00E2004717A40068217E8B01' -> Floor '-1'
[2026-08-12 16:07:03] Tag flapping: suppressed 7 repeated tag-change log lines in the last 81s
[2026-08-12 16:07:04] Status Updated: Floor '-1'
[2026-08-12 16:07:45] Tag Change: ID '00E2004707E01060270EE401' -> Floor '-3'
[2026-08-12 16:07:48] Status Updated: Floor '-3'
[2026-08-12 16:07:48] Tag Change: ID '00E2004707E05060270EE801' -> Floor '-3'
[2026-08-12 16:07:52] Tag Change: ID '00E2004707DF5060270ED801' -> Floor '-3'
[2026-08-12 16:08:03] Tag Change: ID '00E2004717AC4068217F0F01' -> Floor '-1'
[2026-08-12 16:08:03] Tag Change: ID '00E2004717A54068217E9F01' -> Floor '0'
[2026-08-12 16:08:05] Tag Change: ID '00E20047176CC068217B1701' -> Floor '1'
[2026-08-12 16:08:05] Tag flapping: suppressed 8 repeated tag-change log lines in the last 61s
[2026-08-12 16:08:06] Tag Change: ID '00E200471741406821785F01' -> Floor '2'
[2026-08-12 16:08:06] Tag Change: ID '00E20047175A40682179EF01' -> Floor '2'
[2026-08-12 16:08:07] Status Updated: Floor '2'
[2026-08-12 16:08:09] Tag Change: ID '00E20047179C4068217E0F01' -> Floor '2'
[2026-08-12 16:09:40] Tag Change: ID '00E200471768C068217AD701' -> Floor '1'
[2026-08-12 16:09:44] Tag Change: ID '00E2004717A00068217E4B01' -> Floor '-1'
[2026-08-12 16:09:49] Tag Change: ID '00E2004707E01060270EE401' -> Floor '-3'
[2026-08-12 16:09:51] Status Updated: Floor '-3'
[2026-08-12 16:09:51] Tag Change: ID '00E2004707DF5060270ED801' -> Floor '-3'
[2026-08-12 16:09:53] Tag Change: ID '00E2004707E05060270EE801' -> Floor '-3'
[2026-08-12 16:10:13] Tag Change: ID '00E2004717A40068217E8B01' -> Floor '-1'
[2026-08-12 16:10:26] Tag Change: ID '00E2004717A48068217E9301' -> Floor '-2'
[2026-08-12 16:10:27] Status Updated: Floor '-2'
[2026-08-12 16:10:28] Status Updated: Floor '-3'
[2026-08-12 16:11:02] Tag Change: ID '00E2004717A00068217E4B01' -> Floor '-1'
[2026-08-12 16:11:02] Tag flapping: suppressed 25 repeated tag-change log lines in the last 70s
[2026-08-12 16:11:08] Status Updated: Floor '-1'
[2026-08-12 16:11:16] Tag Change: ID '00E20047176CC068217B1701' -> Floor '1'
[2026-08-12 16:11:18] Tag Change: ID '00E2004717A0C068217E5701' -> Floor '3'
[2026-08-12 16:11:18] Tag Change: ID '00E2004717A7C068217EC701' -> Floor '3'
[2026-08-12 16:11:19] Status Updated: Floor '3'
[2026-08-12 16:11:21] Tag Change: ID '00E2004717684068217ACF01' -> Floor '5'
[2026-08-12 16:11:21] Tag Change: ID '00E20047175CC068217A1701' -> Floor '6'
[2026-08-12 16:11:24] Tag Change: ID '00E2004717638068217A8301' -> Floor '7'
[2026-08-12 16:11:26] Status Updated: Floor '7'
[2026-08-12 16:11:48] Tag Change: ID '00E20047175F4068217A3F01' -> Floor '7'
[2026-08-12 16:11:51] Tag Change: ID '00E2004717688068217AD301' -> Floor '5'
[2026-08-12 16:11:51] Status Updated: Floor '5'
[2026-08-12 16:11:52] Tag Change: ID '00E20047189E4068218E2F01' -> Floor '4'
[2026-08-12 16:11:53] Tag Change: ID '00E2004718A58068218EA301' -> Floor '3'
[2026-08-12 16:11:54] Status Updated: Floor '3'
[2026-08-12 16:11:55] Tag Change: ID '00E200471768C068217AD701' -> Floor '1'
[2026-08-12 16:11:57] Tag Change: ID '00E2004717AC4068217F0F01' -> Floor '-1'
[2026-08-12 16:12:00] Status Updated: Floor '-1'
[2026-08-12 16:12:00] Tag Change: ID '00E2004717A40068217E8B01' -> Floor '-1'
[2026-08-12 16:12:22] Tag Change: ID '00E2004707E05060270EE801' -> Floor '-3'
[2026-08-12 16:12:22] Tag flapping: suppressed 5 repeated tag-change log lines in the last 75s
[2026-08-12 16:12:23] Tag Change: ID '00E2004707DF5060270ED801' -> Floor '-3'
[2026-08-12 16:12:23] Status Updated: Floor '-3'
[2026-08-12 16:12:24] Tag Change: ID '00E2004707E01060270EE401' -> Floor '-3'
[2026-08-12 16:13:21] Tag Change: ID '00E2004717A40068217E8B01' -> Floor '-1'
[2026-08-12 16:13:24] Status Updated: Floor '-1'
[2026-08-12 16:13:38] Tag Change: ID '00E2004717A48068217E9301' -> Floor '-2'
[2026-08-12 16:13:38] Tag flapping: suppressed 35 repeated tag-change log lines in the last 71s
[2026-08-12 16:13:39] Tag Change: ID '00E2004707E01060270EE401' -> Floor '-3'
[2026-08-12 16:13:40] Status Updated: Floor '-3'
[2026-08-12 16:13:40] Tag Change: ID '00E200' -> Floor 'Unknown'
[2026-08-12 16:13:42] Tag Change: ID '00E2004707E05060270EE801' -> Floor '-3'
[2026-08-12 16:14:04] Tag Change: ID '00E2004707DF5060270ED801' -> Floor '-3'
[2026-08-12 16:14:29] Tag Change: ID '00E2004717A40068217E8B01' -> Floor '-1'
[2026-08-12 16:14:32] Status Updated: Floor '-1'
[2026-08-12 16:14:53] Tag Change: ID '00E200471736C0682177B701' -> Floor '-1'
[2026-08-12 16:14:53] Tag flapping: suppressed 29 repeated tag-change log lines in the last 72s
[2026-08-12 16:14:57] Tag Change: ID '00E200471741406821785F01' -> Floor '2'
[2026-08-12 16:14:58] Tag Change: ID '00E2004717A7C068217EC701' -> Floor '3'
[2026-08-12 16:15:00] Tag Change: ID '00E200471897C068218DC701' -> Floor '5'
[2026-08-12 16:15:01] Status Updated: Floor '5'
[2026-08-12 16:15:01] Tag Change: ID '00E2004717684068217ACF01' -> Floor '5'
[2026-08-12 16:15:03] Tag Change: ID '00E2004717688068217AD301' -> Floor '5'
[2026-08-12 16:15:13] Tag Change: ID '00E200471777F068217BCA01' -> Floor 'Unknown'
[2026-08-12 16:15:14] Tag Change: ID '00E2004717964068217DAF01' -> Floor '6'
[2026-08-12 16:15:18] Tag Change: ID '00E2004717767068217BB201' -> Floor '8'
[2026-08-12 16:15:20] Status Updated: Floor '8'
[2026-08-12 16:16:40] Tag Change: ID '00E20047177A3068217BEE01' -> Floor '8'
[2026-08-12 16:16:40] Tag flapping: suppressed 1 repeated tag-change log lines in the last 87s
[2026-08-12 16:16:41] Tag Change: ID '00E20047175F4068217A3F01' -> Floor '7'
[2026-08-12 16:16:42] Status Updated: Floor '7'
[2026-08-12 16:16:43] Tag Change: ID '00E20047175CC068217A1701' -> Floor '6'
[2026-08-12 16:16:45] Tag Change: ID '00E200471897C068218DC701' -> Floor '5'
[2026-08-12 16:16:49] Tag Change: ID '00E20047189E4068218E2F01' -> Floor '4'
[2026-08-12 16:16:50] Status Updated: Floor '4'
[2026-08-12 16:17:03] Tag Change: ID '00E20047175A80682179F301' -> Floor '4'
[2026-08-12 16:17:04] Tag Change: ID '00E2004717A0C068217E5701' -> Floor '3'
[2026-08-12 16:17:05] Status Updated: Floor '3'
[2026-08-12 16:17:06] Tag Change: ID '00E200471768C068217AD701' -> Floor '1'
[2026-08-12 16:17:07] Tag Change: ID '00E200471775B068217BA601' -> Floor '1'
[2026-08-12 16:17:08] Status Updated: Floor '1'
[2026-08-12 16:17:09] Tag Change: ID '00E2004717A00068217E4B01' -> Floor '-1'
[2026-08-12 16:17:14] Tag Change: ID '00E2004707DF5060270ED801' -> Floor '-3'
[2026-08-12 16:17:16] Tag Change: ID '00E2004707E01060270EE401' -> Floor '-3'
[2026-08-12 16:17:16] Status Updated: Floor '-3'
[2026-08-12 16:17:16] Tag Change: ID '00E2004707E05060270EE801' -> Floor '-3'
[2026-08-12 16:17:37] Tag Change: ID '00E2004717A9C068217EE701' -> Floor '-2'
[2026-08-12 16:17:38] Status Updated: Floor '-2'
[2026-08-12 16:17:45] Status Updated: Floor '3'
[2026-08-12 16:17:47] Tag Change: ID '00E2004718A58068218EA301' -> Floor '3'
[2026-08-12 16:18:05] Tag Change: ID '00E2004717A0C068217E5701' -> Floor '3'
[2026-08-12 16:18:05] Tag Change: ID '00E20047179C4068217E0F01' -> Floor '2'
[2026-08-12 16:18:06] Tag Change: ID '00E200471768C068217AD701' -> Floor '1'
[2026-08-12 16:18:16] Tag Change: ID '00E2004717A40068217E8B01' -> Floor '-1'
[2026-08-12 16:18:19] Status Updated: Floor '-1'
[2026-08-12 16:18:36] Tag Change: ID '00E2004707E01060270EE401' -> Floor '-3'
[2026-08-12 16:18:36] Tag flapping: suppressed 16 repeated tag-change log lines in the last 79s
[2026-08-12 16:18:37] Status Updated: Floor '-3'
[2026-08-12 16:18:38] Tag Change: ID '00E2004707E05060270EE801' -> Floor '-3'
[2026-08-12 16:18:49] Tag Change: ID '00E2004707DF5060270ED801' -> Floor '-3'
[2026-08-12 16:19:24] Tag Change: ID '00E2004717A40068217E8B01' -> Floor '-1'
[2026-08-12 16:19:28] Status Updated: Floor '-1'
[2026-08-12 16:19:38] Tag Change: ID '00E2004707E01060270EE401' -> Floor '-3'
[2026-08-12 16:19:39] Tag Change: ID '00E2004707E05060270EE801' -> Floor '-3'
[2026-08-12 16:19:39] Status Updated: Floor '-3'
[2026-08-12 16:19:42] Tag flapping: suppressed 25 repeated tag-change log lines in the last 62s
[2026-08-12 16:19:51] Tag Change: ID '00E2004707DF5060270ED801' -> Floor '-3'
[2026-08-12 16:19:55] Tag Change: ID '00E2004717A48068217E9301' -> Floor '-2'
[2026-08-12 16:19:55] Status Updated: Floor '-2'
[2026-08-12 16:19:59] Tag Change: ID '00E2004717A00068217E4B01' -> Floor '-1'
[2026-08-12 16:20:01] Tag Change: ID '00E200471775B068217BA601' -> Floor '1'
[2026-08-12 16:20:03] Tag Change: ID '00E200471741406821785F01' -> Floor '2'
[2026-08-12 16:20:04] Tag Change: ID '00E20047179C4068217E0F01' -> Floor '2'
[2026-08-12 16:20:04] Status Updated: Floor '2'
[2026-08-12 16:20:04] Tag Change: ID '00E2004717A7C068217EC701' -> Floor '3'
[2026-08-12 16:20:05] Tag Change: ID '00E2004718A58068218EA301' -> Floor '3'
[2026-08-12 16:20:05] Status Updated: Floor '3'
[2026-08-12 16:20:06] Tag Change: ID '00E200471897C068218DC701' -> Floor '5'
[2026-08-12 16:20:07] Tag Change: ID '00E2004717684068217ACF01' -> Floor '5'
[2026-08-12 16:20:08] Status Updated: Floor '5'
[2026-08-12 16:20:10] Tag Change: ID '00E2004717688068217AD301' -> Floor '5'
[2026-08-12 16:20:25] Tag Change: ID '00E20047175CC068217A1701' -> Floor '6'
[2026-08-12 16:20:29] Tag Change: ID '00E2004717767068217BB201' -> Floor '8'
[2026-08-12 16:20:41] Status Updated: Floor '8'
[2026-08-12 16:22:08] Tag Change: ID '00E2004717710068217B5B00' -> Floor '8'
[2026-08-12 16:22:08] Tag flapping: suppressed 8 repeated tag-change log lines in the last 144s
[2026-08-12 16:22:10] Tag Change: ID '00E20047175F4068217A3F01' -> Floor '7'
[2026-08-12 16:22:12] Tag Change: ID '00E2004717688068217AD301' -> Floor '5'
[2026-08-12 16:22:12] Tag Change: ID '00E2004717684068217ACF01' -> Floor '5'
[2026-08-12 16:22:12] Status Updated: Floor '5'
[2026-08-12 16:22:15] Tag Change: ID '00E2004718A58068218EA301' -> Floor '3'
[2026-08-12 16:22:16] Status Updated: Floor '3'
[2026-08-12 16:22:30] Tag Change: ID '00E200471768C068217AD701' -> Floor '1'
[2026-08-12 16:22:31] Status Updated: Floor '1'
[2026-08-12 16:22:33] Tag Change: ID '00E2004717AC4068217F0F01' -> Floor '-1'
[2026-08-12 16:22:35] Tag Change: ID '00E2004717A00068217E4B01' -> Floor '-1'
[2026-08-12 16:22:35] Status Updated: Floor '-1'
[2026-08-12 16:22:38] Tag Change: ID '00E2004717A40068217E8B01' -> Floor '-1'
[2026-08-12 16:22:58] Tag Change: ID '00E2004717A7C068217EC701' -> Floor '3'
[2026-08-12 16:22:58] Tag Change: ID '00E20047175A80682179F301' -> Floor '4'
[2026-08-12 16:22:59] Tag Change: ID '00E20047189E4068218E2F01' -> Floor '4'
[2026-08-12 16:23:04] Status Updated: Floor '4'
[2026-08-12 16:23:05] Tag Change: ID '00E2004717638068217A8301' -> Floor '7'
[2026-08-12 16:23:06] Status Updated: Floor '7'
[2026-08-12 16:24:59] Tag Change: ID '00E20047175F4068217A3F01' -> Floor '7'
[2026-08-12 16:24:59] Tag flapping: suppressed 1 repeated tag-change log lines in the last 123s
[2026-08-12 16:25:00] Tag Change: ID '00E2004717964068217DAF01' -> Floor '6'
[2026-08-12 16:25:01] Status Updated: Floor '6'
[2026-08-12 16:25:02] Tag Change: ID '00E20047189E4068218E2F01' -> Floor '4'
[2026-08-12 16:25:03] Tag Change: ID '00E20047175A80682179F301' -> Floor '4'
[2026-08-12 16:25:11] Status Updated: Floor '4'
[2026-08-12 16:25:16] Tag Change: ID '00E2004717AD8068217F2301' -> Floor '-2'
[2026-08-12 16:25:16] Status Updated: Floor '-2'
[2026-08-12 16:25:41] Tag Change: ID '00E2004707E05060270EE801' -> Floor '-3'
[2026-08-12 16:25:41] Tag Change: ID '00E2004707E01060270EE401' -> Floor '-3'
[2026-08-12 16:25:42] Status Updated: Floor '-3'
[2026-08-12 16:25:47] Tag Change: ID '00E2004707DF5060270ED801' -> Floor '-3'
[2026-08-12 16:26:25] Tag Change: ID '00E2004717A48068217E9301' -> Floor '-2'
[2026-08-12 16:26:31] Tag Change: ID '00E200471775B068217BA601' -> Floor '1'
[2026-08-12 16:26:33] Tag Change: ID '00E200471741406821785F01' -> Floor '2'
[2026-08-12 16:26:33] Tag Change: ID '00E20047175A40682179EF01' -> Floor '2'
[2026-08-12 16:26:34] Status Updated: Floor '2'
[2026-08-12 16:26:34] Tag Change: ID '00E20047179C4068217E0F01' -> Floor '2'
[2026-08-12 16:26:34] Tag Change: ID '00E2004717A7C068217EC701' -> Floor '3'
[2026-08-12 16:26:35] Tag Change: ID '00E2004718A58068218EA301' -> Floor '3'
[2026-08-12 16:26:35] Status Updated: Floor '3'
[2026-08-12 16:26:37] Tag Change: ID '00E2004717688068217AD301' -> Floor '5'
[2026-08-12 16:26:38] Status Updated: Floor '5'
[2026-08-12 16:26:39] Tag Change: ID '00E2004717964068217DAF01' -> Floor '6'
[2026-08-12 16:26:40] Status Updated: Floor '6'
[2026-08-12 16:27:00] Tag Change: ID '00E20047175CC068217A1701' -> Floor '6'
[2026-08-12 16:27:00] Tag flapping: suppressed 28 repeated tag-change log lines in the last 78s
[2026-08-12 16:27:01] Tag Change: ID '00E200471777F068217BCA01' -> Floor 'Unknown'
[2026-08-12 16:27:01] Tag Change: ID '00E2004717684068217ACF01' -> Floor '5'
[2026-08-12 16:27:02] Tag Change: ID '00E20047189E4068218E2F01' -> Floor '4'
[2026-08-12 16:27:07] Tag Change: ID '00E2004717A54068217E9F01' -> Floor '0'
[2026-08-12 16:27:10] Tag Change: ID '00E2004717A00068217E4B01' -> Floor '-1'
[2026-08-12 16:27:24] Tag Change: ID '00E2004717A40068217E8B01' -> Floor '-1'
[2026-08-12 16:27:24] Status Updated: Floor '-1'
[2026-08-12 16:27:27] Tag Change: ID '00E200471736C0682177B701' -> Floor '-1'
[2026-08-12 16:27:34] Status Updated: Floor '3'
[2026-08-12 16:27:48] Tag Change: ID '00E20047175A80682179F301' -> Floor '4'
[2026-08-12 16:27:49] Tag Change: ID '00E2004718A2C068218E7701' -> Floor '4'
[2026-08-12 16:27:49] Status Updated: Floor '4'
[2026-08-12 16:27:51] Tag Change: ID '00E2004717688068217AD301' -> Floor '5'
[2026-08-12 16:27:52] Status Updated: Floor '5'
[2026-08-12 16:27:54] Tag Change: ID '00E2004717767068217BB201' -> Floor '8'
[2026-08-12 16:27:54] Tag Change: ID '00E2004717773068217BBE01' -> Floor '9'
[2026-08-12 16:27:56] Tag Change: ID '00E200471744006821788B01' -> Floor '9'
[2026-08-12 16:27:57] Status Updated: Floor '9'
[2026-08-12 16:28:12] Tag Change: ID '00E20047177A3068217BEE01' -> Floor '8'
[2026-08-12 16:28:12] Tag flapping: suppressed 8 repeated tag-change log lines in the last 68s
[2026-08-12 16:28:14] Tag Change: ID '00E20047175CC068217A1701' -> Floor '6'
[2026-08-12 16:28:24] Error sending status: HTTPSConnectionPool(host='ramada-elev-default-rtdb.europe-west1.firebasedatabase.app', port=443): Max retries exceeded with url: /elevators/B.json (Caused by NameResolutionError("HTTPSConnection(host='ramada-elev-default-rtdb.europe-west1.firebasedatabase.app', port=443): Failed to resolve 'ramada-elev-default-rtdb.europe-west1.firebasedatabase.app' ([Errno -3] Temporary failure in name resolution)"))
[2026-08-12 16:28:26] Tag Change: ID '00E2004717A40068217E8B01' -> Floor '-1'
[2026-08-12 16:28:30] Status Updated: Floor '-1'
[2026-08-12 16:28:51] Tag Change: ID '00E200471775B068217BA601' -> Floor '1'
[2026-08-12 16:28:51] Status Updated: Floor '1'
[2026-08-12 16:28:53] Tag Change: ID '00E200471768C068217AD701' -> Floor '1'
[2026-08-12 16:28:53] Tag Change: ID '00E20047175A40682179EF01' -> Floor '2'
[2026-08-12 16:28:54] Status Updated: Floor '2'
[2026-08-12 16:28:57] Tag Change: ID '00E20047179C4068217E0F01' -> Floor '2'
[2026-08-12 16:29:17] Tag Change: ID '00E2004717A0C068217E5701' -> Floor '3'
[2026-08-12 16:29:18] Status Updated: Floor '3'
[2026-08-12 16:29:21] Tag Change: ID '00E2004717688068217AD301' -> Floor '5'
[2026-08-12 16:29:23] Tag Change: ID '00E20047175F4068217A3F01' -> Floor '7'
[2026-08-12 16:29:24] Tag Change: ID '00E2004717638068217A8301' -> Floor '7'
[2026-08-12 16:29:26] Status Updated: Floor '7'
[2026-08-12 16:29:43] Tag Change: ID '00E2004717964068217DAF01' -> Floor '6'
[2026-08-12 16:29:44] Status Updated: Floor '6'
[2026-08-12 16:29:46] Tag Change: ID '00E2004718A58068218EA301' -> Floor '3'
[2026-08-12 16:29:51] Tag Change: ID '00E2004717AC4068217F0F01' -> Floor '-1'
[2026-08-12 16:29:56] Tag Change: ID '00E2004717A48068217E9301' -> Floor '-2'
[2026-08-12 16:30:00] Tag Change: ID '00E2004707E01060270EE401' -> Floor '-3'
[2026-08-12 16:30:00] Tag Change: ID '00E2004707E05060270EE801' -> Floor '-3'
[2026-08-12 16:30:01] Status Updated: Floor '-3'
[2026-08-12 16:30:04] Tag Change: ID '00E2004707DF5060270ED801' -> Floor '-3'
[2026-08-12 16:30:17] Tag Change: ID '00E2004717A54068217E9F01' -> Floor '0'
[2026-08-12 16:30:18] Status Updated: Floor '0'
[2026-08-12 16:30:33] Tag Change: ID '00E200471775B068217BA601' -> Floor '1'
[2026-08-12 16:30:34] Status Updated: Floor '1'
[2026-08-12 16:30:38] Tag Change: ID '00E200471768C068217AD701' -> Floor '1'
[2026-08-12 16:30:38] Tag Change: ID '00E20047176CC068217B1701' -> Floor '1'
[2026-08-12 16:30:43] Tag Change: ID '00E200471768C0' -> Floor 'Unknown'
[2026-08-12 16:30:43] Tag flapping: suppressed 15 repeated tag-change log lines in the last 61s
[2026-08-12 16:30:50] Tag Change: ID '00E20047175A40682179EF01' -> Floor '2'
[2026-08-12 16:30:51] Tag Change: ID '00E20047179C4068217E0F01' -> Floor '2'
[2026-08-12 16:30:51] Status Updated: Floor '2'
[2026-08-12 16:30:52] Tag Change: ID '00E20047175A80682179F301' -> Floor '4'
[2026-08-12 16:30:53] Status Updated: Floor '4'
[2026-08-12 16:30:53] Tag Change: ID '00E200471897C068218DC701' -> Floor '5'
[2026-08-12 16:30:54] Tag Change: ID '00E2004717688068217AD301' -> Floor '5'
[2026-08-12 16:30:55] Status Updated: Floor '5'
[2026-08-12 16:30:55] Tag Change: ID '00E20047175CC068217A1701' -> Floor '6'
[2026-08-12 16:30:55] Tag Change: ID '00E2004717964068217DAF01' -> Floor '6'
[2026-08-12 16:30:56] Status Updated: Floor '6'
[2026-08-12 16:30:56] Tag Change: ID '00E2004717638068217A8301' -> Floor '7'
[2026-08-12 16:30:58] Tag Change: ID '00E20047177A7068217BF201' -> Floor '9'
[2026-08-12 16:30:59] Tag Change: ID '00E200471744006821788B01' -> Floor '9'
[2026-08-12 16:31:00] Status Updated: Floor '9'
[2026-08-12 16:31:15] Tag Change: ID '00E2004718C4B06821909601' -> Floor 'Unknown'
[2026-08-12 16:31:15] Tag Change: ID '00E20047174880682178D301' -> Floor '10'
[2026-08-12 16:31:17] Tag Change: ID '002427031027000620240000' -> Floor 'Unknown'
[2026-08-12 16:31:19] Tag Change: ID '00E200471745C0682178A701' -> Floor '10'
[2026-08-12 16:31:19] Status Updated: Floor '10'
[2026-08-12 16:31:46] Tag flapping: suppressed 16 repeated tag-change log lines in the last 62s
[2026-08-12 16:31:46] Status Updated: Floor '9'
[2026-08-12 16:32:05] Tag Change: ID '00E20047177A7068217BF201' -> Floor '9'
[2026-08-12 16:32:05] Tag Change: ID '00E2004717773068217BBE01' -> Floor '9'
[2026-08-12 16:32:06] Tag Change: ID '00E2004717710068217B5B00' -> Floor '8'
[2026-08-12 16:32:12] Tag Change: ID '00E2004717A0C068217E5701' -> Floor '3'
[2026-08-12 16:32:13] Tag Change: ID '00E20047175A40682179EF01' -> Floor '2'
[2026-08-12 16:32:15] Tag Change: ID '00E200471775B068217BA601' -> Floor '1'
[2026-08-12 16:32:26] Tag Change: ID '00E2004717A40068217E8B01' -> Floor '-1'
[2026-08-12 16:32:29] Status Updated: Floor '-1'
[2026-08-12 16:32:49] Tag Change: ID '00E2004717AD8068217F2301' -> Floor '-2'
[2026-08-12 16:32:53] Tag Change: ID '00E2004717A48068217E9301' -> Floor '-2'
[2026-08-12 16:32:53] Status Updated: Floor '-2'
[2026-08-12 16:32:55] Tag Change: ID '00E2004707E01060270EE401' -> Floor '-3'
[2026-08-12 16:32:56] Status Updated: Floor '-3'
[2026-08-12 16:32:58] Tag Change: ID '00E2004707E05060270EE801' -> Floor '-3'
[2026-08-12 16:32:59] Tag Change: ID '00E2004707DF5060270ED801' -> Floor '-3'
[2026-08-12 16:33:17] Tag Change: ID '00E200471736C0682177B701' -> Floor '-1'
[2026-08-12 16:33:17] Tag Change: ID '00E2004717AC4068217F0F01' -> Floor '-1'
[2026-08-12 16:33:23] Status Updated: Floor '-1'
[2026-08-12 16:33:24] Tag Change: ID '00E2004717684068217ACF01' -> Floor '5'
[2026-08-12 16:33:25] Tag Change: ID '00E20047175CC068217A1701' -> Floor '6'
[2026-08-12 16:33:26] Tag Change: ID '00E2004717638068217A8301' -> Floor '7'
[2026-08-12 16:33:27] Status Updated: Floor '7'
[2026-08-12 16:33:28] Tag Change: ID '00E2004717710068217B5B00' -> Floor '8'
[2026-08-12 16:33:29] Tag Change: ID '00E2004717767068217BB201' -> Floor '8'
[2026-08-12 16:33:29] Status Updated: Floor '8'
[2026-08-12 16:33:50] Tag Change: ID '00E20047189E4068218E2F01' -> Floor '4'
[2026-08-12 16:33:52] Status Updated: Floor '4'
[2026-08-12 16:34:22] Tag Change: ID '00E2004717A0C068217E5701' -> Floor '3'
[2026-08-12 16:34:22] Tag flapping: suppressed 15 repeated tag-change log lines in the last 83s
[2026-08-12 16:34:23] Tag Change: ID '00E20047175A40682179EF01' -> Floor '2'
[2026-08-12 16:34:23] Tag Change: ID '00E200471768C068217AD701' -> Floor '1'
[2026-08-12 16:34:30] Tag Change: ID '00E2004717A9C068217EE701' -> Floor '-2'
[2026-08-12 16:34:33] Tag Change: ID '00E2004707E01060270EE401' -> Floor '-3'
[2026-08-12 16:34:34] Tag Change: ID '00E2004707E05060270EE801' -> Floor '-3'
[2026-08-12 16:34:34] Status Updated: Floor '-3'
[2026-08-12 16:34:37] Tag Change: ID '00E2004707DF5060270ED801' -> Floor '-3'
[2026-08-12 16:34:43] Tag Change: ID '00E2004717A48068217E9301' -> Floor '-2'
[2026-08-12 16:34:44] Status Updated: Floor '-2'
[2026-08-12 16:34:49] Tag Change: ID '00E2004717AC4068217F0F01' -> Floor '-1'
[2026-08-12 16:34:52] Tag Change: ID '00E20047179C4068217E0F01' -> Floor '2'
[2026-08-12 16:34:55] Tag Change: ID '00E200471897C068218DC701' -> Floor '5'
[2026-08-12 16:34:56] Tag Change: ID '00E20047175CC068217A1701' -> Floor '6'
[2026-08-12 16:34:57] Tag Change: ID '00E2004717A60068217EAB01' -> Floor '7'
[2026-08-12 16:34:57] Tag Change: ID '00E20047175F4068217A3F01' -> Floor '7'
[2026-08-12 16:34:57] Status Updated: Floor '7'
[2026-08-12 16:34:58] Tag Change: ID '00E20047177A3068217BEE01' -> Floor '8'
[2026-08-12 16:34:59] Tag Change: ID '00E20047177A7068217BF201' -> Floor '9'
[2026-08-12 16:35:00] Status Updated: Floor '9'
[2026-08-12 16:35:01] Tag Change: ID '00E200471744006821788B01' -> Floor '9'
[2026-08-12 16:36:45] Tag Change: ID '00E2004717638068217A8301' -> Floor '7'
[2026-08-12 16:36:45] Tag flapping: suppressed 8 repeated tag-change log lines in the last 129s
[2026-08-12 16:36:45] Tag Change: ID '00E20047175F4068217A3F01' -> Floor '7'
[2026-08-12 16:36:46] Status Updated: Floor '7'
[2026-08-12 16:36:47] Tag Change: ID '00E200471777F068217BCA01' -> Floor 'Unknown'
[2026-08-12 16:36:50] Tag Change: ID '00E2004717A0C068217E5701' -> Floor '3'
[2026-08-12 16:36:53] Tag Change: ID '00E2004717A54068217E9F01' -> Floor '0'
[2026-08-12 16:36:55] Tag Change: ID '00E200471736C0682177B701' -> Floor '-1'
[2026-08-12 16:36:55] Tag Change: ID '00E2004717A00068217E4B01' -> Floor '-1'
[2026-08-12 16:36:55] Status Updated: Floor '-1'
[2026-08-12 16:37:00] Tag Change: ID '00E2004707DF5060270ED801' -> Floor '-3'
[2026-08-12 16:37:00] Tag Change: ID '00E2004707E01060270EE401' -> Floor '-3'
[2026-08-12 16:37:01] Status Updated: Floor '-3'
[2026-08-12 16:37:03] Tag Change: ID '00E2004707E05060270EE801' -> Floor '-3'
[2026-08-12 16:37:41] Tag Change: ID '00E2004717688068217AD301' -> Floor '5'
[2026-08-12 16:37:42] Status Updated: Floor '5'
[2026-08-12 16:37:44] Tag Change: ID '00E20047177A3068217BEE01' -> Floor '8'
[2026-08-12 16:37:45] Tag Change: ID '00E2004717710068217B5B00' -> Floor '8'
[2026-08-12 16:37:45] Status Updated: Floor '8'
[2026-08-12 16:37:46] Tag Change: ID '00E2004717767068217BB201' -> Floor '8'
[2026-08-12 16:38:04] Tag Change: ID '00E2004717638068217A8301' -> Floor '7'
[2026-08-12 16:38:04] Tag flapping: suppressed 22 repeated tag-change log lines in the last 60s
[2026-08-12 16:38:06] Status Updated: Floor '7'
[2026-08-12 16:38:18] Tag Change: ID '00E2004717A60068217EAB01' -> Floor '7'
[2026-08-12 16:38:19] Tag Change: ID '00E2004717684068217ACF01' -> Floor '5'
[2026-08-12 16:38:20] Status Updated: Floor '5'
[2026-08-12 16:38:20] Tag Change: ID '00E2004718A2C068218E7701' -> Floor '4'
[2026-08-12 16:38:21] Tag Change: ID '00E20047175A80682179F301' -> Floor '4'
[2026-08-12 16:38:21] Status Updated: Floor '4'
[2026-08-12 16:38:22] Tag Change: ID '00E2004717A0C068' -> Floor 'Unknown'
[2026-08-12 16:38:24] Tag Change: ID '00E20047176CC068217B1701' -> Floor '1'
[2026-08-12 16:38:26] Tag Change: ID '00E2004717AC4068217F0F01' -> Floor '-1'
[2026-08-12 16:38:31] Tag Change: ID '00E2004717A48068217E9301' -> Floor '-2'
[2026-08-12 16:38:31] Status Updated: Floor '-2'
[2026-08-12 16:38:32] Tag Change: ID '00E2004707DF5060270ED801' -> Floor '-3'
[2026-08-12 16:38:34] Tag Change: ID '00E2004707E01060270EE401' -> Floor '-3'
[2026-08-12 16:38:39] Status Updated: Floor '-3'
[2026-08-12 16:38:40] Tag Change: ID '00E2004707E05060270EE801' -> Floor '-3'
[2026-08-12 16:39:03] Tag Change: ID '00E2004717A00068217E4B01' -> Floor '-1'
[2026-08-12 16:39:07] Tag Change: ID '00E2004717A54068217E9F01' -> Floor '0'
[2026-08-12 16:39:12] Status Updated: Floor '0'
[2026-08-12 16:39:25] Tag Change: ID '00E20047176CC068217B1701' -> Floor '1'
[2026-08-12 16:39:25] Tag flapping: suppressed 6 repeated tag-change log lines in the last 65s
[2026-08-12 16:39:29] Tag Change: ID '00E2004718A58068218EA301' -> Floor '3'
[2026-08-12 16:39:29] Status Updated: Floor '3'
[2026-08-12 16:39:43] Tag Change: ID '00E2004717A7C068217EC701' -> Floor '3'
[2026-08-12 16:39:43] Tag Change: ID '00E2004717A0C068217E5701' -> Floor '3'
[2026-08-12 16:39:45] Tag Change: ID '00E20047179C4068217E0F01' -> Floor '2'
[2026-08-12 16:39:50] Status Updated: Floor '2'
[2026-08-12 16:39:57] Tag Change: ID '00E20047175A40682179EF01' -> Floor '2'
[2026-08-12 16:39:58] Tag Change: ID '00E200471768C068217AD701' -> Floor '1'
[2026-08-12 16:40:04] Status Updated: Floor '1'
[2026-08-12 16:40:14] Tag Change: ID '00E200471775B068217BA601' -> Floor '1'
[2026-08-12 16:40:15] Tag Change: ID '00E2004717A54068217E9F01' -> Floor '0'
[2026-08-12 16:40:15] Tag Change: ID '00E2004717AC4068217F0F01' -> Floor '-1'
[2026-08-12 16:40:19] Tag Change: ID '00E2004717A40068217E8B01' -> Floor '-1'
[2026-08-12 16:40:19] Status Updated: Floor '-1'
[2026-08-12 16:40:50] Tag Change: ID '00E2004717AD8068217F2301' -> Floor '-2'
[2026-08-12 16:41:18] Tag flapping: suppressed 12 repeated tag-change log lines in the last 72s
[2026-08-12 16:41:27] Tag Change: ID '00E20047176CC068217B1701' -> Floor '1'
[2026-08-12 16:41:29] Tag Change: ID '00E20047175A40682179EF01' -> Floor '2'
[2026-08-12 16:41:30] Tag Change: ID '00E2004717A7C068217EC701' -> Floor '3'
[2026-08-12 16:41:31] Tag Change: ID '00E20047175A80682179F301' -> Floor '4'
[2026-08-12 16:41:33] Tag Change: ID '00E20047189E4068218E2F01' -> Floor '4'
[2026-08-12 16:41:34] Status Updated: Floor '4'
[2026-08-12 16:41:58] Tag Change: ID '00E2004717A0C068217E5701' -> Floor '3'
[2026-08-12 16:41:58] Status Updated: Floor '3'
[2026-08-12 16:41:59] Tag Change: ID '00E200471768C068217AD701' -> Floor '1'
[2026-08-12 16:42:02] Tag Change: ID '00E200471775B068217BA601' -> Floor '1'
[2026-08-12 16:42:02] Status Updated: Floor '1'
[2026-08-12 16:42:03] Tag Change: ID '00E2004717A54068217E9F01' -> Floor '0'
[2026-08-12 16:42:04] Status Updated: Floor '0'
[2026-08-12 16:42:19] Status Updated: Floor '1'
[2026-08-12 16:42:26] Status Updated: Floor '4'
[2026-08-12 16:42:59] Tag Change: ID '00E2004718A58068218EA301' -> Floor '3'
[2026-08-12 16:42:59] Tag flapping: suppressed 5 repeated tag-change log lines in the last 61s
[2026-08-12 16:42:59] Tag Change: ID '00E2004717A7C068217EC701' -> Floor '3'
[2026-08-12 16:43:00] Status Updated: Floor '3'
[2026-08-12 16:43:00] Tag Change: ID '00E20047179C4068217E0F01' -> Floor '2'
[2026-08-12 16:43:01] Tag Change: ID '00E200471768C068217AD701' -> Floor '1'
[2026-08-12 16:43:01] Status Updated: Floor '1'
[2026-08-12 16:43:10] Tag Change: ID '00E2004707E01060270EE401' -> Floor '-3'
[2026-08-12 16:43:13] Status Updated: Floor '-3'
[2026-08-12 16:43:15] Tag Change: ID '00E2004707E05060270EE801' -> Floor '-3'
[2026-08-12 16:43:16] Tag Change: ID '00E2004707DF5060270ED801' -> Floor '-3'
[2026-08-12 16:43:39] Tag Change: ID '00E2004717A40068217E8B01' -> Floor '-1'
[2026-08-12 16:43:52] Tag Change: ID '00E20047176CC068217B1701' -> Floor '1'
[2026-08-12 16:43:54] Status Updated: Floor '1'
[2026-08-12 16:44:04] Tag Change: ID '00E200471741406821785F01' -> Floor '2'
[2026-08-12 16:44:05] Tag Change: ID '00E20047175A40682179EF01' -> Floor '2'
[2026-08-12 16:44:05] Status Updated: Floor '2'
[2026-08-12 16:44:08] Tag Change: ID '00E20047179C4068217E0F01' -> Floor '2'
[2026-08-12 16:44:16] Tag Change: ID '00E2004717A0C068217E5701' -> Floor '3'
[2026-08-12 16:44:17] Status Updated: Floor '3'
[2026-08-12 16:44:19] Tag Change: ID '00E2004718A58068218EA301' -> Floor '3'
[2026-08-12 16:44:19] Tag flapping: suppressed 17 repeated tag-change log lines in the last 62s
[2026-08-12 16:44:31] Tag Change: ID '00E2004717688068217AD301' -> Floor '5'
[2026-08-12 16:44:35] Tag Change: ID '00E20047177A7068217BF201' -> Floor '9'
[2026-08-12 16:44:37] Tag Change: ID '00E200471744006821788B01' -> Floor '9'
[2026-08-12 16:44:37] Status Updated: Floor '9'
[2026-08-12 16:44:57] Tag Change: ID '00E20047177A3068217BEE01' -> Floor '8'
[2026-08-12 16:45:00] Status Updated: Floor '5'
[2026-08-12 16:45:01] Tag Change: ID '00E20047175A80682179F301' -> Floor '4'
[2026-08-12 16:45:04] Status Updated: Floor '2'
[2026-08-12 16:45:08] Tag Change: ID '00E2004717A00068217E4B01' -> Floor '-1'
[2026-08-12 16:45:26] Tag Change: ID '00E2004717A40068217E8B01' -> Floor '-1'
[2026-08-12 16:45:26] Status Updated: Floor '-1'
[2026-08-12 16:45:33] Tag Change: ID '00E200471736C0682177B701' -> Floor '-1'
[2026-08-12 16:45:37] Tag Change: ID '00E200471768C068217AD701' -> Floor '1'
[2026-08-12 16:45:37] Tag Change: ID '00E200471741406821785F01' -> Floor '2'
[2026-08-12 16:45:38] Tag Change: ID '00E2004717A0C068217E5701' -> Floor '3'
[2026-08-12 16:45:38] Tag Change: ID '00E2004717A7C068217EC701' -> Floor '3'
[2026-08-12 16:45:39] Status Updated: Floor '3'
[2026-08-12 16:45:39] Tag Change: ID '00E2004718A58068218EA301' -> Floor '3'
[2026-08-12 16:45:41] Tag Change: ID '00E2004717684068217ACF01' -> Floor '5'
[2026-08-12 16:45:45] Tag Change: ID '00E2004717767068217BB201' -> Floor '8'
[2026-08-12 16:45:46] Status Updated: Floor '8'
[2026-08-12 16:46:04] Tag Change: ID '00E2004717773068217BBE01' -> Floor '9'
[2026-08-12 16:46:04] Tag flapping: suppressed 4 repeated tag-change log lines in the last 64s
[2026-08-12 16:46:05] Tag Change: ID '00E20047177A7068217BF201' -> Floor '9'
[2026-08-12 16:46:06] Status Updated: Floor '9'
[2026-08-12 16:46:07] Tag Change: ID '00E2004718C4B06821909601' -> Floor 'Unknown'
[2026-08-12 16:46:08] Tag Change: ID '002427031027000620240000' -> Floor 'Unknown'
[2026-08-12 16:46:22] Tag Change: ID '00E200471745C0682178A701' -> Floor '10'
[2026-08-12 16:46:23] Status Updated: Floor '10'
[2026-08-12 16:47:12] Tag Change: ID '002427031027000620240000' -> Floor 'Unknown'
[2026-08-12 16:47:26] Tag Change: ID '00E200471745C0682178A701' -> Floor '10'
[2026-08-12 16:47:26] Tag flapping: suppressed 22 repeated tag-change log lines in the last 62s
[2026-08-12 16:48:21] Tag Change: ID '002427031027000620240000' -> Floor 'Unknown'
[2026-08-12 16:48:26] Tag Change: ID '00E2004718C4B06821909601' -> Floor 'Unknown'
[2026-08-12 16:48:27] Tag Change: ID '00E200471744006821788B01' -> Floor '9'
[2026-08-12 16:48:27] Tag flapping: suppressed 18 repeated tag-change log lines in the last 60s
[2026-08-12 16:48:29] Status Updated: Floor '9'
[2026-08-12 16:48:40] Tag Change: ID '00E20047177A7068217BF201' -> Floor '9'
[2026-08-12 16:48:43] Tag Change: ID '00E2004717A60068217EAB01' -> Floor '7'
[2026-08-12 16:48:43] Tag Change: ID '00E20047175CC068217A1701' -> Floor '6'
[2026-08-12 16:48:45] Tag Change: ID '00E2004718A2C068218E7701' -> Floor '4'
[2026-08-12 16:48:47] Tag Change: ID '00E20047179C4068217E0F01' -> Floor '2'
[2026-08-12 16:48:48] Tag Change: ID '00E20047175A40682179EF01' -> Floor '2'
[2026-08-12 16:48:48] Status Updated: Floor '2'
[2026-08-12 16:48:48] Tag Change: ID '00E200471741406821785F01' -> Floor '2'
[2026-08-12 16:48:48] Tag Change: ID '00E200471768C068217AD701' -> Floor '1'
[2026-08-12 16:48:51] Tag Change: ID '00E2004717AC4068217F0F01' -> Floor '-1'
[2026-08-12 16:48:59] Tag Change: ID '00E2004707E05060270EE801' -> Floor '-3'
[2026-08-12 16:48:59] Tag Change: ID '00E2004707E01060270EE401' -> Floor '-3'
[2026-08-12 16:49:00] Status Updated: Floor '-3'
[2026-08-12 16:49:00] Tag Change: ID '00E2004707DF5060270ED801' -> Floor '-3'
[2026-08-12 16:49:18] Tag Change: ID '00E200471736C0682177B701' -> Floor '-1'
[2026-08-12 16:49:19] Status Updated: Floor '-1'
[2026-08-12 16:49:22] Tag Change: ID '00E2004717A54068217E9F01' -> Floor '0'
[2026-08-12 16:49:22] Status Updated: Floor '0'
[2026-08-12 16:49:39] Tag Change: ID '00E2004718A58068218EA301' -> Floor '3'
[2026-08-12 16:49:42] Tag Change: ID '00E2004717964068217DAF01' -> Floor '6'
[2026-08-12 16:49:43] Tag Change: ID '00E20047177A3068217BEE01' -> Floor '8'
[2026-08-12 16:49:44] Tag Change: ID '00E2004717767068217BB201' -> Floor '8'
[2026-08-12 16:49:45] Status Updated: Floor '8'
[2026-08-12 16:49:46] Tag Change: ID '00E20047174880682178D301' -> Floor '10'
[2026-08-12 16:49:47] Status Updated: Floor '10'
[2026-08-12 16:49:48] Tag Change: ID '00E200471745C0682178A701' -> Floor '10'
[2026-08-12 16:49:48] Tag Change: ID '002427031027000620240000' -> Floor 'Unknown'
[2026-08-12 16:50:06] Tag flapping: suppressed 16 repeated tag-change log lines in the last 65s
[2026-08-12 16:50:55] Tag Change: ID '00E200471745C0682178A701' -> Floor '10'
[2026-08-12 16:50:58] Tag Change: ID '002427031027000620240000' -> Floor 'Unknown'
[2026-08-12 16:51:14] Tag Change: ID '00E2004717964068217DAF01' -> Floor '6'
[2026-08-12 16:51:14] Tag flapping: suppressed 13 repeated tag-change log lines in the last 65s
[2026-08-12 16:51:14] Tag Change: ID '00E2004717688068217AD301' -> Floor '5'
[2026-08-12 16:51:16] Tag Change: ID '00E200471897C068218DC701' -> Floor '5'
[2026-08-12 16:51:17] Status Updated: Floor '5'
[2026-08-12 16:51:17] Tag Change: ID '00E20047189E4068218E2F01' -> Floor '4'
[2026-08-12 16:51:18] Status Updated: Floor '4'
[2026-08-12 16:51:34] Tag Change: ID '00E2004718A2C068218E7701' -> Floor '4'
[2026-08-12 16:51:36] Tag Change: ID '00E2004717A0C068217E5701' -> Floor '3'
[2026-08-12 16:51:38] Tag Change: ID '00E200471775B068217BA601' -> Floor '1'
[2026-08-12 16:51:41] Tag Change: ID '00E2004717A00068217E4B01' -> Floor '-1'
[2026-08-12 16:51:55] Tag Change: ID '00E2004717A40068217E8B01' -> Floor '-1'
[2026-08-12 16:51:55] Status Updated: Floor '-1'
[2026-08-12 16:52:11] Tag Change: ID '00E200471736C0682177B701' -> Floor '-1'
[2026-08-12 16:52:15] Tag Change: ID '00E20047176CC068217B1701' -> Floor '1'
[2026-08-12 16:52:17] Tag Change: ID '00E200471768C068217AD701' -> Floor '1'
[2026-08-12 16:52:17] Status Updated: Floor '1'
[2026-08-12 16:52:32] Tag Change: ID '00E200471768C0' -> Floor 'Unknown'
[2026-08-12 16:53:11] Tag flapping: suppressed 23 repeated tag-change log lines in the last 61s
[2026-08-12 16:53:16] Tag Change: ID '00E20047176CC068217B1701' -> Floor '1'
[2026-08-12 16:53:17] Tag Change: ID '00E200471768C068217AD701' -> Floor '1'
[2026-08-12 16:53:58] Tag Change: ID '00E20047179C4068217E0F01' -> Floor '2'
[2026-08-12 16:54:01] Tag Change: ID '00E200471777F068217BCA01' -> Floor 'Unknown'
[2026-08-12 16:54:02] Tag Change: ID '00E20047175CC068217A1701' -> Floor '6'
[2026-08-12 16:54:02] Status Updated: Floor '6'
[2026-08-12 16:54:03] Tag Change: ID '00E2004717638068217A8301' -> Floor '7'
[2026-08-12 16:54:03] Tag Change: ID '00E20047177A3068217BEE01' -> Floor '8'
[2026-08-12 16:54:04] Tag Change: ID '00E2004717767068217BB201' -> Floor '8'
[2026-08-12 16:54:10] Status Updated: Floor '8'
[2026-08-12 16:54:10] Tag Change: ID '00E200471744006821788B01' -> Floor '9'
[2026-08-12 16:54:13] Status Updated: Floor '9'
[2026-08-12 16:54:20] Tag Change: ID '00E20047177A7068217BF201' -> Floor '9'
[2026-08-12 16:54:20] Tag flapping: suppressed 15 repeated tag-change log lines in the last 68s
[2026-08-12 16:54:25] Tag Change: ID '00E2004717684068217ACF01' -> Floor '5'
[2026-08-12 16:54:25] Tag Change: ID '00E200471897C068218DC701' -> Floor '5'
[2026-08-12 16:54:26] Status Updated: Floor '5'
[2026-08-12 16:54:26] Tag Change: ID '00E2004718A2C068218E7701' -> Floor '4'
[2026-08-12 16:54:26] Tag Change: ID '00E20047175A80682179F301' -> Floor '4'
[2026-08-12 16:54:27] Status Updated: Floor '4'
[2026-08-12 16:54:29] Tag Change: ID '00E200471768C068217AD701' -> Floor '1'
[2026-08-12 16:54:30] Tag Change: ID '00E200471775B068217BA601' -> Floor '1'
[2026-08-12 16:54:31] Status Updated: Floor '1'
[2026-08-12 16:54:34] Tag Change: ID '00E2004717AD8068217F2301' -> Floor '-2'
[2026-08-12 16:54:36] Status Updated: Floor '-2'
[2026-08-12 16:54:36] Tag Change: ID '00E2004717A48068217E9301' -> Floor '-2'
[2026-08-12 16:54:37] Tag Change: ID '00E2004707DF5060270ED801' -> Floor '-3'
[2026-08-12 16:54:38] Tag Change: ID '00E2004707E05060270EE801' -> Floor '-3'
[2026-08-12 16:54:39] Status Updated: Floor '-3'
[2026-08-12 16:54:41] Tag Change: ID '00E2004707E01060270EE401' -> Floor '-3'
[2026-08-12 16:55:38] Tag Change: ID '00E2004707E05060270EE801' -> Floor '-3'
[2026-08-12 16:55:40] Tag Change: ID '00E2004717A48068217E9301' -> Floor '-2'
[2026-08-12 16:55:40] Tag flapping: suppressed 44 repeated tag-change log lines in the last 60s
[2026-08-12 16:55:44] Tag Change: ID '00E2004717AD8068217F2301' -> Floor '-2'
[2026-08-12 16:55:44] Status Updated: Floor '-2'
[2026-08-12 16:56:02] Tag Change: ID '00E2004717A40068217E8B01' -> Floor '-1'
[2026-08-12 16:56:03] Status Updated: Floor '-1'
[2026-08-12 16:56:19] Tag Change: ID '00E2004717A00068217E4B01' -> Floor '-1'
[2026-08-12 16:56:20] Tag Change: ID '00E200471736C0682177B701' -> Floor '-1'
[2026-08-12 16:56:21] Tag Change: ID '00E2004717AC4068217F0F01' -> Floor '-1'
[2026-08-12 16:56:21] Tag Change: ID '00E2004717A54068217E9F01' -> Floor '0'
[2026-08-12 16:56:22] Tag Change: ID '00E20047176CC068217B1701' -> Floor '1'
[2026-08-12 16:56:23] Tag Change: ID '00E200471768C068217AD701' -> Floor '1'
[2026-08-12 16:56:23] Status Updated: Floor '1'
[2026-08-12 16:56:24] Tag Change: ID '00E20047179C4068217E0F01' -> Floor '2'
[2026-08-12 16:56:26] Tag Change: ID '00E20047189E4068218E2F01' -> Floor '4'
[2026-08-12 16:56:27] Status Updated: Floor '4'
[2026-08-12 16:56:27] Tag Change: ID '00E2004717684068217ACF01' -> Floor '5'
[2026-08-12 16:56:28] Status Updated: Floor '5'
[2026-08-12 16:56:28] Tag Change: ID '00E2004717688068217AD301' -> Floor '5'
[2026-08-12 16:56:48] Tag Change: ID '00E20047175F4068217A3F01' -> Floor '7'
[2026-08-12 16:56:50] Tag Change: ID '00E2004717638068217A8301' -> Floor '7'
[2026-08-12 16:56:51] Status Updated: Floor '7'
[2026-08-12 16:57:07] Tag Change: ID '00E20047175CC068217A1701' -> Floor '6'
[2026-08-12 16:57:08] Status Updated: Floor '5'
[2026-08-12 16:57:09] Tag Change: ID '00E2004718A58068218EA301' -> Floor '3'
[2026-08-12 16:57:13] Tag Change: ID '00E200471775B068217BA601' -> Floor '1'
[2026-08-12 16:57:20] Tag Change: ID '00E2004717AD8068217F2301' -> Floor '-2'
[2026-08-12 16:57:28] Status Updated: Floor '-2'
[2026-08-12 16:57:52] Tag Change: ID '00E200471768C068217AD701' -> Floor '1'
[2026-08-12 16:57:55] Tag Change: ID '00E20047175A80682179F301' -> Floor '4'
[2026-08-12 16:57:55] Tag Change: ID '00E2004718A2C068218E7701' -> Floor '4'
[2026-08-12 16:57:55] Status Updated: Floor '4'
[2026-08-12 16:57:56] Tag Change: ID '00E200471897C068218DC701' -> Floor '5'
[2026-08-12 16:57:56] Tag Change: ID '00E2004717684068217ACF01' -> Floor '5'
[2026-08-12 16:57:57] Status Updated: Floor '5'
[2026-08-12 16:57:58] Tag Change: ID '00E2004717964068217DAF01' -> Floor '6'
[2026-08-12 16:57:58] Status Updated: Floor '6'
[2026-08-12 16:57:59] Tag Change: ID '00E2004717638068217A8301' -> Floor '7'
[2026-08-12 16:57:59] Status Updated: Floor '7'
[2026-08-12 16:58:00] Tag Change: ID '00E2004717767068217BB201' -> Floor '8'
[2026-08-12 16:58:00] Tag Change: ID '00E2004717773068217BBE01' -> Floor '9'
[2026-08-12 16:58:02] Tag Change: ID '00E20047174880682178D301' -> Floor '10'
[2026-08-12 16:58:02] Tag Change: ID '002427031027000620240000' -> Floor 'Unknown'
[2026-08-12 16:58:03] Tag Change: ID '00E20047174C806821791301' -> Floor '11'
[2026-08-12 16:58:03] Status Updated: Floor '11'
[2026-08-12 16:58:03] Tag Change: ID '00E200471751806821796301' -> Floor '11'
[2026-08-12 16:58:06] Tag Change: ID '00E200471753C06821798701' -> Floor '11'
[2026-08-12 16:58:06] Tag flapping: suppressed 4 repeated tag-change log lines in the last 60s
[2026-08-12 16:58:22] Tag Change: ID '00E200471744006821788B01' -> Floor '9'
[2026-08-12 16:58:22] Tag Change: ID '00E20047177A7068217BF201' -> Floor '9'
[2026-08-12 16:58:22] Status Updated: Floor '9'
[2026-08-12 16:58:26] Tag Change: ID '00E200471777F068217BCA01' -> Floor 'Unknown'
[2026-08-12 16:58:28] Status Updated: Floor '4'
[2026-08-12 16:58:32] Tag Change: ID '00E200471775B068217BA601' -> Floor '1'
[2026-08-12 16:58:32] Status Updated: Floor '1'
[2026-08-12 16:58:32] Tag Change: ID '00E2004717AC4068217F0F01' -> Floor '-1'
[2026-08-12 16:58:38] Tag Change: ID '00E2004717A40068217E8B01' -> Floor '-1'
[2026-08-12 16:58:39] Status Updated: Floor '-1'
[2026-08-12 16:59:08] Tag Change: ID '00E20047176CC068217B1701' -> Floor '1'
[2026-08-12 16:59:08] Status Updated: Floor '1'
[2026-08-12 16:59:09] Tag Change: ID '00E20047175A40682179EF01' -> Floor '2'
[2026-08-12 16:59:09] Tag Change: ID '00E2004717A0C068217E5701' -> Floor '3'
[2026-08-12 16:59:11] Tag Change: ID '00E2004718A2C068218E7701' -> Floor '4'
[2026-08-12 16:59:14] Tag Change: ID '00E2004717688068217AD301' -> Floor '5'
[2026-08-12 16:59:15] Status Updated: Floor '5'
[2026-08-12 16:59:33] Tag Change: ID '00E2004717684068217ACF01' -> Floor '5'
[2026-08-12 16:59:33] Tag flapping: suppressed 5 repeated tag-change log lines in the last 73s
[2026-08-12 16:59:35] Tag Change: ID '00E20047175A80682179F301' -> Floor '4'
[2026-08-12 16:59:40] Tag Change: ID '00E2004717A54068217E9F01' -> Floor '0'
[2026-08-12 16:59:43] Status Updated: Floor '0'
[2026-08-12 17:00:07] Tag Change: ID '00E2004717A40068217E8B01' -> Floor '-1'
[2026-08-12 17:00:24] Tag Change: ID '00E2004717A00068217E4B01' -> Floor '-1'
[2026-08-12 17:00:25] Status Updated: Floor '-1'
[2026-08-12 17:00:26] Tag Change: ID '00E2004717AC4068217F0F01' -> Floor '-1'
[2026-08-12 17:00:27] Tag Change: ID '00E200471775B068217BA601' -> Floor '1'
[2026-08-12 17:00:29] Tag Change: ID '00E200471741406821785F01' -> Floor '2'
[2026-08-12 17:00:30] Tag Change: ID '00E2004717A7C068217EC701' -> Floor '3'
[2026-08-12 17:00:34] Tag Change: ID '00E2004717688068217AD301' -> Floor '5'
[2026-08-12 17:00:35] Status Updated: Floor '5'
[2026-08-12 17:01:24] Tag Change: ID '00E2004717684068217ACF01' -> Floor '5'
[2026-08-12 17:01:24] Tag flapping: suppressed 1 repeated tag-change log lines in the last 108s
[2026-08-12 17:01:48] Tag Change: ID '00E2004717688068217AD301' -> Floor '5'
[2026-08-12 17:02:43] Tag Change: ID '00E2004717964068217DAF01' -> Floor '6'
[2026-08-12 17:02:43] Tag flapping: suppressed 2 repeated tag-change log lines in the last 78s
[2026-08-12 17:02:44] Tag Change: ID '00E20047175F4068217A3F01' -> Floor '7'
[2026-08-12 17:02:45] Tag Change: ID '00E2004717767068217BB201' -> Floor '8'
[2026-08-12 17:02:46] Tag Change: ID '00E20047177A7068217BF201' -> Floor '9'
[2026-08-12 17:02:47] Tag Change: ID '00E200471744006821788B01' -> Floor '9'
[2026-08-12 17:02:47] Status Updated: Floor '9'
[2026-08-12 17:02:47] Tag Change: ID '00E20047174880682178D301' -> Floor '10'
[2026-08-12 17:02:48] Status Updated: Floor '10'
[2026-08-12 17:02:49] Tag Change: ID '002427031027000620240000' -> Floor 'Unknown'
[2026-08-12 17:02:59] Tag Change: ID '00E200471745C0682178A701' -> Floor '10'
[2026-08-12 17:03:12] Tag Change: ID '00E20047177A3068217BEE01' -> Floor '8'
[2026-08-12 17:03:14] Tag Change: ID '00E20047175CC068217A1701' -> Floor '6'
[2026-08-12 17:03:15] Status Updated: Floor '6'
[2026-08-12 17:03:15] Tag Change: ID '00E2004717688068217AD301' -> Floor '5'
[2026-08-12 17:03:16] Tag Change: ID '00E200471897C068218DC701' -> Floor '5'
[2026-08-12 17:03:16] Status Updated: Floor '5'
[2026-08-12 17:03:18] Tag Change: ID '00E2004717A0C068217E5701' -> Floor '3'
[2026-08-12 17:03:18] Status Updated: Floor '3'
[2026-08-12 17:03:19] Tag Change: ID '00E20047176CC068217B1701' -> Floor '1'
[2026-08-12 17:03:21] Tag Change: ID '00E200471775B068217BA601' -> Floor '1'
[2026-08-12 17:03:21] Status Updated: Floor '1'
[2026-08-12 17:03:22] Tag Change: ID '00E2004717A54068217E9F01' -> Floor '0'
[2026-08-12 17:03:23] Status Updated: Floor '0'
[2026-08-12 17:03:44] Tag Change: ID '00E2004717AC4068217F0F01' -> Floor '-1'
[2026-08-12 17:03:45] Status Updated: Floor '-1'
[2026-08-12 17:03:47] Tag Change: ID '00E2004717A00068217E4B01' -> Floor '-1'
[2026-08-12 17:04:06] Tag Change: ID '00E200471768C068217AD701' -> Floor '1'
[2026-08-12 17:04:06] Tag flapping: suppressed 4 repeated tag-change log lines in the last 66s
[2026-08-12 17:04:08] Tag Change: ID '00E2004718A58068218EA301' -> Floor '3'
[2026-08-12 17:04:09] Status Updated: Floor '3'
[2026-08-12 17:04:09] Tag Change: ID '00E200' -> Floor 'Unknown'
[2026-08-12 17:04:13] Status Updated: Floor '5'
[2026-08-12 17:04:40] Tag Change: ID '00E20047189E4068218E2F01' -> Floor '4'
[2026-08-12 17:04:41] Tag Change: ID '00E20047175A80682179F301' -> Floor '4'
[2026-08-12 17:04:41] Status Updated: Floor '4'
[2026-08-12 17:04:46] Tag Change: ID '00E200471736C0682177B701' -> Floor '-1'
[2026-08-12 17:04:53] Tag Change: ID '00E2004707E05060270EE801' -> Floor '-3'
[2026-08-12 17:04:53] Tag Change: ID '00E2004707E01060270EE401' -> Floor '-3'
[2026-08-12 17:04:58] Status Updated: Floor '-3'
[2026-08-12 17:05:03] Tag Change: ID '00E2004707DF5060270ED801' -> Floor '-3'
[2026-08-12 17:05:08] Tag flapping: suppressed 12 repeated tag-change log lines in the last 60s
[2026-08-12 17:05:09] Tag Change: ID '00E2004717A48068217E9301' -> Floor '-2'
[2026-08-12 17:05:12] Tag Change: ID '00E2004717AD8068217F2301' -> Floor '-2'
[2026-08-12 17:05:13] Status Updated: Floor '-2'
[2026-08-12 17:06:06] Tag Change: ID '00E2004717A54068217E9F01' -> Floor '0'
[2026-08-12 17:06:08] Tag Change: ID '00E20047176CC068217B1701' -> Floor '1'
[2026-08-12 17:06:10] Tag Change: ID '00E2004718A58068218EA301' -> Floor '3'
[2026-08-12 17:06:11] Status Updated: Floor '3'
[2026-08-12 17:06:13] Tag Change: ID '00E20047189E4068218E2F01' -> Floor '4'
[2026-08-12 17:06:13] Status Updated: Floor '4'
[2026-08-12 17:06:19] Tag Change: ID '00E20047' -> Floor 'Unknown'
[2026-08-12 17:06:44] Tag Change: ID '00E2004717A0C068217E5701' -> Floor '3'
[2026-08-12 17:06:45] Tag Change: ID '00E200471741406821785F01' -> Floor '2'
[2026-08-12 17:06:47] Tag Change: ID '00E200471775B068217BA601' -> Floor '1'
[2026-08-12 17:06:48] Tag Change: ID '00E2004717AC4068217F0F01' -> Floor '-1'
[2026-08-12 17:06:53] Status Updated: Floor '-1'
[2026-08-12 17:07:04] Tag Change: ID '00E2004717AD8068217F2301' -> Floor '-2'
[2026-08-12 17:07:10] Tag Change: ID '00E2004717A40068217E8B01' -> Floor '-1'
[2026-08-12 17:07:51] Tag Change: ID '00E2004717A00068217E4B01' -> Floor '-1'
[2026-08-12 17:07:51] Tag flapping: suppressed 1 repeated tag-change log lines in the last 90s
[2026-08-12 17:07:54] Tag Change: ID '00E200471775B068217BA601' -> Floor '1'
[2026-08-12 17:07:55] Status Updated: Floor '1'
[2026-08-12 17:07:55] Tag Change: ID '00E20047176CC068217B1701' -> Floor '1'
[2026-08-12 17:07:56] Tag Change: ID '00E200471768C068217AD701' -> Floor '1'
[2026-08-12 17:07:57] Tag Change: ID '00E2004717A0C068217E5701' -> Floor '3'
[2026-08-12 17:07:58] Tag Change: ID '00E20047175A80682179F301' -> Floor '4'
[2026-08-12 17:07:59] Status Updated: Floor '4'
[2026-08-12 17:08:00] Tag Change: ID '00E200471777F068217BCA01' -> Floor 'Unknown'
[2026-08-12 17:08:01] Tag Change: ID '00E2004717A60068217EAB01' -> Floor '7'
[2026-08-12 17:08:03] Tag Change: ID '00E20047177A3068217BEE01' -> Floor '8'
[2026-08-12 17:08:06] Tag Change: ID '00E2004717767068217BB201' -> Floor '8'
[2026-08-12 17:08:06] Status Updated: Floor '8'
[2026-08-12 17:08:18] Tag Change: ID '00E2004717710068217B5B00' -> Floor '8'
[2026-08-12 17:08:22] Tag Change: ID '00E2004717684068217ACF01' -> Floor '5'
[2026-08-12 17:08:26] Tag Change: ID '00E20047189E4068218E2F01' -> Floor '4'
[2026-08-12 17:08:27] Status Updated: Floor '4'
[2026-08-12 17:08:41] Tag Change: ID '00E2004718A2C068218E7701' -> Floor '4'
[2026-08-12 17:08:43] Tag Change: ID '00E2004718A58068218EA301' -> Floor '3'
[2026-08-12 17:08:44] Status Updated: Floor '3'
[2026-08-12 17:08:53] Tag Change: ID '00E2' -> Floor 'Unknown'
[2026-08-12 17:09:01] Tag Change: ID '00E20047176CC068217B1701' -> Floor '1'
[2026-08-12 17:09:04] Tag Change: ID '00E200471736C0682177B701' -> Floor '-1'
[2026-08-12 17:09:05] Tag Change: ID '00E2004717A00068217E4B01' -> Floor '-1'
[2026-08-12 17:09:15] Status Updated: Floor '-1'
[2026-08-12 17:09:16] Tag Change: ID '00E2004717A40068217E8B01' -> Floor '-1'
[2026-08-12 17:09:19] Tag flapping: suppressed 4 repeated tag-change log lines in the last 60s
[2026-08-12 17:09:21] Tag Change: ID '00E2004717AC4068217F0F01' -> Floor '-1'
[2026-08-12 17:09:31] Tag Change: ID '00E20047177A3068217BEE01' -> Floor '8'
[2026-08-12 17:09:32] Tag Change: ID '00E20047177A7068217BF201' -> Floor '9'
[2026-08-12 17:09:34] Tag Change: ID '00E200471744006821788B01' -> Floor '9'
[2026-08-12 17:09:34] Status Updated: Floor '9'
[2026-08-12 17:09:48] Tag Change: ID '00E2004717773068217BBE01' -> Floor '9'
[2026-08-12 17:09:50] Tag Change: ID '00E2004717638068217A8301' -> Floor '7'
[2026-08-12 17:09:54] Tag Change: ID '00E2004718A58068218EA301' -> Floor '3'
[2026-08-12 17:09:55] Status Updated: Floor '3'
[2026-08-12 17:09:55] Tag Change: ID '00E2004717A0C068217E5701' -> Floor '3'
[2026-08-12 17:10:04] Status Updated: Floor '-1'
[2026-08-12 17:10:31] Tag Change: ID '00E2004717AD8068217F2301' -> Floor '-2'
[2026-08-12 17:10:34] Tag Change: ID '00E2004717A48068217E9301' -> Floor '-2'
[2026-08-12 17:10:34] Status Updated: Floor '-2'
[2026-08-12 17:10:36] Tag Change: ID '00E2004707E05060270EE801' -> Floor '-3'
[2026-08-12 17:10:38] Tag Change: ID '00E2004707E01060270EE401' -> Floor '-3'
[2026-08-12 17:10:38] Status Updated: Floor '-3'
[2026-08-12 17:10:55] Tag Change: ID '00E20047176CC068217B1701' -> Floor '1'
[2026-08-12 17:10:55] Tag flapping: suppressed 11 repeated tag-change log lines in the last 66s
[2026-08-12 17:10:55] Tag Change: ID '00E200471741406821785F01' -> Floor '2'
[2026-08-12 17:10:56] Tag Change: ID '00E20047179C4068217E0F01' -> Floor '2'
[2026-08-12 17:10:57] Status Updated: Floor '2'
[2026-08-12 17:10:57] Tag Change: ID '00E2004717A7C068217EC701' -> Floor '3'
[2026-08-12 17:10:57] Tag Change: ID '00E2004718A58068218EA301' -> Floor '3'
[2026-08-12 17:10:58] Status Updated: Floor '3'
[2026-08-12 17:11:00] Tag Change: ID '00E200471777F068217BCA01' -> Floor 'Unknown'
[2026-08-12 17:11:01] Tag Change: ID '00E20047175F4068217A3F01' -> Floor '7'
[2026-08-12 17:11:04] Tag Change: ID '00E2004717767068217BB201' -> Floor '8'
[2026-08-12 17:11:05] Status Updated: Floor '8'
[2026-08-12 17:11:20] Tag Change: ID '00E20047177A3068217BEE01' -> Floor '8'
[2026-08-12 17:11:22] Tag Change: ID '00E20047175CC068217A1701' -> Floor '6'
[2026-08-12 17:11:23] Tag Change: ID '00E20047189E4068218E2F01' -> Floor '4'
[2026-08-12 17:11:24] Tag Change: ID '00E20047175A80682179F301' -> Floor '4'
[2026-08-12 17:11:24] Status Updated: Floor '4'
[2026-08-12 17:11:25] Tag Change: ID '00E2004717A0C068217E5701' -> Floor '3'
[2026-08-12 17:11:27] Tag Change: ID '00E200471768C068217AD701' -> Floor '1'
[2026-08-12 17:11:27] Status Updated: Floor '1'
[2026-08-12 17:11:28] Tag Change: ID '00E2004717A54068217E9F01' -> Floor '0'
[2026-08-12 17:11:36] Tag Change: ID '00E2004717AD8068217F2301' -> Floor '-2'
[2026-08-12 17:11:38] Status Updated: Floor '-2'
[2026-08-12 17:11:51] Tag Change: ID '00E2004707E05060270EE801' -> Floor '-3'
[2026-08-12 17:11:51] Tag Change: ID '00E2004707E01060270EE401' -> Floor '-3'
[2026-08-12 17:11:57] Status Updated: Floor '-3'
[2026-08-12 17:12:02] Tag Change: ID '00E2004707DF5060270ED801' -> Floor '-3'
[2026-08-12 17:12:03] Tag Change: ID '00E2004717A48068217E9301' -> Floor '-2'
[2026-08-12 17:12:10] Tag Change: ID '00E2004717A40068217E8B01' -> Floor '-1'
[2026-08-12 17:12:21] Status Updated: Floor '-1'
[2026-08-12 17:12:36] Tag flapping: suppressed 6 repeated tag-change log lines in the last 75s
[2026-08-12 17:12:42] Status Updated: Floor '-3'
[2026-08-12 17:12:54] Tag Change: ID '00E2004707E05060270EE801' -> Floor '-3'
[2026-08-12 17:12:54] Tag Change: ID '00E2004707E01060270EE401' -> Floor '-3'
[2026-08-12 17:13:03] Tag Change: ID '00E2004707DF5060270ED801' -> Floor '-3'
[2026-08-12 17:13:12] Tag Change: ID '00E200471768C068217AD701' -> Floor '1'
[2026-08-12 17:13:14] Tag Change: ID '00E2004717A0C068217E5701' -> Floor '3'
[2026-08-12 17:13:18] Tag Change: ID '00E2004717688068217AD301' -> Floor '5'
[2026-08-12 17:13:18] Status Updated: Floor '5'
[2026-08-12 17:13:31] Tag Change: ID '00E2004717684068217ACF01' -> Floor '5'
[2026-08-12 17:13:32] Tag Change: ID '00E200471897C068218DC701' -> Floor '5'
[2026-08-12 17:13:33] Tag Change: ID '00E20047175A80682179F301' -> Floor '4'
[2026-08-12 17:13:33] Tag Change: ID '00E2004718A58068218EA301' -> Floor '3'
[2026-08-12 17:13:35] Status Updated: Floor '3'
[2026-08-12 17:13:35] Tag Change: ID '00E200471741406821785F01' -> Floor '2'
[2026-08-12 17:13:36] Tag Change: ID '00E20047176CC068217B1701' -> Floor '1'
[2026-08-12 17:13:39] Tag Change: ID '00E200471736C0682177B701' -> Floor '-1'
[2026-08-12 17:13:39] Tag flapping: suppressed 16 repeated tag-change log lines in the last 62s
[2026-08-12 17:13:40] Tag Change: ID '00E2004717A00068217E4B01' -> Floor '-1'
[2026-08-12 17:13:40] Status Updated: Floor '-1'
[2026-08-12 17:13:43] Tag Change: ID '00E2004717A40068217E8B01' -> Floor '-1'
[2026-08-12 17:14:02] Tag Change: ID '00E2004707E05060270EE801' -> Floor '-3'
[2026-08-12 17:14:09] Status Updated: Floor '-3'
[2026-08-12 17:14:11] Tag Change: ID '00E2004707DF5060270ED801' -> Floor '-3'
[2026-08-12 17:14:12] Tag Change: ID '00E2004707E01060270EE401' -> Floor '-3'
[2026-08-12 17:15:01] Tag flapping: suppressed 32 repeated tag-change log lines in the last 60s
[2026-08-12 17:15:10] Tag Change: ID '00E2004707E05060270EE801' -> Floor '-3'
[2026-08-12 17:15:14] Tag Change: ID '00E2004707DF5060270ED801' -> Floor '-3'
[2026-08-12 17:15:15] Tag Change: ID '00E2004707E01060270EE401' -> Floor '-3'
[2026-08-12 17:15:26] Tag Change: ID '00E2004717A00068217E4B01' -> Floor '-1'
[2026-08-12 17:15:28] Tag Change: ID '00E200471775B068217BA601' -> Floor '1'
[2026-08-12 17:15:30] Tag Change: ID '00E20047175A40682179EF01' -> Floor '2'
[2026-08-12 17:15:31] Tag Change: ID '00E2004717A0C068217E5701' -> Floor '3'
[2026-08-12 17:15:31] Tag Change: ID '00E2004717A7C068217EC701' -> Floor '3'
[2026-08-12 17:15:33] Status Updated: Floor '3'
[2026-08-12 17:15:34] Tag Change: ID '00E20047189E4068218E2F01' -> Floor '4'
[2026-08-12 17:15:35] Status Updated: Floor '4'
[2026-08-12 17:15:55] Tag Change: ID '00E20047179C4068217E0F01' -> Floor '2'
[2026-08-12 17:16:02] Tag Change: ID '00E2004717A40068217E8B01' -> Floor '-1'
[2026-08-12 17:16:02] Tag flapping: suppressed 8 repeated tag-change log lines in the last 60s
[2026-08-12 17:16:09] Status Updated: Floor '-1'
[2026-08-12 17:16:20] Tag Change: ID '00E2004717AD8068217F2301' -> Floor '-2'
[2026-08-12 17:16:26] Status Updated: Floor '-2'
[2026-08-12 17:16:36] Tag Change: ID '00E2004717A00068217E4B01' -> Floor '-1'
[2026-08-12 17:16:38] Tag Change: ID '00E200471775B068217BA601' -> Floor '1'
[2026-08-12 17:16:39] Tag Change: ID '00E20047176CC068217B1701' -> Floor '1'
[2026-08-12 17:16:40] Status Updated: Floor '1'
[2026-08-12 17:16:40] Tag Change: ID '00E200471741406821785F01' -> Floor '2'
[2026-08-12 17:16:41] Tag Change: ID '00E2004717A0C068217E5701' -> Floor '3'
[2026-08-12 17:16:41] Tag Change: ID '00E2004717A7C068217EC701' -> Floor '3'
[2026-08-12 17:16:42] Status Updated: Floor '3'
[2026-08-12 17:16:47] Tag Change: ID '00E2004717773068217BBE01' -> Floor '9'
[2026-08-12 17:16:48] Status Updated: Floor '9'
[2026-08-12 17:16:50] Tag Change: ID '00E200471744006821788B01' -> Floor '9'
[2026-08-12 17:17:08] Tag Change: ID '00E20047177A7068217BF201' -> Floor '9'
[2026-08-12 17:17:10] Tag Change: ID '00E2004717767068217BB201' -> Floor '8'
[2026-08-12 17:17:11] Status Updated: Floor '8'
[2026-08-12 17:17:23] Tag Change: ID '00E20047177A3068217BEE01' -> Floor '8'
[2026-08-12 17:17:26] Tag Change: ID '00E2004717638068217A8301' -> Floor '7'
[2026-08-12 17:17:27] Status Updated: Floor '7'
[2026-08-12 17:17:39] Tag Change: ID '00E20047175F4068217A3F01' -> Floor '7'
[2026-08-12 17:17:39] Tag Change: ID '00E2004717A60068217EAB01' -> Floor '7'
[2026-08-12 17:17:39] Tag Change: ID '00E2004717964068217DAF01' -> Floor '6'
[2026-08-12 17:17:42] Tag Change: ID '00E20047189E4068218E2F01' -> Floor '4'
[2026-08-12 17:17:43] Tag Change: ID '00E20047175A80682179F301' -> Floor '4'
[2026-08-12 17:17:43] Status Updated: Floor '4'
[2026-08-12 17:17:44] Tag Change: ID '00E2004717A0C068217E5701' -> Floor '3'
[2026-08-12 17:17:45] Tag Change: ID '00E200471741406821785F01' -> Floor '2'
[2026-08-12 17:17:46] Tag Change: ID '00E20047176CC068217B1701' -> Floor '1'
[2026-08-12 17:17:47] Tag Change: ID '00E200471775B068217BA601' -> Floor '1'
[2026-08-12 17:17:47] Status Updated: Floor '1'
[2026-08-12 17:17:49] Tag Change: ID '00E200471736C0682177B701' -> Floor '-1'
[2026-08-12 17:18:06] Tag Change: ID '00E2004717A00068217E4B01' -> Floor '-1'
[2026-08-12 17:18:07] Status Updated: Floor '-1'
[2026-08-12 17:18:10] Tag flapping: suppressed 3 repeated tag-change log lines in the last 61s
[2026-08-12 17:18:13] Tag Change: ID '00E2004718A58068218EA301' -> Floor '3'
[2026-08-12 17:18:13] Status Updated: Floor '3'
[2026-08-12 17:18:15] Tag Change: ID '00E2004717684068217ACF01' -> Floor '5'
[2026-08-12 17:18:16] Tag Change: ID '00E20047175CC068217A1701' -> Floor '6'
[2026-08-12 17:18:18] Tag Change: ID '00E2004717773068217BBE01' -> Floor '9'
[2026-08-12 17:18:20] Tag Change: ID '00E200471745C0682178A701' -> Floor '10'
[2026-08-12 17:18:21] Tag Change: ID '00E20047174C806821791301' -> Floor '11'
[2026-08-12 17:18:21] Tag Change: ID '00E200471751806821796301' -> Floor '11'
[2026-08-12 17:18:22] Status Updated: Floor '11'
[2026-08-12 17:18:23] Tag Change: ID '00E200471753C06821798701' -> Floor '11'
[2026-08-12 17:18:45] Tag Change: ID '00E20047175A80682179F301' -> Floor '4'
[2026-08-12 17:18:49] Tag Change: ID '00E200471775B068217BA601' -> Floor '1'
[2026-08-12 17:18:56] Tag Change: ID '00E2004707E05060270EE801' -> Floor '-3'
[2026-08-12 17:18:59] Tag Change: ID '00E2004707DF5060270ED801' -> Floor '-3'
[2026-08-12 17:19:00] Status Updated: Floor '-3'
[2026-08-12 17:19:00] Tag Change: ID '00E2004707E01060270EE401' -> Floor '-3'
[2026-08-12 17:19:15] Tag Change: ID '00E2004717A48068217E9301' -> Floor '-2'
[2026-08-12 17:19:15] Tag flapping: suppressed 15 repeated tag-change log lines in the last 62s
[2026-08-12 17:19:20] Tag Change: ID '00E2004717A40068217E8B01' -> Floor '-1'
[2026-08-12 17:19:24] Status Updated: Floor '-1'
[2026-08-12 17:19:33] Tag Change: ID '00E2004717A00068217E4B01' -> Floor '-1'
[2026-08-12 17:19:34] Tag Change: ID '00E200471736C0682177B701' -> Floor '-1'
[2026-08-12 17:19:36] Tag Change: ID '00E2004717A54068217E9F01' -> Floor '0'
[2026-08-12 17:19:40] Tag Change: ID '00E200471768C068217AD701' -> Floor '1'
[2026-08-12 17:19:45] Status Updated: Floor '1'
[2026-08-12 17:19:51] Tag Change: ID '00E200471741406821785F01' -> Floor '2'
[2026-08-12 17:19:55] Tag Change: ID '00E200471897C068218DC701' -> Floor '5'
[2026-08-12 17:19:56] Tag Change: ID '00E2004717688068217AD301' -> Floor '5'
[2026-08-12 17:19:57] Status Updated: Floor '5'
[2026-08-12 17:19:57] Tag Change: ID '00E2004717964068217DAF01' -> Floor '6'
[2026-08-12 17:19:59] Tag Change: ID '00E20047175F4068217A3F01' -> Floor '7'
[2026-08-12 17:20:00] Tag Change: ID '00E2004717638068217A8301' -> Floor '7'
[2026-08-12 17:20:00] Status Updated: Floor '7'
[2026-08-12 17:20:17] Tag Change: ID '00E2004717710068217B5B00' -> Floor '8'
[2026-08-12 17:20:19] Tag Change: ID '00E200471744006821788B01' -> Floor '9'
[2026-08-12 17:20:19] Tag Change: ID '00E2004718C4B06821909601' -> Floor 'Unknown'
[2026-08-12 17:20:20] Tag Change: ID '00E20047174880682178D301' -> Floor '10'
[2026-08-12 17:20:21] Tag Change: ID '002427031027000620240000' -> Floor 'Unknown'
[2026-08-12 17:20:30] Tag Change: ID '00E200471745C0682178A701' -> Floor '10'
[2026-08-12 17:20:30] Status Updated: Floor '10'
[2026-08-12 17:20:45] Tag Change: ID '00E20047177A3068217BEE01' -> Floor '8'
[2026-08-12 17:20:45] Status Updated: Floor '8'
[2026-08-12 17:20:47] Status Updated: Floor '7'
[2026-08-12 17:20:55] Tag Change: ID '00E2004717' -> Floor 'Unknown'
[2026-08-12 17:21:00] Tag Change: ID '00E2004717964068217DAF01' -> Floor '6'
[2026-08-12 17:21:06] Status Updated: Floor '6'
[2026-08-12 17:21:10] Tag Change: ID '00E20047175CC068217A1701' -> Floor '6'
[2026-08-12 17:21:11] Tag Change: ID '00E2004717688068217AD301' -> Floor '5'
[2026-08-12 17:21:11] Tag Change: ID '00E2004717684068217ACF01' -> Floor '5'
[2026-08-12 17:21:12] Status Updated: Floor '5'
[2026-08-12 17:21:14] Tag Change: ID '00E2004717A0C068217E5701' -> Floor '3'
[2026-08-12 17:21:17] Tag Change: ID '00E2004717A54068217E9F01' -> Floor '0'
[2026-08-12 17:21:19] Tag Change: ID '00E2004717A00068217E4B01' -> Floor '-1'
[2026-08-12 17:21:23] Tag Change: ID '00E2004717A48068217E9301' -> Floor '-2'
[2026-08-12 17:21:25] Tag Change: ID '00E2004707DF5060270ED801' -> Floor '-3'
[2026-08-12 17:21:25] Tag Change: ID '00E2004707E01060270EE401' -> Floor '-3'
[2026-08-12 17:21:25] Status Updated: Floor '-3'
[2026-08-12 17:21:27] Tag Change: ID '00E2004707E05060270EE801' -> Floor '-3'
[2026-08-12 17:21:31] Tag flapping: suppressed 19 repeated tag-change log lines in the last 60s
[2026-08-12 17:21:43] Tag Change: ID '00E2004717AD8068217F2301' -> Floor '-2'
[2026-08-12 17:21:45] Status Updated: Floor '-2'
[2026-08-12 17:21:58] Tag Change: ID '00E200471736C0682177B701' -> Floor '-1'
[2026-08-12 17:21:59] Status Updated: Floor '-1'
[2026-08-12 17:22:00] Tag Change: ID '00E200471775B068217BA601' -> Floor '1'
[2026-08-12 17:22:06] Tag Change: ID '00E20047179C4068217E0F01' -> Floor '2'
[2026-08-12 17:22:07] Status Updated: Floor '2'
[2026-08-12 17:22:41] Tag Change: ID '00E20047175A40682179EF01' -> Floor '2'
[2026-08-12 17:22:41] Tag flapping: suppressed 6 repeated tag-change log lines in the last 69s
[2026-08-12 17:22:44] Tag Change: ID '00E2004717A54068217E9F01' -> Floor '0'
[2026-08-12 17:22:45] Tag Change: ID '00E2004717AC4068217F0F01' -> Floor '-1'
[2026-08-12 17:22:46] Status Updated: Floor '-1'
[2026-08-12 17:22:53] Tag Change: ID '00E2004717AD8068217F2301' -> Floor '-2'
[2026-08-12 17:22:54] Status Updated: Floor '-2'
[2026-08-12 17:23:12] Tag Change: ID '00E2004717A40068217E8B01' -> Floor '-1'
[2026-08-12 17:23:28] Tag Change: ID '00E2004717A00068217E4B01' -> Floor '-1'
[2026-08-12 17:23:29] Status Updated: Floor '-1'
[2026-08-12 17:23:29] Tag Change: ID '00E200471736C0682177B701' -> Floor '-1'
[2026-08-12 17:23:31] Tag Change: ID '00E200471775B068217BA601' -> Floor '1'
[2026-08-12 17:23:33] Tag Change: ID '00E200471768C068217AD701' -> Floor '1'
[2026-08-12 17:23:33] Status Updated: Floor '1'
[2026-08-12 17:23:34] Tag Change: ID '00E2004717A0C068217E57' -> Floor 'Unknown'
[2026-08-12 17:23:35] Tag Change: ID '00E2004718A58068218EA301' -> Floor '3'
[2026-08-12 17:23:37] Tag Change: ID '00E2004717688068217AD301' -> Floor '5'
[2026-08-12 17:23:38] Tag Change: ID '00E2004717964068217DAF01' -> Floor '6'
[2026-08-12 17:23:39] Tag Change: ID '00E20047175F4068217A3F01' -> Floor '7'
[2026-08-12 17:23:42] Tag Change: ID '00E2004717638068217A8301' -> Floor '7'
[2026-08-12 17:23:43] Status Updated: Floor '7'
[2026-08-12 17:23:57] Tag Change: ID '00E2004717710068217B5B00' -> Floor '8'
[2026-08-12 17:23:57] Tag flapping: suppressed 2 repeated tag-change log lines in the last 73s
[2026-08-12 17:23:57] Tag Change: ID '00E2004717767068217BB201' -> Floor '8'
[2026-08-12 17:23:58] Status Updated: Floor '8'
[2026-08-12 17:23:58] Tag Change: ID '00E20047177A7068217BF201' -> Floor '9'
[2026-08-12 17:23:58] Tag Change: ID '00E200471744006821788B01' -> Floor '9'
[2026-08-12 17:23:59] Status Updated: Floor '9'
[2026-08-12 17:23:59] Tag Change: ID '002427031027000620240000' -> Floor 'Unknown'
[2026-08-12 17:24:02] Tag Change: ID '00E200471753C06821798701' -> Floor '11'
[2026-08-12 17:24:03] Status Updated: Floor '11'
[2026-08-12 17:24:16] Tag Change: ID '00E200471741006821785B01' -> Floor 'Unknown'
[2026-08-12 17:24:17] Tag Change: ID '00E2004717A84068217ECF01' -> Floor '12'
[2026-08-12 17:24:17] Status Updated: Floor '12'
[2026-08-12 17:24:19] Tag Change: ID '00E2004717A34068217E7F01' -> Floor '12'
[2026-08-12 17:26:09] Tag Change: ID '00E200471741006821785B01' -> Floor 'Unknown'
[2026-08-12 17:26:09] Tag Change: ID '00E200471753C06821798701' -> Floor '11'
[2026-08-12 17:26:09] Tag Change: ID '00E200471751806821796301' -> Floor '11'
[2026-08-12 17:26:10] Status Updated: Floor '11'
[2026-08-12 17:26:10] Tag Change: ID '002427031027000620240000' -> Floor 'Unknown'
[2026-08-12 17:26:12] Tag Change: ID '00E20047177A7068217BF201' -> Floor '9'
[2026-08-12 17:26:13] Tag Change: ID '00E2004717773068217BBE01' -> Floor '9'
[2026-08-12 17:26:13] Status Updated: Floor '9'
[2026-08-12 17:26:15] Tag Change: ID '00E2004717767068217BB201' -> Floor '8'
[2026-08-12 17:26:16] Status Updated: Floor '8'
[2026-08-12 17:26:29] Tag Change: ID '00E2004717710068217B5B00' -> Floor '8'
[2026-08-12 17:26:31] Tag Change: ID '00E20047175F4068217A3F01' -> Floor '7'
[2026-08-12 17:26:32] Tag Change: ID '00E2004717964068217DAF01' -> Floor '6'
[2026-08-12 17:26:34] Tag Change: ID '00E200471897C068218DC701' -> Floor '5'
[2026-08-12 17:26:35] Tag Change: ID '00E2004718A58068218EA301' -> Floor '3'
[2026-08-12 17:26:37] Tag Change: ID '00E20047176CC068217B1701' -> Floor '1'
[2026-08-12 17:26:50] Tag Change: ID '00E2004717A40068217E8B01' -> Floor '-1'
[2026-08-12 17:26:56] Status Updated: Floor '-1'
[2026-08-12 17:27:13] Tag Change: ID '00E2004717AD8068217F2301' -> Floor '-2'
[2026-08-12 17:27:18] Tag Change: ID '00E2004717A00068217E4B01' -> Floor '-1'
[2026-08-12 17:27:22] Tag Change: ID '00E200471768C068217AD701' -> Floor '1'
[2026-08-12 17:27:22] Status Updated: Floor '1'
[2026-08-12 17:27:23] Tag Change: ID '00E2004717A0C068217E5701' -> Floor '3'
[2026-08-12 17:27:24] Status Updated: Floor '3'
[2026-08-12 17:27:25] Tag Change: ID '00E2004718A2C068218E7701' -> Floor '4'
[2026-08-12 17:27:26] Tag Change: ID '00E20047189E4068218E2F01' -> Floor '4'
[2026-08-12 17:27:32] Status Updated: Floor '4'
[2026-08-12 17:27:44] Tag Change: ID '00E20047175A80682179F301' -> Floor '4'
[2026-08-12 17:27:47] Tag Change: ID '00E200471741406821785F01' -> Floor '2'
[2026-08-12 17:27:47] Status Updated: Floor '1'
[2026-08-12 17:27:50] Tag Change: ID '00E200471736C0682177B701' -> Floor '-1'
[2026-08-12 17:27:54] Tag Change: ID '00E2004717A48068217E9301' -> Floor '-2'
[2026-08-12 17:27:56] Tag Change: ID '00E2004707DF5060270ED801' -> Floor '-3'
[2026-08-12 17:27:57] Tag Change: ID '00E2004707E05060270EE801' -> Floor '-3'
[2026-08-12 17:27:57] Status Updated: Floor '-3'
[2026-08-12 17:27:58] Tag Change: ID '00E2004707E01060270EE401' -> Floor '-3'
[2026-08-12 17:28:18] Tag Change: ID '00E2004717A40068217E8B01' -> Floor '-1'
[2026-08-12 17:28:18] Tag flapping: suppressed 18 repeated tag-change log lines in the last 60s
[2026-08-12 17:28:24] Status Updated: Floor '-1'
[2026-08-12 17:28:46] Status Updated: Floor '-3'
[2026-08-12 17:28:46] Tag Change: ID '00E2004707E05060270E' -> Floor 'Unknown'
[2026-08-12 17:28:58] Tag Change: ID '00E2004707DF5060270ED801' -> Floor '-3'
[2026-08-12 17:29:05] Tag Change: ID '00E2004717AD8068217F2301' -> Floor '-2'
[2026-08-12 17:29:16] Tag Change: ID '00E2004717A90068217EDB01' -> Floor 'Unknown'
[2026-08-12 17:29:19] Tag Change: ID '00E2004717A00068217E4B01' -> Floor '-1'
[2026-08-12 17:29:19] Status Updated: Floor '-1'
[2026-08-12 17:29:30] Tag Change: ID '00E2004717A40068217E8B01' -> Floor '-1'
[2026-08-12 17:29:42] Tag Change: ID '00E2004717A54068217E9F01' -> Floor '0'
[2026-08-12 17:29:45] Tag Change: ID '00E200471741406821785F01' -> Floor '2'
[2026-08-12 17:29:45] Tag flapping: suppressed 16 repeated tag-change log lines in the last 61s
[2026-08-12 17:29:46] Tag Change: ID '00E2004718A58068218EA301' -> Floor '3'
[2026-08-12 17:29:48] Tag Change: ID '00E200471897C068218DC701' -> Floor '5'
[2026-08-12 17:29:50] Tag Change: ID '00E20047175CC068217A1701' -> Floor '6'
[2026-08-12 17:30:01] Tag Change: ID '00E2004717964068217DAF01' -> Floor '6'
[2026-08-12 17:30:01] Status Updated: Floor '6'
[2026-08-12 17:30:06] Tag Change: ID '00E2004717A60068217EAB01' -> Floor '7'
[2026-08-12 17:30:09] Tag Change: ID '00E2004717638068217A8301' -> Floor '7'
[2026-08-12 17:30:09] Status Updated: Floor '7'
[2026-08-12 17:30:19] Tag Change: ID '00E20047177A3068217BEE01' -> Floor '8'
[2026-08-12 17:30:20] Tag Change: ID '00E2004717773068217BBE01' -> Floor '9'
[2026-08-12 17:30:21] Tag Change: ID '00E20047177A7068217BF201' -> Floor '9'
[2026-08-12 17:30:21] Status Updated: Floor '9'
[2026-08-12 17:30:23] Tag Change: ID '00E200471744006821788B01' -> Floor '9'
[2026-08-12 17:30:40] Tag Change: ID '002427031027000620240000' -> Floor 'Unknown'
[2026-08-12 17:30:40] Tag Change: ID '00E200471745C0682178A701' -> Floor '10'
[2026-08-12 17:30:41] Tag Change: ID '00E20047174C806821791301' -> Floor '11'
[2026-08-12 17:30:41] Tag Change: ID '00E200471751806821796301' -> Floor '11'
[2026-08-12 17:30:41] Status Updated: Floor '11'
[2026-08-12 17:30:43] Tag Change: ID '00E200471753C06821798701' -> Floor '11'
[2026-08-12 17:30:58] Tag Change: ID '00E2004718C4B06821909601' -> Floor 'Unknown'
[2026-08-12 17:31:01] Tag Change: ID '00E2004717767068217BB201' -> Floor '8'
[2026-08-12 17:31:02] Status Updated: Floor '8'
[2026-08-12 17:31:18] Tag Change: ID '00E2004717A60068217EAB01' -> Floor '7'
[2026-08-12 17:31:19] Tag Change: ID '00E200471777F068217BCA01' -> Floor 'Unknown'
[2026-08-12 17:31:20] Tag Change: ID '00E20047189E4068218E2F01' -> Floor '4'
[2026-08-12 17:31:21] Tag Change: ID '00E20047175A80682179F301' -> Floor '4'
[2026-08-12 17:31:22] Status Updated: Floor '4'
[2026-08-12 17:31:22] Tag Change: ID '00E2004717A7C068217EC701' -> Floor '3'
[2026-08-12 17:31:23] Tag Change: ID '00E200471741406821785F01' -> Floor '2'
[2026-08-12 17:31:24] Tag Change: ID '00E200471768C068217AD701' -> Floor '1'
[2026-08-12 17:31:24] Status Updated: Floor '1'
[2026-08-12 17:31:25] Tag Change: ID '00E200471775B068217BA601' -> Floor '1'
[2026-08-12 17:31:28] Tag Change: ID '00E2004717A00068217E4B01' -> Floor '-1'
[2026-08-12 17:31:42] Tag Change: ID '00E2004717A40068217E8B01' -> Floor '-1'
[2026-08-12 17:31:43] Status Updated: Floor '-1'
[2026-08-12 17:31:49] Tag Change: ID '00E2004717A54068217E9F01' -> Floor '0'
[2026-08-12 17:31:50] Status Updated: Floor '0'
[2026-08-12 17:32:08] Tag flapping: suppressed 6 repeated tag-change log lines in the last 72s
[2026-08-12 17:32:13] Status Updated: Floor '-1'
[2026-08-12 17:32:27] Tag Change: ID '00E2004707E01060270EE401' -> Floor '-3'
[2026-08-12 17:32:28] Status Updated: Floor '-3'
[2026-08-12 17:32:33] Tag Change: ID '00E2004707E05060270EE801' -> Floor '-3'
[2026-08-12 17:32:40] Tag Change: ID '00E2004707DF5060270ED801' -> Floor '-3'
[2026-08-12 17:33:07] Tag Change: ID '00E2004717A40068217E8B01' -> Floor '-1'
[2026-08-12 17:33:14] Status Updated: Floor '-1'
[2026-08-12 17:33:24] Tag Change: ID '00E200471736C0682177B701' -> Floor '-1'
[2026-08-12 17:33:25] Tag Change: ID '00E2004717AC4068217F0F01' -> Floor '-1'
[2026-08-12 17:33:28] Tag Change: ID '00E200471768C068217AD701' -> Floor '1'
[2026-08-12 17:33:28] Status Updated: Floor '1'
[2026-08-12 17:33:31] Tag Change: ID '00E20047179C4068217E0F01' -> Floor '2'
[2026-08-12 17:33:33] Status Updated: Floor '2'
[2026-08-12 17:33:44] Tag Change: ID '00E2004717A0C068217E5701' -> Floor '3'
[2026-08-12 17:33:44] Tag flapping: suppressed 26 repeated tag-change log lines in the last 67s
[2026-08-12 17:33:44] Status Updated: Floor '3'
[2026-08-12 17:33:45] Tag Change: ID '00E2004717A7C068217EC701' -> Floor '3'
[2026-08-12 17:33:46] Tag Change: ID '00E20047175A80682179F301' -> Floor '4'
[2026-08-12 17:33:47] Tag Change: ID '00E20047189E4068218E2F01' -> Floor '4'
[2026-08-12 17:33:47] Status Updated: Floor '4'
[2026-08-12 17:33:48] Tag Change: ID '00E2004717688068217AD301' -> Floor '5'
[2026-08-12 17:33:48] Tag Change: ID '00E200471777F068217BCA01' -> Floor 'Unknown'
[2026-08-12 17:33:50] Tag Change: ID '00E2004717638068217A8301' -> Floor '7'
[2026-08-12 17:33:52] Tag Change: ID '00E20047177A7068217BF201' -> Floor '9'
[2026-08-12 17:33:52] Status Updated: Floor '9'
[2026-08-12 17:33:55] Tag Change: ID '00E200471744006821788B01' -> Floor '9'
[2026-08-12 17:34:13] Tag Change: ID '00E2004717773068217BBE01' -> Floor '9'
[2026-08-12 17:34:14] Tag Change: ID '00E2004717767068217BB201' -> Floor '8'
[2026-08-12 17:34:15] Tag Change: ID '00E20047175F4068217A3F01' -> Floor '7'
[2026-08-12 17:34:16] Tag Change: ID '00E2004717964068217DAF01' -> Floor '6'
[2026-08-12 17:34:17] Tag Change: ID '00E2004717684068217ACF01' -> Floor '5'
[2026-08-12 17:34:19] Tag Change: ID '00E2004718A58068218EA301' -> Floor '3'
[2026-08-12 17:34:22] Status Updated: Floor '2'
[2026-08-12 17:34:41] Tag Change: ID '00E20047176CC068217B1701' -> Floor '1'
[2026-08-12 17:34:43] Tag Change: ID '00E2004717A54068217E9F01' -> Floor '0'
[2026-08-12 17:34:45] Status Updated: Floor '0'
[2026-08-12 17:35:14] Tag Change: ID '00E2004717AC4068217F0F01' -> Floor '-1'
[2026-08-12 17:35:14] Tag flapping: suppressed 3 repeated tag-change log lines in the last 60s
[2026-08-12 17:35:14] Status Updated: Floor '-1'
[2026-08-12 17:35:15] Tag Change: ID '00E200471736C0682177B701' -> Floor '-1'
[2026-08-12 17:35:33] Tag Change: ID '00E2004717AD8068217F2301' -> Floor '-2'
[2026-08-12 17:35:36] Status Updated: Floor '-2'
[2026-08-12 17:35:43] Tag Change: ID '00E2004707E05060270EE801' -> Floor '-3'
[2026-08-12 17:35:44] Status Updated: Floor '-3'
[2026-08-12 17:35:46] Tag Change: ID '00E2004707E01060270EE401' -> Floor '-3'
[2026-08-12 17:35:51] Tag Change: ID '00E2004707DF5060270ED801' -> Floor '-3'
[2026-08-12 17:36:01] Tag Change: ID '00E2004717A48068217E9301' -> Floor '-2'
[2026-08-12 17:36:22] Tag Change: ID '00E2004717AC4068217F0F01' -> Floor '-1'
[2026-08-12 17:36:23] Tag Change: ID '00E2004717A54068217E9F01' -> Floor '0'
[2026-08-12 17:36:23] Tag Change: ID '00E200471775B068217BA601' -> Floor '1'
[2026-08-12 17:36:24] Tag Change: ID '00E20047176CC068217B1701' -> Floor '1'
[2026-08-12 17:36:25] Status Updated: Floor '1'
[2026-08-12 17:36:28] Tag Change: ID '00E200471897C068218DC701' -> Floor '5'
[2026-08-12 17:36:29] Tag Change: ID '00E2004717684068217ACF01' -> Floor '5'
[2026-08-12 17:36:30] Status Updated: Floor '5'
[2026-08-12 17:36:31] Tag Change: ID '00E2004717688068217AD301' -> Floor '5'
[2026-08-12 17:36:44] Tag Change: ID '00E20047189E4068218E2F01' -> Floor '4'
[2026-08-12 17:36:47] Tag Change: ID '00E20047175A40682179EF01' -> Floor '2'
[2026-08-12 17:36:50] Status Updated: Floor '1'
[2026-08-12 17:36:52] Tag Change: ID '00E2004717A00068217E4B01' -> Floor '-1'
[2026-08-12 17:36:52] Tag flapping: suppressed 10 repeated tag-change log lines in the last 62s
[2026-08-12 17:36:53] Tag Change: ID '00E2004717A40068217E8B01' -> Floor '-1'
[2026-08-12 17:36:54] Status Updated: Floor '-1'
[2026-08-12 17:37:20] Tag Change: ID '00E2004717AD8068217F2301' -> Floor '-2'
[2026-08-12 17:37:22] Status Updated: Floor '-2'
[2026-08-12 17:38:06] Status Updated: Floor '-1'
[2026-08-12 17:38:15] Tag Change: ID '00E2004717A00068217E4B01' -> Floor '-1'
[2026-08-12 17:38:27] Tag Change: ID '00E200471736C0682177B701' -> Floor '-1'
[2026-08-12 17:38:29] Tag Change: ID '00E2004717A54068217E9F01' -> Floor '0'
[2026-08-12 17:38:29] Tag Change: ID '00E200471775B068217BA601' -> Floor '1'
[2026-08-12 17:38:31] Tag Change: ID '00E200471741406821785F01' -> Floor '2'
[2026-08-12 17:38:33] Tag Change: ID '00E2004718A58068218EA301' -> Floor '3'
[2026-08-12 17:38:36] Tag Change: ID '00E2004717688068217AD301' -> Floor '5'
[2026-08-12 17:38:36] Tag flapping: suppressed 1 repeated tag-change log lines in the last 61s
[2026-08-12 17:38:37] Status Updated: Floor '5'
[2026-08-12 17:39:10] Tag Change: ID '00E2004717684068217ACF01' -> Floor '5'
[2026-08-12 17:39:23] Tag Change: ID '00E200471897C068218DC701' -> Floor '5'
[2026-08-12 17:39:24] Tag Change: ID '00E20047189E4068218E2F01' -> Floor '4'
[2026-08-12 17:39:27] Status Updated: Floor '4'
[2026-08-12 17:39:42] Tag Change: ID '00E2004718A2C068218E7701' -> Floor '4'
[2026-08-12 17:39:43] Tag Change: ID '00E20047175A80682179F301' -> Floor '4'
[2026-08-12 17:39:44] Tag Change: ID '00E2004717A7C068217EC701' -> Floor '3'
[2026-08-12 17:39:45] Tag Change: ID '00E20047175A40682179EF01' -> Floor '2'
[2026-08-12 17:39:45] Tag Change: ID '00E200471741406821785F01' -> Floor '2'
[2026-08-12 17:39:46] Status Updated: Floor '2'
[2026-08-12 17:39:47] Tag Change: ID '00E200471775B068217BA601' -> Floor '1'
[2026-08-12 17:39:47] Status Updated: Floor '1'
[2026-08-12 17:39:47] Tag Change: ID '00E2004717A54068217E9F01' -> Floor '0'
[2026-08-12 17:39:50] Tag Change: ID '00E2004717A00068217E4B01' -> Floor '-1'
[2026-08-12 17:39:59] Tag Change: ID '00E2004717A40068217E8B01' -> Floor '-1'
[2026-08-12 17:39:59] Status Updated: Floor '-1'
[2026-08-12 17:40:16] Tag Change: ID '00E2004717684068217ACF01' -> Floor '5'
[2026-08-12 17:40:16] Tag flapping: suppressed 4 repeated tag-change log lines in the last 65s
[2026-08-12 17:40:18] Tag Change: ID '00E2004717688068217AD301' -> Floor '5'
[2026-08-12 17:40:18] Status Updated: Floor '5'
[2026-08-12 17:40:33] Tag Change: ID '00E2004717A0C068217E5701' -> Floor '3'
[2026-08-12 17:40:34] Tag Change: ID '00E200471768C068217AD701' -> Floor '1'
[2026-08-12 17:40:35] Tag Change: ID '00E20047176CC068217B1701' -> Floor '1'
[2026-08-12 17:40:40] Status Updated: Floor '1'
[2026-08-12 17:40:49] Status Updated: Floor '-1'
[2026-08-12 17:41:07] Tag Change: ID '00E2004707E05060270EE801' -> Floor '-3'
[2026-08-12 17:41:08] Tag Change: ID '00E2004707E01060270EE401' -> Floor '-3'
[2026-08-12 17:41:08] Status Updated: Floor '-3'
[2026-08-12 17:41:09] Tag Change: ID '00E2004707E050' -> Floor 'Unknown'
[2026-08-12 17:41:21] Tag Change: ID '00E2004707DF5060270ED801' -> Floor '-3'
[2026-08-12 17:41:36] Tag Change: ID '00E2004717A40068217E8B01' -> Floor '-1'
[2026-08-12 17:41:36] Tag flapping: suppressed 13 repeated tag-change log lines in the last 62s
[2026-08-12 17:41:42] Status Updated: Floor '-1'
[2026-08-12 17:41:46] Tag Change: ID '00E200471736C0682177B701' -> Floor '-1'
[2026-08-12 17:41:48] Tag Change: ID '00E200471775B068217BA601' -> Floor '1'
[2026-08-12 17:41:51] Tag Change: ID '00E2004717A0C068217E5701' -> Floor '3'
[2026-08-12 17:41:54] Tag Change: ID '00E2004718A58068218EA301' -> Floor '3'
[2026-08-12 17:41:54] Status Updated: Floor '3'
[2026-08-12 17:42:09] Tag Change: ID '00E200471897C068218DC701' -> Floor '5'
[2026-08-12 17:42:09] Tag Change: ID '00E2004717684068217ACF01' -> Floor '5'
[2026-08-12 17:42:09] Status Updated: Floor '5'
[2026-08-12 17:42:11] Tag Change: ID '00E2004717964068217DAF01' -> Floor '6'
[2026-08-12 17:42:11] Tag Change: ID '00E20047175F4068217A3F01' -> Floor '7'
[2026-08-12 17:42:14] Tag Change: ID '00E2004717767068217BB201' -> Floor '8'
[2026-08-12 17:42:16] Status Updated: Floor '8'
[2026-08-12 17:42:26] Tag Change: ID '00E2004717710068217B5B00' -> Floor '8'
[2026-08-12 17:42:30] Tag Change: ID '00E20047175CC068217A1701' -> Floor '6'
[2026-08-12 17:42:30] Status Updated: Floor '6'
[2026-08-12 17:42:31] Tag Change: ID '00E200471777F068217BCA01' -> Floor 'Unknown'
[2026-08-12 17:42:32] Tag Change: ID '00E2004717688068217AD301' -> Floor '5'
[2026-08-12 17:42:33] Status Updated: Floor '5'
[2026-08-12 17:42:52] Status Updated: Floor '3'
[2026-08-12 17:42:54] Tag Change: ID '00E2004717A40068217E8B01' -> Floor '-1'
[2026-08-12 17:42:54] Tag Change: ID '00E2004717A00068217E4B01' -> Floor '-1'
[2026-08-12 17:42:55] Status Updated: Floor '-1'
[2026-08-12 17:43:13] Tag Change: ID '00E2004707DF5060270ED801' -> Floor '-3'
[2026-08-12 17:43:13] Tag Change: ID '00E2004707E05060270EE801' -> Floor '-3'
[2026-08-12 17:43:14] Status Updated: Floor '-3'
[2026-08-12 17:43:14] Tag Change: ID '00E2004707E01060270EE401' -> Floor '-3'
[2026-08-12 17:43:29] Tag flapping: suppressed 19 repeated tag-change log lines in the last 60s
[2026-08-12 17:44:08] Tag Change: ID '00E2004717A40068217E8B01' -> Floor '-1'
[2026-08-12 17:44:09] Tag Change: ID '00E2004717A00068217E4B01' -> Floor '-1'
[2026-08-12 17:44:09] Status Updated: Floor '-1'
[2026-08-12 17:44:22] Tag Change: ID '00E200471736C0682177B701' -> Floor '-1'
[2026-08-12 17:44:23] Tag Change: ID '00E2004717A54068217E9F01' -> Floor '0'
[2026-08-12 17:44:25] Tag Change: ID '00E20047176CC068217B1701' -> Floor '1'
[2026-08-12 17:44:25] Tag Change: ID '00E200471768C068217AD701' -> Floor '1'
[2026-08-12 17:44:26] Status Updated: Floor '1'
[2026-08-12 17:44:26] Tag Change: ID '00E2004717A0C06821' -> Floor 'Unknown'
[2026-08-12 17:44:28] Tag Change: ID '00E2004718A2C068218E7701' -> Floor '4'
[2026-08-12 17:44:28] Tag Change: ID '00E20047189E4068218E2F01' -> Floor '4'
[2026-08-12 17:44:29] Status Updated: Floor '4'
[2026-08-12 17:44:30] Tag Change: ID '00E20047175CC068217A1701' -> Floor '6'
[2026-08-12 17:44:31] Status Updated: Floor '6'
[2026-08-12 17:44:33] Tag Change: ID '00E2004717638068217A8301' -> Floor '7'
[2026-08-12 17:44:33] Tag flapping: suppressed 26 repeated tag-change log lines in the last 62s
[2026-08-12 17:44:33] Status Updated: Floor '7'
[2026-08-12 17:44:47] Tag Change: ID '00E20047177A3068217BEE01' -> Floor '8'
[2026-08-12 17:44:47] Status Updated: Floor '8'
[2026-08-12 17:44:48] Tag Change: ID '00E2004717773068217BBE01' -> Floor '9'
[2026-08-12 17:44:51] Tag Change: ID '002427031027000620240000' -> Floor 'Unknown'
[2026-08-12 17:45:05] Tag Change: ID '00E20047174880682178D301' -> Floor '10'
[2026-08-12 17:45:10] Tag Change: ID '00E200471777F068217BCA01' -> Floor 'Unknown'
[2026-08-12 17:45:15] Tag Change: ID '00E200471741406821785F01' -> Floor '2'
[2026-08-12 17:45:46] Tag Change: ID '00E200471775B068217BA601' -> Floor '1'
[2026-08-12 17:45:52] Status Updated: Floor '1'
[2026-08-12 17:45:53] Tag Change: ID '00E20047175CC068217A1701' -> Floor '6'
[2026-08-12 17:45:53] Tag Change: ID '00E2004717964068217DAF01' -> Floor '6'
[2026-08-12 17:45:53] Status Updated: Floor '6'
[2026-08-12 17:45:58] Tag Change: ID '00E200471751806821796301' -> Floor '11'
[2026-08-12 17:45:59] Status Updated: Floor '11'
[2026-08-12 17:46:00] Tag Change: ID '00E200471753C06821798701' -> Floor '11'
[2026-08-12 17:47:00] Tag Change: ID '00E200471751806821796301' -> Floor '11'
[2026-08-12 17:47:00] Tag flapping: suppressed 4 repeated tag-change log lines in the last 111s
[2026-08-12 17:47:02] Tag Change: ID '00E2004718C4B06821909601' -> Floor 'Unknown'
[2026-08-12 17:47:02] Tag Change: ID '00E200471744006821788B01' -> Floor '9'
[2026-08-12 17:47:03] Tag Change: ID '00E2004717773068217BBE01' -> Floor '9'
[2026-08-12 17:47:04] Status Updated: Floor '9'
[2026-08-12 17:47:06] Tag Change: ID '00E200471777F068217BCA01' -> Floor 'Unknown'
[2026-08-12 17:47:07] Tag Change: ID '00E200471897C068218DC701' -> Floor '5'
[2026-08-12 17:47:08] Tag Change: ID '00E2004718A2C068218E7701' -> Floor '4'
[2026-08-12 17:47:09] Tag Change: ID '00E2004718A58068218EA301' -> Floor '3'
[2026-08-12 17:47:09] Tag Change: ID '00E2004717A7C068217EC701' -> Floor '3'
[2026-08-12 17:47:10] Status Updated: Floor '3'
[2026-08-12 17:47:12] Tag Change: ID '00E200471775B068217BA601' -> Floor '1'
[2026-08-12 17:47:19] Tag Change: ID '00E2004707DF5060270ED801' -> Floor '-3'
[2026-08-12 17:47:20] Tag Change: ID '00E2004707E05060270EE801' -> Floor '-3'
[2026-08-12 17:47:21] Status Updated: Floor '-3'
[2026-08-12 17:47:22] Tag Change: ID '00E2004707E01060270EE401' -> Floor '-3'
[2026-08-12 17:48:02] Tag Change: ID '00E20047175A40682179EF01' -> Floor '2'
[2026-08-12 17:48:04] Status Updated: Floor '2'
[2026-08-12 17:48:07] Status Updated: Floor '3'
[2026-08-12 17:48:23] Tag Change: ID '00E2004717684068217ACF01' -> Floor '5'
[2026-08-12 17:48:23] Tag flapping: suppressed 7 repeated tag-change log lines in the last 60s
[2026-08-12 17:48:23] Status Updated: Floor '5'
[2026-08-12 17:48:26] Tag Change: ID '00E2004717688068217AD301' -> Floor '5'
[2026-08-12 17:49:40] Tag Change: ID '00E2004717684068217ACF01' -> Floor '5'
[2026-08-12 17:49:43] Tag Change: ID '00E2004718A58068218EA301' -> Floor '3'
[2026-08-12 17:49:44] Status Updated: Floor '3'
[2026-08-12 17:50:09] Tag Change: ID '00E2004717A0C068217E5701' -> Floor '3'
[2026-08-12 17:50:14] Tag Change: ID '00E20047179C4068217E0F01' -> Floor '2'
[2026-08-12 17:50:15] Status Updated: Floor '2'
[2026-08-12 17:50:28] Tag Change: ID '00E20047176CC068217B1701' -> Floor '1'
[2026-08-12 17:50:30] Tag Change: ID '00E2004717AC4068217F0F01' -> Floor '-1'
[2026-08-12 17:50:31] Tag Change: ID '00E200471736C0682177B701' -> Floor '-1'
[2026-08-12 17:50:32] Status Updated: Floor '-1'
[2026-08-12 17:50:46] Tag Change: ID '00E2004717A40068217E8B01' -> Floor '-1'
[2026-08-12 17:50:47] Tag Change: ID '00E2004717A00068217E4B01' -> Floor '-1'
[2026-08-12 17:50:50] Tag Change: ID '00E200471775B068217BA601' -> Floor '1'
[2026-08-12 17:50:51] Tag Change: ID '00E200471768C068217AD701' -> Floor '1'
[2026-08-12 17:50:52] Status Updated: Floor '1'
[2026-08-12 17:50:56] Tag Change: ID '00E2004718A58068218EA301' -> Floor '3'
[2026-08-12 17:50:56] Status Updated: Floor '3'
[2026-08-12 17:51:14] Status Updated: Floor '2'
[2026-08-12 17:51:42] Tag Change: ID '00E2004717A0C068217E5701' -> Floor '3'
[2026-08-12 17:51:42] Status Updated: Floor '3'
[2026-08-12 17:52:00] Tag Change: ID '00E2004717A7C068217EC701' -> Floor '3'
[2026-08-12 17:52:00] Tag flapping: suppressed 3 repeated tag-change log lines in the last 67s
[2026-08-12 17:52:02] Tag Change: ID '00E20047179C4068217E0F01' -> Floor '2'
[2026-08-12 17:52:04] Status Updated: Floor '2'
[2026-08-12 17:52:17] Tag Change: ID '00E200471768C068217AD701' -> Floor '1'
[2026-08-12 17:52:21] Tag Change: ID '00E200471736C0682177B701' -> Floor '-1'
[2026-08-12 17:52:26] Tag Change: ID '00E2004717A40068217E8B01' -> Floor '-1'
[2026-08-12 17:52:26] Status Updated: Floor '-1'
[2026-08-12 17:52:37] Tag Change: ID '00E2004717A00068217E4B01' -> Floor '-1'
[2026-08-12 17:52:40] Tag Change: ID '00E2004717AC4068217F0F01' -> Floor '-1'
[2026-08-12 17:52:41] Tag Change: ID '00E2004717A54068217E9F01' -> Floor '0'
[2026-08-12 17:52:42] Status Updated: Floor '0'
[2026-08-12 17:53:00] Tag Change: ID '00E2004717A9C068217EE701' -> Floor '-2'
[2026-08-12 17:53:01] Tag Change: ID '00E2004717A48068217E9301' -> Floor '-2'
[2026-08-12 17:53:02] Status Updated: Floor '-2'
[2026-08-12 17:53:03] Tag Change: ID '00E2004707DF5060270ED801' -> Floor '-3'
[2026-08-12 17:53:03] Tag Change: ID '00E2004707E05060270EE801' -> Floor '-3'
[2026-08-12 17:53:04] Status Updated: Floor '-3'
[2026-08-12 17:53:06] Tag Change: ID '00E2004707E01060270EE401' -> Floor '-3'
[2026-08-12 17:53:21] Tag Change: ID '00E200471775B068217BA601' -> Floor '1'
[2026-08-12 17:53:24] Tag Change: ID '00E2004717A0C068217E5701' -> Floor '3'
[2026-08-12 17:53:25] Tag Change: ID '00E20047175A80682179F301' -> Floor '4'
[2026-08-12 17:53:27] Tag Change: ID '00E2004717688068217AD301' -> Floor '5'
[2026-08-12 17:53:28] Tag Change: ID '00E20047175CC068217A1701' -> Floor '6'
[2026-08-12 17:53:29] Tag Change: ID '00E2004717964068217DAF01' -> Floor '6'
[2026-08-12 17:53:30] Status Updated: Floor '6'
[2026-08-12 17:53:40] Tag Change: ID '00E2004717A60068217EAB01' -> Floor '7'
[2026-08-12 17:53:41] Tag Change: ID '00E20047177A3068217BEE01' -> Floor '8'
[2026-08-12 17:53:44] Tag Change: ID '00E200471744006821788B01' -> Floor '9'
[2026-08-12 17:53:45] Status Updated: Floor '9'
[2026-08-12 17:54:51] Tag Change: ID '00E2004717767068217BB201' -> Floor '8'
[2026-08-12 17:54:51] Tag flapping: suppressed 10 repeated tag-change log lines in the last 115s
[2026-08-12 17:54:52] Tag Change: ID '00E20047175F4068217A3F01' -> Floor '7'
[2026-08-12 17:54:53] Tag Change: ID '00E2004717A60068217EAB01' -> Floor '7'
[2026-08-12 17:54:54] Status Updated: Floor '7'
[2026-08-12 17:54:54] Tag Change: ID '00E200471777F068217BCA01' -> Floor 'Unknown'
[2026-08-12 17:54:54] Tag Change: ID '00E2004717688068217AD301' -> Floor '5'
[2026-08-12 17:54:54] Status Updated: Floor '5'
[2026-08-12 17:54:56] Tag Change: ID '00E20047175A80682179F301' -> Floor '4'
[2026-08-12 17:54:57] Tag Change: ID '00E2004718A58068218EA301' -> Floor '3'
[2026-08-12 17:54:59] Status Updated: Floor '3'
[2026-08-12 17:55:14] Tag Change: ID '00E20047189E4068218E2F01' -> Floor '4'
[2026-08-12 17:55:16] Status Updated: Floor '4'
[2026-08-12 17:56:22] Tag Change: ID '00E2004718A2C068218E7701' -> Floor '4'
[2026-08-12 17:56:24] Tag Change: ID '00E2004718A58068218EA301' -> Floor '3'
[2026-08-12 17:56:24] Status Updated: Floor '3'
[2026-08-12 17:57:02] Tag Change: ID '00E2004717A0C068217E5701' -> Floor '3'
[2026-08-12 17:57:02] Tag Change: ID '00E20047179C4068217E0F01' -> Floor '2'
[2026-08-12 17:57:04] Tag Change: ID '00E200471768C068217AD701' -> Floor '1'
[2026-08-12 17:57:09] Status Updated: Floor '1'
[2026-08-12 17:57:12] Tag Change: ID '00E2004717A40068217E8B01' -> Floor '-1'
[2026-08-12 17:57:26] Tag Change: ID '00E2004717A90068217EDB01' -> Floor 'Unknown'
[2026-08-12 17:57:33] Tag Change: ID '00E2004707E05060270EE801' -> Floor '-3'
[2026-08-12 17:57:34] Status Updated: Floor '-3'
[2026-08-12 17:57:34] Tag Change: ID '00E2004707DF5060270ED801' -> Floor '-3'
[2026-08-12 17:57:35] Tag Change: ID '00E2004707E01060270EE401' -> Floor '-3'
[2026-08-12 17:58:12] Tag Change: ID '00E2004717A00068217E4B01' -> Floor '-1'
[2026-08-12 17:58:13] Status Updated: Floor '-1'
[2026-08-12 17:58:14] Tag Change: ID '00E2004717A40068217E8B01' -> Floor '-1'
[2026-08-12 17:58:33] Tag Change: ID '00E2004717AC4068217F0F01' -> Floor '-1'
[2026-08-12 17:58:35] Tag Change: ID '00E2004717A54068217E9F01' -> Floor '0'
[2026-08-12 17:58:36] Status Updated: Floor '0'
[2026-08-12 17:58:48] Tag Change: ID '00E200471775B068217BA601' -> Floor '1'
[2026-08-12 17:58:48] Tag flapping: suppressed 12 repeated tag-change log lines in the last 72s
[2026-08-12 17:58:50] Tag Change: ID '00E200471768C068217AD701' -> Floor '1'
[2026-08-12 17:58:51] Status Updated: Floor '1'
[2026-08-12 17:58:52] Tag Change: ID '00E2004717A0C068217E5701' -> Floor '3'
[2026-08-12 17:58:52] Tag Change: ID '00E2004717A7C068217EC701' -> Floor '3'
[2026-08-12 17:58:52] Status Updated: Floor '3'
[2026-08-12 17:58:52] Tag Change: ID '00E2004718A58068218EA301' -> Floor '3'
[2026-08-12 17:58:56] Tag Change: ID '00E20047189E4068218E2F01' -> Floor '4'
[2026-08-12 17:58:56] Status Updated: Floor '4'
[2026-08-12 17:59:26] Tag Change: ID '00E2004718A2C068218E7701' -> Floor '4'
[2026-08-12 17:59:26] Tag Change: ID '00E20047175A80682179F301' -> Floor '4'
[2026-08-12 17:59:28] Status Updated: Floor '3'
[2026-08-12 17:59:48] Tag Change: ID '00E2004717688068217AD301' -> Floor '5'
[2026-08-12 17:59:49] Status Updated: Floor '5'
[2026-08-12 18:00:06] Tag Change: ID '00E20047175CC068217A1701' -> Floor '6'
[2026-08-12 18:00:09] Tag Change: ID '00E2004717638068217A8301' -> Floor '7'
[2026-08-12 18:00:10] Status Updated: Floor '7'
[2026-08-12 18:00:14] Tag Change: ID '4A2322C89724048C89923129' -> Floor 'Unknown'
[2026-08-12 18:00:26] Tag Change: ID '00E2004717964068217DAF01' -> Floor '6'
[2026-08-12 18:00:27] Status Updated: Floor '6'
[2026-08-12 18:00:29] Tag Change: ID '00E20047189E4068218E2F01' -> Floor '4'
[2026-08-12 18:00:29] Tag flapping: suppressed 3 repeated tag-change log lines in the last 60s
[2026-08-12 18:00:30] Tag Change: ID '00E2004718A58068218EA301' -> Floor '3'
[2026-08-12 18:00:32] Tag Change: ID '00E20047176CC068217B1701' -> Floor '1'
[2026-08-12 18:00:34] Tag Change: ID '00E200471775B068217BA601' -> Floor '1'
[2026-08-12 18:00:34] Status Updated: Floor '1'
[2026-08-12 18:00:40] Tag Change: ID '00E2004717A48068217E9301' -> Floor '-2'
[2026-08-12 18:00:40] Tag Change: ID '00E2004707DF5060270ED801' -> Floor '-3'
[2026-08-12 18:00:41] Tag Change: ID '00E2004707E05060270EE801' -> Floor '-3'
[2026-08-12 18:00:42] Status Updated: Floor '-3'
[2026-08-12 18:00:42] Tag Change: ID '00E2004707E01060270EE401' -> Floor '-3'
[2026-08-12 18:01:17] Tag Change: ID '00E2004717AC4068217F0F01' -> Floor '-1'
[2026-08-12 18:01:19] Tag Change: ID '00E200471768C068217AD701' -> Floor '1'
[2026-08-12 18:01:19] Status Updated: Floor '1'
[2026-08-12 18:01:20] Tag Change: ID '00E20047175A40682179EF01' -> Floor '2'
[2026-08-12 18:01:24] Tag Change: ID '00E20047179C4068217E0F01' -> Floor '2'
[2026-08-12 18:01:25] Status Updated: Floor '2'
[2026-08-12 18:01:33] Tag Change: ID '00E2004717A0C068217E5701' -> Floor '3'
[2026-08-12 18:01:33] Status Updated: Floor '3'
[2026-08-12 18:01:34] Tag Change: ID '00E2004718A58068218EA301' -> Floor '3'
[2026-08-12 18:01:34] Tag Change: ID '00E20047175A80682179F301' -> Floor '4'
[2026-08-12 18:01:37] Tag Change: ID '00E200471777F068217BCA01' -> Floor 'Unknown'
[2026-08-12 18:01:39] Tag Change: ID '00E20047177A3068217BEE01' -> Floor '8'
[2026-08-12 18:01:41] Tag Change: ID '00E2004718C4B06821909601' -> Floor 'Unknown'
[2026-08-12 18:01:43] Tag Change: ID '002427031027000620240000' -> Floor 'Unknown'
[2026-08-12 18:01:43] Tag Change: ID '00E200471745C0682178A701' -> Floor '10'
[2026-08-12 18:01:45] Status Updated: Floor '10'
[2026-08-12 18:01:47] Tag flapping: suppressed 28 repeated tag-change log lines in the last 60s
[2026-08-12 18:01:59] Tag Change: ID '00E20047174880682178D301' -> Floor '10'
[2026-08-12 18:02:01] Tag Change: ID '00E20047177A7068217BF201' -> Floor '9'
[2026-08-12 18:02:01] Tag Change: ID '00E2004717767068217BB201' -> Floor '8'
[2026-08-12 18:02:02] Status Updated: Floor '8'
[2026-08-12 18:02:02] Tag Change: ID '00E20047175F4068217A3F01' -> Floor '7'
[2026-08-12 18:02:04] Tag Change: ID '00E20047175CC068217A1701' -> Floor '6'
[2026-08-12 18:02:04] Status Updated: Floor '6'
[2026-08-12 18:02:04] Tag Change: ID '00E2004717688068217AD301' -> Floor '5'
[2026-08-12 18:02:05] Tag Change: ID '00E2004717684068217ACF01' -> Floor '5'
[2026-08-12 18:02:05] Status Updated: Floor '5'
[2026-08-12 18:02:05] Tag Change: ID '00E20047189E4068218E2F01' -> Floor '4'
[2026-08-12 18:02:07] Status Updated: Floor '4'
[2026-08-12 18:02:09] Status Updated: Floor '3'
[2026-08-12 18:02:22] Tag Change: ID '00E200471775B068217BA601' -> Floor '1'
[2026-08-12 18:02:25] Tag Change: ID '00E2004717A00068217E4B01' -> Floor '-1'
[2026-08-12 18:02:27] Tag Change: ID '00E2004717A40068217E8B01' -> Floor '-1'
[2026-08-12 18:02:27] Status Updated: Floor '-1'
[2026-08-12 18:02:46] Tag Change: ID '00E200471736C0682177B701' -> Floor '-1'
[2026-08-12 18:02:50] Tag Change: ID '00E200471768C068217AD701' -> Floor '1'
[2026-08-12 18:02:50] Status Updated: Floor '1'
[2026-08-12 18:02:51] Tag Change: ID '00E2004717A0C068217E5701' -> Floor '3'
[2026-08-12 18:02:52] Tag Change: ID '00E20047175A80682179F301' -> Floor '4'
[2026-08-12 18:02:53] Tag Change: ID '00E2004718A2C068218E7701' -> Floor '4'
[2026-08-12 18:02:53] Status Updated: Floor '4'
[2026-08-12 18:02:59] Status Updated: Floor '8'
[2026-08-12 18:03:21] Tag Change: ID '00E20047177670' -> Floor 'Unknown'
[2026-08-12 18:03:21] Tag flapping: suppressed 9 repeated tag-change log lines in the last 82s
[2026-08-12 18:03:21] Tag Change: ID '00E2004717767068217BB201' -> Floor '8'
[2026-08-12 18:03:33] Tag Change: ID '00E20047177A3068217BEE01' -> Floor '8'
[2026-08-12 18:03:34] Tag Change: ID '00E2004717638068217A8301' -> Floor '7'
[2026-08-12 18:03:36] Tag Change: ID '00E20047175CC068217A1701' -> Floor '6'
[2026-08-12 18:03:36] Tag Change: ID '00E2004717688068217AD301' -> Floor '5'
[2026-08-12 18:03:36] Status Updated: Floor '5'
[2026-08-12 18:03:38] Tag Change: ID '00E2004718A58068218EA301' -> Floor '3'
[2026-08-12 18:03:39] Tag Change: ID '00E20047179C4068217E0F01' -> Floor '2'
[2026-08-12 18:03:40] Tag Change: ID '00E200471741406821785F01' -> Floor '2'
[2026-08-12 18:03:40] Status Updated: Floor '2'
[2026-08-12 18:03:41] Tag Change: ID '00E20047176CC068217B1701' -> Floor '1'
[2026-08-12 18:03:44] Tag Change: ID '00E2004717A40068217E8B01' -> Floor '-1'
[2026-08-12 18:03:50] Tag Change: ID '00E2004707E05060270EE801' -> Floor '-3'
[2026-08-12 18:03:54] Status Updated: Floor '-3'
[2026-08-12 18:03:54] Tag Change: ID '00E2004707E01060270EE401' -> Floor '-3'
[2026-08-12 18:04:06] Tag Change: ID '00E2004707DF5060270ED801' -> Floor '-3'
[2026-08-12 18:04:10] Tag Change: ID '00E2004717A48068217E9301' -> Floor '-2'
[2026-08-12 18:04:18] Status Updated: Floor '-1'
[2026-08-12 18:04:24] Tag Change: ID '00E2004717A00068217E4B01' -> Floor '-1'
[2026-08-12 18:04:34] Tag Change: ID '00E2004717A54068217E9F01' -> Floor '0'
[2026-08-12 18:04:36] Status Updated: Floor '1'
[2026-08-12 18:04:37] Tag Change: ID '00E200471768C068217AD701' -> Floor '1'
[2026-08-12 18:04:46] Tag Change: ID '00E20047176CC068217B1701' -> Floor '1'
[2026-08-12 18:04:48] Tag Change: ID '00E200471741406821785F01' -> Floor '2'
[2026-08-12 18:04:49] Status Updated: Floor '2'
[2026-08-12 18:04:50] Tag Change: ID '00E20047175A40682179EF01' -> Floor '2'
[2026-08-12 18:04:51] Tag Change: ID '00E2004717A0C068217E5701' -> Floor '3'
[2026-08-12 18:04:54] Tag Change: ID '00E2004717684068217ACF01' -> Floor '5'
[2026-08-12 18:04:55] Tag Change: ID '00E2004717688068217AD301' -> Floor '5'
[2026-08-12 18:04:55] Status Updated: Floor '5'
[2026-08-12 18:05:08] Tag Change: ID '00E200471777F068217BCA01' -> Floor 'Unknown'
[2026-08-12 18:05:08] Tag flapping: suppressed 15 repeated tag-change log lines in the last 70s
[2026-08-12 18:05:09] Tag Change: ID '00E2004717964068217DAF01' -> Floor '6'
[2026-08-12 18:05:10] Tag Change: ID '00E2004717638068217A8301' -> Floor '7'
[2026-08-12 18:05:11] Tag Change: ID '00E20047177A3068217BEE01' -> Floor '8'
[2026-08-12 18:05:11] Tag Change: ID '00E2004717767068217BB201' -> Floor '8'
[2026-08-12 18:05:12] Status Updated: Floor '8'
[2026-08-12 18:05:12] Tag Change: ID '00E20047177A7068217BF201' -> Floor '9'
[2026-08-12 18:05:14] Tag Change: ID '00E200471744006821788B01' -> Floor '9'
[2026-08-12 18:05:14] Status Updated: Floor '9'
[2026-08-12 18:05:30] Tag Change: ID '00E2004717773068217BBE01' -> Floor '9'
[2026-08-12 18:05:31] Tag Change: ID '00E2004717710068217B5B00' -> Floor '8'
[2026-08-12 18:05:31] Status Updated: Floor '8'
[2026-08-12 18:05:32] Tag Change: ID '00E20047175F4068217A3F01' -> Floor '7'
[2026-08-12 18:05:33] Status Updated: Floor '7'
[2026-08-12 18:05:33] Tag Change: ID '00E20047175CC068217A1701' -> Floor '6'
[2026-08-12 18:05:39] Status Updated: Floor '5'
[2026-08-12 18:05:40] Tag Change: ID '00E200471775B068217BA601' -> Floor '1'
[2026-08-12 18:05:40] Status Updated: Floor '1'
[2026-08-12 18:05:42] Tag Change: ID '00E2004717A00068217E4B01' -> Floor '-1'
[2026-08-12 18:05:45] Tag Change: ID '00E2004717A9C068217EE701' -> Floor '-2'
[2026-08-12 18:05:48] Tag Change: ID '00E2004707E01060270EE401' -> Floor '-3'
[2026-08-12 18:05:48] Tag Change: ID '00E2004707E05060270EE801' -> Floor '-3'
[2026-08-12 18:05:49] Status Updated: Floor '-3'
[2026-08-12 18:06:20] Tag Change: ID '00E2004717A40068217E8B01' -> Floor '-1'
[2026-08-12 18:06:22] Status Updated: Floor '-1'
[2026-08-12 18:06:36] Tag Change: ID '00E2004717A48068217E9301' -> Floor '-2'
[2026-08-12 18:06:36] Tag flapping: suppressed 6 repeated tag-change log lines in the last 66s
[2026-08-12 18:06:38] Tag Change: ID '00E2004707DF5060270ED801' -> Floor '-3'
[2026-08-12 18:06:44] Status Updated: Floor '-3'
[2026-08-12 18:06:53] Tag Change: ID '00E2004717AD8068217F2301' -> Floor '-2'
[2026-08-12 18:06:58] Status Updated: Floor '-2'
[2026-08-12 18:07:12] Tag Change: ID '00E200471736C0682177B701' -> Floor '-1'
[2026-08-12 18:07:16] Tag Change: ID '00E20047176CC068217B1701' -> Floor '1'
[2026-08-12 18:07:18] Tag Change: ID '00E200471768C068217AD701' -> Floor '1'
[2026-08-12 18:07:19] Status Updated: Floor '1'
[2026-08-12 18:07:33] Tag Change: ID '00E2004718A58068218EA301' -> Floor '3'
[2026-08-12 18:07:34] Tag Change: ID '00E2004718A2C068218E7701' -> Floor '4'
[2026-08-12 18:07:36] Tag Change: ID '00E2004717684068217ACF01' -> Floor '5'
[2026-08-12 18:07:37] Status Updated: Floor '5'
[2026-08-12 18:07:39] Tag Change: ID '00E2004717688068217AD301' -> Floor '5'
[2026-08-12 18:07:39] Tag flapping: suppressed 12 repeated tag-change log lines in the last 60s
[2026-08-12 18:07:50] Tag Change: ID '00E200471777F068217BCA01' -> Floor 'Unknown'
[2026-08-12 18:07:51] Tag Change: ID '00E20047175CC068217A1701' -> Floor '6'
[2026-08-12 18:07:52] Tag Change: ID '00E20047175F4068217A3F01' -> Floor '7'
[2026-08-12 18:07:53] Tag Change: ID '00E2004717638068217A8301' -> Floor '7'
[2026-08-12 18:07:53] Status Updated: Floor '7'
[2026-08-12 18:07:53] Tag Change: ID '00E20047177A3068217BEE01' -> Floor '8'
[2026-08-12 18:07:54] Tag Change: ID '00E2004717710068217B5B00' -> Floor '8'
[2026-08-12 18:07:54] Status Updated: Floor '8'
[2026-08-12 18:07:55] Tag Change: ID '00E2004717767068217BB201' -> Floor '8'
[2026-08-12 18:08:09] Tag Change: ID '00E2004717773068217BBE01' -> Floor '9'
[2026-08-12 18:08:11] Status Updated: Floor '9'
[2026-08-12 18:08:11] Tag Change: ID '00E200471744006821788B01' -> Floor '9'
[2026-08-12 18:08:12] Tag Change: ID '00E200471745C0682178A701' -> Floor '10'
[2026-08-12 18:08:15] Tag Change: ID '00E200471753C06821798701' -> Floor '11'
[2026-08-12 18:08:16] Status Updated: Floor '11'
[2026-08-12 18:08:37] Tag Change: ID '00E200471751806821796301' -> Floor '11'
[2026-08-12 18:08:38] Tag Change: ID '002427031027000620240000' -> Floor 'Unknown'
[2026-08-12 18:08:39] Tag Change: ID '00E2004718C4B06821909601' -> Floor 'Unknown'
[2026-08-12 18:08:48] Tag Change: ID '00E20047176CC068217B1701' -> Floor '1'
[2026-08-12 18:08:49] Tag Change: ID '00E200471775B068217BA601' -> Floor '1'
[2026-08-12 18:08:50] Status Updated: Floor '1'
[2026-08-12 18:08:50] Tag Change: ID '00E2004717AC4068217F0F01' -> Floor '-1'
[2026-08-12 18:08:58] Tag Change: ID '00E2004707E01060270EE401' -> Floor '-3'
[2026-08-12 18:08:59] Tag Change: ID '00E2004707E05060270EE801' -> Floor '-3'
[2026-08-12 18:08:59] Status Updated: Floor '-3'
[2026-08-12 18:09:02] Tag Change: ID '00E2004707DF5060270ED801' -> Floor '-3'
[2026-08-12 18:09:17] Tag Change: ID '00E2004717A40068217E8B01' -> Floor '-1'
[2026-08-12 18:09:18] Status Updated: Floor '-1'
[2026-08-12 18:09:34] Tag Change: ID '00E2004717A00068217E4B01' -> Floor '-1'
[2026-08-12 18:09:41] Tag Change: ID '00E200471768C068217AD701' -> Floor '1'
[2026-08-12 18:09:41] Status Updated: Floor '1'
[2026-08-12 18:09:49] Tag Change: ID '00E20047176CC068217B1701' -> Floor '1'
[2026-08-12 18:09:53] Tag Change: ID '00E20047179C4068217E0F01' -> Floor '2'
[2026-08-12 18:09:53] Status Updated: Floor '2'
[2026-08-12 18:09:55] Tag Change: ID '00E2004718A58068218EA301' -> Floor '3'
[2026-08-12 18:09:56] Status Updated: Floor '3'
[2026-08-12 18:10:11] Tag Change: ID '00E20047189E4068218E2F01' -> Floor '4'
[2026-08-12 18:10:11] Tag flapping: suppressed 10 repeated tag-change log lines in the last 70s
[2026-08-12 18:10:12] Status Updated: Floor '4'
[2026-08-12 18:10:27] Tag Change: ID '00E2004717688068217AD301' -> Floor '5'
[2026-08-12 18:10:28] Status Updated: Floor '5'
[2026-08-12 18:10:40] Tag Change: ID '00E200471777F068217BCA01' -> Floor 'Unknown'
[2026-08-12 18:10:41] Tag Change: ID '00E20047175CC068217A1701' -> Floor '6'
[2026-08-12 18:10:43] Tag Change: ID '00E2004717964068217DAF01' -> Floor '6'
[2026-08-12 18:10:43] Status Updated: Floor '6'
[2026-08-12 18:10:55] Tag Change: ID '00E20047175F4068217A3F01' -> Floor '7'
[2026-08-12 18:10:58] Tag Change: ID '00E20047177A7068217BF201' -> Floor '9'
[2026-08-12 18:10:59] Tag Change: ID '00E200471744006821788B01' -> Floor '9'
[2026-08-12 18:11:00] Status Updated: Floor '9'
[2026-08-12 18:11:54] Tag Change: ID '00E2004717767068217BB201' -> Floor '8'
[2026-08-12 18:11:54] Status Updated: Floor '8'
[2026-08-12 18:12:11] Tag Change: ID '00E2004717710068217B5B00' -> Floor '8'
[2026-08-12 18:12:15] Tag Change: ID '00E2004717684068217ACF01' -> Floor '5'
[2026-08-12 18:12:15] Tag Change: ID '00E200471897C068218DC701' -> Floor '5'
[2026-08-12 18:12:16] Status Updated: Floor '5'
[2026-08-12 18:12:16] Tag Change: ID '00E2004718A58068218EA301' -> Floor '3'
[2026-08-12 18:12:18] Tag Change: ID '00E20047175A40682179EF01' -> Floor '2'
[2026-08-12 18:12:23] Status Updated: Floor '2'
[2026-08-12 18:12:24] Tag Change: ID '00E2004717A40068217E8B01' -> Floor '-1'
[2026-08-12 18:12:37] Status Updated: Floor '-1'
[2026-08-12 18:13:04] Tag Change: ID '00E2004707E01060270EE401' -> Floor '-3'
[2026-08-12 18:13:04] Tag flapping: suppressed 1 repeated tag-change log lines in the last 72s
[2026-08-12 18:13:05] Tag Change: ID '00E2004707E05060270EE801' -> Floor '-3'
[2026-08-12 18:13:06] Status Updated: Floor '-3'
[2026-08-12 18:13:10] Tag Change: ID '00E2004707DF5060270ED801' -> Floor '-3'
[2026-08-12 18:13:25] Tag Change: ID '00E2004717A40068217E8B01' -> Floor '-1'
[2026-08-12 18:13:34] Status Updated: Floor '-1'
[2026-08-12 18:13:49] Tag Change: ID '00E2004717A54068217E9F01' -> Floor '0'
[2026-08-12 18:13:51] Tag Change: ID '00E200471768C068217AD701' -> Floor '1'
[2026-08-12 18:13:51] Tag Change: ID '00E200471741406821785F01' -> Floor '2'
[2026-08-12 18:13:52] Tag Change: ID '00E20047175A40682179EF01' -> Floor '2'
[2026-08-12 18:13:52] Status Updated: Floor '2'
[2026-08-12 18:13:53] Tag Change: ID '00E2004718A58068218EA301' -> Floor '3'
[2026-08-12 18:13:54] Tag Change: ID '00E20047175A80682179F301' -> Floor '4'
[2026-08-12 18:13:56] Tag Change: ID '00E20047175CC068217A1701' -> Floor '6'
[2026-08-12 18:13:58] Tag Change: ID '00E20047175F4068217A3F01' -> Floor '7'
[2026-08-12 18:13:59] Tag Change: ID '00E2004717638068217A8301' -> Floor '7'
[2026-08-12 18:13:59] Status Updated: Floor '7'
[2026-08-12 18:14:24] Tag Change: ID '00E2004717767068217BB201' -> Floor '8'
[2026-08-12 18:14:24] Tag flapping: suppressed 9 repeated tag-change log lines in the last 77s
[2026-08-12 18:14:25] Status Updated: Floor '8'
[2026-08-12 18:14:34] Tag Change: ID '00E20047177A3068217BEE01' -> Floor '8'
[2026-08-12 18:14:40] Tag Change: ID '00E2004717A0C068217E5701' -> Floor '3'
[2026-08-12 18:14:41] Status Updated: Floor '3'
[2026-08-12 18:14:46] Tag Change: ID '00E2004717A00068217E4B01' -> Floor '-1'
[2026-08-12 18:14:46] Status Updated: Floor '-1'
[2026-08-12 18:14:50] Tag Change: ID '00E2004717A40068217E8B01' -> Floor '-1'
[2026-08-12 18:15:13] Tag Change: ID '00E200471736C0682177B701' -> Floor '-1'
[2026-08-12 18:15:19] Tag Change: ID '00E2004718A58068218EA301' -> Floor '3'
[2026-08-12 18:15:19] Status Updated: Floor '3'
[2026-08-12 18:15:19] Tag Change: ID '00E20047189E4068218E2F01' -> Floor '4'
[2026-08-12 18:15:24] Status Updated: Floor '8'
[2026-08-12 18:15:25] Tag Change: ID '00E2004717767068217BB201' -> Floor '8'
[2026-08-12 18:16:02] Tag Change: ID '00E2004717710068217B5B00' -> Floor '8'
[2026-08-12 18:16:02] Tag flapping: suppressed 7 repeated tag-change log lines in the last 86s
[2026-08-12 18:16:02] Tag Change: ID '00E20047177A3068217BEE01' -> Floor '8'
[2026-08-12 18:16:03] Tag Change: ID '00E2004717638068217A8301' -> Floor '7'
[2026-08-12 18:16:05] Tag Change: ID '00E20047175CC068217A1701' -> Floor '6'
[2026-08-12 18:16:06] Tag Change: ID '00E200471897C068218DC701' -> Floor '5'
[2026-08-12 18:16:08] Tag Change: ID '00E2004717A0C068217E5701' -> Floor '3'
[2026-08-12 18:16:09] Tag Change: ID '00E20047175A40682179EF01' -> Floor '2'
[2026-08-12 18:16:10] Tag Change: ID '00E20047176CC068217B1701' -> Floor '1'
[2026-08-12 18:16:10] Status Updated: Floor '1'
[2026-08-12 18:16:17] Tag Change: ID '00E2004717A40068217E8B01' -> Floor '-1'
[2026-08-12 18:16:31] Tag Change: ID '00E200471736C0682177B701' -> Floor '-1'
[2026-08-12 18:16:32] Status Updated: Floor '-1'
[2026-08-12 18:16:35] Status Updated: Floor '2'
[2026-08-12 18:16:38] Tag Change: ID '00E20047179C4068217E0F01' -> Floor '2'
[2026-08-12 18:16:52] Tag Change: ID '00E2004717AC4068217F0F01' -> Floor '-1'
[2026-08-12 18:16:57] Tag Change: ID '00E2004717A48068217E9301' -> Floor '-2'
[2026-08-12 18:16:58] Tag Change: ID '00E2004707DF5060270ED801' -> Floor '-3'
[2026-08-12 18:16:59] Status Updated: Floor '-3'
[2026-08-12 18:16:59] Tag Change: ID '00E2004707E05060270EE801' -> Floor '-3'
[2026-08-12 18:17:00] Tag Change: ID '00E2004707E01060270EE401' -> Floor '-3'
[2026-08-12 18:17:18] Tag Change: ID '00E2004717A40068217E8B01' -> Floor '-1'
[2026-08-12 18:17:18] Status Updated: Floor '-1'
[2026-08-12 18:17:40] Tag Change: ID '00E2004717A00068217E4B01' -> Floor '-1'
[2026-08-12 18:17:40] Tag flapping: suppressed 11 repeated tag-change log lines in the last 65s
[2026-08-12 18:17:42] Tag Change: ID '00E2004717A54068217E9F01' -> Floor '0'
[2026-08-12 18:17:43] Tag Change: ID '00E200471775B068217BA601' -> Floor '1'
[2026-08-12 18:17:45] Tag Change: ID '00E2004717A0C068217E5701' -> Floor '3'
[2026-08-12 18:17:47] Tag Change: ID '00E20047175A80682179F301' -> Floor '4'
[2026-08-12 18:17:47] Tag Change: ID '00E2004718A2C068218E7701' -> Floor '4'
[2026-08-12 18:17:47] Status Updated: Floor '4'
[2026-08-12 18:17:48] Tag Change: ID '00E200471897C068218DC701' -> Floor '5'
[2026-08-12 18:17:48] Status Updated: Floor '5'
[2026-08-12 18:17:49] Tag Change: ID '00E200471777F068217BCA01' -> Floor 'Unknown'
[2026-08-12 18:17:50] Tag Change: ID '00E2004717964068217DAF01' -> Floor '6'
[2026-08-12 18:17:50] Status Updated: Floor '6'
[2026-08-12 18:17:51] Tag Change: ID '00E2004717638068217A8301' -> Floor '7'
[2026-08-12 18:17:54] Tag Change: ID '00E2004717767068217BB201' -> Floor '8'
[2026-08-12 18:17:55] Status Updated: Floor '8'
[2026-08-12 18:18:21] Tag Change: ID '00E2004717773068217BBE01' -> Floor '9'
[2026-08-12 18:18:23] Tag Change: ID '00E2004718C4B06821909601' -> Floor 'Unknown'
[2026-08-12 18:18:24] Tag Change: ID '002427031027000620240000' -> Floor 'Unknown'
[2026-08-12 18:18:27] Tag Change: ID '00E200471745C0682178A701' -> Floor '10'
[2026-08-12 18:18:29] Status Updated: Floor '10'
[2026-08-12 18:18:43] Tag Change: ID '00E20047174880682178D301' -> Floor '10'
[2026-08-12 18:18:48] Status Updated: Floor '6'
[2026-08-12 18:18:48] Tag Change: ID '00E20047175CC068217A1701' -> Floor '6'
[2026-08-12 18:18:48] Tag Change: ID '00E2004717688068217AD301' -> Floor '5'
[2026-08-12 18:18:49] Tag Change: ID '00E2004717684068217ACF01' -> Floor '5'
[2026-08-12 18:18:49] Status Updated: Floor '5'
[2026-08-12 18:18:49] Tag Change: ID '00E200471897C068218DC701' -> Floor '5'
[2026-08-12 18:18:51] Tag Change: ID '00E2004718A58068218EA301' -> Floor '3'
[2026-08-12 18:18:51] Tag Change: ID '00E2004717A7C068217EC701' -> Floor '3'
[2026-08-12 18:18:52] Status Updated: Floor '3'
[2026-08-12 18:18:55] Tag Change: ID '00E2004717A54068217E9F01' -> Floor '0'
[2026-08-12 18:18:55] Tag Change: ID '00E2004717AC4068217F0F01' -> Floor '-1'
[2026-08-12 18:18:57] Tag Change: ID '00E2004717A00068217E4B01' -> Floor '-1'
[2026-08-12 18:18:58] Status Updated: Floor '-1'
[2026-08-12 18:19:02] Tag Change: ID '00E2004717A40068217E8B01' -> Floor '-1'
[2026-08-12 18:19:23] Tag Change: ID '00E200471741406821785F01' -> Floor '2'
[2026-08-12 18:19:23] Tag Change: ID '00E20047175A40682179EF01' -> Floor '2'
[2026-08-12 18:19:24] Status Updated: Floor '2'
[2026-08-12 18:19:25] Tag Change: ID '00E20047179C4068217E0F01' -> Floor '2'
[2026-08-12 18:19:41] Tag flapping: suppressed 14 repeated tag-change log lines in the last 72s
[2026-08-12 18:19:42] Tag Change: ID '00E20047175F4068217A3F01' -> Floor '7'
[2026-08-12 18:19:42] Tag Change: ID '00E2004717638068217A8301' -> Floor '7'
[2026-08-12 18:19:43] Status Updated: Floor '7'
[2026-08-12 18:19:43] Tag Change: ID '00E20047177A3068217BEE01' -> Floor '8'
[2026-08-12 18:19:44] Tag Change: ID '00E2004717773068217BBE01' -> Floor '9'
[2026-08-12 18:19:45] Tag Change: ID '00E200471744006821788B01' -> Floor '9'
[2026-08-12 18:19:45] Status Updated: Floor '9'
[2026-08-12 18:19:46] Tag Change: ID '00E20047174880682178D301' -> Floor '10'
[2026-08-12 18:19:47] Tag Change: ID '002427031027000620240000' -> Floor 'Unknown'
[2026-08-12 18:19:47] Tag Change: ID '00E200471745C0682178A701' -> Floor '10'
[2026-08-12 18:19:48] Status Updated: Floor '10'
[2026-08-12 18:20:03] Tag Change: ID '00E20047174C806821791301' -> Floor '11'
[2026-08-12 18:20:04] Tag Change: ID '00E200471751806821796301' -> Floor '11'
[2026-08-12 18:20:04] Status Updated: Floor '11'
[2026-08-12 18:20:06] Tag Change: ID '00E200471753C06821798701' -> Floor '11'
[2026-08-12 18:20:23] Tag Change: ID '00E20047177A7068217BF201' -> Floor '9'
[2026-08-12 18:20:23] Status Updated: Floor '9'
[2026-08-12 18:20:26] Tag Change: ID '00E2004717964068217DAF01' -> Floor '6'
[2026-08-12 18:20:28] Tag Change: ID '00E20047175A80682179F301' -> Floor '4'
[2026-08-12 18:20:29] Tag Change: ID '00E2004718A58068218EA301' -> Floor '3'
[2026-08-12 18:20:30] Tag Change: ID '00E2004717A0C068217E5701' -> Floor '3'
[2026-08-12 18:20:32] Status Updated: Floor '3'
[2026-08-12 18:20:34] Tag Change: ID '00E20047179C4068217E0F01' -> Floor '2'
[2026-08-12 18:20:41] Status Updated: Floor '2'
[2026-08-12 18:20:42] Tag Change: ID '00E20047175A40682179EF01' -> Floor '2'
[2026-08-12 18:20:45] Tag Change: ID '00E200471775B068217BA601' -> Floor '1'
[2026-08-12 18:20:46] Status Updated: Floor '1'
[2026-08-12 18:20:47] Tag Change: ID '00E2004717A54068217E9F01' -> Floor '0'
[2026-08-12 18:20:48] Status Updated: Floor '0'
[2026-08-12 18:21:14] Tag Change: ID '00E2004717A40068217E8B01' -> Floor '-1'
[2026-08-12 18:21:14] Tag flapping: suppressed 8 repeated tag-change log lines in the last 85s
[2026-08-12 18:21:17] Status Updated: Floor '-1'
[2026-08-12 18:21:28] Tag Change: ID '00E2004707E01060270EE401' -> Floor '-3'
[2026-08-12 18:21:29] Status Updated: Floor '-3'
[2026-08-12 18:21:30] Tag Change: ID '00E2004707E05060270EE801' -> Floor '-3'
[2026-08-12 18:21:36] Tag Change: ID '00E2004707DF5060270ED801' -> Floor '-3'
[2026-08-12 18:22:12] Tag Change: ID '00E20047176CC068217B1701' -> Floor '1'
[2026-08-12 18:22:12] Tag Change: ID '00E200471741406821785F01' -> Floor '2'
[2026-08-12 18:22:13] Tag Change: ID '00E2004717A0C068217E5701' -> Floor '3'
[2026-08-12 18:22:14] Status Updated: Floor '3'
[2026-08-12 18:22:14] Tag Change: ID '00E2004718A58068218EA301' -> Floor '3'
[2026-08-12 18:22:15] Tag Change: ID '00E20047175A80682179F301' -> Floor '4'
[2026-08-12 18:22:17] Tag Change: ID '00E20047189E4068218E2F01' -> Floor '4'
[2026-08-12 18:22:17] Status Updated: Floor '4'
[2026-08-12 18:22:36] Tag flapping: suppressed 7 repeated tag-change log lines in the last 60s
[2026-08-12 18:22:39] Tag Change: ID '00E200471736C0682177B701' -> Floor '-1'
[2026-08-12 18:22:41] Status Updated: Floor '-1'
[2026-08-12 18:22:42] Tag Change: ID '00E2004717A40068217E8B01' -> Floor '-1'
[2026-08-12 18:22:55] Tag Change: ID '00E2004717A9C068217EE701' -> Floor '-2'
[2026-08-12 18:22:56] Tag Change: ID '00E2004717A48068217E9301' -> Floor '-2'
[2026-08-12 18:22:57] Status Updated: Floor '-2'
[2026-08-12 18:22:57] Tag Change: ID '00E2004707DF5060270ED801' -> Floor '-3'
[2026-08-12 18:22:58] Status Updated: Floor '-3'
[2026-08-12 18:22:58] Tag Change: ID '00E2004707E01060270EE401' -> Floor '-3'
[2026-08-12 18:22:59] Tag Change: ID '00E2004707E05060270EE801' -> Floor '-3'
[2026-08-12 18:23:18] Tag Change: ID '00E2004717A54068217E9F01' -> Floor '0'
[2026-08-12 18:23:20] Status Updated: Floor '0'
[2026-08-12 18:23:38] Status Updated: Floor '-1'
[2026-08-12 18:23:42] Tag Change: ID '00E2004717A00068217E4B01' -> Floor '-1'
[2026-08-12 18:23:48] Tag Change: ID '00E200471736C0682177B701' -> Floor '-1'
[2026-08-12 18:23:50] Tag Change: ID '00E200471775B068217BA601' -> Floor '1'
[2026-08-12 18:23:52] Tag Change: ID '00E200471768C068217AD701' -> Floor '1'
[2026-08-12 18:23:53] Status Updated: Floor '1'
[2026-08-12 18:23:58] Tag Change: ID '00E2004718A58068218EA301' -> Floor '3'
[2026-08-12 18:23:59] Status Updated: Floor '3'
[2026-08-12 18:24:13] Tag Change: ID '00E200471897C068218DC701' -> Floor '5'
[2026-08-12 18:24:13] Tag flapping: suppressed 10 repeated tag-change log lines in the last 73s
[2026-08-12 18:24:14] Tag Change: ID '00E2004717688068217AD301' -> Floor '5'
[2026-08-12 18:24:14] Status Updated: Floor '5'
[2026-08-12 18:24:16] Tag Change: ID '00E2004717638068217A8301' -> Floor '7'
[2026-08-12 18:24:16] Tag Change: ID '00E20047177A3068217BEE01' -> Floor '8'
[2026-08-12 18:24:17] Status Updated: Floor '8'
[2026-08-12 18:24:19] Tag Change: ID '00E2004717767068217BB201' -> Floor '8'
[2026-08-12 18:25:13] Tag Change: ID '00E2004717710068217B5B00' -> Floor '8'
[2026-08-12 18:25:17] Tag Change: ID '00E20047175CC068217A1701' -> Floor '6'
[2026-08-12 18:25:18] Tag Change: ID '00E2004717688068217AD301' -> Floor '5'
[2026-08-12 18:25:19] Status Updated: Floor '5'
[2026-08-12 18:26:16] Tag Change: ID '00E2004717684068217ACF01' -> Floor '5'
[2026-08-12 18:26:59] Tag Change: ID '00E2004717688068217AD301' -> Floor '5'
[2026-08-12 18:27:36] Tag Change: ID '00E2004717684068217ACF01' -> Floor '5'
[2026-08-12 18:27:36] Tag flapping: suppressed 2 repeated tag-change log lines in the last 79s
[2026-08-12 18:29:01] Tag Change: ID '00E2004717684068217ACF01' -> Floor '5'
[2026-08-12 18:29:01] Tag flapping: suppressed 5 repeated tag-change log lines in the last 83s
[2026-08-12 18:29:05] Tag Change: ID '00E2004718A58068218EA301' -> Floor '3'
[2026-08-12 18:29:05] Status Updated: Floor '3'
[2026-08-12 18:29:22] Tag Change: ID '00E20047176CC068217B1701' -> Floor '1'
[2026-08-12 18:29:28] Tag Change: ID '00E2004717A40068217E8B01' -> Floor '-1'
[2026-08-12 18:29:49] Tag Change: ID '00E2004717AD8068217F2301' -> Floor '-2'
[2026-08-12 18:29:51] Status Updated: Floor '-2'
[2026-08-12 18:30:00] Tag Change: ID '00E2004717A48068217E9301' -> Floor '-2'
[2026-08-12 18:30:01] Tag Change: ID '00E2004707E01060270EE401' -> Floor '-3'
[2026-08-12 18:30:02] Tag Change: ID '00E2004707E05060270EE801' -> Floor '-3'
[2026-08-12 18:30:02] Status Updated: Floor '-3'
[2026-08-12 18:30:10] Tag Change: ID '00E2004707DF5060270ED801' -> Floor '-3'
[2026-08-12 18:30:22] Tag Change: ID '00E200471736C0682177B701' -> Floor '-1'
[2026-08-12 18:30:22] Status Updated: Floor '-1'
[2026-08-12 18:30:24] Tag Change: ID '00E200471775B068217BA601' -> Floor '1'
[2026-08-12 18:30:25] Tag Change: ID '00E200471768C068217AD701' -> Floor '1'
[2026-08-12 18:30:26] Status Updated: Floor '1'
[2026-08-12 18:30:30] Tag Change: ID '00E20047189E4068218E2F01' -> Floor '4'
[2026-08-12 18:30:31] Status Updated: Floor '4'
[2026-08-12 18:30:43] Tag Change: ID '00E200471897C068218DC701' -> Floor '5'
[2026-08-12 18:30:44] Status Updated: Floor '5'
[2026-08-12 18:30:46] Tag Change: ID '00E2004717688068217AD301' -> Floor '5'
[2026-08-12 18:30:46] Tag Change: ID '00E2004717684068217ACF01' -> Floor '5'
[2026-08-12 18:31:10] Tag flapping: suppressed 15 repeated tag-change log lines in the last 66s
[2026-08-12 18:31:12] Tag Change: ID '00E20047175A80682179F301' -> Floor '4'
[2026-08-12 18:31:13] Tag Change: ID '00E2004718A58068218EA301' -> Floor '3'
[2026-08-12 18:31:19] Status Updated: Floor '3'
[2026-08-12 18:31:33] Tag Change: ID '00E2004717A0C068217E5701' -> Floor '3'
[2026-08-12 18:31:34] Tag Change: ID '00E20047179C4068217E0F01' -> Floor '2'
[2026-08-12 18:31:38] Status Updated: Floor '2'
[2026-08-12 18:31:45] Tag Change: ID '00E20047175A40682179EF01' -> Floor '2'
[2026-08-12 18:31:46] Tag Change: ID '00E200471741406821785F01' -> Floor '2'
[2026-08-12 18:31:47] Tag Change: ID '00E200471768C068217AD701' -> Floor '1'
[2026-08-12 18:31:48] Status Updated: Floor '1'
[2026-08-12 18:31:57] Tag Change: ID '00E20047176CC068217B1701' -> Floor '1'
[2026-08-12 18:32:11] Tag Change: ID '00E2004717A40068217E8B01' -> Floor '-1'
[2026-08-12 18:32:25] Tag Change: ID '00E2004717AD8068217F2301' -> Floor '-2'
[2026-08-12 18:32:30] Status Updated: Floor '-2'
[2026-08-12 18:32:42] Tag Change: ID '00E2004717A0C068217E5701' -> Floor '3'
[2026-08-12 18:32:43] Tag Change: ID '00E2004718A58068218EA301' -> Floor '3'
[2026-08-12 18:32:44] Status Updated: Floor '3'
[2026-08-12 18:32:47] Tag Change: ID '00E2004717638068217A8301' -> Floor '7'
[2026-08-12 18:32:48] Tag Change: ID '00E2004717767068217BB201' -> Floor '8'
[2026-08-12 18:32:49] Tag Change: ID '00E2004717773068217BBE01' -> Floor '9'
[2026-08-12 18:32:49] Status Updated: Floor '9'
[2026-08-12 18:32:49] Tag Change: ID '00E20047177A7068217BF201' -> Floor '9'
[2026-08-12 18:32:51] Tag Change: ID '00E200471744006821788B01' -> Floor '9'
[2026-08-12 18:35:31] Tag Change: ID '00E2004718C4B06821909601' -> Floor 'Unknown'
[2026-08-12 18:35:31] Tag flapping: suppressed 1 repeated tag-change log lines in the last 170s
[2026-08-12 18:35:33] Tag Change: ID '002427031027000620240000' -> Floor 'Unknown'
[2026-08-12 18:35:52] Tag Change: ID '00E2004717638068217A8301' -> Floor '7'
[2026-08-12 18:35:53] Tag Change: ID '00E2004717964068217DAF01' -> Floor '6'
[2026-08-12 18:35:54] Tag Change: ID '00E2004717688068217AD301' -> Floor '5'
[2026-08-12 18:35:54] Tag Change: ID '00E2004717684068217ACF01' -> Floor '5'
[2026-08-12 18:35:55] Status Updated: Floor '5'
[2026-08-12 18:35:55] Tag Change: ID '00E200471897C068218DC701' -> Floor '5'
[2026-08-12 18:35:56] Tag Change: ID '00E2004718A58068218EA301' -> Floor '3'
[2026-08-12 18:35:56] Status Updated: Floor '3'
[2026-08-12 18:35:57] Tag Change: ID '00E2004717A0C068217E5701' -> Floor '3'
[2026-08-12 18:36:02] Tag Change: ID '00E200471736C0682177B701' -> Floor '-1'
[2026-08-12 18:36:02] Status Updated: Floor '-1'
[2026-08-12 18:36:09] Tag Change: ID '00E2004717A40068217E8B01' -> Floor '-1'
[2026-08-12 18:36:19] Tag Change: ID '00E2004717A00068217E4B01' -> Floor '-1'
[2026-08-12 18:36:21] Tag Change: ID '00E2004717AC4068217F0F01' -> Floor '-1'
[2026-08-12 18:36:28] Tag Change: ID '00E20047189E4068218E2F01' -> Floor '4'
[2026-08-12 18:36:35] Status Updated: Floor '4'
[2026-08-12 18:36:56] Tag Change: ID '00E20047175A80682179F301' -> Floor '4'
[2026-08-12 18:36:56] Tag flapping: suppressed 2 repeated tag-change log lines in the last 66s
[2026-08-12 18:36:57] Tag Change: ID '00E2004717A7C068217EC701' -> Floor '3'
[2026-08-12 18:36:58] Tag Change: ID '00E200471741406821785F01' -> Floor '2'
[2026-08-12 18:37:00] Tag Change: ID '00E200471775B068217BA601' -> Floor '1'
[2026-08-12 18:37:17] Status Updated: Floor '-1'
[2026-08-12 18:37:23] Tag Change: ID '00E2004717A90068217EDB01' -> Floor 'Unknown'
[2026-08-12 18:37:28] Tag Change: ID '00E2004707E01060270EE401' -> Floor '-3'
[2026-08-12 18:37:32] Status Updated: Floor '-3'
[2026-08-12 18:37:32] Tag Change: ID '00E2004707E05060270EE801' -> Floor '-3'
[2026-08-12 18:37:39] Tag Change: ID '00E2004707DF5060270ED801' -> Floor '-3'
[2026-08-12 18:37:48] Tag Change: ID '00E2004717A40068217E8B01' -> Floor '-1'
[2026-08-12 18:37:49] Status Updated: Floor '-1'
[2026-08-12 18:37:55] Tag Change: ID '00E2004717A00068217E4B01' -> Floor '-1'
[2026-08-12 18:38:21] Tag flapping: suppressed 12 repeated tag-change log lines in the last 76s
[2026-08-12 18:38:28] Status Updated: Floor '-3'
[2026-08-12 18:38:30] Tag Change: ID '00E2004707E01060270EE401' -> Floor '-3'
[2026-08-12 18:38:40] Tag Change: ID '00E200471775B068217BA601' -> Floor '1'
[2026-08-12 18:38:41] Tag Change: ID '00E20047176CC068217B1701' -> Floor '1'
[2026-08-12 18:38:42] Status Updated: Floor '1'
[2026-08-12 18:38:42] Tag Change: ID '00E200471741406821785F01' -> Floor '2'
[2026-08-12 18:38:43] Tag Change: ID '00E2004717A0C068217E5701' -> Floor '3'
[2026-08-12 18:38:46] Tag Change: ID '00E2004717684068217ACF01' -> Floor '5'
[2026-08-12 18:38:47] Status Updated: Floor '5'
[2026-08-12 18:38:47] Tag Change: ID '00E2004717688068217AD301' -> Floor '5'
[2026-08-12 18:39:25] Tag Change: ID '00E20047175A80682179F301' -> Floor '4'
[2026-08-12 18:39:25] Tag flapping: suppressed 6 repeated tag-change log lines in the last 64s
[2026-08-12 18:39:26] Status Updated: Floor '4'
[2026-08-12 18:39:28] Tag Change: ID '00E2004718A58068218EA301' -> Floor '3'
[2026-08-12 18:39:28] Status Updated: Floor '3'
[2026-08-12 18:39:44] Tag Change: ID '00E200471775B068217BA601' -> Floor '1'
[2026-08-12 18:39:57] Tag Change: ID '00E2004717A00068217E4B01' -> Floor '-1'
[2026-08-12 18:40:02] Tag Change: ID '00E2004717A40068217E8B01' -> Floor '-1'
[2026-08-12 18:40:03] Status Updated: Floor '-1'
[2026-08-12 18:40:56] Tag Change: ID '00E2004717A90068217EDB01' -> Floor 'Unknown'
[2026-08-12 18:40:56] Tag flapping: suppressed 1 repeated tag-change log lines in the last 75s
[2026-08-12 18:41:01] Tag Change: ID '00E2004707E01060270EE401' -> Floor '-3'
[2026-08-12 18:41:01] Tag Change: ID '00E2004707E05060270EE801' -> Floor '-3'
[2026-08-12 18:41:07] Status Updated: Floor '-3'
[2026-08-12 18:41:20] Tag Change: ID '00E2004707DF5060270ED801' -> Floor '-3'
[2026-08-12 18:41:56] Tag Change: ID '00E2004717A9C068217EE701' -> Floor '-2'
[2026-08-12 18:41:57] Tag Change: ID '00E2004717AD8068217F2301' -> Floor '-2'
[2026-08-12 18:41:57] Status Updated: Floor '-2'
[2026-08-12 18:42:07] Tag Change: ID '00E2004717A40068217E8B01' -> Floor '-1'
[2026-08-12 18:42:20] Status Updated: Floor '-1'
[2026-08-12 18:42:36] Tag Change: ID '00E2004717A00068217E4B01' -> Floor '-1'
[2026-08-12 18:42:36] Tag flapping: suppressed 28 repeated tag-change log lines in the last 88s
[2026-08-12 18:42:44] Tag Change: ID '00E2004718A58068218EA301' -> Floor '3'
[2026-08-12 18:42:45] Status Updated: Floor '3'
[2026-08-12 18:43:22] Tag Change: ID '00E20047175CC068217A1701' -> Floor '6'
[2026-08-12 18:43:23] Tag Change: ID '00E2004717964068217DAF01' -> Floor '6'
[2026-08-12 18:43:23] Status Updated: Floor '6'
[2026-08-12 18:43:45] Tag Change: ID '00E2004717A7C068217EC701' -> Floor '3'
[2026-08-12 18:43:45] Tag Change: ID '00E2004717A0C068217E5701' -> Floor '3'
[2026-08-12 18:43:46] Status Updated: Floor '3'
[2026-08-12 18:43:47] Tag Change: ID '00E200471741406821785F01' -> Floor '2'
[2026-08-12 18:43:49] Tag Change: ID '00E2004717A54068217E9F01' -> Floor '0'
[2026-08-12 18:43:50] Tag Change: ID '00E200471736C0682177B701' -> Floor '-1'
[2026-08-12 18:43:51] Status Updated: Floor '-1'
[2026-08-12 18:43:51] Tag Change: ID '00E2004717A00068217E4B01' -> Floor '-1'
[2026-08-12 18:43:58] Tag Change: ID '00E2004717A40068217E8B01' -> Floor '-1'
[2026-08-12 18:44:09] Tag Change: ID '00E2004717A48068217E9301' -> Floor '-2'
[2026-08-12 18:44:11] Tag Change: ID '00E2004707E05060270EE801' -> Floor '-3'
[2026-08-12 18:44:12] Status Updated: Floor '-3'
[2026-08-12 18:44:15] Tag Change: ID '00E2004707E01060270EE401' -> Floor '-3'
[2026-08-12 18:44:17] Tag Change: ID '00E2004707DF5060270ED801' -> Floor '-3'
[2026-08-12 18:44:34] Status Updated: Floor '-2'
[2026-08-12 18:44:48] Tag Change: ID '00E20047179C4068217E0F01' -> Floor '2'
[2026-08-12 18:44:48] Tag flapping: suppressed 16 repeated tag-change log lines in the last 66s
[2026-08-12 18:44:51] Status Updated: Floor '2'
[2026-08-12 18:45:03] Tag Change: ID '00E200471775B068217BA601' -> Floor '1'
[2026-08-12 18:45:05] Tag Change: ID '00E200471736C0682177B701' -> Floor '-1'
[2026-08-12 18:45:09] Tag Change: ID '00E2004717A48068217E9301' -> Floor '-2'
[2026-08-12 18:45:11] Status Updated: Floor '-3'
[2026-08-12 18:45:11] Tag Change: ID '00E2004707E05060270EE801' -> Floor '-3'
[2026-08-12 18:45:17] Tag Change: ID '00E2004707E01060270EE401' -> Floor '-3'
[2026-08-12 18:45:31] Tag Change: ID '00E2004707DF5060270ED801' -> Floor '-3'
[2026-08-12 18:45:42] Tag Change: ID '00E2004717AD8068217F2301' -> Floor '-2'
[2026-08-12 18:45:44] Status Updated: Floor '-2'
[2026-08-12 18:45:53] Tag Change: ID '00E20047176CC068217B1701' -> Floor '1'
[2026-08-12 18:45:54] Tag Change: ID '00E200471768C068217AD701' -> Floor '1'
[2026-08-12 18:45:54] Status Updated: Floor '1'
[2026-08-12 18:45:58] Tag Change: ID '00E2004717684068217ACF01' -> Floor '5'
[2026-08-12 18:45:58] Tag Change: ID '00E2004717688068217AD301' -> Floor '5'
[2026-08-12 18:45:58] Status Updated: Floor '5'
[2026-08-12 18:46:01] Tag Change: ID '00E2004717638068217A8301' -> Floor '7'
[2026-08-12 18:46:01] Tag Change: ID '00E20047177A3068217BEE01' -> Floor '8'
[2026-08-12 18:46:02] Tag Change: ID '00E2004717767068217BB201' -> Floor '8'
[2026-08-12 18:46:08] Status Updated: Floor '8'
[2026-08-12 18:46:20] Tag flapping: suppressed 18 repeated tag-change log lines in the last 69s
[2026-08-12 18:46:22] Status Updated: Floor '7'
[2026-08-12 18:46:34] Tag Change: ID '00E2004717773068217BBE01' -> Floor '9'
[2026-08-12 18:46:35] Tag Change: ID '00E20047177A7068217BF201' -> Floor '9'
[2026-08-12 18:46:35] Status Updated: Floor '9'
[2026-08-12 18:46:36] Tag Change: ID '00E200471744006821788B01' -> Floor '9'
[2026-08-12 18:47:23] Tag Change: ID '00E2004717638068217A8301' -> Floor '7'
[2026-08-12 18:47:23] Tag flapping: suppressed 2 repeated tag-change log lines in the last 61s
[2026-08-12 18:47:24] Tag Change: ID '00E2004717964068217DAF01' -> Floor '6'
[2026-08-12 18:47:24] Tag Change: ID '00E200471777F068217BCA01' -> Floor 'Unknown'
[2026-08-12 18:47:26] Tag Change: ID '00E20047189E4068218E2F01' -> Floor '4'
[2026-08-12 18:47:28] Tag Change: ID '00E2004717A0C068217E5701' -> Floor '3'
[2026-08-12 18:47:28] Status Updated: Floor '3'
[2026-08-12 18:47:29] Tag Change: ID '00E200471768C068217AD701' -> Floor '1'
[2026-08-12 18:47:34] Tag Change: ID '00E2004717A40068217E8B01' -> Floor '-1'
[2026-08-12 18:47:39] Tag Change: ID '00E2004717A00068217E4B01' -> Floor '-1'
[2026-08-12 18:47:39] Status Updated: Floor '-1'
[2026-08-12 18:48:02] Tag Change: ID '00E200471736C0682177B701' -> Floor '-1'
[2026-08-12 18:48:03] Tag Change: ID '00E2004717AC4068217F0F01' -> Floor '-1'
[2026-08-12 18:48:04] Tag Change: ID '00E200471775B068217BA601' -> Floor '1'
[2026-08-12 18:48:05] Tag Change: ID '00E20047176CC068217B1701' -> Floor '1'
[2026-08-12 18:48:15] Status Updated: Floor '1'
[2026-08-12 18:48:16] Tag Change: ID '00E2004718A58068218EA301' -> Floor '3'
[2026-08-12 18:48:17] Status Updated: Floor '3'
[2026-08-12 18:48:22] Tag Change: ID '00E2004717A7C068217EC701' -> Floor '3'
[2026-08-12 18:48:24] Tag Change: ID '00E20047175A40682179EF01' -> Floor '2'
[2026-08-12 18:48:24] Status Updated: Floor '2'
[2026-08-12 18:48:27] Tag Change: ID '00E2004717A54068217E9F01' -> Floor '0'
[2026-08-12 18:48:28] Status Updated: Floor '0'
[2026-08-12 18:49:34] Tag Change: ID '00E2004717A0C068217E5701' -> Floor '3'
[2026-08-12 18:49:36] Tag Change: ID '00E2004718A58068218EA301' -> Floor '3'
[2026-08-12 18:49:37] Status Updated: Floor '3'
[2026-08-12 18:49:54] Tag Change: ID '00E200471741406821785F01' -> Floor '2'
[2026-08-12 18:49:54] Tag Change: ID '00E200471768C068217AD701' -> Floor '1'
[2026-08-12 18:49:54] Tag Change: ID '00E20047176CC068217B1701' -> Floor '1'
[2026-08-12 18:49:55] Status Updated: Floor '1'
[2026-08-12 18:49:58] Tag Change: ID '00E200471736C0682177B701' -> Floor '-1'
[2026-08-12 18:49:58] Tag Change: ID '00E2004717A00068217E4B01' -> Floor '-1'
[2026-08-12 18:49:59] Status Updated: Floor '-1'
[2026-08-12 18:50:06] Tag Change: ID '00E2004717A40068217E8B01' -> Floor '-1'
[2026-08-12 18:50:20] Tag Change: ID '00E2004707E05060270EE801' -> Floor '-3'
[2026-08-12 18:50:21] Status Updated: Floor '-3'
[2026-08-12 18:50:22] Tag Change: ID '00E2004707E01060270EE401' -> Floor '-3'
[2026-08-12 18:50:26] Tag Change: ID '00E2004707DF5060270ED801' -> Floor '-3'
[2026-08-12 18:51:06] Tag Change: ID '00E2004717A40068217E8B01' -> Floor '-1'
[2026-08-12 18:51:10] Status Updated: Floor '-1'
[2026-08-12 18:51:25] Tag Change: ID '00E2004707E01060270EE401' -> Floor '-3'
[2026-08-12 18:51:25] Tag flapping: suppressed 24 repeated tag-change log lines in the last 61s
[2026-08-12 18:51:30] Status Updated: Floor '-3'
[2026-08-12 18:51:32] Tag Change: ID '00E2004707DF5060270ED801' -> Floor '-3'
[2026-08-12 18:51:34] Tag Change: ID '00E2004707E05060270EE801' -> Floor '-3'
[2026-08-12 18:51:58] Tag Change: ID '00E2004717A48068217E9301' -> Floor '-2'
[2026-08-12 18:52:04] Status Updated: Floor '-1'
[2026-08-12 18:52:38] Tag Change: ID '00E200471768C068217AD701' -> Floor '1'
[2026-08-12 18:52:38] Tag flapping: suppressed 24 repeated tag-change log lines in the last 64s
[2026-08-12 18:52:39] Status Updated: Floor '1'
[2026-08-12 18:52:41] Tag Change: ID '00E20047176CC068217B1701' -> Floor '1'
[2026-08-12 18:53:14] Tag Change: ID '00E200471741406821785F01' -> Floor '2'
[2026-08-12 18:53:14] Status Updated: Floor '2'
[2026-08-12 18:53:16] Tag Change: ID '00E20047179C4068217E0F01' -> Floor '2'
[2026-08-12 18:53:30] Tag Change: ID '00E20047175A40682179EF01' -> Floor '2'
[2026-08-12 18:53:36] Status Updated: Floor '1'
[2026-08-12 18:53:51] Tag Change: ID '00E2004717A40068217E8B01' -> Floor '-1'
[2026-08-12 18:53:51] Tag flapping: suppressed 18 repeated tag-change log lines in the last 70s
[2026-08-12 18:54:14] Tag Change: ID '00E2004717A00068217E4B01' -> Floor '-1'
[2026-08-12 18:54:15] Status Updated: Floor '-1'
[2026-08-12 18:54:18] Tag Change: ID '00E200471736C0682177B701' -> Floor '-1'
[2026-08-12 18:54:20] Tag Change: ID '00E200471775B068217BA601' -> Floor '1'
[2026-08-12 18:54:21] Tag Change: ID '00E20047176CC068217B1701' -> Floor '1'
[2026-08-12 18:54:22] Status Updated: Floor '1'
[2026-08-12 18:54:23] Tag Change: ID '00E200471768C068217AD701' -> Floor '1'
[2026-08-12 18:54:37] Tag Change: ID '00E200471741406821785F01' -> Floor '2'
[2026-08-12 18:54:38] Tag Change: ID '00E20047179C4068217E0F01' -> Floor '2'
[2026-08-12 18:54:39] Status Updated: Floor '2'
[2026-08-12 18:54:42] Tag Change: ID '00E2004717684068217ACF01' -> Floor '5'
[2026-08-12 18:54:43] Tag Change: ID '00E2004717688068217AD301' -> Floor '5'
[2026-08-12 18:54:43] Status Updated: Floor '5'
[2026-08-12 18:55:03] Tag Change: ID '00E20047175CC068217A1701' -> Floor '6'
[2026-08-12 18:55:04] Tag Change: ID '00E2004717964068217DAF01' -> Floor '6'
[2026-08-12 18:55:05] Status Updated: Floor '6'
[2026-08-12 18:55:20] Tag Change: ID '00E20047175F4068217A3F01' -> Floor '7'
[2026-08-12 18:55:21] Tag Change: ID '00E2004717638068217A8301' -> Floor '7'
[2026-08-12 18:55:21] Status Updated: Floor '7'
[2026-08-12 18:56:20] Tag Change: ID '00E20047175CC068217A1701' -> Floor '6'
[2026-08-12 18:56:20] Tag flapping: suppressed 8 repeated tag-change log lines in the last 112s
[2026-08-12 18:56:24] Tag Change: ID '00E2004717A0C068217E5701' -> Floor '3'
[2026-08-12 18:56:24] Tag Change: ID '00E20047175A40682179EF01' -> Floor '2'
[2026-08-12 18:56:25] Tag Change: ID '00E200471768C068217AD701' -> Floor '1'
[2026-08-12 18:56:25] Tag Change: ID '00E20047176CC068217B1701' -> Floor '1'
[2026-08-12 18:56:26] Status Updated: Floor '1'
[2026-08-12 18:56:26] Tag Change: ID '00E200471775' -> Floor 'Unknown'
[2026-08-12 18:56:32] Tag Change: ID '00E2004717A48068217E9301' -> Floor '-2'
[2026-08-12 18:56:35] Tag Change: ID '00E2004707E01060270EE401' -> Floor '-3'
[2026-08-12 18:56:36] Status Updated: Floor '-3'
[2026-08-12 18:56:37] Tag Change: ID '00E2004707E05060270EE801' -> Floor '-3'
[2026-08-12 18:56:40] Tag Change: ID '00E2004707DF5060270ED801' -> Floor '-3'
[2026-08-12 18:56:57] Tag Change: ID '00E2004717A40068217E8B01' -> Floor '-1'
[2026-08-12 18:57:07] Status Updated: Floor '-1'
[2026-08-12 18:57:13] Tag Change: ID '00E2004717AC4068217F0F01' -> Floor '-1'
[2026-08-12 18:57:15] Tag Change: ID '00E2004717A54068217E9F01' -> Floor '0'
[2026-08-12 18:57:16] Status Updated: Floor '0'
[2026-08-12 18:57:29] Tag Change: ID '00E200471775B068217BA601' -> Floor '1'
[2026-08-12 18:57:31] Tag Change: ID '00E200471768C068217AD701' -> Floor '1'
[2026-08-12 18:57:32] Status Updated: Floor '1'
[2026-08-12 18:57:32] Tag Change: ID '00E20047175A40682179EF01' -> Floor '2'
[2026-08-12 18:57:38] Tag Change: ID '00E20047179C4068217E0F01' -> Floor '2'
[2026-08-12 18:57:38] Status Updated: Floor '2'
[2026-08-12 18:57:47] Tag Change: ID '00E20047' -> Floor 'Unknown'
[2026-08-12 18:57:47] Tag flapping: suppressed 12 repeated tag-change log lines in the last 68s
[2026-08-12 18:57:48] Tag Change: ID '00E2004717A0C068217E5701' -> Floor '3'
[2026-08-12 18:57:53] Status Updated: Floor '3'
[2026-08-12 18:57:54] Tag Change: ID '00E20047175F4068217A3F' -> Floor 'Unknown'
[2026-08-12 18:57:55] Tag Change: ID '00E2004717638068217A8301' -> Floor '7'
[2026-08-12 18:57:56] Status Updated: Floor '7'
[2026-08-12 18:58:10] Tag Change: ID '00E20047177A3068217BEE01' -> Floor '8'
[2026-08-12 18:58:14] Tag Change: ID '00E200471744006821788B01' -> Floor '9'
[2026-08-12 18:58:15] Status Updated: Floor '9'
[2026-08-12 18:58:29] Tag Change: ID '00E20047177A7068217BF201' -> Floor '9'
[2026-08-12 18:58:29] Tag Change: ID '00E2004717767068217BB201' -> Floor '8'
[2026-08-12 18:58:32] Tag Change: ID '00E200471777F068217BCA01' -> Floor 'Unknown'
[2026-08-12 18:58:33] Tag Change: ID '00E2004717684068217ACF01' -> Floor '5'
[2026-08-12 18:58:33] Status Updated: Floor '5'
[2026-08-12 18:58:34] Tag Change: ID '00E200471897C068218DC701' -> Floor '5'
[2026-08-12 18:58:35] Tag Change: ID '00E20047189E4068218E2F01' -> Floor '4'
[2026-08-12 18:58:37] Status Updated: Floor '4'
[2026-08-12 18:58:50] Tag Change: ID '00E20047175A80682179F301' -> Floor '4'
[2026-08-12 18:58:50] Tag Change: ID '00E2004718A58068218EA301' -> Floor '3'
[2026-08-12 18:58:51] Tag Change: ID '00E2004717A0C068217E5701' -> Floor '3'
[2026-08-12 18:58:52] Status Updated: Floor '3'
[2026-08-12 18:58:57] Tag Change: ID '00E20047179C4068217E0F01' -> Floor '2'
[2026-08-12 18:59:00] Status Updated: Floor '2'
[2026-08-12 18:59:11] Status Updated: Floor '3'
[2026-08-12 18:59:11] Status Updated: Floor '4'
[2026-08-12 18:59:26] Tag Change: ID '00E2004717688068217AD301' -> Floor '5'
[2026-08-12 18:59:30] Tag Change: ID '00E2004717638068217A8301' -> Floor '7'
[2026-08-12 18:59:31] Status Updated: Floor '7'
[2026-08-12 18:59:43] Tag Change: ID '00E20047175F4068217A3F01' -> Floor '7'
[2026-08-12 18:59:50] Tag Change: ID '00E2004717964068217DAF01' -> Floor '6'
[2026-08-12 18:59:52] Status Updated: Floor '6'
[2026-08-12 19:00:03] Tag Change: ID '00E20047175CC068217A1701' -> Floor '6'
[2026-08-12 19:00:04] Tag Change: ID '00E200471777F068217BCA01' -> Floor 'Unknown'
[2026-08-12 19:00:06] Tag Change: ID '00E20047189E4068218E2F01' -> Floor '4'
[2026-08-12 19:00:09] Status Updated: Floor '4'
[2026-08-12 19:00:21] Tag Change: ID '00E20047175A80682179F301' -> Floor '4'
[2026-08-12 19:00:21] Tag flapping: suppressed 5 repeated tag-change log lines in the last 72s
[2026-08-12 19:00:23] Tag Change: ID '00E2004717A0C068217E5701' -> Floor '3'
[2026-08-12 19:00:23] Status Updated: Floor '3'
[2026-08-12 19:00:23] Tag Change: ID '00E20047175A40682179EF01' -> Floor '2'
[2026-08-12 19:00:24] Tag Change: ID '00E20047176CC068217B1701' -> Floor '1'
[2026-08-12 19:00:27] Tag Change: ID '00E2004717A54068217E9F01' -> Floor '0'
[2026-08-12 19:00:34] Status Updated: Floor '0'
[2026-08-12 19:00:46] Tag Change: ID '00E2004717AC4068217F0F01' -> Floor '-1'
[2026-08-12 19:00:48] Tag Change: ID '00E2004717A00068217E4B01' -> Floor '-1'
[2026-08-12 19:00:49] Status Updated: Floor '-1'
[2026-08-12 19:00:54] Tag Change: ID '00E2004717A40068217E8B01' -> Floor '-1'
[2026-08-12 19:01:09] Tag Change: ID '00E20047179C4068217E0F01' -> Floor '2'
[2026-08-12 19:01:10] Status Updated: Floor '2'
[2026-08-12 19:01:10] Tag Change: ID '00E2004717A7C068' -> Floor 'Unknown'
[2026-08-12 19:01:10] Tag Change: ID '00E2004717A7C068217EC701' -> Floor '3'
[2026-08-12 19:01:12] Tag Change: ID '00E200471897C068218DC701' -> Floor '5'
[2026-08-12 19:01:13] Tag Change: ID '00E2004717684068217ACF01' -> Floor '5'
[2026-08-12 19:01:13] Status Updated: Floor '5'
[2026-08-12 19:01:15] Tag Change: ID '00E2004717688068217AD301' -> Floor '5'
[2026-08-12 19:01:29] Tag Change: ID '00E200471777F068217BCA01' -> Floor 'Unknown'
[2026-08-12 19:01:32] Tag Change: ID '00E20047177A3068217BEE01' -> Floor '8'
[2026-08-12 19:01:32] Tag Change: ID '00E2004717710068217B5B00' -> Floor '8'
[2026-08-12 19:01:33] Status Updated: Floor '8'
[2026-08-12 19:01:33] Tag Change: ID '00E20047177A7068217BF201' -> Floor '9'
[2026-08-12 19:01:35] Tag Change: ID '00E200471744006821788B01' -> Floor '9'
[2026-08-12 19:01:35] Status Updated: Floor '9'
[2026-08-12 19:01:56] Tag Change: ID '00E2004717638068217A8301' -> Floor '7'
[2026-08-12 19:01:57] Status Updated: Floor '7'
[2026-08-12 19:02:07] Tag Change: ID '00E20047175CC068217A1701' -> Floor '6'
[2026-08-12 19:02:07] Tag flapping: suppressed 6 repeated tag-change log lines in the last 63s
[2026-08-12 19:02:09] Status Updated: Floor '5'
[2026-08-12 19:02:10] Tag Change: ID '00E2004718A58068218EA301' -> Floor '3'
[2026-08-12 19:02:11] Tag Change: ID '00E2004717A0C068217E5701' -> Floor '3'
[2026-08-12 19:02:11] Status Updated: Floor '3'
[2026-08-12 19:02:11] Tag Change: ID '00E20047175A40682179EF01' -> Floor '2'
[2026-08-12 19:02:13] Tag Change: ID '00E20047176CC068217B1701' -> Floor '1'
[2026-08-12 19:02:14] Tag Change: ID '00E200471775B068217BA601' -> Floor '1'
[2026-08-12 19:02:14] Status Updated: Floor '1'
[2026-08-12 19:02:19] Tag Change: ID '00E2004717A40068217E8B01' -> Floor '-1'
[2026-08-12 19:02:28] Status Updated: Floor '-1'
[2026-08-12 19:02:37] Tag Change: ID '00E200471736C0682177B701' -> Floor '-1'
[2026-08-12 19:02:41] Status Updated: Floor '2'
[2026-08-12 19:02:43] Tag Change: ID '00E20047179C4068217E0F01' -> Floor '2'
[2026-08-12 19:02:57] Status Updated: Floor '3'
[2026-08-12 19:02:59] Tag Change: ID '00E200471897C068218DC701' -> Floor '5'
[2026-08-12 19:03:00] Status Updated: Floor '5'
[2026-08-12 19:03:00] Tag Change: ID '00E2004717684068217ACF01' -> Floor '5'
[2026-08-12 19:03:03] Tag Change: ID '00E2004717688068217AD301' -> Floor '5'
[2026-08-12 19:03:17] Tag Change: ID '00E20047175CC068217A1701' -> Floor '6'
[2026-08-12 19:03:17] Tag flapping: suppressed 4 repeated tag-change log lines in the last 68s
[2026-08-12 19:03:21] Tag Change: ID '00E20047177A7068217BF201' -> Floor '9'
[2026-08-12 19:03:21] Status Updated: Floor '9'
[2026-08-12 19:03:22] Tag Change: ID '00E200471744006821788B01' -> Floor '9'
[2026-08-12 19:03:39] Tag Change: ID '00E2004718C4B06821909601' -> Floor 'Unknown'
[2026-08-12 19:03:41] Tag Change: ID '00E20047174C806821791301' -> Floor '11'
[2026-08-12 19:03:44] Tag Change: ID '00E2004717A84068217ECF01' -> Floor '12'
[2026-08-12 19:03:45] Tag Change: ID '00E2004717A34068217E7F01' -> Floor '12'
[2026-08-12 19:03:45] Status Updated: Floor '12'
[2026-08-12 19:04:05] Tag Change: ID '00E200471753C06821798701' -> Floor '11'
[2026-08-12 19:04:05] Tag Change: ID '0030340C10082ABB00000F42' -> Floor 'Unknown'
[2026-08-12 19:04:06] Tag Change: ID '00E20047174880682178D301' -> Floor '10'
[2026-08-12 19:04:08] Tag Change: ID '00E2004717767068217BB201' -> Floor '8'
[2026-08-12 19:04:11] Tag Change: ID '00E2004717688068217AD301' -> Floor '5'
[2026-08-12 19:04:14] Tag Change: ID '00E20047179C4068217E0F01' -> Floor '2'
[2026-08-12 19:04:15] Tag Change: ID '00E20047175A40682179EF01' -> Floor '2'
[2026-08-12 19:04:15] Status Updated: Floor '2'
[2026-08-12 19:04:15] Tag Change: ID '00E200471768C068217AD701' -> Floor '1'
[2026-08-12 19:04:16] Status Updated: Floor '1'
[2026-08-12 19:04:19] Tag Change: ID '00E200471736C0682177B701' -> Floor '-1'
[2026-08-12 19:04:20] Tag Change: ID '00E2004717A00068217E4B01' -> Floor '-1'
[2026-08-12 19:04:20] Status Updated: Floor '-1'
[2026-08-12 19:04:28] Tag Change: ID '00E2004717A40068217E8B01' -> Floor '-1'
[2026-08-12 19:04:47] Tag Change: ID '00E2004717AC4068217F0F01' -> Floor '-1'
[2026-08-12 19:04:48] Tag Change: ID '00E2004717A54068217E9F01' -> Floor '0'
[2026-08-12 19:04:48] Tag Change: ID '00E200471775B068217BA601' -> Floor '1'
[2026-08-12 19:04:49] Tag Change: ID '00E20047176CC068217B1701' -> Floor '1'
[2026-08-12 19:04:49] Status Updated: Floor '1'
[2026-08-12 19:04:51] Tag Change: ID '00E2004717A0C068217E5701' -> Floor '3'
[2026-08-12 19:04:51] Tag Change: ID '00E2004717A7C068217EC701' -> Floor '3'
[2026-08-12 19:04:52] Status Updated: Floor '3'
[2026-08-12 19:04:53] Tag Change: ID '00E200471897C068218DC701' -> Floor '5'
[2026-08-12 19:04:54] Tag Change: ID '00E2004717684068217ACF01' -> Floor '5'
[2026-08-12 19:04:54] Status Updated: Floor '5'
[2026-08-12 19:05:08] Tag Change: ID '00E200471777F068217BCA01' -> Floor 'Unknown'
[2026-08-12 19:05:08] Tag flapping: suppressed 3 repeated tag-change log lines in the last 64s
[2026-08-12 19:05:08] Tag Change: ID '00E20047175CC068217A1701' -> Floor '6'
[2026-08-12 19:05:09] Status Updated: Floor '6'
[2026-08-12 19:05:10] Tag Change: ID '00E2004717964068217DAF01' -> Floor '6'
[2026-08-12 19:05:23] Tag Change: ID '00E20047175F4068217A3F01' -> Floor '7'
[2026-08-12 19:05:24] Tag Change: ID '00E2004717767068217BB201' -> Floor '8'
[2026-08-12 19:05:24] Tag Change: ID '00E2004717773068217BBE01' -> Floor '9'
[2026-08-12 19:05:25] Tag Change: ID '00E200471744006821788B01' -> Floor '9'
[2026-08-12 19:05:25] Status Updated: Floor '9'
[2026-08-12 19:05:27] Tag Change: ID '00E200471751806821796301' -> Floor '11'
[2026-08-12 19:05:29] Tag Change: ID '00E2004717A84068217ECF01' -> Floor '12'
[2026-08-12 19:05:31] Tag Change: ID '00E2004717A34068217E7F01' -> Floor '12'
[2026-08-12 19:05:32] Status Updated: Floor '12'
[2026-08-12 19:05:57] Status Updated: Floor '8'
[2026-08-12 19:06:06] Tag Change: ID '00E20047177A3068217BEE01' -> Floor '8'
[2026-08-12 19:06:07] Tag Change: ID '00E2004717638068217A8301' -> Floor '7'
[2026-08-12 19:06:08] Status Updated: Floor '7'
[2026-08-12 19:06:09] Tag Change: ID '00E2004717638068217A' -> Floor 'Unknown'
[2026-08-12 19:06:35] Tag Change: ID '00E2004717A60068217EAB01' -> Floor '7'
[2026-08-12 19:06:35] Tag Change: ID '00E2004717964068217DAF01' -> Floor '6'
[2026-08-12 19:06:36] Status Updated: Floor '6'
[2026-08-12 19:06:48] Tag Change: ID '00E20047175CC068217A1701' -> Floor '6'
[2026-08-12 19:06:48] Tag flapping: suppressed 4 repeated tag-change log lines in the last 64s
[2026-08-12 19:06:49] Tag Change: ID '00E2004717684068217ACF01' -> Floor '5'
[2026-08-12 19:06:53] Tag Change: ID '00E200471768C068217AD701' -> Floor '1'
[2026-08-12 19:06:57] Tag Change: ID '00E2004717A54068217E9F01' -> Floor '0'
[2026-08-12 19:07:01] Status Updated: Floor '0'
[2026-08-12 19:07:27] Tag Change: ID '00E2004717AC4068217F0F01' -> Floor '-1'
[2026-08-12 19:07:32] Tag Change: ID '00E2004717A9C068217EE701' -> Floor '-2'
[2026-08-12 19:07:35] Tag Change: ID '00E2004707E01060270EE401' -> Floor '-3'
[2026-08-12 19:07:36] Status Updated: Floor '-3'
[2026-08-12 19:07:36] Tag Change: ID '00E2004707E05060270EE801' -> Floor '-3'
[2026-08-12 19:07:55] Tag Change: ID '00E2004717A40068217E8B01' -> Floor '-1'
[2026-08-12 19:08:03] Status Updated: Floor '-1'
[2026-08-12 19:08:17] Tag Change: ID '00E2004717A00068217E4B01' -> Floor '-1'
[2026-08-12 19:08:18] Tag Change: ID '00E200471736C0682177B701' -> Floor '-1'
[2026-08-12 19:08:21] Tag Change: ID '00E2004717A54068217E9F01' -> Floor '0'
[2026-08-12 19:08:22] Status Updated: Floor '0'
[2026-08-12 19:08:22] Tag Change: ID '00E20047' -> Floor 'Unknown'
[2026-08-12 19:08:35] Tag Change: ID '00E200471775B068217BA601' -> Floor '1'
[2026-08-12 19:08:37] Tag Change: ID '00E200471768C068217AD701' -> Floor '1'
[2026-08-12 19:08:38] Status Updated: Floor '1'
[2026-08-12 19:08:38] Tag Change: ID '00E20047179C4068217E0F01' -> Floor '2'
[2026-08-12 19:08:38] Tag flapping: suppressed 15 repeated tag-change log lines in the last 60s
[2026-08-12 19:08:39] Tag Change: ID '00E2004717A7C068217EC701' -> Floor '3'
[2026-08-12 19:08:41] Tag Change: ID '00E200471897C068218DC701' -> Floor '5'
[2026-08-12 19:08:42] Tag Change: ID '00E2004717684068217ACF01' -> Floor '5'
[2026-08-12 19:08:42] Status Updated: Floor '5'
[2026-08-12 19:08:44] Tag Change: ID '00E2004717688068217AD301' -> Floor '5'
[2026-08-12 19:08:59] Tag Change: ID '00E20047175A80682179F301' -> Floor '4'
[2026-08-12 19:08:59] Tag Change: ID '00E2004718A58068218EA301' -> Floor '3'
[2026-08-12 19:09:01] Tag Change: ID '00E200471741406821785F01' -> Floor '2'
[2026-08-12 19:09:02] Tag Change: ID '00E20047176CC068217B1701' -> Floor '1'
[2026-08-12 19:09:02] Status Updated: Floor '1'
[2026-08-12 19:09:09] Tag Change: ID '00E2004717A48068217E9301' -> Floor '-2'
[2026-08-12 19:09:10] Tag Change: ID '00E2004707DF5060270ED801' -> Floor '-3'
[2026-08-12 19:09:10] Status Updated: Floor '-3'
[2026-08-12 19:09:11] Tag Change: ID '00E2004707E05060270EE801' -> Floor '-3'
[2026-08-12 19:09:13] Tag Change: ID '00E2004707E01060270EE401' -> Floor '-3'
[2026-08-12 19:09:33] Tag Change: ID '00E2004717A40068217E8B01' -> Floor '-1'
[2026-08-12 19:09:40] Status Updated: Floor '-1'
[2026-08-12 19:09:49] Tag Change: ID '00E200471736C0682177B701' -> Floor '-1'
[2026-08-12 19:09:54] Tag Change: ID '00E200471768C068217AD701' -> Floor '1'
[2026-08-12 19:09:54] Tag flapping: suppressed 21 repeated tag-change log lines in the last 61s
[2026-08-12 19:09:54] Status Updated: Floor '1'
[2026-08-12 19:10:03] Tag Change: ID '00E20047176CC068217B1701' -> Floor '1'
[2026-08-12 19:10:09] Tag Change: ID '00E20047179C4068217E0F01' -> Floor '2'
[2026-08-12 19:10:11] Tag Change: ID '00E2004718A58068218EA301' -> Floor '3'
[2026-08-12 19:10:12] Tag Change: ID '00E200471897C068218DC701' -> Floor '5'
[2026-08-12 19:10:14] Tag Change: ID '00E2004717688068217AD301' -> Floor '5'
[2026-08-12 19:10:14] Status Updated: Floor '5'
[2026-08-12 19:10:28] Tag Change: ID '00E2004717684068217ACF01' -> Floor '5'
[2026-08-12 19:10:30] Tag Change: ID '00E20047189E4068218E2F01' -> Floor '4'
[2026-08-12 19:10:32] Status Updated: Floor '4'
[2026-08-12 19:10:56] Tag Change: ID '00E2004718A2C068218E7701' -> Floor '4'
[2026-08-12 19:10:59] Status Updated: Floor '2'
[2026-08-12 19:10:59] Tag Change: ID '00E20047175A40682179EF01' -> Floor '2'
[2026-08-12 19:11:00] Tag Change: ID '00E200471741406821785F01' -> Floor '2'
[2026-08-12 19:11:00] Tag Change: ID '00E200471768C068217AD701' -> Floor '1'
[2026-08-12 19:11:01] Status Updated: Floor '1'
[2026-08-12 19:11:07] Tag Change: ID '00E20047176CC068217B1701' -> Floor '1'
[2026-08-12 19:11:07] Tag flapping: suppressed 5 repeated tag-change log lines in the last 63s
[2026-08-12 19:11:16] Tag Change: ID '00E200471775B068217BA601' -> Floor '1'
[2026-08-12 19:11:18] Tag Change: ID '00E2004717A54068217E9F01' -> Floor '0'
[2026-08-12 19:11:19] Status Updated: Floor '0'
[2026-08-12 19:11:32] Tag Change: ID '00E2004717AC4068217F0F01' -> Floor '-1'
[2026-08-12 19:11:34] Tag Change: ID '00E2004717A00068217E4B01' -> Floor '-1'
[2026-08-12 19:11:35] Status Updated: Floor '-1'
[2026-08-12 19:11:37] Tag Change: ID '00E2004717A40068217E8B01' -> Floor '-1'
[2026-08-12 19:11:55] Tag Change: ID '00E2004717A0C068217E5701' -> Floor '3'
[2026-08-12 19:11:56] Tag Change: ID '00E20047175A80682179F301' -> Floor '4'
[2026-08-12 19:11:58] Tag Change: ID '00E200471897C068218DC701' -> Floor '5'
[2026-08-12 19:12:01] Tag Change: ID '00E2004717688068217AD301' -> Floor '5'
[2026-08-12 19:12:01] Status Updated: Floor '5'
[2026-08-12 19:12:16] Tag Change: ID '00E20047189E4068218E2F01' -> Floor '4'
[2026-08-12 19:12:16] Tag flapping: suppressed 6 repeated tag-change log lines in the last 68s
[2026-08-12 19:12:17] Status Updated: Floor '4'
[2026-08-12 19:12:33] Tag Change: ID '00E2004718A58068218EA301' -> Floor '3'
[2026-08-12 19:12:33] Status Updated: Floor '3'
[2026-08-12 19:12:36] Tag Change: ID '00E20047176CC068217B1701' -> Floor '1'
[2026-08-12 19:12:39] Tag Change: ID '00E2004717A54068217E9F01' -> Floor '0'
[2026-08-12 19:12:40] Status Updated: Floor '0'
[2026-08-12 19:13:04] Tag Change: ID '00E2004717A40068217E8B01' -> Floor '-1'
[2026-08-12 19:13:06] Status Updated: Floor '-1'
[2026-08-12 19:13:19] Tag Change: ID '00E2004717A48068217E9301' -> Floor '-2'
[2026-08-12 19:13:20] Tag Change: ID '00E2004707DF5060270ED801' -> Floor '-3'
[2026-08-12 19:13:20] Tag Change: ID '00E2004707E01060270EE401' -> Floor '-3'
[2026-08-12 19:13:20] Status Updated: Floor '-3'
[2026-08-12 19:13:22] Tag Change: ID '00E2004707E05060270EE801' -> Floor '-3'
[2026-08-12 19:13:33] Tag flapping: suppressed 12 repeated tag-change log lines in the last 60s
[2026-08-12 19:13:50] Tag Change: ID '00E200471736C0682177B701' -> Floor '-1'
[2026-08-12 19:13:51] Tag Change: ID '00E2004717AC4068217F0F01' -> Floor '-1'
[2026-08-12 19:13:51] Status Updated: Floor '-1'
[2026-08-12 19:13:53] Tag Change: ID '00E2004717A54068217E9F01' -> Floor '0'
[2026-08-12 19:13:53] Status Updated: Floor '0'
[2026-08-12 19:14:08] Tag Change: ID '00E200471775B068217BA601' -> Floor '1'
[2026-08-12 19:14:10] Tag Change: ID '00E200471768C068217AD701' -> Floor '1'
[2026-08-12 19:14:10] Status Updated: Floor '1'
[2026-08-12 19:14:10] Tag Change: ID '00E200' -> Floor 'Unknown'
[2026-08-12 19:14:11] Tag Change: ID '00E20047179C4068217E0F01' -> Floor '2'
[2026-08-12 19:14:13] Tag Change: ID '00E200471897C068218DC701' -> Floor '5'
[2026-08-12 19:14:14] Tag Change: ID '00E2004717684068217ACF01' -> Floor '5'
[2026-08-12 19:14:14] Status Updated: Floor '5'
[2026-08-12 19:14:14] Tag Change: ID '00E2004717688068217AD301' -> Floor '5'
[2026-08-12 19:14:16] Tag Change: ID '00E2004717A60068217EAB01' -> Floor '7'
[2026-08-12 19:14:17] Tag Change: ID '00E2004717638068217A8301' -> Floor '7'
[2026-08-12 19:14:18] Status Updated: Floor '7'
[2026-08-12 19:14:30] Tag Change: ID '00E20047177A3068217BEE01' -> Floor '8'
[2026-08-12 19:14:33] Tag Change: ID '00E2004717767068217BB201' -> Floor '8'
[2026-08-12 19:14:33] Tag flapping: suppressed 6 repeated tag-change log lines in the last 60s
[2026-08-12 19:14:34] Status Updated: Floor '8'
[2026-08-12 19:14:49] Tag Change: ID '00E20047175F4068217A3F01' -> Floor '7'
[2026-08-12 19:14:52] Tag Change: ID '00E20047175A80682179F301' -> Floor '4'
[2026-08-12 19:14:53] Tag Change: ID '00E2004717A0C068217E5701' -> Floor '3'
[2026-08-12 19:14:57] Tag Change: ID '00E2004717AC4068217F0F01' -> Floor '-1'
[2026-08-12 19:15:05] Tag Change: ID '00E2004717AD8068217F2301' -> Floor '-2'
[2026-08-12 19:15:13] Status Updated: Floor '-2'
[2026-08-12 19:16:19] Tag Change: ID '00E2004717A40068217E8B01' -> Floor '-1'
[2026-08-12 19:16:19] Tag flapping: suppressed 1 repeated tag-change log lines in the last 82s
[2026-08-12 19:16:28] Status Updated: Floor '-1'
[2026-08-12 19:16:42] Tag Change: ID '00E2004717A00068217E4B01' -> Floor '-1'
[2026-08-12 19:16:45] Tag Change: ID '00E200471775B068217BA601' -> Floor '1'
[2026-08-12 19:16:47] Tag Change: ID '00E200471768C068217AD701' -> Floor '1'
[2026-08-12 19:16:47] Status Updated: Floor '1'
[2026-08-12 19:16:50] Tag Change: ID '00E200471897C068218DC701' -> Floor '5'
[2026-08-12 19:16:53] Tag Change: ID '00E2004717688068217AD301' -> Floor '5'
[2026-08-12 19:16:53] Status Updated: Floor '5'
[2026-08-12 19:17:03] Tag Change: ID '00E20047175CC068217A1701' -> Floor '6'
[2026-08-12 19:17:04] Status Updated: Floor '6'
[2026-08-12 19:17:06] Tag Change: ID '00E20047177A3068217BEE01' -> Floor '8'
[2026-08-12 19:17:07] Tag Change: ID '00E2004717710068217B5B00' -> Floor '8'
[2026-08-12 19:17:07] Status Updated: Floor '8'
[2026-08-12 19:17:08] Tag Change: ID '00E2004717767068217BB201' -> Floor '8'
[2026-08-12 19:17:39] Status Updated: Floor '6'
[2026-08-12 19:17:40] Tag Change: ID '00E2004717684068217ACF01' -> Floor '5'
[2026-08-12 19:17:40] Status Updated: Floor '5'
[2026-08-12 19:17:41] Tag Change: ID '00E2004717' -> Floor 'Unknown'
[2026-08-12 19:17:54] Tag Change: ID '00E20047189E4068218E2F01' -> Floor '4'
[2026-08-12 19:17:55] Tag Change: ID '00E20047175A80682179F301' -> Floor '4'
[2026-08-12 19:17:56] Status Updated: Floor '4'
[2026-08-12 19:17:56] Tag Change: ID '00E2004718A58068218EA301' -> Floor '3'
[2026-08-12 19:17:57] Status Updated: Floor '3'
[2026-08-12 19:18:08] Tag Change: ID '00E2004717A7C068217EC701' -> Floor '3'
[2026-08-12 19:18:09] Tag Change: ID '00E2004717A0C068217E5701' -> Floor '3'
[2026-08-12 19:18:12] Tag Change: ID '00E20047179C4068217E0F01' -> Floor '2'
[2026-08-12 19:18:19] Status Updated: Floor '2'
[2026-08-12 19:18:22] Tag Change: ID '00E20047175A40682179EF01' -> Floor '2'
[2026-08-12 19:18:23] Tag Change: ID '00E200471741406821785F01' -> Floor '2'
[2026-08-12 19:18:26] Tag Change: ID '00E200471775B068217BA601' -> Floor '1'
[2026-08-12 19:18:27] Tag Change: ID '00E2004717A54068217E9F01' -> Floor '0'
[2026-08-12 19:18:28] Status Updated: Floor '0'
[2026-08-12 19:18:52] Tag Change: ID '00E2004717A40068217E8B01' -> Floor '-1'
[2026-08-12 19:18:52] Tag flapping: suppressed 8 repeated tag-change log lines in the last 76s
[2026-08-12 19:19:02] Tag Change: ID '00E2004717AD8068217F2301' -> Floor '-2'
[2026-08-12 19:19:02] Status Updated: Floor '-2'
[2026-08-12 19:19:21] Tag Change: ID '00E2004707DF5060270ED801' -> Floor '-3'
[2026-08-12 19:19:22] Tag Change: ID '00E2004707E01060270EE401' -> Floor '-3'
[2026-08-12 19:19:22] Status Updated: Floor '-3'
[2026-08-12 19:19:23] Tag Change: ID '00E2004707E05060270EE801' -> Floor '-3'
[2026-08-12 19:19:40] Tag Change: ID '00E2004717AC4068217F0F01' -> Floor '-1'
[2026-08-12 19:19:42] Tag Change: ID '00E2004717A54068217E9F01' -> Floor '0'
[2026-08-12 19:19:42] Status Updated: Floor '0'
[2026-08-12 19:20:12] Tag Change: ID '00E2004717A40068217E8B01' -> Floor '-1'
[2026-08-12 19:20:12] Status Updated: Floor '-1'
[2026-08-12 19:20:23] Tag Change: ID '00E2004707E01060270EE401' -> Floor '-3'
[2026-08-12 19:20:24] Status Updated: Floor '-3'
[2026-08-12 19:20:28] Tag Change: ID '00E2004707DF5060270ED801' -> Floor '-3'
[2026-08-12 19:20:28] Tag flapping: suppressed 5 repeated tag-change log lines in the last 61s
[2026-08-12 19:20:30] Tag Change: ID '00E2004707E05060270EE801' -> Floor '-3'
[2026-08-12 19:20:46] Status Updated: Floor '-1'
[2026-08-12 19:21:02] Tag Change: ID '00E2004718A58068218EA301' -> Floor '3'
[2026-08-12 19:21:02] Tag Change: ID '00E20047175A80682179F301' -> Floor '4'
[2026-08-12 19:21:05] Tag Change: ID '00E20047189E4068218E2F01' -> Floor '4'
[2026-08-12 19:21:05] Status Updated: Floor '4'
[2026-08-12 19:21:07] Tag Change: ID '00E20047189E4068218E2F' -> Floor 'Unknown'
[2026-08-12 19:21:17] Tag Change: ID '00E200471777F068217BCA01' -> Floor 'Unknown'
[2026-08-12 19:21:19] Tag Change: ID '00E20047175F4068217A3F01' -> Floor '7'
[2026-08-12 19:21:20] Tag Change: ID '00E2004717638068217A8301' -> Floor '7'
[2026-08-12 19:21:20] Status Updated: Floor '7'
[2026-08-12 19:21:36] Tag Change: ID '00E20047175CC068217A1701' -> Floor '6'
[2026-08-12 19:21:36] Tag flapping: suppressed 10 repeated tag-change log lines in the last 64s
[2026-08-12 19:21:37] Status Updated: Floor '6'
[2026-08-12 19:21:37] Tag Change: ID '00E2004717688068217AD301' -> Floor '5'
[2026-08-12 19:21:43] Status Updated: Floor '5'
[2026-08-12 19:21:54] Tag Change: ID '00E2004717A0C068217E5701' -> Floor '3'
[2026-08-12 19:21:54] Status Updated: Floor '3'
[2026-08-12 19:21:55] Tag Change: ID '00E200471768C068217AD701' -> Floor '1'
[2026-08-12 19:21:57] Tag Change: ID '00E200471775B068217BA601' -> Floor '1'
[2026-08-12 19:21:57] Status Updated: Floor '1'
[2026-08-12 19:22:03] Tag Change: ID '00E2004717A40068217E8B01' -> Floor '-1'
[2026-08-12 19:22:13] Status Updated: Floor '-1'
[2026-08-12 19:22:18] Tag Change: ID '00E2004717A00068217E4B01' -> Floor '-1'
[2026-08-12 19:22:18] Tag Change: ID '00E200471736C0682177B701' -> Floor '-1'
[2026-08-12 19:22:19] Tag Change: ID '00E2004717AC4068217F0F01' -> Floor '-1'
[2026-08-12 19:22:22] Tag Change: ID '00E20047175A40682179EF01' -> Floor '2'
[2026-08-12 19:22:23] Tag Change: ID '00E20047179C4068217E0F01' -> Floor '2'
[2026-08-12 19:22:23] Status Updated: Floor '2'
[2026-08-12 19:22:28] Tag Change: ID '00E20047175F4068217A3F01' -> Floor '7'
[2026-08-12 19:22:28] Status Updated: Floor '7'
[2026-08-12 19:22:29] Tag Change: ID '00E20047177A3068217BEE01' -> Floor '8'
[2026-08-12 19:22:29] Tag Change: ID '00E2004717710068217B5B00' -> Floor '8'
[2026-08-12 19:22:29] Status Updated: Floor '8'
[2026-08-12 19:22:31] Tag Change: ID '002427031027000620240000' -> Floor 'Unknown'
[2026-08-12 19:22:32] Tag Change: ID '00E20047174C806821791301' -> Floor '11'
[2026-08-12 19:22:32] Status Updated: Floor '11'
[2026-08-12 19:22:34] Tag Change: ID '00E200471753C06821798701' -> Floor '11'
[2026-08-12 19:22:56] Tag Change: ID '00E200471751806821796301' -> Floor '11'
[2026-08-12 19:22:56] Tag flapping: suppressed 3 repeated tag-change log lines in the last 63s
[2026-08-12 19:22:58] Tag Change: ID '00E2004718C4B06821909601' -> Floor 'Unknown'
[2026-08-12 19:22:59] Tag Change: ID '00E20047177A7068217BF201' -> Floor '9'
[2026-08-12 19:23:00] Tag Change: ID '00E2004717767068217BB201' -> Floor '8'
[2026-08-12 19:23:02] Status Updated: Floor '8'
[2026-08-12 19:23:23] Tag Change: ID '00E2004717638068217A8301' -> Floor '7'
[2026-08-12 19:23:24] Status Updated: Floor '7'
[2026-08-12 19:23:24] Tag Change: ID '00E20047' -> Floor 'Unknown'
[2026-08-12 19:23:40] Tag Change: ID '00E2004717964068217DAF01' -> Floor '6'
[2026-08-12 19:23:44] Status Updated: Floor '6'
[2026-08-12 19:23:55] Tag Change: ID '00E200471777F068217BCA01' -> Floor 'Unknown'
[2026-08-12 19:23:55] Tag Change: ID '00E2004717688068217AD301' -> Floor '5'
[2026-08-12 19:23:55] Tag Change: ID '00E2004717684068217ACF01' -> Floor '5'
[2026-08-12 19:23:56] Status Updated: Floor '5'
[2026-08-12 19:23:58] Tag Change: ID '00E2004718A58068218EA301' -> Floor '3'
[2026-08-12 19:23:58] Tag flapping: suppressed 3 repeated tag-change log lines in the last 61s
[2026-08-12 19:23:59] Status Updated: Floor '3'
[2026-08-12 19:24:04] Tag Change: ID '00E2004718A5' -> Floor 'Unknown'
[2026-08-12 19:24:14] Tag Change: ID '00E2004717A0C068217E5701' -> Floor '3'
[2026-08-12 19:24:15] Tag Change: ID '00E20047179C4068217E0F01' -> Floor '2'
[2026-08-12 19:24:22] Status Updated: Floor '2'
[2026-08-12 19:24:29] Tag Change: ID '00E20047175A40682179EF01' -> Floor '2'
[2026-08-12 19:24:30] Tag Change: ID '00E200471741406821785F01' -> Floor '2'
[2026-08-12 19:24:31] Tag Change: ID '00E200471768C068217AD701' -> Floor '1'
[2026-08-12 19:24:32] Status Updated: Floor '1'
[2026-08-12 19:24:33] Tag Change: ID '00E20047176CC068217B1701' -> Floor '1'
[2026-08-12 19:24:47] Tag Change: ID '00E200471775B068217BA601' -> Floor '1'
[2026-08-12 19:24:48] Tag Change: ID '00E2004717A54068217E9F01' -> Floor '0'
[2026-08-12 19:24:49] Status Updated: Floor '0'
[2026-08-12 19:25:06] Tag Change: ID '00E2004717AC4068217F0F01' -> Floor '-1'
[2026-08-12 19:25:06] Tag flapping: suppressed 2 repeated tag-change log lines in the last 61s
[2026-08-12 19:25:15] Tag Change: ID '00E2004717A40068217E8B01' -> Floor '-1'
[2026-08-12 19:25:17] Status Updated: Floor '-1'
[2026-08-12 19:25:36] Tag Change: ID '00E2004717A00068217E4B01' -> Floor '-1'
[2026-08-12 19:25:41] Status Updated: Floor '0'
[2026-08-12 19:26:02] Tag Change: ID '00E200471768C068217AD701' -> Floor '1'
[2026-08-12 19:26:07] Tag Change: ID '00E20047189E4068218E2F01' -> Floor '4'
[2026-08-12 19:26:08] Status Updated: Floor '4'
[2026-08-12 19:26:28] Tag Change: ID '00E200471897C068218DC701' -> Floor '5'
[2026-08-12 19:26:29] Status Updated: Floor '5'
[2026-08-12 19:26:32] Tag Change: ID '00E2004717688068217AD301' -> Floor '5'
[2026-08-12 19:26:45] Tag Change: ID '00E200471777F068217BCA01' -> Floor 'Unknown'
[2026-08-12 19:26:45] Tag flapping: suppressed 2 repeated tag-change log lines in the last 66s
[2026-08-12 19:26:47] Tag Change: ID '00E2004717964068217DAF01' -> Floor '6'
[2026-08-12 19:26:52] Status Updated: Floor '6'
[2026-08-12 19:27:00] Tag Change: ID '00E20047175F4068217A3F01' -> Floor '7'
[2026-08-12 19:27:01] Status Updated: Floor '7'
[2026-08-12 19:27:02] Tag Change: ID '00E2004717638068217A8301' -> Floor '7'
[2026-08-12 19:27:33] Tag Change: ID '00E2004717688068217AD301' -> Floor '5'
[2026-08-12 19:27:34] Status Updated: Floor '5'
[2026-08-12 19:27:52] Tag Change: ID '00E2004717684068217ACF01' -> Floor '5'
[2026-08-12 19:27:57] Tag Change: ID '00E20047176CC068217B1701' -> Floor '1'
[2026-08-12 19:27:58] Tag Change: ID '00E200471775B068217BA601' -> Floor '1'
[2026-08-12 19:27:59] Status Updated: Floor '1'
[2026-08-12 19:27:59] Tag Change: ID '00E2004717AC4068217F0F01' -> Floor '-1'
[2026-08-12 19:28:00] Status Updated: Floor '-1'
[2026-08-12 19:28:00] Tag Change: ID '00E200471736C0682177B701' -> Floor '-1'
[2026-08-12 19:28:02] Tag Change: ID '00E2004717A40068217E8B01' -> Floor '-1'
[2026-08-12 19:28:31] Tag Change: ID '00E2004707E05060270EE801' -> Floor '-3'
[2026-08-12 19:28:31] Tag flapping: suppressed 2 repeated tag-change log lines in the last 62s
[2026-08-12 19:28:32] Status Updated: Floor '-3'
[2026-08-12 19:28:33] Tag Change: ID '00E2004707DF5060270ED801' -> Floor '-3'
[2026-08-12 19:28:33] Tag Change: ID '3400E2004707E05060270EE8' -> Floor 'Unknown'
[2026-08-12 19:28:35] Tag Change: ID '00E2004707E01060270EE401' -> Floor '-3'
[2026-08-12 19:28:46] Tag Change: ID '00E2004717A48068217E9301' -> Floor '-2'
[2026-08-12 19:28:46] Status Updated: Floor '-2'
[2026-08-12 19:28:49] Tag Change: ID '00E2004717AD8068217F2301' -> Floor '-2'
[2026-08-12 19:29:24] Tag Change: ID '00E2004717AC4068217F0F01' -> Floor '-1'
[2026-08-12 19:29:26] Tag Change: ID '00E2004717A54068217E9F01' -> Floor '0'
[2026-08-12 19:29:27] Status Updated: Floor '0'
[2026-08-12 19:29:39] Tag Change: ID '00E200471775B068217BA601' -> Floor '1'
[2026-08-12 19:29:39] Tag flapping: suppressed 6 repeated tag-change log lines in the last 63s
[2026-08-12 19:29:40] Status Updated: Floor '1'
[2026-08-12 19:29:44] Tag Change: ID '00E20047179C4068217E0F01' -> Floor '2'
[2026-08-12 19:29:46] Tag Change: ID '00E20047' -> Floor 'Unknown'
[2026-08-12 19:29:48] Status Updated: Floor '2'
[2026-08-12 19:29:59] Tag Change: ID '00E200471741406821785F01' -> Floor '2'
[2026-08-12 19:30:01] Tag Change: ID '00E20047176CC068217B1701' -> Floor '1'
[2026-08-12 19:30:04] Tag Change: ID '00E2004717A00068217E4B01' -> Floor '-1'
[2026-08-12 19:30:05] Status Updated: Floor '-1'
[2026-08-12 19:30:09] Tag Change: ID '00E2004717A40068217E8B01' -> Floor '-1'
[2026-08-12 19:30:19] Tag Change: ID '00E200471736C0682177B701' -> Floor '-1'
[2026-08-12 19:30:23] Status Updated: Floor '1'
[2026-08-12 19:30:36] Error sending status: HTTPSConnectionPool(host='ramada-elev-default-rtdb.europe-west1.firebasedatabase.app', port=443): Max retries exceeded with url: /elevators/B.json (Caused by NameResolutionError("HTTPSConnection(host='ramada-elev-default-rtdb.europe-west1.firebasedatabase.app', port=443): Failed to resolve 'ramada-elev-default-rtdb.europe-west1.firebasedatabase.app' ([Errno -3] Temporary failure in name resolution)"))
[2026-08-12 19:30:37] Tag Change: ID '00E2004717A0C068217E5701' -> Floor '3'
[2026-08-12 19:30:37] Status Updated: Floor '3'
[2026-08-12 19:30:38] Tag Change: ID '00E2004717A7C068217EC701' -> Floor '3'
[2026-08-12 19:30:39] Tag Change: ID '00E2004718A58068218EA301' -> Floor '3'
[2026-08-12 19:30:50] Tag Change: ID '00E20047175A80682179F301' -> Floor '4'
[2026-08-12 19:30:50] Tag flapping: suppressed 6 repeated tag-change log lines in the last 62s
[2026-08-12 19:30:51] Tag Change: ID '00E20047189E4068218E2F01' -> Floor '4'
[2026-08-12 19:30:52] Status Updated: Floor '4'
[2026-08-12 19:30:54] Tag Change: ID '00E2004717688068217AD301' -> Floor '5'
[2026-08-12 19:30:55] Status Updated: Floor '5'
[2026-08-12 19:31:21] Tag Change: ID '00E20047175CC068217A1701' -> Floor '6'
[2026-08-12 19:31:21] Status Updated: Floor '6'
[2026-08-12 19:31:27] Tag Change: ID '00E2004717964068217DAF01' -> Floor '6'
[2026-08-12 19:31:34] Tag Change: ID '00E20047175F4068217A3F01' -> Floor '7'
[2026-08-12 19:31:35] Status Updated: Floor '7'
[2026-08-12 19:31:36] Tag Change: ID '00E2004717638068217A8301' -> Floor '7'
[2026-08-12 19:31:46] Tag Change: ID '00E20047177A3068217BEE01' -> Floor '8'
[2026-08-12 19:31:47] Tag Change: ID '00E2004717710068217B5B00' -> Floor '8'
[2026-08-12 19:31:48] Status Updated: Floor '8'
[2026-08-12 19:31:48] Tag Change: ID '00E2004717767068217BB201' -> Floor '8'
[2026-08-12 19:31:58] Tag Change: ID '00E20047177A7068217BF201' -> Floor '9'
[2026-08-12 19:32:00] Tag Change: ID '00E2004718C4B06821909601' -> Floor 'Unknown'
[2026-08-12 19:32:01] Tag Change: ID '00E20047174880682178D301' -> Floor '10'
[2026-08-12 19:32:01] Status Updated: Floor '10'
[2026-08-12 19:32:02] Tag Change: ID '002427031027000620240000' -> Floor 'Unknown'
[2026-08-12 19:32:10] Tag Change: ID '00E200471745C0682178A701' -> Floor '10'
[2026-08-12 19:32:15] Tag Change: ID '00E20047174C806821791301' -> Floor '11'
[2026-08-12 19:32:18] Tag Change: ID '00E2004717A34068217E7F01' -> Floor '12'
[2026-08-12 19:32:19] Status Updated: Floor '12'
[2026-08-12 19:32:33] Tag Change: ID '00E2004717A84068217ECF01' -> Floor '12'
[2026-08-12 19:32:36] Tag Change: ID '00E200471744006821788B01' -> Floor '9'
[2026-08-12 19:32:39] Tag Change: ID '00E20047175F4068217A3F01' -> Floor '7'
[2026-08-12 19:32:44] Tag Change: ID '00E2004717A7C068217EC701' -> Floor '3'
[2026-08-12 19:32:44] Tag Change: ID '00E2004717A0C068217E5701' -> Floor '3'
[2026-08-12 19:32:44] Status Updated: Floor '3'
[2026-08-12 19:32:44] Tag Change: ID '00E20047175A40682179EF01' -> Floor '2'
[2026-08-12 19:32:45] Tag Change: ID '00E200471768C068217AD701' -> Floor '1'
[2026-08-12 19:32:47] Tag Change: ID '00E200471775B068217BA601' -> Floor '1'
[2026-08-12 19:32:47] Status Updated: Floor '1'
[2026-08-12 19:32:48] Tag Change: ID '00E2004717A54068217E9F01' -> Floor '0'
[2026-08-12 19:32:50] Status Updated: Floor '0'
[2026-08-12 19:33:04] Status Updated: Floor '1'
[2026-08-12 19:33:10] Tag Change: ID '00E2004718A58068218EA301' -> Floor '3'
[2026-08-12 19:33:11] Status Updated: Floor '3'
[2026-08-12 19:33:25] Tag Change: ID '00E20047175A80682179F301' -> Floor '4'
[2026-08-12 19:33:25] Tag flapping: suppressed 7 repeated tag-change log lines in the last 73s
[2026-08-12 19:33:25] Status Updated: Floor '4'
[2026-08-12 19:33:25] Tag Change: ID '00E2004718A2C068218E7701' -> Floor '4'
[2026-08-12 19:33:28] Tag Change: ID '00E20047175CC068217A1701' -> Floor '6'
[2026-08-12 19:33:28] Status Updated: Floor '6'
[2026-08-12 19:33:29] Tag Change: ID '00E20047177A3068217BEE01' -> Floor '8'
[2026-08-12 19:33:32] Tag Change: ID '00E2004718C4B06821909601' -> Floor 'Unknown'
[2026-08-12 19:33:32] Tag Change: ID '00E200471745C0682178A701' -> Floor '10'
[2026-08-12 19:33:33] Tag Change: ID '00E20047174C806821791301' -> Floor '11'
[2026-08-12 19:33:34] Tag Change: ID '00E200471751806821796301' -> Floor '11'
[2026-08-12 19:33:34] Status Updated: Floor '11'
[2026-08-12 19:33:37] Tag Change: ID '00E200471753C06821798701' -> Floor '11'
[2026-08-12 19:33:59] Tag Change: ID '00E2004717767068217BB201' -> Floor '8'
[2026-08-12 19:34:00] Status Updated: Floor '8'
[2026-08-12 19:34:03] Tag Change: ID '00E2004717684068217ACF01' -> Floor '5'
[2026-08-12 19:34:03] Tag Change: ID '00E200471897C068218DC701' -> Floor '5'
[2026-08-12 19:34:04] Status Updated: Floor '5'
[2026-08-12 19:34:07] Tag Change: ID '00E200471768C068217AD701' -> Floor '1'
[2026-08-12 19:34:09] Tag Change: ID '00E2004717A54068217E9F01' -> Floor '0'
[2026-08-12 19:34:10] Tag Change: ID '00E200471736C0682177B701' -> Floor '-1'
[2026-08-12 19:34:11] Status Updated: Floor '-1'
[2026-08-12 19:34:30] Tag Change: ID '00E200471775B068217BA601' -> Floor '1'
[2026-08-12 19:34:32] Tag Change: ID '00E20047176CC068217B1701' -> Floor '1'
[2026-08-12 19:34:32] Status Updated: Floor '1'
[2026-08-12 19:34:48] Tag Change: ID '00E200471741406821785F01' -> Floor '2'
[2026-08-12 19:34:54] Tag Change: ID '00E2004717688068217AD301' -> Floor '5'
[2026-08-12 19:34:55] Status Updated: Floor '5'
[2026-08-12 19:35:09] Tag Change: ID '00E20047175CC068217A1701' -> Floor '6'
[2026-08-12 19:35:09] Tag flapping: suppressed 15 repeated tag-change log lines in the last 71s
[2026-08-12 19:35:09] Status Updated: Floor '6'
[2026-08-12 19:35:11] Tag Change: ID '00E20047175F4068217A3F01' -> Floor '7'
[2026-08-12 19:35:12] Tag Change: ID '00E2004717638068217A8301' -> Floor '7'
[2026-08-12 19:35:13] Status Updated: Floor '7'
[2026-08-12 19:35:26] Tag Change: ID '00E20047177A3068217BEE01' -> Floor '8'
[2026-08-12 19:35:26] Status Updated: Floor '8'
[2026-08-12 19:35:27] Tag Change: ID '00E2004717767068217BB201' -> Floor '8'
[2026-08-12 19:35:28] Tag Change: ID '00E2004717773068217BBE01' -> Floor '9'
[2026-08-12 19:35:29] Tag Change: ID '00E2004718C4B06821909601' -> Floor 'Unknown'
[2026-08-12 19:35:30] Tag Change: ID '00E200471745C0682178A701' -> Floor '10'
[2026-08-12 19:35:31] Tag Change: ID '00E200471751806821796301' -> Floor '11'
[2026-08-12 19:35:32] Tag Change: ID '00E200471753C06821798701' -> Floor '11'
[2026-08-12 19:35:32] Status Updated: Floor '11'
[2026-08-12 19:35:48] Tag Change: ID '00E20047174C806821791301' -> Floor '11'
[2026-08-12 19:35:48] Tag Change: ID '002427031027000620240000' -> Floor 'Unknown'
[2026-08-12 19:35:50] Tag Change: ID '00E2004717710068217B5B00' -> Floor '8'
[2026-08-12 19:35:51] Status Updated: Floor '8'
[2026-08-12 19:35:52] Tag Change: ID '00E2004717964068217DAF01' -> Floor '6'
[2026-08-12 19:35:58] Status Updated: Floor '6'
[2026-08-12 19:36:00] Tag Change: ID '00E2004717688068217AD301' -> Floor '5'
[2026-08-12 19:36:01] Status Updated: Floor '5'
[2026-08-12 19:36:08] Tag Change: ID '00E2004717684068217ACF01' -> Floor '5'
[2026-08-12 19:36:09] Tag Change: ID '00E200471897C068218DC701' -> Floor '5'
[2026-08-12 19:36:14] Tag Change: ID '00E20047189E4068218E2F01' -> Floor '4'
[2026-08-12 19:36:15] Status Updated: Floor '4'
[2026-08-12 19:36:34] Tag Change: ID '00E2004717A0C068217E5701' -> Floor '3'
[2026-08-12 19:36:35] Tag Change: ID '00E20047176CC068217B1701' -> Floor '1'
[2026-08-12 19:36:38] Tag Change: ID '00E200471736C0682177B701' -> Floor '-1'
[2026-08-12 19:36:39] Tag Change: ID '00E2004717A00068217E4B01' -> Floor '-1'
[2026-08-12 19:36:40] Status Updated: Floor '-1'
[2026-08-12 19:36:40] Tag Change: ID '00E2004717A40068217E8B01' -> Floor '-1'
[2026-08-12 19:37:03] Tag Change: ID '00E2004707DF5060270ED801' -> Floor '-3'
[2026-08-12 19:37:03] Tag flapping: suppressed 4 repeated tag-change log lines in the last 76s
[2026-08-12 19:37:03] Status Updated: Floor '-3'
[2026-08-12 19:37:04] Tag Change: ID '00E2004707E05060270EE801' -> Floor '-3'
[2026-08-12 19:37:05] Tag Change: ID '00E2004707E01060270EE401' -> Floor '-3'
[2026-08-12 19:37:34] Status Updated: Floor '-1'
[2026-08-12 19:37:44] Tag Change: ID '00E20047176CC068217B1701' -> Floor '1'
[2026-08-12 19:37:44] Tag Change: ID '00E200471768C068217AD701' -> Floor '1'
[2026-08-12 19:37:50] Status Updated: Floor '1'
[2026-08-12 19:37:50] Tag Change: ID '00E2004717688068217AD301' -> Floor '5'
[2026-08-12 19:37:51] Status Updated: Floor '5'
[2026-08-12 19:38:34] Tag Change: ID '00E200471897C068218DC701' -> Floor '5'
[2026-08-12 19:38:34] Tag flapping: suppressed 17 repeated tag-change log lines in the last 87s
[2026-08-12 19:38:36] Tag Change: ID '00E20047179C4068217E0F01' -> Floor '2'
[2026-08-12 19:38:37] Tag Change: ID '00E200471741406821785F01' -> Floor '2'
[2026-08-12 19:38:38] Status Updated: Floor '2'
[2026-08-12 19:38:39] Tag Change: ID '00E200471775B068217BA601' -> Floor '1'
[2026-08-12 19:38:39] Tag Change: ID '00E2004717A54068217E9F01' -> Floor '0'
[2026-08-12 19:38:40] Tag Change: ID '00E2004717AC4068217F0F01' -> Floor '-1'
[2026-08-12 19:38:41] Tag Change: ID '00E200471736C0682177B701' -> Floor '-1'
[2026-08-12 19:38:41] Status Updated: Floor '-1'
[2026-08-12 19:38:46] Tag Change: ID '00E2004707DF5060270ED801' -> Floor '-3'
[2026-08-12 19:38:47] Tag Change: ID '00E2004707E05060270EE801' -> Floor '-3'
[2026-08-12 19:38:53] Status Updated: Floor '-3'
[2026-08-12 19:38:55] Tag Change: ID '00E2004707E01060270EE401' -> Floor '-3'
[2026-08-12 19:39:17] Tag Change: ID '00E2004717A40068217E8B01' -> Floor '-1'
[2026-08-12 19:39:20] Tag Change: ID '00E2004717A00068217E4B01' -> Floor '-1'
[2026-08-12 19:39:20] Status Updated: Floor '-1'
[2026-08-12 19:39:24] Tag Change: ID '00E200471768C068217AD701' -> Floor '1'
[2026-08-12 19:39:24] Status Updated: Floor '1'
[2026-08-12 19:39:25] Tag Change: ID '00E20047175A40682179EF01' -> Floor '2'
[2026-08-12 19:39:29] Tag Change: ID '00E200471777F068217BCA01' -> Floor 'Unknown'
[2026-08-12 19:39:29] Tag Change: ID '00E20047175CC068217A1701' -> Floor '6'
[2026-08-12 19:39:30] Status Updated: Floor '6'
[2026-08-12 19:39:30] Tag Change: ID '00E2004717964068217DAF01' -> Floor '6'
[2026-08-12 19:39:31] Tag Change: ID '00E20047177A3068217BEE01' -> Floor '8'
[2026-08-12 19:39:33] Tag Change: ID '00E2004717767068217BB201' -> Floor '8'
[2026-08-12 19:39:33] Status Updated: Floor '8'
[2026-08-12 19:39:47] Tag Change: ID '00E2004717710068217B5B00' -> Floor '8'
[2026-08-12 19:39:49] Tag Change: ID '00E2004717638068217A8301' -> Floor '7'
[2026-08-12 19:39:49] Tag Change: ID '00E20047175F4068217A3F01' -> Floor '7'
[2026-08-12 19:39:49] Status Updated: Floor '7'
[2026-08-12 19:39:50] Status Updated: Floor '6'
[2026-08-12 19:39:54] Tag Change: ID '00E2004718A58068218EA301' -> Floor '3'
[2026-08-12 19:39:55] Status Updated: Floor '3'
[2026-08-12 19:40:09] Tag Change: ID '00E2004717A0C068217E5701' -> Floor '3'
[2026-08-12 19:40:09] Tag flapping: suppressed 8 repeated tag-change log lines in the last 71s
[2026-08-12 19:40:10] Tag Change: ID '00E20047179C4068217E0F01' -> Floor '2'
[2026-08-12 19:40:15] Status Updated: Floor '2'
[2026-08-12 19:40:35] Tag Change: ID '00E200471775B068217BA601' -> Floor '1'
[2026-08-12 19:40:36] Tag Change: ID '00E2004717AC4068217F0F01' -> Floor '-1'
[2026-08-12 19:40:37] Tag Change: ID '00E200471736C0682177B701' -> Floor '-1'
[2026-08-12 19:40:39] Status Updated: Floor '-1'
[2026-08-12 19:40:40] Tag Change: ID '00E2004717A40068217E8B01' -> Floor '-1'
[2026-08-12 19:41:05] Tag Change: ID '00E2004717AD8068217F2301' -> Floor '-2'
[2026-08-12 19:41:08] Status Updated: Floor '-2'
[2026-08-12 19:41:27] Tag Change: ID '00E2004717A00068217E4B01' -> Floor '-1'
[2026-08-12 19:41:30] Tag Change: ID '00E2004717A54068217E9F01' -> Floor '0'
[2026-08-12 19:41:31] Status Updated: Floor '0'
[2026-08-12 19:41:54] Tag Change: ID '00E200471775B068217BA601' -> Floor '1'
[2026-08-12 19:41:56] Tag Change: ID '00E20047176CC068217B1701' -> Floor '1'
[2026-08-12 19:41:56] Status Updated: Floor '1'
[2026-08-12 19:41:57] Tag Change: ID '00E200471768C068217AD701' -> Floor '1'
[2026-08-12 19:42:11] Tag Change: ID '00E200471741406821785F01' -> Floor '2'
[2026-08-12 19:42:13] Tag Change: ID '00E20047175A40682179EF01' -> Floor '2'
[2026-08-12 19:42:13] Status Updated: Floor '2'
[2026-08-12 19:42:15] Tag Change: ID '00E20047179C4068217E0F01' -> Floor '2'
[2026-08-12 19:42:28] Tag Change: ID '00E2004717A0C068217E5701' -> Floor '3'
[2026-08-12 19:42:28] Status Updated: Floor '3'
[2026-08-12 19:42:32] Tag Change: ID '00E20047175CC068217A1701' -> Floor '6'
[2026-08-12 19:42:33] Status Updated: Floor '6'
[2026-08-12 19:42:33] Tag Change: ID '00E2004717964068217DAF01' -> Floor '6'
[2026-08-12 19:42:36] Tag Change: ID '00E2004717767068217BB201' -> Floor '8'
[2026-08-12 19:42:37] Status Updated: Floor '8'
[2026-08-12 19:42:37] Tag Change: ID '00E2' -> Floor 'Unknown'
[2026-08-12 19:42:55] Tag Change: ID '00E20047177A3068217BEE01' -> Floor '8'
[2026-08-12 19:42:58] Status Updated: Floor '6'
[2026-08-12 19:43:02] Status Updated: Floor '2'
[2026-08-12 19:43:03] Tag Change: ID '00E200471768C068217AD701' -> Floor '1'
[2026-08-12 19:43:04] Status Updated: Floor '1'
[2026-08-12 19:43:15] Tag Change: ID '00E20047176CC068217B1701' -> Floor '1'
[2026-08-12 19:43:15] Tag flapping: suppressed 12 repeated tag-change log lines in the last 70s
[2026-08-12 19:43:25] Tag Change: ID '00E2004717A54068217E9F01' -> Floor '0'
[2026-08-12 19:43:26] Status Updated: Floor '0'
[2026-08-12 19:43:38] Tag Change: ID '00E2004717AC4068217F0F01' -> Floor '-1'
[2026-08-12 19:43:39] Tag Change: ID '00E200471736C0682177B701' -> Floor '-1'
[2026-08-12 19:43:40] Status Updated: Floor '-1'
[2026-08-12 19:44:01] Tag Change: ID '00E2004717AD8068217F2301' -> Floor '-2'
[2026-08-12 19:44:05] Tag Change: ID '00E2004707E01060270EE401' -> Floor '-3'
[2026-08-12 19:44:06] Tag Change: ID '00E2004707DF5060270ED801' -> Floor '-3'
[2026-08-12 19:44:06] Status Updated: Floor '-3'
[2026-08-12 19:44:09] Tag Change: ID '00E2004707E05060270EE801' -> Floor '-3'
[2026-08-12 19:44:16] Tag flapping: suppressed 7 repeated tag-change log lines in the last 60s
[2026-08-12 19:44:19] Tag Change: ID '00E2004717A48068217E9301' -> Floor '-2'
[2026-08-12 19:44:19] Status Updated: Floor '-2'
[2026-08-12 19:44:20] Tag Change: ID '00E2004717A9C068217EE701' -> Floor '-2'
[2026-08-12 19:44:27] Tag Change: ID '00E2004717A40068217E8B01' -> Floor '-1'
[2026-08-12 19:44:29] Status Updated: Floor '-1'
[2026-08-12 19:44:40] Tag Change: ID '00E2004717A54068217E9F01' -> Floor '0'
[2026-08-12 19:44:40] Tag Change: ID '00E200471775B068217BA601' -> Floor '1'
[2026-08-12 19:44:44] Tag Change: ID '00E2004717A7C068217EC701' -> Floor '3'
[2026-08-12 19:44:46] Tag Change: ID '00E2004718A58068218EA301' -> Floor '3'
[2026-08-12 19:44:47] Status Updated: Floor '3'
[2026-08-12 19:45:00] Tag Change: ID '00E20047175A80682179F301' -> Floor '4'
[2026-08-12 19:45:02] Tag Change: ID '00E2004717688068217AD301' -> Floor '5'
[2026-08-12 19:45:06] Tag Change: ID '00E20047177A7068217BF201' -> Floor '9'
[2026-08-12 19:45:08] Tag Change: ID '002427031027000620240000' -> Floor 'Unknown'
[2026-08-12 19:45:09] Tag Change: ID '00E200471751806821796301' -> Floor '11'
[2026-08-12 19:45:11] Tag Change: ID '00E200471753C06821798701' -> Floor '11'
[2026-08-12 19:45:11] Status Updated: Floor '11'
[2026-08-12 19:45:24] Tag flapping: suppressed 4 repeated tag-change log lines in the last 67s
[2026-08-12 19:45:26] Tag Change: ID '00E2004717773068217BBE01' -> Floor '9'
[2026-08-12 19:45:27] Status Updated: Floor '9'
[2026-08-12 19:45:27] Tag Change: ID '00E2004717638068217A8301' -> Floor '7'
[2026-08-12 19:45:28] Tag Change: ID '00E20047175F4068217A3F01' -> Floor '7'
[2026-08-12 19:45:28] Status Updated: Floor '7'
[2026-08-12 19:45:32] Status Updated: Floor '5'
[2026-08-12 19:45:53] Tag Change: ID '00E200471768C068217AD701' -> Floor '1'
[2026-08-12 19:45:57] Tag Change: ID '00E2004717A00068217E4B01' -> Floor '-1'
[2026-08-12 19:45:58] Status Updated: Floor '-1'
[2026-08-12 19:46:15] Tag Change: ID '00E200471736C0682177B701' -> Floor '-1'
[2026-08-12 19:46:18] Tag Change: ID '00E2004717A54068217E9F01' -> Floor '0'
[2026-08-12 19:46:19] Status Updated: Floor '0'
[2026-08-12 19:46:46] Tag Change: ID '00E2004717A40068217E8B01' -> Floor '-1'
[2026-08-12 19:46:46] Tag flapping: suppressed 1 repeated tag-change log lines in the last 75s
[2026-08-12 19:46:51] Status Updated: Floor '-1'
[2026-08-12 19:46:55] Tag Change: ID '00E200471775B068217BA601' -> Floor '1'
[2026-08-12 19:46:58] Tag Change: ID '00E200471768C068217AD701' -> Floor '1'
[2026-08-12 19:46:58] Status Updated: Floor '1'
[2026-08-12 19:46:59] Tag Change: ID '00E20047176CC068217B1701' -> Floor '1'
[2026-08-12 19:47:16] Tag Change: ID '00E2004717AC4068217F0F01' -> Floor '-1'
[2026-08-12 19:47:33] Status Updated: Floor '-1'
[2026-08-12 19:47:37] Tag Change: ID '00E2004717A48068217E9301' -> Floor '-2'
[2026-08-12 19:47:38] Tag Change: ID '00E2004707E05060270EE801' -> Floor '-3'
[2026-08-12 19:47:38] Tag Change: ID '00E2004707DF5060270ED801' -> Floor '-3'
[2026-08-12 19:47:39] Status Updated: Floor '-3'
[2026-08-12 19:47:39] Tag Change: ID '00E2004707E01060270EE401' -> Floor '-3'
[2026-08-12 19:47:52] Tag flapping: suppressed 19 repeated tag-change log lines in the last 60s
[2026-08-12 19:48:06] Tag Change: ID '00E2004717AD8068217F2301' -> Floor '-2'
[2026-08-12 19:48:06] Status Updated: Floor '-2'
[2026-08-12 19:48:14] Tag Change: ID '00E2004717A40068217E8B01' -> Floor '-1'
[2026-08-12 19:48:15] Status Updated: Floor '-1'
[2026-08-12 19:48:38] Tag Change: ID '00E2004717A48068217E9301' -> Floor '-2'
[2026-08-12 19:48:40] Tag Change: ID '00E2004707E01060270EE401' -> Floor '-3'
[2026-08-12 19:48:40] Tag Change: ID '00E2004707E05060270EE801' -> Floor '-3'
[2026-08-12 19:48:41] Status Updated: Floor '-3'
[2026-08-12 19:48:45] Tag Change: ID '00E2004707DF5060270ED801' -> Floor '-3'
[2026-08-12 19:48:59] Status Updated: Floor '-2'
[2026-08-12 19:49:20] Tag Change: ID '00E2004717A00068217E4B01' -> Floor '-1'
[2026-08-12 19:49:34] Status Updated: Floor '-1'
[2026-08-12 19:49:35] Tag Change: ID '00E200471736C0682177B701' -> Floor '-1'
[2026-08-12 19:49:36] Tag Change: ID '00E2004717AC4068217F0F01' -> Floor '-1'
[2026-08-12 19:49:38] Tag Change: ID '00E20047176CC068217B1701' -> Floor '1'
[2026-08-12 19:49:39] Status Updated: Floor '1'
[2026-08-12 19:49:39] Tag Change: ID '00E20047175A40682179EF01' -> Floor '2'
[2026-08-12 19:49:40] Status Updated: Floor '2'
[2026-08-12 19:49:42] Tag Change: ID '00E20047179C4068217E0F01' -> Floor '2'
[2026-08-12 19:49:55] Tag Change: ID '00E2004717A0C068217E5701' -> Floor '3'
[2026-08-12 19:49:55] Tag flapping: suppressed 10 repeated tag-change log lines in the last 72s
[2026-08-12 19:49:55] Status Updated: Floor '3'
[2026-08-12 19:50:00] Tag Change: ID '00E20047189E4068218E2F01' -> Floor '4'
[2026-08-12 19:50:02] Status Updated: Floor '4'
[2026-08-12 19:50:14] Tag Change: ID '00E20047175A80682179F301' -> Floor '4'
[2026-08-12 19:50:15] Tag Change: ID '00E2004718A58068218EA301' -> Floor '3'
[2026-08-12 19:50:15] Status Updated: Floor '3'
[2026-08-12 19:50:17] Tag Change: ID '00E200471768C068217AD701' -> Floor '1'
[2026-08-12 19:50:19] Tag Change: ID '00E200471775B068217BA601' -> Floor '1'
[2026-08-12 19:50:19] Status Updated: Floor '1'
[2026-08-12 19:50:21] Tag Change: ID '00E2004717A00068217E4B01' -> Floor '-1'
[2026-08-12 19:50:22] Status Updated: Floor '-1'
[2026-08-12 19:50:25] Tag Change: ID '00E2004717A40068217E8B01' -> Floor '-1'
[2026-08-12 19:50:42] Tag Change: ID '00E20047176CC068217B1701' -> Floor '1'
[2026-08-12 19:50:42] Status Updated: Floor '1'
[2026-08-12 19:50:42] Tag Change: ID '00E200471741406821785F01' -> Floor '2'
[2026-08-12 19:50:43] Tag Change: ID '00E20047175A40682179EF01' -> Floor '2'
[2026-08-12 19:50:43] Status Updated: Floor '2'
[2026-08-12 19:50:45] Tag Change: ID '00E20047179C4068217E0F01' -> Floor '2'
[2026-08-12 19:50:59] Tag Change: ID '00E2004717A0C068217E5701' -> Floor '3'
[2026-08-12 19:51:00] Status Updated: Floor '3'
[2026-08-12 19:51:01] Tag Change: ID '00E20047189E4068218E2F01' -> Floor '4'
[2026-08-12 19:51:02] Tag Change: ID '00E2004717684068217ACF01' -> Floor '5'
[2026-08-12 19:51:03] Tag Change: ID '00E200471777F068217BCA01' -> Floor 'Unknown'
[2026-08-12 19:51:05] Tag Change: ID '00E2004717964068217DAF01' -> Floor '6'
[2026-08-12 19:51:06] Status Updated: Floor '6'
[2026-08-12 19:51:19] Tag Change: ID '00E20047175CC068217A1701' -> Floor '6'
[2026-08-12 19:51:20] Tag Change: ID '00E2004717688068217AD301' -> Floor '5'
[2026-08-12 19:51:20] Tag flapping: suppressed 5 repeated tag-change log lines in the last 60s
[2026-08-12 19:51:26] Status Updated: Floor '4'
[2026-08-12 19:51:37] Tag Change: ID '00E20047175A80682179F301' -> Floor '4'
[2026-08-12 19:51:41] Status Updated: Floor '1'
[2026-08-12 19:51:42] Tag Change: ID '00E2004717AC4068217F0F01' -> Floor '-1'
[2026-08-12 19:51:43] Tag Change: ID '00E200471736C0682177B701' -> Floor '-1'
[2026-08-12 19:51:44] Status Updated: Floor '-1'
[2026-08-12 19:51:44] Tag Change: ID '00E2004717A00068217E4B01' -> Floor '-1'
[2026-08-12 19:52:05] Tag Change: ID '00E2004707E05060270EE801' -> Floor '-3'
[2026-08-12 19:52:06] Status Updated: Floor '-3'
[2026-08-12 19:52:09] Tag Change: ID '00E2004707E01060270EE401' -> Floor '-3'
[2026-08-12 19:52:17] Tag Change: ID '00E2004707DF5060270ED801' -> Floor '-3'
[2026-08-12 19:52:22] Tag Change: ID '00E2004717A40068217E8B01' -> Floor '-1'
[2026-08-12 19:52:24] Status Updated: Floor '-1'
[2026-08-12 19:52:24] Tag Change: ID '00E200471775B068217BA601' -> Floor '1'
[2026-08-12 19:52:26] Tag Change: ID '00E200471768C068217AD701' -> Floor '1'
[2026-08-12 19:52:26] Tag flapping: suppressed 6 repeated tag-change log lines in the last 60s
[2026-08-12 19:52:26] Status Updated: Floor '1'
[2026-08-12 19:52:32] Tag Change: ID '00E20047175F4068217A3F01' -> Floor '7'
[2026-08-12 19:52:39] Tag Change: ID '00E2004717A34068217E7F01' -> Floor '12'
[2026-08-12 19:52:40] Status Updated: Floor '12'
[2026-08-12 19:52:52] Tag Change: ID '002427031027000620240000' -> Floor 'Unknown'
[2026-08-12 19:52:52] Tag Change: ID '00E20047174880682178D301' -> Floor '10'
[2026-08-12 19:52:53] Tag Change: ID '00E200471744006821788B01' -> Floor '9'
[2026-08-12 19:52:54] Tag Change: ID '00E2004717773068217BBE01' -> Floor '9'
[2026-08-12 19:52:54] Status Updated: Floor '9'
[2026-08-12 19:52:54] Tag Change: ID '00E2004717710068217B5B00' -> Floor '8'
[2026-08-12 19:52:56] Tag Change: ID '00E2004717A60068217EAB01' -> Floor '7'
[2026-08-12 19:52:57] Tag Change: ID '00E20047175CC068217A1701' -> Floor '6'
[2026-08-12 19:52:58] Tag Change: ID '00E2004717684068217ACF01' -> Floor '5'
[2026-08-12 19:52:58] Tag Change: ID '00E20047189E4068218E2F01' -> Floor '4'
[2026-08-12 19:52:59] Tag Change: ID '00E20047175A80682179F301' -> Floor '4'
[2026-08-12 19:52:59] Status Updated: Floor '4'
[2026-08-12 19:53:00] Tag Change: ID '00E2004717A0C068217E5701' -> Floor '3'
[2026-08-12 19:53:00] Status Updated: Floor '3'
[2026-08-12 19:53:04] Tag Change: ID '00E2004717AC4068217F0F01' -> Floor '-1'
[2026-08-12 19:53:05] Tag Change: ID '00E200471736C0682177B701' -> Floor '-1'
[2026-08-12 19:53:05] Status Updated: Floor '-1'
[2026-08-12 19:53:06] Tag Change: ID '00E2004717A00068217E4B01' -> Floor '-1'
[2026-08-12 19:53:35] Tag Change: ID '00E200471777F068217BCA01' -> Floor 'Unknown'
[2026-08-12 19:53:35] Tag Change: ID '00E2004717964068217DAF01' -> Floor '6'
[2026-08-12 19:53:40] Status Updated: Floor '9'
[2026-08-12 19:53:54] Tag Change: ID '00E2004717773068217BBE01' -> Floor '9'
[2026-08-12 19:53:55] Tag Change: ID '00E2004717767068217BB201' -> Floor '8'
[2026-08-12 19:53:55] Tag Change: ID '00E2004717710068217B5B00' -> Floor '8'
[2026-08-12 19:54:00] Status Updated: Floor '8'
[2026-08-12 19:54:00] Tag Change: ID '00E2004717A7C068217EC701' -> Floor '3'
[2026-08-12 19:54:04] Tag Change: ID '00E2004717AC4068217F0F01' -> Floor '-1'
[2026-08-12 19:54:04] Tag flapping: suppressed 7 repeated tag-change log lines in the last 63s
[2026-08-12 19:54:07] Tag Change: ID '00E2004717A40068217E8B01' -> Floor '-1'
[2026-08-12 19:54:13] Status Updated: Floor '-1'
[2026-08-12 19:54:25] Tag Change: ID '00E2004717A00068217E4B01' -> Floor '-1'
[2026-08-12 19:54:26] Tag Change: ID '00E200471736C0682177B701' -> Floor '-1'
[2026-08-12 19:54:28] Tag Change: ID '00E2004717A54068217E9F01' -> Floor '0'
[2026-08-12 19:54:32] Tag Change: ID '00E2004718A58068218EA301' -> Floor '3'
[2026-08-12 19:54:32] Status Updated: Floor '3'
[2026-08-12 19:54:33] Tag Change: ID '00E20047189E4068218E2F01' -> Floor '4'
[2026-08-12 19:54:36] Tag Change: ID '00E20047175F4068217A3F01' -> Floor '7'
[2026-08-12 19:54:36] Tag Change: ID '00E2004717638068217A8301' -> Floor '7'
[2026-08-12 19:54:37] Status Updated: Floor '7'
[2026-08-12 19:54:44] Status Updated: Floor '8'
[2026-08-12 19:54:51] Tag Change: ID '00E20047177A7068217BF201' -> Floor '9'
[2026-08-12 19:54:52] Status Updated: Floor '9'
[2026-08-12 19:54:52] Tag Change: ID '00E200471744006821788B01' -> Floor '9'
[2026-08-12 19:54:53] Tag Change: ID '00E20047174880682178D301' -> Floor '10'
[2026-08-12 19:54:55] Tag Change: ID '00E200471751806821796301' -> Floor '11'
[2026-08-12 19:54:56] Tag Change: ID '00E200471753C06821798701' -> Floor '11'
[2026-08-12 19:54:56] Status Updated: Floor '11'
[2026-08-12 19:55:11] Tag Change: ID '00E2004718C4B06821909601' -> Floor 'Unknown'
[2026-08-12 19:55:14] Status Updated: Floor '9'
[2026-08-12 19:55:32] Tag flapping: suppressed 7 repeated tag-change log lines in the last 64s
[2026-08-12 19:55:33] Status Updated: Floor '7'
[2026-08-12 19:55:33] Tag Change: ID '00E20047175CC068217A1701' -> Floor '6'
[2026-08-12 19:55:35] Tag Change: ID '00E20047189E4068218E2F01' -> Floor '4'
[2026-08-12 19:55:36] Tag Change: ID '00E2004718A58068218EA301' -> Floor '3'
[2026-08-12 19:55:38] Tag Change: ID '00E200471768C068217AD701' -> Floor '1'
[2026-08-12 19:55:40] Tag Change: ID '00E200471775B068217BA601' -> Floor '1'
[2026-08-12 19:55:41] Status Updated: Floor '1'
[2026-08-12 19:55:41] Tag Change: ID '00E2004717A54068217E9F01' -> Floor '0'
[2026-08-12 19:55:42] Status Updated: Floor '0'
[2026-08-12 19:55:56] Tag Change: ID '00E2004717A00068217E4B01' -> Floor '-1'
[2026-08-12 19:55:57] Status Updated: Floor '-1'
[2026-08-12 19:56:13] Tag Change: ID '00E2004717A40068217E8B01' -> Floor '-1'
[2026-08-12 19:56:25] Status Updated: Floor '1'
[2026-08-12 19:56:26] Tag Change: ID '00E2004717A0C068217E5701' -> Floor '3'
[2026-08-12 19:56:27] Tag Change: ID '00E20047175A80682179F301' -> Floor '4'
[2026-08-12 19:56:28] Tag Change: ID '00E2004718A2C068218E7701' -> Floor '4'
[2026-08-12 19:56:28] Status Updated: Floor '4'
[2026-08-12 19:56:28] Tag Change: ID '00E200471897C068218DC701' -> Floor '5'
[2026-08-12 19:56:29] Tag Change: ID '00E2004717684068217ACF01' -> Floor '5'
[2026-08-12 19:56:29] Status Updated: Floor '5'
[2026-08-12 19:56:29] Tag Change: ID '00E200471777F068217BCA01' -> Floor 'Unknown'
[2026-08-12 19:56:30] Tag Change: ID '00E2004717964068217DAF01' -> Floor '6'
[2026-08-12 19:56:31] Tag Change: ID '00E2004717638068217A8301' -> Floor '7'
[2026-08-12 19:56:33] Tag Change: ID '00E2004717773068217BBE01' -> Floor '9'
[2026-08-12 19:56:33] Tag flapping: suppressed 6 repeated tag-change log lines in the last 60s
[2026-08-12 19:56:34] Tag Change: ID '002427031027000620240000' -> Floor 'Unknown'
[2026-08-12 19:56:35] Tag Change: ID '00E200471751806821796301' -> Floor '11'
[2026-08-12 19:56:36] Status Updated: Floor '11'
[2026-08-12 19:56:37] Tag Change: ID '00E200471753C06821798701' -> Floor '11'
[2026-08-12 19:58:31] Tag Change: ID '00E20047174C806821791301' -> Floor '11'
[2026-08-12 19:58:32] Tag Change: ID '002427031027000620240000' -> Floor 'Unknown'
[2026-08-12 19:58:32] Tag Change: ID '00E20047174880682178D301' -> Floor '10'
[2026-08-12 19:58:33] Tag Change: ID '00E2004718C4B06821909601' -> Floor 'Unknown'
[2026-08-12 19:58:34] Tag Change: ID '00E200471744006821788B01' -> Floor '9'
[2026-08-12 19:58:35] Status Updated: Floor '9'
[2026-08-12 19:58:49] Tag Change: ID '00E20047177A7068217BF201' -> Floor '9'
[2026-08-12 19:58:51] Tag Change: ID '00E2004717767068217BB201' -> Floor '8'
[2026-08-12 19:58:52] Status Updated: Floor '8'
[2026-08-12 19:59:06] Tag Change: ID '00E20047175F4068217A3F01' -> Floor '7'
[2026-08-12 19:59:06] Tag Change: ID '00E2004717964068217DAF01' -> Floor '6'
[2026-08-12 19:59:07] Tag Change: ID '00E20047175CC068217A1701' -> Floor '6'
[2026-08-12 19:59:07] Status Updated: Floor '6'
[2026-08-12 19:59:09] Tag Change: ID '00E200471897C068218DC701' -> Floor '5'
[2026-08-12 19:59:11] Tag Change: ID '00E20047189E4068218E2F01' -> Floor '4'
[2026-08-12 19:59:12] Status Updated: Floor '4'
[2026-08-12 19:59:23] Tag Change: ID '00E20047175A80682179F301' -> Floor '4'
[2026-08-12 19:59:23] Tag Change: ID '00E2004718A58068218EA301' -> Floor '3'
[2026-08-12 19:59:25] Tag Change: ID '00E20047175A40682179EF01' -> Floor '2'
[2026-08-12 19:59:28] Tag Change: ID '00E200471775B068217BA601' -> Floor '1'
[2026-08-12 19:59:29] Tag Change: ID '00E2004717A54068217E9F01' -> Floor '0'
[2026-08-12 19:59:31] Status Updated: Floor '0'
[2026-08-12 19:59:47] Tag Change: ID '00E2004717AC4068217F0F01' -> Floor '-1'
[2026-08-12 20:00:08] Tag Change: ID '00E200471736C0682177B701' -> Floor '-1'
[2026-08-12 20:00:08] Status Updated: Floor '-1'
[2026-08-12 20:00:11] Status Updated: Floor '0'
[2026-08-12 20:00:25] Tag Change: ID '00E200471768C068217AD701' -> Floor '1'
[2026-08-12 20:00:26] Tag Change: ID '00E200471741406821785F01' -> Floor '2'
[2026-08-12 20:00:26] Tag Change: ID '00E20047175A40682179EF01' -> Floor '2'
[2026-08-12 20:00:26] Status Updated: Floor '2'
[2026-08-12 20:00:27] Tag Change: ID '00E2004717A0C068217E5701' -> Floor '3'
[2026-08-12 20:00:28] Tag Change: ID '00E20047175A80682179F301' -> Floor '4'
[2026-08-12 20:00:29] Tag Change: ID '00E20047189E4068218E2F01' -> Floor '4'
[2026-08-12 20:00:29] Status Updated: Floor '4'
[2026-08-12 20:00:31] Tag Change: ID '00E2004717964068217DAF01' -> Floor '6'
[2026-08-12 20:00:34] Tag Change: ID '00E2004717710068217B5B00' -> Floor '8'
[2026-08-12 20:00:34] Tag Change: ID '00E2004717767068217BB201' -> Floor '8'
[2026-08-12 20:00:35] Status Updated: Floor '8'
[2026-08-12 20:00:54] Tag Change: ID '00E20047175F4068217A3F01' -> Floor '7'
[2026-08-12 20:00:55] Tag Change: ID '00E20047175CC068217A1701' -> Floor '6'
[2026-08-12 20:00:56] Tag Change: ID '00E200471777F068217BCA01' -> Floor 'Unknown'
[2026-08-12 20:00:56] Tag Change: ID '00E2004717688068217AD301' -> Floor '5'
[2026-08-12 20:00:57] Status Updated: Floor '5'
[2026-08-12 20:01:00] Tag Change: ID '00E2004717688068217A' -> Floor 'Unknown'
[2026-08-12 20:01:12] Tag flapping: suppressed 3 repeated tag-change log lines in the last 60s
[2026-08-12 20:01:12] Status Updated: Floor '4'
[2026-08-12 20:01:19] Tag Change: ID '00E2004717A00068217E4B01' -> Floor '-1'
[2026-08-12 20:01:25] Tag Change: ID '00E2004717A40068217E8B01' -> Floor '-1'
[2026-08-12 20:01:25] Status Updated: Floor '-1'
[2026-08-12 20:01:42] Tag Change: ID '00E2004717A54068217E9F01' -> Floor '0'
[2026-08-12 20:01:43] Status Updated: Floor '0'
[2026-08-12 20:01:56] Tag Change: ID '00E200471775B068217BA601' -> Floor '1'
[2026-08-12 20:01:57] Status Updated: Floor '1'
[2026-08-12 20:01:59] Tag Change: ID '00E200471768C068217AD701' -> Floor '1'
[2026-08-12 20:01:59] Tag Change: ID '00E200471741406821785F01' -> Floor '2'
[2026-08-12 20:01:59] Tag Change: ID '00E20047175A40682179EF01' -> Floor '2'
[2026-08-12 20:02:00] Status Updated: Floor '2'
[2026-08-12 20:02:00] Tag Change: ID '00E2004717A0C068217E5701' -> Floor '3'
[2026-08-12 20:02:04] Tag Change: ID '00E2004717A60068217EAB01' -> Floor '7'
[2026-08-12 20:02:04] Tag Change: ID '00E20047175F4068217A3F01' -> Floor '7'
[2026-08-12 20:02:05] Status Updated: Floor '7'
[2026-08-12 20:02:05] Tag Change: ID '00E20047177A3068217BEE01' -> Floor '8'
[2026-08-12 20:02:06] Status Updated: Floor '8'
[2026-08-12 20:02:06] Tag Change: ID '00E20047177A7068217BF201' -> Floor '9'
[2026-08-12 20:02:07] Status Updated: Floor '9'
[2026-08-12 20:02:08] Tag Change: ID '00E2004718C4B06821909601' -> Floor 'Unknown'
[2026-08-12 20:02:08] Tag Change: ID '00E20047174880682178D301' -> Floor '10'
[2026-08-12 20:02:09] Status Updated: Floor '10'
[2026-08-12 20:02:09] Tag Change: ID '002427031027000620240000' -> Floor 'Unknown'
[2026-08-12 20:02:10] Tag Change: ID '00E200471745C0682178A701' -> Floor '10'
[2026-08-12 20:02:16] Tag flapping: suppressed 5 repeated tag-change log lines in the last 62s
[2026-08-12 20:02:24] Tag Change: ID '00E200471744006821788B01' -> Floor '9'
[2026-08-12 20:02:25] Tag Change: ID '00E2004717767068217BB201' -> Floor '8'
[2026-08-12 20:02:25] Tag Change: ID '00E2004717710068217B5B00' -> Floor '8'
[2026-08-12 20:02:26] Status Updated: Floor '8'
[2026-08-12 20:02:28] Tag Change: ID '00E2004717688068217AD301' -> Floor '5'
[2026-08-12 20:02:30] Tag Change: ID '00E2004718A58068218EA301' -> Floor '3'
[2026-08-12 20:02:31] Tag Change: ID '00E2004717A7C068217EC701' -> Floor '3'
[2026-08-12 20:02:31] Status Updated: Floor '3'
[2026-08-12 20:02:41] Tag Change: ID '00E2004707DF5060270ED801' -> Floor '-3'
[2026-08-12 20:02:42] Tag Change: ID '00E2004707E05060270EE801' -> Floor '-3'
[2026-08-12 20:02:43] Status Updated: Floor '-3'
[2026-08-12 20:02:45] Tag Change: ID '00E2004707E01060270EE401' -> Floor '-3'
[2026-08-12 20:03:17] Tag Change: ID '00E2004717A54068217E9F01' -> Floor '0'
[2026-08-12 20:03:17] Tag Change: ID '00E200471775B068217BA601' -> Floor '1'
[2026-08-12 20:03:19] Tag Change: ID '00E200471768C068217AD701' -> Floor '1'
[2026-08-12 20:03:19] Tag flapping: suppressed 21 repeated tag-change log lines in the last 61s
[2026-08-12 20:03:19] Status Updated: Floor '1'
[2026-08-12 20:03:21] Tag Change: ID '00E20047175A80682179F301' -> Floor '4'
[2026-08-12 20:03:22] Tag Change: ID '00E20047189E4068218E2F01' -> Floor '4'
[2026-08-12 20:03:22] Status Updated: Floor '4'
[2026-08-12 20:03:22] Tag Change: ID '00E2004717684068217ACF01' -> Floor '5'
[2026-08-12 20:03:24] Tag Change: ID '00E2004717964068217DAF01' -> Floor '6'
[2026-08-12 20:03:27] Tag Change: ID '00E2004717767068217BB201' -> Floor '8'
[2026-08-12 20:03:38] Error sending status: HTTPSConnectionPool(host='ramada-elev-default-rtdb.europe-west1.firebasedatabase.app', port=443): Max retries exceeded with url: /elevators/B.json (Caused by NameResolutionError("HTTPSConnection(host='ramada-elev-default-rtdb.europe-west1.firebasedatabase.app', port=443): Failed to resolve 'ramada-elev-default-rtdb.europe-west1.firebasedatabase.app' ([Errno -3] Temporary failure in name resolution)"))
[2026-08-12 20:03:40] Tag Change: ID '00E20047175F4068217A3F01' -> Floor '7'
[2026-08-12 20:03:41] Tag Change: ID '00E20047175CC068217A1701' -> Floor '6'
[2026-08-12 20:03:42] Status Updated: Floor '6'
[2026-08-12 20:03:45] Tag Change: ID '00E20047179C4068217E0F01' -> Floor '2'
[2026-08-12 20:03:47] Tag Change: ID '00E20047176CC068217B1701' -> Floor '1'
[2026-08-12 20:03:47] Status Updated: Floor '1'
[2026-08-12 20:03:49] Tag Change: ID '00E2004717AC4068217F0F01' -> Floor '-1'
[2026-08-12 20:03:50] Tag Change: ID '00E200471736C0682177B701' -> Floor '-1'
[2026-08-12 20:03:50] Status Updated: Floor '-1'
[2026-08-12 20:03:52] Tag Change: ID '00E2004717A40068217E8B01' -> Floor '-1'
[2026-08-12 20:04:00] Tag Change: ID '00E2004717A00068217E4B01' -> Floor '-1'
[2026-08-12 20:05:06] Tag Change: ID '00E2004717A54068217E9F01' -> Floor '0'
[2026-08-12 20:05:06] Tag flapping: suppressed 3 repeated tag-change log lines in the last 82s
[2026-08-12 20:05:08] Status Updated: Floor '0'
[2026-08-12 20:05:08] Tag Change: ID '00E2004717A54068' -> Floor 'Unknown'
[2026-08-12 20:05:19] Tag Change: ID '00E200471775B068217BA601' -> Floor '1'
[2026-08-12 20:05:20] Status Updated: Floor '1'
[2026-08-12 20:05:21] Tag Change: ID '00E20047176CC068217B1701' -> Floor '1'
[2026-08-12 20:05:25] Tag Change: ID '00E20047179C4068217E0F01' -> Floor '2'
[2026-08-12 20:05:25] Status Updated: Floor '2'
[2026-08-12 20:05:40] Status Updated: Floor '1'
[2026-08-12 20:05:42] Status Updated: Floor '0'
[2026-08-12 20:05:57] Status Updated: Floor '1'
[2026-08-12 20:06:09] Tag flapping: suppressed 5 repeated tag-change log lines in the last 60s
[2026-08-12 20:06:11] Status Updated: Floor '2'
[2026-08-12 20:06:13] Tag Change: ID '00E20047175A40682179EF01' -> Floor '2'
[2026-08-12 20:06:14] Tag Change: ID '00E200471768C068217AD701' -> Floor '1'
[2026-08-12 20:06:17] Status Updated: Floor '1'
[2026-08-12 20:06:18] Tag Change: ID '00E2004717A54068217E9F01' -> Floor '0'
[2026-08-12 20:06:19] Status Updated: Floor '0'
[2026-08-12 20:06:46] Tag Change: ID '00E200471741406821785F01' -> Floor '2'
[2026-08-12 20:06:47] Tag Change: ID '00E2004717A0C068217E5701' -> Floor '3'
[2026-08-12 20:06:50] Tag Change: ID '00E20047189E4068218E2F01' -> Floor '4'
[2026-08-12 20:06:51] Status Updated: Floor '4'
[2026-08-12 20:07:06] Tag Change: ID '00E2004718A58068218EA301' -> Floor '3'
[2026-08-12 20:07:09] Tag Change: ID '00E20047176CC068217B1701' -> Floor '1'
[2026-08-12 20:07:09] Status Updated: Floor '1'
[2026-08-12 20:07:23] Tag Change: ID '00E2004717A40068217E8B01' -> Floor '-1'
[2026-08-12 20:07:23] Tag flapping: suppressed 2 repeated tag-change log lines in the last 66s
[2026-08-12 20:07:34] Status Updated: Floor '-1'
[2026-08-12 20:07:39] Tag Change: ID '00E2004717A00068217E4B01' -> Floor '-1'
[2026-08-12 20:07:42] Tag Change: ID '00E2004717AC4068217F0F01' -> Floor '-1'
[2026-08-12 20:07:43] Tag Change: ID '00E2004717A54068217E9F01' -> Floor '0'
[2026-08-12 20:07:45] Status Updated: Floor '0'
[2026-08-12 20:08:00] Tag Change: ID '00E200471741406821785F01' -> Floor '2'
[2026-08-12 20:08:01] Tag Change: ID '00E20047179C4068217E0F01' -> Floor '2'
[2026-08-12 20:08:01] Status Updated: Floor '2'
[2026-08-12 20:08:04] Tag Change: ID '00E2004717684068217ACF01' -> Floor '5'
[2026-08-12 20:08:07] Tag Change: ID '00E20047177A3068217BEE01' -> Floor '8'
[2026-08-12 20:08:08] Tag Change: ID '00E2004717710068217B5B00' -> Floor '8'
[2026-08-12 20:08:08] Status Updated: Floor '8'
[2026-08-12 20:08:09] Tag Change: ID '00E2004717767068217BB201' -> Floor '8'
[2026-08-12 20:08:26] Tag Change: ID '00E20047175F4068217A3F01' -> Floor '7'
[2026-08-12 20:08:27] Tag Change: ID '00E200471777F068217BCA01' -> Floor 'Unknown'
[2026-08-12 20:08:29] Tag Change: ID '00E20047175A80682179F301' -> Floor '4'
[2026-08-12 20:08:30] Tag Change: ID '00E2004717A7C068217EC701' -> Floor '3'
[2026-08-12 20:08:35] Tag Change: ID '00E200471736C0682177B701' -> Floor '-1'
[2026-08-12 20:08:37] Status Updated: Floor '-1'
[2026-08-12 20:08:55] Tag Change: ID '00E200471775B068217BA601' -> Floor '1'
[2026-08-12 20:08:58] Tag Change: ID '00E2004717A0C068217E5701' -> Floor '3'
[2026-08-12 20:09:07] Tag flapping: suppressed 7 repeated tag-change log lines in the last 67s
[2026-08-12 20:09:07] Status Updated: Floor '8'
[2026-08-12 20:09:28] Tag Change: ID '00E20047177A3068217BEE01' -> Floor '8'
[2026-08-12 20:09:29] Tag Change: ID '00E2004717638068217A8301' -> Floor '7'
[2026-08-12 20:09:32] Tag Change: ID '00E2004717684068217ACF01' -> Floor '5'
[2026-08-12 20:09:32] Tag Change: ID '00E200471897C068218DC701' -> Floor '5'
[2026-08-12 20:09:32] Status Updated: Floor '5'
[2026-08-12 20:09:33] Tag Change: ID '00E2004718A58068218EA301' -> Floor '3'
[2026-08-12 20:09:34] Status Updated: Floor '3'
[2026-08-12 20:09:36] Tag Change: ID '00E200471768C068217AD701' -> Floor '1'
[2026-08-12 20:09:48] Tag Change: ID '00E2004717A40068217E8B01' -> Floor '-1'
[2026-08-12 20:09:50] Status Updated: Floor '-1'
[2026-08-12 20:10:04] Tag Change: ID '00E2004717AC4068217F0F01' -> Floor '-1'
[2026-08-12 20:10:05] Tag Change: ID '00E20047176CC068217B1701' -> Floor '1'
[2026-08-12 20:10:11] Tag Change: ID '00E20047175CC068217A1701' -> Floor '6'
[2026-08-12 20:10:12] Tag Change: ID '00E2004717A60068217EAB01' -> Floor '7'
[2026-08-12 20:10:12] Tag Change: ID '00E20047175F4068217A3F01' -> Floor '7'
[2026-08-12 20:10:12] Status Updated: Floor '7'
[2026-08-12 20:10:13] Tag Change: ID '00E2004717767068217BB201' -> Floor '8'
[2026-08-12 20:10:16] Tag Change: ID '002427031027000620240000' -> Floor 'Unknown'
[2026-08-12 20:10:17] Tag Change: ID '00E200471751806821796301' -> Floor '11'
[2026-08-12 20:10:18] Tag Change: ID '00E200471753C06821798701' -> Floor '11'
[2026-08-12 20:10:19] Status Updated: Floor '11'
[2026-08-12 20:11:09] Tag flapping: suppressed 3 repeated tag-change log lines in the last 94s
[2026-08-12 20:11:24] Tag Change: ID '00E200471745C0682178A701' -> Floor '10'
[2026-08-12 20:11:24] Tag Change: ID '002427031027000620240000' -> Floor 'Unknown'
[2026-08-12 20:11:26] Tag Change: ID '00E200471744006821788B01' -> Floor '9'
[2026-08-12 20:11:27] Tag Change: ID '00E2004717767068217BB201' -> Floor '8'
[2026-08-12 20:11:28] Tag Change: ID '00E2004717638068217A8301' -> Floor '7'
[2026-08-12 20:11:30] Tag Change: ID '00E200471777F068217BCA01' -> Floor 'Unknown'
[2026-08-12 20:11:33] Tag Change: ID '00E2004717A7C068217EC701' -> Floor '3'
[2026-08-12 20:11:34] Tag Change: ID '00E20047175A40682179EF01' -> Floor '2'
[2026-08-12 20:11:34] Tag Change: ID '00E200471741406821785F01' -> Floor '2'
[2026-08-12 20:11:34] Status Updated: Floor '2'
[2026-08-12 20:11:35] Tag Change: ID '00E200471768C068217AD701' -> Floor '1'
[2026-08-12 20:11:35] Tag Change: ID '00E20047176CC068217B1701' -> Floor '1'
[2026-08-12 20:11:35] Status Updated: Floor '1'
[2026-08-12 20:11:37] Tag Change: ID '00E2004717AC4068217F0F01' -> Floor '-1'
[2026-08-12 20:11:38] Tag Change: ID '00E200471736C0682177B701' -> Floor '-1'
[2026-08-12 20:11:38] Status Updated: Floor '-1'
[2026-08-12 20:11:43] Tag Change: ID '00E2004717A40068217E8B01' -> Floor '-1'
[2026-08-12 20:12:48] Tag Change: ID '00E200471736C0682177B701' -> Floor '-1'
[2026-08-12 20:12:48] Tag flapping: suppressed 1 repeated tag-change log lines in the last 96s
[2026-08-12 20:12:50] Tag Change: ID '00E2004717AC4068217F0F01' -> Floor '-1'
[2026-08-12 20:12:50] Tag Change: ID '00E200471775B068217BA601' -> Floor '1'
[2026-08-12 20:12:53] Tag Change: ID '00E2004717A0C068217E5701' -> Floor '3'
[2026-08-12 20:12:57] Tag Change: ID '00E20047175CC068217A1701' -> Floor '6'
[2026-08-12 20:12:57] Tag Change: ID '00E2004717964068217DAF01' -> Floor '6'
[2026-08-12 20:12:58] Status Updated: Floor '6'
[2026-08-12 20:13:00] Tag Change: ID '00E2004717710068217B5B00' -> Floor '8'
[2026-08-12 20:13:01] Tag Change: ID '00E2004717767068217BB201' -> Floor '8'
[2026-08-12 20:13:02] Status Updated: Floor '8'
[2026-08-12 20:13:43] Status Updated: Floor '6'
[2026-08-12 20:13:43] Tag Change: ID '00E2004717684068217ACF01' -> Floor '5'
[2026-08-12 20:13:44] Tag Change: ID '00E200471897C068218DC701' -> Floor '5'
[2026-08-12 20:13:44] Status Updated: Floor '5'
[2026-08-12 20:13:45] Tag Change: ID '00E2004718A2C068218E7701' -> Floor '4'
[2026-08-12 20:13:45] Tag Change: ID '00E20047175A80682179F301' -> Floor '4'
[2026-08-12 20:13:45] Status Updated: Floor '4'
[2026-08-12 20:13:50] Status Updated: Floor '1'
[2026-08-12 20:13:51] Tag Change: ID '00E2004717A54068217E9F01' -> Floor '0'
[2026-08-12 20:13:52] Status Updated: Floor '0'
[2026-08-12 20:14:05] Tag Change: ID '00E200471736C0682177B701' -> Floor '-1'
[2026-08-12 20:14:06] Tag Change: ID '00E2004717A00068217E4B01' -> Floor '-1'
[2026-08-12 20:14:06] Status Updated: Floor '-1'
[2026-08-12 20:14:22] Tag Change: ID '00E2004717AC4068217F0F01' -> Floor '-1'
[2026-08-12 20:14:24] Status Updated: Floor '0'
[2026-08-12 20:14:45] Tag Change: ID '00E200471775B068217BA601' -> Floor '1'
[2026-08-12 20:14:45] Tag flapping: suppressed 5 repeated tag-change log lines in the last 65s
[2026-08-12 20:14:46] Tag Change: ID '00E20047176CC068217B1701' -> Floor '1'
[2026-08-12 20:14:47] Status Updated: Floor '1'
[2026-08-12 20:14:47] Tag Change: ID '00E20047175A40682179EF01' -> Floor '2'
[2026-08-12 20:14:51] Tag Change: ID '00E200471897C068218DC701' -> Floor '5'
[2026-08-12 20:14:54] Tag Change: ID '00E2004717688068217AD301' -> Floor '5'
[2026-08-12 20:14:59] Status Updated: Floor '5'
[2026-08-12 20:15:09] Tag Change: ID '00E2004717638068217A8301' -> Floor '7'
[2026-08-12 20:15:09] Status Updated: Floor '7'
[2026-08-12 20:15:27] Tag Change: ID '00E200471777F068217BCA01' -> Floor 'Unknown'
[2026-08-12 20:15:30] Tag Change: ID '00E2004717A7C068217EC701' -> Floor '3'
[2026-08-12 20:15:31] Tag Change: ID '00E20047179C4068217E0F01' -> Floor '2'
[2026-08-12 20:15:32] Status Updated: Floor '2'
[2026-08-12 20:15:32] Tag Change: ID '00E200471768C068217AD701' -> Floor '1'
[2026-08-12 20:15:34] Status Updated: Floor '1'
[2026-08-12 20:15:35] Tag Change: ID '00E200471736C0682177B701' -> Floor '-1'
[2026-08-12 20:15:36] Tag Change: ID '00E2004717A00068217E4B01' -> Floor '-1'
[2026-08-12 20:15:36] Status Updated: Floor '-1'
[2026-08-12 20:15:40] Tag Change: ID '00E2004717A40068217E8B01' -> Floor '-1'
[2026-08-12 20:16:00] Tag Change: ID '00E2004707E01060270EE401' -> Floor '-3'
[2026-08-12 20:16:00] Tag Change: ID '00E2004707E05060270EE801' -> Floor '-3'
[2026-08-12 20:16:02] Status Updated: Floor '-3'
[2026-08-12 20:16:02] Tag Change: ID '00E2004707DF5060270ED801' -> Floor '-3'
[2026-08-12 20:16:19] Tag Change: ID '00E200471775B068217BA601' -> Floor '1'
[2026-08-12 20:16:21] Status Updated: Floor '1'
[2026-08-12 20:16:24] Tag Change: ID '00E20047189E4068218E2F01' -> Floor '4'
[2026-08-12 20:16:27] Tag Change: ID '00E20047177A3068217BEE01' -> Floor '8'
[2026-08-12 20:16:30] Tag Change: ID '00E2004717767068217BB201' -> Floor '8'
[2026-08-12 20:16:35] Status Updated: Floor '8'
[2026-08-12 20:16:43] Tag flapping: suppressed 17 repeated tag-change log lines in the last 71s
[2026-08-12 20:16:43] Tag Change: ID '00E2004717638068217A8301' -> Floor '7'
[2026-08-12 20:16:44] Tag Change: ID '00E20047175F4068217A3F01' -> Floor '7'
[2026-08-12 20:16:44] Status Updated: Floor '7'
[2026-08-12 20:16:46] Tag Change: ID '00E200471777F068217BCA01' -> Floor 'Unknown'
[2026-08-12 20:16:49] Tag Change: ID '00E2004717688068217AD301' -> Floor '5'
[2026-08-12 20:16:49] Status Updated: Floor '5'
[2026-08-12 20:17:04] Tag Change: ID '00E2004717A0C068217E5701' -> Floor '3'
[2026-08-12 20:17:04] Tag Change: ID '00E20047175A40682179EF01' -> Floor '2'
[2026-08-12 20:17:05] Tag Change: ID '00E200471741406821785F01' -> Floor '2'
[2026-08-12 20:17:05] Status Updated: Floor '2'
[2026-08-12 20:17:07] Tag Change: ID '00E2004717AC4068217F0F01' -> Floor '-1'
[2026-08-12 20:17:14] Tag Change: ID '00E2004717A40068217E8B01' -> Floor '-1'
[2026-08-12 20:17:15] Status Updated: Floor '-1'
[2026-08-12 20:17:34] Tag Change: ID '00E200471768C068217AD701' -> Floor '1'
[2026-08-12 20:17:35] Status Updated: Floor '1'
[2026-08-12 20:17:35] Tag Change: ID '00E20047176CC068217B1701' -> Floor '1'
[2026-08-12 20:17:46] Tag Change: ID 'A905211352A69A609ACAB541' -> Floor 'Unknown'
[2026-08-12 20:17:50] Tag Change: ID '00E2004718A58068218EA301' -> Floor '3'
[2026-08-12 20:17:51] Status Updated: Floor '3'
[2026-08-12 20:17:56] Tag Change: ID '00E20047177A7068217BF201' -> Floor '9'
[2026-08-12 20:17:58] Tag Change: ID '00E20047174880682178D301' -> Floor '10'
[2026-08-12 20:17:58] Status Updated: Floor '10'
[2026-08-12 20:17:59] Tag Change: ID '002427031027000620240000' -> Floor 'Unknown'
[2026-08-12 20:18:03] Tag Change: ID '00E200471745C0682178A701' -> Floor '10'
[2026-08-12 20:18:12] Tag Change: ID '00E2004718C4B06821909601' -> Floor 'Unknown'
[2026-08-12 20:18:14] Tag Change: ID '00E2004717767068217BB201' -> Floor '8'
[2026-08-12 20:18:16] Tag Change: ID '00E20047175CC068217A1701' -> Floor '6'
[2026-08-12 20:18:17] Status Updated: Floor '6'
[2026-08-12 20:18:21] Tag Change: ID '00E20047175A40682179EF01' -> Floor '2'
[2026-08-12 20:18:21] Status Updated: Floor '2'
[2026-08-12 20:18:23] Tag Change: ID '00E200471775B068217BA601' -> Floor '1'
[2026-08-12 20:18:26] Tag Change: ID '00E2004717A00068217E4B01' -> Floor '-1'
[2026-08-12 20:18:38] Tag Change: ID '00E2004717A40068217E8B01' -> Floor '-1'
[2026-08-12 20:18:38] Tag flapping: suppressed 14 repeated tag-change log lines in the last 61s
[2026-08-12 20:18:39] Status Updated: Floor '-1'
[2026-08-12 20:18:46] Status Updated: Floor '1'
[2026-08-12 20:18:48] Tag Change: ID '00E2004717A0C068217E5701' -> Floor '3'
[2026-08-12 20:18:50] Tag Change: ID '00E2004718A2C068218E7701' -> Floor '4'
[2026-08-12 20:18:50] Status Updated: Floor '4'
[2026-08-12 20:18:51] Tag Change: ID '00E20047189E4068218E2F01' -> Floor '4'
[2026-08-12 20:19:06] Tag Change: ID '00E2004717684068217ACF01' -> Floor '5'
[2026-08-12 20:19:07] Tag Change: ID '00E2004717688068217AD301' -> Floor '5'
[2026-08-12 20:19:07] Status Updated: Floor '5'
[2026-08-12 20:19:22] Tag Change: ID '00E20047175F4068217A3F01' -> Floor '7'
[2026-08-12 20:19:23] Tag Change: ID '00E20047177A3068217BEE01' -> Floor '8'
[2026-08-12 20:19:24] Tag Change: ID '00E2004717710068217B5B00' -> Floor '8'
[2026-08-12 20:19:24] Status Updated: Floor '8'
[2026-08-12 20:19:25] Tag Change: ID '00E2004717767068217BB201' -> Floor '8'
[2026-08-12 20:19:41] Tag Change: ID '00E20047175A80682179F301' -> Floor '4'
[2026-08-12 20:19:42] Status Updated: Floor '4'
[2026-08-12 20:19:43] Status Updated: Floor '3'
[2026-08-12 20:19:44] Tag Change: ID '00E200471768C068217AD701' -> Floor '1'
[2026-08-12 20:19:46] Tag Change: ID '00E2004717AC4068217F0F01' -> Floor '-1'
[2026-08-12 20:19:46] Tag flapping: suppressed 7 repeated tag-change log lines in the last 60s
[2026-08-12 20:19:48] Tag Change: ID '00E2004717A00068217E4B01' -> Floor '-1'
[2026-08-12 20:19:49] Status Updated: Floor '-1'
[2026-08-12 20:19:58] Tag Change: ID '00E2004717A40068217E8B01' -> Floor '-1'
[2026-08-12 20:20:19] Tag Change: ID '00E20047176CC068217B1701' -> Floor '1'
[2026-08-12 20:20:21] Tag Change: ID '00E20047179C4068217E0F01' -> Floor '2'
[2026-08-12 20:20:21] Tag Change: ID '00E2004717A0C068217E5701' -> Floor '3'
[2026-08-12 20:20:24] Tag Change: ID '00E2004718A58068218EA301' -> Floor '3'
[2026-08-12 20:20:25] Status Updated: Floor '3'
[2026-08-12 20:21:02] Tag Change: ID '00E200471775B068217BA601' -> Floor '1'
[2026-08-12 20:21:06] Tag Change: ID '00E20047175A80682179F301' -> Floor '4'
[2026-08-12 20:21:06] Status Updated: Floor '4'
[2026-08-12 20:21:07] Tag Change: ID '00E2004717684068217ACF01' -> Floor '5'
[2026-08-12 20:21:08] Tag Change: ID '00E20047175CC068217A1701' -> Floor '6'
[2026-08-12 20:21:10] Tag Change: ID '00E20047175F4068217A3F01' -> Floor '7'
[2026-08-12 20:21:10] Status Updated: Floor '7'
[2026-08-12 20:21:11] Tag Change: ID '00E2004717710068217B5B00' -> Floor '8'
[2026-08-12 20:21:13] Tag Change: ID '00E20047174880682178D301' -> Floor '10'
[2026-08-12 20:21:14] Tag Change: ID '002427031027000620240000' -> Floor 'Unknown'
[2026-08-12 20:21:17] Tag Change: ID '00E200471745C0682178A701' -> Floor '10'
[2026-08-12 20:21:17] Tag flapping: suppressed 5 repeated tag-change log lines in the last 61s
[2026-08-12 20:21:17] Status Updated: Floor '10'
[2026-08-12 20:21:18] Tag Change: ID '0024270310270006202400' -> Floor 'Unknown'
[2026-08-12 20:21:28] Tag Change: ID '00E20047174C806821791301' -> Floor '11'
[2026-08-12 20:21:30] Tag Change: ID '00E200471753C06821798701' -> Floor '11'
[2026-08-12 20:21:30] Status Updated: Floor '11'
[2026-08-12 20:23:10] Tag Change: ID '00E200471751806821796301' -> Floor '11'
[2026-08-12 20:23:10] Tag flapping: suppressed 5 repeated tag-change log lines in the last 112s
[2026-08-12 20:23:13] Tag Change: ID '002427031027000620240000' -> Floor 'Unknown'
[2026-08-12 20:23:14] Tag Change: ID '00E200471745C0682178A701' -> Floor '10'
[2026-08-12 20:23:19] Status Updated: Floor '10'
[2026-08-12 20:23:24] Tag Change: ID '00E20047174C806821791301' -> Floor '11'
[2026-08-12 20:23:25] Status Updated: Floor '11'
[2026-08-12 20:23:27] Tag Change: ID '00E200471753C06821798701' -> Floor '11'
[2026-08-12 20:23:27] Tag Change: ID '00E20047' -> Floor 'Unknown'
[2026-08-12 20:23:50] Tag Change: ID '00E200471753C0' -> Floor 'Unknown'
[2026-08-12 20:25:44] Tag Change: ID '00E200471751806821796301' -> Floor '11'
[2026-08-12 20:25:44] Tag flapping: suppressed 6 repeated tag-change log lines in the last 148s
[2026-08-12 20:25:45] Tag Change: ID '00E200471745C0682178A701' -> Floor '10'
[2026-08-12 20:25:46] Tag Change: ID '00E2004718C4B06821909601' -> Floor 'Unknown'
[2026-08-12 20:25:48] Tag Change: ID '00E2004717773068217BBE01' -> Floor '9'
[2026-08-12 20:25:49] Tag Change: ID '00E2004717767068217BB201' -> Floor '8'
[2026-08-12 20:25:54] Status Updated: Floor '8'
[2026-08-12 20:26:02] Tag Change: ID '00E20047177A3068217BEE01' -> Floor '8'
[2026-08-12 20:26:04] Tag Change: ID '00E20047175F4068217A3F01' -> Floor '7'
[2026-08-12 20:26:08] Tag Change: ID '00E2004717A0C068217E5701' -> Floor '3'
[2026-08-12 20:26:10] Tag Change: ID '00E20047176CC068217B1701' -> Floor '1'
[2026-08-12 20:26:14] Tag Change: ID '00E2004717A00068217E4B01' -> Floor '-1'
[2026-08-12 20:26:15] Tag Change: ID '00E2004717A40068217E8B01' -> Floor '-1'
[2026-08-12 20:26:16] Status Updated: Floor '-1'
[2026-08-12 20:27:17] Tag Change: ID '00E200471736C0682177B701' -> Floor '-1'
[2026-08-12 20:27:18] Tag Change: ID '00E2004717AC4068217F0F01' -> Floor '-1'
[2026-08-12 20:27:19] Tag Change: ID '00E200471775B068217BA601' -> Floor '1'
[2026-08-12 20:27:20] Tag Change: ID '00E20047176CC068217B1701' -> Floor '1'
[2026-08-12 20:27:21] Status Updated: Floor '1'
[2026-08-12 20:27:22] Tag Change: ID '00E2004717A0C068217E5701' -> Floor '3'
[2026-08-12 20:27:23] Tag Change: ID '00E20047175A80682179F301' -> Floor '4'
[2026-08-12 20:27:23] Tag Change: ID '00E2004718A2C068218E7701' -> Floor '4'
[2026-08-12 20:27:23] Status Updated: Floor '4'
[2026-08-12 20:27:26] Tag Change: ID '00E20047175CC068217A1701' -> Floor '6'
[2026-08-12 20:27:26] Status Updated: Floor '6'
[2026-08-12 20:27:27] Tag Change: ID '00E2004717964068217DAF01' -> Floor '6'
[2026-08-12 20:28:05] Tag Change: ID '00E200471777F068217BCA01' -> Floor 'Unknown'
[2026-08-12 20:28:06] Tag Change: ID '00E2004717684068217ACF01' -> Floor '5'
[2026-08-12 20:28:09] Tag Change: ID '00E20047189E4068218E2F01' -> Floor '4'
[2026-08-12 20:28:10] Status Updated: Floor '4'
[2026-08-12 20:28:22] Tag Change: ID '00E2004718A58068218EA301' -> Floor '3'
[2026-08-12 20:28:23] Status Updated: Floor '3'
[2026-08-12 20:28:24] Tag Change: ID '00E200471741406821785F01' -> Floor '2'
[2026-08-12 20:28:25] Status Updated: Floor '2'
[2026-08-12 20:28:32] Tag Change: ID '00E2004717A40068217E8B01' -> Floor '-1'
[2026-08-12 20:28:33] Status Updated: Floor '-1'
[2026-08-12 20:28:53] Tag Change: ID '00E2004707E01060270EE401' -> Floor '-3'
[2026-08-12 20:28:54] Status Updated: Floor '-3'
[2026-08-12 20:28:58] Tag Change: ID '00E2004707E05060270EE801' -> Floor '-3'
[2026-08-12 20:28:58] Tag Change: ID '00E2004707DF5060270ED801' -> Floor '-3'
[2026-08-12 20:29:05] Tag Change: ID '00E2004717A48068217E9301' -> Floor '-2'
[2026-08-12 20:29:17] Status Updated: Floor '-1'
[2026-08-12 20:29:31] Tag Change: ID '00E2004717A00068217E4B01' -> Floor '-1'
[2026-08-12 20:29:31] Tag flapping: suppressed 5 repeated tag-change log lines in the last 69s
[2026-08-12 20:29:35] Tag Change: ID '00E20047176CC068217B1701' -> Floor '1'
[2026-08-12 20:29:36] Status Updated: Floor '1'
[2026-08-12 20:29:37] Tag Change: ID '00E2004717A0C068217E5701' -> Floor '3'
[2026-08-12 20:29:39] Tag Change: ID '00E2004717684068217ACF01' -> Floor '5'
[2026-08-12 20:29:42] Tag Change: ID '00E2004717638068217A8301' -> Floor '7'
[2026-08-12 20:29:42] Tag Change: ID '00E20047177A3068217BEE01' -> Floor '8'
[2026-08-12 20:29:42] Status Updated: Floor '8'
[2026-08-12 20:29:43] Tag Change: ID '00E2004717767068217BB201' -> Floor '8'
[2026-08-12 20:29:45] Tag Change: ID '00E200471744006821788B01' -> Floor '9'
[2026-08-12 20:29:46] Status Updated: Floor '9'
[2026-08-12 20:30:03] Tag Change: ID '00E2004717688068217AD301' -> Floor '5'
[2026-08-12 20:30:05] Tag Change: ID '00E2004718A58068218EA301' -> Floor '3'
[2026-08-12 20:30:07] Status Updated: Floor '3'
[2026-08-12 20:30:08] Tag Change: ID '00E200471768C068217AD701' -> Floor '1'
[2026-08-12 20:30:09] Tag Change: ID '00E200471775B068217BA601' -> Floor '1'
[2026-08-12 20:30:10] Status Updated: Floor '1'
[2026-08-12 20:30:13] Tag Change: ID '00E2004717A40068217E8B01' -> Floor '-1'
[2026-08-12 20:30:14] Status Updated: Floor '-1'
[2026-08-12 20:30:44] Tag Change: ID '00E2004717A0C068217E5701' -> Floor '3'
[2026-08-12 20:30:46] Tag Change: ID '00E20047189E4068218E2F01' -> Floor '4'
[2026-08-12 20:30:46] Tag Change: ID '00E2004717684068217ACF01' -> Floor '5'
[2026-08-12 20:30:48] Tag Change: ID '00E20047175CC068217A1701' -> Floor '6'
[2026-08-12 20:30:48] Status Updated: Floor '6'
[2026-08-12 20:30:49] Tag Change: ID '00E2004717964068217DAF01' -> Floor '6'
[2026-08-12 20:31:05] Tag flapping: suppressed 4 repeated tag-change log lines in the last 64s
[2026-08-12 20:31:09] Tag Change: ID '00E200471768C068217AD701' -> Floor '1'
[2026-08-12 20:31:09] Status Updated: Floor '1'
[2026-08-12 20:31:10] Tag Change: ID '00E200471775B068217BA601' -> Floor '1'
[2026-08-12 20:31:30] Tag Change: ID '00E2004717A00068217E4B01' -> Floor '-1'
[2026-08-12 20:31:31] Tag Change: ID '00E200471736C0682177B701' -> Floor '-1'
[2026-08-12 20:31:31] Status Updated: Floor '-1'
[2026-08-12 20:31:34] Tag Change: ID '00E2004717A54068217E9F01' -> Floor '0'
[2026-08-12 20:31:36] Status Updated: Floor '0'
[2026-08-12 20:31:59] Tag Change: ID '00E20047175A40682179EF01' -> Floor '2'
[2026-08-12 20:31:59] Tag Change: ID '00E20047179C4068217E0F01' -> Floor '2'
[2026-08-12 20:32:00] Status Updated: Floor '2'
[2026-08-12 20:32:00] Tag Change: ID '00E2004717A7C068217EC701' -> Floor '3'
[2026-08-12 20:32:01] Tag Change: ID '00E20047175A80682179F301' -> Floor '4'
[2026-08-12 20:32:01] Status Updated: Floor '4'
[2026-08-12 20:32:04] Tag Change: ID '00E20047189E4068218E2F01' -> Floor '4'
[2026-08-12 20:32:15] Tag Change: ID '00E200471897C068218DC701' -> Floor '5'
[2026-08-12 20:32:15] Tag flapping: suppressed 2 repeated tag-change log lines in the last 69s
[2026-08-12 20:32:16] Tag Change: ID '00E2004717684068217ACF01' -> Floor '5'
[2026-08-12 20:32:16] Status Updated: Floor '5'
[2026-08-12 20:32:18] Tag Change: ID '00E2004717964068217DAF01' -> Floor '6'
[2026-08-12 20:32:19] Tag Change: ID '00E2004717638068217A8301' -> Floor '7'
[2026-08-12 20:32:20] Tag Change: ID '00E2004717710068217B5B00' -> Floor '8'
[2026-08-12 20:32:21] Tag Change: ID '00E2004717767068217BB201' -> Floor '8'
[2026-08-12 20:32:22] Status Updated: Floor '8'
[2026-08-12 20:32:22] Tag Change: ID '00E2004717767068217BB2' -> Floor 'Unknown'
[2026-08-12 20:32:47] Tag Change: ID '00E20047177A3068217BEE01' -> Floor '8'
[2026-08-12 20:32:50] Tag Change: ID '00E2004717688068217AD301' -> Floor '5'
[2026-08-12 20:32:53] Tag Change: ID '00E2004717A0C068217E5701' -> Floor '3'
[2026-08-12 20:32:54] Tag Change: ID '00E200471741406821785F01' -> Floor '2'
[2026-08-12 20:32:54] Status Updated: Floor '2'
[2026-08-12 20:32:56] Tag Change: ID '00E2004717A54068217E9F01' -> Floor '0'
[2026-08-12 20:32:56] Status Updated: Floor '0'
[2026-08-12 20:32:57] Tag Change: ID '00E200471736C0682177B701' -> Floor '-1'
[2026-08-12 20:32:59] Tag Change: ID '00E2004717A00068217E4B01' -> Floor '-1'
[2026-08-12 20:32:59] Status Updated: Floor '-1'
[2026-08-12 20:33:07] Tag Change: ID '00E2004717A40068217E8B01' -> Floor '-1'
[2026-08-12 20:33:17] Tag Change: ID '00E200471775B068217BA601' -> Floor '1'
[2026-08-12 20:33:17] Status Updated: Floor '1'
[2026-08-12 20:33:18] Tag Change: ID '00E20047176CC068217B1701' -> Floor '1'
[2026-08-12 20:33:21] Tag Change: ID '00E20047175A80682179F301' -> Floor '4'
[2026-08-12 20:33:21] Status Updated: Floor '4'
[2026-08-12 20:33:22] Tag Change: ID '00E20047189E4068218E2F01' -> Floor '4'
[2026-08-12 20:33:22] Tag Change: ID '00E200471897C068218DC701' -> Floor '5'
[2026-08-12 20:33:22] Tag Change: ID '00E2004717684068217ACF01' -> Floor '5'
[2026-08-12 20:33:23] Status Updated: Floor '5'
[2026-08-12 20:33:23] Tag Change: ID '00E20047175CC068217A1701' -> Floor '6'
[2026-08-12 20:33:23] Tag flapping: suppressed 4 repeated tag-change log lines in the last 60s
[2026-08-12 20:33:24] Status Updated: Floor '6'
[2026-08-12 20:33:24] Tag Change: ID '00E2004717964068217DAF01' -> Floor '6'
[2026-08-12 20:33:27] Tag Change: ID '00E2004717767068217BB201' -> Floor '8'
[2026-08-12 20:33:28] Status Updated: Floor '8'
[2026-08-12 20:33:48] Tag Change: ID '00E2004717A7C068217EC701' -> Floor '3'
[2026-08-12 20:33:48] Status Updated: Floor '3'
[2026-08-12 20:33:49] Tag Change: ID '00E200471768C068217AD701' -> Floor '1'
[2026-08-12 20:33:50] Status Updated: Floor '1'
[2026-08-12 20:33:56] Status Updated: Floor '0'
[2026-08-12 20:34:23] Tag Change: ID '00E2004717A40068217E8B01' -> Floor '-1'
[2026-08-12 20:34:25] Status Updated: Floor '-1'
[2026-08-12 20:34:36] Tag Change: ID '00E2004717A00068217E4B01' -> Floor '-1'
[2026-08-12 20:34:36] Tag flapping: suppressed 5 repeated tag-change log lines in the last 70s
[2026-08-12 20:34:41] Tag Change: ID '00E20047176CC068217B1701' -> Floor '1'
[2026-08-12 20:34:41] Tag Change: ID '00E200471741406821785F01' -> Floor '2'
[2026-08-12 20:34:43] Tag Change: ID '00E2004718A58068218EA301' -> Floor '3'
[2026-08-12 20:34:44] Status Updated: Floor '3'
[2026-08-12 20:34:46] Tag Change: ID '00E20047189E4068218E2F01' -> Floor '4'
[2026-08-12 20:34:47] Status Updated: Floor '4'
[2026-08-12 20:35:01] Tag Change: ID '00E2004717A60068217EAB01' -> Floor '7'
[2026-08-12 20:35:06] Tag Change: ID '00E200471751806821796301' -> Floor '11'
[2026-08-12 20:35:07] Tag Change: ID '00E200471753C06821798701' -> Floor '11'
[2026-08-12 20:35:08] Status Updated: Floor '11'
[2026-08-12 20:35:23] Tag Change: ID '00E20047174C806821791301' -> Floor '11'
[2026-08-12 20:35:24] Tag Change: ID '00E20047174880682178D301' -> Floor '10'
[2026-08-12 20:35:26] Tag Change: ID '00E20047177A3068217BEE01' -> Floor '8'
[2026-08-12 20:35:30] Tag Change: ID '00E20047175A80682179F301' -> Floor '4'
[2026-08-12 20:35:31] Status Updated: Floor '4'
[2026-08-12 20:35:31] Tag Change: ID '00E2004717A7C068217EC701' -> Floor '3'
[2026-08-12 20:35:31] Tag Change: ID '00E2004717A0C068217E5701' -> Floor '3'
[2026-08-12 20:35:32] Status Updated: Floor '3'
[2026-08-12 20:35:34] Tag Change: ID '00E200471775B068217BA601' -> Floor '1'
[2026-08-12 20:35:40] Status Updated: Floor '1'
[2026-08-12 20:35:44] Tag Change: ID '00E2004717A40068217E8B01' -> Floor '-1'
[2026-08-12 20:35:49] Status Updated: Floor '-1'
[2026-08-12 20:36:08] Tag Change: ID '00E2004717A00068217E4B01' -> Floor '-1'
[2026-08-12 20:36:12] Tag Change: ID '00E200471768C068217AD701' -> Floor '1'
[2026-08-12 20:36:12] Status Updated: Floor '1'
[2026-08-12 20:36:14] Tag Change: ID '00E2004718A58068218EA301' -> Floor '3'
[2026-08-12 20:36:15] Status Updated: Floor '3'
[2026-08-12 20:36:17] Tag Change: ID '00E200471777F068217BCA01' -> Floor 'Unknown'
[2026-08-12 20:36:20] Tag Change: ID '00E2004717710068217B5B00' -> Floor '8'
[2026-08-12 20:36:21] Status Updated: Floor '8'
[2026-08-12 20:36:21] Tag Change: ID '00E2004717767068217BB201' -> Floor '8'
[2026-08-12 20:36:56] Tag flapping: suppressed 3 repeated tag-change log lines in the last 86s
[2026-08-12 20:36:58] Tag Change: ID '00E2004717A60068217EAB01' -> Floor '7'
[2026-08-12 20:36:59] Tag Change: ID '00E2004717964068217DAF01' -> Floor '6'
[2026-08-12 20:36:59] Tag Change: ID '00E20047175CC068217A1701' -> Floor '6'
[2026-08-12 20:37:00] Status Updated: Floor '6'
[2026-08-12 20:37:01] Tag Change: ID '00E20047189E4068218E2F01' -> Floor '4'
[2026-08-12 20:37:02] Tag Change: ID '00E20047175A80682179F301' -> Floor '4'
[2026-08-12 20:37:02] Status Updated: Floor '4'
[2026-08-12 20:37:05] Tag Change: ID '00E20047176CC068217B1701' -> Floor '1'
[2026-08-12 20:37:06] Tag Change: ID '00E200471775B068217BA601' -> Floor '1'
[2026-08-12 20:37:06] Status Updated: Floor '1'
[2026-08-12 20:37:07] Tag Change: ID '00E2004717AC4068217F0F01' -> Floor '-1'
[2026-08-12 20:37:07] Status Updated: Floor '-1'
[2026-08-12 20:37:10] Tag Change: ID '00E2004717A40068217E8B01' -> Floor '-1'
[2026-08-12 20:37:43] Tag Change: ID '00E2004717A00068217E4B01' -> Floor '-1'
[2026-08-12 20:37:48] Tag Change: ID '00E20047179C4068217E0F01' -> Floor '2'
[2026-08-12 20:37:49] Tag Change: ID '00E2004717A7C068217EC701' -> Floor '3'
[2026-08-12 20:37:50] Tag Change: ID '00E2004718A2C068218E7701' -> Floor '4'
[2026-08-12 20:37:51] Status Updated: Floor '4'
[2026-08-12 20:37:51] Tag Change: ID '00E200471897C068218DC701' -> Floor '5'
[2026-08-12 20:37:51] Status Updated: Floor '5'
[2026-08-12 20:37:52] Tag Change: ID '00E2004717688068217AD301' -> Floor '5'
[2026-08-12 20:37:54] Status Updated: Floor '6'
[2026-08-12 20:39:40] Tag Change: ID '00E20047175CC068217A1701' -> Floor '6'
[2026-08-12 20:39:40] Tag flapping: suppressed 3 repeated tag-change log lines in the last 110s
[2026-08-12 20:39:42] Tag Change: ID '00E2004717684068217ACF01' -> Floor '5'
[2026-08-12 20:39:44] Tag Change: ID '00E2004717A7C068217EC701' -> Floor '3'
[2026-08-12 20:39:46] Tag Change: ID '00E20047176CC068217B1701' -> Floor '1'
[2026-08-12 20:39:48] Tag Change: ID '00E2004717AC4068217F0F01' -> Floor '-1'
[2026-08-12 20:39:49] Tag Change: ID '00E200471736C0682177B701' -> Floor '-1'
[2026-08-12 20:39:50] Status Updated: Floor '-1'
[2026-08-12 20:40:16] Tag Change: ID '00E2004717A40068217E8B01' -> Floor '-1'
[2026-08-12 20:41:30] Tag Change: ID '00E2004717A00068217E4B01' -> Floor '-1'
[2026-08-12 20:41:31] Tag Change: ID '00E2004717A40068217E8B01' -> Floor '-1'
[2026-08-12 20:42:24] Tag Change: ID '00E2004717AC4068217F0F01' -> Floor '-1'
[2026-08-12 20:42:25] Tag Change: ID '00E2004717A54068217E9F01' -> Floor '0'
[2026-08-12 20:42:25] Tag Change: ID '00E200471775B068217BA601' -> Floor '1'
[2026-08-12 20:42:27] Tag Change: ID '00E20047176CC068217B1701' -> Floor '1'
[2026-08-12 20:42:27] Status Updated: Floor '1'
[2026-08-12 20:42:29] Tag Change: ID '00E200471768C068217AD701' -> Floor '1'
[2026-08-12 20:42:51] Tag Change: ID '00E200471736C0682177B701' -> Floor '-1'
[2026-08-12 20:42:52] Tag Change: ID '00E2004717A00068217E4B01' -> Floor '-1'
[2026-08-12 20:42:52] Status Updated: Floor '-1'
[2026-08-12 20:43:01] Tag Change: ID '00E2004717A40068217E8B01' -> Floor '-1'
[2026-08-12 20:45:57] Tag Change: ID '00E2004717A9C068217EE701' -> Floor '-2'
[2026-08-12 20:45:57] Tag flapping: suppressed 14 repeated tag-change log lines in the last 231s
[2026-08-12 20:46:00] Tag Change: ID '00E2004707E05060270EE801' -> Floor '-3'
[2026-08-12 20:46:00] Status Updated: Floor '-3'
[2026-08-12 20:46:02] Tag Change: ID '00E2004707E01060270EE401' -> Floor '-3'
[2026-08-12 20:46:03] Tag Change: ID '00E2004707DF5060270ED801' -> Floor '-3'
[2026-08-12 20:46:54] Tag Change: ID '00E2004717AD8068217F2301' -> Floor '-2'
[2026-08-12 20:46:57] Status Updated: Floor '-2'
[2026-08-12 20:47:16] Tag Change: ID '00E2004717AC4068217F0F01' -> Floor '-1'
[2026-08-12 20:47:16] Tag flapping: suppressed 39 repeated tag-change log lines in the last 70s
[2026-08-12 20:47:16] Tag Change: ID '00E200471775B068217BA601' -> Floor '1'
[2026-08-12 20:47:17] Tag Change: ID '00E20047176CC068217B1701' -> Floor '1'
[2026-08-12 20:47:18] Status Updated: Floor '1'
[2026-08-12 20:47:18] Tag Change: ID '00E200471741406821785F01' -> Floor '2'
[2026-08-12 20:47:20] Tag Change: ID '00E2004718A58068218EA301' -> Floor '3'
[2026-08-12 20:47:20] Tag Change: ID '00E2004718A2C068218E7701' -> Floor '4'
[2026-08-12 20:47:22] Tag Change: ID '00E2004717688068217AD301' -> Floor '5'
[2026-08-12 20:47:25] Tag Change: ID '00E2004717710068217B5B00' -> Floor '8'
[2026-08-12 20:47:28] Tag Change: ID '00E20047174C806821791301' -> Floor '11'
[2026-08-12 20:47:31] Tag Change: ID '00E2004717A34068217E7F01' -> Floor '12'
[2026-08-12 20:47:31] Status Updated: Floor '12'
[2026-08-12 20:47:33] Tag Change: ID '892A266EC9144C2462288488' -> Floor 'Unknown'
[2026-08-12 20:58:44] Tag Change: ID '23E22224522A45492924893C' -> Floor 'Unknown'
[2026-08-12 20:58:44] Tag flapping: suppressed 1 repeated tag-change log lines in the last 670s
[2026-08-12 20:58:46] Tag Change: ID '00E2004717A34068217E7F01' -> Floor '12'
[2026-08-12 21:03:58] Tag Change: ID '00' -> Floor 'Unknown'
[2026-08-12 21:03:59] Tag Change: ID '00E2004717A34068217E7F01' -> Floor '12'
[2026-08-12 21:08:18] Tag Change: ID '00E200471753C06821798701' -> Floor '11'
[2026-08-12 21:08:18] Status Updated: Floor '11'
[2026-08-12 21:08:18] Tag Change: ID '00E20047174C806821791301' -> Floor '11'
[2026-08-12 21:08:19] Tag Change: ID '00E200471745C0682178A701' -> Floor '10'
[2026-08-12 21:08:19] Tag Change: ID '00E2004718C4B06821909601' -> Floor 'Unknown'
[2026-08-12 21:08:21] Tag Change: ID '00E20047177A7068217BF201' -> Floor '9'
[2026-08-12 21:08:21] Status Updated: Floor '9'
[2026-08-12 21:08:21] Tag Change: ID '00E2004717773068217BBE01' -> Floor '9'
[2026-08-12 21:08:23] Tag Change: ID '00E2004717767068217BB201' -> Floor '8'
[2026-08-12 21:08:29] Status Updated: Floor '8'
[2026-08-12 21:08:54] Tag Change: ID '00E20047177A3068217BEE01' -> Floor '8'
[2026-08-12 21:08:54] Tag Change: ID '00E20047175F4068217A3F01' -> Floor '7'
[2026-08-12 21:08:56] Tag Change: ID '00E20047175CC068217A1701' -> Floor '6'
[2026-08-12 21:08:56] Tag Change: ID '00E2004717688068217AD301' -> Floor '5'
[2026-08-12 21:08:57] Tag Change: ID '00E2004717684068217ACF01' -> Floor '5'
[2026-08-12 21:08:57] Status Updated: Floor '5'
[2026-08-12 21:08:59] Tag Change: ID '00E20047189E4068218E2F01' -> Floor '4'
[2026-08-12 21:09:00] Status Updated: Floor '4'
[2026-08-12 21:10:14] Tag Change: ID '00E200471897C068218DC701' -> Floor '5'
[2026-08-12 21:10:14] Status Updated: Floor '5'
[2026-08-12 21:10:15] Tag Change: ID '00E2004717684068217ACF01' -> Floor '5'
[2026-08-12 21:10:19] Tag Change: ID '00E2004717773068217BBE01' -> Floor '9'
[2026-08-12 21:10:22] Tag Change: ID '00E200471744006821788B01' -> Floor '9'
[2026-08-12 21:10:22] Status Updated: Floor '9'
[2026-08-12 21:10:33] Tag Change: ID '00E20047177A7068217BF201' -> Floor '9'
[2026-08-12 21:10:35] Tag Change: ID '00E2004717638068217A8301' -> Floor '7'
[2026-08-12 21:10:36] Tag Change: ID '00E20047175CC068217A1701' -> Floor '6'
[2026-08-12 21:10:37] Status Updated: Floor '6'
[2026-08-12 21:10:37] Tag Change: ID '00E200471777F068217BCA01' -> Floor 'Unknown'
[2026-08-12 21:10:37] Tag Change: ID '00E2004717688068217AD301' -> Floor '5'
[2026-08-12 21:10:38] Status Updated: Floor '5'
[2026-08-12 21:10:39] Tag Change: ID '00E2004718A58068218EA301' -> Floor '3'
[2026-08-12 21:10:39] Tag Change: ID '00E2004717A7C068217EC701' -> Floor '3'
[2026-08-12 21:10:40] Status Updated: Floor '3'
[2026-08-12 21:10:41] Tag Change: ID '00E200471768C068217AD701' -> Floor '1'
[2026-08-12 21:10:42] Tag Change: ID '00E20047176CC068217B1701' -> Floor '1'
[2026-08-12 21:10:42] Status Updated: Floor '1'
[2026-08-12 21:10:42] Tag Change: ID '00E200471775B068217BA601' -> Floor '1'
[2026-08-12 21:10:45] Tag Change: ID '00E200471736C0682177B701' -> Floor '-1'
[2026-08-12 21:10:45] Tag Change: ID '00E2004717A00068217E4B01' -> Floor '-1'
[2026-08-12 21:10:46] Status Updated: Floor '-1'
[2026-08-12 21:11:04] Tag Change: ID '00E2004717A40068217E8B01' -> Floor '-1'
[2026-08-12 21:12:41] Tag Change: ID '00E2004717A48068217E9301' -> Floor '-2'
[2026-08-12 21:12:41] Tag flapping: suppressed 4 repeated tag-change log lines in the last 127s
[2026-08-12 21:12:42] Tag Change: ID '00E2004707E01060270EE401' -> Floor '-3'
[2026-08-12 21:12:43] Tag Change: ID '00E2004707E05060270EE801' -> Floor '-3'
[2026-08-12 21:12:44] Status Updated: Floor '-3'
[2026-08-12 21:12:45] Tag Change: ID '00E2004707DF5060270ED801' -> Floor '-3'
[2026-08-12 21:13:45] Tag Change: ID '00E2004707DF5060270ED801' -> Floor '-3'
[2026-08-12 21:13:45] Tag flapping: suppressed 54 repeated tag-change log lines in the last 60s
[2026-08-12 21:13:45] Tag Change: ID '00E2004707E05060270EE801' -> Floor '-3'
[2026-08-12 21:13:51] Tag Change: ID '00E2004707E01060270EE401' -> Floor '-3'
[2026-08-12 21:14:12] Tag Change: ID '00E2004717A9C068217EE701' -> Floor '-2'
[2026-08-12 21:14:16] Tag Change: ID '00E2004717A40068217E8B01' -> Floor '-1'
[2026-08-12 21:14:36] Tag Change: ID '00E2004717A0C068217E5701' -> Floor '3'
[2026-08-12 21:14:37] Tag Change: ID '00E20047189E4068218E2F01' -> Floor '4'
[2026-08-12 21:14:39] Tag Change: ID '00E2004717688068217AD301' -> Floor '5'
[2026-08-12 21:14:39] Tag Change: ID '00E200471777F068217BCA01' -> Floor 'Unknown'
[2026-08-12 21:14:41] Tag Change: ID '00E2004717964068217DAF01' -> Floor '6'
[2026-08-12 21:14:51] Status Updated: Floor '6'
[2026-08-12 21:14:55] Tag Change: ID '00E20047175F4068217A3F01' -> Floor '7'
[2026-08-12 21:14:55] Tag flapping: suppressed 16 repeated tag-change log lines in the last 68s
[2026-08-12 21:14:56] Tag Change: ID '00E2004717773068217BBE01' -> Floor '9'
[2026-08-12 21:14:57] Tag Change: ID '00E20047177A7068217BF201' -> Floor '9'
[2026-08-12 21:14:57] Status Updated: Floor '9'
[2026-08-12 21:14:58] Tag Change: ID '00E2004718C4B06821909601' -> Floor 'Unknown'
[2026-08-12 21:15:00] Tag Change: ID '00E200471751806821796301' -> Floor '11'
[2026-08-12 21:15:01] Tag Change: ID '00E200471753C06821798701' -> Floor '11'
[2026-08-12 21:15:01] Status Updated: Floor '11'
[2026-08-12 21:15:21] Status Updated: Floor '5'
[2026-08-12 21:15:21] Tag Change: ID '00E2004717684068217ACF01' -> Floor '5'
[2026-08-12 21:15:23] Tag Change: ID '00E2004717A7C068217EC701' -> Floor '3'
[2026-08-12 21:15:39] Tag Change: ID '00E2004717A40068217E8B01' -> Floor '-1'
[2026-08-12 21:15:48] Status Updated: Floor '-1'
[2026-08-12 21:16:44] Tag Change: ID '00E2004717A00068217E4B01' -> Floor '-1'
[2026-08-12 21:16:44] Tag flapping: suppressed 4 repeated tag-change log lines in the last 90s
[2026-08-12 21:16:55] Tag Change: ID '00E2004717A40068217E8B01' -> Floor '-1'
[2026-08-12 21:18:22] Tag Change: ID '00E2004717A00068217E4B01' -> Floor '-1'
[2026-08-12 21:18:34] Tag Change: ID '00E2004717A40068217E8B01' -> Floor '-1'
[2026-08-12 21:18:49] Tag Change: ID '00E20047176CC068217B1701' -> Floor '1'
[2026-08-12 21:18:50] Status Updated: Floor '1'
[2026-08-12 21:18:51] Tag Change: ID '00E200471768C068217AD701' -> Floor '1'
[2026-08-12 21:19:52] Tag Change: ID '00E20047176CC068217B1701' -> Floor '1'
[2026-08-12 21:19:52] Tag Change: ID '00E200471768C068217AD701' -> Floor '1'
[2026-08-12 21:19:56] Tag flapping: suppressed 49 repeated tag-change log lines in the last 62s
[2026-08-12 21:20:12] Tag Change: ID '00E2004717A0C068217E5701' -> Floor '3'
[2026-08-12 21:20:12] Tag Change: ID '00E2004717A7C068217EC701' -> Floor '3'
[2026-08-12 21:20:13] Status Updated: Floor '3'
[2026-08-12 21:20:13] Tag Change: ID '00E2004718A58068218EA301' -> Floor '3'
[2026-08-12 21:20:14] Tag Change: ID '00E2004718A2C068218E7701' -> Floor '4'
[2026-08-12 21:20:16] Tag Change: ID '00E20047189E4068218E2F01' -> Floor '4'
[2026-08-12 21:20:16] Status Updated: Floor '4'
[2026-08-12 21:20:54] Tag Change: ID '00E20047175A80682179F301' -> Floor '4'
[2026-08-12 21:20:56] Tag Change: ID '00E20047175A40682179EF01' -> Floor '2'
[2026-08-12 21:20:57] Tag Change: ID '00E20047176CC068217B1701' -> Floor '1'
[2026-08-12 21:20:57] Tag flapping: suppressed 13 repeated tag-change log lines in the last 60s
[2026-08-12 21:21:09] Tag Change: ID '00E2004717A40068217E8B01' -> Floor '-1'
[2026-08-12 21:21:36] Status Updated: Floor '-1'
[2026-08-12 21:25:33] Tag Change: ID '00E2004717A00068217E4B01' -> Floor '-1'
[2026-08-12 21:25:44] Tag Change: ID '00E2004717A40068217E8B01' -> Floor '-1'
[2026-08-12 21:26:16] Tag Change: ID '00E200471768C068217AD701' -> Floor '1'
[2026-08-12 21:26:17] Tag Change: ID '00E2004717A7C068217EC701' -> Floor '3'
[2026-08-12 21:26:18] Tag Change: ID '00E2004718A2C068218E7701' -> Floor '4'
[2026-08-12 21:26:19] Tag Change: ID '00E200471897C068218DC701' -> Floor '5'
[2026-08-12 21:26:20] Tag Change: ID '00E200471777F068217BCA01' -> Floor 'Unknown'
[2026-08-12 21:26:22] Tag Change: ID '00E2004717964068217DAF01' -> Floor '6'
[2026-08-12 21:26:23] Status Updated: Floor '6'
[2026-08-12 21:26:37] Tag Change: ID '00E20047175CC068217A1701' -> Floor '6'
[2026-08-12 21:26:41] Tag Change: ID '00E20047175A80682179F301' -> Floor '4'
[2026-08-12 21:26:41] Status Updated: Floor '4'
[2026-08-12 21:26:43] Tag Change: ID '00E20047176CC068217B1701' -> Floor '1'
[2026-08-12 21:26:44] Status Updated: Floor '1'
[2026-08-12 21:26:47] Tag Change: ID '00E2004717A00068217E4B01' -> Floor '-1'
[2026-08-12 21:27:02] Tag Change: ID '00E2004717A40068217E8B01' -> Floor '-1'
[2026-08-12 21:27:02] Status Updated: Floor '-1'
[2026-08-12 21:27:18] Tag Change: ID '00E2004707DF5060270ED801' -> Floor '-3'
[2026-08-12 21:27:18] Tag flapping: suppressed 3 repeated tag-change log lines in the last 66s
[2026-08-12 21:27:20] Tag Change: ID '00E2004707E05060270EE801' -> Floor '-3'
[2026-08-12 21:27:20] Status Updated: Floor '-3'
[2026-08-12 21:27:20] Tag Change: ID '00E2004707E01060270EE401' -> Floor '-3'
[2026-08-12 21:27:50] Status Updated: Floor '-1'
[2026-08-12 21:28:36] Tag Change: ID '00E2004717A48068217E9301' -> Floor '-2'
[2026-08-12 21:28:36] Tag flapping: suppressed 8 repeated tag-change log lines in the last 68s
[2026-08-12 21:28:38] Tag Change: ID '00E2004707E01060270EE401' -> Floor '-3'
[2026-08-12 21:28:40] Status Updated: Floor '-3'
[2026-08-12 21:28:41] Tag Change: ID '00E2004707E05060270EE801' -> Floor '-3'
[2026-08-12 21:28:47] Tag Change: ID '00E2004707DF5060270ED801' -> Floor '-3'
[2026-08-12 21:28:55] Tag Change: ID '00E2004717A9C068217EE701' -> Floor '-2'
[2026-08-12 21:28:55] Status Updated: Floor '-2'
[2026-08-12 21:29:00] Tag Change: ID '00E2004717A40068217E8B01' -> Floor '-1'
[2026-08-12 21:29:07] Status Updated: Floor '-1'
[2026-08-12 21:29:20] Tag Change: ID '00E2004717A00068217E4B01' -> Floor '-1'
[2026-08-12 21:29:28] Tag Change: ID '00E2004717684068217ACF01' -> Floor '5'
[2026-08-12 21:29:29] Tag Change: ID '00E200471777F068217BCA01' -> Floor 'Unknown'
[2026-08-12 21:29:29] Tag Change: ID '00E20047175CC068217A1701' -> Floor '6'
[2026-08-12 21:29:30] Tag Change: ID '00E2004717A60068217EAB01' -> Floor '7'
[2026-08-12 21:29:31] Tag Change: ID '00E2004717710068217B5B00' -> Floor '8'
[2026-08-12 21:29:32] Tag Change: ID '00E20047177A7068217BF201' -> Floor '9'
[2026-08-12 21:29:34] Tag Change: ID '00E200471744006821788B01' -> Floor '9'
[2026-08-12 21:29:34] Status Updated: Floor '9'
[2026-08-12 21:30:10] Tag Change: ID '00E2004717767068217BB201' -> Floor '8'
[2026-08-12 21:30:10] Tag flapping: suppressed 8 repeated tag-change log lines in the last 87s
[2026-08-12 21:30:15] Status Updated: Floor '8'
[2026-08-12 21:30:33] Tag Change: ID '00E20047175F4068217A3F01' -> Floor '7'
[2026-08-12 21:30:34] Tag Change: ID '00E20047175CC068217A1701' -> Floor '6'
[2026-08-12 21:30:40] Tag Change: ID '00E20047189E4068218E2F01' -> Floor '4'
[2026-08-12 21:30:42] Status Updated: Floor '4'
[2026-08-12 21:31:26] Tag Change: ID '00E2004717A7C068217EC701' -> Floor '3'
[2026-08-12 21:31:26] Tag Change: ID '00E20047179C4068217E0F01' -> Floor '2'
[2026-08-12 21:31:30] Tag Change: ID '00E2004717AC4068217F0F01' -> Floor '-1'
[2026-08-12 21:31:32] Tag Change: ID '00E2004717A00068217E4B01' -> Floor '-1'
[2026-08-12 21:31:32] Tag flapping: suppressed 1 repeated tag-change log lines in the last 61s
[2026-08-12 21:31:32] Status Updated: Floor '-1'
[2026-08-12 21:31:33] Tag Change: ID '00E2004717A40068217E8B01' -> Floor '-1'
[2026-08-12 21:32:13] Tag Change: ID '00E200471736C0682177B701' -> Floor '-1'
[2026-08-12 21:32:15] Tag Change: ID '00E2004717A54068217E9F01' -> Floor '0'
[2026-08-12 21:32:19] Tag Change: ID '00E20047175A80682179F301' -> Floor '4'
[2026-08-12 21:32:21] Tag Change: ID '00E20047175CC068217A1701' -> Floor '6'
[2026-08-12 21:32:23] Tag Change: ID '00E2004717638068217A8301' -> Floor '7'
[2026-08-12 21:32:24] Tag Change: ID '00E2004717710068217B5B00' -> Floor '8'
[2026-08-12 21:32:25] Tag Change: ID '00E2004717767068217BB201' -> Floor '8'
[2026-08-12 21:32:25] Status Updated: Floor '8'
[2026-08-12 21:32:37] Tag Change: ID '00E2004717773068217BBE01' -> Floor '9'
[2026-08-12 21:32:37] Status Updated: Floor '9'
[2026-08-12 21:32:38] Tag Change: ID '00E20047177A7068217BF201' -> Floor '9'
[2026-08-12 21:32:39] Tag Change: ID '00E200471744006821788B01' -> Floor '9'
[2026-08-12 21:32:55] Tag Change: ID '00E20047174880682178D301' -> Floor '10'
[2026-08-12 21:32:55] Tag Change: ID '002427031027000620240000' -> Floor 'Unknown'
[2026-08-12 21:32:56] Tag Change: ID '00E200471745C0682178A701' -> Floor '10'
[2026-08-12 21:32:56] Status Updated: Floor '10'
[2026-08-12 21:33:18] Tag flapping: suppressed 8 repeated tag-change log lines in the last 65s
[2026-08-12 21:33:20] Tag Change: ID '00E2004718C4B06821909601' -> Floor 'Unknown'
[2026-08-12 21:33:21] Status Updated: Floor '9'
[2026-08-12 21:33:43] Status Updated: Floor '10'
[2026-08-12 21:34:03] Tag Change: ID '00E200471745C0682178A701' -> Floor '10'
[2026-08-12 21:34:03] Tag Change: ID '002427031027000620240000' -> Floor 'Unknown'
[2026-08-12 21:34:21] Tag flapping: suppressed 13 repeated tag-change log lines in the last 60s
[2026-08-12 21:34:24] Tag Change: ID '00E2004718C4B06821909601' -> Floor 'Unknown'
[2026-08-12 21:34:29] Tag Change: ID '00E200471744006821788B01' -> Floor '9'
[2026-08-12 21:34:31] Status Updated: Floor '9'
[2026-08-12 21:34:42] Tag Change: ID '00E2004717767068217BB201' -> Floor '8'
[2026-08-12 21:34:42] Tag Change: ID '00E2004717710068217B5B00' -> Floor '8'
[2026-08-12 21:34:42] Status Updated: Floor '8'
[2026-08-12 21:34:43] Tag Change: ID '00E20047175F4068217A3F01' -> Floor '7'
[2026-08-12 21:34:47] Tag Change: ID '00E2004718A2C068218E7701' -> Floor '4'
[2026-08-12 21:34:47] Tag Change: ID '00E20047175A80682179F301' -> Floor '4'
[2026-08-12 21:34:47] Status Updated: Floor '4'
[2026-08-12 21:34:50] Tag Change: ID '00E20047176CC068217B1701' -> Floor '1'
[2026-08-12 21:34:51] Tag Change: ID '00E2004717A54068217E9F01' -> Floor '0'
[2026-08-12 21:34:56] Tag Change: ID '00E2004717A40068217E8B01' -> Floor '-1'
[2026-08-12 21:35:00] Status Updated: Floor '-1'
[2026-08-12 21:35:53] Tag Change: ID '00E2004717A54068217E9F01' -> Floor '0'
[2026-08-12 21:35:53] Tag flapping: suppressed 1 repeated tag-change log lines in the last 92s
[2026-08-12 21:35:54] Tag Change: ID '00E200471775B068217BA601' -> Floor '1'
[2026-08-12 21:35:54] Status Updated: Floor '1'
[2026-08-12 21:35:55] Tag Change: ID '00E20047176CC068217B1701' -> Floor '1'
[2026-08-12 21:35:55] Tag Change: ID '00E200471768C068217AD701' -> Floor '1'
[2026-08-12 21:35:56] Tag Change: ID '00E20047179C4068217E0F01' -> Floor '2'
[2026-08-12 21:35:59] Tag Change: ID '00E2004717684068217ACF01' -> Floor '5'
[2026-08-12 21:35:59] Status Updated: Floor '5'
[2026-08-12 21:36:01] Tag Change: ID '00E2004717964068217DAF01' -> Floor '6'
[2026-08-12 21:36:01] Tag Change: ID '00E20047175F4068217A3F01' -> Floor '7'
[2026-08-12 21:36:02] Tag Change: ID '00E2004717638068217A8301' -> Floor '7'
[2026-08-12 21:36:02] Status Updated: Floor '7'
[2026-08-12 21:36:04] Tag Change: ID '00E2004718C4B06821909601' -> Floor 'Unknown'
[2026-08-12 21:36:06] Tag Change: ID '002427031027000620240000' -> Floor 'Unknown'
[2026-08-12 21:36:25] Tag Change: ID '00E200471745C0682178A701' -> Floor '10'
[2026-08-12 21:36:45] Status Updated: Floor '10'
[2026-08-12 21:37:09] Tag Change: ID '002427031027000620240000' -> Floor 'Unknown'
[2026-08-12 21:37:33] Tag Change: ID '00E200471745C0682178A701' -> Floor '10'
[2026-08-12 21:37:33] Tag flapping: suppressed 22 repeated tag-change log lines in the last 68s
[2026-08-12 21:38:13] Tag Change: ID '002427031027000620240000' -> Floor 'Unknown'
[2026-08-12 21:38:35] Tag Change: ID '00E20047174880682178D301' -> Floor '10'
[2026-08-12 21:38:35] Tag flapping: suppressed 24 repeated tag-change log lines in the last 60s
[2026-08-12 21:38:38] Tag Change: ID '00E2004717767068217BB201' -> Floor '8'
[2026-08-12 21:38:40] Status Updated: Floor '8'
[2026-08-12 21:38:51] Tag Change: ID '00E2004717710068217B5B00' -> Floor '8'
[2026-08-12 21:38:52] Tag Change: ID '00E20047175F4068217A3F01' -> Floor '7'
[2026-08-12 21:38:55] Tag Change: ID '00E2004717684068217ACF01' -> Floor '5'
[2026-08-12 21:38:55] Tag Change: ID '00E200471897C068218DC701' -> Floor '5'
[2026-08-12 21:38:55] Status Updated: Floor '5'
[2026-08-12 21:38:59] Tag Change: ID '00E200471768C068217AD701' -> Floor '1'
[2026-08-12 21:38:59] Status Updated: Floor '1'
[2026-08-12 21:39:00] Tag Change: ID '00E200471775B068217BA601' -> Floor '1'
[2026-08-12 21:39:04] Tag Change: ID '00E2004717A40068217E8B01' -> Floor '-1'
[2026-08-12 21:39:06] Status Updated: Floor '-1'
[2026-08-12 21:39:11] Tag Change: ID '00E2004717A00068217E4B01' -> Floor '-1'
[2026-08-12 21:39:18] Tag Change: ID '00E200471736C0682177B701' -> Floor '-1'
[2026-08-12 21:39:23] Tag Change: ID '00E2004717A0C068217E5701' -> Floor '3'
[2026-08-12 21:39:24] Status Updated: Floor '3'
[2026-08-12 21:39:24] Tag Change: ID '00E2004717A7C068217EC701' -> Floor '3'
[2026-08-12 21:39:25] Tag Change: ID '00E2004718A58068218EA301' -> Floor '3'
[2026-08-12 21:39:40] Tag Change: ID '00' -> Floor 'Unknown'
[2026-08-12 21:40:01] Tag Change: ID '00E20047175A80682179F301' -> Floor '4'
[2026-08-12 21:40:01] Status Updated: Floor '4'
[2026-08-12 21:40:02] Tag Change: ID '00E20047189E4068218E2F01' -> Floor '4'
[2026-08-12 21:40:06] Tag Change: ID '00E20047177A3068217BEE01' -> Floor '8'
[2026-08-12 21:40:06] Tag Change: ID '00E2004717710068217B5B00' -> Floor '8'
[2026-08-12 21:40:07] Status Updated: Floor '8'
[2026-08-12 21:40:07] Tag Change: ID '00E20047177A7068217BF201' -> Floor '9'
[2026-08-12 21:40:09] Tag Change: ID '00E200471744006821788B01' -> Floor '9'
[2026-08-12 21:40:09] Status Updated: Floor '9'
[2026-08-12 21:40:22] Tag flapping: suppressed 4 repeated tag-change log lines in the last 69s
[2026-08-12 21:40:26] Tag Change: ID '00E20047175CC068217A1701' -> Floor '6'
[2026-08-12 21:40:29] Tag Change: ID '00E2004718A58068218EA301' -> Floor '3'
[2026-08-12 21:40:29] Tag Change: ID '00E2004717A0C068217E5701' -> Floor '3'
[2026-08-12 21:40:30] Status Updated: Floor '3'
[2026-08-12 21:40:32] Tag Change: ID '00E200471775B068217BA601' -> Floor '1'
[2026-08-12 21:40:38] Tag Change: ID '00E2004717A48068217E9301' -> Floor '-2'
[2026-08-12 21:40:39] Tag Change: ID '00E2004707DF5060270ED801' -> Floor '-3'
[2026-08-12 21:40:40] Tag Change: ID '00E2004707E01060270EE401' -> Floor '-3'
[2026-08-12 21:40:41] Status Updated: Floor '-3'
[2026-08-12 21:40:42] Tag Change: ID '00E2004707E05060270EE801' -> Floor '-3'
[2026-08-12 21:41:40] Tag Change: ID '00E2004707E01060270EE401' -> Floor '-3'
[2026-08-12 21:41:45] Tag Change: ID '00E2004707E05060270EE801' -> Floor '-3'
[2026-08-12 21:41:45] Tag flapping: suppressed 41 repeated tag-change log lines in the last 61s
[2026-08-12 21:41:47] Tag Change: ID '00E2004707DF5060270ED801' -> Floor '-3'
[2026-08-12 21:42:24] Tag Change: ID '00E2004717A40068217E8B01' -> Floor '-1'
[2026-08-12 21:42:31] Status Updated: Floor '-1'
[2026-08-12 21:42:32] Tag Change: ID '00E2004717A00068217E4B01' -> Floor '-1'
[2026-08-12 21:42:38] Tag Change: ID '00E200471768C068217AD701' -> Floor '1'
[2026-08-12 21:42:38] Tag Change: ID '00E20047176CC068217B1701' -> Floor '1'
[2026-08-12 21:42:38] Status Updated: Floor '1'
[2026-08-12 21:42:48] Tag flapping: suppressed 31 repeated tag-change log lines in the last 60s
[2026-08-12 21:43:17] Tag Change: ID '00E200471775B068217BA601' -> Floor '1'
[2026-08-12 21:43:18] Tag Change: ID '00E2004717A54068217E9F01' -> Floor '0'
[2026-08-12 21:43:26] Status Updated: Floor '-1'
[2026-08-12 21:43:42] Tag Change: ID '00E2004717A48068217E9301' -> Floor '-2'
[2026-08-12 21:43:43] Tag Change: ID '00E2004707DF5060270ED801' -> Floor '-3'
[2026-08-12 21:43:45] Tag Change: ID '00E2004707E01060270EE401' -> Floor '-3'
[2026-08-12 21:43:45] Status Updated: Floor '-3'
[2026-08-12 21:43:47] Tag Change: ID '00E2004707E05060270EE801' -> Floor '-3'
[2026-08-12 21:43:50] Tag flapping: suppressed 17 repeated tag-change log lines in the last 61s
[2026-08-12 21:44:02] Tag Change: ID '00E2' -> Floor 'Unknown'
[2026-08-12 21:44:47] Tag Change: ID '00E2004707E05060270EE801' -> Floor '-3'
[2026-08-12 21:44:47] Tag Change: ID '00E2004707E01060270EE401' -> Floor '-3'
[2026-08-12 21:44:50] Tag flapping: suppressed 43 repeated tag-change log lines in the last 60s
[2026-08-12 21:45:12] Tag Change: ID '00E2004707DF5060270ED801' -> Floor '-3'
[2026-08-12 21:45:32] Tag Change: ID '00E2004717A40068217E8B01' -> Floor '-1'
[2026-08-12 21:45:44] Tag Change: ID '00E2004717A00068217E4B01' -> Floor '-1'
[2026-08-12 21:45:44] Status Updated: Floor '-1'
[2026-08-12 21:45:56] Tag Change: ID '00E2004717A54068217E9F01' -> Floor '0'
[2026-08-12 21:45:56] Tag flapping: suppressed 24 repeated tag-change log lines in the last 64s
[2026-08-12 21:45:56] Tag Change: ID '00E200471775B068217BA601' -> Floor '1'
[2026-08-12 21:45:59] Tag Change: ID '00E20047179C4068217E0F01' -> Floor '2'
[2026-08-12 21:46:00] Tag Change: ID '00E2004718A58068218EA301' -> Floor '3'
[2026-08-12 21:46:02] Tag Change: ID '00E2004717688068217AD301' -> Floor '5'
[2026-08-12 21:46:02] Tag Change: ID '00E20047175CC068217A1701' -> Floor '6'
[2026-08-12 21:46:04] Tag Change: ID '00E2004717638068217A8301' -> Floor '7'
[2026-08-12 21:46:04] Tag Change: ID '00E20047177A3068217BEE01' -> Floor '8'
[2026-08-12 21:46:07] Tag Change: ID '00E2004717767068217BB201' -> Floor '8'
[2026-08-12 21:46:07] Status Updated: Floor '8'
[2026-08-12 21:47:25] Tag Change: ID '00E2004717638068217A8301' -> Floor '7'
[2026-08-12 21:47:27] Tag Change: ID '00E200471777F068217BCA01' -> Floor 'Unknown'
[2026-08-12 21:47:29] Tag Change: ID '00E20047175A80682179F301' -> Floor '4'
[2026-08-12 21:47:30] Tag Change: ID '00E2004717A0C068217E5701' -> Floor '3'
[2026-08-12 21:47:30] Status Updated: Floor '3'
[2026-08-12 21:47:31] Tag Change: ID '00E20047175A40682179EF01' -> Floor '2'
[2026-08-12 21:47:33] Tag Change: ID '00E200471775B068217BA601' -> Floor '1'
[2026-08-12 21:47:34] Tag Change: ID '00E2004717AC4068217F0F01' -> Floor '-1'
[2026-08-12 21:47:36] Tag Change: ID '00E2004717A00068217E4B01' -> Floor '-1'
[2026-08-12 21:47:36] Status Updated: Floor '-1'
[2026-08-12 21:47:41] Tag Change: ID '00E2004717A40068217E8B01' -> Floor '-1'
[2026-08-12 21:47:59] Tag Change: ID '00E20047176CC068217B1701' -> Floor '1'
[2026-08-12 21:48:00] Status Updated: Floor '1'
[2026-08-12 21:48:05] Tag Change: ID '00E20047189E4068218E2F01' -> Floor '4'
[2026-08-12 21:48:06] Status Updated: Floor '4'
[2026-08-12 21:50:05] Tag Change: ID '00E20047189E' -> Floor 'Unknown'
[2026-08-12 21:50:05] Tag flapping: suppressed 4 repeated tag-change log lines in the last 127s
[2026-08-12 21:50:05] Tag Change: ID '00E20047189E4068218E2F01' -> Floor '4'
[2026-08-12 21:52:21] Tag Change: ID '00E2004718A58068218EA301' -> Floor '3'
[2026-08-12 21:52:23] Tag Change: ID '00E20047175A40682179EF01' -> Floor '2'
[2026-08-12 21:52:23] Tag Change: ID '00E200471768C068217AD701' -> Floor '1'
[2026-08-12 21:52:24] Status Updated: Floor '1'
[2026-08-12 21:52:25] Tag Change: ID '00E2004717A54068217E9F01' -> Floor '0'
[2026-08-12 21:52:27] Tag Change: ID '00E200471736C0682177B701' -> Floor '-1'
[2026-08-12 21:52:32] Tag Change: ID '00E2004707DF5060270ED801' -> Floor '-3'
[2026-08-12 21:52:33] Status Updated: Floor '-3'
[2026-08-12 21:52:33] Tag Change: ID '00E2004707E05060270EE801' -> Floor '-3'
[2026-08-12 21:52:33] Tag Change: ID '00E2004707E01060270EE401' -> Floor '-3'
[2026-08-12 21:53:36] Tag Change: ID '00E2004717A40068217E8B01' -> Floor '-1'
[2026-08-12 21:53:36] Tag flapping: suppressed 38 repeated tag-change log lines in the last 62s
[2026-08-12 21:53:42] Status Updated: Floor '-1'
[2026-08-12 21:53:57] Tag Change: ID '00E2004707E01060270EE401' -> Floor '-3'
[2026-08-12 21:54:02] Status Updated: Floor '-3'
[2026-08-12 21:54:04] Tag Change: ID '00E2004707E05060270EE801' -> Floor '-3'
[2026-08-12 21:54:06] Tag Change: ID '00E2004707DF5060270ED801' -> Floor '-3'
[2026-08-12 21:54:58] Tag Change: ID '00E2004707E01060270EE401' -> Floor '-3'
[2026-08-12 21:55:05] Tag flapping: suppressed 45 repeated tag-change log lines in the last 60s
[2026-08-12 21:55:06] Tag Change: ID '00E2004707E05060270EE801' -> Floor '-3'
[2026-08-12 21:55:16] Tag Change: ID '00E2004707DF5060270ED801' -> Floor '-3'
[2026-08-12 21:55:51] Tag Change: ID '00E20047176CC068217B1701' -> Floor '1'
[2026-08-12 21:55:55] Tag Change: ID '00E20047179C4068217E0F01' -> Floor '2'
[2026-08-12 21:55:56] Status Updated: Floor '2'
[2026-08-12 21:56:08] Tag Change: ID '00E2004717A0C068217E5701' -> Floor '3'
[2026-08-12 21:56:08] Tag flapping: suppressed 28 repeated tag-change log lines in the last 62s
[2026-08-12 21:56:09] Tag Change: ID '00E2004717A7C068217EC701' -> Floor '3'
[2026-08-12 21:56:09] Status Updated: Floor '3'
[2026-08-12 21:56:10] Tag Change: ID '00E2004718A58068218EA301' -> Floor '3'
[2026-08-12 21:56:36] Status Updated: Floor '2'
[2026-08-12 21:56:48] Status Updated: Floor '3'
[2026-08-12 21:57:16] Tag Change: ID '00E20047176CC068217B1701' -> Floor '1'
[2026-08-12 21:57:17] Tag Change: ID '00E200471775B068217BA601' -> Floor '1'
[2026-08-12 21:57:17] Status Updated: Floor '1'
[2026-08-12 21:57:18] Tag Change: ID '00E2004717AC4068217F0F01' -> Floor '-1'
[2026-08-12 21:57:31] Tag Change: ID '00E2004717AD8068217F2301' -> Floor '-2'
[2026-08-12 21:57:37] Tag Change: ID '00E2004707E05060270EE801' -> Floor '-3'
[2026-08-12 21:57:37] Tag flapping: suppressed 3 repeated tag-change log lines in the last 61s
[2026-08-12 21:57:38] Status Updated: Floor '-3'
[2026-08-12 21:57:39] Tag Change: ID '00E2004707E01060270EE401' -> Floor '-3'
[2026-08-12 21:57:40] Tag Change: ID '00E2004707DF5060270ED801' -> Floor '-3'
[2026-08-12 21:57:48] Tag Change: ID '00E2004717A48068217E9301' -> Floor '-2'
[2026-08-12 21:58:01] Tag Change: ID '00E2004717A40068217E8B01' -> Floor '-1'
[2026-08-12 21:58:12] Tag Change: ID '00E2004717A7C068217EC701' -> Floor '3'
[2026-08-12 21:58:13] Tag Change: ID '00E20047175A80682179F301' -> Floor '4'
[2026-08-12 21:58:14] Tag Change: ID '00E200471897C068218DC701' -> Floor '5'
[2026-08-12 21:58:14] Tag Change: ID '00E2004717684068217ACF01' -> Floor '5'
[2026-08-12 21:58:15] Status Updated: Floor '5'
[2026-08-12 21:58:17] Tag Change: ID '00E20047177A3068217BEE01' -> Floor '8'
[2026-08-12 21:58:20] Tag Change: ID '00E2004717767068217BB201' -> Floor '8'
[2026-08-12 21:58:20] Status Updated: Floor '8'
[2026-08-12 21:58:38] Tag Change: ID '00E2004717767068217BB2' -> Floor 'Unknown'
[2026-08-12 21:58:46] Tag Change: ID '00E200471744006821788B01' -> Floor '9'
[2026-08-12 21:58:46] Tag flapping: suppressed 7 repeated tag-change log lines in the last 66s
[2026-08-12 21:58:47] Status Updated: Floor '9'
[2026-08-12 21:58:59] Tag Change: ID '00E2004717773068217BBE01' -> Floor '9'
[2026-08-12 21:59:00] Status Updated: Floor '8'
[2026-08-12 21:59:01] Tag Change: ID '00E2004717964068217DAF01' -> Floor '6'
[2026-08-12 21:59:02] Tag Change: ID '00E20047175CC068217A1701' -> Floor '6'
[2026-08-12 21:59:02] Status Updated: Floor '6'
[2026-08-12 21:59:05] Tag Change: ID '00E2004717A0C068217E5701' -> Floor '3'
[2026-08-12 21:59:07] Tag Change: ID '00E200471768C068217AD701' -> Floor '1'
[2026-08-12 21:59:07] Tag Change: ID '00E20047176CC068217B1701' -> Floor '1'
[2026-08-12 21:59:08] Status Updated: Floor '1'
[2026-08-12 21:59:08] Tag Change: ID '00E200471775B068217BA601' -> Floor '1'
[2026-08-12 21:59:09] Tag Change: ID '00E2004717A54068217E9F01' -> Floor '0'
[2026-08-12 21:59:11] Tag Change: ID '00E2004717A00068217E4B01' -> Floor '-1'
[2026-08-12 21:59:16] Tag Change: ID '00E2004717A40068217E8B01' -> Floor '-1'
[2026-08-12 21:59:16] Status Updated: Floor '-1'
[2026-08-12 21:59:58] Tag Change: ID '00E2004707DF5060270ED801' -> Floor '-3'
[2026-08-12 22:00:01] Tag Change: ID '00E2004707E05060270EE801' -> Floor '-3'
[2026-08-12 22:00:01] Tag flapping: suppressed 2 repeated tag-change log lines in the last 61s
[2026-08-12 22:00:02] Status Updated: Floor '-3'
[2026-08-12 22:00:02] Tag Change: ID '00E2004707E01060270EE401' -> Floor '-3'
[2026-08-12 22:01:02] Tag Change: ID '00E2004707E05060270EE801' -> Floor '-3'
[2026-08-12 22:01:03] Tag Change: ID '00E2004707E01060270EE401' -> Floor '-3'
[2026-08-12 22:01:03] Tag flapping: suppressed 55 repeated tag-change log lines in the last 60s
[2026-08-12 22:01:13] Tag Change: ID '00E2004707DF5060270ED801' -> Floor '-3'
[2026-08-12 22:01:34] Tag Change: ID '00E2004717A40068217E8B01' -> Floor '-1'
[2026-08-12 22:01:40] Status Updated: Floor '-1'
[2026-08-12 22:02:34] Tag Change: ID '00E2004717A00068217E4B01' -> Floor '-1'
[2026-08-12 22:02:34] Tag flapping: suppressed 7 repeated tag-change log lines in the last 90s
[2026-08-12 22:02:37] Tag Change: ID '00E200471775B068217BA601' -> Floor '1'
[2026-08-12 22:02:38] Status Updated: Floor '1'
[2026-08-12 22:02:38] Tag Change: ID '00E20047176CC06821' -> Floor 'Unknown'
[2026-08-12 22:02:40] Tag Change: ID '00E200471768C068217AD701' -> Floor '1'
[2026-08-12 22:02:41] Tag Change: ID '00E20047176CC068217B1701' -> Floor '1'
[2026-08-12 22:03:43] Tag Change: ID '00E20047176CC068217B1701' -> Floor '1'
[2026-08-12 22:03:43] Tag flapping: suppressed 27 repeated tag-change log lines in the last 61s
[2026-08-12 22:03:43] Tag Change: ID '00E200471768C068217AD701' -> Floor '1'
[2026-08-12 22:04:49] Tag Change: ID '00E20047176CC068217B1701' -> Floor '1'
[2026-08-12 22:04:49] Tag Change: ID '00E200471768C068217AD701' -> Floor '1'
[2026-08-12 22:04:58] Tag flapping: suppressed 41 repeated tag-change log lines in the last 63s
[2026-08-12 22:05:52] Tag Change: ID '00E20047176CC068217B1701' -> Floor '1'
[2026-08-12 22:05:52] Tag Change: ID '00E200471768C068217AD701' -> Floor '1'
[2026-08-12 22:05:59] Tag flapping: suppressed 32 repeated tag-change log lines in the last 60s
[2026-08-12 22:06:05] Tag Change: ID '00E200471741406821785F01' -> Floor '2'
[2026-08-12 22:06:05] Tag Change: ID '00E20047175A40682179EF01' -> Floor '2'
[2026-08-12 22:06:06] Status Updated: Floor '2'
[2026-08-12 22:06:06] Tag Change: ID '00E2004717A0C068217E5701' -> Floor '3'
[2026-08-12 22:06:07] Status Updated: Floor '3'
[2026-08-12 22:06:08] Tag Change: ID '00E2004718A2C068218E7701' -> Floor '4'
[2026-08-12 22:06:10] Tag Change: ID '00E2004717688068217AD301' -> Floor '5'
[2026-08-12 22:06:11] Status Updated: Floor '5'
[2026-08-12 22:06:24] Tag Change: ID '00E2004717684068217ACF01' -> Floor '5'
[2026-08-12 22:06:26] Tag Change: ID '00E20047175A80682179F301' -> Floor '4'
[2026-08-12 22:06:27] Tag Change: ID '00E2004717A7C068217EC701' -> Floor '3'
[2026-08-12 22:06:31] Tag Change: ID '00E2004717AC4068217F0F01' -> Floor '-1'
[2026-08-12 22:06:32] Tag Change: ID '00E200471736C0682177B701' -> Floor '-1'
[2026-08-12 22:06:32] Status Updated: Floor '-1'
[2026-08-12 22:06:37] Tag Change: ID '00E2004717A40068217E8B01' -> Floor '-1'
[2026-08-12 22:06:56] Tag Change: ID '00E2004707E01060270EE401' -> Floor '-3'
[2026-08-12 22:07:02] Status Updated: Floor '-3'
[2026-08-12 22:07:02] Tag Change: ID '00E2004707E05060270EE801' -> Floor '-3'
[2026-08-12 22:07:02] Tag flapping: suppressed 2 repeated tag-change log lines in the last 63s
[2026-08-12 22:07:07] Tag Change: ID '00E2004707DF5060270ED801' -> Floor '-3'
[2026-08-12 22:07:42] Tag Change: ID '00E200471736C0682177B701' -> Floor '-1'
[2026-08-12 22:07:43] Status Updated: Floor '-1'
[2026-08-12 22:07:48] Tag Change: ID '00E20047175A80682179F301' -> Floor '4'
[2026-08-12 22:07:50] Tag Change: ID '00E2004717688068217AD301' -> Floor '5'
[2026-08-12 22:07:54] Tag Change: ID '00E20047177A7068217BF201' -> Floor '9'
[2026-08-12 22:07:54] Tag Change: ID '00E2004717773068217BBE01' -> Floor '9'
[2026-08-12 22:07:55] Status Updated: Floor '9'
[2026-08-12 22:07:55] Tag Change: ID '00E20047174400' -> Floor 'Unknown'
[2026-08-12 22:07:56] Tag Change: ID '00E200471744006821788B01' -> Floor '9'
[2026-08-12 22:08:49] Tag flapping: suppressed 16 repeated tag-change log lines in the last 107s
[2026-08-12 22:08:52] Tag Change: ID '00E2004717767068217BB201' -> Floor '8'
[2026-08-12 22:08:52] Status Updated: Floor '8'
[2026-08-12 22:08:52] Tag Change: ID '00E2004717767068217BB2' -> Floor 'Unknown'
[2026-08-12 22:09:07] Tag Change: ID '00E2004717710068217B5B00' -> Floor '8'
[2026-08-12 22:09:08] Tag Change: ID '00E20047177A3068217BEE01' -> Floor '8'
[2026-08-12 22:09:10] Tag Change: ID '00E2004717688068217AD301' -> Floor '5'
[2026-08-12 22:09:11] Tag Change: ID '00E2004717684068217ACF01' -> Floor '5'
[2026-08-12 22:09:11] Status Updated: Floor '5'
[2026-08-12 22:09:12] Tag Change: ID '00E2004718A58068218EA301' -> Floor '3'
[2026-08-12 22:09:13] Tag Change: ID '00E2004717A7C068217EC701' -> Floor '3'
[2026-08-12 22:09:13] Status Updated: Floor '3'
[2026-08-12 22:09:13] Tag Change: ID '00E2004717A0C068217E5701' -> Floor '3'
[2026-08-12 22:09:13] Tag Change: ID '00E20047179C4068217E0F01' -> Floor '2'
[2026-08-12 22:09:15] Tag Change: ID '00E200471768C068217AD701' -> Floor '1'
[2026-08-12 22:09:22] Tag Change: ID '00E2004717A48068217E9301' -> Floor '-2'
[2026-08-12 22:09:24] Tag Change: ID '00E2004707DF5060270ED801' -> Floor '-3'
[2026-08-12 22:09:24] Tag Change: ID '00E2004707E01060270EE401' -> Floor '-3'
[2026-08-12 22:09:24] Status Updated: Floor '-3'
[2026-08-12 22:09:26] Tag Change: ID '00E2004707E05060270EE801' -> Floor '-3'
[2026-08-12 22:09:56] Tag flapping: suppressed 23 repeated tag-change log lines in the last 63s
[2026-08-12 22:10:36] Tag Change: ID '00E200471736C0682177B701' -> Floor '-1'
[2026-08-12 22:10:37] Status Updated: Floor '-1'
[2026-08-12 22:10:38] Tag Change: ID '00E2004717A54068217E9F01' -> Floor '0'
[2026-08-12 22:10:39] Status Updated: Floor '0'
[2026-08-12 22:10:40] Tag Change: ID '00E200471741406821785F01' -> Floor '2'
[2026-08-12 22:10:41] Tag Change: ID '00E20047175A40682179EF01' -> Floor '2'
[2026-08-12 22:10:41] Status Updated: Floor '2'
[2026-08-12 22:10:43] Tag Change: ID '00E20047189E4068218E2F01' -> Floor '4'
[2026-08-12 22:10:46] Tag Change: ID '00E20047175CC068217A1701' -> Floor '6'
[2026-08-12 22:10:48] Tag Change: ID '00E2004717964068217DAF01' -> Floor '6'
[2026-08-12 22:10:48] Status Updated: Floor '6'
[2026-08-12 22:13:11] Tag Change: ID '00E20047175CC068217A1701' -> Floor '6'
[2026-08-12 22:13:11] Tag flapping: suppressed 23 repeated tag-change log lines in the last 194s
[2026-08-12 22:13:12] Tag Change: ID '00E2004717688068217AD301' -> Floor '5'
[2026-08-12 22:13:13] Tag Change: ID '00E2004717684068217ACF01' -> Floor '5'
[2026-08-12 22:13:13] Status Updated: Floor '5'
[2026-08-12 22:13:13] Tag Change: ID '00E200471897C068218DC701' -> Floor '5'
[2026-08-12 22:13:13] Tag Change: ID '00E20047189E4068218E2F01' -> Floor '4'
[2026-08-12 22:13:14] Tag Change: ID '00E20047175A80682179F301' -> Floor '4'
[2026-08-12 22:13:14] Status Updated: Floor '4'
[2026-08-12 22:13:15] Tag Change: ID '00E2004717A0C068217E5701' -> Floor '3'
[2026-08-12 22:13:17] Tag Change: ID '00E200471768C068217AD701' -> Floor '1'
[2026-08-12 22:13:17] Status Updated: Floor '1'
[2026-08-12 22:13:25] Tag Change: ID '00E2004717A40068217E8B01' -> Floor '-1'
[2026-08-12 22:13:27] Status Updated: Floor '-1'
[2026-08-12 22:13:35] Tag Change: ID '00E200471736C0682177B701' -> Floor '-1'
[2026-08-12 22:13:36] Tag Change: ID '00E2004717AC4068217F0F01' -> Floor '-1'
[2026-08-12 22:13:37] Tag Change: ID '00E200471775B068217BA601' -> Floor '1'
[2026-08-12 22:13:41] Tag Change: ID '00E20047179C4068217E0F01' -> Floor '2'
[2026-08-12 22:13:43] Status Updated: Floor '2'
[2026-08-12 22:13:54] Tag Change: ID '00E2004717A7C068217EC701' -> Floor '3'
[2026-08-12 22:13:54] Status Updated: Floor '3'
[2026-08-12 22:13:55] Tag Change: ID '00E2004718A58068218EA301' -> Floor '3'
[2026-08-12 22:14:19] Status Updated: Floor '-1'
[2026-08-12 22:14:42] Tag Change: ID '00E2004717A00068217E4B01' -> Floor '-1'
[2026-08-12 22:14:42] Tag Change: ID '00E200471736C0682177B701' -> Floor '-1'
[2026-08-12 22:14:44] Tag Change: ID '00E2004717AC4068217F0F01' -> Floor '-1'
[2026-08-12 22:14:45] Tag Change: ID '00E20047176CC068217B1701' -> Floor '1'
[2026-08-12 22:14:46] Status Updated: Floor '1'
[2026-08-12 22:14:53] Tag Change: ID '00E20047179C4068217E0F01' -> Floor '2'
[2026-08-12 22:14:54] Status Updated: Floor '2'
[2026-08-12 22:15:07] Tag Change: ID '00E2004718A58068218EA301' -> Floor '3'
[2026-08-12 22:15:13] Tag Change: ID '00E2004717688068217AD301' -> Floor '5'
[2026-08-12 22:15:13] Tag flapping: suppressed 4 repeated tag-change log lines in the last 64s
[2026-08-12 22:15:14] Status Updated: Floor '5'
[2026-08-12 22:15:25] Tag Change: ID '00E2004717684068217ACF01' -> Floor '5'
[2026-08-12 22:15:30] Tag Change: ID '00E20047189E4068218E2F01' -> Floor '4'
[2026-08-12 22:15:32] Status Updated: Floor '4'
[2026-08-12 22:15:43] Tag Change: ID '00E20047175A80682179F301' -> Floor '4'
[2026-08-12 22:15:44] Tag Change: ID '00E2004717A0C068217E5701' -> Floor '3'
[2026-08-12 22:15:45] Tag Change: ID '00E20047175A40682179EF01' -> Floor '2'
[2026-08-12 22:15:46] Tag Change: ID '00E20047176CC068217B1701' -> Floor '1'
[2026-08-12 22:15:55] Tag Change: ID '00E2004717A40068217E8B01' -> Floor '-1'
[2026-08-12 22:16:02] Status Updated: Floor '-1'
[2026-08-12 22:16:10] Tag Change: ID '00E2004717A48068217E9301' -> Floor '-2'
[2026-08-12 22:16:12] Tag Change: ID '00E2004707E05060270EE801' -> Floor '-3'
[2026-08-12 22:16:13] Tag Change: ID '00E2004707E01060270EE401' -> Floor '-3'
[2026-08-12 22:16:13] Status Updated: Floor '-3'
[2026-08-12 22:16:18] Tag Change: ID '00E2004707DF5060270ED801' -> Floor '-3'
[2026-08-12 22:16:25] Tag Change: ID '00E2004717A9C068217EE701' -> Floor '-2'
[2026-08-12 22:16:36] Status Updated: Floor '-1'
[2026-08-12 22:16:54] Tag Change: ID '00E2004717AD8068217F2301' -> Floor '-2'
[2026-08-12 22:16:55] Status Updated: Floor '-2'
[2026-08-12 22:17:41] Tag Change: ID '00E2004717A40068217E8B01' -> Floor '-1'
[2026-08-12 22:17:41] Tag flapping: suppressed 6 repeated tag-change log lines in the last 85s
[2026-08-12 22:17:46] Status Updated: Floor '-1'
[2026-08-12 22:18:04] Tag Change: ID '00E2004717AD8068217F2301' -> Floor '-2'
[2026-08-12 22:18:08] Status Updated: Floor '-2'
[2026-08-12 22:18:22] Tag Change: ID '00E2004717A90068217EDB01' -> Floor 'Unknown'
[2026-08-12 22:18:34] Status Updated: Floor '-1'
[2026-08-12 22:18:41] Tag Change: ID '00E2004717A00068217E4B01' -> Floor '-1'
[2026-08-12 22:18:46] Tag Change: ID '00E200471736C0682177B701' -> Floor '-1'
[2026-08-12 22:18:48] Tag Change: ID '00E2004717AC4068217F0F01' -> Floor '-1'
[2026-08-12 22:18:48] Tag Change: ID '00E200471775B068217BA601' -> Floor '1'
[2026-08-12 22:18:49] Tag Change: ID '00E20047176CC068217B1701' -> Floor '1'
[2026-08-12 22:18:50] Status Updated: Floor '1'
[2026-08-12 22:18:50] Tag Change: ID '00E200471768C068217AD701' -> Floor '1'
[2026-08-12 22:18:51] Tag Change: ID '00E2004717A0C068217E5701' -> Floor '3'
[2026-08-12 22:18:52] Status Updated: Floor '3'
[2026-08-12 22:18:53] Tag Change: ID '00E2004718A2C068218E7701' -> Floor '4'
[2026-08-12 22:18:54] Tag Change: ID '00E2004717688068217AD301' -> Floor '5'
[2026-08-12 22:18:55] Tag Change: ID '00E2004717964068217DAF01' -> Floor '6'
[2026-08-12 22:18:58] Tag Change: ID '00E2004717638068217A8301' -> Floor '7'
[2026-08-12 22:19:01] Status Updated: Floor '7'
[2026-08-12 22:19:33] Tag Change: ID '00E20047175F4068217A3F01' -> Floor '7'
[2026-08-12 22:19:33] Tag flapping: suppressed 1 repeated tag-change log lines in the last 62s
[2026-08-12 22:19:34] Tag Change: ID '00E2004717A60068217EAB01' -> Floor '7'
[2026-08-12 22:19:40] Tag Change: ID '00E200471741406821785F01' -> Floor '2'
[2026-08-12 22:19:40] Status Updated: Floor '2'
[2026-08-12 22:19:44] Status Updated: Floor '-1'
[2026-08-12 22:19:49] Tag Change: ID '00E2004717A40068217E8B01' -> Floor '-1'
[2026-08-12 22:20:06] Tag Change: ID '00E200471736C0682177B701' -> Floor '-1'
[2026-08-12 22:20:08] Tag Change: ID '00E2004717AC4068217F0F01' -> Floor '-1'
[2026-08-12 22:20:08] Tag Change: ID '00E200471775B068217BA601' -> Floor '1'
[2026-08-12 22:20:09] Status Updated: Floor '1'
[2026-08-12 22:20:09] Tag Change: ID '00E20047176CC068217B1701' -> Floor '1'
[2026-08-12 22:20:11] Tag Change: ID '00E2004717A7C068217EC701' -> Floor '3'
[2026-08-12 22:20:12] Tag Change: ID '00E20047175A80682179F301' -> Floor '4'
[2026-08-12 22:20:12] Tag Change: ID '00E2004718A2C068218E7701' -> Floor '4'
[2026-08-12 22:20:13] Status Updated: Floor '4'
[2026-08-12 22:20:14] Tag Change: ID '00E2004717684068217ACF01' -> Floor '5'
[2026-08-12 22:20:15] Tag Change: ID '00E2004717964068217DAF01' -> Floor '6'
[2026-08-12 22:20:17] Tag Change: ID '00E2004717710068217B5B00' -> Floor '8'
[2026-08-12 22:20:18] Tag Change: ID '00E2004717773068217BBE01' -> Floor '9'
[2026-08-12 22:20:20] Tag Change: ID '00E200471744006821788B01' -> Floor '9'
[2026-08-12 22:20:20] Status Updated: Floor '9'
[2026-08-12 22:20:58] Tag Change: ID '00E20047177A7068217BF201' -> Floor '9'
[2026-08-12 22:20:58] Tag flapping: suppressed 6 repeated tag-change log lines in the last 82s
[2026-08-12 22:21:00] Tag Change: ID '00E2004717638068217A8301' -> Floor '7'
[2026-08-12 22:21:00] Tag Change: ID '00E20047175F4068217A3F01' -> Floor '7'
[2026-08-12 22:21:00] Status Updated: Floor '7'
[2026-08-12 22:21:02] Tag Change: ID '00E200471777F068217BCA01' -> Floor 'Unknown'
[2026-08-12 22:21:04] Tag Change: ID '00E2004718A58068218EA301' -> Floor '3'
[2026-08-12 22:21:04] Status Updated: Floor '3'
[2026-08-12 22:21:05] Tag Change: ID '00E20047175A40682179EF01' -> Floor '2'
[2026-08-12 22:21:06] Tag Change: ID '00E200471741406821785F01' -> Floor '2'
[2026-08-12 22:21:06] Status Updated: Floor '2'
[2026-08-12 22:21:16] Tag Change: ID '00E2004707E05060270EE801' -> Floor '-3'
[2026-08-12 22:21:17] Status Updated: Floor '-3'
[2026-08-12 22:21:17] Tag Change: ID '00E2004707DF5060270ED801' -> Floor '-3'
[2026-08-12 22:21:17] Tag Change: ID '00E2004707E01060270EE401' -> Floor '-3'
[2026-08-12 22:21:51] Tag Change: ID '00E2004717A40068217E8B01' -> Floor '-1'
[2026-08-12 22:21:55] Status Updated: Floor '-1'
[2026-08-12 22:22:33] Tag Change: ID '00E2004717A00068217E4B01' -> Floor '-1'
[2026-08-12 22:22:33] Tag flapping: suppressed 13 repeated tag-change log lines in the last 89s
[2026-08-12 22:22:38] Tag Change: ID '00E20047175A40682179EF01' -> Floor '2'
[2026-08-12 22:22:39] Tag Change: ID '00E20047179C4068217E0F01' -> Floor '2'
[2026-08-12 22:22:39] Status Updated: Floor '2'
[2026-08-12 22:22:39] Tag Change: ID '00E2004717A0C068217E5701' -> Floor '3'
[2026-08-12 22:22:42] Tag Change: ID '00E2004718A58068218EA301' -> Floor '3'
[2026-08-12 22:22:42] Status Updated: Floor '3'
[2026-08-12 22:22:55] Tag Change: ID '00E2004717A7C068217EC701' -> Floor '3'
[2026-08-12 22:22:59] Tag Change: ID '00E200471775B068217BA601' -> Floor '1'
[2026-08-12 22:22:59] Status Updated: Floor '1'
[2026-08-12 22:23:06] Tag Change: ID '00E2004707DF5060270ED801' -> Floor '-3'
[2026-08-12 22:23:07] Status Updated: Floor '-3'
[2026-08-12 22:23:07] Tag Change: ID '00E2004707E05060270EE801' -> Floor '-3'
[2026-08-12 22:23:12] Tag Change: ID '00E2004707E01060270EE401' -> Floor '-3'
[2026-08-12 22:23:33] Tag Change: ID '00E2004717A40068217E8B01' -> Floor '-1'
[2026-08-12 22:23:39] Tag Change: ID '00E2004717A00068217E4B01' -> Floor '-1'
[2026-08-12 22:23:39] Status Updated: Floor '-1'
[2026-08-12 22:23:41] Tag Change: ID '00E2004717AC4068217F0F01' -> Floor '-1'
[2026-08-12 22:23:41] Tag Change: ID '00E2004717A54068217E9F01' -> Floor '0'
[2026-08-12 22:23:43] Tag Change: ID '00E200471741406821785F01' -> Floor '2'
[2026-08-12 22:23:44] Tag Change: ID '00E20047179C4068217E0F01' -> Floor '2'
[2026-08-12 22:23:45] Status Updated: Floor '2'
[2026-08-12 22:23:47] Tag Change: ID '00E200471897C068218DC701' -> Floor '5'
[2026-08-12 22:23:47] Status Updated: Floor '5'
[2026-08-12 22:23:48] Tag Change: ID '00E2004717684068217ACF01' -> Floor '5'
[2026-08-12 22:23:49] Tag Change: ID '00E2004717688068217AD301' -> Floor '5'
[2026-08-12 22:25:06] Tag Change: ID '00E2004717684068217ACF01' -> Floor '5'
[2026-08-12 22:25:06] Tag flapping: suppressed 6 repeated tag-change log lines in the last 129s
[2026-08-12 22:25:07] Tag Change: ID '00E2004717688068217AD301' -> Floor '5'
[2026-08-12 22:25:15] Tag Change: ID '00E2004717773068217BBE01' -> Floor '9'
[2026-08-12 22:25:15] Tag Change: ID '00E20047177A7068217BF201' -> Floor '9'
[2026-08-12 22:25:15] Status Updated: Floor '9'
[2026-08-12 22:25:16] Tag Change: ID '00E200471744006821788B01' -> Floor '9'
[2026-08-12 22:25:18] Tag Change: ID '002427031027000620240000' -> Floor 'Unknown'
[2026-08-12 22:25:18] Tag Change: ID '00E200471745C0682178A701' -> Floor '10'
[2026-08-12 22:25:24] Status Updated: Floor '10'
[2026-08-12 22:25:32] Tag Change: ID '00E20047174880682178D301' -> Floor '10'
[2026-08-12 22:25:33] Tag Change: ID '00E2004718C4B06821909601' -> Floor 'Unknown'
[2026-08-12 22:25:34] Status Updated: Floor '9'
[2026-08-12 22:25:34] Tag Change: ID '00E2' -> Floor 'Unknown'
[2026-08-12 22:25:35] Tag Change: ID '00E20047175F4068217A3F01' -> Floor '7'
[2026-08-12 22:25:37] Tag Change: ID '00E20047175CC068217A1701' -> Floor '6'
[2026-08-12 22:25:38] Tag Change: ID '00E200471897C068218DC701' -> Floor '5'
[2026-08-12 22:25:38] Status Updated: Floor '5'
[2026-08-12 22:25:40] Tag Change: ID '00E20047179C4068217E0F01' -> Floor '2'
[2026-08-12 22:25:42] Tag Change: ID '00E20047176CC068217B1701' -> Floor '1'
[2026-08-12 22:25:43] Tag Change: ID '00E200471775B068217BA601' -> Floor '1'
[2026-08-12 22:25:43] Status Updated: Floor '1'
[2026-08-12 22:25:43] Tag Change: ID '00E2004717A54068217E9F01' -> Floor '0'
[2026-08-12 22:25:48] Tag Change: ID '00E2004717A40068217E8B01' -> Floor '-1'
[2026-08-12 22:26:00] Status Updated: Floor '-1'
[2026-08-12 22:26:24] Tag Change: ID '00E2004707E01060270EE401' -> Floor '-3'
[2026-08-12 22:26:24] Tag flapping: suppressed 6 repeated tag-change log lines in the last 65s
[2026-08-12 22:26:24] Tag Change: ID '00E2004707E05060270EE801' -> Floor '-3'
[2026-08-12 22:26:25] Status Updated: Floor '-3'
[2026-08-12 22:26:27] Tag Change: ID '00E2004707DF5060270ED801' -> Floor '-3'
[2026-08-12 22:26:50] Status Updated: Floor '-1'
[2026-08-12 22:27:55] Tag Change: ID '00E2004717AC4068217F0F01' -> Floor '-1'
[2026-08-12 22:27:55] Tag flapping: suppressed 8 repeated tag-change log lines in the last 89s
[2026-08-12 22:27:59] Tag Change: ID '00E200471768C068217AD701' -> Floor '1'
[2026-08-12 22:27:59] Status Updated: Floor '1'
[2026-08-12 22:28:08] Tag Change: ID '00E20047176CC068217B1701' -> Floor '1'
[2026-08-12 22:28:09] Tag Change: ID '00E2' -> Floor 'Unknown'
[2026-08-12 22:28:37] Tag Change: ID '00E200471736C0682177B701' -> Floor '-1'
[2026-08-12 22:28:38] Tag Change: ID '00E2004717A00068217E4B01' -> Floor '-1'
[2026-08-12 22:28:39] Status Updated: Floor '-1'
[2026-08-12 22:28:48] Tag Change: ID '00E2004717A40068217E8B01' -> Floor '-1'
[2026-08-12 22:28:56] Tag Change: ID '00E2004717AC4068217F0F01' -> Floor '-1'
[2026-08-12 22:28:59] Tag Change: ID '00E20047175A40682179EF01' -> Floor '2'
[2026-08-12 22:28:59] Tag Change: ID '00E20047179C4068217E0F01' -> Floor '2'
[2026-08-12 22:28:59] Status Updated: Floor '2'
[2026-08-12 22:29:01] Tag Change: ID '00E2004718A2C068218E7701' -> Floor '4'
[2026-08-12 22:29:01] Tag Change: ID '00E200471897C068218DC701' -> Floor '5'
[2026-08-12 22:29:02] Tag Change: ID '00E2004717684068217ACF01' -> Floor '5'
[2026-08-12 22:29:02] Status Updated: Floor '5'
[2026-08-12 22:29:07] Tag Change: ID '00E2004717964068217DAF01' -> Floor '6'
[2026-08-12 22:29:15] Status Updated: Floor '6'
[2026-08-12 22:29:30] Tag Change: ID '00E2004717A60068217EAB01' -> Floor '7'
[2026-08-12 22:29:30] Tag flapping: suppressed 11 repeated tag-change log lines in the last 80s
[2026-08-12 22:29:32] Tag Change: ID '00E20047175F4068217A3F01' -> Floor '7'
[2026-08-12 22:29:32] Status Updated: Floor '7'
[2026-08-12 22:29:33] Tag Change: ID '00E2004717638068217A8301' -> Floor '7'
[2026-08-12 22:29:46] Tag Change: ID '00E2004717688068217AD301' -> Floor '5'
[2026-08-12 22:29:49] Tag Change: ID '00E2004717A0C068217E5701' -> Floor '3'
[2026-08-12 22:29:52] Tag Change: ID '00E200471775B068217BA601' -> Floor '1'
[2026-08-12 22:29:54] Tag Change: ID '00E200471736C0682177B701' -> Floor '-1'
[2026-08-12 22:29:55] Tag Change: ID '00E2004717A00068217E4B01' -> Floor '-1'
[2026-08-12 22:29:55] Status Updated: Floor '-1'
[2026-08-12 22:30:00] Tag Change: ID '00E2004717A40068217E8B01' -> Floor '-1'
[2026-08-12 22:31:55] Tag Change: ID '00E2004707E01060270EE401' -> Floor '-3'
[2026-08-12 22:31:55] Tag flapping: suppressed 2 repeated tag-change log lines in the last 131s
[2026-08-12 22:31:58] Tag Change: ID '00E2004707E05060270EE801' -> Floor '-3'
[2026-08-12 22:31:58] Status Updated: Floor '-3'
[2026-08-12 22:31:59] Tag Change: ID '00E2004707DF5060270ED801' -> Floor '-3'
[2026-08-12 22:32:11] Tag Change: ID '00E200471736C0682177B701' -> Floor '-1'
[2026-08-12 22:32:14] Tag Change: ID '00E20047176CC068217B1701' -> Floor '1'
[2026-08-12 22:32:15] Tag Change: ID '00E2004717A0C068217E5701' -> Floor '3'
[2026-08-12 22:32:16] Tag Change: ID '00E2004718A58068218EA301' -> Floor '3'
[2026-08-12 22:32:17] Status Updated: Floor '3'
[2026-08-12 22:32:19] Tag Change: ID '00E20047175CC068217A1701' -> Floor '6'
[2026-08-12 22:32:21] Tag Change: ID '00E20047175F4068217A3F01' -> Floor '7'
[2026-08-12 22:32:21] Status Updated: Floor '7'
[2026-08-12 22:32:22] Tag Change: ID '00E2004717638068217A8301' -> Floor '7'
[2026-08-12 22:32:49] Tag Change: ID '00E20047177A3068217BEE01' -> Floor '8'
[2026-08-12 22:32:52] Tag Change: ID '00E2004717767068217BB201' -> Floor '8'
[2026-08-12 22:32:53] Status Updated: Floor '8'
[2026-08-12 22:33:07] Tag Change: ID '00E2004717710068217B5B00' -> Floor '8'
[2026-08-12 22:33:07] Tag flapping: suppressed 3 repeated tag-change log lines in the last 67s
[2026-08-12 22:33:10] Tag Change: ID '00E2004717964068217DAF01' -> Floor '6'
[2026-08-12 22:33:10] Tag Change: ID '00E200471777F068217BCA01' -> Floor 'Unknown'
[2026-08-12 22:33:11] Tag Change: ID '00E2004717684068217ACF01' -> Floor '5'
[2026-08-12 22:33:12] Tag Change: ID '00E20047189E4068218E2F01' -> Floor '4'
[2026-08-12 22:33:14] Tag Change: ID '00E20047175A40682179EF01' -> Floor '2'
[2026-08-12 22:33:14] Tag Change: ID '00E200471741406821785F01' -> Floor '2'
[2026-08-12 22:33:15] Status Updated: Floor '2'
[2026-08-12 22:33:15] Tag Change: ID '00E20047176CC068217B1701' -> Floor '1'
[2026-08-12 22:33:16] Status Updated: Floor '1'
[2026-08-12 22:33:17] Tag Change: ID '00E2004717AC4068217F0F01' -> Floor '-1'
[2026-08-12 22:33:22] Tag Change: ID '00E2004717A40068217E8B01' -> Floor '-1'
[2026-08-12 22:33:23] Status Updated: Floor '-1'
[2026-08-12 22:34:16] Tag Change: ID '00E2004717A00068217E4B01' -> Floor '-1'
[2026-08-12 22:34:16] Tag flapping: suppressed 1 repeated tag-change log lines in the last 67s
[2026-08-12 22:34:28] Tag Change: ID '00E2004717AC4068217F0F01' -> Floor '-1'
[2026-08-12 22:34:28] Tag Change: ID '00E200471775B068217BA601' -> Floor '1'
[2026-08-12 22:34:30] Tag Change: ID '00E200471768C068217AD701' -> Floor '1'
[2026-08-12 22:34:30] Status Updated: Floor '1'
[2026-08-12 22:34:31] Tag Change: ID '00E2004717A0C068217E5701' -> Floor '3'
[2026-08-12 22:34:32] Tag Change: ID '00E2004718A58068218EA301' -> Floor '3'
[2026-08-12 22:34:32] Status Updated: Floor '3'
[2026-08-12 22:34:34] Tag Change: ID '00E2004717688068217AD301' -> Floor '5'
[2026-08-12 22:34:34] Tag Change: ID '00E200471777F068217BCA01' -> Floor 'Unknown'
[2026-08-12 22:34:38] Tag Change: ID '00E2004717710068217B5B00' -> Floor '8'
[2026-08-12 22:34:39] Tag Change: ID '00E2004717767068217BB201' -> Floor '8'
[2026-08-12 22:34:39] Status Updated: Floor '8'
[2026-08-12 22:34:41] Tag Change: ID '00E200471776' -> Floor 'Unknown'
[2026-08-12 22:34:57] Tag Change: ID '00E20047177A3068217BEE01' -> Floor '8'
[2026-08-12 22:34:58] Tag Change: ID '00E20047175F4068217A3F01' -> Floor '7'
[2026-08-12 22:34:59] Tag Change: ID '00E2004717964068217DAF01' -> Floor '6'
[2026-08-12 22:34:59] Tag Change: ID '00E20047175CC068217A1701' -> Floor '6'
[2026-08-12 22:35:00] Status Updated: Floor '6'
[2026-08-12 22:35:01] Tag Change: ID '00E2004718A2C068218E7701' -> Floor '4'
[2026-08-12 22:35:10] Status Updated: Floor '1'
[2026-08-12 22:35:19] Tag Change: ID '00E2004717A00068217E4B01' -> Floor '-1'
[2026-08-12 22:35:31] Tag Change: ID '00E200471768C068217AD701' -> Floor '1'
[2026-08-12 22:35:38] Tag Change: ID '00E20047176CC068217B1701' -> Floor '1'
[2026-08-12 22:35:42] Tag flapping: suppressed 6 repeated tag-change log lines in the last 60s
[2026-08-12 22:36:32] Tag Change: ID '00E200471768C068217AD701' -> Floor '1'
[2026-08-12 22:36:50] Tag Change: ID '00E20047176CC068217B1701' -> Floor '1'
[2026-08-12 22:36:50] Tag flapping: suppressed 26 repeated tag-change log lines in the last 68s
[2026-08-12 22:37:14] Tag Change: ID '00E2004717A0C068217E5701' -> Floor '3'
[2026-08-12 22:37:15] Tag Change: ID '00E2004718A58068218EA301' -> Floor '3'
[2026-08-12 22:37:15] Status Updated: Floor '3'
[2026-08-12 22:37:17] Tag Change: ID '00E2004717684068217ACF01' -> Floor '5'
[2026-08-12 22:37:17] Status Updated: Floor '5'
[2026-08-12 22:37:18] Tag Change: ID '00E2004717964068217DAF01' -> Floor '6'
[2026-08-12 22:37:21] Tag Change: ID '00E20047177A7068217BF201' -> Floor '9'
[2026-08-12 22:37:22] Tag Change: ID '00E200471744006821788B01' -> Floor '9'
[2026-08-12 22:37:22] Status Updated: Floor '9'
[2026-08-12 22:37:24] Tag Change: ID '002427031027000620240000' -> Floor 'Unknown'
[2026-08-12 22:37:24] Tag Change: ID '00E200471745C0682178A701' -> Floor '10'
[2026-08-12 22:37:30] Status Updated: Floor '10'
[2026-08-12 22:37:38] Tag Change: ID '00E20047174880682178D301' -> Floor '10'
[2026-08-12 22:37:40] Tag Change: ID '00E2004717767068217BB201' -> Floor '8'
[2026-08-12 22:37:40] Tag Change: ID '00E2004717710068217B5B00' -> Floor '8'
[2026-08-12 22:37:40] Status Updated: Floor '8'
[2026-08-12 22:37:42] Tag Change: ID '00E2004717A60068217EAB01' -> Floor '7'
[2026-08-12 22:37:43] Tag Change: ID '00E2004717688068217AD301' -> Floor '5'
[2026-08-12 22:37:45] Tag Change: ID '00E2004718A2C068218E7701' -> Floor '4'
[2026-08-12 22:37:46] Tag Change: ID '00E2004717A7C068217EC701' -> Floor '3'
[2026-08-12 22:37:47] Tag Change: ID '00E200471768C068217AD701' -> Floor '1'
[2026-08-12 22:37:49] Tag Change: ID '00E200471775B068217BA601' -> Floor '1'
[2026-08-12 22:37:49] Status Updated: Floor '1'
[2026-08-12 22:37:50] Tag Change: ID '00E2004717AC4068217F0F01' -> Floor '-1'
[2026-08-12 22:37:51] Tag Change: ID '00E2004717A00068217E4B01' -> Floor '-1'
[2026-08-12 22:37:51] Tag flapping: suppressed 14 repeated tag-change log lines in the last 60s
[2026-08-12 22:37:51] Status Updated: Floor '-1'
[2026-08-12 22:37:56] Tag Change: ID '00E2004707E01060270EE401' -> Floor '-3'
[2026-08-12 22:37:57] Tag Change: ID '00E2004707E05060270EE801' -> Floor '-3'
[2026-08-12 22:37:58] Status Updated: Floor '-3'
[2026-08-12 22:38:04] Tag Change: ID '00E2004707DF5060270ED801' -> Floor '-3'
