2026-09-30 00:01:41 [INFO] shabbat_detector.cycle_analyzer: Elevator idle 427s - resetting cycle (was in _Phase.LEG_ONE)
2026-09-30 00:06:56 [INFO] shabbat_detector.hebcal_gate: Hebcal refreshed: 5 start(s), 2 end(s) (geo=281184, diaspora=True)
2026-09-30 00:12:43 [INFO] shabbat_detector.cycle_analyzer: Cycle aborted: returned to TOP without reaching BOTTOM
2026-09-30 00:16:55 [INFO] shabbat_detector.cycle_analyzer: Cycle complete: 198s, up_stops=[], down_stops=['-1', '1', '2']
2026-09-30 00:16:55 [INFO] shabbat_detector.fsm: [B] DetectorState.CANDIDATE_SHABBAT → DetectorState.NORMAL
2026-09-30 00:16:55 [INFO] detector: SHABBAT TRANSITION CANDIDATE_SHABBAT -> NORMAL | סיבה: מחזור לא תאם - כיסוי קומות חלקי (עלייה 0%, ירידה 21%); 2 חריגות טיימינג
2026-09-30 00:18:25 [INFO] detector: Config updated remotely (keys=['SHABBAT_DETECTOR'])
2026-09-30 00:21:25 [INFO] shabbat_detector.hebcal_gate: Hebcal refreshed: 5 start(s), 2 end(s) (geo=281184, diaspora=True)
2026-09-30 00:28:06 [INFO] shabbat_detector.cycle_analyzer: Cycle aborted: returned to TOP without reaching BOTTOM
2026-09-30 00:28:06 [INFO] shabbat_detector.fsm: [B] DetectorState.NORMAL → DetectorState.CANDIDATE_SHABBAT
2026-09-30 00:28:06 [INFO] detector: SHABBAT TRANSITION NORMAL -> CANDIDATE_SHABBAT | סיבה: מחזור אפשרי החל - ממתין להשלמה
2026-09-30 00:30:07 [INFO] detector: Config updated remotely (keys=['SHABBAT_DETECTOR'])
2026-09-30 00:36:25 [INFO] shabbat_detector.hebcal_gate: Hebcal refreshed: 5 start(s), 2 end(s) (geo=281184, diaspora=True)
2026-09-30 00:36:25 [INFO] shabbat_detector.cycle_analyzer: Elevator idle 325s - resetting cycle (was in _Phase.LEG_ONE)
2026-09-30 00:46:42 [INFO] shabbat_detector.hebcal_gate: Hebcal refreshed: 5 start(s), 2 end(s) (geo=281184, diaspora=True)
2026-09-30 00:49:59 [INFO] shabbat_detector.cycle_analyzer: Cycle aborted: returned to TOP without reaching BOTTOM
2026-09-30 01:04:23 [INFO] shabbat_detector.hebcal_gate: Hebcal refreshed: 5 start(s), 2 end(s) (geo=281184, diaspora=True)
2026-09-30 01:04:23 [INFO] shabbat_detector.cycle_analyzer: Elevator idle 924s - resetting cycle (was in _Phase.LEG_ONE)
2026-09-30 01:25:17 [INFO] shabbat_detector.hebcal_gate: Hebcal refreshed: 5 start(s), 2 end(s) (geo=281184, diaspora=True)
2026-09-30 01:25:17 [INFO] shabbat_detector.cycle_analyzer: Elevator idle 1239s - resetting cycle (was in _Phase.LEG_ONE)
2026-09-30 01:26:01 [INFO] shabbat_detector.cycle_analyzer: Cycle aborted: returned to TOP without reaching BOTTOM
2026-09-30 01:39:57 [INFO] shabbat_detector.hebcal_gate: Hebcal refreshed: 5 start(s), 2 end(s) (geo=281184, diaspora=True)
2026-09-30 01:39:57 [INFO] shabbat_detector.cycle_analyzer: Elevator idle 625s - resetting cycle (was in _Phase.LEG_ONE)
2026-09-30 01:53:57 [INFO] shabbat_detector.hebcal_gate: Hebcal refreshed: 5 start(s), 2 end(s) (geo=281184, diaspora=True)
2026-09-30 03:22:02 [INFO] shabbat_detector.firebase_client: SSE stream connecting: https://ramada-elev-default-rtdb.europe-west1.firebasedatabase.app/elevator_configs/B.json
2026-09-30 03:22:33 [INFO] detector: Config updated remotely (keys=['AUTO_LEARN_CONFIG', 'BOTTOM_FLOOR', 'FLOOR_WAITS', 'SHABBAT_ACTIVE', 'SHABBAT_BREAK_ACTIVE', 'SHABBAT_DETECTOR', 'SHABBAT_MODE', 'STOPPING_FLOORS', 'STOPPING_FLOORS_DOWN', 'STOPPING_FLOORS_UP', 'TIME_PASS_FLOOR', 'TIME_PER_FLOOR', 'TOP_FLOOR', 'VISIBLE_FLOORS', 'secret_key'])
2026-09-30 03:51:05 [INFO] shabbat_detector.hebcal_gate: Hebcal refreshed: 5 start(s), 2 end(s) (geo=281184, diaspora=True)
2026-09-30 03:51:05 [INFO] shabbat_detector.cycle_analyzer: Elevator idle 7069s - resetting cycle (was in _Phase.LEG_ONE)
2026-09-30 04:53:26 [INFO] shabbat_detector.hebcal_gate: Hebcal refreshed: 5 start(s), 2 end(s) (geo=281184, diaspora=True)
2026-09-30 05:05:40 [INFO] shabbat_detector.hebcal_gate: Hebcal refreshed: 5 start(s), 2 end(s) (geo=281184, diaspora=True)
2026-09-30 05:19:34 [INFO] shabbat_detector.hebcal_gate: Hebcal refreshed: 5 start(s), 2 end(s) (geo=281184, diaspora=True)
2026-09-30 05:31:33 [INFO] shabbat_detector.hebcal_gate: Hebcal refreshed: 5 start(s), 2 end(s) (geo=281184, diaspora=True)
2026-09-30 05:41:57 [INFO] shabbat_detector.hebcal_gate: Hebcal refreshed: 5 start(s), 2 end(s) (geo=281184, diaspora=True)
2026-09-30 05:56:04 [INFO] shabbat_detector.hebcal_gate: Hebcal refreshed: 5 start(s), 2 end(s) (geo=281184, diaspora=True)
2026-09-30 05:56:04 [INFO] shabbat_detector.cycle_analyzer: Elevator idle 391s - resetting cycle (was in _Phase.LEG_ONE)
2026-09-30 06:07:08 [INFO] shabbat_detector.hebcal_gate: Hebcal refreshed: 5 start(s), 2 end(s) (geo=281184, diaspora=True)
2026-09-30 06:17:30 [INFO] shabbat_detector.hebcal_gate: Hebcal refreshed: 5 start(s), 2 end(s) (geo=281184, diaspora=True)
2026-09-30 06:28:41 [INFO] shabbat_detector.hebcal_gate: Hebcal refreshed: 5 start(s), 2 end(s) (geo=281184, diaspora=True)
2026-09-30 06:39:45 [INFO] shabbat_detector.hebcal_gate: Hebcal refreshed: 5 start(s), 2 end(s) (geo=281184, diaspora=True)
2026-09-30 06:52:16 [INFO] shabbat_detector.hebcal_gate: Hebcal refreshed: 5 start(s), 2 end(s) (geo=281184, diaspora=True)
2026-09-30 06:52:16 [INFO] shabbat_detector.cycle_analyzer: Elevator idle 777s - resetting cycle (was in _Phase.LEG_TWO)
2026-09-30 07:02:07 [INFO] shabbat_detector.hebcal_gate: Hebcal refreshed: 5 start(s), 2 end(s) (geo=281184, diaspora=True)
2026-09-30 07:12:51 [INFO] shabbat_detector.hebcal_gate: Hebcal refreshed: 5 start(s), 2 end(s) (geo=281184, diaspora=True)
2026-09-30 07:21:25 [INFO] shabbat_detector.cycle_analyzer: Cycle recovered (missed TOP-terminal read): 1647s, up_stops=['-2', '1', '7', '-2', '0', '1', '11'], down_stops=['9', '-1', '5', '11', '1', '-2', '-1', '6', '11', '-2', '3', '-2', '8', '11', '5', '-2', '9', '-1', '8', '-1', '-2', '8', '-2', '8', '7', '-2', '3', '5', '6', '9']
2026-09-30 07:21:25 [INFO] shabbat_detector.fsm: [B] DetectorState.CANDIDATE_SHABBAT → DetectorState.NORMAL
2026-09-30 07:21:25 [INFO] detector: SHABBAT TRANSITION CANDIDATE_SHABBAT -> NORMAL | סיבה: מחזור לא תאם - עצירות לא חוקיות בעלייה: ['1', '11', '7']; קפיצות-אחורה (עלייה 1, ירידה 16); חזרות על קומות (עלייה 2, ירידה 20); 6 חריגות טיימינג
2026-09-30 07:22:36 [INFO] shabbat_detector.hebcal_gate: Hebcal refreshed: 5 start(s), 2 end(s) (geo=281184, diaspora=True)
2026-09-30 07:22:56 [INFO] detector: Config updated remotely (keys=['SHABBAT_DETECTOR'])
2026-09-30 07:32:58 [INFO] shabbat_detector.hebcal_gate: Hebcal refreshed: 5 start(s), 2 end(s) (geo=281184, diaspora=True)
2026-09-30 07:43:34 [INFO] shabbat_detector.hebcal_gate: Hebcal refreshed: 5 start(s), 2 end(s) (geo=281184, diaspora=True)
2026-09-30 07:53:20 [INFO] shabbat_detector.hebcal_gate: Hebcal refreshed: 5 start(s), 2 end(s) (geo=281184, diaspora=True)
2026-09-30 08:00:41 [WARNING] shabbat_detector.cycle_analyzer: Unexpected: touched opposite terminal again in leg 2
2026-09-30 08:04:18 [INFO] shabbat_detector.hebcal_gate: Hebcal refreshed: 5 start(s), 2 end(s) (geo=281184, diaspora=True)
2026-09-30 08:12:31 [WARNING] shabbat_detector.cycle_analyzer: Unexpected: touched opposite terminal again in leg 2
2026-09-30 08:14:22 [INFO] shabbat_detector.hebcal_gate: Hebcal refreshed: 5 start(s), 2 end(s) (geo=281184, diaspora=True)
2026-09-30 08:24:12 [INFO] shabbat_detector.cycle_analyzer: Cycle complete: 3770s, up_stops=['3', '5', '6', '-1', '3', '-1', '8', '7', '1', '-1', '10', '6', '-1', '8', '7', '-1', '-2', '3', '9', '-1', '5', '1', '9', '3', '-2', '5', '-1', '-2', '8', '9', '-1', '6', '11', '4', '-1', '3', '1', '-1', '-2', '7', '-2', '0', '7', '11', '10', '5', '3', '-1', '-2', '9', '5', '-1', '11', '1', '-1'], down_stops=['5', '-1', '7', '8', '-2', '-1', '8', '4', '1', '-1', '-2', '5', '0', '-1', '9', '-1', '11', '-1', '9', '8', '7', '1', '10', '-1', '9', '10', '-1', '-2', '3', '2', '10', '8', '-1', '4', '-1', '3', '-1', '-1', '3', '8', '7', '-1']
2026-09-30 08:24:12 [INFO] shabbat_detector.fsm: [B] DetectorState.NORMAL → DetectorState.CANDIDATE_SHABBAT
2026-09-30 08:24:12 [INFO] detector: SHABBAT TRANSITION NORMAL -> CANDIDATE_SHABBAT | סיבה: מחזור אפשרי החל - ממתין להשלמה
2026-09-30 08:24:12 [INFO] shabbat_detector.fsm: [B] DetectorState.CANDIDATE_SHABBAT → DetectorState.NORMAL
2026-09-30 08:24:12 [INFO] detector: SHABBAT TRANSITION CANDIDATE_SHABBAT -> NORMAL | סיבה: מחזור לא תאם - עצירות לא חוקיות בעלייה: ['1', '10', '11', '3', '4', '5', '6', '7', '8', '9']; קפיצות-אחורה (עלייה 32, ירידה 17); חזרות על קומות (עלייה 42, ירידה 29); 11 חריגות טיימינג
2026-09-30 08:24:13 [INFO] detector: Config updated remotely (keys=['SHABBAT_DETECTOR'])
2026-09-30 08:24:43 [INFO] detector: Config updated remotely (keys=['SHABBAT_DETECTOR'])
2026-09-30 08:24:47 [INFO] shabbat_detector.hebcal_gate: Hebcal refreshed: 5 start(s), 2 end(s) (geo=281184, diaspora=True)
2026-09-30 08:31:18 [INFO] shabbat_detector.cycle_analyzer: Cycle aborted: returned to BOTTOM without reaching TOP
2026-09-30 08:31:18 [INFO] shabbat_detector.fsm: [B] DetectorState.NORMAL → DetectorState.CANDIDATE_SHABBAT
2026-09-30 08:31:18 [INFO] detector: SHABBAT TRANSITION NORMAL -> CANDIDATE_SHABBAT | סיבה: מחזור אפשרי החל - ממתין להשלמה
2026-09-30 08:32:18 [INFO] detector: Config updated remotely (keys=['SHABBAT_DETECTOR'])
2026-09-30 08:35:38 [INFO] shabbat_detector.hebcal_gate: Hebcal refreshed: 5 start(s), 2 end(s) (geo=281184, diaspora=True)
2026-09-30 08:45:29 [INFO] shabbat_detector.hebcal_gate: Hebcal refreshed: 5 start(s), 2 end(s) (geo=281184, diaspora=True)
2026-09-30 08:48:09 [INFO] shabbat_detector.cycle_analyzer: Cycle complete: 1006s, up_stops=['-1', '9', '-2', '3', '-1', '4', '-1', '5', '-1', '3', '-1', '1', '5', '-1', '11'], down_stops=['5', '2', '-1']
2026-09-30 08:48:09 [INFO] shabbat_detector.fsm: [B] DetectorState.CANDIDATE_SHABBAT → DetectorState.NORMAL
2026-09-30 08:48:09 [INFO] detector: SHABBAT TRANSITION CANDIDATE_SHABBAT -> NORMAL | סיבה: מחזור לא תאם - עצירות לא חוקיות בעלייה: ['1', '11', '3', '4', '5', '9']; כיסוי קומות חלקי (עלייה 67%, ירידה 21%); קפיצות-אחורה (עלייה 6, ירידה 0); 4 חריגות טיימינג
2026-09-30 08:49:39 [INFO] detector: Config updated remotely (keys=['SHABBAT_DETECTOR'])
2026-09-30 08:55:50 [INFO] shabbat_detector.hebcal_gate: Hebcal refreshed: 5 start(s), 2 end(s) (geo=281184, diaspora=True)
2026-09-30 09:03:16 [INFO] shabbat_detector.cycle_analyzer: Cycle aborted: returned to BOTTOM without reaching TOP
2026-09-30 09:03:16 [INFO] shabbat_detector.fsm: [B] DetectorState.NORMAL → DetectorState.CANDIDATE_SHABBAT
2026-09-30 09:03:16 [INFO] detector: SHABBAT TRANSITION NORMAL -> CANDIDATE_SHABBAT | סיבה: מחזור אפשרי החל - ממתין להשלמה
2026-09-30 09:05:16 [INFO] detector: Config updated remotely (keys=['SHABBAT_DETECTOR'])
2026-09-30 09:06:19 [INFO] shabbat_detector.hebcal_gate: Hebcal refreshed: 5 start(s), 2 end(s) (geo=281184, diaspora=True)
2026-09-30 09:16:51 [INFO] shabbat_detector.hebcal_gate: Hebcal refreshed: 5 start(s), 2 end(s) (geo=281184, diaspora=True)
2026-09-30 09:19:47 [WARNING] shabbat_detector.cycle_analyzer: Unexpected: touched opposite terminal again in leg 2
2026-09-30 09:22:01 [INFO] shabbat_detector.cycle_analyzer: Cycle complete: 1123s, up_stops=['-2', '3', '-1', '3', '1', '0', '2', '10', '-1', '11', '0', '3', '0', '-1', '8', '11', '4', '10'], down_stops=['1', '3', '11', '9', '3', '5', '7', '6', '-1']
2026-09-30 09:22:01 [INFO] shabbat_detector.fsm: [B] DetectorState.CANDIDATE_SHABBAT → DetectorState.NORMAL
2026-09-30 09:22:01 [INFO] detector: SHABBAT TRANSITION CANDIDATE_SHABBAT -> NORMAL | סיבה: מחזור לא תאם - עצירות לא חוקיות בעלייה: ['1', '10', '11', '2', '3', '4', '8']; קפיצות-אחורה (עלייה 8, ירידה 4); 6 חריגות טיימינג
2026-09-30 09:24:31 [INFO] detector: Config updated remotely (keys=['SHABBAT_DETECTOR'])
2026-09-30 09:26:29 [INFO] shabbat_detector.hebcal_gate: Hebcal refreshed: 5 start(s), 2 end(s) (geo=281184, diaspora=True)
2026-09-30 09:27:54 [WARNING] shabbat_detector.cycle_analyzer: Unexpected: touched opposite terminal again in leg 2
2026-09-30 09:28:56 [WARNING] shabbat_detector.cycle_analyzer: Unexpected: touched opposite terminal again in leg 2
2026-09-30 09:31:40 [INFO] shabbat_detector.cycle_analyzer: Cycle complete: 551s, up_stops=[], down_stops=['7', '6', '3', '-2', '9', '3', '-1', '6', '11', '1', '3', '5', '1']
2026-09-30 09:31:40 [INFO] shabbat_detector.fsm: [B] DetectorState.NORMAL → DetectorState.CANDIDATE_SHABBAT
2026-09-30 09:31:40 [INFO] detector: SHABBAT TRANSITION NORMAL -> CANDIDATE_SHABBAT | סיבה: מחזור אפשרי החל - ממתין להשלמה
2026-09-30 09:31:41 [INFO] shabbat_detector.fsm: [B] DetectorState.CANDIDATE_SHABBAT → DetectorState.NORMAL
2026-09-30 09:31:41 [INFO] detector: SHABBAT TRANSITION CANDIDATE_SHABBAT -> NORMAL | סיבה: מחזור לא תאם - כיסוי קומות חלקי (עלייה 0%, ירידה 64%); קפיצות-אחורה (עלייה 0, ירידה 5); 4 חריגות טיימינג
2026-09-30 09:31:41 [INFO] detector: Config updated remotely (keys=['SHABBAT_DETECTOR'])
2026-09-30 09:32:41 [INFO] detector: Config updated remotely (keys=['SHABBAT_DETECTOR'])
2026-09-30 09:35:39 [INFO] shabbat_detector.cycle_analyzer: Cycle aborted: returned to BOTTOM without reaching TOP
2026-09-30 09:35:39 [INFO] shabbat_detector.fsm: [B] DetectorState.NORMAL → DetectorState.CANDIDATE_SHABBAT
2026-09-30 09:35:39 [INFO] detector: SHABBAT TRANSITION NORMAL -> CANDIDATE_SHABBAT | סיבה: מחזור אפשרי החל - ממתין להשלמה
2026-09-30 09:36:09 [INFO] detector: Config updated remotely (keys=['SHABBAT_DETECTOR'])
2026-09-30 09:36:40 [INFO] shabbat_detector.hebcal_gate: Hebcal refreshed: 5 start(s), 2 end(s) (geo=281184, diaspora=True)
2026-09-30 09:44:13 [INFO] shabbat_detector.cycle_analyzer: Cycle recovered (missed TOP-terminal read): 467s, up_stops=['5', '-2', '9', '-1', '-1', '5', '11'], down_stops=['-1']
2026-09-30 09:44:13 [INFO] shabbat_detector.fsm: [B] DetectorState.CANDIDATE_SHABBAT → DetectorState.NORMAL
2026-09-30 09:44:13 [INFO] detector: SHABBAT TRANSITION CANDIDATE_SHABBAT -> NORMAL | סיבה: מחזור לא תאם - עצירות לא חוקיות בעלייה: ['11', '5', '9']; כיסוי קומות חלקי (עלייה 67%, ירידה 7%); 4 חריגות טיימינג
2026-09-30 09:45:13 [INFO] detector: Config updated remotely (keys=['SHABBAT_DETECTOR'])
2026-09-30 09:48:38 [INFO] shabbat_detector.hebcal_gate: Hebcal refreshed: 5 start(s), 2 end(s) (geo=281184, diaspora=True)
2026-09-30 09:55:11 [INFO] shabbat_detector.cycle_analyzer: Cycle complete: 694s, up_stops=['1', '-1'], down_stops=['10', '4', '0', '3', '-1', '2', '5', '-2', '3', '1', '-2', '4', '3']
2026-09-30 09:55:11 [INFO] shabbat_detector.fsm: [B] DetectorState.NORMAL → DetectorState.CANDIDATE_SHABBAT
2026-09-30 09:55:11 [INFO] detector: SHABBAT TRANSITION NORMAL -> CANDIDATE_SHABBAT | סיבה: מחזור אפשרי החל - ממתין להשלמה
2026-09-30 09:55:11 [INFO] shabbat_detector.fsm: [B] DetectorState.CANDIDATE_SHABBAT → DetectorState.NORMAL
2026-09-30 09:55:11 [INFO] detector: SHABBAT TRANSITION CANDIDATE_SHABBAT -> NORMAL | סיבה: מחזור לא תאם - עצירות לא חוקיות בעלייה: ['1']; כיסוי קומות חלקי (עלייה 33%, ירידה 64%); קפיצות-אחורה (עלייה 1, ירידה 5); 6 חריגות טיימינג
2026-09-30 09:55:21 [INFO] detector: Config updated remotely (keys=['SHABBAT_DETECTOR'])
2026-09-30 09:56:21 [INFO] detector: Config updated remotely (keys=['SHABBAT_DETECTOR'])
2026-09-30 09:57:51 [WARNING] shabbat_detector.hebcal_gate: Hebcal fetch failed: HTTPSConnectionPool(host='www.hebcal.com', port=443): Max retries exceeded with url: /shabbat?cfg=json&m=50&lg=h&gy=2026&gm=9&gd=29&geonameid=281184&tzid=Asia%2FJerusalem (Caused by SSLError(SSLEOFError(8, '[SSL: UNEXPECTED_EOF_WHILE_READING] EOF occurred in violation of protocol (_ssl.c:1029)'))) (keeping stored windows)
2026-09-30 10:00:02 [INFO] shabbat_detector.cycle_analyzer: Cycle aborted: returned to BOTTOM without reaching TOP
2026-09-30 10:00:02 [INFO] shabbat_detector.fsm: [B] DetectorState.NORMAL → DetectorState.CANDIDATE_SHABBAT
2026-09-30 10:00:02 [INFO] detector: SHABBAT TRANSITION NORMAL -> CANDIDATE_SHABBAT | סיבה: מחזור אפשרי החל - ממתין להשלמה
2026-09-30 10:01:13 [INFO] shabbat_detector.cycle_analyzer: Cycle aborted: returned to BOTTOM without reaching TOP
2026-09-30 10:01:33 [INFO] detector: Config updated remotely (keys=['SHABBAT_DETECTOR'])
2026-09-30 10:03:16 [INFO] shabbat_detector.cycle_analyzer: Cycle aborted: returned to BOTTOM without reaching TOP
2026-09-30 10:15:13 [INFO] shabbat_detector.hebcal_gate: Hebcal refreshed: 5 start(s), 2 end(s) (geo=281184, diaspora=True)
2026-09-30 10:15:13 [INFO] shabbat_detector.cycle_analyzer: Elevator idle 388s - resetting cycle (was in _Phase.LEG_ONE)
2026-09-30 10:24:15 [INFO] shabbat_detector.hebcal_gate: Hebcal refreshed: 5 start(s), 2 end(s) (geo=281184, diaspora=True)
2026-09-30 10:29:51 [INFO] shabbat_detector.cycle_analyzer: Cycle aborted: returned to BOTTOM without reaching TOP
2026-09-30 10:32:52 [INFO] shabbat_detector.cycle_analyzer: Cycle aborted: returned to BOTTOM without reaching TOP
2026-09-30 10:35:08 [INFO] shabbat_detector.hebcal_gate: Hebcal refreshed: 5 start(s), 2 end(s) (geo=281184, diaspora=True)
2026-09-30 10:38:57 [INFO] shabbat_detector.cycle_analyzer: Cycle complete: 373s, up_stops=['1', '5', '10'], down_stops=['-1', '3', '-1']
2026-09-30 10:38:57 [INFO] shabbat_detector.fsm: [B] DetectorState.CANDIDATE_SHABBAT → DetectorState.NORMAL
2026-09-30 10:38:57 [INFO] detector: SHABBAT TRANSITION CANDIDATE_SHABBAT -> NORMAL | סיבה: מחזור לא תאם - עצירות לא חוקיות בעלייה: ['1', '10', '5']; כיסוי קומות חלקי (עלייה 0%, ירידה 14%); 4 חריגות טיימינג
2026-09-30 10:40:58 [INFO] detector: Config updated remotely (keys=['SHABBAT_DETECTOR'])
2026-09-30 10:45:00 [INFO] shabbat_detector.hebcal_gate: Hebcal refreshed: 5 start(s), 2 end(s) (geo=281184, diaspora=True)
2026-09-30 10:51:21 [WARNING] shabbat_detector.cycle_analyzer: Unexpected: touched opposite terminal again in leg 2
2026-09-30 10:55:32 [WARNING] shabbat_detector.cycle_analyzer: Unexpected: touched opposite terminal again in leg 2
2026-09-30 10:55:52 [INFO] shabbat_detector.hebcal_gate: Hebcal refreshed: 5 start(s), 2 end(s) (geo=281184, diaspora=True)
2026-09-30 10:56:45 [INFO] shabbat_detector.cycle_analyzer: Cycle complete: 1066s, up_stops=['-1', '1'], down_stops=['8', '-1', '1', '5', '6', '8', '1', '6', '-1', '10', '11', '-1', '1', '7', '3', '0', '-1', '-2', '11', '10', '1', '1', '5', '3', '-1', '5', '6', '7', '6']
2026-09-30 10:56:45 [INFO] shabbat_detector.fsm: [B] DetectorState.NORMAL → DetectorState.CANDIDATE_SHABBAT
2026-09-30 10:56:45 [INFO] detector: SHABBAT TRANSITION NORMAL -> CANDIDATE_SHABBAT | סיבה: מחזור אפשרי החל - ממתין להשלמה
2026-09-30 10:56:45 [INFO] shabbat_detector.fsm: [B] DetectorState.CANDIDATE_SHABBAT → DetectorState.NORMAL
2026-09-30 10:56:45 [INFO] detector: SHABBAT TRANSITION CANDIDATE_SHABBAT -> NORMAL | סיבה: מחזור לא תאם - עצירות לא חוקיות בעלייה: ['1']; כיסוי קומות חלקי (עלייה 33%, ירידה 79%); קפיצות-אחורה (עלייה 0, ירידה 14); חזרות על קומות (עלייה 0, ירידה 18); 9 חריגות טיימינג
2026-09-30 10:56:46 [INFO] detector: Config updated remotely (keys=['SHABBAT_DETECTOR'])
2026-09-30 10:58:16 [INFO] detector: Config updated remotely (keys=['SHABBAT_DETECTOR'])
2026-09-30 11:00:46 [WARNING] shabbat_detector.cycle_analyzer: Unexpected: touched opposite terminal again in leg 2
2026-09-30 11:06:00 [INFO] shabbat_detector.hebcal_gate: Hebcal refreshed: 5 start(s), 2 end(s) (geo=281184, diaspora=True)
2026-09-30 11:06:38 [WARNING] shabbat_detector.cycle_analyzer: Unexpected: touched opposite terminal again in leg 2
2026-09-30 11:15:39 [INFO] shabbat_detector.cycle_analyzer: Cycle complete: 1166s, up_stops=['1', '3'], down_stops=['5', '3', '4', '8', '11', '3', '-1', '1', '10', '8', '5', '1', '3', '1', '3', '-1', '-2', '3', '1', '4', '3', '-1', '6', '4', '-1', '7', '10', '4', '0', '3', '4']
2026-09-30 11:15:39 [INFO] shabbat_detector.fsm: [B] DetectorState.NORMAL → DetectorState.CANDIDATE_SHABBAT
2026-09-30 11:15:39 [INFO] detector: SHABBAT TRANSITION NORMAL -> CANDIDATE_SHABBAT | סיבה: מחזור אפשרי החל - ממתין להשלמה
2026-09-30 11:15:39 [INFO] shabbat_detector.fsm: [B] DetectorState.CANDIDATE_SHABBAT → DetectorState.NORMAL
2026-09-30 11:15:39 [INFO] detector: SHABBAT TRANSITION CANDIDATE_SHABBAT -> NORMAL | סיבה: מחזור לא תאם - עצירות לא חוקיות בעלייה: ['1', '3']; כיסוי קומות חלקי (עלייה 0%, ירידה 86%); קפיצות-אחורה (עלייה 0, ירידה 14); חזרות על קומות (עלייה 0, ירידה 19); 8 חריגות טיימינג
2026-09-30 11:15:40 [INFO] detector: Config updated remotely (keys=['SHABBAT_DETECTOR'])
2026-09-30 11:16:58 [INFO] shabbat_detector.hebcal_gate: Hebcal refreshed: 5 start(s), 2 end(s) (geo=281184, diaspora=True)
2026-09-30 11:17:39 [INFO] detector: Config updated remotely (keys=['SHABBAT_DETECTOR'])
2026-09-30 11:23:25 [WARNING] shabbat_detector.cycle_analyzer: Unexpected: touched opposite terminal again in leg 2
2026-09-30 11:27:26 [INFO] shabbat_detector.hebcal_gate: Hebcal refreshed: 5 start(s), 2 end(s) (geo=281184, diaspora=True)
2026-09-30 11:27:27 [INFO] shabbat_detector.cycle_analyzer: Cycle complete: 668s, up_stops=['0', '7', '4', '-1', '10', '7', '-2', '0', '5'], down_stops=['3', '-1', '1', '7', '11', '4', '0', '5', '1', '-1', '2']
2026-09-30 11:27:27 [INFO] shabbat_detector.fsm: [B] DetectorState.NORMAL → DetectorState.CANDIDATE_SHABBAT
2026-09-30 11:27:27 [INFO] detector: SHABBAT TRANSITION NORMAL -> CANDIDATE_SHABBAT | סיבה: מחזור אפשרי החל - ממתין להשלמה
2026-09-30 11:27:27 [INFO] shabbat_detector.fsm: [B] DetectorState.CANDIDATE_SHABBAT → DetectorState.NORMAL
2026-09-30 11:27:27 [INFO] detector: SHABBAT TRANSITION CANDIDATE_SHABBAT -> NORMAL | סיבה: מחזור לא תאם - עצירות לא חוקיות בעלייה: ['10', '4', '5', '7']; קפיצות-אחורה (עלייה 4, ירידה 5); 3 חריגות טיימינג
2026-09-30 11:27:27 [INFO] detector: Config updated remotely (keys=['SHABBAT_DETECTOR'])
2026-09-30 11:28:28 [INFO] detector: Config updated remotely (keys=['SHABBAT_DETECTOR'])
2026-09-30 11:29:50 [INFO] shabbat_detector.cycle_analyzer: Cycle aborted: returned to BOTTOM without reaching TOP
2026-09-30 11:29:50 [INFO] shabbat_detector.fsm: [B] DetectorState.NORMAL → DetectorState.CANDIDATE_SHABBAT
2026-09-30 11:29:50 [INFO] detector: SHABBAT TRANSITION NORMAL -> CANDIDATE_SHABBAT | סיבה: מחזור אפשרי החל - ממתין להשלמה
2026-09-30 11:31:50 [INFO] detector: Config updated remotely (keys=['SHABBAT_DETECTOR'])
2026-09-30 11:32:50 [INFO] shabbat_detector.cycle_analyzer: Cycle recovered (missed TOP-terminal read): 174s, up_stops=['-1', '4', '11'], down_stops=['5', '0', '-1', '-2']
2026-09-30 11:32:50 [INFO] shabbat_detector.fsm: [B] DetectorState.CANDIDATE_SHABBAT → DetectorState.NORMAL
2026-09-30 11:32:50 [INFO] detector: SHABBAT TRANSITION CANDIDATE_SHABBAT -> NORMAL | סיבה: מחזור לא תאם - עצירות לא חוקיות בעלייה: ['11', '4']; כיסוי קומות חלקי (עלייה 33%, ירידה 28%); 2 חריגות טיימינג
2026-09-30 11:34:50 [INFO] detector: Config updated remotely (keys=['SHABBAT_DETECTOR'])
2026-09-30 11:36:34 [INFO] shabbat_detector.hebcal_gate: Hebcal refreshed: 5 start(s), 2 end(s) (geo=281184, diaspora=True)
2026-09-30 11:36:58 [INFO] shabbat_detector.cycle_analyzer: Cycle aborted: returned to BOTTOM without reaching TOP
2026-09-30 11:36:58 [INFO] shabbat_detector.fsm: [B] DetectorState.NORMAL → DetectorState.CANDIDATE_SHABBAT
2026-09-30 11:36:58 [INFO] detector: SHABBAT TRANSITION NORMAL -> CANDIDATE_SHABBAT | סיבה: מחזור אפשרי החל - ממתין להשלמה
2026-09-30 11:37:28 [INFO] detector: Config updated remotely (keys=['SHABBAT_DETECTOR'])
2026-09-30 11:39:01 [INFO] shabbat_detector.cycle_analyzer: Cycle aborted: returned to BOTTOM without reaching TOP
2026-09-30 11:42:03 [INFO] shabbat_detector.cycle_analyzer: Cycle aborted: returned to BOTTOM without reaching TOP
2026-09-30 11:47:03 [INFO] shabbat_detector.hebcal_gate: Hebcal refreshed: 5 start(s), 2 end(s) (geo=281184, diaspora=True)
2026-09-30 11:48:08 [WARNING] shabbat_detector.cycle_analyzer: Unexpected: touched opposite terminal again in leg 2
2026-09-30 11:50:47 [INFO] shabbat_detector.cycle_analyzer: Cycle complete: 507s, up_stops=['-2', '10', '11'], down_stops=['11', '7', '5', '1', '-1', '4', '1']
2026-09-30 11:50:47 [INFO] shabbat_detector.fsm: [B] DetectorState.CANDIDATE_SHABBAT → DetectorState.NORMAL
2026-09-30 11:50:47 [INFO] detector: SHABBAT TRANSITION CANDIDATE_SHABBAT -> NORMAL | סיבה: מחזור לא תאם - עצירות לא חוקיות בעלייה: ['10', '11']; כיסוי קומות חלקי (עלייה 33%, ירידה 43%); 2 חריגות טיימינג
2026-09-30 11:51:17 [INFO] detector: Config updated remotely (keys=['SHABBAT_DETECTOR'])
2026-09-30 11:52:03 [INFO] shabbat_detector.cycle_analyzer: Cycle aborted: returned to BOTTOM without reaching TOP
2026-09-30 11:52:03 [INFO] shabbat_detector.fsm: [B] DetectorState.NORMAL → DetectorState.CANDIDATE_SHABBAT
2026-09-30 11:52:03 [INFO] detector: SHABBAT TRANSITION NORMAL -> CANDIDATE_SHABBAT | סיבה: מחזור אפשרי החל - ממתין להשלמה
2026-09-30 11:52:34 [INFO] detector: Config updated remotely (keys=['SHABBAT_DETECTOR'])
2026-09-30 11:58:43 [INFO] shabbat_detector.hebcal_gate: Hebcal refreshed: 5 start(s), 2 end(s) (geo=281184, diaspora=True)
2026-09-30 11:59:25 [WARNING] shabbat_detector.cycle_analyzer: Unexpected: touched opposite terminal again in leg 2
2026-09-30 12:01:35 [INFO] shabbat_detector.cycle_analyzer: Cycle complete: 570s, up_stops=['1'], down_stops=['-1', '1', '2', '11']
2026-09-30 12:01:35 [INFO] shabbat_detector.fsm: [B] DetectorState.CANDIDATE_SHABBAT → DetectorState.NORMAL
2026-09-30 12:01:35 [INFO] detector: SHABBAT TRANSITION CANDIDATE_SHABBAT -> NORMAL | סיבה: מחזור לא תאם - עצירות לא חוקיות בעלייה: ['1']; כיסוי קומות חלקי (עלייה 0%, ירידה 28%); 2 חריגות טיימינג
2026-09-30 12:02:35 [INFO] detector: Config updated remotely (keys=['SHABBAT_DETECTOR'])
2026-09-30 12:05:23 [INFO] shabbat_detector.cycle_analyzer: Cycle complete: 259s, up_stops=['6', '-1', '1', '5'], down_stops=['3']
2026-09-30 12:05:23 [INFO] shabbat_detector.fsm: [B] DetectorState.NORMAL → DetectorState.CANDIDATE_SHABBAT
2026-09-30 12:05:23 [INFO] detector: SHABBAT TRANSITION NORMAL -> CANDIDATE_SHABBAT | סיבה: מחזור אפשרי החל - ממתין להשלמה
2026-09-30 12:05:23 [INFO] shabbat_detector.fsm: [B] DetectorState.CANDIDATE_SHABBAT → DetectorState.NORMAL
2026-09-30 12:05:23 [INFO] detector: SHABBAT TRANSITION CANDIDATE_SHABBAT -> NORMAL | סיבה: מחזור לא תאם - עצירות לא חוקיות בעלייה: ['1', '5', '6']; כיסוי קומות חלקי (עלייה 33%, ירידה 7%); 2 חריגות טיימינג
2026-09-30 12:05:24 [INFO] detector: Config updated remotely (keys=['SHABBAT_DETECTOR'])
2026-09-30 12:06:53 [INFO] detector: Config updated remotely (keys=['SHABBAT_DETECTOR'])
2026-09-30 12:08:05 [INFO] shabbat_detector.cycle_analyzer: Cycle recovered (missed TOP-terminal read): 159s, up_stops=['-2', '11'], down_stops=['8', '-1']
2026-09-30 12:08:05 [INFO] shabbat_detector.fsm: [B] DetectorState.NORMAL → DetectorState.CANDIDATE_SHABBAT
2026-09-30 12:08:05 [INFO] detector: SHABBAT TRANSITION NORMAL -> CANDIDATE_SHABBAT | סיבה: מחזור אפשרי החל - ממתין להשלמה
2026-09-30 12:08:05 [INFO] shabbat_detector.fsm: [B] DetectorState.CANDIDATE_SHABBAT → DetectorState.NORMAL
2026-09-30 12:08:05 [INFO] detector: SHABBAT TRANSITION CANDIDATE_SHABBAT -> NORMAL | סיבה: מחזור לא תאם - עצירות לא חוקיות בעלייה: ['11']; כיסוי קומות חלקי (עלייה 33%, ירידה 14%); 2 חריגות טיימינג
2026-09-30 12:08:06 [INFO] detector: Config updated remotely (keys=['SHABBAT_DETECTOR'])
2026-09-30 12:09:36 [INFO] detector: Config updated remotely (keys=['SHABBAT_DETECTOR'])
2026-09-30 12:09:49 [INFO] shabbat_detector.hebcal_gate: Hebcal refreshed: 5 start(s), 2 end(s) (geo=281184, diaspora=True)
2026-09-30 12:09:49 [INFO] shabbat_detector.cycle_analyzer: Cycle recovered (missed TOP-terminal read): 94s, up_stops=['1', '11'], down_stops=[]
2026-09-30 12:09:49 [INFO] shabbat_detector.fsm: [B] DetectorState.NORMAL → DetectorState.CANDIDATE_SHABBAT
2026-09-30 12:09:49 [INFO] detector: SHABBAT TRANSITION NORMAL -> CANDIDATE_SHABBAT | סיבה: מחזור אפשרי החל - ממתין להשלמה
2026-09-30 12:09:49 [INFO] shabbat_detector.fsm: [B] DetectorState.CANDIDATE_SHABBAT → DetectorState.NORMAL
2026-09-30 12:09:49 [INFO] detector: SHABBAT TRANSITION CANDIDATE_SHABBAT -> NORMAL | סיבה: מחזור לא תאם - עצירות לא חוקיות בעלייה: ['1', '11']; כיסוי קומות חלקי (עלייה 0%, ירידה 0%); 2 חריגות טיימינג
2026-09-30 12:09:50 [INFO] detector: Config updated remotely (keys=['SHABBAT_DETECTOR'])
2026-09-30 12:10:20 [INFO] shabbat_detector.cycle_analyzer: Cycle aborted: returned to BOTTOM without reaching TOP
2026-09-30 12:10:20 [INFO] shabbat_detector.fsm: [B] DetectorState.NORMAL → DetectorState.CANDIDATE_SHABBAT
2026-09-30 12:10:20 [INFO] detector: SHABBAT TRANSITION NORMAL -> CANDIDATE_SHABBAT | סיבה: מחזור אפשרי החל - ממתין להשלמה
2026-09-30 12:10:21 [INFO] detector: Config updated remotely (keys=['SHABBAT_DETECTOR'])
2026-09-30 12:11:51 [INFO] detector: Config updated remotely (keys=['SHABBAT_DETECTOR'])
2026-09-30 12:14:54 [INFO] shabbat_detector.cycle_analyzer: Cycle aborted: returned to BOTTOM without reaching TOP
2026-09-30 12:19:40 [INFO] shabbat_detector.hebcal_gate: Hebcal refreshed: 5 start(s), 2 end(s) (geo=281184, diaspora=True)
2026-09-30 12:20:55 [WARNING] shabbat_detector.cycle_analyzer: Unexpected: touched opposite terminal again in leg 2
2026-09-30 12:25:54 [INFO] shabbat_detector.cycle_analyzer: Cycle complete: 660s, up_stops=['9', '8', '2', '2', '3'], down_stops=['6', '2', '-1', '-1', '2', '-1', '8', '1']
2026-09-30 12:25:54 [INFO] shabbat_detector.fsm: [B] DetectorState.CANDIDATE_SHABBAT → DetectorState.NORMAL
2026-09-30 12:25:54 [INFO] detector: SHABBAT TRANSITION CANDIDATE_SHABBAT -> NORMAL | סיבה: מחזור לא תאם - עצירות לא חוקיות בעלייה: ['2', '3', '8', '9']; כיסוי קומות חלקי (עלייה 0%, ירידה 36%); 3 חריגות טיימינג
2026-09-30 12:26:54 [INFO] detector: Config updated remotely (keys=['SHABBAT_DETECTOR'])
2026-09-30 12:30:58 [INFO] shabbat_detector.hebcal_gate: Hebcal refreshed: 5 start(s), 2 end(s) (geo=281184, diaspora=True)
2026-09-30 12:30:58 [INFO] shabbat_detector.cycle_analyzer: Cycle complete: 274s, up_stops=['-1', '5', '4', '0', '3', '10', '3'], down_stops=[]
2026-09-30 12:30:58 [INFO] shabbat_detector.fsm: [B] DetectorState.NORMAL → DetectorState.CANDIDATE_SHABBAT
2026-09-30 12:30:58 [INFO] detector: SHABBAT TRANSITION NORMAL -> CANDIDATE_SHABBAT | סיבה: מחזור אפשרי החל - ממתין להשלמה
2026-09-30 12:30:58 [INFO] shabbat_detector.fsm: [B] DetectorState.CANDIDATE_SHABBAT → DetectorState.NORMAL
2026-09-30 12:30:58 [INFO] detector: SHABBAT TRANSITION CANDIDATE_SHABBAT -> NORMAL | סיבה: מחזור לא תאם - עצירות לא חוקיות בעלייה: ['10', '3', '4', '5']; כיסוי קומות חלקי (עלייה 67%, ירידה 0%); 3 חריגות טיימינג
2026-09-30 12:30:59 [INFO] detector: Config updated remotely (keys=['SHABBAT_DETECTOR'])
2026-09-30 12:32:59 [INFO] detector: Config updated remotely (keys=['SHABBAT_DETECTOR'])
2026-09-30 12:37:30 [INFO] shabbat_detector.cycle_analyzer: Cycle aborted: returned to BOTTOM without reaching TOP
2026-09-30 12:37:30 [INFO] shabbat_detector.fsm: [B] DetectorState.NORMAL → DetectorState.CANDIDATE_SHABBAT
2026-09-30 12:37:30 [INFO] detector: SHABBAT TRANSITION NORMAL -> CANDIDATE_SHABBAT | סיבה: מחזור אפשרי החל - ממתין להשלמה
2026-09-30 12:38:01 [INFO] detector: Config updated remotely (keys=['SHABBAT_DETECTOR'])
2026-09-30 12:40:37 [INFO] shabbat_detector.hebcal_gate: Hebcal refreshed: 5 start(s), 2 end(s) (geo=281184, diaspora=True)
2026-09-30 12:43:43 [INFO] shabbat_detector.cycle_analyzer: Cycle aborted: returned to BOTTOM without reaching TOP
2026-09-30 12:45:46 [INFO] shabbat_detector.cycle_analyzer: Cycle aborted: returned to BOTTOM without reaching TOP
2026-09-30 12:51:12 [INFO] shabbat_detector.hebcal_gate: Hebcal refreshed: 5 start(s), 2 end(s) (geo=281184, diaspora=True)
2026-09-30 12:53:17 [INFO] shabbat_detector.cycle_analyzer: Cycle complete: 451s, up_stops=['-1'], down_stops=['-1', '3', '11', '-1', '3', '-1']
2026-09-30 12:53:17 [INFO] shabbat_detector.fsm: [B] DetectorState.CANDIDATE_SHABBAT → DetectorState.NORMAL
2026-09-30 12:53:17 [INFO] detector: SHABBAT TRANSITION CANDIDATE_SHABBAT -> NORMAL | סיבה: מחזור לא תאם - כיסוי קומות חלקי (עלייה 33%, ירידה 21%); 2 חריגות טיימינג
2026-09-30 12:55:14 [INFO] shabbat_detector.cycle_analyzer: Cycle aborted: returned to BOTTOM without reaching TOP
2026-09-30 12:55:14 [INFO] shabbat_detector.fsm: [B] DetectorState.NORMAL → DetectorState.CANDIDATE_SHABBAT
2026-09-30 12:55:14 [INFO] detector: SHABBAT TRANSITION NORMAL -> CANDIDATE_SHABBAT | סיבה: מחזור אפשרי החל - ממתין להשלמה
2026-09-30 12:55:14 [INFO] detector: Config updated remotely (keys=['SHABBAT_DETECTOR'])
2026-09-30 12:56:44 [INFO] detector: Config updated remotely (keys=['SHABBAT_DETECTOR'])
2026-09-30 12:59:37 [INFO] shabbat_detector.cycle_analyzer: Cycle aborted: returned to BOTTOM without reaching TOP
2026-09-30 13:02:15 [INFO] shabbat_detector.hebcal_gate: Hebcal refreshed: 5 start(s), 2 end(s) (geo=281184, diaspora=True)
2026-09-30 13:03:14 [INFO] shabbat_detector.cycle_analyzer: Cycle recovered (missed TOP-terminal read): 217s, up_stops=['1', '11'], down_stops=[]
2026-09-30 13:03:14 [INFO] shabbat_detector.fsm: [B] DetectorState.CANDIDATE_SHABBAT → DetectorState.NORMAL
2026-09-30 13:03:14 [INFO] detector: SHABBAT TRANSITION CANDIDATE_SHABBAT -> NORMAL | סיבה: מחזור לא תאם - עצירות לא חוקיות בעלייה: ['1', '11']; כיסוי קומות חלקי (עלייה 0%, ירידה 0%); 2 חריגות טיימינג
2026-09-30 13:05:14 [INFO] detector: Config updated remotely (keys=['SHABBAT_DETECTOR'])
2026-09-30 13:06:39 [INFO] shabbat_detector.cycle_analyzer: Cycle complete: 234s, up_stops=['2'], down_stops=[]
2026-09-30 13:06:39 [INFO] shabbat_detector.fsm: [B] DetectorState.NORMAL → DetectorState.CANDIDATE_SHABBAT
2026-09-30 13:06:39 [INFO] detector: SHABBAT TRANSITION NORMAL -> CANDIDATE_SHABBAT | סיבה: מחזור אפשרי החל - ממתין להשלמה
2026-09-30 13:06:39 [INFO] shabbat_detector.fsm: [B] DetectorState.CANDIDATE_SHABBAT → DetectorState.NORMAL
2026-09-30 13:06:39 [INFO] detector: SHABBAT TRANSITION CANDIDATE_SHABBAT -> NORMAL | סיבה: מחזור לא תאם - עצירות לא חוקיות בעלייה: ['2']; כיסוי קומות חלקי (עלייה 0%, ירידה 0%); 1 חריגות טיימינג
2026-09-30 13:06:40 [INFO] detector: Config updated remotely (keys=['SHABBAT_DETECTOR'])
2026-09-30 13:07:09 [INFO] detector: Config updated remotely (keys=['SHABBAT_DETECTOR'])
2026-09-30 13:12:02 [INFO] shabbat_detector.hebcal_gate: Hebcal refreshed: 5 start(s), 2 end(s) (geo=281184, diaspora=True)
2026-09-30 13:13:08 [INFO] shabbat_detector.cycle_analyzer: Cycle complete: 371s, up_stops=['-2', '3', '11', '-1', '1', '6', '-1'], down_stops=['8']
2026-09-30 13:13:08 [INFO] shabbat_detector.fsm: [B] DetectorState.NORMAL → DetectorState.CANDIDATE_SHABBAT
2026-09-30 13:13:08 [INFO] detector: SHABBAT TRANSITION NORMAL -> CANDIDATE_SHABBAT | סיבה: מחזור אפשרי החל - ממתין להשלמה
2026-09-30 13:13:08 [INFO] shabbat_detector.fsm: [B] DetectorState.CANDIDATE_SHABBAT → DetectorState.NORMAL
2026-09-30 13:13:08 [INFO] detector: SHABBAT TRANSITION CANDIDATE_SHABBAT -> NORMAL | סיבה: מחזור לא תאם - עצירות לא חוקיות בעלייה: ['1', '11', '3', '6']; כיסוי קומות חלקי (עלייה 67%, ירידה 7%); 4 חריגות טיימינג
2026-09-30 13:13:09 [INFO] detector: Config updated remotely (keys=['SHABBAT_DETECTOR'])
2026-09-30 13:14:39 [INFO] detector: Config updated remotely (keys=['SHABBAT_DETECTOR'])
2026-09-30 13:19:39 [INFO] shabbat_detector.cycle_analyzer: Cycle recovered (missed TOP-terminal read): 394s, up_stops=['-1', '8', '4', '11'], down_stops=['6', '-1']
2026-09-30 13:19:39 [INFO] shabbat_detector.fsm: [B] DetectorState.NORMAL → DetectorState.CANDIDATE_SHABBAT
2026-09-30 13:19:39 [INFO] detector: SHABBAT TRANSITION NORMAL -> CANDIDATE_SHABBAT | סיבה: מחזור אפשרי החל - ממתין להשלמה
2026-09-30 13:19:40 [INFO] shabbat_detector.fsm: [B] DetectorState.CANDIDATE_SHABBAT → DetectorState.NORMAL
2026-09-30 13:19:40 [INFO] detector: SHABBAT TRANSITION CANDIDATE_SHABBAT -> NORMAL | סיבה: מחזור לא תאם - עצירות לא חוקיות בעלייה: ['11', '4', '8']; כיסוי קומות חלקי (עלייה 33%, ירידה 14%); 4 חריגות טיימינג
2026-09-30 13:19:40 [INFO] detector: Config updated remotely (keys=['SHABBAT_DETECTOR'])
2026-09-30 13:21:10 [INFO] detector: Config updated remotely (keys=['SHABBAT_DETECTOR'])
2026-09-30 13:24:02 [INFO] shabbat_detector.hebcal_gate: Hebcal refreshed: 5 start(s), 2 end(s) (geo=281184, diaspora=True)
2026-09-30 13:24:30 [INFO] shabbat_detector.cycle_analyzer: Cycle complete: 310s, up_stops=['5', '9', '7', '3', '1', '-1'], down_stops=[]
2026-09-30 13:24:30 [INFO] shabbat_detector.fsm: [B] DetectorState.NORMAL → DetectorState.CANDIDATE_SHABBAT
2026-09-30 13:24:30 [INFO] detector: SHABBAT TRANSITION NORMAL -> CANDIDATE_SHABBAT | סיבה: מחזור אפשרי החל - ממתין להשלמה
2026-09-30 13:24:30 [INFO] shabbat_detector.fsm: [B] DetectorState.CANDIDATE_SHABBAT → DetectorState.NORMAL
2026-09-30 13:24:30 [INFO] detector: SHABBAT TRANSITION CANDIDATE_SHABBAT -> NORMAL | סיבה: מחזור לא תאם - עצירות לא חוקיות בעלייה: ['1', '3', '5', '7', '9']; כיסוי קומות חלקי (עלייה 33%, ירידה 0%); 4 חריגות טיימינג
2026-09-30 13:24:30 [INFO] detector: Config updated remotely (keys=['SHABBAT_DETECTOR'])
2026-09-30 13:25:00 [INFO] detector: Config updated remotely (keys=['SHABBAT_DETECTOR'])
2026-09-30 13:33:14 [INFO] shabbat_detector.hebcal_gate: Hebcal refreshed: 5 start(s), 2 end(s) (geo=281184, diaspora=True)
2026-09-30 13:37:03 [WARNING] shabbat_detector.cycle_analyzer: Unexpected: touched opposite terminal again in leg 2
2026-09-30 13:40:38 [WARNING] shabbat_detector.cycle_analyzer: Unexpected: touched opposite terminal again in leg 2
2026-09-30 13:43:36 [INFO] shabbat_detector.hebcal_gate: Hebcal refreshed: 5 start(s), 2 end(s) (geo=281184, diaspora=True)
2026-09-30 13:48:36 [INFO] shabbat_detector.cycle_analyzer: Cycle complete: 1443s, up_stops=['2', '3', '0', '-1', '2', '3', '5', '6', '8', '9', '11', '7', '1', '-1', '11', '-1', '2'], down_stops=['10', '1', '-1', '6', '-1', '4', '8', '-1', '-2', '-1', '11', '1', '-1', '9', '10', '0', '-1', '0', '3', '-1', '3', '1', '0']
2026-09-30 13:48:36 [INFO] shabbat_detector.fsm: [B] DetectorState.NORMAL → DetectorState.CANDIDATE_SHABBAT
2026-09-30 13:48:36 [INFO] detector: SHABBAT TRANSITION NORMAL -> CANDIDATE_SHABBAT | סיבה: מחזור אפשרי החל - ממתין להשלמה
2026-09-30 13:48:37 [INFO] shabbat_detector.fsm: [B] DetectorState.CANDIDATE_SHABBAT → DetectorState.NORMAL
2026-09-30 13:48:37 [INFO] detector: SHABBAT TRANSITION CANDIDATE_SHABBAT -> NORMAL | סיבה: מחזור לא תאם - עצירות לא חוקיות בעלייה: ['1', '11', '2', '3', '5', '6', '7', '8', '9']; קפיצות-אחורה (עלייה 6, ירידה 10); חזרות על קומות (עלייה 6, ירידה 12); 6 חריגות טיימינג
2026-09-30 13:48:37 [INFO] detector: Config updated remotely (keys=['SHABBAT_DETECTOR'])
2026-09-30 13:50:37 [INFO] detector: Config updated remotely (keys=['SHABBAT_DETECTOR'])
2026-09-30 13:53:57 [INFO] shabbat_detector.hebcal_gate: Hebcal refreshed: 5 start(s), 2 end(s) (geo=281184, diaspora=True)
2026-09-30 13:57:40 [INFO] shabbat_detector.cycle_analyzer: Cycle complete: 454s, up_stops=['-1', '2', '1', '-1', '1', '-1', '0'], down_stops=['5', '4', '3', '0', '3', '0']
2026-09-30 13:57:40 [INFO] shabbat_detector.fsm: [B] DetectorState.NORMAL → DetectorState.CANDIDATE_SHABBAT
2026-09-30 13:57:40 [INFO] detector: SHABBAT TRANSITION NORMAL -> CANDIDATE_SHABBAT | סיבה: מחזור אפשרי החל - ממתין להשלמה
2026-09-30 13:57:40 [INFO] shabbat_detector.fsm: [B] DetectorState.CANDIDATE_SHABBAT → DetectorState.NORMAL
2026-09-30 13:57:40 [INFO] detector: SHABBAT TRANSITION CANDIDATE_SHABBAT -> NORMAL | סיבה: מחזור לא תאם - עצירות לא חוקיות בעלייה: ['1', '2']; כיסוי קומות חלקי (עלייה 67%, ירידה 28%); 5 חריגות טיימינג
2026-09-30 13:57:41 [INFO] detector: Config updated remotely (keys=['SHABBAT_DETECTOR'])
2026-09-30 13:58:10 [INFO] detector: Config updated remotely (keys=['SHABBAT_DETECTOR'])
2026-09-30 14:04:29 [INFO] shabbat_detector.hebcal_gate: Hebcal refreshed: 5 start(s), 2 end(s) (geo=281184, diaspora=True)
2026-09-30 14:11:17 [WARNING] shabbat_detector.cycle_analyzer: Unexpected: touched opposite terminal again in leg 2
2026-09-30 14:12:50 [INFO] shabbat_detector.cycle_analyzer: Cycle complete: 1000s, up_stops=[], down_stops=['-1', '3', '4', '1', '0', '1', '0', '-1', '1', '-1', '2', '3', '11', '2', '-1']
2026-09-30 14:12:50 [INFO] shabbat_detector.fsm: [B] DetectorState.NORMAL → DetectorState.CANDIDATE_SHABBAT
2026-09-30 14:12:50 [INFO] detector: SHABBAT TRANSITION NORMAL -> CANDIDATE_SHABBAT | סיבה: מחזור אפשרי החל - ממתין להשלמה
2026-09-30 14:12:51 [INFO] shabbat_detector.fsm: [B] DetectorState.CANDIDATE_SHABBAT → DetectorState.NORMAL
2026-09-30 14:12:51 [INFO] detector: SHABBAT TRANSITION CANDIDATE_SHABBAT -> NORMAL | סיבה: מחזור לא תאם - כיסוי קומות חלקי (עלייה 0%, ירידה 50%); קפיצות-אחורה (עלייה 0, ירידה 7); 5 חריגות טיימינג
2026-09-30 14:12:51 [INFO] detector: Config updated remotely (keys=['SHABBAT_DETECTOR'])
2026-09-30 14:14:16 [INFO] shabbat_detector.hebcal_gate: Hebcal refreshed: 5 start(s), 2 end(s) (geo=281184, diaspora=True)
2026-09-30 14:14:51 [INFO] detector: Config updated remotely (keys=['SHABBAT_DETECTOR'])
2026-09-30 14:18:42 [INFO] shabbat_detector.cycle_analyzer: Cycle aborted: returned to BOTTOM without reaching TOP
2026-09-30 14:18:42 [INFO] shabbat_detector.fsm: [B] DetectorState.NORMAL → DetectorState.CANDIDATE_SHABBAT
2026-09-30 14:18:42 [INFO] detector: SHABBAT TRANSITION NORMAL -> CANDIDATE_SHABBAT | סיבה: מחזור אפשרי החל - ממתין להשלמה
2026-09-30 14:20:12 [INFO] detector: Config updated remotely (keys=['SHABBAT_DETECTOR'])
2026-09-30 14:25:17 [INFO] shabbat_detector.hebcal_gate: Hebcal refreshed: 5 start(s), 2 end(s) (geo=281184, diaspora=True)
2026-09-30 14:26:28 [INFO] shabbat_detector.cycle_analyzer: Cycle recovered (missed TOP-terminal read): 488s, up_stops=['-1', '11'], down_stops=['-1', '0', '3', '1', '-1', '1', '0']
2026-09-30 14:26:28 [INFO] shabbat_detector.fsm: [B] DetectorState.CANDIDATE_SHABBAT → DetectorState.NORMAL
2026-09-30 14:26:28 [INFO] detector: SHABBAT TRANSITION CANDIDATE_SHABBAT -> NORMAL | סיבה: מחזור לא תאם - עצירות לא חוקיות בעלייה: ['11']; כיסוי קומות חלקי (עלייה 33%, ירידה 28%); 5 חריגות טיימינג
2026-09-30 14:28:28 [INFO] detector: Config updated remotely (keys=['SHABBAT_DETECTOR'])
2026-09-30 14:37:32 [INFO] shabbat_detector.hebcal_gate: Hebcal refreshed: 5 start(s), 2 end(s) (geo=281184, diaspora=True)
2026-09-30 14:50:47 [INFO] shabbat_detector.hebcal_gate: Hebcal refreshed: 5 start(s), 2 end(s) (geo=281184, diaspora=True)
2026-09-30 14:50:47 [INFO] shabbat_detector.cycle_analyzer: Elevator idle 364s - resetting cycle (was in _Phase.LEG_TWO)
2026-09-30 14:50:47 [INFO] shabbat_detector.fsm: [B] DetectorState.NORMAL → DetectorState.CANDIDATE_SHABBAT
2026-09-30 14:50:47 [INFO] detector: SHABBAT TRANSITION NORMAL -> CANDIDATE_SHABBAT | סיבה: מחזור אפשרי החל - ממתין להשלמה
2026-09-30 14:51:42 [INFO] shabbat_detector.cycle_analyzer: Cycle aborted: returned to BOTTOM without reaching TOP
2026-09-30 14:52:47 [INFO] detector: Config updated remotely (keys=['SHABBAT_DETECTOR'])
2026-09-30 14:58:07 [INFO] shabbat_detector.cycle_analyzer: Cycle aborted: returned to BOTTOM without reaching TOP
2026-09-30 15:01:28 [INFO] shabbat_detector.hebcal_gate: Hebcal refreshed: 5 start(s), 2 end(s) (geo=281184, diaspora=True)
2026-09-30 15:06:15 [INFO] shabbat_detector.cycle_analyzer: Cycle aborted: returned to BOTTOM without reaching TOP
2026-09-30 15:11:26 [INFO] shabbat_detector.hebcal_gate: Hebcal refreshed: 5 start(s), 2 end(s) (geo=281184, diaspora=True)
2026-09-30 15:15:52 [INFO] shabbat_detector.cycle_analyzer: Cycle recovered (missed TOP-terminal read): 707s, up_stops=['11'], down_stops=['3', '-1', '9', '2']
2026-09-30 15:15:52 [INFO] shabbat_detector.fsm: [B] DetectorState.CANDIDATE_SHABBAT → DetectorState.NORMAL
2026-09-30 15:15:52 [INFO] detector: SHABBAT TRANSITION CANDIDATE_SHABBAT -> NORMAL | סיבה: מחזור לא תאם - עצירות לא חוקיות בעלייה: ['11']; כיסוי קומות חלקי (עלייה 0%, ירידה 28%); 5 חריגות טיימינג
2026-09-30 15:18:22 [INFO] detector: Config updated remotely (keys=['SHABBAT_DETECTOR'])
2026-09-30 15:18:59 [INFO] shabbat_detector.cycle_analyzer: Cycle recovered (missed TOP-terminal read): 188s, up_stops=['-1', '1', '11'], down_stops=['3']
2026-09-30 15:18:59 [INFO] shabbat_detector.fsm: [B] DetectorState.NORMAL → DetectorState.CANDIDATE_SHABBAT
2026-09-30 15:18:59 [INFO] detector: SHABBAT TRANSITION NORMAL -> CANDIDATE_SHABBAT | סיבה: מחזור אפשרי החל - ממתין להשלמה
2026-09-30 15:18:59 [INFO] shabbat_detector.fsm: [B] DetectorState.CANDIDATE_SHABBAT → DetectorState.NORMAL
2026-09-30 15:18:59 [INFO] detector: SHABBAT TRANSITION CANDIDATE_SHABBAT -> NORMAL | סיבה: מחזור לא תאם - עצירות לא חוקיות בעלייה: ['1', '11']; כיסוי קומות חלקי (עלייה 33%, ירידה 7%); 2 חריגות טיימינג
2026-09-30 15:19:00 [INFO] detector: Config updated remotely (keys=['SHABBAT_DETECTOR'])
2026-09-30 15:20:30 [INFO] detector: Config updated remotely (keys=['SHABBAT_DETECTOR'])
2026-09-30 15:21:13 [INFO] shabbat_detector.hebcal_gate: Hebcal refreshed: 5 start(s), 2 end(s) (geo=281184, diaspora=True)
2026-09-30 15:23:14 [INFO] shabbat_detector.cycle_analyzer: Cycle complete: 201s, up_stops=['-2', '11'], down_stops=['-1']
2026-09-30 15:23:14 [INFO] shabbat_detector.fsm: [B] DetectorState.NORMAL → DetectorState.CANDIDATE_SHABBAT
2026-09-30 15:23:14 [INFO] detector: SHABBAT TRANSITION NORMAL -> CANDIDATE_SHABBAT | סיבה: מחזור אפשרי החל - ממתין להשלמה
2026-09-30 15:23:15 [INFO] shabbat_detector.fsm: [B] DetectorState.CANDIDATE_SHABBAT → DetectorState.NORMAL
2026-09-30 15:23:15 [INFO] detector: SHABBAT TRANSITION CANDIDATE_SHABBAT -> NORMAL | סיבה: מחזור לא תאם - עצירות לא חוקיות בעלייה: ['11']; כיסוי קומות חלקי (עלייה 33%, ירידה 7%); 2 חריגות טיימינג
2026-09-30 15:23:16 [INFO] detector: Config updated remotely (keys=['SHABBAT_DETECTOR'])
2026-09-30 15:25:45 [INFO] detector: Config updated remotely (keys=['SHABBAT_DETECTOR'])
2026-09-30 15:26:18 [INFO] shabbat_detector.cycle_analyzer: Cycle aborted: returned to BOTTOM without reaching TOP
2026-09-30 15:26:18 [INFO] shabbat_detector.fsm: [B] DetectorState.NORMAL → DetectorState.CANDIDATE_SHABBAT
2026-09-30 15:26:18 [INFO] detector: SHABBAT TRANSITION NORMAL -> CANDIDATE_SHABBAT | סיבה: מחזור אפשרי החל - ממתין להשלמה
2026-09-30 15:28:19 [INFO] detector: Config updated remotely (keys=['SHABBAT_DETECTOR'])
2026-09-30 15:35:02 [INFO] shabbat_detector.hebcal_gate: Hebcal refreshed: 5 start(s), 2 end(s) (geo=281184, diaspora=True)
2026-09-30 15:35:02 [WARNING] shabbat_detector.cycle_analyzer: Unexpected: touched opposite terminal again in leg 2
2026-09-30 15:37:01 [INFO] shabbat_detector.cycle_analyzer: Cycle complete: 613s, up_stops=['-2'], down_stops=['10']
2026-09-30 15:37:01 [INFO] shabbat_detector.fsm: [B] DetectorState.CANDIDATE_SHABBAT → DetectorState.NORMAL
2026-09-30 15:37:01 [INFO] detector: SHABBAT TRANSITION CANDIDATE_SHABBAT -> NORMAL | סיבה: מחזור לא תאם - כיסוי קומות חלקי (עלייה 33%, ירידה 7%); 1 חריגות טיימינג
2026-09-30 15:38:02 [INFO] detector: Config updated remotely (keys=['SHABBAT_DETECTOR'])
2026-09-30 15:44:57 [INFO] shabbat_detector.hebcal_gate: Hebcal refreshed: 5 start(s), 2 end(s) (geo=281184, diaspora=True)
2026-09-30 15:55:57 [INFO] shabbat_detector.hebcal_gate: Hebcal refreshed: 5 start(s), 2 end(s) (geo=281184, diaspora=True)
2026-09-30 16:07:41 [INFO] shabbat_detector.hebcal_gate: Hebcal refreshed: 5 start(s), 2 end(s) (geo=281184, diaspora=True)
2026-09-30 16:11:44 [WARNING] shabbat_detector.cycle_analyzer: Unexpected: touched opposite terminal again in leg 2
2026-09-30 16:16:48 [INFO] shabbat_detector.cycle_analyzer: Cycle complete: 2447s, up_stops=['2', '3', '1', '11', '10', '-1', '6', '-1', '8', '-1', '-2', '1'], down_stops=['11', '8', '6', '2', '-1', '-1', '9', '1', '-1', '-2', '3', '6', '-1', '5', '10', '1', '1', '3', '1', '2', '-1', '3', '6', '-1', '4', '2', '-1', '5']
2026-09-30 16:16:48 [INFO] shabbat_detector.fsm: [B] DetectorState.NORMAL → DetectorState.CANDIDATE_SHABBAT
2026-09-30 16:16:48 [INFO] detector: SHABBAT TRANSITION NORMAL -> CANDIDATE_SHABBAT | סיבה: מחזור אפשרי החל - ממתין להשלמה
2026-09-30 16:16:48 [INFO] shabbat_detector.fsm: [B] DetectorState.CANDIDATE_SHABBAT → DetectorState.NORMAL
2026-09-30 16:16:48 [INFO] detector: SHABBAT TRANSITION CANDIDATE_SHABBAT -> NORMAL | סיבה: מחזור לא תאם - עצירות לא חוקיות בעלייה: ['1', '10', '11', '2', '3', '6', '8']; קפיצות-אחורה (עלייה 6, ירידה 11); חזרות על קומות (עלייה 3, ירידה 16); 7 חריגות טיימינג
2026-09-30 16:16:49 [INFO] detector: Config updated remotely (keys=['SHABBAT_DETECTOR'])
2026-09-30 16:18:20 [INFO] shabbat_detector.hebcal_gate: Hebcal refreshed: 5 start(s), 2 end(s) (geo=281184, diaspora=True)
2026-09-30 16:18:20 [INFO] shabbat_detector.cycle_analyzer: Cycle aborted: returned to BOTTOM without reaching TOP
2026-09-30 16:18:20 [INFO] shabbat_detector.fsm: [B] DetectorState.NORMAL → DetectorState.CANDIDATE_SHABBAT
2026-09-30 16:18:20 [INFO] detector: SHABBAT TRANSITION NORMAL -> CANDIDATE_SHABBAT | סיבה: מחזור אפשרי החל - ממתין להשלמה
2026-09-30 16:18:20 [INFO] detector: Config updated remotely (keys=['SHABBAT_DETECTOR'])
2026-09-30 16:19:12 [INFO] shabbat_detector.cycle_analyzer: Cycle aborted: returned to BOTTOM without reaching TOP
2026-09-30 16:19:50 [INFO] detector: Config updated remotely (keys=['SHABBAT_DETECTOR'])
2026-09-30 16:28:01 [INFO] shabbat_detector.cycle_analyzer: Elevator idle 424s - resetting cycle (was in _Phase.LEG_TWO)
2026-09-30 16:28:51 [INFO] shabbat_detector.hebcal_gate: Hebcal refreshed: 5 start(s), 2 end(s) (geo=281184, diaspora=True)
2026-09-30 16:35:39 [INFO] shabbat_detector.cycle_analyzer: Cycle complete: 449s, up_stops=['5', '7', '8'], down_stops=['11', '-1', '10', '6']
2026-09-30 16:35:39 [INFO] shabbat_detector.fsm: [B] DetectorState.CANDIDATE_SHABBAT → DetectorState.NORMAL
2026-09-30 16:35:39 [INFO] detector: SHABBAT TRANSITION CANDIDATE_SHABBAT -> NORMAL | סיבה: מחזור לא תאם - עצירות לא חוקיות בעלייה: ['5', '7', '8']; כיסוי קומות חלקי (עלייה 0%, ירידה 28%); 7 חריגות טיימינג
2026-09-30 16:37:29 [INFO] shabbat_detector.cycle_analyzer: Cycle aborted: returned to TOP without reaching BOTTOM
2026-09-30 16:37:29 [INFO] shabbat_detector.fsm: [B] DetectorState.NORMAL → DetectorState.CANDIDATE_SHABBAT
2026-09-30 16:37:29 [INFO] detector: SHABBAT TRANSITION NORMAL -> CANDIDATE_SHABBAT | סיבה: מחזור אפשרי החל - ממתין להשלמה
2026-09-30 16:37:30 [INFO] detector: Config updated remotely (keys=['SHABBAT_DETECTOR'])
2026-09-30 16:38:59 [INFO] detector: Config updated remotely (keys=['SHABBAT_DETECTOR'])
2026-09-30 16:39:00 [INFO] shabbat_detector.hebcal_gate: Hebcal refreshed: 5 start(s), 2 end(s) (geo=281184, diaspora=True)
2026-09-30 16:43:42 [INFO] shabbat_detector.cycle_analyzer: Cycle aborted: returned to TOP without reaching BOTTOM
2026-09-30 16:48:12 [WARNING] shabbat_detector.cycle_analyzer: Unexpected: touched opposite terminal again in leg 2
2026-09-30 16:49:20 [INFO] shabbat_detector.hebcal_gate: Hebcal refreshed: 5 start(s), 2 end(s) (geo=281184, diaspora=True)
2026-09-30 17:00:06 [INFO] shabbat_detector.hebcal_gate: Hebcal refreshed: 5 start(s), 2 end(s) (geo=281184, diaspora=True)
2026-09-30 17:02:32 [WARNING] shabbat_detector.cycle_analyzer: Unexpected: touched opposite terminal again in leg 2
2026-09-30 17:06:18 [WARNING] shabbat_detector.cycle_analyzer: Unexpected: touched opposite terminal again in leg 2
2026-09-30 17:09:25 [INFO] shabbat_detector.cycle_analyzer: Cycle complete: 1497s, up_stops=['5', '11', '3', '-1', '10', '9', '-1', '3', '4', '1', '-1', '2', '3', '0', '-1', '2', '8', '3', '4', '2'], down_stops=['3']
2026-09-30 17:09:25 [INFO] shabbat_detector.fsm: [B] DetectorState.CANDIDATE_SHABBAT → DetectorState.NORMAL
2026-09-30 17:09:25 [INFO] detector: SHABBAT TRANSITION CANDIDATE_SHABBAT -> NORMAL | סיבה: מחזור לא תאם - עצירות לא חוקיות בעלייה: ['1', '10', '11', '2', '3', '4', '5', '8', '9']; כיסוי קומות חלקי (עלייה 67%, ירידה 7%); קפיצות-אחורה (עלייה 10, ירידה 0); 8 חריגות טיימינג
2026-09-30 17:09:36 [INFO] shabbat_detector.hebcal_gate: Hebcal refreshed: 5 start(s), 2 end(s) (geo=281184, diaspora=True)
2026-09-30 17:10:25 [INFO] detector: Config updated remotely (keys=['SHABBAT_DETECTOR'])
2026-09-30 17:12:28 [WARNING] shabbat_detector.cycle_analyzer: Unexpected: touched opposite terminal again in leg 2
2026-09-30 17:20:01 [INFO] shabbat_detector.hebcal_gate: Hebcal refreshed: 5 start(s), 2 end(s) (geo=281184, diaspora=True)
2026-09-30 17:23:42 [WARNING] shabbat_detector.cycle_analyzer: Unexpected: touched opposite terminal again in leg 2
2026-09-30 17:24:54 [INFO] shabbat_detector.cycle_analyzer: Cycle complete: 984s, up_stops=['2', '4', '3', '-1', '-2', '3', '6', '-1', '-2', '3', '7', '11', '-1', '4', '1', '-1', '9', '-1', '1', '10'], down_stops=[]
2026-09-30 17:24:54 [INFO] shabbat_detector.fsm: [B] DetectorState.NORMAL → DetectorState.CANDIDATE_SHABBAT
2026-09-30 17:24:54 [INFO] detector: SHABBAT TRANSITION NORMAL -> CANDIDATE_SHABBAT | סיבה: מחזור אפשרי החל - ממתין להשלמה
2026-09-30 17:24:54 [INFO] shabbat_detector.fsm: [B] DetectorState.CANDIDATE_SHABBAT → DetectorState.NORMAL
2026-09-30 17:24:54 [INFO] detector: SHABBAT TRANSITION CANDIDATE_SHABBAT -> NORMAL | סיבה: מחזור לא תאם - עצירות לא חוקיות בעלייה: ['1', '10', '11', '2', '3', '4', '6', '7', '9']; כיסוי קומות חלקי (עלייה 67%, ירידה 0%); קפיצות-אחורה (עלייה 9, ירידה 0); 8 חריגות טיימינג
2026-09-30 17:24:55 [INFO] detector: Config updated remotely (keys=['SHABBAT_DETECTOR'])
2026-09-30 17:25:25 [INFO] shabbat_detector.cycle_analyzer: Cycle aborted: returned to TOP without reaching BOTTOM
2026-09-30 17:25:25 [INFO] shabbat_detector.fsm: [B] DetectorState.NORMAL → DetectorState.CANDIDATE_SHABBAT
2026-09-30 17:25:25 [INFO] detector: SHABBAT TRANSITION NORMAL -> CANDIDATE_SHABBAT | סיבה: מחזור אפשרי החל - ממתין להשלמה
2026-09-30 17:25:26 [INFO] detector: Config updated remotely (keys=['SHABBAT_DETECTOR'])
2026-09-30 17:27:26 [INFO] detector: Config updated remotely (keys=['SHABBAT_DETECTOR'])
2026-09-30 17:29:03 [WARNING] shabbat_detector.cycle_analyzer: Unexpected: touched opposite terminal again in leg 2
2026-09-30 17:30:17 [INFO] shabbat_detector.hebcal_gate: Hebcal refreshed: 5 start(s), 2 end(s) (geo=281184, diaspora=True)
2026-09-30 17:31:13 [INFO] shabbat_detector.cycle_analyzer: Cycle complete: 320s, up_stops=['1', '0', '0', '1', '3'], down_stops=['11', '6', '-1']
2026-09-30 17:31:13 [INFO] shabbat_detector.fsm: [B] DetectorState.CANDIDATE_SHABBAT → DetectorState.NORMAL
2026-09-30 17:31:13 [INFO] detector: SHABBAT TRANSITION CANDIDATE_SHABBAT -> NORMAL | סיבה: מחזור לא תאם - עצירות לא חוקיות בעלייה: ['1', '3']; כיסוי קומות חלקי (עלייה 33%, ירידה 21%); 3 חריגות טיימינג
2026-09-30 17:31:57 [INFO] shabbat_detector.cycle_analyzer: Cycle aborted: returned to TOP without reaching BOTTOM
2026-09-30 17:31:57 [INFO] shabbat_detector.fsm: [B] DetectorState.NORMAL → DetectorState.CANDIDATE_SHABBAT
2026-09-30 17:31:57 [INFO] detector: SHABBAT TRANSITION NORMAL -> CANDIDATE_SHABBAT | סיבה: מחזור אפשרי החל - ממתין להשלמה
2026-09-30 17:31:57 [INFO] detector: Config updated remotely (keys=['SHABBAT_DETECTOR'])
2026-09-30 17:33:27 [INFO] detector: Config updated remotely (keys=['SHABBAT_DETECTOR'])
2026-09-30 17:36:54 [WARNING] shabbat_detector.cycle_analyzer: Unexpected: touched opposite terminal again in leg 2
2026-09-30 17:40:50 [INFO] shabbat_detector.hebcal_gate: Hebcal refreshed: 5 start(s), 2 end(s) (geo=281184, diaspora=True)
2026-09-30 17:50:47 [INFO] shabbat_detector.hebcal_gate: Hebcal refreshed: 5 start(s), 2 end(s) (geo=281184, diaspora=True)
2026-09-30 17:51:31 [WARNING] shabbat_detector.cycle_analyzer: Unexpected: touched opposite terminal again in leg 2
2026-09-30 17:57:33 [INFO] shabbat_detector.cycle_analyzer: Cycle complete: 1507s, up_stops=['1', '-1', '10', '1', '-2', '11', '3', '4', '-1', '1', '6', '-1', '4', '8', '11', '9', '0', '-1', '11', '3', '1', '5', '1', '-1', '8', '-1', '-2', '-2', '-1', '11', '10', '0', '6', '4', '3', '0', '-1', '8'], down_stops=['5']
2026-09-30 17:57:33 [INFO] shabbat_detector.fsm: [B] DetectorState.CANDIDATE_SHABBAT → DetectorState.NORMAL
2026-09-30 17:57:33 [INFO] detector: SHABBAT TRANSITION CANDIDATE_SHABBAT -> NORMAL | סיבה: מחזור לא תאם - עצירות לא חוקיות בעלייה: ['1', '10', '11', '3', '4', '5', '6', '8', '9']; כיסוי קומות חלקי (עלייה 100%, ירידה 7%); קפיצות-אחורה (עלייה 21, ירידה 0); חזרות על קומות (עלייה 26, ירידה 0); 4 חריגות טיימינג
2026-09-30 17:58:03 [INFO] detector: Config updated remotely (keys=['SHABBAT_DETECTOR'])
2026-09-30 18:01:22 [INFO] shabbat_detector.hebcal_gate: Hebcal refreshed: 5 start(s), 2 end(s) (geo=281184, diaspora=True)
2026-09-30 18:01:22 [INFO] shabbat_detector.cycle_analyzer: Cycle aborted: returned to TOP without reaching BOTTOM
2026-09-30 18:01:22 [INFO] shabbat_detector.fsm: [B] DetectorState.NORMAL → DetectorState.CANDIDATE_SHABBAT
2026-09-30 18:01:22 [INFO] detector: SHABBAT TRANSITION NORMAL -> CANDIDATE_SHABBAT | סיבה: מחזור אפשרי החל - ממתין להשלמה
2026-09-30 18:03:22 [INFO] detector: Config updated remotely (keys=['SHABBAT_DETECTOR'])
2026-09-30 18:11:51 [INFO] shabbat_detector.hebcal_gate: Hebcal refreshed: 5 start(s), 2 end(s) (geo=281184, diaspora=True)
2026-09-30 18:13:38 [INFO] shabbat_detector.cycle_analyzer: Cycle complete: 726s, up_stops=['5', '-1', '1', '6', '3', '1', '-1', '-2', '3', '-2', '3', '-1', '7', '3', '-1', '8'], down_stops=['4', '-1', '3', '-2']
2026-09-30 18:13:38 [INFO] shabbat_detector.fsm: [B] DetectorState.CANDIDATE_SHABBAT → DetectorState.NORMAL
2026-09-30 18:13:38 [INFO] detector: SHABBAT TRANSITION CANDIDATE_SHABBAT -> NORMAL | סיבה: מחזור לא תאם - עצירות לא חוקיות בעלייה: ['1', '3', '5', '6', '7', '8']; כיסוי קומות חלקי (עלייה 67%, ירידה 28%); קפיצות-אחורה (עלייה 9, ירידה 1); 4 חריגות טיימינג
2026-09-30 18:14:08 [INFO] detector: Config updated remotely (keys=['SHABBAT_DETECTOR'])
2026-09-30 18:21:59 [INFO] shabbat_detector.hebcal_gate: Hebcal refreshed: 5 start(s), 2 end(s) (geo=281184, diaspora=True)
2026-09-30 18:30:00 [INFO] shabbat_detector.cycle_analyzer: Cycle complete: 959s, up_stops=['1', '-1', '1', '4', '10', '5', '-1', '-2', '5', '10', '-1', '6'], down_stops=['1', '4', '4', '-2', '9', '-1', '3', '-2', '-1', '4']
2026-09-30 18:30:00 [INFO] shabbat_detector.fsm: [B] DetectorState.NORMAL → DetectorState.CANDIDATE_SHABBAT
2026-09-30 18:30:00 [INFO] detector: SHABBAT TRANSITION NORMAL -> CANDIDATE_SHABBAT | סיבה: מחזור אפשרי החל - ממתין להשלמה
2026-09-30 18:30:00 [INFO] shabbat_detector.fsm: [B] DetectorState.CANDIDATE_SHABBAT → DetectorState.NORMAL
2026-09-30 18:30:00 [INFO] detector: SHABBAT TRANSITION CANDIDATE_SHABBAT -> NORMAL | סיבה: מחזור לא תאם - עצירות לא חוקיות בעלייה: ['1', '10', '4', '5', '6']; כיסוי קומות חלקי (עלייה 67%, ירידה 43%); קפיצות-אחורה (עלייה 5, ירידה 5); 6 חריגות טיימינג
2026-09-30 18:30:01 [INFO] detector: Config updated remotely (keys=['SHABBAT_DETECTOR'])
2026-09-30 18:30:55 [INFO] shabbat_detector.cycle_analyzer: Cycle aborted: returned to TOP without reaching BOTTOM
2026-09-30 18:30:55 [INFO] shabbat_detector.fsm: [B] DetectorState.NORMAL → DetectorState.CANDIDATE_SHABBAT
2026-09-30 18:30:55 [INFO] detector: SHABBAT TRANSITION NORMAL -> CANDIDATE_SHABBAT | סיבה: מחזור אפשרי החל - ממתין להשלמה
2026-09-30 18:30:55 [INFO] detector: Config updated remotely (keys=['SHABBAT_DETECTOR'])
2026-09-30 18:31:25 [INFO] detector: Config updated remotely (keys=['SHABBAT_DETECTOR'])
2026-09-30 18:33:09 [INFO] shabbat_detector.hebcal_gate: Hebcal refreshed: 5 start(s), 2 end(s) (geo=281184, diaspora=True)
2026-09-30 18:36:33 [INFO] shabbat_detector.cycle_analyzer: Cycle aborted: returned to TOP without reaching BOTTOM
2026-09-30 18:38:21 [INFO] shabbat_detector.cycle_analyzer: Cycle complete: 110s, up_stops=['1'], down_stops=['0', '-1']
2026-09-30 18:38:21 [INFO] shabbat_detector.fsm: [B] DetectorState.CANDIDATE_SHABBAT → DetectorState.NORMAL
2026-09-30 18:38:21 [INFO] detector: SHABBAT TRANSITION CANDIDATE_SHABBAT -> NORMAL | סיבה: מחזור לא תאם - עצירות לא חוקיות בעלייה: ['1']; כיסוי קומות חלקי (עלייה 0%, ירידה 14%); 1 חריגות טיימינג
2026-09-30 18:39:51 [INFO] detector: Config updated remotely (keys=['SHABBAT_DETECTOR'])
2026-09-30 18:42:36 [INFO] shabbat_detector.hebcal_gate: Hebcal refreshed: 5 start(s), 2 end(s) (geo=281184, diaspora=True)
2026-09-30 18:52:49 [INFO] shabbat_detector.hebcal_gate: Hebcal refreshed: 5 start(s), 2 end(s) (geo=281184, diaspora=True)
2026-09-30 18:54:08 [WARNING] shabbat_detector.cycle_analyzer: Unexpected: touched opposite terminal again in leg 2
2026-09-30 18:57:27 [WARNING] shabbat_detector.cycle_analyzer: Unexpected: touched opposite terminal again in leg 2
2026-09-30 18:58:43 [INFO] shabbat_detector.cycle_analyzer: Cycle complete: 1173s, up_stops=['-2', '0', '6', '4', '0', '-2', '6', '10', '5', '-1', '-2', '6', '-2', '-1', '1', '3', '5', '5', '7', '9', '11', '6', '0', '6', '1', '5', '2'], down_stops=['10']
2026-09-30 18:58:43 [INFO] shabbat_detector.fsm: [B] DetectorState.NORMAL → DetectorState.CANDIDATE_SHABBAT
2026-09-30 18:58:43 [INFO] detector: SHABBAT TRANSITION NORMAL -> CANDIDATE_SHABBAT | סיבה: מחזור אפשרי החל - ממתין להשלמה
2026-09-30 18:58:43 [INFO] shabbat_detector.fsm: [B] DetectorState.CANDIDATE_SHABBAT → DetectorState.NORMAL
2026-09-30 18:58:43 [INFO] detector: SHABBAT TRANSITION CANDIDATE_SHABBAT -> NORMAL | סיבה: מחזור לא תאם - עצירות לא חוקיות בעלייה: ['1', '10', '11', '2', '3', '4', '5', '6', '7', '9']; כיסוי קומות חלקי (עלייה 100%, ירידה 7%); קפיצות-אחורה (עלייה 11, ירידה 0); חזרות על קומות (עלייה 14, ירידה 0); 6 חריגות טיימינג
2026-09-30 18:58:44 [INFO] detector: Config updated remotely (keys=['SHABBAT_DETECTOR'])
2026-09-30 18:59:43 [INFO] detector: Config updated remotely (keys=['SHABBAT_DETECTOR'])
2026-09-30 19:02:06 [WARNING] shabbat_detector.cycle_analyzer: Unexpected: touched opposite terminal again in leg 2
2026-09-30 19:03:28 [INFO] shabbat_detector.hebcal_gate: Hebcal refreshed: 5 start(s), 2 end(s) (geo=281184, diaspora=True)
2026-09-30 19:04:57 [WARNING] shabbat_detector.cycle_analyzer: Unexpected: touched opposite terminal again in leg 2
2026-09-30 19:06:41 [INFO] shabbat_detector.cycle_analyzer: Cycle complete: 494s, up_stops=['1', '3', '7', '2', '-1'], down_stops=[]
2026-09-30 19:06:41 [INFO] shabbat_detector.fsm: [B] DetectorState.NORMAL → DetectorState.CANDIDATE_SHABBAT
2026-09-30 19:06:41 [INFO] detector: SHABBAT TRANSITION NORMAL -> CANDIDATE_SHABBAT | סיבה: מחזור אפשרי החל - ממתין להשלמה
2026-09-30 19:06:41 [INFO] shabbat_detector.fsm: [B] DetectorState.CANDIDATE_SHABBAT → DetectorState.NORMAL
2026-09-30 19:06:41 [INFO] detector: SHABBAT TRANSITION CANDIDATE_SHABBAT -> NORMAL | סיבה: מחזור לא תאם - עצירות לא חוקיות בעלייה: ['1', '2', '3', '7']; כיסוי קומות חלקי (עלייה 33%, ירידה 0%); 4 חריגות טיימינג
2026-09-30 19:06:42 [INFO] detector: Config updated remotely (keys=['SHABBAT_DETECTOR'])
2026-09-30 19:08:42 [INFO] detector: Config updated remotely (keys=['SHABBAT_DETECTOR'])
2026-09-30 19:15:16 [INFO] shabbat_detector.hebcal_gate: Hebcal refreshed: 5 start(s), 2 end(s) (geo=281184, diaspora=True)
2026-09-30 19:15:16 [INFO] shabbat_detector.cycle_analyzer: Cycle recovered (missed BOTTOM-terminal read): 454s, up_stops=['1', '0'], down_stops=['3', '-2']
2026-09-30 19:15:16 [INFO] shabbat_detector.fsm: [B] DetectorState.NORMAL → DetectorState.CANDIDATE_SHABBAT
2026-09-30 19:15:16 [INFO] detector: SHABBAT TRANSITION NORMAL -> CANDIDATE_SHABBAT | סיבה: מחזור אפשרי החל - ממתין להשלמה
2026-09-30 19:15:16 [INFO] shabbat_detector.fsm: [B] DetectorState.CANDIDATE_SHABBAT → DetectorState.NORMAL
2026-09-30 19:15:16 [INFO] detector: SHABBAT TRANSITION CANDIDATE_SHABBAT -> NORMAL | סיבה: מחזור לא תאם - עצירות לא חוקיות בעלייה: ['1']; כיסוי קומות חלקי (עלייה 33%, ירידה 14%); 4 חריגות טיימינג
2026-09-30 19:15:17 [INFO] detector: Config updated remotely (keys=['SHABBAT_DETECTOR'])
2026-09-30 19:15:17 [INFO] detector: Config updated remotely (keys=['SHABBAT_DETECTOR'])
2026-09-30 19:24:29 [INFO] shabbat_detector.hebcal_gate: Hebcal refreshed: 5 start(s), 2 end(s) (geo=281184, diaspora=True)
2026-09-30 19:26:10 [INFO] shabbat_detector.cycle_analyzer: Cycle aborted: returned to TOP without reaching BOTTOM
2026-09-30 19:26:10 [INFO] shabbat_detector.fsm: [B] DetectorState.NORMAL → DetectorState.CANDIDATE_SHABBAT
2026-09-30 19:26:10 [INFO] detector: SHABBAT TRANSITION NORMAL -> CANDIDATE_SHABBAT | סיבה: מחזור אפשרי החל - ממתין להשלמה
2026-09-30 19:27:11 [INFO] detector: Config updated remotely (keys=['SHABBAT_DETECTOR'])
2026-09-30 19:31:05 [INFO] shabbat_detector.cycle_analyzer: Cycle complete: 293s, up_stops=['0', '-2', '6'], down_stops=['1', '-1', '2', '6', '-2']
2026-09-30 19:31:05 [INFO] shabbat_detector.fsm: [B] DetectorState.CANDIDATE_SHABBAT → DetectorState.NORMAL
2026-09-30 19:31:05 [INFO] detector: SHABBAT TRANSITION CANDIDATE_SHABBAT -> NORMAL | סיבה: מחזור לא תאם - עצירות לא חוקיות בעלייה: ['6']; כיסוי קומות חלקי (עלייה 67%, ירידה 36%); 2 חריגות טיימינג
2026-09-30 19:33:05 [INFO] detector: Config updated remotely (keys=['SHABBAT_DETECTOR'])
2026-09-30 19:34:55 [INFO] shabbat_detector.hebcal_gate: Hebcal refreshed: 5 start(s), 2 end(s) (geo=281184, diaspora=True)
2026-09-30 19:45:37 [INFO] shabbat_detector.hebcal_gate: Hebcal refreshed: 5 start(s), 2 end(s) (geo=281184, diaspora=True)
2026-09-30 19:47:35 [INFO] shabbat_detector.cycle_analyzer: Cycle recovered (missed BOTTOM-terminal read): 975s, up_stops=['4', '1', '-1', '11', '1', '-1', '8', '3', '4', '10', '4', '11', '-1', '5', '10', '6'], down_stops=['1', '0', '-1', '3', '0', '-1', '3', '-2']
2026-09-30 19:47:35 [INFO] shabbat_detector.fsm: [B] DetectorState.NORMAL → DetectorState.CANDIDATE_SHABBAT
2026-09-30 19:47:35 [INFO] detector: SHABBAT TRANSITION NORMAL -> CANDIDATE_SHABBAT | סיבה: מחזור אפשרי החל - ממתין להשלמה
2026-09-30 19:47:35 [INFO] shabbat_detector.fsm: [B] DetectorState.CANDIDATE_SHABBAT → DetectorState.NORMAL
2026-09-30 19:47:35 [INFO] detector: SHABBAT TRANSITION CANDIDATE_SHABBAT -> NORMAL | סיבה: מחזור לא תאם - עצירות לא חוקיות בעלייה: ['1', '10', '11', '3', '4', '5', '6', '8']; כיסוי קומות חלקי (עלייה 33%, ירידה 36%); קפיצות-אחורה (עלייה 8, ירידה 2); 6 חריגות טיימינג
2026-09-30 19:47:35 [INFO] detector: Config updated remotely (keys=['SHABBAT_DETECTOR'])
2026-09-30 19:48:35 [INFO] detector: Config updated remotely (keys=['SHABBAT_DETECTOR'])
2026-09-30 19:55:16 [INFO] shabbat_detector.hebcal_gate: Hebcal refreshed: 5 start(s), 2 end(s) (geo=281184, diaspora=True)
2026-09-30 19:55:16 [WARNING] shabbat_detector.cycle_analyzer: Unexpected: touched opposite terminal again in leg 2
2026-09-30 20:01:36 [INFO] shabbat_detector.cycle_analyzer: Cycle complete: 824s, up_stops=['-1', '4', '-1', '8', '2', '11', '8', '-2', '8'], down_stops=['4', '-1', '3', '10', '5']
2026-09-30 20:01:36 [INFO] shabbat_detector.fsm: [B] DetectorState.NORMAL → DetectorState.CANDIDATE_SHABBAT
2026-09-30 20:01:36 [INFO] detector: SHABBAT TRANSITION NORMAL -> CANDIDATE_SHABBAT | סיבה: מחזור אפשרי החל - ממתין להשלמה
2026-09-30 20:01:37 [INFO] shabbat_detector.fsm: [B] DetectorState.CANDIDATE_SHABBAT → DetectorState.NORMAL
2026-09-30 20:01:37 [INFO] detector: SHABBAT TRANSITION CANDIDATE_SHABBAT -> NORMAL | סיבה: מחזור לא תאם - עצירות לא חוקיות בעלייה: ['11', '2', '4', '8']; כיסוי קומות חלקי (עלייה 67%, ירידה 36%); 6 חריגות טיימינג
2026-09-30 20:01:37 [INFO] detector: Config updated remotely (keys=['SHABBAT_DETECTOR'])
2026-09-30 20:03:37 [INFO] detector: Config updated remotely (keys=['SHABBAT_DETECTOR'])
2026-09-30 20:05:26 [INFO] shabbat_detector.hebcal_gate: Hebcal refreshed: 5 start(s), 2 end(s) (geo=281184, diaspora=True)
2026-09-30 20:07:41 [INFO] shabbat_detector.cycle_analyzer: Cycle complete: 385s, up_stops=['1', '-1', '4', '5', '9', '8', '5', '-1'], down_stops=['7']
2026-09-30 20:07:41 [INFO] shabbat_detector.fsm: [B] DetectorState.NORMAL → DetectorState.CANDIDATE_SHABBAT
2026-09-30 20:07:41 [INFO] detector: SHABBAT TRANSITION NORMAL -> CANDIDATE_SHABBAT | סיבה: מחזור אפשרי החל - ממתין להשלמה
2026-09-30 20:07:41 [INFO] shabbat_detector.fsm: [B] DetectorState.CANDIDATE_SHABBAT → DetectorState.NORMAL
2026-09-30 20:07:41 [INFO] detector: SHABBAT TRANSITION CANDIDATE_SHABBAT -> NORMAL | סיבה: מחזור לא תאם - עצירות לא חוקיות בעלייה: ['1', '4', '5', '8', '9']; כיסוי קומות חלקי (עלייה 33%, ירידה 7%); 3 חריגות טיימינג
2026-09-30 20:07:42 [INFO] detector: Config updated remotely (keys=['SHABBAT_DETECTOR'])
2026-09-30 20:08:42 [INFO] detector: Config updated remotely (keys=['SHABBAT_DETECTOR'])
2026-09-30 20:14:27 [INFO] shabbat_detector.cycle_analyzer: Cycle recovered (missed BOTTOM-terminal read): 382s, up_stops=['8', '-2', '-1', '4'], down_stops=['7', '6', '2', '11', '1', '-1', '-2']
2026-09-30 20:14:27 [INFO] shabbat_detector.fsm: [B] DetectorState.NORMAL → DetectorState.CANDIDATE_SHABBAT
2026-09-30 20:14:27 [INFO] detector: SHABBAT TRANSITION NORMAL -> CANDIDATE_SHABBAT | סיבה: מחזור אפשרי החל - ממתין להשלמה
2026-09-30 20:14:28 [INFO] shabbat_detector.fsm: [B] DetectorState.CANDIDATE_SHABBAT → DetectorState.NORMAL
2026-09-30 20:14:28 [INFO] detector: SHABBAT TRANSITION CANDIDATE_SHABBAT -> NORMAL | סיבה: מחזור לא תאם - עצירות לא חוקיות בעלייה: ['4', '8']; 4 חריגות טיימינג
2026-09-30 20:14:29 [INFO] detector: Config updated remotely (keys=['SHABBAT_DETECTOR'])
2026-09-30 20:14:58 [INFO] detector: Config updated remotely (keys=['SHABBAT_DETECTOR'])
2026-09-30 20:15:11 [INFO] shabbat_detector.hebcal_gate: Hebcal refreshed: 5 start(s), 2 end(s) (geo=281184, diaspora=True)
2026-09-30 20:21:55 [INFO] shabbat_detector.cycle_analyzer: Cycle complete: 478s, up_stops=['-1'], down_stops=['5', '5', '8', '9', '7', '-1', '4', '1', '3', '11', '8', '-1']
2026-09-30 20:21:55 [INFO] shabbat_detector.fsm: [B] DetectorState.NORMAL → DetectorState.CANDIDATE_SHABBAT
2026-09-30 20:21:55 [INFO] detector: SHABBAT TRANSITION NORMAL -> CANDIDATE_SHABBAT | סיבה: מחזור אפשרי החל - ממתין להשלמה
2026-09-30 20:22:00 [INFO] shabbat_detector.fsm: [B] DetectorState.CANDIDATE_SHABBAT → DetectorState.NORMAL
2026-09-30 20:22:00 [INFO] detector: SHABBAT TRANSITION CANDIDATE_SHABBAT -> NORMAL | סיבה: מחזור לא תאם - כיסוי קומות חלקי (עלייה 33%, ירידה 64%); קפיצות-אחורה (עלייה 0, ירידה 5); 2 חריגות טיימינג
2026-09-30 20:22:01 [INFO] detector: Config updated remotely (keys=['SHABBAT_DETECTOR'])
2026-09-30 20:23:00 [INFO] detector: Config updated remotely (keys=['SHABBAT_DETECTOR'])
2026-09-30 20:25:31 [INFO] shabbat_detector.hebcal_gate: Hebcal refreshed: 5 start(s), 2 end(s) (geo=281184, diaspora=True)
2026-09-30 20:28:36 [WARNING] shabbat_detector.cycle_analyzer: Unexpected: touched opposite terminal again in leg 2
2026-09-30 20:34:04 [INFO] shabbat_detector.cycle_analyzer: Cycle complete: 732s, up_stops=['-1', '8', '3', '-1', '9', '3', '5', '5', '11', '3', '-1', '11', '-2', '-1'], down_stops=['-1', '5', '4']
2026-09-30 20:34:04 [INFO] shabbat_detector.fsm: [B] DetectorState.NORMAL → DetectorState.CANDIDATE_SHABBAT
2026-09-30 20:34:04 [INFO] detector: SHABBAT TRANSITION NORMAL -> CANDIDATE_SHABBAT | סיבה: מחזור אפשרי החל - ממתין להשלמה
2026-09-30 20:34:05 [INFO] shabbat_detector.fsm: [B] DetectorState.CANDIDATE_SHABBAT → DetectorState.NORMAL
2026-09-30 20:34:05 [INFO] detector: SHABBAT TRANSITION CANDIDATE_SHABBAT -> NORMAL | סיבה: מחזור לא תאם - עצירות לא חוקיות בעלייה: ['11', '3', '5', '8', '9']; כיסוי קומות חלקי (עלייה 67%, ירידה 21%); קפיצות-אחורה (עלייה 6, ירידה 1); 6 חריגות טיימינג
2026-09-30 20:34:05 [INFO] detector: Config updated remotely (keys=['SHABBAT_DETECTOR'])
2026-09-30 20:34:35 [INFO] detector: Config updated remotely (keys=['SHABBAT_DETECTOR'])
2026-09-30 20:36:09 [INFO] shabbat_detector.hebcal_gate: Hebcal refreshed: 5 start(s), 2 end(s) (geo=281184, diaspora=True)
2026-09-30 20:46:35 [INFO] shabbat_detector.hebcal_gate: Hebcal refreshed: 5 start(s), 2 end(s) (geo=281184, diaspora=True)
2026-09-30 20:48:47 [INFO] shabbat_detector.cycle_analyzer: Cycle complete: 894s, up_stops=['3', '5', '-1', '8', '-2', '-1', '7', '9', '8'], down_stops=['2', '3', '10', '2', '-1', '-2', '9', '3']
2026-09-30 20:48:47 [INFO] shabbat_detector.fsm: [B] DetectorState.NORMAL → DetectorState.CANDIDATE_SHABBAT
2026-09-30 20:48:47 [INFO] detector: SHABBAT TRANSITION NORMAL -> CANDIDATE_SHABBAT | סיבה: מחזור אפשרי החל - ממתין להשלמה
2026-09-30 20:48:47 [INFO] shabbat_detector.fsm: [B] DetectorState.CANDIDATE_SHABBAT → DetectorState.NORMAL
2026-09-30 20:48:47 [INFO] detector: SHABBAT TRANSITION CANDIDATE_SHABBAT -> NORMAL | סיבה: מחזור לא תאם - עצירות לא חוקיות בעלייה: ['3', '5', '7', '8', '9']; כיסוי קומות חלקי (עלייה 67%, ירידה 43%); 4 חריגות טיימינג
2026-09-30 20:48:47 [INFO] detector: Config updated remotely (keys=['SHABBAT_DETECTOR'])
2026-09-30 20:49:47 [INFO] detector: Config updated remotely (keys=['SHABBAT_DETECTOR'])
2026-09-30 20:52:38 [INFO] shabbat_detector.cycle_analyzer: Cycle complete: 229s, up_stops=['1'], down_stops=['11', '1', '-1']
2026-09-30 20:52:38 [INFO] shabbat_detector.fsm: [B] DetectorState.NORMAL → DetectorState.CANDIDATE_SHABBAT
2026-09-30 20:52:38 [INFO] detector: SHABBAT TRANSITION NORMAL -> CANDIDATE_SHABBAT | סיבה: מחזור אפשרי החל - ממתין להשלמה
2026-09-30 20:52:38 [INFO] shabbat_detector.fsm: [B] DetectorState.CANDIDATE_SHABBAT → DetectorState.NORMAL
2026-09-30 20:52:38 [INFO] detector: SHABBAT TRANSITION CANDIDATE_SHABBAT -> NORMAL | סיבה: מחזור לא תאם - עצירות לא חוקיות בעלייה: ['1']; כיסוי קומות חלקי (עלייה 0%, ירידה 21%); 2 חריגות טיימינג
2026-09-30 20:52:39 [INFO] detector: Config updated remotely (keys=['SHABBAT_DETECTOR'])
2026-09-30 20:54:39 [INFO] detector: Config updated remotely (keys=['SHABBAT_DETECTOR'])
2026-09-30 20:56:30 [INFO] shabbat_detector.hebcal_gate: Hebcal refreshed: 5 start(s), 2 end(s) (geo=281184, diaspora=True)
2026-09-30 21:01:41 [WARNING] shabbat_detector.cycle_analyzer: Unexpected: touched opposite terminal again in leg 2
2026-09-30 21:06:23 [INFO] shabbat_detector.hebcal_gate: Hebcal refreshed: 5 start(s), 2 end(s) (geo=281184, diaspora=True)
2026-09-30 21:14:08 [WARNING] shabbat_detector.cycle_analyzer: Unexpected: touched opposite terminal again in leg 2
2026-09-30 21:17:08 [INFO] shabbat_detector.hebcal_gate: Hebcal refreshed: 5 start(s), 2 end(s) (geo=281184, diaspora=True)
2026-09-30 21:24:35 [INFO] shabbat_detector.cycle_analyzer: Elevator idle 372s - resetting cycle (was in _Phase.LEG_TWO)
2026-09-30 21:27:14 [INFO] shabbat_detector.hebcal_gate: Hebcal refreshed: 5 start(s), 2 end(s) (geo=281184, diaspora=True)
2026-09-30 21:30:11 [INFO] shabbat_detector.fsm: [B] DetectorState.NORMAL → DetectorState.CANDIDATE_SHABBAT
2026-09-30 21:30:11 [INFO] detector: SHABBAT TRANSITION NORMAL -> CANDIDATE_SHABBAT | סיבה: מחזור אפשרי החל - ממתין להשלמה
2026-09-30 21:31:11 [WARNING] shabbat_detector.firebase_client: Background stream error (/elevator_configs/B.json): ("Connection broken: ConnectionResetError(104, 'Connection reset by peer')", ConnectionResetError(104, 'Connection reset by peer'))
2026-09-30 21:31:12 [INFO] shabbat_detector.firebase_client: SSE stream connecting: https://ramada-elev-default-rtdb.europe-west1.firebasedatabase.app/elevator_configs/B.json
2026-09-30 21:31:42 [INFO] detector: Config updated remotely (keys=['AUTO_LEARN_CONFIG', 'BOTTOM_FLOOR', 'FLOOR_WAITS', 'SHABBAT_ACTIVE', 'SHABBAT_BREAK_ACTIVE', 'SHABBAT_DETECTOR', 'SHABBAT_MODE', 'STOPPING_FLOORS', 'STOPPING_FLOORS_DOWN', 'STOPPING_FLOORS_UP', 'TIME_PASS_FLOOR', 'TIME_PER_FLOOR', 'TOP_FLOOR', 'VISIBLE_FLOORS', 'secret_key'])
2026-09-30 21:38:31 [INFO] shabbat_detector.hebcal_gate: Hebcal refreshed: 5 start(s), 2 end(s) (geo=281184, diaspora=True)
2026-09-30 21:42:48 [INFO] shabbat_detector.cycle_analyzer: Cycle complete: 730s, up_stops=['1', '-1', '1', '7', '9'], down_stops=['11', '8', '7', '0', '-1', '5', '10', '8', '7', '1', '4', '-1']
2026-09-30 21:42:48 [INFO] shabbat_detector.fsm: [B] DetectorState.CANDIDATE_SHABBAT → DetectorState.NORMAL
2026-09-30 21:42:48 [INFO] detector: SHABBAT TRANSITION CANDIDATE_SHABBAT -> NORMAL | סיבה: מחזור לא תאם - עצירות לא חוקיות בעלייה: ['1', '7', '9']; כיסוי קומות חלקי (עלייה 33%, ירידה 64%); 3 חריגות טיימינג
2026-09-30 21:43:48 [INFO] detector: Config updated remotely (keys=['SHABBAT_DETECTOR'])
2026-09-30 21:49:26 [INFO] shabbat_detector.hebcal_gate: Hebcal refreshed: 5 start(s), 2 end(s) (geo=281184, diaspora=True)
2026-09-30 21:53:47 [INFO] shabbat_detector.cycle_analyzer: Cycle complete: 642s, up_stops=['-1', '10', '11', '7', '-1'], down_stops=['11', '8', '-1']
2026-09-30 21:53:47 [INFO] shabbat_detector.fsm: [B] DetectorState.NORMAL → DetectorState.CANDIDATE_SHABBAT
2026-09-30 21:53:47 [INFO] detector: SHABBAT TRANSITION NORMAL -> CANDIDATE_SHABBAT | סיבה: מחזור אפשרי החל - ממתין להשלמה
2026-09-30 21:53:47 [INFO] shabbat_detector.fsm: [B] DetectorState.CANDIDATE_SHABBAT → DetectorState.NORMAL
2026-09-30 21:53:47 [INFO] detector: SHABBAT TRANSITION CANDIDATE_SHABBAT -> NORMAL | סיבה: מחזור לא תאם - עצירות לא חוקיות בעלייה: ['10', '11', '7']; כיסוי קומות חלקי (עלייה 33%, ירידה 21%); 4 חריגות טיימינג
2026-09-30 21:53:48 [INFO] detector: Config updated remotely (keys=['SHABBAT_DETECTOR'])
2026-09-30 21:54:17 [INFO] detector: Config updated remotely (keys=['SHABBAT_DETECTOR'])
2026-09-30 22:00:42 [INFO] shabbat_detector.hebcal_gate: Hebcal refreshed: 5 start(s), 2 end(s) (geo=281184, diaspora=True)
2026-09-30 22:04:35 [INFO] shabbat_detector.cycle_analyzer: Cycle aborted: returned to TOP without reaching BOTTOM
2026-09-30 22:04:35 [INFO] shabbat_detector.fsm: [B] DetectorState.NORMAL → DetectorState.CANDIDATE_SHABBAT
2026-09-30 22:04:35 [INFO] detector: SHABBAT TRANSITION NORMAL -> CANDIDATE_SHABBAT | סיבה: מחזור אפשרי החל - ממתין להשלמה
2026-09-30 22:05:36 [INFO] detector: Config updated remotely (keys=['SHABBAT_DETECTOR'])
2026-09-30 22:10:39 [INFO] shabbat_detector.hebcal_gate: Hebcal refreshed: 5 start(s), 2 end(s) (geo=281184, diaspora=True)
2026-09-30 22:13:08 [INFO] shabbat_detector.cycle_analyzer: Cycle complete: 392s, up_stops=['1', '11', '1', '3'], down_stops=['5', '-1']
2026-09-30 22:13:08 [INFO] shabbat_detector.fsm: [B] DetectorState.CANDIDATE_SHABBAT → DetectorState.NORMAL
2026-09-30 22:13:08 [INFO] detector: SHABBAT TRANSITION CANDIDATE_SHABBAT -> NORMAL | סיבה: מחזור לא תאם - עצירות לא חוקיות בעלייה: ['1', '11', '3']; כיסוי קומות חלקי (עלייה 0%, ירידה 14%); 5 חריגות טיימינג
2026-09-30 22:15:38 [INFO] detector: Config updated remotely (keys=['SHABBAT_DETECTOR'])
2026-09-30 22:21:07 [INFO] shabbat_detector.hebcal_gate: Hebcal refreshed: 5 start(s), 2 end(s) (geo=281184, diaspora=True)
2026-09-30 22:21:07 [INFO] shabbat_detector.cycle_analyzer: Cycle complete: 598s, up_stops=['1'], down_stops=['1']
2026-09-30 22:21:07 [INFO] shabbat_detector.fsm: [B] DetectorState.NORMAL → DetectorState.CANDIDATE_SHABBAT
2026-09-30 22:21:07 [INFO] detector: SHABBAT TRANSITION NORMAL -> CANDIDATE_SHABBAT | סיבה: מחזור אפשרי החל - ממתין להשלמה
2026-09-30 22:21:08 [INFO] shabbat_detector.fsm: [B] DetectorState.CANDIDATE_SHABBAT → DetectorState.NORMAL
2026-09-30 22:21:08 [INFO] detector: SHABBAT TRANSITION CANDIDATE_SHABBAT -> NORMAL | סיבה: מחזור לא תאם - עצירות לא חוקיות בעלייה: ['1']; כיסוי קומות חלקי (עלייה 0%, ירידה 7%); 1 חריגות טיימינג
2026-09-30 22:21:08 [INFO] detector: Config updated remotely (keys=['SHABBAT_DETECTOR'])
2026-09-30 22:22:38 [INFO] detector: Config updated remotely (keys=['SHABBAT_DETECTOR'])
2026-09-30 22:24:32 [INFO] shabbat_detector.cycle_analyzer: Cycle aborted: returned to TOP without reaching BOTTOM
2026-09-30 22:24:32 [INFO] shabbat_detector.fsm: [B] DetectorState.NORMAL → DetectorState.CANDIDATE_SHABBAT
2026-09-30 22:24:32 [INFO] detector: SHABBAT TRANSITION NORMAL -> CANDIDATE_SHABBAT | סיבה: מחזור אפשרי החל - ממתין להשלמה
2026-09-30 22:26:02 [INFO] detector: Config updated remotely (keys=['SHABBAT_DETECTOR'])
2026-09-30 22:31:53 [INFO] shabbat_detector.hebcal_gate: Hebcal refreshed: 5 start(s), 2 end(s) (geo=281184, diaspora=True)
2026-09-30 22:43:10 [INFO] shabbat_detector.hebcal_gate: Hebcal refreshed: 5 start(s), 2 end(s) (geo=281184, diaspora=True)
2026-09-30 22:43:10 [INFO] shabbat_detector.cycle_analyzer: Elevator idle 318s - resetting cycle (was in _Phase.LEG_ONE)
2026-09-30 22:55:06 [INFO] shabbat_detector.hebcal_gate: Hebcal refreshed: 5 start(s), 2 end(s) (geo=281184, diaspora=True)
2026-09-30 23:04:31 [INFO] shabbat_detector.hebcal_gate: Hebcal refreshed: 5 start(s), 2 end(s) (geo=281184, diaspora=True)
2026-09-30 23:06:49 [WARNING] shabbat_detector.cycle_analyzer: Unexpected: touched opposite terminal again in leg 2
2026-09-30 23:20:08 [INFO] shabbat_detector.hebcal_gate: Hebcal refreshed: 5 start(s), 2 end(s) (geo=281184, diaspora=True)
2026-09-30 23:20:08 [INFO] shabbat_detector.cycle_analyzer: Elevator idle 814s - resetting cycle (was in _Phase.LEG_TWO)
2026-09-30 23:30:10 [INFO] shabbat_detector.hebcal_gate: Hebcal refreshed: 5 start(s), 2 end(s) (geo=281184, diaspora=True)
2026-09-30 23:50:59 [INFO] shabbat_detector.hebcal_gate: Hebcal refreshed: 5 start(s), 2 end(s) (geo=281184, diaspora=True)
2026-09-30 23:50:59 [INFO] shabbat_detector.cycle_analyzer: Elevator idle 761s - resetting cycle (was in _Phase.LEG_ONE)
2026-10-01 00:20:42 [INFO] shabbat_detector.hebcal_gate: Hebcal refreshed: 5 start(s), 2 end(s) (geo=281184, diaspora=True)
2026-10-01 00:20:42 [INFO] shabbat_detector.cycle_analyzer: Elevator idle 1717s - resetting cycle (was in _Phase.LEG_ONE)
2026-10-01 00:28:41 [INFO] shabbat_detector.cycle_analyzer: Elevator idle 406s - resetting cycle (was in _Phase.LEG_ONE)
2026-10-01 00:33:32 [INFO] shabbat_detector.hebcal_gate: Hebcal refreshed: 5 start(s), 2 end(s) (geo=281184, diaspora=True)
2026-10-01 00:33:32 [INFO] shabbat_detector.cycle_analyzer: Cycle aborted: returned to TOP without reaching BOTTOM
2026-10-01 00:43:43 [INFO] shabbat_detector.hebcal_gate: Hebcal refreshed: 5 start(s), 2 end(s) (geo=281184, diaspora=True)
2026-10-01 00:43:43 [INFO] shabbat_detector.cycle_analyzer: Elevator idle 724s - resetting cycle (was in _Phase.LEG_ONE)
2026-10-01 00:45:42 [INFO] shabbat_detector.cycle_analyzer: Cycle aborted: returned to TOP without reaching BOTTOM
2026-10-01 00:53:39 [INFO] shabbat_detector.hebcal_gate: Hebcal refreshed: 5 start(s), 2 end(s) (geo=281184, diaspora=True)
2026-10-01 00:53:39 [INFO] shabbat_detector.cycle_analyzer: Elevator idle 565s - resetting cycle (was in _Phase.LEG_ONE)
2026-10-01 01:05:12 [INFO] shabbat_detector.hebcal_gate: Hebcal refreshed: 5 start(s), 2 end(s) (geo=281184, diaspora=True)
2026-10-01 01:05:12 [INFO] shabbat_detector.cycle_analyzer: Elevator idle 486s - resetting cycle (was in _Phase.LEG_ONE)
2026-10-01 01:22:06 [INFO] shabbat_detector.hebcal_gate: Hebcal refreshed: 5 start(s), 2 end(s) (geo=281184, diaspora=True)
2026-10-01 01:22:06 [INFO] shabbat_detector.cycle_analyzer: Elevator idle 451s - resetting cycle (was in _Phase.LEG_ONE)
2026-10-01 01:26:24 [INFO] shabbat_detector.cycle_analyzer: Cycle aborted: returned to TOP without reaching BOTTOM
2026-10-01 01:35:49 [INFO] shabbat_detector.hebcal_gate: Hebcal refreshed: 5 start(s), 2 end(s) (geo=281184, diaspora=True)
2026-10-01 01:37:18 [INFO] shabbat_detector.cycle_analyzer: Cycle aborted: returned to TOP without reaching BOTTOM
2026-10-01 02:10:43 [INFO] shabbat_detector.hebcal_gate: Hebcal refreshed: 5 start(s), 2 end(s) (geo=281184, diaspora=True)
2026-10-01 02:10:43 [INFO] shabbat_detector.cycle_analyzer: Elevator idle 1974s - resetting cycle (was in _Phase.LEG_ONE)
2026-10-01 02:19:10 [INFO] shabbat_detector.hebcal_gate: Hebcal refreshed: 5 start(s), 2 end(s) (geo=281184, diaspora=True)
2026-10-01 02:20:59 [INFO] shabbat_detector.cycle_analyzer: Cycle complete: 648s, up_stops=['5', '3'], down_stops=['2', '-1']
2026-10-01 02:20:59 [INFO] shabbat_detector.fsm: [B] DetectorState.CANDIDATE_SHABBAT → DetectorState.NORMAL
2026-10-01 02:20:59 [INFO] detector: SHABBAT TRANSITION CANDIDATE_SHABBAT -> NORMAL | סיבה: מחזור לא תאם - עצירות לא חוקיות בעלייה: ['3', '5']; כיסוי קומות חלקי (עלייה 0%, ירידה 14%); 3 חריגות טיימינג
2026-10-01 02:22:29 [INFO] detector: Config updated remotely (keys=['SHABBAT_DETECTOR'])
2026-10-01 02:45:28 [INFO] shabbat_detector.hebcal_gate: Hebcal refreshed: 5 start(s), 2 end(s) (geo=281184, diaspora=True)
2026-10-01 02:45:28 [INFO] shabbat_detector.cycle_analyzer: Elevator idle 1528s - resetting cycle (was in _Phase.LEG_ONE)
2026-10-01 03:41:47 [INFO] shabbat_detector.hebcal_gate: Hebcal refreshed: 5 start(s), 2 end(s) (geo=281184, diaspora=True)
2026-10-01 03:41:47 [INFO] shabbat_detector.cycle_analyzer: Elevator idle 2912s - resetting cycle (was in _Phase.LEG_ONE)
2026-10-01 03:41:47 [INFO] shabbat_detector.fsm: [B] DetectorState.NORMAL → DetectorState.CANDIDATE_SHABBAT
2026-10-01 03:41:47 [INFO] detector: SHABBAT TRANSITION NORMAL -> CANDIDATE_SHABBAT | סיבה: מחזור אפשרי החל - ממתין להשלמה
2026-10-01 03:42:17 [INFO] detector: Config updated remotely (keys=['SHABBAT_DETECTOR'])
2026-10-01 04:07:58 [INFO] shabbat_detector.hebcal_gate: Hebcal refreshed: 5 start(s), 2 end(s) (geo=281184, diaspora=True)
2026-10-01 04:07:58 [INFO] shabbat_detector.cycle_analyzer: Elevator idle 1688s - resetting cycle (was in _Phase.LEG_ONE)
2026-10-01 04:23:52 [INFO] shabbat_detector.firebase_client: SSE stream connecting: https://ramada-elev-default-rtdb.europe-west1.firebasedatabase.app/elevator_configs/B.json
2026-10-01 04:24:22 [INFO] detector: Config updated remotely (keys=['AUTO_LEARN_CONFIG', 'BOTTOM_FLOOR', 'FLOOR_WAITS', 'SHABBAT_ACTIVE', 'SHABBAT_BREAK_ACTIVE', 'SHABBAT_DETECTOR', 'SHABBAT_MODE', 'STOPPING_FLOORS', 'STOPPING_FLOORS_DOWN', 'STOPPING_FLOORS_UP', 'TIME_PASS_FLOOR', 'TIME_PER_FLOOR', 'TOP_FLOOR', 'VISIBLE_FLOORS', 'secret_key'])
2026-10-01 04:25:14 [INFO] shabbat_detector.hebcal_gate: Hebcal refreshed: 5 start(s), 2 end(s) (geo=281184, diaspora=True)
2026-10-01 04:25:14 [INFO] shabbat_detector.cycle_analyzer: Elevator idle 892s - resetting cycle (was in _Phase.LEG_ONE)
2026-10-01 04:36:02 [INFO] shabbat_detector.hebcal_gate: Hebcal refreshed: 5 start(s), 2 end(s) (geo=281184, diaspora=True)
2026-10-01 04:45:17 [INFO] shabbat_detector.cycle_analyzer: Elevator idle 537s - resetting cycle (was in _Phase.LEG_ONE)
2026-10-01 04:46:43 [INFO] shabbat_detector.hebcal_gate: Hebcal refreshed: 5 start(s), 2 end(s) (geo=281184, diaspora=True)
2026-10-01 05:04:54 [INFO] shabbat_detector.hebcal_gate: Hebcal refreshed: 5 start(s), 2 end(s) (geo=281184, diaspora=True)
2026-10-01 05:04:54 [INFO] shabbat_detector.cycle_analyzer: Elevator idle 1091s - resetting cycle (was in _Phase.LEG_ONE)
2026-10-01 05:16:05 [INFO] shabbat_detector.hebcal_gate: Hebcal refreshed: 5 start(s), 2 end(s) (geo=281184, diaspora=True)
2026-10-01 05:26:46 [INFO] shabbat_detector.hebcal_gate: Hebcal refreshed: 5 start(s), 2 end(s) (geo=281184, diaspora=True)
2026-10-01 05:39:00 [INFO] shabbat_detector.hebcal_gate: Hebcal refreshed: 5 start(s), 2 end(s) (geo=281184, diaspora=True)
2026-10-01 05:48:53 [INFO] shabbat_detector.hebcal_gate: Hebcal refreshed: 5 start(s), 2 end(s) (geo=281184, diaspora=True)
2026-10-01 06:08:42 [INFO] shabbat_detector.hebcal_gate: Hebcal refreshed: 5 start(s), 2 end(s) (geo=281184, diaspora=True)
2026-10-01 06:08:42 [INFO] shabbat_detector.cycle_analyzer: Elevator idle 617s - resetting cycle (was in _Phase.LEG_ONE)
2026-10-01 06:09:00 [WARNING] shabbat_detector.firebase_client: Elevator stream reconnecting in 2s
2026-10-01 06:09:01 [INFO] shabbat_detector.firebase_client: SSE stream connecting: https://ramada-elev-default-rtdb.europe-west1.firebasedatabase.app/elevators/B.json
2026-10-01 06:24:45 [INFO] shabbat_detector.hebcal_gate: Hebcal refreshed: 5 start(s), 2 end(s) (geo=281184, diaspora=True)
2026-10-01 06:36:13 [WARNING] shabbat_detector.hebcal_gate: Diaspora Hebcal fetch failed (ignored): HTTPSConnectionPool(host='www.hebcal.com', port=443): Max retries exceeded with url: /shabbat?cfg=json&m=50&lg=h&gy=2026&gm=9&gd=30&geo=pos&latitude=31.76904&longitude=35.21633&tzid=Europe%2FAthens&i=off (Caused by NameResolutionError("HTTPSConnection(host='www.hebcal.com', port=443): Failed to resolve 'www.hebcal.com' ([Errno -3] Temporary failure in name resolution)"))
2026-10-01 06:36:13 [INFO] shabbat_detector.hebcal_gate: Hebcal refreshed: 2 start(s), 1 end(s) (geo=281184, diaspora=True)
2026-10-01 06:45:41 [INFO] shabbat_detector.cycle_analyzer: Elevator idle 397s - resetting cycle (was in _Phase.LEG_ONE)
2026-10-01 06:47:31 [INFO] shabbat_detector.hebcal_gate: Hebcal refreshed: 5 start(s), 2 end(s) (geo=281184, diaspora=True)
2026-10-01 06:59:21 [INFO] shabbat_detector.hebcal_gate: Hebcal refreshed: 5 start(s), 2 end(s) (geo=281184, diaspora=True)
2026-10-01 06:59:21 [INFO] shabbat_detector.cycle_analyzer: Elevator idle 355s - resetting cycle (was in _Phase.LEG_ONE)
2026-10-01 07:01:52 [INFO] shabbat_detector.cycle_analyzer: Cycle aborted: returned to BOTTOM without reaching TOP
2026-10-01 07:09:53 [INFO] shabbat_detector.hebcal_gate: Hebcal refreshed: 5 start(s), 2 end(s) (geo=281184, diaspora=True)
2026-10-01 07:19:51 [INFO] shabbat_detector.hebcal_gate: Hebcal refreshed: 5 start(s), 2 end(s) (geo=281184, diaspora=True)
2026-10-01 07:26:58 [WARNING] shabbat_detector.cycle_analyzer: Unexpected: touched opposite terminal again in leg 2
2026-10-01 07:30:23 [INFO] shabbat_detector.hebcal_gate: Hebcal refreshed: 5 start(s), 2 end(s) (geo=281184, diaspora=True)
2026-10-01 07:31:42 [WARNING] shabbat_detector.cycle_analyzer: Unexpected: touched opposite terminal again in leg 2
2026-10-01 07:38:05 [WARNING] shabbat_detector.cycle_analyzer: Unexpected: touched opposite terminal again in leg 2
2026-10-01 07:41:35 [INFO] shabbat_detector.hebcal_gate: Hebcal refreshed: 5 start(s), 2 end(s) (geo=281184, diaspora=True)
2026-10-01 07:50:13 [WARNING] shabbat_detector.cycle_analyzer: Unexpected: touched opposite terminal again in leg 2
2026-10-01 07:52:41 [INFO] shabbat_detector.hebcal_gate: Hebcal refreshed: 5 start(s), 2 end(s) (geo=281184, diaspora=True)
2026-10-01 07:56:17 [WARNING] shabbat_detector.cycle_analyzer: Unexpected: touched opposite terminal again in leg 2
2026-10-01 08:00:59 [WARNING] shabbat_detector.cycle_analyzer: Unexpected: touched opposite terminal again in leg 2
2026-10-01 08:02:24 [INFO] shabbat_detector.hebcal_gate: Hebcal refreshed: 5 start(s), 2 end(s) (geo=281184, diaspora=True)
2026-10-01 08:05:31 [INFO] shabbat_detector.cycle_analyzer: Cycle complete: 3848s, up_stops=['-1', '11', '-1', '8', '9', '8', '-1', '1', '-2', '1', '3', '8', '-1', '6', '3', '4', '-1', '10', '1', '-2', '1', '2'], down_stops=['11', '1', '-2', '11', '-2', '-1', '3', '11', '3', '3', '-1', '-2', '1', '-2', '-1', '9', '7', '-2', '3', '10', '8', '-2', '3', '7', '-1', '-2', '-1', '9', '5', '-1', '6', '2', '-1', '2', '0', '3', '11', '7', '6', '-2', '9', '1', '-1', '2', '-2', '8', '1', '-1', '4', '-1', '2', '1', '-1', '-2', '8', '-1', '11', '0', '8', '3', '-1', '7']
2026-10-01 08:05:31 [INFO] shabbat_detector.fsm: [B] DetectorState.CANDIDATE_SHABBAT → DetectorState.NORMAL
2026-10-01 08:05:31 [INFO] detector: SHABBAT TRANSITION CANDIDATE_SHABBAT -> NORMAL | סיבה: מחזור לא תאם - עצירות לא חוקיות בעלייה: ['1', '10', '11', '2', '3', '4', '6', '8', '9']; קפיצות-אחורה (עלייה 9, ירידה 26); חזרות על קומות (עלייה 11, ירידה 48); 7 חריגות טיימינג
2026-10-01 08:06:31 [INFO] detector: Config updated remotely (keys=['SHABBAT_DETECTOR'])
2026-10-01 08:13:32 [INFO] shabbat_detector.hebcal_gate: Hebcal refreshed: 5 start(s), 2 end(s) (geo=281184, diaspora=True)
2026-10-01 08:24:05 [INFO] shabbat_detector.hebcal_gate: Hebcal refreshed: 5 start(s), 2 end(s) (geo=281184, diaspora=True)
2026-10-01 08:28:47 [INFO] shabbat_detector.cycle_analyzer: Cycle recovered (missed TOP-terminal read): 1396s, up_stops=['6', '4', '-1', '11'], down_stops=['6', '0', '-1', '2', '3', '-1', '5', '1', '8', '2', '-1', '8', '9', '9', '-1', '10', '4', '-1', '1', '0', '8', '0']
2026-10-01 08:28:47 [INFO] shabbat_detector.fsm: [B] DetectorState.NORMAL → DetectorState.CANDIDATE_SHABBAT
2026-10-01 08:28:47 [INFO] detector: SHABBAT TRANSITION NORMAL -> CANDIDATE_SHABBAT | סיבה: מחזור אפשרי החל - ממתין להשלמה
2026-10-01 08:28:47 [INFO] shabbat_detector.fsm: [B] DetectorState.CANDIDATE_SHABBAT → DetectorState.NORMAL
2026-10-01 08:28:47 [INFO] detector: SHABBAT TRANSITION CANDIDATE_SHABBAT -> NORMAL | סיבה: מחזור לא תאם - עצירות לא חוקיות בעלייה: ['11', '4', '6']; כיסוי קומות חלקי (עלייה 33%, ירידה 79%); קפיצות-אחורה (עלייה 2, ירידה 9); חזרות על קומות (עלייה 0, ירידה 11); 6 חריגות טיימינג
2026-10-01 08:28:48 [INFO] detector: Config updated remotely (keys=['SHABBAT_DETECTOR'])
2026-10-01 08:29:18 [INFO] detector: Config updated remotely (keys=['SHABBAT_DETECTOR'])
2026-10-01 08:33:39 [INFO] shabbat_detector.hebcal_gate: Hebcal refreshed: 5 start(s), 2 end(s) (geo=281184, diaspora=True)
2026-10-01 08:33:39 [INFO] shabbat_detector.cycle_analyzer: Cycle aborted: returned to BOTTOM without reaching TOP
2026-10-01 08:33:39 [INFO] shabbat_detector.fsm: [B] DetectorState.NORMAL → DetectorState.CANDIDATE_SHABBAT
2026-10-01 08:33:39 [INFO] detector: SHABBAT TRANSITION NORMAL -> CANDIDATE_SHABBAT | סיבה: מחזור אפשרי החל - ממתין להשלמה
2026-10-01 08:34:39 [INFO] detector: Config updated remotely (keys=['SHABBAT_DETECTOR'])
2026-10-01 08:40:19 [INFO] shabbat_detector.cycle_analyzer: Cycle aborted: returned to BOTTOM without reaching TOP
2026-10-01 08:44:11 [INFO] shabbat_detector.hebcal_gate: Hebcal refreshed: 5 start(s), 2 end(s) (geo=281184, diaspora=True)
2026-10-01 08:51:01 [INFO] shabbat_detector.cycle_analyzer: Cycle complete: 691s, up_stops=['-1', '5', '1', '-1', '1', '-1', '2', '1', '2', '6', '0', '-2'], down_stops=['7', '1']
2026-10-01 08:51:01 [INFO] shabbat_detector.fsm: [B] DetectorState.CANDIDATE_SHABBAT → DetectorState.NORMAL
2026-10-01 08:51:01 [INFO] detector: SHABBAT TRANSITION CANDIDATE_SHABBAT -> NORMAL | סיבה: מחזור לא תאם - עצירות לא חוקיות בעלייה: ['1', '2', '5', '6']; כיסוי קומות חלקי (עלייה 100%, ירידה 14%); קפיצות-אחורה (עלייה 6, ירידה 0); 2 חריגות טיימינג
2026-10-01 08:51:31 [INFO] detector: Config updated remotely (keys=['SHABBAT_DETECTOR'])
2026-10-01 08:54:27 [INFO] shabbat_detector.hebcal_gate: Hebcal refreshed: 5 start(s), 2 end(s) (geo=281184, diaspora=True)
2026-10-01 08:59:40 [INFO] shabbat_detector.cycle_analyzer: Elevator idle 314s - resetting cycle (was in _Phase.LEG_TWO)
2026-10-01 09:00:12 [INFO] shabbat_detector.fsm: [B] DetectorState.NORMAL → DetectorState.CANDIDATE_SHABBAT
2026-10-01 09:00:12 [INFO] detector: SHABBAT TRANSITION NORMAL -> CANDIDATE_SHABBAT | סיבה: מחזור אפשרי החל - ממתין להשלמה
2026-10-01 09:00:42 [INFO] detector: Config updated remotely (keys=['SHABBAT_DETECTOR'])
2026-10-01 09:03:38 [INFO] shabbat_detector.hebcal_gate: Hebcal refreshed: 5 start(s), 2 end(s) (geo=281184, diaspora=True)
2026-10-01 09:04:22 [INFO] shabbat_detector.cycle_analyzer: Cycle aborted: returned to TOP without reaching BOTTOM
2026-10-01 09:05:46 [INFO] shabbat_detector.cycle_analyzer: Cycle aborted: returned to TOP without reaching BOTTOM
2026-10-01 09:07:26 [INFO] shabbat_detector.cycle_analyzer: Cycle aborted: returned to TOP without reaching BOTTOM
2026-10-01 09:09:56 [INFO] shabbat_detector.cycle_analyzer: Cycle aborted: returned to TOP without reaching BOTTOM
2026-10-01 09:14:14 [INFO] shabbat_detector.hebcal_gate: Hebcal refreshed: 5 start(s), 2 end(s) (geo=281184, diaspora=True)
2026-10-01 09:19:32 [INFO] shabbat_detector.cycle_analyzer: Cycle recovered (missed BOTTOM-terminal read): 601s, up_stops=['3', '0', '-1', '10', '0'], down_stops=['9', '3', '9', '10', '0', '-1', '10', '4', '3', '-2']
2026-10-01 09:19:32 [INFO] shabbat_detector.fsm: [B] DetectorState.CANDIDATE_SHABBAT → DetectorState.NORMAL
2026-10-01 09:19:32 [INFO] detector: SHABBAT TRANSITION CANDIDATE_SHABBAT -> NORMAL | סיבה: מחזור לא תאם - עצירות לא חוקיות בעלייה: ['10', '3']; 4 חריגות טיימינג
2026-10-01 09:21:32 [INFO] detector: Config updated remotely (keys=['SHABBAT_DETECTOR'])
2026-10-01 09:23:15 [INFO] shabbat_detector.cycle_analyzer: Cycle aborted: returned to TOP without reaching BOTTOM
2026-10-01 09:23:15 [INFO] shabbat_detector.fsm: [B] DetectorState.NORMAL → DetectorState.CANDIDATE_SHABBAT
2026-10-01 09:23:15 [INFO] detector: SHABBAT TRANSITION NORMAL -> CANDIDATE_SHABBAT | סיבה: מחזור אפשרי החל - ממתין להשלמה
2026-10-01 09:24:23 [INFO] shabbat_detector.cycle_analyzer: Cycle aborted: returned to TOP without reaching BOTTOM
2026-10-01 09:24:24 [INFO] shabbat_detector.hebcal_gate: Hebcal refreshed: 5 start(s), 2 end(s) (geo=281184, diaspora=True)
2026-10-01 09:24:45 [INFO] detector: Config updated remotely (keys=['SHABBAT_DETECTOR'])
2026-10-01 09:34:57 [INFO] shabbat_detector.hebcal_gate: Hebcal refreshed: 5 start(s), 2 end(s) (geo=281184, diaspora=True)
2026-10-01 09:45:35 [INFO] shabbat_detector.hebcal_gate: Hebcal refreshed: 5 start(s), 2 end(s) (geo=281184, diaspora=True)
2026-10-01 09:48:40 [WARNING] shabbat_detector.cycle_analyzer: Unexpected: touched opposite terminal again in leg 2
2026-10-01 09:53:37 [INFO] shabbat_detector.cycle_analyzer: Cycle complete: 1772s, up_stops=['6', '-1', '-2', '8', '4', '-1', '8', '11', '5', '0', '3', '-1', '0', '2', '11', '3', '1', '-1', '-2', '0', '8', '10', '11'], down_stops=['11', '4', '-1', '1', '3', '-1', '1', '4', '3', '-1', '-2', '4', '-1', '9', '3', '-1', '10', '3', '-1', '9', '-1', '9', '8']
2026-10-01 09:53:37 [INFO] shabbat_detector.fsm: [B] DetectorState.CANDIDATE_SHABBAT → DetectorState.NORMAL
2026-10-01 09:53:37 [INFO] detector: SHABBAT TRANSITION CANDIDATE_SHABBAT -> NORMAL | סיבה: מחזור לא תאם - עצירות לא חוקיות בעלייה: ['1', '10', '11', '2', '3', '4', '5', '6', '8']; קפיצות-אחורה (עלייה 11, ירידה 9); חזרות על קומות (עלייה 11, ירידה 14); 10 חריגות טיימינג
2026-10-01 09:54:58 [INFO] shabbat_detector.hebcal_gate: Hebcal refreshed: 5 start(s), 2 end(s) (geo=281184, diaspora=True)
2026-10-01 09:55:38 [INFO] detector: Config updated remotely (keys=['SHABBAT_DETECTOR'])
2026-10-01 10:05:57 [INFO] shabbat_detector.hebcal_gate: Hebcal refreshed: 5 start(s), 2 end(s) (geo=281184, diaspora=True)
2026-10-01 10:13:16 [INFO] shabbat_detector.cycle_analyzer: Cycle complete: 1154s, up_stops=['5', '1'], down_stops=['1', '-1', '11', '4', '-1', '-2', '7', '10', '3', '-1', '-1', '10', '4', '-1', '5', '11', '6', '1', '10', '7', '-2', '4', '6']
2026-10-01 10:13:16 [INFO] shabbat_detector.fsm: [B] DetectorState.NORMAL → DetectorState.CANDIDATE_SHABBAT
2026-10-01 10:13:16 [INFO] detector: SHABBAT TRANSITION NORMAL -> CANDIDATE_SHABBAT | סיבה: מחזור אפשרי החל - ממתין להשלמה
2026-10-01 10:13:16 [INFO] shabbat_detector.fsm: [B] DetectorState.CANDIDATE_SHABBAT → DetectorState.NORMAL
2026-10-01 10:13:16 [INFO] detector: SHABBAT TRANSITION CANDIDATE_SHABBAT -> NORMAL | סיבה: מחזור לא תאם - עצירות לא חוקיות בעלייה: ['1', '5']; כיסוי קומות חלקי (עלייה 0%, ירידה 71%); קפיצות-אחורה (עלייה 1, ירידה 9); חזרות על קומות (עלייה 0, ירידה 13); 5 חריגות טיימינג
2026-10-01 10:13:16 [INFO] detector: Config updated remotely (keys=['SHABBAT_DETECTOR'])
2026-10-01 10:14:46 [INFO] detector: Config updated remotely (keys=['SHABBAT_DETECTOR'])
2026-10-01 10:16:10 [INFO] shabbat_detector.hebcal_gate: Hebcal refreshed: 5 start(s), 2 end(s) (geo=281184, diaspora=True)
2026-10-01 10:22:32 [WARNING] shabbat_detector.cycle_analyzer: Unexpected: touched opposite terminal again in leg 2
2026-10-01 10:26:11 [INFO] shabbat_detector.hebcal_gate: Hebcal refreshed: 5 start(s), 2 end(s) (geo=281184, diaspora=True)
2026-10-01 10:30:32 [WARNING] shabbat_detector.cycle_analyzer: Unexpected: touched opposite terminal again in leg 2
2026-10-01 10:36:07 [WARNING] shabbat_detector.cycle_analyzer: Unexpected: touched opposite terminal again in leg 2
2026-10-01 10:37:01 [INFO] shabbat_detector.hebcal_gate: Hebcal refreshed: 5 start(s), 2 end(s) (geo=281184, diaspora=True)
2026-10-01 10:37:27 [WARNING] shabbat_detector.cycle_analyzer: Unexpected: touched opposite terminal again in leg 2
2026-10-01 10:45:06 [WARNING] shabbat_detector.cycle_analyzer: Unexpected: touched opposite terminal again in leg 2
2026-10-01 10:46:30 [INFO] shabbat_detector.hebcal_gate: Hebcal refreshed: 5 start(s), 2 end(s) (geo=281184, diaspora=True)
2026-10-01 10:47:40 [INFO] shabbat_detector.cycle_analyzer: Cycle complete: 2108s, up_stops=['6', '0', '5', '3', '3', '2', '1', '10', '11', '-1', '4', '3', '9', '-1', '5', '10', '3', '4', '9', '3', '1', '2', '5', '1', '11', '-1', '7', '-1', '7', '-1', '6', '8', '-1', '11', '10', '6', '-1', '4', '8', '3', '-1', '3', '1', '3', '4'], down_stops=['2']
2026-10-01 10:47:40 [INFO] shabbat_detector.fsm: [B] DetectorState.NORMAL → DetectorState.CANDIDATE_SHABBAT
2026-10-01 10:47:40 [INFO] detector: SHABBAT TRANSITION NORMAL -> CANDIDATE_SHABBAT | סיבה: מחזור אפשרי החל - ממתין להשלמה
2026-10-01 10:47:40 [INFO] shabbat_detector.fsm: [B] DetectorState.CANDIDATE_SHABBAT → DetectorState.NORMAL
2026-10-01 10:47:40 [INFO] detector: SHABBAT TRANSITION CANDIDATE_SHABBAT -> NORMAL | סיבה: מחזור לא תאם - עצירות לא חוקיות בעלייה: ['1', '10', '11', '2', '3', '4', '5', '6', '7', '8', '9']; כיסוי קומות חלקי (עלייה 67%, ירידה 7%); קפיצות-אחורה (עלייה 21, ירידה 0); חזרות על קומות (עלייה 32, ירידה 0); 7 חריגות טיימינג
2026-10-01 10:47:40 [INFO] detector: Config updated remotely (keys=['SHABBAT_DETECTOR'])
2026-10-01 10:48:10 [INFO] detector: Config updated remotely (keys=['SHABBAT_DETECTOR'])
2026-10-01 10:49:15 [INFO] shabbat_detector.cycle_analyzer: Cycle aborted: returned to TOP without reaching BOTTOM
2026-10-01 10:49:15 [INFO] shabbat_detector.fsm: [B] DetectorState.NORMAL → DetectorState.CANDIDATE_SHABBAT
2026-10-01 10:49:15 [INFO] detector: SHABBAT TRANSITION NORMAL -> CANDIDATE_SHABBAT | סיבה: מחזור אפשרי החל - ממתין להשלמה
2026-10-01 10:51:15 [INFO] detector: Config updated remotely (keys=['SHABBAT_DETECTOR'])
2026-10-01 10:57:47 [INFO] shabbat_detector.hebcal_gate: Hebcal refreshed: 5 start(s), 2 end(s) (geo=281184, diaspora=True)
2026-10-01 11:04:14 [INFO] shabbat_detector.cycle_analyzer: Cycle complete: 886s, up_stops=['7', '-1', '3'], down_stops=['9', '-2', '2', '9', '8', '-1', '3', '8', '-1', '1', '5', '8', '2', '3', '5', '11', '-1', '1', '-1']
2026-10-01 11:04:14 [INFO] shabbat_detector.fsm: [B] DetectorState.CANDIDATE_SHABBAT → DetectorState.NORMAL
2026-10-01 11:04:14 [INFO] detector: SHABBAT TRANSITION CANDIDATE_SHABBAT -> NORMAL | סיבה: מחזור לא תאם - עצירות לא חוקיות בעלייה: ['3', '7']; כיסוי קומות חלקי (עלייה 33%, ירידה 64%); קפיצות-אחורה (עלייה 1, ירידה 11); 6 חריגות טיימינג
2026-10-01 11:04:45 [INFO] detector: Config updated remotely (keys=['SHABBAT_DETECTOR'])
2026-10-01 11:07:53 [INFO] shabbat_detector.hebcal_gate: Hebcal refreshed: 5 start(s), 2 end(s) (geo=281184, diaspora=True)
2026-10-01 11:11:36 [INFO] shabbat_detector.cycle_analyzer: Cycle recovered (missed BOTTOM-terminal read): 421s, up_stops=['11', '8', '-1', '10', '5', '11'], down_stops=['-1', '-2']
2026-10-01 11:11:36 [INFO] shabbat_detector.fsm: [B] DetectorState.NORMAL → DetectorState.CANDIDATE_SHABBAT
2026-10-01 11:11:36 [INFO] detector: SHABBAT TRANSITION NORMAL -> CANDIDATE_SHABBAT | סיבה: מחזור אפשרי החל - ממתין להשלמה
2026-10-01 11:11:36 [INFO] shabbat_detector.fsm: [B] DetectorState.CANDIDATE_SHABBAT → DetectorState.NORMAL
2026-10-01 11:11:36 [INFO] detector: SHABBAT TRANSITION CANDIDATE_SHABBAT -> NORMAL | סיבה: מחזור לא תאם - עצירות לא חוקיות בעלייה: ['10', '11', '5', '8']; כיסוי קומות חלקי (עלייה 33%, ירידה 14%); 4 חריגות טיימינג
2026-10-01 11:11:37 [INFO] detector: Config updated remotely (keys=['SHABBAT_DETECTOR'])
2026-10-01 11:12:06 [INFO] detector: Config updated remotely (keys=['SHABBAT_DETECTOR'])
2026-10-01 11:19:23 [INFO] shabbat_detector.hebcal_gate: Hebcal refreshed: 5 start(s), 2 end(s) (geo=281184, diaspora=True)
2026-10-01 11:20:30 [INFO] shabbat_detector.cycle_analyzer: Cycle complete: 570s, up_stops=['1', '11', '-1', '4', '-1'], down_stops=['10', '-1', '3', '6', '1', '4']
2026-10-01 11:20:30 [INFO] shabbat_detector.fsm: [B] DetectorState.NORMAL → DetectorState.CANDIDATE_SHABBAT
2026-10-01 11:20:30 [INFO] detector: SHABBAT TRANSITION NORMAL -> CANDIDATE_SHABBAT | סיבה: מחזור אפשרי החל - ממתין להשלמה
2026-10-01 11:20:30 [INFO] shabbat_detector.fsm: [B] DetectorState.CANDIDATE_SHABBAT → DetectorState.NORMAL
2026-10-01 11:20:30 [INFO] detector: SHABBAT TRANSITION CANDIDATE_SHABBAT -> NORMAL | סיבה: מחזור לא תאם - עצירות לא חוקיות בעלייה: ['1', '11', '4']; כיסוי קומות חלקי (עלייה 33%, ירידה 43%); 5 חריגות טיימינג
2026-10-01 11:20:31 [INFO] detector: Config updated remotely (keys=['SHABBAT_DETECTOR'])
2026-10-01 11:22:01 [INFO] detector: Config updated remotely (keys=['SHABBAT_DETECTOR'])
2026-10-01 11:25:47 [INFO] shabbat_detector.cycle_analyzer: Cycle complete: 323s, up_stops=['2'], down_stops=['5', '1', '-1', '1', '2', '3', '5', '5', '2']
2026-10-01 11:25:47 [INFO] shabbat_detector.fsm: [B] DetectorState.NORMAL → DetectorState.CANDIDATE_SHABBAT
2026-10-01 11:25:47 [INFO] detector: SHABBAT TRANSITION NORMAL -> CANDIDATE_SHABBAT | סיבה: מחזור אפשרי החל - ממתין להשלמה
2026-10-01 11:25:47 [INFO] shabbat_detector.fsm: [B] DetectorState.CANDIDATE_SHABBAT → DetectorState.NORMAL
2026-10-01 11:25:47 [INFO] detector: SHABBAT TRANSITION CANDIDATE_SHABBAT -> NORMAL | סיבה: מחזור לא תאם - עצירות לא חוקיות בעלייה: ['2']; כיסוי קומות חלקי (עלייה 0%, ירידה 36%)
2026-10-01 11:25:48 [INFO] detector: Config updated remotely (keys=['SHABBAT_DETECTOR'])
2026-10-01 11:26:47 [INFO] detector: Config updated remotely (keys=['SHABBAT_DETECTOR'])
2026-10-01 11:29:37 [INFO] shabbat_detector.hebcal_gate: Hebcal refreshed: 5 start(s), 2 end(s) (geo=281184, diaspora=True)
2026-10-01 11:40:34 [INFO] shabbat_detector.hebcal_gate: Hebcal refreshed: 5 start(s), 2 end(s) (geo=281184, diaspora=True)
2026-10-01 11:48:06 [WARNING] shabbat_detector.cycle_analyzer: Unexpected: touched opposite terminal again in leg 2
2026-10-01 11:51:05 [INFO] shabbat_detector.hebcal_gate: Hebcal refreshed: 5 start(s), 2 end(s) (geo=281184, diaspora=True)
2026-10-01 11:53:50 [WARNING] shabbat_detector.cycle_analyzer: Unexpected: touched opposite terminal again in leg 2
2026-10-01 11:59:49 [INFO] shabbat_detector.cycle_analyzer: Cycle complete: 2033s, up_stops=['4', '3', '1', '-1', '11', '-1', '1', '-1', '1', '2', '4', '-1', '11', '4', '2', '-1', '10', '-1', '5', '11', '1', '-1', '9', '2', '-1', '1', '2', '-1', '10', '-1'], down_stops=['5', '1', '10', '1', '-1', '1', '-1', '11', '8', '3', '1', '-1']
2026-10-01 11:59:49 [INFO] shabbat_detector.fsm: [B] DetectorState.NORMAL → DetectorState.CANDIDATE_SHABBAT
2026-10-01 11:59:49 [INFO] detector: SHABBAT TRANSITION NORMAL -> CANDIDATE_SHABBAT | סיבה: מחזור אפשרי החל - ממתין להשלמה
2026-10-01 11:59:49 [INFO] shabbat_detector.fsm: [B] DetectorState.CANDIDATE_SHABBAT → DetectorState.NORMAL
2026-10-01 11:59:49 [INFO] detector: SHABBAT TRANSITION CANDIDATE_SHABBAT -> NORMAL | סיבה: מחזור לא תאם - עצירות לא חוקיות בעלייה: ['1', '10', '11', '2', '3', '4', '5', '9']; כיסוי קומות חלקי (עלייה 33%, ירידה 50%); קפיצות-אחורה (עלייה 16, ירידה 3); חזרות על קומות (עלייה 21, ירידה 5); 5 חריגות טיימינג
2026-10-01 11:59:50 [INFO] detector: Config updated remotely (keys=['SHABBAT_DETECTOR'])
2026-10-01 12:01:35 [INFO] shabbat_detector.hebcal_gate: Hebcal refreshed: 5 start(s), 2 end(s) (geo=281184, diaspora=True)
2026-10-01 12:02:20 [INFO] detector: Config updated remotely (keys=['SHABBAT_DETECTOR'])
2026-10-01 12:06:42 [INFO] shabbat_detector.cycle_analyzer: Cycle aborted: returned to TOP without reaching BOTTOM
2026-10-01 12:06:42 [INFO] shabbat_detector.fsm: [B] DetectorState.NORMAL → DetectorState.CANDIDATE_SHABBAT
2026-10-01 12:06:42 [INFO] detector: SHABBAT TRANSITION NORMAL -> CANDIDATE_SHABBAT | סיבה: מחזור אפשרי החל - ממתין להשלמה
2026-10-01 12:07:43 [INFO] detector: Config updated remotely (keys=['SHABBAT_DETECTOR'])
2026-10-01 12:12:25 [INFO] shabbat_detector.hebcal_gate: Hebcal refreshed: 5 start(s), 2 end(s) (geo=281184, diaspora=True)
2026-10-01 12:14:45 [WARNING] shabbat_detector.cycle_analyzer: Unexpected: touched opposite terminal again in leg 2
2026-10-01 12:17:04 [INFO] shabbat_detector.cycle_analyzer: Cycle complete: 618s, up_stops=['-1', '2', '-2', '0', '5', '4', '9'], down_stops=['-1', '-2']
2026-10-01 12:17:04 [INFO] shabbat_detector.fsm: [B] DetectorState.CANDIDATE_SHABBAT → DetectorState.NORMAL
2026-10-01 12:17:04 [INFO] detector: SHABBAT TRANSITION CANDIDATE_SHABBAT -> NORMAL | סיבה: מחזור לא תאם - עצירות לא חוקיות בעלייה: ['2', '4', '5', '9']; כיסוי קומות חלקי (עלייה 100%, ירידה 14%); 6 חריגות טיימינג
2026-10-01 12:19:05 [INFO] detector: Config updated remotely (keys=['SHABBAT_DETECTOR'])
2026-10-01 12:24:17 [INFO] shabbat_detector.hebcal_gate: Hebcal refreshed: 5 start(s), 2 end(s) (geo=281184, diaspora=True)
2026-10-01 12:25:07 [WARNING] shabbat_detector.cycle_analyzer: Unexpected: touched opposite terminal again in leg 2
2026-10-01 12:30:57 [INFO] shabbat_detector.cycle_analyzer: Cycle complete: 813s, up_stops=['-1', '10', '6', '4', '5', '3'], down_stops=['2', '-1']
2026-10-01 12:30:57 [INFO] shabbat_detector.fsm: [B] DetectorState.NORMAL → DetectorState.CANDIDATE_SHABBAT
2026-10-01 12:30:57 [INFO] detector: SHABBAT TRANSITION NORMAL -> CANDIDATE_SHABBAT | סיבה: מחזור אפשרי החל - ממתין להשלמה
2026-10-01 12:30:59 [INFO] shabbat_detector.fsm: [B] DetectorState.CANDIDATE_SHABBAT → DetectorState.NORMAL
2026-10-01 12:30:59 [INFO] detector: SHABBAT TRANSITION CANDIDATE_SHABBAT -> NORMAL | סיבה: מחזור לא תאם - עצירות לא חוקיות בעלייה: ['10', '3', '4', '5', '6']; כיסוי קומות חלקי (עלייה 33%, ירידה 14%); 5 חריגות טיימינג
2026-10-01 12:31:00 [INFO] detector: Config updated remotely (keys=['SHABBAT_DETECTOR'])
2026-10-01 12:32:59 [INFO] detector: Config updated remotely (keys=['SHABBAT_DETECTOR'])
2026-10-01 12:34:44 [INFO] shabbat_detector.hebcal_gate: Hebcal refreshed: 5 start(s), 2 end(s) (geo=281184, diaspora=True)
2026-10-01 12:34:44 [INFO] shabbat_detector.cycle_analyzer: Cycle aborted: returned to TOP without reaching BOTTOM
2026-10-01 12:34:44 [INFO] shabbat_detector.fsm: [B] DetectorState.NORMAL → DetectorState.CANDIDATE_SHABBAT
2026-10-01 12:34:44 [INFO] detector: SHABBAT TRANSITION NORMAL -> CANDIDATE_SHABBAT | סיבה: מחזור אפשרי החל - ממתין להשלמה
2026-10-01 12:35:45 [INFO] detector: Config updated remotely (keys=['SHABBAT_DETECTOR'])
2026-10-01 12:40:57 [INFO] shabbat_detector.cycle_analyzer: Cycle complete: 396s, up_stops=['2'], down_stops=['11', '-1']
2026-10-01 12:40:57 [INFO] shabbat_detector.fsm: [B] DetectorState.CANDIDATE_SHABBAT → DetectorState.NORMAL
2026-10-01 12:40:57 [INFO] detector: SHABBAT TRANSITION CANDIDATE_SHABBAT -> NORMAL | סיבה: מחזור לא תאם - עצירות לא חוקיות בעלייה: ['2']; כיסוי קומות חלקי (עלייה 0%, ירידה 14%); 2 חריגות טיימינג
2026-10-01 12:42:28 [INFO] detector: Config updated remotely (keys=['SHABBAT_DETECTOR'])
2026-10-01 12:44:49 [INFO] shabbat_detector.hebcal_gate: Hebcal refreshed: 5 start(s), 2 end(s) (geo=281184, diaspora=True)
2026-10-01 12:54:28 [INFO] shabbat_detector.cycle_analyzer: Cycle complete: 823s, up_stops=['9', '3', '-1', '0', '0', '9', '-1', '1', '-1', '9', '11'], down_stops=['2']
2026-10-01 12:54:28 [INFO] shabbat_detector.fsm: [B] DetectorState.NORMAL → DetectorState.CANDIDATE_SHABBAT
2026-10-01 12:54:28 [INFO] detector: SHABBAT TRANSITION NORMAL -> CANDIDATE_SHABBAT | סיבה: מחזור אפשרי החל - ממתין להשלמה
2026-10-01 12:54:28 [INFO] shabbat_detector.fsm: [B] DetectorState.CANDIDATE_SHABBAT → DetectorState.NORMAL
2026-10-01 12:54:28 [INFO] detector: SHABBAT TRANSITION CANDIDATE_SHABBAT -> NORMAL | סיבה: מחזור לא תאם - עצירות לא חוקיות בעלייה: ['1', '11', '3', '9']; כיסוי קומות חלקי (עלייה 67%, ירידה 7%); 4 חריגות טיימינג
2026-10-01 12:54:29 [INFO] detector: Config updated remotely (keys=['SHABBAT_DETECTOR'])
2026-10-01 12:56:03 [INFO] shabbat_detector.hebcal_gate: Hebcal refreshed: 5 start(s), 2 end(s) (geo=281184, diaspora=True)
2026-10-01 12:56:22 [INFO] shabbat_detector.cycle_analyzer: Cycle aborted: returned to TOP without reaching BOTTOM
2026-10-01 12:56:22 [INFO] shabbat_detector.fsm: [B] DetectorState.NORMAL → DetectorState.CANDIDATE_SHABBAT
2026-10-01 12:56:22 [INFO] detector: SHABBAT TRANSITION NORMAL -> CANDIDATE_SHABBAT | סיבה: מחזור אפשרי החל - ממתין להשלמה
2026-10-01 12:56:22 [INFO] detector: Config updated remotely (keys=['SHABBAT_DETECTOR'])
2026-10-01 12:57:52 [INFO] detector: Config updated remotely (keys=['SHABBAT_DETECTOR'])
2026-10-01 13:06:26 [INFO] shabbat_detector.hebcal_gate: Hebcal refreshed: 5 start(s), 2 end(s) (geo=281184, diaspora=True)
2026-10-01 13:07:38 [INFO] shabbat_detector.cycle_analyzer: Cycle complete: 624s, up_stops=['-1'], down_stops=['-1', '-2', '-1', '11']
2026-10-01 13:07:38 [INFO] shabbat_detector.fsm: [B] DetectorState.CANDIDATE_SHABBAT → DetectorState.NORMAL
2026-10-01 13:07:38 [INFO] detector: SHABBAT TRANSITION CANDIDATE_SHABBAT -> NORMAL | סיבה: מחזור לא תאם - כיסוי קומות חלקי (עלייה 33%, ירידה 21%)
2026-10-01 13:09:38 [INFO] detector: Config updated remotely (keys=['SHABBAT_DETECTOR'])
2026-10-01 13:19:05 [INFO] shabbat_detector.hebcal_gate: Hebcal refreshed: 5 start(s), 2 end(s) (geo=281184, diaspora=True)
2026-10-01 13:24:00 [WARNING] shabbat_detector.cycle_analyzer: Unexpected: touched opposite terminal again in leg 2
2026-10-01 13:26:45 [WARNING] shabbat_detector.cycle_analyzer: Unexpected: touched opposite terminal again in leg 2
2026-10-01 13:29:02 [INFO] shabbat_detector.hebcal_gate: Hebcal refreshed: 5 start(s), 2 end(s) (geo=281184, diaspora=True)
2026-10-01 13:30:55 [INFO] shabbat_detector.cycle_analyzer: Cycle complete: 1435s, up_stops=['-2', '1', '9', '4', '3', '1', '-1', '1', '7', '4', '3', '1', '3'], down_stops=['11', '3', '-1', '5', '4', '-1']
2026-10-01 13:30:55 [INFO] shabbat_detector.fsm: [B] DetectorState.NORMAL → DetectorState.CANDIDATE_SHABBAT
2026-10-01 13:30:55 [INFO] detector: SHABBAT TRANSITION NORMAL -> CANDIDATE_SHABBAT | סיבה: מחזור אפשרי החל - ממתין להשלמה
2026-10-01 13:30:56 [INFO] shabbat_detector.fsm: [B] DetectorState.CANDIDATE_SHABBAT → DetectorState.NORMAL
2026-10-01 13:30:56 [INFO] detector: SHABBAT TRANSITION CANDIDATE_SHABBAT -> NORMAL | סיבה: מחזור לא תאם - עצירות לא חוקיות בעלייה: ['1', '3', '4', '7', '9']; כיסוי קומות חלקי (עלייה 67%, ירידה 36%); קפיצות-אחורה (עלייה 7, ירידה 1); 8 חריגות טיימינג
2026-10-01 13:30:56 [INFO] detector: Config updated remotely (keys=['SHABBAT_DETECTOR'])
2026-10-01 13:31:56 [INFO] detector: Config updated remotely (keys=['SHABBAT_DETECTOR'])
2026-10-01 13:40:51 [INFO] shabbat_detector.hebcal_gate: Hebcal refreshed: 5 start(s), 2 end(s) (geo=281184, diaspora=True)
2026-10-01 13:43:54 [WARNING] shabbat_detector.cycle_analyzer: Unexpected: touched opposite terminal again in leg 2
2026-10-01 13:45:29 [WARNING] shabbat_detector.cycle_analyzer: Unexpected: touched opposite terminal again in leg 2
2026-10-01 13:50:44 [INFO] shabbat_detector.hebcal_gate: Hebcal refreshed: 5 start(s), 2 end(s) (geo=281184, diaspora=True)
2026-10-01 13:51:32 [WARNING] shabbat_detector.cycle_analyzer: Unexpected: touched opposite terminal again in leg 2
2026-10-01 13:53:04 [INFO] shabbat_detector.cycle_analyzer: Cycle complete: 1302s, up_stops=['-1', '7', '-1', '4', '-1', '4', '7', '10', '9', '8'], down_stops=['-1', '5', '9', '1']
2026-10-01 13:53:04 [INFO] shabbat_detector.fsm: [B] DetectorState.NORMAL → DetectorState.CANDIDATE_SHABBAT
2026-10-01 13:53:04 [INFO] detector: SHABBAT TRANSITION NORMAL -> CANDIDATE_SHABBAT | סיבה: מחזור אפשרי החל - ממתין להשלמה
2026-10-01 13:53:04 [INFO] shabbat_detector.fsm: [B] DetectorState.CANDIDATE_SHABBAT → DetectorState.NORMAL
2026-10-01 13:53:04 [INFO] detector: SHABBAT TRANSITION CANDIDATE_SHABBAT -> NORMAL | סיבה: מחזור לא תאם - עצירות לא חוקיות בעלייה: ['10', '4', '7', '8', '9']; כיסוי קומות חלקי (עלייה 33%, ירידה 28%); 5 חריגות טיימינג
2026-10-01 13:53:06 [INFO] detector: Config updated remotely (keys=['SHABBAT_DETECTOR'])
2026-10-01 13:53:35 [INFO] detector: Config updated remotely (keys=['SHABBAT_DETECTOR'])
2026-10-01 14:01:11 [INFO] shabbat_detector.hebcal_gate: Hebcal refreshed: 5 start(s), 2 end(s) (geo=281184, diaspora=True)
2026-10-01 14:07:25 [INFO] shabbat_detector.cycle_analyzer: Cycle complete: 862s, up_stops=['-1', '4', '7', '0', '1', '-1', '5', '11', '-1', '4', '11'], down_stops=['0', '4', '7', '1', '-1', '2', '-1']
2026-10-01 14:07:25 [INFO] shabbat_detector.fsm: [B] DetectorState.NORMAL → DetectorState.CANDIDATE_SHABBAT
2026-10-01 14:07:25 [INFO] detector: SHABBAT TRANSITION NORMAL -> CANDIDATE_SHABBAT | סיבה: מחזור אפשרי החל - ממתין להשלמה
2026-10-01 14:07:25 [INFO] shabbat_detector.fsm: [B] DetectorState.CANDIDATE_SHABBAT → DetectorState.NORMAL
2026-10-01 14:07:25 [INFO] detector: SHABBAT TRANSITION CANDIDATE_SHABBAT -> NORMAL | סיבה: מחזור לא תאם - עצירות לא חוקיות בעלייה: ['1', '11', '4', '5', '7']; כיסוי קומות חלקי (עלייה 67%, ירידה 43%); 4 חריגות טיימינג
2026-10-01 14:07:26 [INFO] detector: Config updated remotely (keys=['SHABBAT_DETECTOR'])
2026-10-01 14:08:56 [INFO] detector: Config updated remotely (keys=['SHABBAT_DETECTOR'])
2026-10-01 14:17:06 [INFO] shabbat_detector.hebcal_gate: Hebcal refreshed: 5 start(s), 2 end(s) (geo=281184, diaspora=True)
2026-10-01 14:17:06 [INFO] shabbat_detector.cycle_analyzer: Elevator idle 397s - resetting cycle (was in _Phase.LEG_ONE)
2026-10-01 14:21:50 [INFO] shabbat_detector.fsm: [B] DetectorState.NORMAL → DetectorState.CANDIDATE_SHABBAT
2026-10-01 14:21:50 [INFO] detector: SHABBAT TRANSITION NORMAL -> CANDIDATE_SHABBAT | סיבה: מחזור אפשרי החל - ממתין להשלמה
2026-10-01 14:22:00 [ERROR] shabbat_detector.firebase_client: Failed to patch elevator config: HTTPSConnectionPool(host='ramada-elev-default-rtdb.europe-west1.firebasedatabase.app', port=443): Max retries exceeded with url: /elevator_configs/B.json (Caused by NameResolutionError("HTTPSConnection(host='ramada-elev-default-rtdb.europe-west1.firebasedatabase.app', port=443): Failed to resolve 'ramada-elev-default-rtdb.europe-west1.firebasedatabase.app' ([Errno -3] Temporary failure in name resolution)"))
2026-10-01 14:28:01 [INFO] shabbat_detector.hebcal_gate: Hebcal refreshed: 5 start(s), 2 end(s) (geo=281184, diaspora=True)
2026-10-01 14:41:45 [INFO] shabbat_detector.hebcal_gate: Hebcal refreshed: 5 start(s), 2 end(s) (geo=281184, diaspora=True)
2026-10-01 14:41:45 [INFO] shabbat_detector.cycle_analyzer: Cycle complete: 1163s, up_stops=['1'], down_stops=['4', '-1', '4', '7', '5', '7', '-1', '1', '4', '-1', '11']
2026-10-01 14:41:45 [INFO] shabbat_detector.fsm: [B] DetectorState.CANDIDATE_SHABBAT → DetectorState.NORMAL
2026-10-01 14:41:45 [INFO] detector: SHABBAT TRANSITION CANDIDATE_SHABBAT -> NORMAL | סיבה: מחזור לא תאם - עצירות לא חוקיות בעלייה: ['1']; כיסוי קומות חלקי (עלייה 0%, ירידה 43%); קפיצות-אחורה (עלייה 0, ירידה 6); 4 חריגות טיימינג
2026-10-01 14:42:45 [INFO] detector: Config updated remotely (keys=['SHABBAT_DETECTOR'])
2026-10-01 14:53:22 [INFO] shabbat_detector.hebcal_gate: Hebcal refreshed: 5 start(s), 2 end(s) (geo=281184, diaspora=True)
2026-10-01 15:09:15 [INFO] shabbat_detector.hebcal_gate: Hebcal refreshed: 5 start(s), 2 end(s) (geo=281184, diaspora=True)
2026-10-01 15:09:15 [INFO] shabbat_detector.cycle_analyzer: Elevator idle 702s - resetting cycle (was in _Phase.LEG_TWO)
2026-10-01 15:15:24 [WARNING] shabbat_detector.cycle_analyzer: Unexpected: touched opposite terminal again in leg 2
2026-10-01 15:21:09 [INFO] shabbat_detector.hebcal_gate: Hebcal refreshed: 5 start(s), 2 end(s) (geo=281184, diaspora=True)
2026-10-01 15:22:20 [WARNING] shabbat_detector.cycle_analyzer: Unexpected: touched opposite terminal again in leg 2
2026-10-01 15:24:18 [INFO] shabbat_detector.cycle_analyzer: Cycle complete: 871s, up_stops=['0', '4', '-1', '5', '6', '-1', '4', '-1', '3', '1', '0', '-2'], down_stops=['5']
2026-10-01 15:24:18 [INFO] shabbat_detector.fsm: [B] DetectorState.NORMAL → DetectorState.CANDIDATE_SHABBAT
2026-10-01 15:24:18 [INFO] detector: SHABBAT TRANSITION NORMAL -> CANDIDATE_SHABBAT | סיבה: מחזור אפשרי החל - ממתין להשלמה
2026-10-01 15:24:19 [INFO] shabbat_detector.fsm: [B] DetectorState.CANDIDATE_SHABBAT → DetectorState.NORMAL
2026-10-01 15:24:19 [INFO] detector: SHABBAT TRANSITION CANDIDATE_SHABBAT -> NORMAL | סיבה: מחזור לא תאם - עצירות לא חוקיות בעלייה: ['1', '3', '4', '5', '6']; כיסוי קומות חלקי (עלייה 100%, ירידה 7%); קפיצות-אחורה (עלייה 6, ירידה 0); 2 חריגות טיימינג
2026-10-01 15:24:19 [INFO] detector: Config updated remotely (keys=['SHABBAT_DETECTOR'])
2026-10-01 15:25:19 [INFO] detector: Config updated remotely (keys=['SHABBAT_DETECTOR'])
2026-10-01 15:29:34 [INFO] shabbat_detector.cycle_analyzer: Elevator idle 346s - resetting cycle (was in _Phase.LEG_ONE)
2026-10-01 15:32:40 [INFO] shabbat_detector.hebcal_gate: Hebcal refreshed: 5 start(s), 2 end(s) (geo=281184, diaspora=True)
2026-10-01 15:32:40 [WARNING] shabbat_detector.cycle_analyzer: Unexpected: touched opposite terminal again in leg 2
2026-10-01 15:35:43 [WARNING] shabbat_detector.cycle_analyzer: Unexpected: touched opposite terminal again in leg 2
2026-10-01 15:40:52 [INFO] shabbat_detector.cycle_analyzer: Elevator idle 399s - resetting cycle (was in _Phase.LEG_TWO)
2026-10-01 15:44:14 [INFO] shabbat_detector.hebcal_gate: Hebcal refreshed: 5 start(s), 2 end(s) (geo=281184, diaspora=True)
2026-10-01 15:55:29 [INFO] shabbat_detector.hebcal_gate: Hebcal refreshed: 5 start(s), 2 end(s) (geo=281184, diaspora=True)
2026-10-01 16:04:45 [INFO] shabbat_detector.hebcal_gate: Hebcal refreshed: 5 start(s), 2 end(s) (geo=281184, diaspora=True)
2026-10-01 16:15:15 [INFO] shabbat_detector.hebcal_gate: Hebcal refreshed: 5 start(s), 2 end(s) (geo=281184, diaspora=True)
2026-10-01 16:20:02 [INFO] shabbat_detector.cycle_analyzer: Cycle recovered (missed TOP-terminal read): 2345s, up_stops=['1', '4', '6', '8', '11'], down_stops=['3', '-1', '-2', '0', '3', '-1', '6', '9', '-1', '-2', '3', '-1', '8', '11', '1', '1', '-1', '5', '3', '-1']
2026-10-01 16:20:02 [INFO] shabbat_detector.fsm: [B] DetectorState.NORMAL → DetectorState.CANDIDATE_SHABBAT
2026-10-01 16:20:02 [INFO] detector: SHABBAT TRANSITION NORMAL -> CANDIDATE_SHABBAT | סיבה: מחזור אפשרי החל - ממתין להשלמה
2026-10-01 16:20:03 [INFO] shabbat_detector.fsm: [B] DetectorState.CANDIDATE_SHABBAT → DetectorState.NORMAL
2026-10-01 16:20:03 [INFO] detector: SHABBAT TRANSITION CANDIDATE_SHABBAT -> NORMAL | סיבה: מחזור לא תאם - עצירות לא חוקיות בעלייה: ['1', '11', '4', '6', '8']; כיסוי קומות חלקי (עלייה 0%, ירידה 71%); קפיצות-אחורה (עלייה 0, ירידה 8); 8 חריגות טיימינג
2026-10-01 16:20:04 [INFO] detector: Config updated remotely (keys=['SHABBAT_DETECTOR'])
2026-10-01 16:21:34 [INFO] detector: Config updated remotely (keys=['SHABBAT_DETECTOR'])
2026-10-01 16:22:48 [INFO] shabbat_detector.cycle_analyzer: Cycle aborted: returned to BOTTOM without reaching TOP
2026-10-01 16:22:48 [INFO] shabbat_detector.fsm: [B] DetectorState.NORMAL → DetectorState.CANDIDATE_SHABBAT
2026-10-01 16:22:48 [INFO] detector: SHABBAT TRANSITION NORMAL -> CANDIDATE_SHABBAT | סיבה: מחזור אפשרי החל - ממתין להשלמה
2026-10-01 16:24:19 [INFO] detector: Config updated remotely (keys=['SHABBAT_DETECTOR'])
2026-10-01 16:29:21 [INFO] shabbat_detector.hebcal_gate: Hebcal refreshed: 5 start(s), 2 end(s) (geo=281184, diaspora=True)
2026-10-01 16:29:21 [INFO] shabbat_detector.cycle_analyzer: Cycle recovered (missed TOP-terminal read): 368s, up_stops=['1', '11'], down_stops=[]
2026-10-01 16:29:21 [INFO] shabbat_detector.fsm: [B] DetectorState.CANDIDATE_SHABBAT → DetectorState.NORMAL
2026-10-01 16:29:21 [INFO] detector: SHABBAT TRANSITION CANDIDATE_SHABBAT -> NORMAL | סיבה: מחזור לא תאם - עצירות לא חוקיות בעלייה: ['1', '11']; כיסוי קומות חלקי (עלייה 0%, ירידה 0%); 2 חריגות טיימינג
2026-10-01 16:31:22 [INFO] detector: Config updated remotely (keys=['SHABBAT_DETECTOR'])
2026-10-01 16:36:37 [INFO] shabbat_detector.cycle_analyzer: Elevator idle 497s - resetting cycle (was in _Phase.LEG_ONE)
2026-10-01 16:40:58 [INFO] shabbat_detector.hebcal_gate: Hebcal refreshed: 5 start(s), 2 end(s) (geo=281184, diaspora=True)
2026-10-01 16:41:55 [INFO] shabbat_detector.cycle_analyzer: Cycle aborted: returned to BOTTOM without reaching TOP
2026-10-01 16:41:55 [INFO] shabbat_detector.fsm: [B] DetectorState.NORMAL → DetectorState.CANDIDATE_SHABBAT
2026-10-01 16:41:55 [INFO] detector: SHABBAT TRANSITION NORMAL -> CANDIDATE_SHABBAT | סיבה: מחזור אפשרי החל - ממתין להשלמה
2026-10-01 16:42:56 [INFO] detector: Config updated remotely (keys=['SHABBAT_DETECTOR'])
2026-10-01 16:49:49 [INFO] shabbat_detector.hebcal_gate: Hebcal refreshed: 5 start(s), 2 end(s) (geo=281184, diaspora=True)
2026-10-01 16:58:57 [INFO] shabbat_detector.cycle_analyzer: Cycle complete: 992s, up_stops=['-1', '9', '3', '5', '10', '-1', '1', '4', '-1', '4', '-1', '7'], down_stops=['-1']
2026-10-01 16:58:57 [INFO] shabbat_detector.fsm: [B] DetectorState.CANDIDATE_SHABBAT → DetectorState.NORMAL
2026-10-01 16:58:57 [INFO] detector: SHABBAT TRANSITION CANDIDATE_SHABBAT -> NORMAL | סיבה: מחזור לא תאם - עצירות לא חוקיות בעלייה: ['1', '10', '3', '4', '5', '7', '9']; כיסוי קומות חלקי (עלייה 33%, ירידה 7%); 5 חריגות טיימינג
2026-10-01 16:59:27 [INFO] detector: Config updated remotely (keys=['SHABBAT_DETECTOR'])
2026-10-01 17:01:17 [INFO] shabbat_detector.hebcal_gate: Hebcal refreshed: 5 start(s), 2 end(s) (geo=281184, diaspora=True)
2026-10-01 17:06:52 [INFO] shabbat_detector.cycle_analyzer: Elevator idle 336s - resetting cycle (was in _Phase.LEG_ONE)
2026-10-01 17:08:15 [INFO] shabbat_detector.fsm: [B] DetectorState.NORMAL → DetectorState.CANDIDATE_SHABBAT
2026-10-01 17:08:15 [INFO] detector: SHABBAT TRANSITION NORMAL -> CANDIDATE_SHABBAT | סיבה: מחזור אפשרי החל - ממתין להשלמה
2026-10-01 17:08:46 [INFO] detector: Config updated remotely (keys=['SHABBAT_DETECTOR'])
2026-10-01 17:21:47 [INFO] shabbat_detector.hebcal_gate: Hebcal refreshed: 5 start(s), 2 end(s) (geo=281184, diaspora=True)
2026-10-01 17:21:47 [INFO] shabbat_detector.cycle_analyzer: Elevator idle 761s - resetting cycle (was in _Phase.LEG_TWO)
2026-10-01 17:29:55 [INFO] shabbat_detector.cycle_analyzer: Elevator idle 411s - resetting cycle (was in _Phase.LEG_ONE)
2026-10-01 17:35:32 [INFO] shabbat_detector.hebcal_gate: Hebcal refreshed: 5 start(s), 2 end(s) (geo=281184, diaspora=True)
2026-10-01 17:37:05 [WARNING] shabbat_detector.cycle_analyzer: Unexpected: touched opposite terminal again in leg 2
2026-10-01 17:45:05 [INFO] shabbat_detector.cycle_analyzer: Cycle complete: 852s, up_stops=['4', '3', '-1', '10', '8', '1', '-1', '3', '-1', '8', '5'], down_stops=[]
2026-10-01 17:45:05 [INFO] shabbat_detector.fsm: [B] DetectorState.CANDIDATE_SHABBAT → DetectorState.NORMAL
2026-10-01 17:45:05 [INFO] detector: SHABBAT TRANSITION CANDIDATE_SHABBAT -> NORMAL | סיבה: מחזור לא תאם - עצירות לא חוקיות בעלייה: ['1', '10', '3', '4', '5', '8']; כיסוי קומות חלקי (עלייה 33%, ירידה 0%); קפיצות-אחורה (עלייה 7, ירידה 0); 3 חריגות טיימינג
2026-10-01 17:46:40 [INFO] detector: Config updated remotely (keys=['SHABBAT_DETECTOR'])
2026-10-01 17:47:02 [INFO] shabbat_detector.hebcal_gate: Hebcal refreshed: 5 start(s), 2 end(s) (geo=281184, diaspora=True)
2026-10-01 17:57:29 [INFO] shabbat_detector.hebcal_gate: Hebcal refreshed: 5 start(s), 2 end(s) (geo=281184, diaspora=True)
2026-10-01 18:00:00 [INFO] shabbat_detector.cycle_analyzer: Cycle aborted: returned to TOP without reaching BOTTOM
2026-10-01 18:00:00 [INFO] shabbat_detector.fsm: [B] DetectorState.NORMAL → DetectorState.CANDIDATE_SHABBAT
2026-10-01 18:00:00 [INFO] detector: SHABBAT TRANSITION NORMAL -> CANDIDATE_SHABBAT | סיבה: מחזור אפשרי החל - ממתין להשלמה
2026-10-01 18:00:30 [INFO] detector: Config updated remotely (keys=['SHABBAT_DETECTOR'])
2026-10-01 18:05:41 [INFO] shabbat_detector.cycle_analyzer: Cycle complete: 374s, up_stops=['3', '5', '7', '8', '9'], down_stops=['9', '-1', '3', '11', '5']
2026-10-01 18:05:41 [INFO] shabbat_detector.fsm: [B] DetectorState.CANDIDATE_SHABBAT → DetectorState.NORMAL
2026-10-01 18:05:41 [INFO] detector: SHABBAT TRANSITION CANDIDATE_SHABBAT -> NORMAL | סיבה: מחזור לא תאם - עצירות לא חוקיות בעלייה: ['3', '5', '7', '8', '9']; כיסוי קומות חלקי (עלייה 0%, ירידה 36%); 4 חריגות טיימינג
2026-10-01 18:07:12 [INFO] detector: Config updated remotely (keys=['SHABBAT_DETECTOR'])
2026-10-01 18:07:20 [INFO] shabbat_detector.hebcal_gate: Hebcal refreshed: 5 start(s), 2 end(s) (geo=281184, diaspora=True)
2026-10-01 18:08:43 [INFO] shabbat_detector.cycle_analyzer: Cycle aborted: returned to TOP without reaching BOTTOM
2026-10-01 18:08:43 [INFO] shabbat_detector.fsm: [B] DetectorState.NORMAL → DetectorState.CANDIDATE_SHABBAT
2026-10-01 18:08:43 [INFO] detector: SHABBAT TRANSITION NORMAL -> CANDIDATE_SHABBAT | סיבה: מחזור אפשרי החל - ממתין להשלמה
2026-10-01 18:10:18 [INFO] detector: Config updated remotely (keys=['SHABBAT_DETECTOR'])
2026-10-01 18:10:19 [INFO] shabbat_detector.cycle_analyzer: Cycle complete: 123s, up_stops=['-1'], down_stops=[]
2026-10-01 18:10:19 [INFO] shabbat_detector.fsm: [B] DetectorState.CANDIDATE_SHABBAT → DetectorState.NORMAL
2026-10-01 18:10:19 [INFO] detector: SHABBAT TRANSITION CANDIDATE_SHABBAT -> NORMAL | סיבה: מחזור לא תאם - כיסוי קומות חלקי (עלייה 33%, ירידה 0%); 1 חריגות טיימינג
2026-10-01 18:11:50 [INFO] detector: Config updated remotely (keys=['SHABBAT_DETECTOR'])
2026-10-01 18:13:43 [INFO] shabbat_detector.cycle_analyzer: Cycle recovered (missed BOTTOM-terminal read): 195s, up_stops=[], down_stops=['6', '5', '11', '6', '5', '-1', '-2']
2026-10-01 18:13:43 [INFO] shabbat_detector.fsm: [B] DetectorState.NORMAL → DetectorState.CANDIDATE_SHABBAT
2026-10-01 18:13:43 [INFO] detector: SHABBAT TRANSITION NORMAL -> CANDIDATE_SHABBAT | סיבה: מחזור אפשרי החל - ממתין להשלמה
2026-10-01 18:13:43 [INFO] shabbat_detector.fsm: [B] DetectorState.CANDIDATE_SHABBAT → DetectorState.NORMAL
2026-10-01 18:13:43 [INFO] detector: SHABBAT TRANSITION CANDIDATE_SHABBAT -> NORMAL | סיבה: מחזור לא תאם - כיסוי קומות חלקי (עלייה 0%, ירידה 36%); 2 חריגות טיימינג
2026-10-01 18:13:44 [INFO] detector: Config updated remotely (keys=['SHABBAT_DETECTOR'])
2026-10-01 18:15:44 [INFO] detector: Config updated remotely (keys=['SHABBAT_DETECTOR'])
2026-10-01 18:17:05 [INFO] shabbat_detector.hebcal_gate: Hebcal refreshed: 5 start(s), 2 end(s) (geo=281184, diaspora=True)
2026-10-01 18:23:10 [INFO] shabbat_detector.cycle_analyzer: Cycle complete: 568s, up_stops=['8', '-1', '4', '7', '0', '1', '-1', '3', '8', '-2'], down_stops=['1']
2026-10-01 18:23:10 [INFO] shabbat_detector.fsm: [B] DetectorState.NORMAL → DetectorState.CANDIDATE_SHABBAT
2026-10-01 18:23:10 [INFO] detector: SHABBAT TRANSITION NORMAL -> CANDIDATE_SHABBAT | סיבה: מחזור אפשרי החל - ממתין להשלמה
2026-10-01 18:23:10 [INFO] shabbat_detector.fsm: [B] DetectorState.CANDIDATE_SHABBAT → DetectorState.NORMAL
2026-10-01 18:23:10 [INFO] detector: SHABBAT TRANSITION CANDIDATE_SHABBAT -> NORMAL | סיבה: מחזור לא תאם - עצירות לא חוקיות בעלייה: ['1', '3', '4', '7', '8']; כיסוי קומות חלקי (עלייה 100%, ירידה 7%); 4 חריגות טיימינג
2026-10-01 18:23:11 [INFO] detector: Config updated remotely (keys=['SHABBAT_DETECTOR'])
2026-10-01 18:25:11 [INFO] detector: Config updated remotely (keys=['SHABBAT_DETECTOR'])
2026-10-01 18:27:14 [INFO] shabbat_detector.hebcal_gate: Hebcal refreshed: 5 start(s), 2 end(s) (geo=281184, diaspora=True)
2026-10-01 18:27:44 [INFO] shabbat_detector.cycle_analyzer: Cycle recovered (missed BOTTOM-terminal read): 297s, up_stops=['0', '11', '3', '1', '4'], down_stops=['10', '-1', '-2']
2026-10-01 18:27:44 [INFO] shabbat_detector.fsm: [B] DetectorState.NORMAL → DetectorState.CANDIDATE_SHABBAT
2026-10-01 18:27:44 [INFO] detector: SHABBAT TRANSITION NORMAL -> CANDIDATE_SHABBAT | סיבה: מחזור אפשרי החל - ממתין להשלמה
2026-10-01 18:27:45 [INFO] shabbat_detector.fsm: [B] DetectorState.CANDIDATE_SHABBAT → DetectorState.NORMAL
2026-10-01 18:27:45 [INFO] detector: SHABBAT TRANSITION CANDIDATE_SHABBAT -> NORMAL | סיבה: מחזור לא תאם - עצירות לא חוקיות בעלייה: ['1', '11', '3', '4']; כיסוי קומות חלקי (עלייה 33%, ירידה 21%); 3 חריגות טיימינג
2026-10-01 18:27:45 [INFO] detector: Config updated remotely (keys=['SHABBAT_DETECTOR'])
2026-10-01 18:28:45 [INFO] detector: Config updated remotely (keys=['SHABBAT_DETECTOR'])
2026-10-01 18:33:06 [INFO] shabbat_detector.cycle_analyzer: Cycle aborted: returned to TOP without reaching BOTTOM
2026-10-01 18:33:06 [INFO] shabbat_detector.fsm: [B] DetectorState.NORMAL → DetectorState.CANDIDATE_SHABBAT
2026-10-01 18:33:06 [INFO] detector: SHABBAT TRANSITION NORMAL -> CANDIDATE_SHABBAT | סיבה: מחזור אפשרי החל - ממתין להשלמה
2026-10-01 18:34:07 [INFO] detector: Config updated remotely (keys=['SHABBAT_DETECTOR'])
2026-10-01 18:35:55 [INFO] shabbat_detector.cycle_analyzer: Cycle aborted: returned to TOP without reaching BOTTOM
2026-10-01 18:39:14 [INFO] shabbat_detector.hebcal_gate: Hebcal refreshed: 5 start(s), 2 end(s) (geo=281184, diaspora=True)
2026-10-01 18:39:14 [INFO] shabbat_detector.cycle_analyzer: Cycle aborted: returned to TOP without reaching BOTTOM
2026-10-01 18:47:51 [INFO] shabbat_detector.cycle_analyzer: Cycle complete: 543s, up_stops=['-1', '8', '4'], down_stops=['-1', '8', '4', '-1', '4', '3', '8', '6', '0']
2026-10-01 18:47:51 [INFO] shabbat_detector.fsm: [B] DetectorState.CANDIDATE_SHABBAT → DetectorState.NORMAL
2026-10-01 18:47:51 [INFO] detector: SHABBAT TRANSITION CANDIDATE_SHABBAT -> NORMAL | סיבה: מחזור לא תאם - עצירות לא חוקיות בעלייה: ['4', '8']; כיסוי קומות חלקי (עלייה 33%, ירידה 43%); 4 חריגות טיימינג
2026-10-01 18:48:05 [INFO] shabbat_detector.hebcal_gate: Hebcal refreshed: 5 start(s), 2 end(s) (geo=281184, diaspora=True)
2026-10-01 18:49:22 [INFO] detector: Config updated remotely (keys=['SHABBAT_DETECTOR'])
2026-10-01 19:03:01 [INFO] shabbat_detector.hebcal_gate: Hebcal refreshed: 5 start(s), 2 end(s) (geo=281184, diaspora=True)
2026-10-01 19:03:01 [INFO] shabbat_detector.cycle_analyzer: Elevator idle 431s - resetting cycle (was in _Phase.LEG_TWO)
2026-10-01 19:04:26 [INFO] shabbat_detector.fsm: [B] DetectorState.NORMAL → DetectorState.CANDIDATE_SHABBAT
2026-10-01 19:04:26 [INFO] detector: SHABBAT TRANSITION NORMAL -> CANDIDATE_SHABBAT | סיבה: מחזור אפשרי החל - ממתין להשלמה
2026-10-01 19:05:31 [INFO] detector: Config updated remotely (keys=['SHABBAT_DETECTOR'])
2026-10-01 19:13:25 [INFO] shabbat_detector.hebcal_gate: Hebcal refreshed: 5 start(s), 2 end(s) (geo=281184, diaspora=True)
2026-10-01 19:23:48 [INFO] shabbat_detector.hebcal_gate: Hebcal refreshed: 5 start(s), 2 end(s) (geo=281184, diaspora=True)
2026-10-01 19:30:54 [WARNING] shabbat_detector.cycle_analyzer: Unexpected: touched opposite terminal again in leg 2
2026-10-01 19:31:44 [INFO] shabbat_detector.cycle_analyzer: Cycle complete: 1688s, up_stops=['-1', '5', '4', '1', '-1', '9', '-1', '3'], down_stops=['3', '7', '3', '-1', '3', '-2', '1', '6', '4', '3', '8', '-1', '5', '-1', '4', '3', '5', '10', '8', '-1', '8', '-1', '6', '-2', '4', '3', '-1', '0', '3', '6', '3', '-1']
2026-10-01 19:31:44 [INFO] shabbat_detector.fsm: [B] DetectorState.CANDIDATE_SHABBAT → DetectorState.NORMAL
2026-10-01 19:31:44 [INFO] detector: SHABBAT TRANSITION CANDIDATE_SHABBAT -> NORMAL | סיבה: מחזור לא תאם - עצירות לא חוקיות בעלייה: ['1', '3', '4', '5', '9']; כיסוי קומות חלקי (עלייה 33%, ירידה 79%); קפיצות-אחורה (עלייה 4, ירידה 15); חזרות על קומות (עלייה 2, ירידה 21); 8 חריגות טיימינג
2026-10-01 19:32:44 [INFO] detector: Config updated remotely (keys=['SHABBAT_DETECTOR'])
2026-10-01 19:35:21 [INFO] shabbat_detector.hebcal_gate: Hebcal refreshed: 5 start(s), 2 end(s) (geo=281184, diaspora=True)
2026-10-01 19:42:28 [INFO] shabbat_detector.cycle_analyzer: Elevator idle 392s - resetting cycle (was in _Phase.LEG_ONE)
2026-10-01 19:45:39 [INFO] shabbat_detector.hebcal_gate: Hebcal refreshed: 5 start(s), 2 end(s) (geo=281184, diaspora=True)
2026-10-01 19:45:39 [INFO] shabbat_detector.fsm: [B] DetectorState.NORMAL → DetectorState.CANDIDATE_SHABBAT
2026-10-01 19:45:39 [INFO] detector: SHABBAT TRANSITION NORMAL -> CANDIDATE_SHABBAT | סיבה: מחזור אפשרי החל - ממתין להשלמה
2026-10-01 19:46:40 [INFO] detector: Config updated remotely (keys=['SHABBAT_DETECTOR'])
2026-10-01 19:59:30 [INFO] shabbat_detector.hebcal_gate: Hebcal refreshed: 5 start(s), 2 end(s) (geo=281184, diaspora=True)
2026-10-01 19:59:30 [INFO] shabbat_detector.cycle_analyzer: Elevator idle 386s - resetting cycle (was in _Phase.LEG_ONE)
2026-10-01 20:09:44 [INFO] shabbat_detector.hebcal_gate: Hebcal refreshed: 5 start(s), 2 end(s) (geo=281184, diaspora=True)
2026-10-01 20:21:19 [INFO] shabbat_detector.hebcal_gate: Hebcal refreshed: 5 start(s), 2 end(s) (geo=281184, diaspora=True)
2026-10-01 20:23:27 [INFO] shabbat_detector.cycle_analyzer: Cycle recovered (missed TOP-terminal read): 1225s, up_stops=['-1', '10', '11'], down_stops=['8', '-2', '-1', '3', '8', '4', '-2', '3', '-1', '3', '10', '-1', '1', '2', '-1', '1', '5', '9', '11', '8', '4', '-1']
2026-10-01 20:23:27 [INFO] shabbat_detector.fsm: [B] DetectorState.CANDIDATE_SHABBAT → DetectorState.NORMAL
2026-10-01 20:23:27 [INFO] detector: SHABBAT TRANSITION CANDIDATE_SHABBAT -> NORMAL | סיבה: מחזור לא תאם - עצירות לא חוקיות בעלייה: ['10', '11']; כיסוי קומות חלקי (עלייה 33%, ירידה 79%); קפיצות-אחורה (עלייה 0, ירידה 12); חזרות על קומות (עלייה 0, ירידה 11); 7 חריגות טיימינג
2026-10-01 20:24:27 [INFO] detector: Config updated remotely (keys=['SHABBAT_DETECTOR'])
2026-10-01 20:29:14 [INFO] shabbat_detector.cycle_analyzer: Cycle aborted: returned to BOTTOM without reaching TOP
2026-10-01 20:29:14 [INFO] shabbat_detector.fsm: [B] DetectorState.NORMAL → DetectorState.CANDIDATE_SHABBAT
2026-10-01 20:29:14 [INFO] detector: SHABBAT TRANSITION NORMAL -> CANDIDATE_SHABBAT | סיבה: מחזור אפשרי החל - ממתין להשלמה
2026-10-01 20:29:45 [INFO] detector: Config updated remotely (keys=['SHABBAT_DETECTOR'])
2026-10-01 20:33:32 [INFO] shabbat_detector.hebcal_gate: Hebcal refreshed: 5 start(s), 2 end(s) (geo=281184, diaspora=True)
2026-10-01 20:34:30 [INFO] shabbat_detector.cycle_analyzer: Cycle aborted: returned to BOTTOM without reaching TOP
2026-10-01 20:56:19 [INFO] shabbat_detector.hebcal_gate: Hebcal refreshed: 5 start(s), 2 end(s) (geo=281184, diaspora=True)
2026-10-01 20:56:19 [INFO] shabbat_detector.cycle_analyzer: Elevator idle 1027s - resetting cycle (was in _Phase.LEG_TWO)
2026-10-01 21:12:11 [INFO] shabbat_detector.hebcal_gate: Hebcal refreshed: 5 start(s), 2 end(s) (geo=281184, diaspora=True)
2026-10-01 21:12:11 [INFO] shabbat_detector.cycle_analyzer: Elevator idle 546s - resetting cycle (was in _Phase.LEG_ONE)
2026-10-01 21:22:37 [INFO] shabbat_detector.hebcal_gate: Hebcal refreshed: 5 start(s), 2 end(s) (geo=281184, diaspora=True)
2026-10-01 21:26:54 [INFO] shabbat_detector.cycle_analyzer: Cycle aborted: returned to BOTTOM without reaching TOP
2026-10-01 21:33:28 [INFO] shabbat_detector.hebcal_gate: Hebcal refreshed: 5 start(s), 2 end(s) (geo=281184, diaspora=True)
2026-10-01 21:33:28 [INFO] shabbat_detector.cycle_analyzer: Elevator idle 374s - resetting cycle (was in _Phase.LEG_ONE)
2026-10-01 21:41:01 [INFO] shabbat_detector.cycle_analyzer: Cycle aborted: returned to TOP without reaching BOTTOM
2026-10-01 21:43:27 [INFO] shabbat_detector.hebcal_gate: Hebcal refreshed: 5 start(s), 2 end(s) (geo=281184, diaspora=True)
2026-10-01 21:54:25 [INFO] shabbat_detector.hebcal_gate: Hebcal refreshed: 5 start(s), 2 end(s) (geo=281184, diaspora=True)
2026-10-01 22:09:15 [INFO] shabbat_detector.hebcal_gate: Hebcal refreshed: 5 start(s), 2 end(s) (geo=281184, diaspora=True)
2026-10-01 22:09:15 [INFO] shabbat_detector.cycle_analyzer: Elevator idle 646s - resetting cycle (was in _Phase.LEG_ONE)
2026-10-01 22:22:40 [INFO] shabbat_detector.hebcal_gate: Hebcal refreshed: 5 start(s), 2 end(s) (geo=281184, diaspora=True)
2026-10-01 22:32:45 [INFO] shabbat_detector.hebcal_gate: Hebcal refreshed: 5 start(s), 2 end(s) (geo=281184, diaspora=True)
2026-10-01 22:32:45 [INFO] shabbat_detector.cycle_analyzer: Elevator idle 533s - resetting cycle (was in _Phase.LEG_ONE)
2026-10-01 22:58:28 [INFO] shabbat_detector.hebcal_gate: Hebcal refreshed: 5 start(s), 2 end(s) (geo=281184, diaspora=True)
2026-10-01 23:05:28 [INFO] shabbat_detector.cycle_analyzer: Cycle aborted: returned to BOTTOM without reaching TOP
2026-10-01 23:08:43 [INFO] shabbat_detector.hebcal_gate: Hebcal refreshed: 5 start(s), 2 end(s) (geo=281184, diaspora=True)
2026-10-01 23:19:30 [INFO] shabbat_detector.hebcal_gate: Hebcal refreshed: 5 start(s), 2 end(s) (geo=281184, diaspora=True)
2026-10-01 23:19:30 [INFO] shabbat_detector.cycle_analyzer: Elevator idle 346s - resetting cycle (was in _Phase.LEG_TWO)
2026-10-01 23:28:45 [INFO] shabbat_detector.hebcal_gate: Hebcal refreshed: 5 start(s), 2 end(s) (geo=281184, diaspora=True)
2026-10-01 23:43:43 [INFO] shabbat_detector.hebcal_gate: Hebcal refreshed: 5 start(s), 2 end(s) (geo=281184, diaspora=True)
2026-10-01 23:53:44 [INFO] shabbat_detector.hebcal_gate: Hebcal refreshed: 5 start(s), 2 end(s) (geo=281184, diaspora=True)
2026-10-02 00:06:59 [INFO] shabbat_detector.hebcal_gate: Hebcal refreshed: 5 start(s), 2 end(s) (geo=281184, diaspora=True)
2026-10-02 00:06:59 [INFO] shabbat_detector.cycle_analyzer: Elevator idle 362s - resetting cycle (was in _Phase.LEG_ONE)
2026-10-02 00:18:22 [INFO] shabbat_detector.hebcal_gate: Hebcal refreshed: 5 start(s), 2 end(s) (geo=281184, diaspora=True)
2026-10-02 00:29:15 [INFO] shabbat_detector.hebcal_gate: Hebcal refreshed: 5 start(s), 2 end(s) (geo=281184, diaspora=True)
2026-10-02 00:46:56 [INFO] shabbat_detector.hebcal_gate: Hebcal refreshed: 5 start(s), 2 end(s) (geo=281184, diaspora=True)
2026-10-02 00:46:56 [INFO] shabbat_detector.cycle_analyzer: Elevator idle 522s - resetting cycle (was in _Phase.LEG_ONE)
2026-10-02 01:04:42 [INFO] shabbat_detector.hebcal_gate: Hebcal refreshed: 5 start(s), 2 end(s) (geo=281184, diaspora=True)
2026-10-02 01:04:42 [INFO] shabbat_detector.cycle_analyzer: Elevator idle 962s - resetting cycle (was in _Phase.LEG_ONE)
2026-10-02 01:11:31 [INFO] shabbat_detector.cycle_analyzer: Elevator idle 347s - resetting cycle (was in _Phase.LEG_ONE)
2026-10-02 01:16:18 [INFO] shabbat_detector.hebcal_gate: Hebcal refreshed: 5 start(s), 2 end(s) (geo=281184, diaspora=True)
2026-10-02 01:50:42 [INFO] shabbat_detector.hebcal_gate: Hebcal refreshed: 5 start(s), 2 end(s) (geo=281184, diaspora=True)
2026-10-02 01:50:42 [INFO] shabbat_detector.cycle_analyzer: Elevator idle 2180s - resetting cycle (was in _Phase.LEG_ONE)
2026-10-02 02:05:54 [INFO] shabbat_detector.hebcal_gate: Hebcal refreshed: 5 start(s), 2 end(s) (geo=281184, diaspora=True)
2026-10-02 02:18:52 [INFO] shabbat_detector.hebcal_gate: Hebcal refreshed: 5 start(s), 2 end(s) (geo=281184, diaspora=True)
2026-10-02 02:25:18 [INFO] shabbat_detector.cycle_analyzer: Elevator idle 419s - resetting cycle (was in _Phase.LEG_ONE)
2026-10-02 02:29:51 [INFO] shabbat_detector.hebcal_gate: Hebcal refreshed: 5 start(s), 2 end(s) (geo=281184, diaspora=True)
2026-10-02 03:29:17 [INFO] shabbat_detector.hebcal_gate: Hebcal refreshed: 5 start(s), 2 end(s) (geo=281184, diaspora=True)
2026-10-02 03:43:27 [INFO] shabbat_detector.hebcal_gate: Hebcal refreshed: 5 start(s), 2 end(s) (geo=281184, diaspora=True)
2026-10-02 03:53:23 [INFO] shabbat_detector.hebcal_gate: Hebcal refreshed: 5 start(s), 2 end(s) (geo=281184, diaspora=True)
2026-10-02 04:59:07 [INFO] shabbat_detector.hebcal_gate: Hebcal refreshed: 5 start(s), 2 end(s) (geo=281184, diaspora=True)
2026-10-02 05:12:59 [INFO] shabbat_detector.hebcal_gate: Hebcal refreshed: 5 start(s), 2 end(s) (geo=281184, diaspora=True)
2026-10-02 05:23:16 [INFO] shabbat_detector.hebcal_gate: Hebcal refreshed: 5 start(s), 2 end(s) (geo=281184, diaspora=True)
2026-10-02 05:42:09 [INFO] shabbat_detector.hebcal_gate: Hebcal refreshed: 5 start(s), 2 end(s) (geo=281184, diaspora=True)
2026-10-02 05:54:27 [INFO] shabbat_detector.hebcal_gate: Hebcal refreshed: 5 start(s), 2 end(s) (geo=281184, diaspora=True)
2026-10-02 06:14:03 [INFO] shabbat_detector.hebcal_gate: Hebcal refreshed: 5 start(s), 2 end(s) (geo=281184, diaspora=True)
2026-10-02 06:44:50 [INFO] shabbat_detector.hebcal_gate: Hebcal refreshed: 5 start(s), 2 end(s) (geo=281184, diaspora=True)
2026-10-02 06:55:55 [INFO] shabbat_detector.hebcal_gate: Hebcal refreshed: 5 start(s), 2 end(s) (geo=281184, diaspora=True)
2026-10-02 07:07:10 [INFO] shabbat_detector.hebcal_gate: Hebcal refreshed: 5 start(s), 2 end(s) (geo=281184, diaspora=True)
2026-10-02 07:16:14 [INFO] shabbat_detector.hebcal_gate: Hebcal refreshed: 5 start(s), 2 end(s) (geo=281184, diaspora=True)
2026-10-02 07:32:01 [INFO] shabbat_detector.hebcal_gate: Hebcal refreshed: 5 start(s), 2 end(s) (geo=281184, diaspora=True)
2026-10-02 07:32:01 [INFO] shabbat_detector.cycle_analyzer: Elevator idle 362s - resetting cycle (was in _Phase.LEG_TWO)
2026-10-02 07:42:35 [INFO] shabbat_detector.hebcal_gate: Hebcal refreshed: 5 start(s), 2 end(s) (geo=281184, diaspora=True)
2026-10-02 07:53:12 [INFO] shabbat_detector.hebcal_gate: Hebcal refreshed: 5 start(s), 2 end(s) (geo=281184, diaspora=True)
2026-10-02 07:55:49 [INFO] shabbat_detector.cycle_analyzer: Cycle complete: 1092s, up_stops=['-2', '8'], down_stops=['-1', '0', '3', '-2', '-1', '-2', '6', '-1', '2', '-1', '3', '-1', '-2', '1', '11', '5', '4', '-1', '3', '-1', '4']
2026-10-02 07:55:49 [INFO] shabbat_detector.fsm: [B] DetectorState.CANDIDATE_SHABBAT → DetectorState.NORMAL
2026-10-02 07:55:49 [INFO] detector: SHABBAT TRANSITION CANDIDATE_SHABBAT -> NORMAL | סיבה: מחזור לא תאם - עצירות לא חוקיות בעלייה: ['8']; כיסוי קומות חלקי (עלייה 33%, ירידה 71%); קפיצות-אחורה (עלייה 0, ירידה 10); חזרות על קומות (עלייה 0, ירידה 11); 6 חריגות טיימינג
2026-10-02 07:56:49 [INFO] detector: Config updated remotely (keys=['SHABBAT_DETECTOR'])
2026-10-02 08:04:07 [INFO] shabbat_detector.hebcal_gate: Hebcal refreshed: 5 start(s), 2 end(s) (geo=281184, diaspora=True)
2026-10-02 08:13:22 [INFO] shabbat_detector.hebcal_gate: Hebcal refreshed: 5 start(s), 2 end(s) (geo=281184, diaspora=True)
2026-10-02 08:19:13 [WARNING] shabbat_detector.cycle_analyzer: Unexpected: touched opposite terminal again in leg 2
2026-10-02 08:32:29 [INFO] shabbat_detector.hebcal_gate: Hebcal refreshed: 5 start(s), 2 end(s) (geo=281184, diaspora=True)
2026-10-02 08:32:29 [INFO] shabbat_detector.cycle_analyzer: Elevator idle 724s - resetting cycle (was in _Phase.LEG_TWO)
2026-10-02 08:43:21 [INFO] shabbat_detector.hebcal_gate: Hebcal refreshed: 5 start(s), 2 end(s) (geo=281184, diaspora=True)
2026-10-02 08:53:43 [INFO] shabbat_detector.hebcal_gate: Hebcal refreshed: 5 start(s), 2 end(s) (geo=281184, diaspora=True)
2026-10-02 08:57:31 [INFO] shabbat_detector.fsm: [B] DetectorState.NORMAL → DetectorState.CANDIDATE_SHABBAT
2026-10-02 08:57:31 [INFO] detector: SHABBAT TRANSITION NORMAL -> CANDIDATE_SHABBAT | סיבה: מחזור אפשרי החל - ממתין להשלמה
2026-10-02 08:59:31 [INFO] detector: Config updated remotely (keys=['SHABBAT_DETECTOR'])
2026-10-02 09:03:51 [INFO] shabbat_detector.hebcal_gate: Hebcal refreshed: 5 start(s), 2 end(s) (geo=281184, diaspora=True)
2026-10-02 09:14:15 [INFO] shabbat_detector.hebcal_gate: Hebcal refreshed: 5 start(s), 2 end(s) (geo=281184, diaspora=True)
2026-10-02 09:28:53 [INFO] shabbat_detector.hebcal_gate: Hebcal refreshed: 5 start(s), 2 end(s) (geo=281184, diaspora=True)
2026-10-02 09:28:53 [INFO] shabbat_detector.cycle_analyzer: Elevator idle 430s - resetting cycle (was in _Phase.LEG_TWO)
2026-10-02 09:38:53 [INFO] shabbat_detector.hebcal_gate: Hebcal refreshed: 5 start(s), 2 end(s) (geo=281184, diaspora=True)
2026-10-02 09:42:08 [INFO] shabbat_detector.cycle_analyzer: Cycle aborted: returned to BOTTOM without reaching TOP
2026-10-02 09:48:09 [INFO] shabbat_detector.cycle_analyzer: Cycle aborted: returned to BOTTOM without reaching TOP
2026-10-02 09:50:27 [INFO] shabbat_detector.hebcal_gate: Hebcal refreshed: 5 start(s), 2 end(s) (geo=281184, diaspora=True)
2026-10-02 09:56:58 [INFO] shabbat_detector.cycle_analyzer: Cycle complete: 549s, up_stops=['5'], down_stops=['1', '-1', '6', '10', '9', '11', '4', '-1']
2026-10-02 09:56:58 [INFO] shabbat_detector.fsm: [B] DetectorState.CANDIDATE_SHABBAT → DetectorState.NORMAL
2026-10-02 09:56:58 [INFO] detector: SHABBAT TRANSITION CANDIDATE_SHABBAT -> NORMAL | סיבה: מחזור לא תאם - עצירות לא חוקיות בעלייה: ['5']; כיסוי קומות חלקי (עלייה 0%, ירידה 50%); 6 חריגות טיימינג
2026-10-02 09:58:28 [INFO] detector: Config updated remotely (keys=['SHABBAT_DETECTOR'])
2026-10-02 10:02:51 [INFO] shabbat_detector.hebcal_gate: Hebcal refreshed: 5 start(s), 2 end(s) (geo=281184, diaspora=True)
2026-10-02 10:09:13 [INFO] shabbat_detector.cycle_analyzer: Cycle aborted: returned to BOTTOM without reaching TOP
2026-10-02 10:09:13 [INFO] shabbat_detector.fsm: [B] DetectorState.NORMAL → DetectorState.CANDIDATE_SHABBAT
2026-10-02 10:09:13 [INFO] detector: SHABBAT TRANSITION NORMAL -> CANDIDATE_SHABBAT | סיבה: מחזור אפשרי החל - ממתין להשלמה
2026-10-02 10:10:14 [INFO] detector: Config updated remotely (keys=['SHABBAT_DETECTOR'])
2026-10-02 10:13:09 [INFO] shabbat_detector.hebcal_gate: Hebcal refreshed: 5 start(s), 2 end(s) (geo=281184, diaspora=True)
2026-10-02 10:17:00 [INFO] shabbat_detector.cycle_analyzer: Cycle complete: 377s, up_stops=['3', '4', '-1'], down_stops=['1', '-1']
2026-10-02 10:17:00 [INFO] shabbat_detector.fsm: [B] DetectorState.CANDIDATE_SHABBAT → DetectorState.NORMAL
2026-10-02 10:17:00 [INFO] detector: SHABBAT TRANSITION CANDIDATE_SHABBAT -> NORMAL | סיבה: מחזור לא תאם - עצירות לא חוקיות בעלייה: ['3', '4']; כיסוי קומות חלקי (עלייה 33%, ירידה 14%); 1 חריגות טיימינג
2026-10-02 10:18:01 [INFO] detector: Config updated remotely (keys=['SHABBAT_DETECTOR'])
2026-10-02 10:23:52 [INFO] shabbat_detector.hebcal_gate: Hebcal refreshed: 5 start(s), 2 end(s) (geo=281184, diaspora=True)
2026-10-02 10:23:52 [INFO] shabbat_detector.cycle_analyzer: Elevator idle 327s - resetting cycle (was in _Phase.LEG_ONE)
2026-10-02 10:24:40 [INFO] shabbat_detector.fsm: [B] DetectorState.NORMAL → DetectorState.CANDIDATE_SHABBAT
2026-10-02 10:24:40 [INFO] detector: SHABBAT TRANSITION NORMAL -> CANDIDATE_SHABBAT | סיבה: מחזור אפשרי החל - ממתין להשלמה
2026-10-02 10:25:11 [INFO] detector: Config updated remotely (keys=['SHABBAT_DETECTOR'])
2026-10-02 10:28:27 [INFO] shabbat_detector.cycle_analyzer: Cycle aborted: returned to TOP without reaching BOTTOM
2026-10-02 10:32:44 [INFO] shabbat_detector.cycle_analyzer: Cycle aborted: returned to TOP without reaching BOTTOM
2026-10-02 10:35:39 [INFO] shabbat_detector.hebcal_gate: Hebcal refreshed: 5 start(s), 2 end(s) (geo=281184, diaspora=True)
2026-10-02 10:43:26 [INFO] shabbat_detector.cycle_analyzer: Cycle aborted: returned to TOP without reaching BOTTOM
2026-10-02 10:48:08 [INFO] shabbat_detector.hebcal_gate: Hebcal refreshed: 5 start(s), 2 end(s) (geo=281184, diaspora=True)
2026-10-02 10:55:26 [INFO] shabbat_detector.cycle_analyzer: Cycle aborted: returned to TOP without reaching BOTTOM
2026-10-02 10:58:36 [INFO] shabbat_detector.hebcal_gate: Hebcal refreshed: 5 start(s), 2 end(s) (geo=281184, diaspora=True)
2026-10-02 10:58:36 [WARNING] shabbat_detector.cycle_analyzer: Unexpected: touched opposite terminal again in leg 2
2026-10-02 11:01:36 [INFO] shabbat_detector.cycle_analyzer: Cycle complete: 377s, up_stops=[], down_stops=['-1']
2026-10-02 11:01:36 [INFO] shabbat_detector.fsm: [B] DetectorState.CANDIDATE_SHABBAT → DetectorState.NORMAL
2026-10-02 11:01:36 [INFO] detector: SHABBAT TRANSITION CANDIDATE_SHABBAT -> NORMAL | סיבה: מחזור לא תאם - כיסוי קומות חלקי (עלייה 0%, ירידה 7%)
2026-10-02 11:03:37 [INFO] detector: Config updated remotely (keys=['SHABBAT_DETECTOR'])
2026-10-02 11:08:19 [INFO] shabbat_detector.hebcal_gate: Hebcal refreshed: 5 start(s), 2 end(s) (geo=281184, diaspora=True)
2026-10-02 11:11:57 [INFO] shabbat_detector.cycle_analyzer: Cycle aborted: returned to TOP without reaching BOTTOM
2026-10-02 11:11:57 [INFO] shabbat_detector.fsm: [B] DetectorState.NORMAL → DetectorState.CANDIDATE_SHABBAT
2026-10-02 11:11:57 [INFO] detector: SHABBAT TRANSITION NORMAL -> CANDIDATE_SHABBAT | סיבה: מחזור אפשרי החל - ממתין להשלמה
2026-10-02 11:13:28 [INFO] detector: Config updated remotely (keys=['SHABBAT_DETECTOR'])
2026-10-02 11:18:42 [INFO] shabbat_detector.hebcal_gate: Hebcal refreshed: 5 start(s), 2 end(s) (geo=281184, diaspora=True)
2026-10-02 11:21:19 [WARNING] shabbat_detector.cycle_analyzer: Unexpected: touched opposite terminal again in leg 2
2026-10-02 11:24:28 [WARNING] shabbat_detector.cycle_analyzer: Unexpected: touched opposite terminal again in leg 2
2026-10-02 11:27:10 [WARNING] shabbat_detector.cycle_analyzer: Unexpected: touched opposite terminal again in leg 2
2026-10-02 11:28:28 [WARNING] shabbat_detector.cycle_analyzer: Unexpected: touched opposite terminal again in leg 2
2026-10-02 11:28:30 [INFO] shabbat_detector.hebcal_gate: Hebcal refreshed: 5 start(s), 2 end(s) (geo=281184, diaspora=True)
2026-10-02 11:29:09 [INFO] shabbat_detector.cycle_analyzer: Cycle complete: 1061s, up_stops=['3', '4', '-1', '1', '-1', '1', '-1', '4', '-1', '-2', '-2', '2'], down_stops=['-1', '1', '3', '1', '-1', '-2']
2026-10-02 11:29:09 [INFO] shabbat_detector.fsm: [B] DetectorState.CANDIDATE_SHABBAT → DetectorState.NORMAL
2026-10-02 11:29:09 [INFO] detector: SHABBAT TRANSITION CANDIDATE_SHABBAT -> NORMAL | סיבה: מחזור לא תאם - עצירות לא חוקיות בעלייה: ['1', '2', '3', '4']; כיסוי קומות חלקי (עלייה 67%, ירידה 28%); קפיצות-אחורה (עלייה 5, ירידה 2); 3 חריגות טיימינג
2026-10-02 11:31:10 [INFO] detector: Config updated remotely (keys=['SHABBAT_DETECTOR'])
2026-10-02 11:39:54 [INFO] shabbat_detector.hebcal_gate: Hebcal refreshed: 5 start(s), 2 end(s) (geo=281184, diaspora=True)
2026-10-02 11:41:22 [INFO] shabbat_detector.cycle_analyzer: Cycle complete: 718s, up_stops=['4', '4', '1', '-1', '1'], down_stops=[]
2026-10-02 11:41:22 [INFO] shabbat_detector.fsm: [B] DetectorState.NORMAL → DetectorState.CANDIDATE_SHABBAT
2026-10-02 11:41:22 [INFO] detector: SHABBAT TRANSITION NORMAL -> CANDIDATE_SHABBAT | סיבה: מחזור אפשרי החל - ממתין להשלמה
2026-10-02 11:41:22 [INFO] shabbat_detector.fsm: [B] DetectorState.CANDIDATE_SHABBAT → DetectorState.NORMAL
2026-10-02 11:41:22 [INFO] detector: SHABBAT TRANSITION CANDIDATE_SHABBAT -> NORMAL | סיבה: מחזור לא תאם - עצירות לא חוקיות בעלייה: ['1', '4']; כיסוי קומות חלקי (עלייה 33%, ירידה 0%); 1 חריגות טיימינג
2026-10-02 11:41:23 [INFO] detector: Config updated remotely (keys=['SHABBAT_DETECTOR'])
2026-10-02 11:42:23 [INFO] detector: Config updated remotely (keys=['SHABBAT_DETECTOR'])
2026-10-02 11:49:39 [INFO] shabbat_detector.hebcal_gate: Hebcal refreshed: 5 start(s), 2 end(s) (geo=281184, diaspora=True)
2026-10-02 11:50:38 [INFO] shabbat_detector.cycle_analyzer: Cycle complete: 541s, up_stops=['5'], down_stops=['11', '4', '-1', '4', '-1', '4', '3', '11', '-1']
2026-10-02 11:50:38 [INFO] shabbat_detector.fsm: [B] DetectorState.NORMAL → DetectorState.CANDIDATE_SHABBAT
2026-10-02 11:50:38 [INFO] detector: SHABBAT TRANSITION NORMAL -> CANDIDATE_SHABBAT | סיבה: מחזור אפשרי החל - ממתין להשלמה
2026-10-02 11:50:38 [INFO] shabbat_detector.fsm: [B] DetectorState.CANDIDATE_SHABBAT → DetectorState.NORMAL
2026-10-02 11:50:38 [INFO] detector: SHABBAT TRANSITION CANDIDATE_SHABBAT -> NORMAL | סיבה: מחזור לא תאם - עצירות לא חוקיות בעלייה: ['5']; כיסוי קומות חלקי (עלייה 0%, ירידה 28%); 4 חריגות טיימינג
2026-10-02 11:50:39 [INFO] detector: Config updated remotely (keys=['SHABBAT_DETECTOR'])
2026-10-02 11:51:08 [INFO] detector: Config updated remotely (keys=['SHABBAT_DETECTOR'])
2026-10-02 11:55:11 [WARNING] shabbat_detector.cycle_analyzer: Unexpected: touched opposite terminal again in leg 2
2026-10-02 12:02:25 [INFO] shabbat_detector.hebcal_gate: Hebcal refreshed: 5 start(s), 2 end(s) (geo=281184, diaspora=True)
2026-10-02 12:04:30 [INFO] shabbat_detector.cycle_analyzer: Cycle complete: 863s, up_stops=['11', '3', '-1', '4', '-1', '1', '11', '-2', '-1', '1', '10'], down_stops=['5', '-1']
2026-10-02 12:04:30 [INFO] shabbat_detector.fsm: [B] DetectorState.NORMAL → DetectorState.CANDIDATE_SHABBAT
2026-10-02 12:04:30 [INFO] detector: SHABBAT TRANSITION NORMAL -> CANDIDATE_SHABBAT | סיבה: מחזור אפשרי החל - ממתין להשלמה
2026-10-02 12:04:31 [INFO] shabbat_detector.fsm: [B] DetectorState.CANDIDATE_SHABBAT → DetectorState.NORMAL
2026-10-02 12:04:31 [INFO] detector: SHABBAT TRANSITION CANDIDATE_SHABBAT -> NORMAL | סיבה: מחזור לא תאם - עצירות לא חוקיות בעלייה: ['1', '10', '11', '3', '4']; כיסוי קומות חלקי (עלייה 67%, ירידה 14%); 7 חריגות טיימינג
2026-10-02 12:04:31 [INFO] detector: Config updated remotely (keys=['SHABBAT_DETECTOR'])
2026-10-02 12:06:01 [INFO] detector: Config updated remotely (keys=['SHABBAT_DETECTOR'])
2026-10-02 12:10:02 [INFO] shabbat_detector.cycle_analyzer: Cycle complete: 271s, up_stops=['10', '11'], down_stops=['11', '1']
2026-10-02 12:10:02 [INFO] shabbat_detector.fsm: [B] DetectorState.NORMAL → DetectorState.CANDIDATE_SHABBAT
2026-10-02 12:10:02 [INFO] detector: SHABBAT TRANSITION NORMAL -> CANDIDATE_SHABBAT | סיבה: מחזור אפשרי החל - ממתין להשלמה
2026-10-02 12:10:02 [INFO] shabbat_detector.fsm: [B] DetectorState.CANDIDATE_SHABBAT → DetectorState.NORMAL
2026-10-02 12:10:02 [INFO] detector: SHABBAT TRANSITION CANDIDATE_SHABBAT -> NORMAL | סיבה: מחזור לא תאם - עצירות לא חוקיות בעלייה: ['10', '11']; כיסוי קומות חלקי (עלייה 0%, ירידה 14%); 1 חריגות טיימינג
2026-10-02 12:10:03 [INFO] detector: Config updated remotely (keys=['SHABBAT_DETECTOR'])
2026-10-02 12:10:32 [INFO] detector: Config updated remotely (keys=['SHABBAT_DETECTOR'])
2026-10-02 12:12:54 [INFO] shabbat_detector.hebcal_gate: Hebcal refreshed: 5 start(s), 2 end(s) (geo=281184, diaspora=True)
2026-10-02 12:16:32 [WARNING] shabbat_detector.cycle_analyzer: Unexpected: touched opposite terminal again in leg 2
2026-10-02 12:22:09 [INFO] shabbat_detector.hebcal_gate: Hebcal refreshed: 5 start(s), 2 end(s) (geo=281184, diaspora=True)
2026-10-02 12:30:57 [WARNING] shabbat_detector.cycle_analyzer: Unexpected: touched opposite terminal again in leg 2
2026-10-02 12:33:11 [INFO] shabbat_detector.hebcal_gate: Hebcal refreshed: 5 start(s), 2 end(s) (geo=281184, diaspora=True)
2026-10-02 12:34:00 [WARNING] shabbat_detector.cycle_analyzer: Unexpected: touched opposite terminal again in leg 2
2026-10-02 12:51:40 [INFO] shabbat_detector.hebcal_gate: Hebcal refreshed: 5 start(s), 2 end(s) (geo=281184, diaspora=True)
2026-10-02 12:51:40 [INFO] shabbat_detector.cycle_analyzer: Elevator idle 823s - resetting cycle (was in _Phase.LEG_TWO)
2026-10-02 12:51:41 [INFO] shabbat_detector.fsm: [B] DetectorState.NORMAL → DetectorState.CANDIDATE_SHABBAT
2026-10-02 12:51:41 [INFO] detector: SHABBAT TRANSITION NORMAL -> CANDIDATE_SHABBAT | סיבה: מחזור אפשרי החל - ממתין להשלמה
2026-10-02 12:52:11 [INFO] detector: Config updated remotely (keys=['SHABBAT_DETECTOR'])
2026-10-02 12:57:34 [INFO] shabbat_detector.cycle_analyzer: Cycle aborted: returned to BOTTOM without reaching TOP
2026-10-02 13:01:55 [INFO] shabbat_detector.hebcal_gate: Hebcal refreshed: 5 start(s), 2 end(s) (geo=281184, diaspora=True)
2026-10-02 13:13:00 [INFO] shabbat_detector.hebcal_gate: Hebcal refreshed: 5 start(s), 2 end(s) (geo=281184, diaspora=True)
2026-10-02 13:13:48 [INFO] shabbat_detector.cycle_analyzer: Cycle complete: 1033s, up_stops=['8', '5', '-1', '5', '8', '3', '-1', '4', '-1'], down_stops=['9']
2026-10-02 13:13:48 [INFO] shabbat_detector.fsm: [B] DetectorState.CANDIDATE_SHABBAT → DetectorState.NORMAL
2026-10-02 13:13:48 [INFO] detector: SHABBAT TRANSITION CANDIDATE_SHABBAT -> NORMAL | סיבה: מחזור לא תאם - עצירות לא חוקיות בעלייה: ['3', '4', '5', '8']; כיסוי קומות חלקי (עלייה 33%, ירידה 7%); קפיצות-אחורה (עלייה 5, ירידה 0); 3 חריגות טיימינג
2026-10-02 13:14:49 [INFO] detector: Config updated remotely (keys=['SHABBAT_DETECTOR'])
2026-10-02 13:20:42 [INFO] shabbat_detector.cycle_analyzer: Elevator idle 390s - resetting cycle (was in _Phase.LEG_ONE)
2026-10-02 13:24:42 [INFO] shabbat_detector.hebcal_gate: Hebcal refreshed: 5 start(s), 2 end(s) (geo=281184, diaspora=True)
2026-10-02 13:24:42 [INFO] shabbat_detector.cycle_analyzer: Cycle aborted: returned to BOTTOM without reaching TOP
2026-10-02 13:24:42 [INFO] shabbat_detector.fsm: [B] DetectorState.NORMAL → DetectorState.CANDIDATE_SHABBAT
2026-10-02 13:24:42 [INFO] detector: SHABBAT TRANSITION NORMAL -> CANDIDATE_SHABBAT | סיבה: מחזור אפשרי החל - ממתין להשלמה
2026-10-02 13:26:42 [INFO] detector: Config updated remotely (keys=['SHABBAT_DETECTOR'])
2026-10-02 13:31:05 [WARNING] shabbat_detector.cycle_analyzer: Unexpected: touched opposite terminal again in leg 2
2026-10-02 13:40:16 [INFO] shabbat_detector.hebcal_gate: Hebcal refreshed: 5 start(s), 2 end(s) (geo=281184, diaspora=True)
2026-10-02 13:40:16 [INFO] shabbat_detector.cycle_analyzer: Elevator idle 489s - resetting cycle (was in _Phase.LEG_TWO)
2026-10-02 13:44:34 [INFO] shabbat_detector.cycle_analyzer: Cycle aborted: returned to BOTTOM without reaching TOP
2026-10-02 13:50:17 [INFO] shabbat_detector.hebcal_gate: Hebcal refreshed: 5 start(s), 2 end(s) (geo=281184, diaspora=True)
2026-10-02 13:51:39 [INFO] shabbat_detector.cycle_analyzer: Cycle aborted: returned to BOTTOM without reaching TOP
2026-10-02 13:55:40 [INFO] shabbat_detector.cycle_analyzer: Cycle aborted: returned to BOTTOM without reaching TOP
2026-10-02 13:57:46 [INFO] shabbat_detector.cycle_analyzer: Cycle aborted: returned to BOTTOM without reaching TOP
2026-10-02 13:59:47 [INFO] shabbat_detector.cycle_analyzer: Cycle aborted: returned to BOTTOM without reaching TOP
2026-10-02 14:00:13 [INFO] shabbat_detector.hebcal_gate: Hebcal refreshed: 5 start(s), 2 end(s) (geo=281184, diaspora=True)
2026-10-02 14:04:18 [INFO] shabbat_detector.cycle_analyzer: Cycle aborted: returned to BOTTOM without reaching TOP
2026-10-02 14:10:12 [INFO] shabbat_detector.cycle_analyzer: Cycle aborted: returned to BOTTOM without reaching TOP
2026-10-02 14:15:43 [INFO] shabbat_detector.hebcal_gate: Hebcal refreshed: 5 start(s), 2 end(s) (geo=281184, diaspora=True)
2026-10-02 14:15:43 [INFO] shabbat_detector.cycle_analyzer: Elevator idle 329s - resetting cycle (was in _Phase.LEG_ONE)
2026-10-02 14:18:12 [INFO] shabbat_detector.cycle_analyzer: Cycle aborted: returned to BOTTOM without reaching TOP
2026-10-02 14:23:58 [INFO] shabbat_detector.cycle_analyzer: Cycle aborted: returned to BOTTOM without reaching TOP
2026-10-02 14:26:43 [INFO] shabbat_detector.hebcal_gate: Hebcal refreshed: 5 start(s), 2 end(s) (geo=281184, diaspora=True)
2026-10-02 14:30:28 [INFO] shabbat_detector.cycle_analyzer: Cycle aborted: returned to BOTTOM without reaching TOP
2026-10-02 14:36:57 [INFO] shabbat_detector.hebcal_gate: Hebcal refreshed: 5 start(s), 2 end(s) (geo=281184, diaspora=True)
2026-10-02 14:39:57 [WARNING] shabbat_detector.cycle_analyzer: Unexpected: touched opposite terminal again in leg 2
2026-10-02 14:40:39 [INFO] shabbat_detector.cycle_analyzer: Cycle complete: 614s, up_stops=['-2', '2'], down_stops=['6', '2', '-1', '3']
2026-10-02 14:40:39 [INFO] shabbat_detector.fsm: [B] DetectorState.CANDIDATE_SHABBAT → DetectorState.NORMAL
2026-10-02 14:40:39 [INFO] detector: SHABBAT TRANSITION CANDIDATE_SHABBAT -> NORMAL | סיבה: מחזור לא תאם - עצירות לא חוקיות בעלייה: ['2']; כיסוי קומות חלקי (עלייה 33%, ירידה 28%); 3 חריגות טיימינג
2026-10-02 14:41:09 [INFO] detector: Config updated remotely (keys=['SHABBAT_DETECTOR'])
2026-10-02 14:42:35 [INFO] shabbat_detector.cycle_analyzer: Cycle aborted: returned to BOTTOM without reaching TOP
2026-10-02 14:42:35 [INFO] shabbat_detector.fsm: [B] DetectorState.NORMAL → DetectorState.CANDIDATE_SHABBAT
2026-10-02 14:42:35 [INFO] detector: SHABBAT TRANSITION NORMAL -> CANDIDATE_SHABBAT | סיבה: מחזור אפשרי החל - ממתין להשלמה
2026-10-02 14:44:36 [INFO] detector: Config updated remotely (keys=['SHABBAT_DETECTOR'])
2026-10-02 14:48:26 [INFO] shabbat_detector.hebcal_gate: Hebcal refreshed: 5 start(s), 2 end(s) (geo=281184, diaspora=True)
2026-10-02 14:48:27 [WARNING] shabbat_detector.cycle_analyzer: Unexpected: touched opposite terminal again in leg 2
2026-10-02 14:58:41 [INFO] shabbat_detector.hebcal_gate: Hebcal refreshed: 5 start(s), 2 end(s) (geo=281184, diaspora=True)
2026-10-02 15:02:21 [INFO] shabbat_detector.cycle_analyzer: Cycle complete: 1197s, up_stops=['-1', '11', '9', '2', '-1', '4', '5'], down_stops=['10', '11', '-1', '7', '-1', '6', '11', '2', '-1', '6', '-1']
2026-10-02 15:02:21 [INFO] shabbat_detector.fsm: [B] DetectorState.CANDIDATE_SHABBAT → DetectorState.NORMAL
2026-10-02 15:02:21 [INFO] detector: SHABBAT TRANSITION CANDIDATE_SHABBAT -> NORMAL | סיבה: מחזור לא תאם - עצירות לא חוקיות בעלייה: ['11', '2', '4', '5', '9']; כיסוי קומות חלקי (עלייה 33%, ירידה 43%); קפיצות-אחורה (עלייה 3, ירידה 5); 4 חריגות טיימינג
2026-10-02 15:03:52 [INFO] detector: Config updated remotely (keys=['SHABBAT_DETECTOR'])
2026-10-02 15:11:37 [INFO] shabbat_detector.hebcal_gate: Hebcal refreshed: 5 start(s), 2 end(s) (geo=281184, diaspora=True)
2026-10-02 15:12:30 [INFO] shabbat_detector.cycle_analyzer: Cycle aborted: returned to BOTTOM without reaching TOP
2026-10-02 15:12:30 [INFO] shabbat_detector.fsm: [B] DetectorState.NORMAL → DetectorState.CANDIDATE_SHABBAT
2026-10-02 15:12:30 [INFO] detector: SHABBAT TRANSITION NORMAL -> CANDIDATE_SHABBAT | סיבה: מחזור אפשרי החל - ממתין להשלמה
2026-10-02 15:13:31 [INFO] detector: Config updated remotely (keys=['SHABBAT_DETECTOR'])
2026-10-02 15:22:28 [INFO] shabbat_detector.hebcal_gate: Hebcal refreshed: 5 start(s), 2 end(s) (geo=281184, diaspora=True)
2026-10-02 15:25:06 [INFO] shabbat_detector.cycle_analyzer: Cycle aborted: returned to BOTTOM without reaching TOP
2026-10-02 15:34:04 [INFO] shabbat_detector.hebcal_gate: Hebcal refreshed: 5 start(s), 2 end(s) (geo=281184, diaspora=True)
2026-10-02 15:34:04 [INFO] shabbat_detector.cycle_analyzer: Elevator idle 363s - resetting cycle (was in _Phase.LEG_ONE)
2026-10-02 15:44:06 [INFO] shabbat_detector.hebcal_gate: Hebcal refreshed: 5 start(s), 2 end(s) (geo=281184, diaspora=True)
2026-10-02 15:47:11 [WARNING] shabbat_detector.cycle_analyzer: Unexpected: touched opposite terminal again in leg 2
2026-10-02 15:48:25 [WARNING] shabbat_detector.cycle_analyzer: Unexpected: touched opposite terminal again in leg 2
2026-10-02 15:54:54 [INFO] shabbat_detector.hebcal_gate: Hebcal refreshed: 5 start(s), 2 end(s) (geo=281184, diaspora=True)
2026-10-02 15:56:22 [WARNING] shabbat_detector.cycle_analyzer: Unexpected: touched opposite terminal again in leg 2
2026-10-02 16:05:01 [INFO] shabbat_detector.hebcal_gate: Hebcal refreshed: 5 start(s), 2 end(s) (geo=281184, diaspora=True)
2026-10-02 16:07:29 [INFO] shabbat_detector.cycle_analyzer: Cycle complete: 1582s, up_stops=['9', '3', '-1', '6', '3', '-1', '-1', '-1', '2', '3', '-1', '1', '3', '-1', '8', '-1', '8', '10', '-1', '5', '8', '1'], down_stops=['5', '1']
2026-10-02 16:07:29 [INFO] shabbat_detector.fsm: [B] DetectorState.CANDIDATE_SHABBAT → DetectorState.NORMAL
2026-10-02 16:07:29 [INFO] detector: SHABBAT TRANSITION CANDIDATE_SHABBAT -> NORMAL | סיבה: מחזור לא תאם - עצירות לא חוקיות בעלייה: ['1', '10', '2', '3', '5', '6', '8', '9']; כיסוי קומות חלקי (עלייה 33%, ירידה 14%); קפיצות-אחורה (עלייה 9, ירידה 0); חזרות על קומות (עלייה 13, ירידה 0); 5 חריגות טיימינג
2026-10-02 16:09:59 [INFO] detector: Config updated remotely (keys=['SHABBAT_DETECTOR'])
2026-10-02 16:15:13 [INFO] shabbat_detector.hebcal_gate: Hebcal refreshed: 5 start(s), 2 end(s) (geo=281184, diaspora=True)
2026-10-02 16:16:59 [INFO] shabbat_detector.cycle_analyzer: Cycle aborted: returned to TOP without reaching BOTTOM
2026-10-02 16:16:59 [INFO] shabbat_detector.fsm: [B] DetectorState.NORMAL → DetectorState.CANDIDATE_SHABBAT
2026-10-02 16:16:59 [INFO] detector: SHABBAT TRANSITION NORMAL -> CANDIDATE_SHABBAT | סיבה: מחזור אפשרי החל - ממתין להשלמה
2026-10-02 16:17:29 [INFO] detector: Config updated remotely (keys=['SHABBAT_DETECTOR'])
2026-10-02 16:20:22 [INFO] shabbat_detector.cycle_analyzer: Cycle aborted: returned to TOP without reaching BOTTOM
2026-10-02 16:25:44 [INFO] shabbat_detector.hebcal_gate: Hebcal refreshed: 5 start(s), 2 end(s) (geo=281184, diaspora=True)
2026-10-02 16:26:42 [WARNING] shabbat_detector.cycle_analyzer: Unexpected: touched opposite terminal again in leg 2
2026-10-02 16:28:16 [INFO] shabbat_detector.cycle_analyzer: Cycle complete: 503s, up_stops=['1', '11', '4', '1', '5', '1'], down_stops=['5']
2026-10-02 16:28:16 [INFO] shabbat_detector.fsm: [B] DetectorState.CANDIDATE_SHABBAT → DetectorState.NORMAL
2026-10-02 16:28:16 [INFO] detector: SHABBAT TRANSITION CANDIDATE_SHABBAT -> NORMAL | סיבה: מחזור לא תאם - עצירות לא חוקיות בעלייה: ['1', '11', '4', '5']; כיסוי קומות חלקי (עלייה 0%, ירידה 7%); 2 חריגות טיימינג
2026-10-02 16:29:17 [INFO] detector: Config updated remotely (keys=['SHABBAT_DETECTOR'])
2026-10-02 16:30:21 [INFO] shabbat_detector.cycle_analyzer: Cycle aborted: returned to TOP without reaching BOTTOM
2026-10-02 16:30:21 [INFO] shabbat_detector.fsm: [B] DetectorState.NORMAL → DetectorState.CANDIDATE_SHABBAT
2026-10-02 16:30:21 [INFO] detector: SHABBAT TRANSITION NORMAL -> CANDIDATE_SHABBAT | סיבה: מחזור אפשרי החל - ממתין להשלמה
2026-10-02 16:32:22 [INFO] detector: Config updated remotely (keys=['SHABBAT_DETECTOR'])
2026-10-02 16:36:41 [INFO] shabbat_detector.hebcal_gate: Hebcal refreshed: 5 start(s), 2 end(s) (geo=281184, diaspora=True)
2026-10-02 16:40:33 [WARNING] shabbat_detector.cycle_analyzer: Unexpected: touched opposite terminal again in leg 2
2026-10-02 16:42:17 [WARNING] shabbat_detector.cycle_analyzer: Unexpected: touched opposite terminal again in leg 2
2026-10-02 16:44:34 [WARNING] shabbat_detector.cycle_analyzer: Unexpected: touched opposite terminal again in leg 2
2026-10-02 16:48:48 [INFO] shabbat_detector.hebcal_gate: Hebcal refreshed: 5 start(s), 2 end(s) (geo=281184, diaspora=True)
2026-10-02 16:50:11 [WARNING] shabbat_detector.cycle_analyzer: Unexpected: touched opposite terminal again in leg 2
2026-10-02 16:57:35 [INFO] shabbat_detector.cycle_analyzer: Elevator idle 342s - resetting cycle (was in _Phase.LEG_TWO)
2026-10-02 16:59:33 [INFO] shabbat_detector.hebcal_gate: Hebcal refreshed: 5 start(s), 2 end(s) (geo=281184, diaspora=True)
2026-10-02 17:00:18 [INFO] shabbat_detector.cycle_analyzer: Cycle aborted: returned to BOTTOM without reaching TOP
2026-10-02 17:03:17 [INFO] shabbat_detector.cycle_analyzer: Cycle aborted: returned to BOTTOM without reaching TOP
2026-10-02 17:09:39 [INFO] shabbat_detector.hebcal_gate: Hebcal refreshed: 5 start(s), 2 end(s) (geo=281184, diaspora=True)
2026-10-02 17:15:47 [WARNING] shabbat_detector.cycle_analyzer: Unexpected: touched opposite terminal again in leg 2
2026-10-02 17:19:54 [INFO] shabbat_detector.hebcal_gate: Hebcal refreshed: 5 start(s), 2 end(s) (geo=281184, diaspora=True)
2026-10-02 17:21:58 [WARNING] shabbat_detector.cycle_analyzer: Unexpected: touched opposite terminal again in leg 2
2026-10-02 17:30:26 [INFO] shabbat_detector.hebcal_gate: Hebcal refreshed: 5 start(s), 2 end(s) (geo=281184, diaspora=True)
2026-10-02 17:38:06 [INFO] shabbat_detector.cycle_analyzer: Cycle complete: 2080s, up_stops=['0', '3', '6', '7', '1', '-1', '6', '1', '11', '-1', '3', '4'], down_stops=['11', '5', '-1', '6', '8', '3', '-1', '6', '11', '-1', '3', '-2', '-1', '0', '5', '4', '1', '-1', '-2', '-1', '4', '1', '-2', '10', '1', '-1', '1', '-1', '8', '7']
2026-10-02 17:38:06 [INFO] shabbat_detector.fsm: [B] DetectorState.CANDIDATE_SHABBAT → DetectorState.NORMAL
2026-10-02 17:38:06 [INFO] detector: SHABBAT TRANSITION CANDIDATE_SHABBAT -> NORMAL | סיבה: מחזור לא תאם - עצירות לא חוקיות בעלייה: ['1', '11', '3', '4', '6', '7']; קפיצות-אחורה (עלייה 4, ירידה 13); חזרות על קומות (עלייה 4, ירידה 18); 9 חריגות טיימינג
2026-10-02 17:40:32 [INFO] shabbat_detector.hebcal_gate: Hebcal refreshed: 5 start(s), 2 end(s) (geo=281184, diaspora=True)
2026-10-02 17:40:37 [INFO] detector: Config updated remotely (keys=['SHABBAT_DETECTOR'])
2026-10-02 17:41:45 [INFO] shabbat_detector.cycle_analyzer: Cycle complete: 213s, up_stops=[], down_stops=['1', '-2', '3', '0', '5']
2026-10-02 17:41:45 [INFO] shabbat_detector.fsm: [B] DetectorState.NORMAL → DetectorState.CANDIDATE_SHABBAT
2026-10-02 17:41:45 [INFO] detector: SHABBAT TRANSITION NORMAL -> CANDIDATE_SHABBAT | סיבה: מחזור אפשרי החל - ממתין להשלמה
2026-10-02 17:41:45 [INFO] shabbat_detector.fsm: [B] DetectorState.CANDIDATE_SHABBAT → DetectorState.NORMAL
2026-10-02 17:41:45 [INFO] detector: SHABBAT TRANSITION CANDIDATE_SHABBAT -> NORMAL | סיבה: מחזור לא תאם - כיסוי קומות חלקי (עלייה 0%, ירידה 36%); 2 חריגות טיימינג
2026-10-02 17:41:46 [INFO] detector: Config updated remotely (keys=['SHABBAT_DETECTOR'])
2026-10-02 17:42:16 [INFO] detector: Config updated remotely (keys=['SHABBAT_DETECTOR'])
2026-10-02 17:50:58 [INFO] shabbat_detector.hebcal_gate: Hebcal refreshed: 5 start(s), 2 end(s) (geo=281184, diaspora=True)
2026-10-02 17:54:07 [WARNING] shabbat_detector.cycle_analyzer: Unexpected: touched opposite terminal again in leg 2
2026-10-02 17:56:17 [WARNING] shabbat_detector.cycle_analyzer: Unexpected: touched opposite terminal again in leg 2
2026-10-02 18:01:46 [INFO] shabbat_detector.hebcal_gate: Hebcal refreshed: 5 start(s), 2 end(s) (geo=281184, diaspora=True)
2026-10-02 18:04:20 [INFO] shabbat_detector.cycle_analyzer: Cycle complete: 1331s, up_stops=['-1', '3', '4', '8', '5', '2', '6', '10', '-1', '3', '0', '-1', '8', '11', '-1', '3', '1', '-1', '-2', '1'], down_stops=['1', '1', '4', '-1', '0', '1', '11', '10', '8', '7', '5', '4', '3', '1', '0', '-1']
2026-10-02 18:04:20 [INFO] shabbat_detector.fsm: [B] DetectorState.NORMAL → DetectorState.CANDIDATE_SHABBAT
2026-10-02 18:04:20 [INFO] detector: SHABBAT TRANSITION NORMAL -> CANDIDATE_SHABBAT | סיבה: מחזור אפשרי החל - ממתין להשלמה
2026-10-02 18:04:20 [INFO] shabbat_detector.fsm: [B] DetectorState.CANDIDATE_SHABBAT → DetectorState.NORMAL
2026-10-02 18:04:20 [INFO] detector: SHABBAT TRANSITION CANDIDATE_SHABBAT -> NORMAL | סיבה: מחזור לא תאם - עצירות לא חוקיות בעלייה: ['1', '10', '11', '2', '3', '4', '5', '6', '8']; קפיצות-אחורה (עלייה 9, ירידה 4); 7 חריגות טיימינג
2026-10-02 18:04:21 [INFO] detector: Config updated remotely (keys=['SHABBAT_DETECTOR'])
2026-10-02 18:05:20 [INFO] detector: Config updated remotely (keys=['SHABBAT_DETECTOR'])
2026-10-02 18:11:45 [INFO] shabbat_detector.hebcal_gate: Hebcal refreshed: 5 start(s), 2 end(s) (geo=281184, diaspora=True)
2026-10-02 18:14:03 [INFO] shabbat_detector.cycle_analyzer: Cycle complete: 612s, up_stops=['-1', '0', '1'], down_stops=['11', '9', '8', '7', '5', '4', '3', '1', '0', '-1', '-2']
2026-10-02 18:14:03 [INFO] shabbat_detector.fsm: [B] DetectorState.NORMAL → DetectorState.CANDIDATE_SHABBAT
2026-10-02 18:14:03 [INFO] detector: SHABBAT TRANSITION NORMAL -> CANDIDATE_SHABBAT | סיבה: מחזור אפשרי החל - ממתין להשלמה
2026-10-02 18:14:03 [INFO] shabbat_detector.fsm: [B] DetectorState.CANDIDATE_SHABBAT → DetectorState.SHABBAT
2026-10-02 18:14:03 [INFO] detector: SHABBAT TRANSITION CANDIDATE_SHABBAT -> SHABBAT | סיבה: נכנס למצב שבת - מחזור תאם הגדרות: כיסוי עלייה 67% / ירידה 79%, נסיעה רצופה (0 קפיצות-אחורה), משך 612.0s (0.93× הצפוי 657.0s), 5 חריגות טיימינג
2026-10-02 18:14:03 [INFO] detector: AutoLearner: suggestion from 1842 cycles (consistency=0.01, cv=0.341)
2026-10-02 18:14:04 [INFO] detector: Config updated remotely (keys=['SHABBAT_DETECTOR'])
2026-10-02 18:14:04 [INFO] detector: Config updated remotely (keys=['SHABBAT_DETECTOR', 'SHABBAT_ACTIVE'])
2026-10-02 18:15:34 [INFO] detector: Config updated remotely (keys=['SHABBAT_DETECTOR'])
2026-10-02 18:21:35 [INFO] shabbat_detector.hebcal_gate: Hebcal refreshed: 5 start(s), 2 end(s) (geo=281184, diaspora=True)
2026-10-02 18:24:11 [INFO] shabbat_detector.cycle_analyzer: Cycle complete: 611s, up_stops=['-2', '-1', '0'], down_stops=['11', '10', '8', '7', '6', '5', '4', '3', '2', '1', '0', '-1', '-2']
2026-10-02 18:24:12 [INFO] detector: AutoLearner: suggestion from 1843 cycles (consistency=0.01, cv=0.341)
2026-10-02 18:24:12 [INFO] detector: Config updated remotely (keys=['SHABBAT_DETECTOR'])
2026-10-02 18:25:42 [INFO] detector: Config updated remotely (keys=['SHABBAT_DETECTOR'])
2026-10-02 18:31:42 [INFO] shabbat_detector.hebcal_gate: Hebcal refreshed: 5 start(s), 2 end(s) (geo=281184, diaspora=True)
2026-10-02 18:34:18 [INFO] shabbat_detector.cycle_analyzer: Cycle complete: 614s, up_stops=['-2', '-1', '0'], down_stops=['11', '10', '9', '8', '7', '5', '4', '3', '1', '0', '-1', '-2']
2026-10-02 18:34:18 [INFO] detector: AutoLearner: suggestion from 1844 cycles (consistency=0.01, cv=0.341)
2026-10-02 18:34:18 [INFO] detector: Config updated remotely (keys=['SHABBAT_DETECTOR'])
2026-10-02 18:35:48 [INFO] detector: Config updated remotely (keys=['SHABBAT_DETECTOR'])
2026-10-02 18:41:43 [INFO] shabbat_detector.hebcal_gate: Hebcal refreshed: 5 start(s), 2 end(s) (geo=281184, diaspora=True)
2026-10-02 18:44:26 [INFO] shabbat_detector.cycle_analyzer: Cycle complete: 608s, up_stops=['-2', '-1', '0'], down_stops=['11', '10', '8', '7', '6', '5', '4', '3', '1', '0', '-1']
2026-10-02 18:44:27 [INFO] detector: AutoLearner: suggestion from 1845 cycles (consistency=0.01, cv=0.341)
2026-10-02 18:44:27 [INFO] detector: Config updated remotely (keys=['SHABBAT_DETECTOR'])
2026-10-02 18:45:57 [INFO] detector: Config updated remotely (keys=['SHABBAT_DETECTOR'])
2026-10-02 18:51:44 [INFO] shabbat_detector.hebcal_gate: Hebcal refreshed: 5 start(s), 2 end(s) (geo=281184, diaspora=True)
2026-10-02 18:54:45 [INFO] shabbat_detector.cycle_analyzer: Cycle complete: 613s, up_stops=['-2', '-1', '0'], down_stops=['11', '10', '9', '8', '7', '6', '5', '4', '3', '1', '0', '-1', '-2']
2026-10-02 18:54:45 [INFO] detector: AutoLearner: suggestion from 1846 cycles (consistency=0.01, cv=0.341)
2026-10-02 18:54:46 [INFO] detector: Config updated remotely (keys=['SHABBAT_DETECTOR'])
2026-10-02 18:56:16 [INFO] detector: Config updated remotely (keys=['SHABBAT_DETECTOR'])
2026-10-02 19:01:46 [INFO] shabbat_detector.hebcal_gate: Hebcal refreshed: 5 start(s), 2 end(s) (geo=281184, diaspora=True)
2026-10-02 19:05:26 [INFO] shabbat_detector.cycle_analyzer: Cycle complete: 608s, up_stops=['-2', '-1', '0'], down_stops=['11', '10', '7', '6', '5', '4', '3', '1', '0', '-1']
2026-10-02 19:05:27 [INFO] detector: AutoLearner: suggestion from 1847 cycles (consistency=0.01, cv=0.341)
2026-10-02 19:05:27 [INFO] detector: Config updated remotely (keys=['SHABBAT_DETECTOR'])
2026-10-02 19:06:57 [INFO] detector: Config updated remotely (keys=['SHABBAT_DETECTOR'])
2026-10-02 19:11:47 [INFO] shabbat_detector.hebcal_gate: Hebcal refreshed: 5 start(s), 2 end(s) (geo=281184, diaspora=True)
2026-10-02 19:15:13 [INFO] shabbat_detector.cycle_analyzer: Cycle complete: 612s, up_stops=['-2', '-1', '0', '1'], down_stops=['11', '10', '8', '7', '6', '5', '4', '3', '1', '0', '-1']
2026-10-02 19:15:13 [INFO] detector: AutoLearner: suggestion from 1848 cycles (consistency=0.01, cv=0.341)
2026-10-02 19:15:14 [INFO] detector: Config updated remotely (keys=['SHABBAT_DETECTOR'])
2026-10-02 19:16:44 [INFO] detector: Config updated remotely (keys=['SHABBAT_DETECTOR'])
2026-10-02 19:21:48 [INFO] shabbat_detector.hebcal_gate: Hebcal refreshed: 5 start(s), 2 end(s) (geo=281184, diaspora=True)
2026-10-02 19:25:45 [INFO] shabbat_detector.cycle_analyzer: Cycle complete: 609s, up_stops=['-2', '-1', '0'], down_stops=['11', '10', '8', '7', '6', '5', '4', '3', '1', '0', '-1']
2026-10-02 19:25:45 [INFO] detector: AutoLearner: suggestion from 1849 cycles (consistency=0.01, cv=0.341)
2026-10-02 19:25:46 [INFO] detector: Config updated remotely (keys=['SHABBAT_DETECTOR'])
2026-10-02 19:26:15 [INFO] detector: Config updated remotely (keys=['SHABBAT_DETECTOR'])
2026-10-02 19:31:50 [INFO] shabbat_detector.hebcal_gate: Hebcal refreshed: 5 start(s), 2 end(s) (geo=281184, diaspora=True)
2026-10-02 19:35:19 [INFO] shabbat_detector.cycle_analyzer: Cycle complete: 612s, up_stops=['-1', '0', '1'], down_stops=['11', '10', '9', '8', '7', '6', '5', '4', '3', '1', '0', '-1', '-2']
2026-10-02 19:35:20 [INFO] detector: AutoLearner: suggestion from 1850 cycles (consistency=0.01, cv=0.341)
2026-10-02 19:35:20 [INFO] detector: Config updated remotely (keys=['SHABBAT_DETECTOR'])
2026-10-02 19:35:50 [INFO] detector: Config updated remotely (keys=['SHABBAT_DETECTOR'])
2026-10-02 19:41:51 [INFO] shabbat_detector.hebcal_gate: Hebcal refreshed: 5 start(s), 2 end(s) (geo=281184, diaspora=True)
2026-10-02 19:45:43 [INFO] shabbat_detector.cycle_analyzer: Cycle complete: 612s, up_stops=['-1', '0', '3'], down_stops=['11', '10', '9', '8', '7', '5', '4', '3', '1', '0', '-1']
2026-10-02 19:45:48 [INFO] detector: AutoLearner: suggestion from 1851 cycles (consistency=0.01, cv=0.341)
2026-10-02 19:45:49 [INFO] detector: Config updated remotely (keys=['SHABBAT_DETECTOR'])
2026-10-02 19:47:48 [INFO] detector: Config updated remotely (keys=['SHABBAT_DETECTOR'])
2026-10-02 19:51:31 [INFO] shabbat_detector.firebase_client: SSE stream connecting: https://ramada-elev-default-rtdb.europe-west1.firebasedatabase.app/settings.json
2026-10-02 19:51:53 [INFO] shabbat_detector.hebcal_gate: Hebcal refreshed: 5 start(s), 2 end(s) (geo=281184, diaspora=True)
2026-10-02 19:55:52 [INFO] shabbat_detector.cycle_analyzer: Cycle complete: 611s, up_stops=['-2', '-1', '0'], down_stops=['11', '10', '9', '8', '7', '5', '4', '3', '2', '1', '0', '-1', '-2']
2026-10-02 19:55:53 [INFO] detector: AutoLearner: suggestion from 1852 cycles (consistency=0.01, cv=0.341)
2026-10-02 19:55:53 [INFO] detector: Config updated remotely (keys=['SHABBAT_DETECTOR'])
2026-10-02 19:57:53 [INFO] detector: Config updated remotely (keys=['SHABBAT_DETECTOR'])
2026-10-02 20:01:59 [INFO] shabbat_detector.hebcal_gate: Hebcal refreshed: 5 start(s), 2 end(s) (geo=281184, diaspora=True)
2026-10-02 20:05:57 [INFO] shabbat_detector.cycle_analyzer: Cycle complete: 614s, up_stops=['-2', '-1', '0'], down_stops=['11', '10', '8', '7', '6', '5', '4', '3', '2', '1', '0', '-1']
2026-10-02 20:05:58 [INFO] detector: AutoLearner: suggestion from 1853 cycles (consistency=0.01, cv=0.341)
2026-10-02 20:05:58 [INFO] detector: Config updated remotely (keys=['SHABBAT_DETECTOR'])
2026-10-02 20:07:58 [INFO] detector: Config updated remotely (keys=['SHABBAT_DETECTOR'])
2026-10-02 20:12:01 [INFO] shabbat_detector.hebcal_gate: Hebcal refreshed: 5 start(s), 2 end(s) (geo=281184, diaspora=True)
2026-10-02 20:17:04 [INFO] shabbat_detector.cycle_analyzer: Cycle complete: 607s, up_stops=['-2', '-1', '0'], down_stops=['11', '9', '8', '7', '6', '5', '4', '3', '1', '0', '-1']
2026-10-02 20:17:04 [INFO] detector: AutoLearner: suggestion from 1854 cycles (consistency=0.01, cv=0.341)
2026-10-02 20:17:05 [INFO] detector: Config updated remotely (keys=['SHABBAT_DETECTOR'])
2026-10-02 20:18:04 [INFO] detector: Config updated remotely (keys=['SHABBAT_DETECTOR'])
2026-10-02 20:22:02 [INFO] shabbat_detector.hebcal_gate: Hebcal refreshed: 5 start(s), 2 end(s) (geo=281184, diaspora=True)
2026-10-02 20:26:58 [INFO] shabbat_detector.cycle_analyzer: Cycle complete: 609s, up_stops=['-1', '0'], down_stops=['11', '10', '8', '7', '6', '5', '4', '3', '1', '0', '-1', '-2']
2026-10-02 20:26:59 [INFO] detector: AutoLearner: suggestion from 1855 cycles (consistency=0.01, cv=0.341)
2026-10-02 20:26:59 [INFO] detector: Config updated remotely (keys=['SHABBAT_DETECTOR'])
2026-10-02 20:28:59 [INFO] detector: Config updated remotely (keys=['SHABBAT_DETECTOR'])
2026-10-02 20:32:03 [INFO] shabbat_detector.hebcal_gate: Hebcal refreshed: 5 start(s), 2 end(s) (geo=281184, diaspora=True)
2026-10-02 20:36:22 [INFO] shabbat_detector.cycle_analyzer: Cycle complete: 609s, up_stops=['-1', '0'], down_stops=['11', '10', '9', '8', '7', '6', '5', '4', '3', '1', '0', '-1', '-2']
2026-10-02 20:36:27 [INFO] detector: AutoLearner: suggestion from 1856 cycles (consistency=0.01, cv=0.341)
2026-10-02 20:36:28 [INFO] detector: Config updated remotely (keys=['SHABBAT_DETECTOR'])
2026-10-02 20:36:58 [INFO] detector: Config updated remotely (keys=['SHABBAT_DETECTOR'])
2026-10-02 20:42:05 [INFO] shabbat_detector.hebcal_gate: Hebcal refreshed: 5 start(s), 2 end(s) (geo=281184, diaspora=True)
2026-10-02 20:46:45 [INFO] shabbat_detector.cycle_analyzer: Cycle complete: 612s, up_stops=['-1', '0', '1'], down_stops=['11', '10', '9', '8', '7', '6', '5', '4', '3', '2', '1', '0', '-1', '-2']
2026-10-02 20:46:45 [INFO] detector: AutoLearner: suggestion from 1857 cycles (consistency=0.01, cv=0.341)
2026-10-02 20:46:46 [INFO] detector: Config updated remotely (keys=['SHABBAT_DETECTOR'])
2026-10-02 20:49:15 [INFO] detector: Config updated remotely (keys=['SHABBAT_DETECTOR'])
2026-10-02 20:52:06 [INFO] shabbat_detector.hebcal_gate: Hebcal refreshed: 5 start(s), 2 end(s) (geo=281184, diaspora=True)
2026-10-02 20:57:38 [INFO] shabbat_detector.cycle_analyzer: Cycle complete: 611s, up_stops=['-2', '-1', '0'], down_stops=['11', '10', '9', '8', '7', '6', '5', '4', '3', '2', '1', '0', '-1']
2026-10-02 20:57:40 [INFO] detector: AutoLearner: suggestion from 1858 cycles (consistency=0.01, cv=0.341)
2026-10-02 20:57:41 [INFO] detector: Config updated remotely (keys=['SHABBAT_DETECTOR'])
2026-10-02 20:59:11 [INFO] detector: Config updated remotely (keys=['SHABBAT_DETECTOR'])
2026-10-02 21:02:07 [INFO] shabbat_detector.hebcal_gate: Hebcal refreshed: 5 start(s), 2 end(s) (geo=281184, diaspora=True)
2026-10-02 21:07:27 [INFO] shabbat_detector.cycle_analyzer: Cycle complete: 611s, up_stops=['-1', '0', '1'], down_stops=['11', '10', '9', '8', '7', '6', '5', '4', '3', '2', '1', '0', '-1']
2026-10-02 21:07:28 [INFO] detector: AutoLearner: suggestion from 1859 cycles (consistency=0.01, cv=0.341)
2026-10-02 21:07:28 [INFO] detector: Config updated remotely (keys=['SHABBAT_DETECTOR'])
2026-10-02 21:08:58 [INFO] detector: Config updated remotely (keys=['SHABBAT_DETECTOR'])
2026-10-02 21:12:08 [INFO] shabbat_detector.hebcal_gate: Hebcal refreshed: 5 start(s), 2 end(s) (geo=281184, diaspora=True)
2026-10-02 21:17:41 [INFO] shabbat_detector.cycle_analyzer: Cycle complete: 611s, up_stops=['-1', '0'], down_stops=['11', '10', '8', '7', '5', '4', '3', '1', '0', '-1', '-2']
2026-10-02 21:17:41 [INFO] detector: AutoLearner: suggestion from 1860 cycles (consistency=0.01, cv=0.341)
2026-10-02 21:17:42 [INFO] detector: Config updated remotely (keys=['SHABBAT_DETECTOR'])
2026-10-02 21:19:12 [INFO] detector: Config updated remotely (keys=['SHABBAT_DETECTOR'])
2026-10-02 21:22:10 [INFO] shabbat_detector.hebcal_gate: Hebcal refreshed: 5 start(s), 2 end(s) (geo=281184, diaspora=True)
2026-10-02 21:27:16 [INFO] shabbat_detector.cycle_analyzer: Cycle complete: 609s, up_stops=['-1', '0'], down_stops=['11', '10', '9', '8', '7', '6', '5', '4', '3', '1', '0', '-1', '-2']
2026-10-02 21:27:16 [INFO] detector: AutoLearner: suggestion from 1861 cycles (consistency=0.01, cv=0.341)
2026-10-02 21:27:17 [INFO] detector: Config updated remotely (keys=['SHABBAT_DETECTOR'])
2026-10-02 21:29:17 [INFO] detector: Config updated remotely (keys=['SHABBAT_DETECTOR'])
2026-10-02 21:32:11 [INFO] shabbat_detector.hebcal_gate: Hebcal refreshed: 5 start(s), 2 end(s) (geo=281184, diaspora=True)
2026-10-02 21:37:26 [INFO] shabbat_detector.cycle_analyzer: Cycle complete: 615s, up_stops=['-1', '0'], down_stops=['11', '10', '9', '8', '7', '6', '5', '4', '3', '1', '0', '-1', '-2']
2026-10-02 21:37:26 [INFO] detector: AutoLearner: suggestion from 1862 cycles (consistency=0.01, cv=0.341)
2026-10-02 21:37:27 [INFO] detector: Config updated remotely (keys=['SHABBAT_DETECTOR'])
2026-10-02 21:39:27 [INFO] detector: Config updated remotely (keys=['SHABBAT_DETECTOR'])
2026-10-02 21:42:12 [INFO] shabbat_detector.hebcal_gate: Hebcal refreshed: 5 start(s), 2 end(s) (geo=281184, diaspora=True)
2026-10-02 21:47:55 [INFO] shabbat_detector.cycle_analyzer: Cycle complete: 609s, up_stops=['-2', '-1', '0'], down_stops=['11', '10', '8', '7', '6', '5', '4', '3', '1', '0', '-1', '-2']
2026-10-02 21:47:56 [INFO] detector: AutoLearner: suggestion from 1863 cycles (consistency=0.01, cv=0.341)
2026-10-02 21:47:56 [INFO] detector: Config updated remotely (keys=['SHABBAT_DETECTOR'])
2026-10-02 21:49:56 [INFO] detector: Config updated remotely (keys=['SHABBAT_DETECTOR'])
2026-10-02 21:52:14 [INFO] shabbat_detector.hebcal_gate: Hebcal refreshed: 5 start(s), 2 end(s) (geo=281184, diaspora=True)
2026-10-02 21:58:33 [INFO] shabbat_detector.cycle_analyzer: Cycle complete: 610s, up_stops=['-1', '0', '1'], down_stops=['11', '10', '8', '7', '6', '5', '4', '3', '1', '0', '-1', '-2']
2026-10-02 21:58:34 [INFO] detector: AutoLearner: suggestion from 1864 cycles (consistency=0.01, cv=0.341)
2026-10-02 21:58:35 [INFO] detector: Config updated remotely (keys=['SHABBAT_DETECTOR'])
2026-10-02 21:59:04 [INFO] detector: Config updated remotely (keys=['SHABBAT_DETECTOR'])
2026-10-02 22:02:15 [INFO] shabbat_detector.hebcal_gate: Hebcal refreshed: 5 start(s), 2 end(s) (geo=281184, diaspora=True)
2026-10-02 22:08:08 [INFO] shabbat_detector.cycle_analyzer: Cycle complete: 609s, up_stops=['-1', '0'], down_stops=['11', '10', '8', '7', '6', '5', '4', '3', '1', '0', '-1', '-2']
2026-10-02 22:08:08 [INFO] detector: AutoLearner: suggestion from 1865 cycles (consistency=0.01, cv=0.341)
2026-10-02 22:08:09 [INFO] detector: Config updated remotely (keys=['SHABBAT_DETECTOR'])
2026-10-02 22:09:08 [INFO] detector: Config updated remotely (keys=['SHABBAT_DETECTOR'])
2026-10-02 22:12:18 [INFO] shabbat_detector.hebcal_gate: Hebcal refreshed: 5 start(s), 2 end(s) (geo=281184, diaspora=True)
2026-10-02 22:18:09 [INFO] shabbat_detector.cycle_analyzer: Cycle complete: 609s, up_stops=['-2', '-1', '0', '1'], down_stops=['11', '10', '8', '7', '6', '5', '4', '3', '1', '0', '-1', '-2']
2026-10-02 22:18:10 [INFO] detector: AutoLearner: suggestion from 1866 cycles (consistency=0.01, cv=0.341)
2026-10-02 22:18:12 [INFO] detector: Config updated remotely (keys=['SHABBAT_DETECTOR'])
2026-10-02 22:18:42 [INFO] detector: Config updated remotely (keys=['SHABBAT_DETECTOR'])
2026-10-02 22:22:19 [INFO] shabbat_detector.hebcal_gate: Hebcal refreshed: 5 start(s), 2 end(s) (geo=281184, diaspora=True)
2026-10-02 22:28:14 [INFO] shabbat_detector.cycle_analyzer: Cycle complete: 606s, up_stops=['-2', '-1', '0'], down_stops=['11', '10', '9', '8', '7', '6', '5', '4', '3', '1', '0', '-1']
2026-10-02 22:28:20 [INFO] detector: AutoLearner: suggestion from 1867 cycles (consistency=0.01, cv=0.341)
2026-10-02 22:28:25 [INFO] detector: Config updated remotely (keys=['SHABBAT_DETECTOR'])
2026-10-02 22:28:55 [INFO] detector: Config updated remotely (keys=['SHABBAT_DETECTOR'])
2026-10-02 22:32:27 [INFO] shabbat_detector.hebcal_gate: Hebcal refreshed: 5 start(s), 2 end(s) (geo=281184, diaspora=True)
2026-10-02 22:38:24 [INFO] shabbat_detector.cycle_analyzer: Cycle complete: 609s, up_stops=['-2', '-1', '0'], down_stops=['11', '9', '8', '7', '6', '5', '4', '3', '1', '0', '-1', '-2']
2026-10-02 22:38:24 [INFO] detector: AutoLearner: suggestion from 1868 cycles (consistency=0.01, cv=0.341)
2026-10-02 22:38:25 [INFO] detector: Config updated remotely (keys=['SHABBAT_DETECTOR'])
2026-10-02 22:39:25 [INFO] detector: Config updated remotely (keys=['SHABBAT_DETECTOR'])
2026-10-02 22:42:28 [INFO] shabbat_detector.hebcal_gate: Hebcal refreshed: 5 start(s), 2 end(s) (geo=281184, diaspora=True)
2026-10-02 22:48:34 [INFO] shabbat_detector.cycle_analyzer: Cycle complete: 606s, up_stops=['-2', '-1', '0'], down_stops=['11', '10', '9', '8', '7', '6', '5', '4', '3', '1', '0', '-1', '-2']
2026-10-02 22:48:34 [INFO] detector: AutoLearner: suggestion from 1869 cycles (consistency=0.01, cv=0.341)
2026-10-02 22:48:34 [INFO] detector: Config updated remotely (keys=['SHABBAT_DETECTOR'])
2026-10-02 22:49:35 [INFO] detector: Config updated remotely (keys=['SHABBAT_DETECTOR'])
2026-10-02 22:52:30 [INFO] shabbat_detector.hebcal_gate: Hebcal refreshed: 5 start(s), 2 end(s) (geo=281184, diaspora=True)
2026-10-02 22:58:45 [INFO] shabbat_detector.cycle_analyzer: Cycle complete: 614s, up_stops=['-1', '0'], down_stops=['11', '10', '8', '7', '6', '5', '4', '3', '1', '0', '-1', '-2']
2026-10-02 22:58:45 [INFO] detector: AutoLearner: suggestion from 1870 cycles (consistency=0.01, cv=0.341)
2026-10-02 22:58:46 [INFO] detector: Config updated remotely (keys=['SHABBAT_DETECTOR'])
2026-10-02 22:59:46 [INFO] detector: Config updated remotely (keys=['SHABBAT_DETECTOR'])
2026-10-02 23:02:32 [INFO] shabbat_detector.hebcal_gate: Hebcal refreshed: 5 start(s), 2 end(s) (geo=281184, diaspora=True)
2026-10-02 23:08:51 [INFO] shabbat_detector.cycle_analyzer: Cycle complete: 608s, up_stops=['-2', '-1', '0'], down_stops=['11', '10', '9', '8', '7', '6', '5', '4', '3', '1', '0', '-1', '-2']
2026-10-02 23:08:51 [INFO] detector: AutoLearner: suggestion from 1871 cycles (consistency=0.01, cv=0.341)
2026-10-02 23:08:52 [INFO] detector: Config updated remotely (keys=['SHABBAT_DETECTOR'])
2026-10-02 23:09:52 [INFO] detector: Config updated remotely (keys=['SHABBAT_DETECTOR'])
2026-10-02 23:12:33 [INFO] shabbat_detector.hebcal_gate: Hebcal refreshed: 5 start(s), 2 end(s) (geo=281184, diaspora=True)
2026-10-02 23:19:11 [INFO] shabbat_detector.cycle_analyzer: Cycle complete: 613s, up_stops=['-2', '-1', '0', '5'], down_stops=['11', '10', '8', '7', '5', '4', '3', '2', '1', '0', '-1', '-2']
2026-10-02 23:19:11 [INFO] detector: AutoLearner: suggestion from 1872 cycles (consistency=0.01, cv=0.341)
2026-10-02 23:19:11 [INFO] detector: Config updated remotely (keys=['SHABBAT_DETECTOR'])
2026-10-02 23:19:41 [INFO] detector: Config updated remotely (keys=['SHABBAT_DETECTOR'])
2026-10-02 23:20:57 [WARNING] shabbat_detector.firebase_client: Elevator stream reconnecting in 1s
2026-10-02 23:20:58 [INFO] shabbat_detector.firebase_client: SSE stream connecting: https://ramada-elev-default-rtdb.europe-west1.firebasedatabase.app/elevators/B.json
2026-10-02 23:22:34 [INFO] shabbat_detector.hebcal_gate: Hebcal refreshed: 5 start(s), 2 end(s) (geo=281184, diaspora=True)
2026-10-02 23:29:47 [INFO] shabbat_detector.cycle_analyzer: Cycle complete: 605s, up_stops=['-2', '-1', '0'], down_stops=['11', '10', '8', '7', '6', '5', '4', '3', '1', '0', '-1']
2026-10-02 23:29:47 [INFO] detector: AutoLearner: suggestion from 1873 cycles (consistency=0.01, cv=0.341)
2026-10-02 23:29:48 [INFO] detector: Config updated remotely (keys=['SHABBAT_DETECTOR'])
2026-10-02 23:31:48 [INFO] detector: Config updated remotely (keys=['SHABBAT_DETECTOR'])
2026-10-02 23:32:36 [INFO] shabbat_detector.hebcal_gate: Hebcal refreshed: 5 start(s), 2 end(s) (geo=281184, diaspora=True)
2026-10-02 23:39:27 [INFO] shabbat_detector.cycle_analyzer: Cycle complete: 613s, up_stops=['-2', '-1', '0'], down_stops=['11', '9', '8', '7', '6', '5', '4', '3', '1', '0', '-1']
2026-10-02 23:39:27 [INFO] detector: AutoLearner: suggestion from 1874 cycles (consistency=0.01, cv=0.341)
2026-10-02 23:39:28 [INFO] detector: Config updated remotely (keys=['SHABBAT_DETECTOR'])
2026-10-02 23:39:58 [INFO] detector: Config updated remotely (keys=['SHABBAT_DETECTOR'])
2026-10-02 23:42:37 [INFO] shabbat_detector.hebcal_gate: Hebcal refreshed: 5 start(s), 2 end(s) (geo=281184, diaspora=True)
2026-10-02 23:47:25 [INFO] shabbat_detector.firebase_client: SSE stream connecting: https://ramada-elev-default-rtdb.europe-west1.firebasedatabase.app/elevator_configs/B.json
2026-10-02 23:48:56 [INFO] detector: Config updated remotely (keys=['AUTO_LEARN_CONFIG', 'BOTTOM_FLOOR', 'FLOOR_WAITS', 'SHABBAT_ACTIVE', 'SHABBAT_BREAK_ACTIVE', 'SHABBAT_DETECTOR', 'SHABBAT_MODE', 'STOPPING_FLOORS', 'STOPPING_FLOORS_DOWN', 'STOPPING_FLOORS_UP', 'TIME_PASS_FLOOR', 'TIME_PER_FLOOR', 'TOP_FLOOR', 'VISIBLE_FLOORS', 'secret_key'])
2026-10-02 23:50:17 [INFO] shabbat_detector.cycle_analyzer: Cycle complete: 612s, up_stops=['-2', '-1', '0'], down_stops=['11', '10', '8', '7', '5', '4', '3', '1', '0', '-1', '-2']
2026-10-02 23:50:18 [INFO] detector: AutoLearner: suggestion from 1875 cycles (consistency=0.01, cv=0.341)
2026-10-02 23:50:18 [INFO] detector: Config updated remotely (keys=['SHABBAT_DETECTOR'])
2026-10-02 23:50:48 [INFO] detector: Config updated remotely (keys=['SHABBAT_DETECTOR'])
2026-10-02 23:52:38 [INFO] shabbat_detector.hebcal_gate: Hebcal refreshed: 5 start(s), 2 end(s) (geo=281184, diaspora=True)
2026-10-02 23:59:42 [INFO] shabbat_detector.cycle_analyzer: Cycle complete: 609s, up_stops=['-1', '0'], down_stops=['11', '10', '8', '7', '5', '4', '3', '1', '0', '-1']
2026-10-02 23:59:43 [INFO] detector: AutoLearner: suggestion from 1876 cycles (consistency=0.01, cv=0.341)
2026-10-02 23:59:43 [INFO] detector: Config updated remotely (keys=['SHABBAT_DETECTOR'])
2026-10-03 00:01:43 [INFO] detector: Config updated remotely (keys=['SHABBAT_DETECTOR'])
2026-10-03 00:02:41 [INFO] shabbat_detector.hebcal_gate: Hebcal refreshed: 5 start(s), 2 end(s) (geo=281184, diaspora=True)
2026-10-03 00:10:43 [WARNING] shabbat_detector.cycle_analyzer: Unexpected: touched opposite terminal again in leg 2
2026-10-03 00:12:42 [INFO] shabbat_detector.hebcal_gate: Hebcal refreshed: 5 start(s), 2 end(s) (geo=281184, diaspora=True)
2026-10-03 00:17:34 [INFO] shabbat_detector.cycle_analyzer: Cycle complete: 1065s, up_stops=['-2', '-1', '0'], down_stops=['11', '10', '8', '7', '6', '5', '4', '3', '2', '1', '0', '-1', '0', '11', '10', '8', '7', '6', '5', '4', '3', '1', '0', '-1']
2026-10-03 00:18:34 [INFO] detector: Config updated remotely (keys=['SHABBAT_DETECTOR'])
2026-10-03 00:22:45 [INFO] shabbat_detector.hebcal_gate: Hebcal refreshed: 5 start(s), 2 end(s) (geo=281184, diaspora=True)
2026-10-03 00:27:40 [INFO] shabbat_detector.cycle_analyzer: Cycle complete: 612s, up_stops=['-2', '-1', '0'], down_stops=['11', '9', '8', '7', '6', '5', '4', '3', '2', '1', '0', '-1']
2026-10-03 00:27:40 [INFO] detector: AutoLearner: suggestion from 1877 cycles (consistency=0.01, cv=0.341)
2026-10-03 00:27:41 [INFO] detector: Config updated remotely (keys=['SHABBAT_DETECTOR'])
2026-10-03 00:28:41 [INFO] detector: Config updated remotely (keys=['SHABBAT_DETECTOR'])
2026-10-03 00:32:47 [INFO] shabbat_detector.hebcal_gate: Hebcal refreshed: 5 start(s), 2 end(s) (geo=281184, diaspora=True)
2026-10-03 00:38:41 [INFO] shabbat_detector.cycle_analyzer: Cycle complete: 606s, up_stops=['-1', '0'], down_stops=['11', '10', '8', '7', '6', '5', '4', '3', '1', '0', '-1']
2026-10-03 00:38:41 [INFO] detector: AutoLearner: suggestion from 1878 cycles (consistency=0.01, cv=0.341)
2026-10-03 00:38:48 [INFO] detector: Config updated remotely (keys=['SHABBAT_DETECTOR'])
2026-10-03 00:40:48 [INFO] detector: Config updated remotely (keys=['SHABBAT_DETECTOR'])
2026-10-03 00:42:49 [INFO] shabbat_detector.hebcal_gate: Hebcal refreshed: 5 start(s), 2 end(s) (geo=281184, diaspora=True)
2026-10-03 00:48:01 [INFO] shabbat_detector.cycle_analyzer: Cycle complete: 615s, up_stops=['-1', '0'], down_stops=['11', '10', '9', '8', '7', '6', '5', '4', '3', '1', '0', '-1', '-2']
2026-10-03 00:48:01 [INFO] detector: AutoLearner: suggestion from 1879 cycles (consistency=0.01, cv=0.341)
2026-10-03 00:48:02 [INFO] detector: Config updated remotely (keys=['SHABBAT_DETECTOR'])
2026-10-03 00:48:32 [INFO] detector: Config updated remotely (keys=['SHABBAT_DETECTOR'])
2026-10-03 00:52:51 [INFO] shabbat_detector.hebcal_gate: Hebcal refreshed: 5 start(s), 2 end(s) (geo=281184, diaspora=True)
2026-10-03 00:59:03 [INFO] shabbat_detector.cycle_analyzer: Cycle complete: 608s, up_stops=['-2', '-1', '0'], down_stops=['11', '10', '8', '7', '5', '4', '3', '1', '0', '-1']
2026-10-03 00:59:04 [INFO] detector: AutoLearner: suggestion from 1880 cycles (consistency=0.01, cv=0.341)
2026-10-03 00:59:04 [INFO] detector: Config updated remotely (keys=['SHABBAT_DETECTOR'])
2026-10-03 01:01:04 [INFO] detector: Config updated remotely (keys=['SHABBAT_DETECTOR'])
2026-10-03 01:02:52 [INFO] shabbat_detector.hebcal_gate: Hebcal refreshed: 5 start(s), 2 end(s) (geo=281184, diaspora=True)
2026-10-03 01:08:19 [INFO] shabbat_detector.cycle_analyzer: Cycle complete: 612s, up_stops=['-1', '0'], down_stops=['11', '10', '9', '8', '7', '5', '4', '3', '1', '0', '-1']
2026-10-03 01:08:20 [INFO] detector: AutoLearner: suggestion from 1881 cycles (consistency=0.01, cv=0.341)
2026-10-03 01:08:21 [INFO] detector: Config updated remotely (keys=['SHABBAT_DETECTOR'])
2026-10-03 01:09:21 [INFO] detector: Config updated remotely (keys=['SHABBAT_DETECTOR'])
2026-10-03 01:12:53 [INFO] shabbat_detector.hebcal_gate: Hebcal refreshed: 5 start(s), 2 end(s) (geo=281184, diaspora=True)
2026-10-03 01:18:39 [INFO] shabbat_detector.cycle_analyzer: Cycle complete: 614s, up_stops=['-2', '-1', '0'], down_stops=['11', '10', '9', '8', '7', '6', '5', '4', '3', '1', '0', '-1', '-2']
2026-10-03 01:18:39 [INFO] detector: AutoLearner: suggestion from 1882 cycles (consistency=0.01, cv=0.341)
2026-10-03 01:18:45 [INFO] detector: Config updated remotely (keys=['SHABBAT_DETECTOR'])
2026-10-03 01:19:45 [INFO] detector: Config updated remotely (keys=['SHABBAT_DETECTOR'])
2026-10-03 01:22:56 [INFO] shabbat_detector.hebcal_gate: Hebcal refreshed: 5 start(s), 2 end(s) (geo=281184, diaspora=True)
2026-10-03 01:28:48 [INFO] shabbat_detector.cycle_analyzer: Cycle complete: 616s, up_stops=['-2', '-1', '0'], down_stops=['11', '9', '8', '7', '6', '5', '4', '3', '1', '0', '-1']
2026-10-03 01:28:49 [INFO] detector: AutoLearner: suggestion from 1883 cycles (consistency=0.01, cv=0.341)
2026-10-03 01:28:49 [INFO] detector: Config updated remotely (keys=['SHABBAT_DETECTOR'])
2026-10-03 01:29:49 [INFO] detector: Config updated remotely (keys=['SHABBAT_DETECTOR'])
2026-10-03 01:32:57 [INFO] shabbat_detector.hebcal_gate: Hebcal refreshed: 5 start(s), 2 end(s) (geo=281184, diaspora=True)
2026-10-03 01:39:43 [INFO] shabbat_detector.cycle_analyzer: Cycle complete: 611s, up_stops=['-2', '-1', '0'], down_stops=['11', '10', '9', '8', '7', '6', '5', '4', '3', '1', '0', '-1', '-2']
2026-10-03 01:39:43 [INFO] detector: AutoLearner: suggestion from 1884 cycles (consistency=0.01, cv=0.341)
2026-10-03 01:39:44 [INFO] detector: Config updated remotely (keys=['SHABBAT_DETECTOR'])
2026-10-03 01:40:14 [INFO] detector: Config updated remotely (keys=['SHABBAT_DETECTOR'])
2026-10-03 01:42:58 [INFO] shabbat_detector.hebcal_gate: Hebcal refreshed: 5 start(s), 2 end(s) (geo=281184, diaspora=True)
2026-10-03 01:49:15 [INFO] shabbat_detector.cycle_analyzer: Cycle complete: 613s, up_stops=['-1', '0', '5'], down_stops=['11', '9', '8', '7', '6', '5', '4', '3', '1', '0', '-1', '-2']
2026-10-03 01:49:15 [INFO] detector: AutoLearner: suggestion from 1885 cycles (consistency=0.01, cv=0.341)
2026-10-03 01:49:21 [INFO] detector: Config updated remotely (keys=['SHABBAT_DETECTOR'])
2026-10-03 01:49:51 [INFO] detector: Config updated remotely (keys=['SHABBAT_DETECTOR'])
2026-10-03 01:53:00 [INFO] shabbat_detector.hebcal_gate: Hebcal refreshed: 5 start(s), 2 end(s) (geo=281184, diaspora=True)
2026-10-03 01:59:27 [INFO] shabbat_detector.cycle_analyzer: Cycle complete: 612s, up_stops=['-2', '-1', '0'], down_stops=['11', '10', '8', '7', '6', '5', '4', '3', '2', '1', '0', '-1', '-2']
2026-10-03 01:59:28 [INFO] detector: AutoLearner: suggestion from 1886 cycles (consistency=0.01, cv=0.341)
2026-10-03 01:59:29 [INFO] detector: Config updated remotely (keys=['SHABBAT_DETECTOR'])
2026-10-03 01:59:58 [INFO] detector: Config updated remotely (keys=['SHABBAT_DETECTOR'])
2026-10-03 02:03:01 [INFO] shabbat_detector.hebcal_gate: Hebcal refreshed: 5 start(s), 2 end(s) (geo=281184, diaspora=True)
2026-10-03 02:10:38 [INFO] shabbat_detector.cycle_analyzer: Cycle complete: 607s, up_stops=['-2', '-1', '0'], down_stops=['11', '10', '9', '8', '7', '5', '4', '3', '1', '0', '-1', '-2']
2026-10-03 02:10:39 [INFO] detector: AutoLearner: suggestion from 1887 cycles (consistency=0.01, cv=0.341)
2026-10-03 02:10:40 [INFO] detector: Config updated remotely (keys=['SHABBAT_DETECTOR'])
2026-10-03 02:12:39 [INFO] detector: Config updated remotely (keys=['SHABBAT_DETECTOR'])
2026-10-03 02:13:02 [INFO] shabbat_detector.hebcal_gate: Hebcal refreshed: 5 start(s), 2 end(s) (geo=281184, diaspora=True)
2026-10-03 02:20:45 [INFO] shabbat_detector.cycle_analyzer: Cycle complete: 610s, up_stops=['-1', '0'], down_stops=['11', '10', '9', '8', '7', '6', '5', '4', '3', '2', '1', '0', '-1', '-2']
2026-10-03 02:20:46 [INFO] detector: AutoLearner: suggestion from 1888 cycles (consistency=0.01, cv=0.341)
2026-10-03 02:20:46 [INFO] detector: Config updated remotely (keys=['SHABBAT_DETECTOR'])
2026-10-03 02:22:16 [INFO] detector: Config updated remotely (keys=['SHABBAT_DETECTOR'])
2026-10-03 02:23:04 [INFO] shabbat_detector.hebcal_gate: Hebcal refreshed: 5 start(s), 2 end(s) (geo=281184, diaspora=True)
2026-10-03 02:31:14 [INFO] shabbat_detector.cycle_analyzer: Cycle complete: 686s, up_stops=['-1', '0'], down_stops=['11', '10', '8', '7', '6', '5', '4', '3', '1', '0', '-1', '-2']
2026-10-03 02:31:15 [INFO] detector: AutoLearner: suggestion from 1889 cycles (consistency=0.01, cv=0.341)
2026-10-03 02:31:20 [INFO] detector: Config updated remotely (keys=['SHABBAT_DETECTOR'])
2026-10-03 02:32:50 [INFO] detector: Config updated remotely (keys=['SHABBAT_DETECTOR'])
2026-10-03 02:33:05 [INFO] shabbat_detector.hebcal_gate: Hebcal refreshed: 5 start(s), 2 end(s) (geo=281184, diaspora=True)
2026-10-03 02:41:24 [INFO] shabbat_detector.cycle_analyzer: Cycle complete: 615s, up_stops=['-2', '-1', '0'], down_stops=['11', '10', '8', '7', '6', '5', '4', '3', '2', '1', '0', '-1']
2026-10-03 02:41:25 [INFO] detector: AutoLearner: suggestion from 1890 cycles (consistency=0.01, cv=0.341)
2026-10-03 02:41:25 [INFO] detector: Config updated remotely (keys=['SHABBAT_DETECTOR'])
2026-10-03 02:42:55 [INFO] detector: Config updated remotely (keys=['SHABBAT_DETECTOR'])
2026-10-03 02:43:06 [INFO] shabbat_detector.hebcal_gate: Hebcal refreshed: 5 start(s), 2 end(s) (geo=281184, diaspora=True)
2026-10-03 02:51:36 [INFO] shabbat_detector.cycle_analyzer: Cycle complete: 611s, up_stops=['-2', '-1', '0', '1'], down_stops=['11', '10', '8', '7', '5', '4', '3', '1', '0', '-1']
2026-10-03 02:51:42 [INFO] detector: AutoLearner: suggestion from 1891 cycles (consistency=0.01, cv=0.341)
2026-10-03 02:51:43 [INFO] detector: Config updated remotely (keys=['SHABBAT_DETECTOR'])
2026-10-03 02:53:12 [INFO] detector: Config updated remotely (keys=['SHABBAT_DETECTOR'])
2026-10-03 02:53:14 [INFO] shabbat_detector.hebcal_gate: Hebcal refreshed: 5 start(s), 2 end(s) (geo=281184, diaspora=True)
2026-10-03 03:01:59 [INFO] shabbat_detector.cycle_analyzer: Cycle complete: 613s, up_stops=['-1', '0'], down_stops=['11', '10', '9', '8', '7', '6', '5', '4', '3', '1', '0', '-1', '-2']
2026-10-03 03:01:59 [INFO] detector: AutoLearner: suggestion from 1892 cycles (consistency=0.01, cv=0.341)
2026-10-03 03:01:59 [INFO] detector: Config updated remotely (keys=['SHABBAT_DETECTOR'])
2026-10-03 03:02:29 [INFO] detector: Config updated remotely (keys=['SHABBAT_DETECTOR'])
2026-10-03 03:02:30 [INFO] shabbat_detector.firebase_client: SSE stream connecting: https://ramada-elev-default-rtdb.europe-west1.firebasedatabase.app/elevator_configs/B.json
2026-10-03 03:03:15 [INFO] shabbat_detector.hebcal_gate: Hebcal refreshed: 5 start(s), 2 end(s) (geo=281184, diaspora=True)
2026-10-03 03:04:01 [INFO] detector: Config updated remotely (keys=['AUTO_LEARN_CONFIG', 'BOTTOM_FLOOR', 'FLOOR_WAITS', 'SHABBAT_ACTIVE', 'SHABBAT_BREAK_ACTIVE', 'SHABBAT_DETECTOR', 'SHABBAT_MODE', 'STOPPING_FLOORS', 'STOPPING_FLOORS_DOWN', 'STOPPING_FLOORS_UP', 'TIME_PASS_FLOOR', 'TIME_PER_FLOOR', 'TOP_FLOOR', 'VISIBLE_FLOORS', 'secret_key'])
2026-10-03 03:12:03 [INFO] shabbat_detector.cycle_analyzer: Cycle complete: 605s, up_stops=['-2', '-1', '0'], down_stops=['11', '10', '9', '8', '7', '6', '5', '4', '3', '1', '0', '-1']
2026-10-03 03:12:05 [INFO] detector: AutoLearner: suggestion from 1893 cycles (consistency=0.01, cv=0.341)
2026-10-03 03:12:05 [INFO] detector: Config updated remotely (keys=['SHABBAT_DETECTOR'])
2026-10-03 03:13:17 [INFO] shabbat_detector.hebcal_gate: Hebcal refreshed: 5 start(s), 2 end(s) (geo=281184, diaspora=True)
2026-10-03 03:14:05 [INFO] detector: Config updated remotely (keys=['SHABBAT_DETECTOR'])
2026-10-03 03:22:43 [INFO] shabbat_detector.cycle_analyzer: Cycle complete: 615s, up_stops=['-2', '-1', '0'], down_stops=['11', '10', '9', '8', '7', '5', '4', '3', '1', '0', '-1']
2026-10-03 03:22:43 [INFO] detector: AutoLearner: suggestion from 1894 cycles (consistency=0.01, cv=0.341)
2026-10-03 03:22:44 [INFO] detector: Config updated remotely (keys=['SHABBAT_DETECTOR'])
2026-10-03 03:23:18 [INFO] shabbat_detector.hebcal_gate: Hebcal refreshed: 5 start(s), 2 end(s) (geo=281184, diaspora=True)
2026-10-03 03:24:44 [INFO] detector: Config updated remotely (keys=['SHABBAT_DETECTOR'])
2026-10-03 03:32:21 [INFO] shabbat_detector.cycle_analyzer: Cycle complete: 609s, up_stops=['-2', '-1', '0'], down_stops=['11', '8', '7', '6', '5', '4', '3', '2', '1', '0', '-1']
2026-10-03 03:32:22 [INFO] detector: AutoLearner: suggestion from 1895 cycles (consistency=0.01, cv=0.341)
2026-10-03 03:32:22 [INFO] detector: Config updated remotely (keys=['SHABBAT_DETECTOR'])
2026-10-03 03:32:52 [INFO] detector: Config updated remotely (keys=['SHABBAT_DETECTOR'])
2026-10-03 03:33:19 [INFO] shabbat_detector.hebcal_gate: Hebcal refreshed: 5 start(s), 2 end(s) (geo=281184, diaspora=True)
2026-10-03 03:42:31 [INFO] shabbat_detector.cycle_analyzer: Cycle complete: 613s, up_stops=['-2', '-1', '0'], down_stops=['11', '10', '9', '8', '7', '5', '4', '3', '1', '0', '-1', '-2']
2026-10-03 03:42:31 [INFO] detector: AutoLearner: suggestion from 1896 cycles (consistency=0.01, cv=0.341)
2026-10-03 03:42:31 [INFO] detector: Config updated remotely (keys=['SHABBAT_DETECTOR'])
2026-10-03 03:42:31 [INFO] detector: Config updated remotely (keys=['SHABBAT_DETECTOR'])
2026-10-03 03:43:20 [INFO] shabbat_detector.hebcal_gate: Hebcal refreshed: 5 start(s), 2 end(s) (geo=281184, diaspora=True)
2026-10-03 03:45:53 [WARNING] shabbat_detector.firebase_client: Elevator stream reconnecting in 1s
2026-10-03 03:45:54 [INFO] shabbat_detector.firebase_client: SSE stream connecting: https://ramada-elev-default-rtdb.europe-west1.firebasedatabase.app/elevators/B.json
2026-10-03 03:52:43 [INFO] shabbat_detector.cycle_analyzer: Cycle complete: 611s, up_stops=['-2', '-1', '0', '1'], down_stops=['11', '10', '8', '7', '6', '5', '4', '3', '1', '0', '-1']
2026-10-03 03:52:44 [INFO] detector: AutoLearner: suggestion from 1897 cycles (consistency=0.01, cv=0.341)
2026-10-03 03:52:45 [INFO] detector: Config updated remotely (keys=['SHABBAT_DETECTOR'])
2026-10-03 03:53:22 [INFO] shabbat_detector.hebcal_gate: Hebcal refreshed: 5 start(s), 2 end(s) (geo=281184, diaspora=True)
2026-10-03 03:54:44 [INFO] detector: Config updated remotely (keys=['SHABBAT_DETECTOR'])
2026-10-03 04:03:21 [INFO] shabbat_detector.cycle_analyzer: Cycle complete: 612s, up_stops=['-2', '-1', '0'], down_stops=['11', '10', '8', '7', '5', '4', '3', '1', '0', '-1']
2026-10-03 04:03:27 [INFO] detector: AutoLearner: suggestion from 1898 cycles (consistency=0.01, cv=0.341)
2026-10-03 04:03:34 [INFO] shabbat_detector.hebcal_gate: Hebcal refreshed: 5 start(s), 2 end(s) (geo=281184, diaspora=True)
2026-10-03 04:03:34 [INFO] detector: Config updated remotely (keys=['SHABBAT_DETECTOR'])
2026-10-03 04:05:27 [INFO] detector: Config updated remotely (keys=['SHABBAT_DETECTOR'])
2026-10-03 04:13:40 [INFO] shabbat_detector.hebcal_gate: Hebcal refreshed: 5 start(s), 2 end(s) (geo=281184, diaspora=True)
2026-10-03 04:13:43 [INFO] shabbat_detector.cycle_analyzer: Cycle complete: 609s, up_stops=['-2', '0'], down_stops=['11', '10', '8', '7', '6', '5', '4', '3', '1', '0', '-1']
2026-10-03 04:13:43 [INFO] detector: AutoLearner: suggestion from 1899 cycles (consistency=0.01, cv=0.341)
2026-10-03 04:13:44 [INFO] detector: Config updated remotely (keys=['SHABBAT_DETECTOR'])
2026-10-03 04:15:43 [INFO] detector: Config updated remotely (keys=['SHABBAT_DETECTOR'])
2026-10-03 04:23:29 [INFO] shabbat_detector.cycle_analyzer: Cycle complete: 610s, up_stops=['-2', '-1', '0'], down_stops=['11', '10', '8', '7', '6', '5', '4', '3', '1', '0', '-1', '-2']
2026-10-03 04:23:30 [INFO] detector: AutoLearner: suggestion from 1900 cycles (consistency=0.01, cv=0.341)
2026-10-03 04:23:30 [INFO] detector: Config updated remotely (keys=['SHABBAT_DETECTOR'])
2026-10-03 04:23:42 [INFO] shabbat_detector.hebcal_gate: Hebcal refreshed: 5 start(s), 2 end(s) (geo=281184, diaspora=True)
2026-10-03 04:24:00 [INFO] detector: Config updated remotely (keys=['SHABBAT_DETECTOR'])
2026-10-03 04:33:44 [INFO] shabbat_detector.hebcal_gate: Hebcal refreshed: 5 start(s), 2 end(s) (geo=281184, diaspora=True)
2026-10-03 04:34:00 [INFO] shabbat_detector.cycle_analyzer: Cycle complete: 611s, up_stops=['-2', '-1', '0'], down_stops=['11', '10', '8', '7', '6', '5', '4', '3', '1', '0', '-1']
2026-10-03 04:34:01 [INFO] detector: AutoLearner: suggestion from 1901 cycles (consistency=0.01, cv=0.341)
2026-10-03 04:34:01 [INFO] detector: Config updated remotely (keys=['SHABBAT_DETECTOR'])
2026-10-03 04:36:01 [INFO] detector: Config updated remotely (keys=['SHABBAT_DETECTOR'])
2026-10-03 04:43:45 [INFO] shabbat_detector.hebcal_gate: Hebcal refreshed: 5 start(s), 2 end(s) (geo=281184, diaspora=True)
2026-10-03 04:44:01 [INFO] shabbat_detector.cycle_analyzer: Cycle complete: 606s, up_stops=['-1', '0'], down_stops=['11', '10', '8', '7', '6', '5', '4', '3', '1', '0', '-1']
2026-10-03 04:44:01 [INFO] detector: AutoLearner: suggestion from 1902 cycles (consistency=0.01, cv=0.341)
2026-10-03 04:44:02 [INFO] detector: Config updated remotely (keys=['SHABBAT_DETECTOR'])
2026-10-03 04:46:02 [INFO] detector: Config updated remotely (keys=['SHABBAT_DETECTOR'])
2026-10-03 04:53:47 [INFO] shabbat_detector.hebcal_gate: Hebcal refreshed: 5 start(s), 2 end(s) (geo=281184, diaspora=True)
2026-10-03 04:54:14 [INFO] shabbat_detector.cycle_analyzer: Cycle complete: 614s, up_stops=['-2', '-1', '0'], down_stops=['11', '8', '7', '6', '5', '4', '3', '1', '0', '-1', '-2']
2026-10-03 04:54:14 [INFO] detector: AutoLearner: suggestion from 1903 cycles (consistency=0.01, cv=0.341)
2026-10-03 04:54:15 [INFO] detector: Config updated remotely (keys=['SHABBAT_DETECTOR'])
2026-10-03 04:56:15 [INFO] detector: Config updated remotely (keys=['SHABBAT_DETECTOR'])
2026-10-03 05:03:48 [INFO] shabbat_detector.hebcal_gate: Hebcal refreshed: 5 start(s), 2 end(s) (geo=281184, diaspora=True)
2026-10-03 05:04:27 [INFO] shabbat_detector.cycle_analyzer: Cycle complete: 612s, up_stops=['-1', '0', '1'], down_stops=['11', '10', '9', '8', '7', '5', '4', '3', '1', '0', '-1', '-2']
2026-10-03 05:04:33 [INFO] detector: AutoLearner: suggestion from 1904 cycles (consistency=0.01, cv=0.341)
2026-10-03 05:04:33 [INFO] detector: Config updated remotely (keys=['SHABBAT_DETECTOR'])
2026-10-03 05:06:03 [INFO] detector: Config updated remotely (keys=['SHABBAT_DETECTOR'])
2026-10-03 05:13:50 [INFO] shabbat_detector.hebcal_gate: Hebcal refreshed: 5 start(s), 2 end(s) (geo=281184, diaspora=True)
2026-10-03 05:14:18 [INFO] shabbat_detector.cycle_analyzer: Cycle complete: 615s, up_stops=['-2', '-1', '0'], down_stops=['11', '10', '8', '7', '6', '5', '4', '3', '1', '0', '-1', '-2']
2026-10-03 05:14:24 [INFO] detector: AutoLearner: suggestion from 1905 cycles (consistency=0.01, cv=0.341)
2026-10-03 05:14:24 [INFO] detector: Config updated remotely (keys=['SHABBAT_DETECTOR'])
2026-10-03 05:16:24 [INFO] detector: Config updated remotely (keys=['SHABBAT_DETECTOR'])
2026-10-03 05:23:55 [INFO] shabbat_detector.hebcal_gate: Hebcal refreshed: 5 start(s), 2 end(s) (geo=281184, diaspora=True)
2026-10-03 05:24:39 [INFO] shabbat_detector.cycle_analyzer: Cycle complete: 611s, up_stops=['-2', '-1', '0'], down_stops=['11', '10', '9', '8', '7', '5', '4', '3', '1', '0', '-2']
2026-10-03 05:24:40 [INFO] detector: AutoLearner: suggestion from 1906 cycles (consistency=0.01, cv=0.342)
2026-10-03 05:24:40 [INFO] detector: Config updated remotely (keys=['SHABBAT_DETECTOR'])
2026-10-03 05:26:40 [INFO] detector: Config updated remotely (keys=['SHABBAT_DETECTOR'])
2026-10-03 05:33:57 [INFO] shabbat_detector.hebcal_gate: Hebcal refreshed: 5 start(s), 2 end(s) (geo=281184, diaspora=True)
2026-10-03 05:35:01 [INFO] shabbat_detector.cycle_analyzer: Cycle complete: 611s, up_stops=['-2', '-1', '0'], down_stops=['11', '10', '8', '7', '6', '5', '4', '3', '1', '0', '-1']
2026-10-03 05:35:01 [INFO] detector: AutoLearner: suggestion from 1907 cycles (consistency=0.01, cv=0.342)
2026-10-03 05:35:01 [INFO] detector: Config updated remotely (keys=['SHABBAT_DETECTOR'])
2026-10-03 05:35:31 [INFO] detector: Config updated remotely (keys=['SHABBAT_DETECTOR'])
2026-10-03 05:43:58 [INFO] shabbat_detector.hebcal_gate: Hebcal refreshed: 5 start(s), 2 end(s) (geo=281184, diaspora=True)
2026-10-03 05:44:55 [INFO] shabbat_detector.cycle_analyzer: Cycle complete: 609s, up_stops=['-1', '0'], down_stops=['11', '10', '9', '8', '7', '6', '5', '4', '3', '1', '0', '-1']
2026-10-03 05:44:56 [INFO] detector: AutoLearner: suggestion from 1908 cycles (consistency=0.01, cv=0.342)
2026-10-03 05:44:56 [INFO] detector: Config updated remotely (keys=['SHABBAT_DETECTOR'])
2026-10-03 05:45:56 [INFO] detector: Config updated remotely (keys=['SHABBAT_DETECTOR'])
2026-10-03 05:53:59 [INFO] shabbat_detector.hebcal_gate: Hebcal refreshed: 5 start(s), 2 end(s) (geo=281184, diaspora=True)
2026-10-03 05:54:50 [INFO] shabbat_detector.cycle_analyzer: Cycle complete: 609s, up_stops=['-1', '0'], down_stops=['11', '10', '9', '8', '7', '5', '4', '3', '1', '0', '-1']
2026-10-03 05:54:50 [INFO] detector: AutoLearner: suggestion from 1909 cycles (consistency=0.01, cv=0.342)
2026-10-03 05:54:51 [INFO] detector: Config updated remotely (keys=['SHABBAT_DETECTOR'])
2026-10-03 05:56:21 [INFO] detector: Config updated remotely (keys=['SHABBAT_DETECTOR'])
2026-10-03 06:04:01 [INFO] shabbat_detector.hebcal_gate: Hebcal refreshed: 5 start(s), 2 end(s) (geo=281184, diaspora=True)
2026-10-03 06:05:04 [INFO] shabbat_detector.cycle_analyzer: Cycle complete: 609s, up_stops=['-1', '0'], down_stops=['11', '10', '8', '7', '6', '5', '4', '3', '2', '1', '0', '-1', '-2']
2026-10-03 06:05:04 [INFO] detector: AutoLearner: suggestion from 1910 cycles (consistency=0.01, cv=0.342)
2026-10-03 06:05:05 [INFO] detector: Config updated remotely (keys=['SHABBAT_DETECTOR'])
2026-10-03 06:06:34 [INFO] detector: Config updated remotely (keys=['SHABBAT_DETECTOR'])
2026-10-03 06:14:02 [INFO] shabbat_detector.hebcal_gate: Hebcal refreshed: 5 start(s), 2 end(s) (geo=281184, diaspora=True)
2026-10-03 06:15:23 [INFO] shabbat_detector.cycle_analyzer: Cycle complete: 607s, up_stops=['-2', '-1', '0', '1'], down_stops=['11', '10', '8', '7', '5', '4', '3', '2', '1', '0', '-1', '-2']
2026-10-03 06:15:24 [INFO] detector: AutoLearner: suggestion from 1911 cycles (consistency=0.01, cv=0.342)
2026-10-03 06:15:24 [INFO] detector: Config updated remotely (keys=['SHABBAT_DETECTOR'])
2026-10-03 06:15:54 [INFO] detector: Config updated remotely (keys=['SHABBAT_DETECTOR'])
2026-10-03 06:24:04 [INFO] shabbat_detector.hebcal_gate: Hebcal refreshed: 5 start(s), 2 end(s) (geo=281184, diaspora=True)
2026-10-03 06:25:31 [INFO] shabbat_detector.cycle_analyzer: Cycle complete: 611s, up_stops=['-2', '-1', '0'], down_stops=['11', '10', '8', '7', '5', '4', '3', '1', '0', '-1', '-2']
2026-10-03 06:25:32 [INFO] detector: AutoLearner: suggestion from 1912 cycles (consistency=0.01, cv=0.342)
2026-10-03 06:25:32 [INFO] detector: Config updated remotely (keys=['SHABBAT_DETECTOR'])
2026-10-03 06:26:02 [INFO] detector: Config updated remotely (keys=['SHABBAT_DETECTOR'])
2026-10-03 06:34:05 [INFO] shabbat_detector.hebcal_gate: Hebcal refreshed: 5 start(s), 2 end(s) (geo=281184, diaspora=True)
2026-10-03 06:35:57 [INFO] shabbat_detector.cycle_analyzer: Cycle complete: 613s, up_stops=['-2', '0', '1'], down_stops=['11', '10', '9', '8', '7', '6', '5', '4', '3', '1', '0', '-1']
2026-10-03 06:35:57 [INFO] detector: AutoLearner: suggestion from 1913 cycles (consistency=0.01, cv=0.342)
2026-10-03 06:35:58 [INFO] detector: Config updated remotely (keys=['SHABBAT_DETECTOR'])
2026-10-03 06:36:28 [INFO] detector: Config updated remotely (keys=['SHABBAT_DETECTOR'])
2026-10-03 06:44:07 [INFO] shabbat_detector.hebcal_gate: Hebcal refreshed: 5 start(s), 2 end(s) (geo=281184, diaspora=True)
2026-10-03 06:46:20 [INFO] shabbat_detector.cycle_analyzer: Cycle complete: 612s, up_stops=['-1', '0'], down_stops=['11', '10', '8', '7', '5', '4', '3', '1', '0', '-1']
2026-10-03 06:46:21 [INFO] detector: AutoLearner: suggestion from 1914 cycles (consistency=0.01, cv=0.342)
2026-10-03 06:46:21 [INFO] detector: Config updated remotely (keys=['SHABBAT_DETECTOR'])
2026-10-03 06:48:21 [INFO] detector: Config updated remotely (keys=['SHABBAT_DETECTOR'])
2026-10-03 06:54:08 [INFO] shabbat_detector.hebcal_gate: Hebcal refreshed: 5 start(s), 2 end(s) (geo=281184, diaspora=True)
2026-10-03 06:56:30 [INFO] shabbat_detector.cycle_analyzer: Cycle complete: 619s, up_stops=['-2', '0'], down_stops=['11', '10', '9', '8', '7', '6', '5', '4', '3', '2', '1', '0', '-1', '-2']
2026-10-03 06:56:30 [INFO] detector: AutoLearner: suggestion from 1915 cycles (consistency=0.01, cv=0.342)
2026-10-03 06:56:31 [INFO] detector: Config updated remotely (keys=['SHABBAT_DETECTOR'])
2026-10-03 06:58:30 [INFO] detector: Config updated remotely (keys=['SHABBAT_DETECTOR'])
2026-10-03 07:04:09 [INFO] shabbat_detector.hebcal_gate: Hebcal refreshed: 5 start(s), 2 end(s) (geo=281184, diaspora=True)
2026-10-03 07:06:04 [INFO] shabbat_detector.cycle_analyzer: Cycle complete: 601s, up_stops=['-1', '0'], down_stops=['11', '10', '9', '8', '7', '6', '5', '4', '3', '1', '0', '-1']
2026-10-03 07:06:08 [INFO] detector: AutoLearner: suggestion from 1916 cycles (consistency=0.01, cv=0.342)
2026-10-03 07:06:10 [INFO] detector: Config updated remotely (keys=['SHABBAT_DETECTOR'])
2026-10-03 07:06:40 [INFO] detector: Config updated remotely (keys=['SHABBAT_DETECTOR'])
2026-10-03 07:14:11 [INFO] shabbat_detector.hebcal_gate: Hebcal refreshed: 5 start(s), 2 end(s) (geo=281184, diaspora=True)
2026-10-03 07:16:16 [INFO] shabbat_detector.cycle_analyzer: Cycle complete: 613s, up_stops=['-2', '-1', '0'], down_stops=['11', '10', '9', '8', '7', '6', '5', '4', '3', '2', '1', '0', '-1', '-2']
2026-10-03 07:16:21 [INFO] detector: AutoLearner: suggestion from 1917 cycles (consistency=0.01, cv=0.342)
2026-10-03 07:16:22 [INFO] detector: Config updated remotely (keys=['SHABBAT_DETECTOR'])
2026-10-03 07:16:52 [INFO] detector: Config updated remotely (keys=['SHABBAT_DETECTOR'])
2026-10-03 07:24:13 [INFO] shabbat_detector.hebcal_gate: Hebcal refreshed: 5 start(s), 2 end(s) (geo=281184, diaspora=True)
2026-10-03 07:28:12 [INFO] shabbat_detector.cycle_analyzer: Cycle complete: 718s, up_stops=['-2', '-1', '0', '2'], down_stops=['11', '9', '8', '7', '5', '4', '3', '1', '0', '-1']
2026-10-03 07:28:12 [INFO] detector: AutoLearner: suggestion from 1918 cycles (consistency=0.01, cv=0.342)
2026-10-03 07:28:12 [INFO] detector: Config updated remotely (keys=['SHABBAT_DETECTOR'])
2026-10-03 07:29:12 [INFO] detector: Config updated remotely (keys=['SHABBAT_DETECTOR'])
2026-10-03 07:34:14 [INFO] shabbat_detector.hebcal_gate: Hebcal refreshed: 5 start(s), 2 end(s) (geo=281184, diaspora=True)
2026-10-03 07:38:18 [INFO] shabbat_detector.cycle_analyzer: Cycle complete: 608s, up_stops=['-2', '-1'], down_stops=['11', '10', '9', '8', '7', '5', '4', '3', '1', '0', '-1', '-2']
2026-10-03 07:38:18 [INFO] detector: AutoLearner: suggestion from 1919 cycles (consistency=0.01, cv=0.342)
2026-10-03 07:38:19 [INFO] detector: Config updated remotely (keys=['SHABBAT_DETECTOR'])
2026-10-03 07:38:49 [INFO] detector: Config updated remotely (keys=['SHABBAT_DETECTOR'])
2026-10-03 07:44:15 [INFO] shabbat_detector.hebcal_gate: Hebcal refreshed: 5 start(s), 2 end(s) (geo=281184, diaspora=True)
2026-10-03 07:49:22 [INFO] shabbat_detector.cycle_analyzer: Cycle complete: 613s, up_stops=['-2', '-1', '0'], down_stops=['11', '10', '8', '7', '6', '5', '4', '3', '1', '0', '-1']
2026-10-03 07:49:22 [INFO] detector: AutoLearner: suggestion from 1920 cycles (consistency=0.01, cv=0.342)
2026-10-03 07:49:23 [INFO] detector: Config updated remotely (keys=['SHABBAT_DETECTOR'])
2026-10-03 07:50:52 [INFO] detector: Config updated remotely (keys=['SHABBAT_DETECTOR'])
2026-10-03 07:54:17 [INFO] shabbat_detector.hebcal_gate: Hebcal refreshed: 5 start(s), 2 end(s) (geo=281184, diaspora=True)
2026-10-03 07:59:26 [INFO] shabbat_detector.cycle_analyzer: Cycle complete: 604s, up_stops=['-1', '0'], down_stops=['11', '10', '8', '7', '6', '5', '4', '3', '1', '0', '-1']
2026-10-03 07:59:26 [INFO] detector: AutoLearner: suggestion from 1921 cycles (consistency=0.01, cv=0.342)
2026-10-03 07:59:27 [INFO] detector: Config updated remotely (keys=['SHABBAT_DETECTOR'])
2026-10-03 08:00:57 [INFO] detector: Config updated remotely (keys=['SHABBAT_DETECTOR'])
2026-10-03 08:04:18 [INFO] shabbat_detector.hebcal_gate: Hebcal refreshed: 5 start(s), 2 end(s) (geo=281184, diaspora=True)
2026-10-03 08:09:19 [INFO] shabbat_detector.cycle_analyzer: Cycle complete: 610s, up_stops=['-1', '0'], down_stops=['11', '10', '8', '7', '6', '5', '4', '3', '1', '0', '-1']
2026-10-03 08:09:19 [INFO] detector: AutoLearner: suggestion from 1922 cycles (consistency=0.01, cv=0.342)
2026-10-03 08:09:20 [INFO] detector: Config updated remotely (keys=['SHABBAT_DETECTOR'])
2026-10-03 08:09:49 [INFO] detector: Config updated remotely (keys=['SHABBAT_DETECTOR'])
2026-10-03 08:14:19 [INFO] shabbat_detector.hebcal_gate: Hebcal refreshed: 5 start(s), 2 end(s) (geo=281184, diaspora=True)
2026-10-03 08:19:12 [INFO] shabbat_detector.cycle_analyzer: Cycle complete: 623s, up_stops=['-1', '0'], down_stops=['11', '10', '8', '7', '5', '4', '3', '1', '0', '-1']
2026-10-03 08:19:12 [INFO] detector: AutoLearner: suggestion from 1923 cycles (consistency=0.01, cv=0.342)
2026-10-03 08:19:12 [INFO] detector: Config updated remotely (keys=['SHABBAT_DETECTOR'])
2026-10-03 08:20:12 [INFO] detector: Config updated remotely (keys=['SHABBAT_DETECTOR'])
2026-10-03 08:24:20 [INFO] shabbat_detector.hebcal_gate: Hebcal refreshed: 5 start(s), 2 end(s) (geo=281184, diaspora=True)
2026-10-03 08:29:30 [INFO] shabbat_detector.cycle_analyzer: Cycle complete: 610s, up_stops=['-2', '-1', '0'], down_stops=['11', '10', '9', '8', '7', '6', '5', '4', '3', '1', '0', '-1']
2026-10-03 08:29:31 [INFO] detector: AutoLearner: suggestion from 1924 cycles (consistency=0.01, cv=0.342)
2026-10-03 08:29:32 [INFO] detector: Config updated remotely (keys=['SHABBAT_DETECTOR'])
2026-10-03 08:30:31 [INFO] detector: Config updated remotely (keys=['SHABBAT_DETECTOR'])
2026-10-03 08:34:21 [INFO] shabbat_detector.hebcal_gate: Hebcal refreshed: 5 start(s), 2 end(s) (geo=281184, diaspora=True)
2026-10-03 08:40:12 [INFO] shabbat_detector.cycle_analyzer: Cycle complete: 612s, up_stops=['-2', '-1', '0', '4'], down_stops=['11', '10', '8', '7', '6', '5', '4', '3', '1', '0', '-1', '-2']
2026-10-03 08:40:13 [INFO] detector: AutoLearner: suggestion from 1925 cycles (consistency=0.01, cv=0.342)
2026-10-03 08:40:13 [INFO] detector: Config updated remotely (keys=['SHABBAT_DETECTOR'])
2026-10-03 08:42:43 [INFO] detector: Config updated remotely (keys=['SHABBAT_DETECTOR'])
2026-10-03 08:44:22 [INFO] shabbat_detector.hebcal_gate: Hebcal refreshed: 5 start(s), 2 end(s) (geo=281184, diaspora=True)
2026-10-03 08:50:12 [INFO] shabbat_detector.cycle_analyzer: Cycle complete: 609s, up_stops=['-1', '0'], down_stops=['11', '9', '8', '7', '6', '5', '4', '3', '2', '1', '0', '-1']
2026-10-03 08:50:13 [INFO] detector: AutoLearner: suggestion from 1926 cycles (consistency=0.01, cv=0.342)
2026-10-03 08:50:13 [INFO] detector: Config updated remotely (keys=['SHABBAT_DETECTOR'])
2026-10-03 08:50:43 [INFO] detector: Config updated remotely (keys=['SHABBAT_DETECTOR'])
2026-10-03 08:54:24 [INFO] shabbat_detector.hebcal_gate: Hebcal refreshed: 5 start(s), 2 end(s) (geo=281184, diaspora=True)
2026-10-03 09:00:11 [INFO] shabbat_detector.cycle_analyzer: Cycle complete: 614s, up_stops=['-2', '-1', '0', '3'], down_stops=['11', '10', '8', '7', '6', '5', '4', '3', '1', '0', '-1']
2026-10-03 09:00:16 [INFO] detector: AutoLearner: suggestion from 1927 cycles (consistency=0.01, cv=0.342)
2026-10-03 09:00:16 [INFO] detector: Config updated remotely (keys=['SHABBAT_DETECTOR'])
2026-10-03 09:02:17 [INFO] detector: Config updated remotely (keys=['SHABBAT_DETECTOR'])
2026-10-03 09:04:25 [INFO] shabbat_detector.hebcal_gate: Hebcal refreshed: 5 start(s), 2 end(s) (geo=281184, diaspora=True)
2026-10-03 09:10:11 [INFO] shabbat_detector.cycle_analyzer: Cycle complete: 614s, up_stops=['-2', '-1', '0'], down_stops=['11', '10', '8', '7', '6', '5', '4', '3', '1', '0', '-1', '-2']
2026-10-03 09:10:11 [INFO] detector: AutoLearner: suggestion from 1928 cycles (consistency=0.01, cv=0.342)
2026-10-03 09:10:12 [INFO] detector: Config updated remotely (keys=['SHABBAT_DETECTOR'])
2026-10-03 09:10:41 [INFO] detector: Config updated remotely (keys=['SHABBAT_DETECTOR'])
2026-10-03 09:14:26 [INFO] shabbat_detector.hebcal_gate: Hebcal refreshed: 5 start(s), 2 end(s) (geo=281184, diaspora=True)
2026-10-03 09:20:48 [INFO] shabbat_detector.cycle_analyzer: Cycle complete: 607s, up_stops=['-2', '-1', '0'], down_stops=['11', '8', '7', '6', '5', '4', '3', '1', '0', '-1']
2026-10-03 09:20:48 [INFO] detector: AutoLearner: suggestion from 1929 cycles (consistency=0.01, cv=0.342)
2026-10-03 09:20:49 [INFO] detector: Config updated remotely (keys=['SHABBAT_DETECTOR'])
2026-10-03 09:22:49 [INFO] detector: Config updated remotely (keys=['SHABBAT_DETECTOR'])
2026-10-03 09:24:28 [INFO] shabbat_detector.hebcal_gate: Hebcal refreshed: 5 start(s), 2 end(s) (geo=281184, diaspora=True)
2026-10-03 09:30:31 [INFO] shabbat_detector.cycle_analyzer: Cycle complete: 611s, up_stops=['-1', '0'], down_stops=['11', '10', '8', '7', '6', '5', '4', '3', '1', '0', '-1', '-2']
2026-10-03 09:30:31 [INFO] detector: AutoLearner: suggestion from 1930 cycles (consistency=0.01, cv=0.342)
2026-10-03 09:30:32 [INFO] detector: Config updated remotely (keys=['SHABBAT_DETECTOR'])
2026-10-03 09:32:32 [INFO] detector: Config updated remotely (keys=['SHABBAT_DETECTOR'])
2026-10-03 09:34:29 [INFO] shabbat_detector.hebcal_gate: Hebcal refreshed: 5 start(s), 2 end(s) (geo=281184, diaspora=True)
2026-10-03 09:41:15 [INFO] shabbat_detector.cycle_analyzer: Cycle complete: 609s, up_stops=['-2', '-1', '0'], down_stops=['11', '10', '8', '7', '6', '5', '4', '3', '1', '0', '-1']
2026-10-03 09:41:16 [INFO] detector: AutoLearner: suggestion from 1931 cycles (consistency=0.01, cv=0.342)
2026-10-03 09:41:16 [INFO] detector: Config updated remotely (keys=['SHABBAT_DETECTOR'])
2026-10-03 09:43:16 [INFO] detector: Config updated remotely (keys=['SHABBAT_DETECTOR'])
2026-10-03 09:44:30 [INFO] shabbat_detector.hebcal_gate: Hebcal refreshed: 5 start(s), 2 end(s) (geo=281184, diaspora=True)
2026-10-03 09:51:17 [INFO] shabbat_detector.cycle_analyzer: Cycle complete: 610s, up_stops=['-1', '0'], down_stops=['11', '10', '8', '7', '6', '5', '4', '3', '1', '0', '-1']
2026-10-03 09:51:18 [INFO] detector: AutoLearner: suggestion from 1932 cycles (consistency=0.01, cv=0.342)
2026-10-03 09:51:18 [INFO] detector: Config updated remotely (keys=['SHABBAT_DETECTOR'])
2026-10-03 09:53:18 [INFO] detector: Config updated remotely (keys=['SHABBAT_DETECTOR'])
2026-10-03 09:54:32 [INFO] shabbat_detector.hebcal_gate: Hebcal refreshed: 5 start(s), 2 end(s) (geo=281184, diaspora=True)
2026-10-03 10:00:55 [INFO] shabbat_detector.cycle_analyzer: Cycle complete: 607s, up_stops=['-1', '0', '1'], down_stops=['11', '10', '8', '7', '6', '5', '4', '3', '1', '0', '-1']
2026-10-03 10:00:55 [INFO] detector: AutoLearner: suggestion from 1933 cycles (consistency=0.01, cv=0.342)
2026-10-03 10:00:55 [INFO] detector: Config updated remotely (keys=['SHABBAT_DETECTOR'])
2026-10-03 10:02:55 [INFO] detector: Config updated remotely (keys=['SHABBAT_DETECTOR'])
2026-10-03 10:04:34 [INFO] shabbat_detector.hebcal_gate: Hebcal refreshed: 5 start(s), 2 end(s) (geo=281184, diaspora=True)
2026-10-03 10:12:06 [INFO] shabbat_detector.cycle_analyzer: Cycle complete: 613s, up_stops=['-2', '-1', '0'], down_stops=['11', '9', '8', '7', '6', '5', '4', '3', '1', '0', '-1']
2026-10-03 10:12:07 [INFO] detector: AutoLearner: suggestion from 1934 cycles (consistency=0.01, cv=0.342)
2026-10-03 10:12:07 [INFO] detector: Config updated remotely (keys=['SHABBAT_DETECTOR'])
2026-10-03 10:13:07 [INFO] detector: Config updated remotely (keys=['SHABBAT_DETECTOR'])
2026-10-03 10:14:35 [INFO] shabbat_detector.hebcal_gate: Hebcal refreshed: 5 start(s), 2 end(s) (geo=281184, diaspora=True)
2026-10-03 10:21:25 [INFO] shabbat_detector.cycle_analyzer: Cycle complete: 608s, up_stops=['-2', '-1', '0'], down_stops=['11', '10', '9', '8', '7', '5', '4', '3', '1', '0', '-1']
2026-10-03 10:21:26 [INFO] detector: AutoLearner: suggestion from 1935 cycles (consistency=0.01, cv=0.342)
2026-10-03 10:21:26 [INFO] detector: Config updated remotely (keys=['SHABBAT_DETECTOR'])
2026-10-03 10:23:56 [INFO] detector: Config updated remotely (keys=['SHABBAT_DETECTOR'])
2026-10-03 10:24:36 [INFO] shabbat_detector.hebcal_gate: Hebcal refreshed: 5 start(s), 2 end(s) (geo=281184, diaspora=True)
2026-10-03 10:31:55 [INFO] shabbat_detector.cycle_analyzer: Cycle complete: 610s, up_stops=['-2', '-1', '0'], down_stops=['11', '9', '8', '7', '6', '5', '4', '3', '1', '0', '-1']
2026-10-03 10:31:56 [INFO] detector: AutoLearner: suggestion from 1936 cycles (consistency=0.01, cv=0.342)
2026-10-03 10:31:56 [INFO] detector: Config updated remotely (keys=['SHABBAT_DETECTOR'])
2026-10-03 10:32:26 [INFO] detector: Config updated remotely (keys=['SHABBAT_DETECTOR'])
2026-10-03 10:34:37 [INFO] shabbat_detector.hebcal_gate: Hebcal refreshed: 5 start(s), 2 end(s) (geo=281184, diaspora=True)
2026-10-03 10:41:38 [INFO] shabbat_detector.cycle_analyzer: Cycle complete: 608s, up_stops=['-1', '0'], down_stops=['11', '10', '8', '7', '6', '5', '4', '3', '1', '0', '-1']
2026-10-03 10:41:38 [INFO] detector: AutoLearner: suggestion from 1937 cycles (consistency=0.01, cv=0.342)
2026-10-03 10:41:39 [INFO] detector: Config updated remotely (keys=['SHABBAT_DETECTOR'])
2026-10-03 10:42:09 [INFO] detector: Config updated remotely (keys=['SHABBAT_DETECTOR'])
2026-10-03 10:44:39 [INFO] shabbat_detector.hebcal_gate: Hebcal refreshed: 5 start(s), 2 end(s) (geo=281184, diaspora=True)
2026-10-03 10:51:50 [INFO] shabbat_detector.cycle_analyzer: Cycle complete: 615s, up_stops=['-2', '-1', '0'], down_stops=['11', '10', '8', '7', '6', '5', '4', '3', '1', '0', '-1']
2026-10-03 10:51:50 [INFO] detector: AutoLearner: suggestion from 1938 cycles (consistency=0.01, cv=0.342)
2026-10-03 10:51:50 [INFO] detector: Config updated remotely (keys=['SHABBAT_DETECTOR'])
2026-10-03 10:52:51 [INFO] detector: Config updated remotely (keys=['SHABBAT_DETECTOR'])
2026-10-03 10:54:41 [INFO] shabbat_detector.hebcal_gate: Hebcal refreshed: 5 start(s), 2 end(s) (geo=281184, diaspora=True)
2026-10-03 11:02:03 [INFO] shabbat_detector.cycle_analyzer: Cycle complete: 611s, up_stops=['-2', '-1', '0'], down_stops=['11', '10', '9', '8', '7', '5', '4', '3', '1', '0', '-1', '-2']
2026-10-03 11:02:03 [INFO] detector: AutoLearner: suggestion from 1939 cycles (consistency=0.01, cv=0.342)
2026-10-03 11:02:04 [INFO] detector: Config updated remotely (keys=['SHABBAT_DETECTOR'])
2026-10-03 11:03:03 [INFO] detector: Config updated remotely (keys=['SHABBAT_DETECTOR'])
2026-10-03 11:04:42 [INFO] shabbat_detector.hebcal_gate: Hebcal refreshed: 5 start(s), 2 end(s) (geo=281184, diaspora=True)
2026-10-03 11:12:15 [INFO] shabbat_detector.cycle_analyzer: Cycle complete: 605s, up_stops=['-2', '-1', '0'], down_stops=['11', '10', '8', '7', '6', '5', '4', '3', '1', '0', '-1']
2026-10-03 11:12:15 [INFO] detector: AutoLearner: suggestion from 1940 cycles (consistency=0.01, cv=0.342)
2026-10-03 11:12:16 [INFO] detector: Config updated remotely (keys=['SHABBAT_DETECTOR'])
2026-10-03 11:13:16 [INFO] detector: Config updated remotely (keys=['SHABBAT_DETECTOR'])
2026-10-03 11:14:43 [INFO] shabbat_detector.hebcal_gate: Hebcal refreshed: 5 start(s), 2 end(s) (geo=281184, diaspora=True)
2026-10-03 11:22:17 [INFO] shabbat_detector.cycle_analyzer: Cycle complete: 611s, up_stops=['-2', '-1', '0'], down_stops=['11', '10', '9', '8', '7', '6', '5', '4', '3', '1', '0', '-1', '-2']
2026-10-03 11:22:18 [INFO] detector: AutoLearner: suggestion from 1941 cycles (consistency=0.01, cv=0.342)
2026-10-03 11:22:19 [INFO] detector: Config updated remotely (keys=['SHABBAT_DETECTOR'])
2026-10-03 11:23:19 [INFO] detector: Config updated remotely (keys=['SHABBAT_DETECTOR'])
2026-10-03 11:24:44 [INFO] shabbat_detector.hebcal_gate: Hebcal refreshed: 5 start(s), 2 end(s) (geo=281184, diaspora=True)
2026-10-03 11:32:24 [INFO] shabbat_detector.cycle_analyzer: Cycle complete: 609s, up_stops=['-2', '-1', '0'], down_stops=['11', '10', '9', '8', '7', '6', '5', '4', '3', '1', '0', '-1']
2026-10-03 11:32:25 [INFO] detector: AutoLearner: suggestion from 1942 cycles (consistency=0.01, cv=0.342)
2026-10-03 11:32:25 [INFO] detector: Config updated remotely (keys=['SHABBAT_DETECTOR'])
2026-10-03 11:33:25 [INFO] detector: Config updated remotely (keys=['SHABBAT_DETECTOR'])
2026-10-03 11:34:46 [INFO] shabbat_detector.hebcal_gate: Hebcal refreshed: 5 start(s), 2 end(s) (geo=281184, diaspora=True)
2026-10-03 11:42:33 [INFO] shabbat_detector.cycle_analyzer: Cycle complete: 609s, up_stops=['-1', '0'], down_stops=['11', '10', '9', '8', '7', '5', '4', '3', '1', '0', '-1']
2026-10-03 11:42:40 [INFO] detector: AutoLearner: suggestion from 1943 cycles (consistency=0.01, cv=0.342)
2026-10-03 11:42:42 [INFO] detector: Config updated remotely (keys=['SHABBAT_DETECTOR'])
2026-10-03 11:44:11 [INFO] detector: Config updated remotely (keys=['SHABBAT_DETECTOR'])
2026-10-03 11:44:47 [INFO] shabbat_detector.hebcal_gate: Hebcal refreshed: 5 start(s), 2 end(s) (geo=281184, diaspora=True)
2026-10-03 11:53:39 [INFO] shabbat_detector.cycle_analyzer: Cycle complete: 611s, up_stops=['-2', '-1', '0'], down_stops=['11', '10', '8', '7', '6', '5', '4', '3', '2', '1', '0', '-1']
2026-10-03 11:53:39 [INFO] detector: AutoLearner: suggestion from 1944 cycles (consistency=0.01, cv=0.342)
2026-10-03 11:53:40 [INFO] detector: Config updated remotely (keys=['SHABBAT_DETECTOR'])
2026-10-03 11:54:40 [INFO] detector: Config updated remotely (keys=['SHABBAT_DETECTOR'])
2026-10-03 11:54:48 [INFO] shabbat_detector.hebcal_gate: Hebcal refreshed: 5 start(s), 2 end(s) (geo=281184, diaspora=True)
2026-10-03 12:03:27 [INFO] shabbat_detector.cycle_analyzer: Cycle complete: 613s, up_stops=['-1', '0'], down_stops=['11', '9', '8', '7', '6', '5', '4', '3', '1', '0', '-1']
2026-10-03 12:03:27 [INFO] detector: AutoLearner: suggestion from 1945 cycles (consistency=0.01, cv=0.342)
2026-10-03 12:03:28 [INFO] detector: Config updated remotely (keys=['SHABBAT_DETECTOR'])
2026-10-03 12:04:50 [INFO] shabbat_detector.hebcal_gate: Hebcal refreshed: 5 start(s), 2 end(s) (geo=281184, diaspora=True)
2026-10-03 12:04:58 [INFO] detector: Config updated remotely (keys=['SHABBAT_DETECTOR'])
2026-10-03 12:13:06 [INFO] shabbat_detector.cycle_analyzer: Cycle complete: 609s, up_stops=['-1', '0', '1'], down_stops=['11', '10', '8', '7', '6', '5', '4', '3', '1', '0', '-1']
2026-10-03 12:13:07 [INFO] detector: AutoLearner: suggestion from 1946 cycles (consistency=0.01, cv=0.342)
2026-10-03 12:13:07 [INFO] detector: Config updated remotely (keys=['SHABBAT_DETECTOR'])
2026-10-03 12:14:37 [INFO] detector: Config updated remotely (keys=['SHABBAT_DETECTOR'])
2026-10-03 12:14:51 [INFO] shabbat_detector.hebcal_gate: Hebcal refreshed: 5 start(s), 2 end(s) (geo=281184, diaspora=True)
2026-10-03 12:24:41 [INFO] shabbat_detector.cycle_analyzer: Cycle complete: 607s, up_stops=['-1', '0', '1'], down_stops=['11', '10', '9', '8', '7', '5', '4', '3', '2', '1', '0', '-1']
2026-10-03 12:24:42 [INFO] detector: AutoLearner: suggestion from 1947 cycles (consistency=0.01, cv=0.342)
2026-10-03 12:24:42 [INFO] detector: Config updated remotely (keys=['SHABBAT_DETECTOR'])
2026-10-03 12:24:53 [INFO] shabbat_detector.hebcal_gate: Hebcal refreshed: 5 start(s), 2 end(s) (geo=281184, diaspora=True)
2026-10-03 12:26:12 [INFO] detector: Config updated remotely (keys=['SHABBAT_DETECTOR'])
2026-10-03 12:33:39 [INFO] shabbat_detector.cycle_analyzer: Cycle complete: 625s, up_stops=['-1', '0'], down_stops=['11', '10', '8', '7', '5', '4', '3', '1', '0', '-1', '-2']
2026-10-03 12:33:39 [INFO] detector: AutoLearner: suggestion from 1948 cycles (consistency=0.01, cv=0.342)
2026-10-03 12:33:39 [INFO] detector: Config updated remotely (keys=['SHABBAT_DETECTOR'])
2026-10-03 12:34:40 [INFO] detector: Config updated remotely (keys=['SHABBAT_DETECTOR'])
2026-10-03 12:34:54 [INFO] shabbat_detector.hebcal_gate: Hebcal refreshed: 5 start(s), 2 end(s) (geo=281184, diaspora=True)
2026-10-03 12:43:36 [INFO] shabbat_detector.cycle_analyzer: Cycle complete: 597s, up_stops=['-2', '-1', '0', '1'], down_stops=['11', '10', '9', '8', '7', '5', '4', '3', '2', '1', '0', '-1']
2026-10-03 12:43:36 [INFO] detector: AutoLearner: suggestion from 1949 cycles (consistency=0.01, cv=0.342)
2026-10-03 12:43:37 [INFO] detector: Config updated remotely (keys=['SHABBAT_DETECTOR'])
2026-10-03 12:44:37 [INFO] detector: Config updated remotely (keys=['SHABBAT_DETECTOR'])
2026-10-03 12:44:55 [INFO] shabbat_detector.hebcal_gate: Hebcal refreshed: 5 start(s), 2 end(s) (geo=281184, diaspora=True)
2026-10-03 12:54:20 [INFO] shabbat_detector.cycle_analyzer: Cycle complete: 610s, up_stops=['-2', '-1', '0'], down_stops=['11', '10', '9', '8', '7', '6', '5', '4', '3', '2', '1', '0', '-1']
2026-10-03 12:54:20 [INFO] detector: AutoLearner: suggestion from 1950 cycles (consistency=0.01, cv=0.342)
2026-10-03 12:54:21 [INFO] detector: Config updated remotely (keys=['SHABBAT_DETECTOR'])
2026-10-03 12:54:51 [INFO] detector: Config updated remotely (keys=['SHABBAT_DETECTOR'])
2026-10-03 12:54:57 [INFO] shabbat_detector.hebcal_gate: Hebcal refreshed: 5 start(s), 2 end(s) (geo=281184, diaspora=True)
2026-10-03 13:03:17 [INFO] shabbat_detector.cycle_analyzer: Cycle complete: 566s, up_stops=['-2', '0'], down_stops=['11', '10', '9', '8', '7', '6', '5', '4', '3', '1', '0', '-1', '-2']
2026-10-03 13:03:17 [INFO] detector: AutoLearner: suggestion from 1951 cycles (consistency=0.01, cv=0.342)
2026-10-03 13:03:18 [INFO] detector: Config updated remotely (keys=['SHABBAT_DETECTOR'])
2026-10-03 13:04:48 [INFO] detector: Config updated remotely (keys=['SHABBAT_DETECTOR'])
2026-10-03 13:04:58 [INFO] shabbat_detector.hebcal_gate: Hebcal refreshed: 5 start(s), 2 end(s) (geo=281184, diaspora=True)
2026-10-03 13:13:37 [INFO] shabbat_detector.cycle_analyzer: Cycle complete: 606s, up_stops=['-2', '-1', '0'], down_stops=['11', '10', '9', '8', '7', '5', '4', '3', '1', '0', '-1']
2026-10-03 13:13:37 [INFO] detector: AutoLearner: suggestion from 1952 cycles (consistency=0.01, cv=0.342)
2026-10-03 13:13:38 [INFO] detector: Config updated remotely (keys=['SHABBAT_DETECTOR'])
2026-10-03 13:14:59 [INFO] shabbat_detector.hebcal_gate: Hebcal refreshed: 5 start(s), 2 end(s) (geo=281184, diaspora=True)
2026-10-03 13:15:08 [INFO] detector: Config updated remotely (keys=['SHABBAT_DETECTOR'])
2026-10-03 13:23:29 [INFO] shabbat_detector.cycle_analyzer: Cycle complete: 612s, up_stops=['-2', '-1', '0'], down_stops=['11', '10', '9', '8', '7', '5', '4', '3', '2', '1', '0', '-1', '-2']
2026-10-03 13:23:30 [INFO] detector: AutoLearner: suggestion from 1953 cycles (consistency=0.01, cv=0.342)
2026-10-03 13:23:30 [INFO] detector: Config updated remotely (keys=['SHABBAT_DETECTOR'])
2026-10-03 13:25:01 [INFO] shabbat_detector.hebcal_gate: Hebcal refreshed: 5 start(s), 2 end(s) (geo=281184, diaspora=True)
2026-10-03 13:25:30 [INFO] detector: Config updated remotely (keys=['SHABBAT_DETECTOR'])
2026-10-03 13:33:43 [INFO] shabbat_detector.cycle_analyzer: Cycle complete: 610s, up_stops=['-2', '-1', '0'], down_stops=['11', '10', '8', '7', '6', '5', '4', '3', '1', '0', '-1', '-2']
2026-10-03 13:33:44 [INFO] detector: AutoLearner: suggestion from 1954 cycles (consistency=0.01, cv=0.342)
2026-10-03 13:33:45 [INFO] detector: Config updated remotely (keys=['SHABBAT_DETECTOR'])
2026-10-03 13:35:02 [INFO] shabbat_detector.hebcal_gate: Hebcal refreshed: 5 start(s), 2 end(s) (geo=281184, diaspora=True)
2026-10-03 13:35:45 [INFO] detector: Config updated remotely (keys=['SHABBAT_DETECTOR'])
2026-10-03 13:44:20 [INFO] shabbat_detector.cycle_analyzer: Cycle complete: 611s, up_stops=['-2', '-1', '0'], down_stops=['11', '10', '8', '7', '6', '5', '4', '3', '1', '0', '-1']
2026-10-03 13:44:20 [INFO] detector: AutoLearner: suggestion from 1955 cycles (consistency=0.01, cv=0.342)
2026-10-03 13:44:21 [INFO] detector: Config updated remotely (keys=['SHABBAT_DETECTOR'])
2026-10-03 13:45:03 [INFO] shabbat_detector.hebcal_gate: Hebcal refreshed: 5 start(s), 2 end(s) (geo=281184, diaspora=True)
2026-10-03 13:45:51 [INFO] detector: Config updated remotely (keys=['SHABBAT_DETECTOR'])
2026-10-03 13:54:07 [INFO] shabbat_detector.cycle_analyzer: Cycle complete: 607s, up_stops=['0'], down_stops=['11', '10', '9', '8', '7', '6', '5', '4', '3', '2', '1', '0', '-1']
2026-10-03 13:55:09 [INFO] shabbat_detector.hebcal_gate: Hebcal refreshed: 5 start(s), 2 end(s) (geo=281184, diaspora=True)
2026-10-03 13:55:09 [INFO] detector: Config updated remotely (keys=['SHABBAT_DETECTOR'])
2026-10-03 14:04:54 [INFO] shabbat_detector.cycle_analyzer: Cycle complete: 610s, up_stops=['-2', '-1', '0'], down_stops=['11', '10', '8', '7', '5', '4', '3', '2', '1', '0', '-1', '-2']
2026-10-03 14:04:54 [INFO] detector: AutoLearner: suggestion from 1956 cycles (consistency=0.01, cv=0.342)
2026-10-03 14:04:55 [INFO] detector: Config updated remotely (keys=['SHABBAT_DETECTOR'])
2026-10-03 14:05:11 [INFO] shabbat_detector.hebcal_gate: Hebcal refreshed: 5 start(s), 2 end(s) (geo=281184, diaspora=True)
2026-10-03 14:05:25 [INFO] detector: Config updated remotely (keys=['SHABBAT_DETECTOR'])
2026-10-03 14:14:18 [INFO] shabbat_detector.cycle_analyzer: Cycle complete: 612s, up_stops=['-2', '-1', '0', '3'], down_stops=['11', '10', '9', '8', '7', '6', '5', '4', '3', '1', '0', '-1']
2026-10-03 14:14:18 [INFO] detector: AutoLearner: suggestion from 1957 cycles (consistency=0.01, cv=0.342)
2026-10-03 14:14:19 [INFO] detector: Config updated remotely (keys=['SHABBAT_DETECTOR'])
2026-10-03 14:15:22 [INFO] shabbat_detector.hebcal_gate: Hebcal refreshed: 5 start(s), 2 end(s) (geo=281184, diaspora=True)
2026-10-03 14:15:23 [INFO] detector: Config updated remotely (keys=['SHABBAT_DETECTOR'])
2026-10-03 14:24:26 [INFO] shabbat_detector.cycle_analyzer: Cycle complete: 606s, up_stops=['-2', '-1', '0'], down_stops=['11', '10', '8', '7', '5', '4', '3', '2', '1', '0', '-1', '-2']
2026-10-03 14:24:26 [INFO] detector: AutoLearner: suggestion from 1958 cycles (consistency=0.01, cv=0.342)
2026-10-03 14:24:32 [INFO] detector: Config updated remotely (keys=['SHABBAT_DETECTOR'])
2026-10-03 14:25:24 [INFO] shabbat_detector.hebcal_gate: Hebcal refreshed: 5 start(s), 2 end(s) (geo=281184, diaspora=True)
2026-10-03 14:25:32 [INFO] detector: Config updated remotely (keys=['SHABBAT_DETECTOR'])
2026-10-03 14:35:02 [INFO] shabbat_detector.cycle_analyzer: Cycle complete: 610s, up_stops=['-2', '-1', '0'], down_stops=['11', '10', '9', '8', '7', '6', '5', '4', '3', '2', '1', '0', '-1', '-2']
2026-10-03 14:35:02 [INFO] detector: AutoLearner: suggestion from 1959 cycles (consistency=0.01, cv=0.342)
2026-10-03 14:35:03 [INFO] detector: Config updated remotely (keys=['SHABBAT_DETECTOR'])
2026-10-03 14:35:25 [INFO] shabbat_detector.hebcal_gate: Hebcal refreshed: 5 start(s), 2 end(s) (geo=281184, diaspora=True)
2026-10-03 14:35:33 [INFO] detector: Config updated remotely (keys=['SHABBAT_DETECTOR'])
2026-10-03 14:44:46 [INFO] shabbat_detector.cycle_analyzer: Cycle complete: 610s, up_stops=['-2', '-1', '0'], down_stops=['11', '10', '8', '7', '6', '5', '4', '3', '2', '1', '0', '-1']
2026-10-03 14:44:47 [INFO] detector: AutoLearner: suggestion from 1960 cycles (consistency=0.01, cv=0.342)
2026-10-03 14:44:47 [INFO] detector: Config updated remotely (keys=['SHABBAT_DETECTOR'])
2026-10-03 14:45:26 [INFO] shabbat_detector.hebcal_gate: Hebcal refreshed: 5 start(s), 2 end(s) (geo=281184, diaspora=True)
2026-10-03 14:45:47 [INFO] detector: Config updated remotely (keys=['SHABBAT_DETECTOR'])
2026-10-03 14:55:28 [INFO] shabbat_detector.hebcal_gate: Hebcal refreshed: 5 start(s), 2 end(s) (geo=281184, diaspora=True)
2026-10-03 14:55:51 [INFO] shabbat_detector.cycle_analyzer: Cycle complete: 613s, up_stops=['-1', '0'], down_stops=['11', '10', '8', '7', '5', '4', '3', '1', '0', '-1', '-2']
2026-10-03 14:55:51 [INFO] detector: AutoLearner: suggestion from 1961 cycles (consistency=0.01, cv=0.342)
2026-10-03 14:55:52 [INFO] detector: Config updated remotely (keys=['SHABBAT_DETECTOR'])
2026-10-03 14:57:52 [INFO] detector: Config updated remotely (keys=['SHABBAT_DETECTOR'])
2026-10-03 15:05:07 [INFO] shabbat_detector.cycle_analyzer: Cycle complete: 609s, up_stops=['-1', '0'], down_stops=['11', '10', '8', '7', '5', '4', '3', '1', '0', '-1']
2026-10-03 15:05:07 [INFO] detector: AutoLearner: suggestion from 1962 cycles (consistency=0.01, cv=0.342)
2026-10-03 15:05:08 [INFO] detector: Config updated remotely (keys=['SHABBAT_DETECTOR'])
2026-10-03 15:05:29 [INFO] shabbat_detector.hebcal_gate: Hebcal refreshed: 5 start(s), 2 end(s) (geo=281184, diaspora=True)
2026-10-03 15:06:08 [INFO] detector: Config updated remotely (keys=['SHABBAT_DETECTOR'])
2026-10-03 15:15:20 [INFO] shabbat_detector.cycle_analyzer: Cycle complete: 613s, up_stops=['-2', '-1', '0'], down_stops=['11', '8', '7', '6', '5', '4', '3', '1', '0', '-1', '-2']
2026-10-03 15:15:21 [INFO] detector: AutoLearner: suggestion from 1963 cycles (consistency=0.01, cv=0.342)
2026-10-03 15:15:21 [INFO] detector: Config updated remotely (keys=['SHABBAT_DETECTOR'])
2026-10-03 15:15:30 [INFO] shabbat_detector.hebcal_gate: Hebcal refreshed: 5 start(s), 2 end(s) (geo=281184, diaspora=True)
2026-10-03 15:16:21 [INFO] detector: Config updated remotely (keys=['SHABBAT_DETECTOR'])
2026-10-03 15:25:28 [INFO] shabbat_detector.cycle_analyzer: Cycle complete: 607s, up_stops=['-2', '-1', '0'], down_stops=['11', '10', '8', '7', '5', '4', '3', '2', '1', '0', '-1']
2026-10-03 15:25:28 [INFO] detector: AutoLearner: suggestion from 1964 cycles (consistency=0.01, cv=0.342)
2026-10-03 15:25:28 [INFO] detector: Config updated remotely (keys=['SHABBAT_DETECTOR'])
2026-10-03 15:25:31 [INFO] shabbat_detector.hebcal_gate: Hebcal refreshed: 5 start(s), 2 end(s) (geo=281184, diaspora=True)
2026-10-03 15:26:28 [INFO] detector: Config updated remotely (keys=['SHABBAT_DETECTOR'])
2026-10-03 15:35:33 [INFO] shabbat_detector.hebcal_gate: Hebcal refreshed: 5 start(s), 2 end(s) (geo=281184, diaspora=True)
2026-10-03 15:36:19 [INFO] shabbat_detector.cycle_analyzer: Cycle complete: 625s, up_stops=['-2', '-1', '0', '6'], down_stops=['11', '10', '9', '8', '7', '6', '5', '4', '3', '1', '0', '-1']
2026-10-03 15:36:19 [INFO] detector: AutoLearner: suggestion from 1965 cycles (consistency=0.01, cv=0.342)
2026-10-03 15:36:20 [INFO] detector: Config updated remotely (keys=['SHABBAT_DETECTOR'])
2026-10-03 15:38:19 [INFO] detector: Config updated remotely (keys=['SHABBAT_DETECTOR'])
2026-10-03 15:45:34 [INFO] shabbat_detector.hebcal_gate: Hebcal refreshed: 5 start(s), 2 end(s) (geo=281184, diaspora=True)
2026-10-03 15:46:31 [INFO] shabbat_detector.cycle_analyzer: Cycle complete: 611s, up_stops=['-2', '-1', '0'], down_stops=['11', '10', '9', '8', '7', '5', '4', '3', '1', '0', '-1', '-2']
2026-10-03 15:46:31 [INFO] detector: AutoLearner: suggestion from 1966 cycles (consistency=0.01, cv=0.342)
2026-10-03 15:46:37 [INFO] detector: Config updated remotely (keys=['SHABBAT_DETECTOR'])
2026-10-03 15:48:37 [INFO] detector: Config updated remotely (keys=['SHABBAT_DETECTOR'])
2026-10-03 15:55:38 [INFO] shabbat_detector.hebcal_gate: Hebcal refreshed: 5 start(s), 2 end(s) (geo=281184, diaspora=True)
2026-10-03 15:56:12 [INFO] shabbat_detector.cycle_analyzer: Cycle complete: 610s, up_stops=['-1', '0'], down_stops=['11', '10', '9', '8', '7', '6', '5', '4', '3', '2', '1', '0', '-1', '-2']
2026-10-03 15:56:12 [INFO] detector: AutoLearner: suggestion from 1967 cycles (consistency=0.01, cv=0.342)
2026-10-03 15:56:12 [INFO] detector: Config updated remotely (keys=['SHABBAT_DETECTOR'])
2026-10-03 15:56:43 [INFO] detector: Config updated remotely (keys=['SHABBAT_DETECTOR'])
2026-10-03 16:05:45 [INFO] shabbat_detector.hebcal_gate: Hebcal refreshed: 5 start(s), 2 end(s) (geo=281184, diaspora=True)
2026-10-03 16:07:28 [INFO] shabbat_detector.cycle_analyzer: Cycle complete: 614s, up_stops=['-2', '-1', '0'], down_stops=['11', '10', '9', '8', '7', '6', '5', '4', '3', '1', '0', '-1', '-2']
2026-10-03 16:07:28 [INFO] detector: AutoLearner: suggestion from 1968 cycles (consistency=0.01, cv=0.342)
2026-10-03 16:07:29 [INFO] detector: Config updated remotely (keys=['SHABBAT_DETECTOR'])
2026-10-03 16:08:58 [INFO] detector: Config updated remotely (keys=['SHABBAT_DETECTOR'])
2026-10-03 16:15:47 [INFO] shabbat_detector.hebcal_gate: Hebcal refreshed: 5 start(s), 2 end(s) (geo=281184, diaspora=True)
2026-10-03 16:16:33 [INFO] shabbat_detector.cycle_analyzer: Cycle complete: 606s, up_stops=['-1', '0'], down_stops=['11', '10', '9', '8', '7', '5', '4', '3', '1', '0', '-1', '-2']
2026-10-03 16:16:34 [INFO] detector: AutoLearner: suggestion from 1969 cycles (consistency=0.01, cv=0.342)
2026-10-03 16:16:34 [INFO] detector: Config updated remotely (keys=['SHABBAT_DETECTOR'])
2026-10-03 16:19:04 [INFO] detector: Config updated remotely (keys=['SHABBAT_DETECTOR'])
2026-10-03 16:25:48 [INFO] shabbat_detector.hebcal_gate: Hebcal refreshed: 5 start(s), 2 end(s) (geo=281184, diaspora=True)
2026-10-03 16:27:10 [INFO] shabbat_detector.cycle_analyzer: Cycle complete: 615s, up_stops=['-2', '-1', '0'], down_stops=['11', '10', '8', '7', '5', '4', '3', '1', '0', '-1']
2026-10-03 16:27:11 [INFO] detector: AutoLearner: suggestion from 1970 cycles (consistency=0.01, cv=0.342)
2026-10-03 16:27:11 [INFO] detector: Config updated remotely (keys=['SHABBAT_DETECTOR'])
2026-10-03 16:29:11 [INFO] detector: Config updated remotely (keys=['SHABBAT_DETECTOR'])
2026-10-03 16:35:49 [INFO] shabbat_detector.hebcal_gate: Hebcal refreshed: 5 start(s), 2 end(s) (geo=281184, diaspora=True)
2026-10-03 16:37:33 [INFO] shabbat_detector.cycle_analyzer: Cycle complete: 609s, up_stops=['-2', '-1', '0'], down_stops=['11', '10', '8', '7', '5', '4', '3', '2', '1', '0', '-1', '-2']
2026-10-03 16:37:34 [INFO] detector: AutoLearner: suggestion from 1971 cycles (consistency=0.01, cv=0.342)
2026-10-03 16:37:34 [INFO] detector: Config updated remotely (keys=['SHABBAT_DETECTOR'])
2026-10-03 16:39:34 [INFO] detector: Config updated remotely (keys=['SHABBAT_DETECTOR'])
2026-10-03 16:45:50 [INFO] shabbat_detector.hebcal_gate: Hebcal refreshed: 5 start(s), 2 end(s) (geo=281184, diaspora=True)
2026-10-03 16:47:09 [INFO] shabbat_detector.cycle_analyzer: Cycle complete: 609s, up_stops=['-1', '1'], down_stops=['11', '10', '9', '8', '7', '6', '5', '4', '3', '1', '0', '-1']
2026-10-03 16:47:39 [INFO] detector: Config updated remotely (keys=['SHABBAT_DETECTOR'])
2026-10-03 16:55:52 [INFO] shabbat_detector.hebcal_gate: Hebcal refreshed: 5 start(s), 2 end(s) (geo=281184, diaspora=True)
2026-10-03 16:57:22 [INFO] shabbat_detector.cycle_analyzer: Cycle complete: 609s, up_stops=['-2', '-1', '0'], down_stops=['11', '10', '9', '8', '7', '6', '5', '4', '3', '1', '0', '-1']
2026-10-03 16:57:22 [INFO] detector: AutoLearner: suggestion from 1972 cycles (consistency=0.01, cv=0.342)
2026-10-03 16:57:23 [INFO] detector: Config updated remotely (keys=['SHABBAT_DETECTOR'])
2026-10-03 16:57:52 [INFO] detector: Config updated remotely (keys=['SHABBAT_DETECTOR'])
2026-10-03 17:05:54 [INFO] shabbat_detector.hebcal_gate: Hebcal refreshed: 5 start(s), 2 end(s) (geo=281184, diaspora=True)
2026-10-03 17:07:34 [INFO] shabbat_detector.cycle_analyzer: Cycle complete: 610s, up_stops=['-2', '-1', '0'], down_stops=['11', '10', '8', '7', '6', '5', '4', '3', '1', '0', '-1']
2026-10-03 17:07:39 [INFO] detector: AutoLearner: suggestion from 1973 cycles (consistency=0.01, cv=0.342)
2026-10-03 17:07:39 [INFO] detector: Config updated remotely (keys=['SHABBAT_DETECTOR'])
2026-10-03 17:08:09 [INFO] detector: Config updated remotely (keys=['SHABBAT_DETECTOR'])
2026-10-03 17:15:55 [INFO] shabbat_detector.hebcal_gate: Hebcal refreshed: 5 start(s), 2 end(s) (geo=281184, diaspora=True)
2026-10-03 17:17:30 [INFO] shabbat_detector.cycle_analyzer: Cycle complete: 604s, up_stops=['-2', '-1', '0'], down_stops=['11', '10', '8', '7', '5', '4', '3', '2', '1', '0', '-1']
2026-10-03 17:17:30 [INFO] detector: AutoLearner: suggestion from 1974 cycles (consistency=0.01, cv=0.342)
2026-10-03 17:17:31 [INFO] detector: Config updated remotely (keys=['SHABBAT_DETECTOR'])
2026-10-03 17:19:00 [INFO] detector: Config updated remotely (keys=['SHABBAT_DETECTOR'])
2026-10-03 17:25:57 [INFO] shabbat_detector.hebcal_gate: Hebcal refreshed: 5 start(s), 2 end(s) (geo=281184, diaspora=True)
2026-10-03 17:27:47 [INFO] shabbat_detector.cycle_analyzer: Cycle complete: 609s, up_stops=['-1', '0', '1'], down_stops=['11', '9', '8', '7', '6', '5', '3', '2', '1', '0', '-1']
2026-10-03 17:27:47 [INFO] detector: AutoLearner: suggestion from 1975 cycles (consistency=0.01, cv=0.342)
2026-10-03 17:27:48 [INFO] detector: Config updated remotely (keys=['SHABBAT_DETECTOR'])
2026-10-03 17:28:48 [INFO] detector: Config updated remotely (keys=['SHABBAT_DETECTOR'])
2026-10-03 17:35:58 [INFO] shabbat_detector.hebcal_gate: Hebcal refreshed: 5 start(s), 2 end(s) (geo=281184, diaspora=True)
2026-10-03 17:37:49 [INFO] shabbat_detector.cycle_analyzer: Cycle complete: 610s, up_stops=['-2', '-1', '0'], down_stops=['11', '10', '8', '7', '5', '4', '3', '1', '0', '-1']
2026-10-03 17:37:49 [INFO] detector: AutoLearner: suggestion from 1976 cycles (consistency=0.01, cv=0.342)
2026-10-03 17:37:50 [INFO] detector: Config updated remotely (keys=['SHABBAT_DETECTOR'])
2026-10-03 17:38:50 [INFO] detector: Config updated remotely (keys=['SHABBAT_DETECTOR'])
2026-10-03 17:45:59 [INFO] shabbat_detector.hebcal_gate: Hebcal refreshed: 5 start(s), 2 end(s) (geo=281184, diaspora=True)
2026-10-03 17:48:30 [INFO] shabbat_detector.cycle_analyzer: Cycle complete: 612s, up_stops=['-2', '-1', '0'], down_stops=['11', '10', '9', '8', '7', '6', '5', '4', '3', '1', '0', '-1']
2026-10-03 17:48:30 [INFO] detector: AutoLearner: suggestion from 1977 cycles (consistency=0.01, cv=0.342)
2026-10-03 17:48:31 [INFO] detector: Config updated remotely (keys=['SHABBAT_DETECTOR'])
2026-10-03 17:49:00 [INFO] detector: Config updated remotely (keys=['SHABBAT_DETECTOR'])
2026-10-03 17:56:01 [INFO] shabbat_detector.hebcal_gate: Hebcal refreshed: 5 start(s), 2 end(s) (geo=281184, diaspora=True)
2026-10-03 17:58:19 [INFO] shabbat_detector.cycle_analyzer: Cycle complete: 615s, up_stops=['-2', '-1', '0'], down_stops=['11', '10', '8', '7', '5', '4', '3', '1', '0']
2026-10-03 17:58:20 [INFO] detector: AutoLearner: suggestion from 1978 cycles (consistency=0.01, cv=0.343)
2026-10-03 17:58:20 [INFO] detector: Config updated remotely (keys=['SHABBAT_DETECTOR'])
2026-10-03 17:59:51 [INFO] detector: Config updated remotely (keys=['SHABBAT_DETECTOR'])
2026-10-03 18:06:02 [INFO] shabbat_detector.hebcal_gate: Hebcal refreshed: 5 start(s), 2 end(s) (geo=281184, diaspora=True)
2026-10-03 18:08:22 [INFO] shabbat_detector.cycle_analyzer: Cycle complete: 606s, up_stops=['-2', '-1', '0'], down_stops=['11', '10', '8', '7', '6', '5', '4', '3', '1', '0', '-1', '-2']
2026-10-03 18:08:27 [INFO] detector: AutoLearner: suggestion from 1979 cycles (consistency=0.01, cv=0.343)
2026-10-03 18:08:28 [INFO] detector: Config updated remotely (keys=['SHABBAT_DETECTOR'])
2026-10-03 18:09:28 [INFO] detector: Config updated remotely (keys=['SHABBAT_DETECTOR'])
2026-10-03 18:16:03 [INFO] shabbat_detector.hebcal_gate: Hebcal refreshed: 5 start(s), 2 end(s) (geo=281184, diaspora=True)
2026-10-03 18:18:36 [INFO] shabbat_detector.cycle_analyzer: Cycle complete: 609s, up_stops=['-2', '-1', '0'], down_stops=['11', '10', '9', '8', '7', '6', '5', '4', '3', '1', '-1']
2026-10-03 18:18:36 [INFO] detector: AutoLearner: suggestion from 1980 cycles (consistency=0.01, cv=0.343)
2026-10-03 18:18:46 [ERROR] shabbat_detector.firebase_client: Failed to patch elevator config: HTTPSConnectionPool(host='ramada-elev-default-rtdb.europe-west1.firebasedatabase.app', port=443): Max retries exceeded with url: /elevator_configs/B.json (Caused by NameResolutionError("HTTPSConnection(host='ramada-elev-default-rtdb.europe-west1.firebasedatabase.app', port=443): Failed to resolve 'ramada-elev-default-rtdb.europe-west1.firebasedatabase.app' ([Errno -3] Temporary failure in name resolution)"))
2026-10-03 18:19:36 [INFO] detector: Config updated remotely (keys=['SHABBAT_DETECTOR'])
2026-10-03 18:26:04 [INFO] shabbat_detector.hebcal_gate: Hebcal refreshed: 5 start(s), 2 end(s) (geo=281184, diaspora=True)
2026-10-03 18:29:00 [INFO] shabbat_detector.cycle_analyzer: Cycle complete: 611s, up_stops=['-2', '-1', '0'], down_stops=['11', '10', '8', '7', '5', '4', '3', '1', '0', '-1']
2026-10-03 18:29:00 [INFO] detector: AutoLearner: suggestion from 1981 cycles (consistency=0.01, cv=0.343)
2026-10-03 18:29:01 [INFO] detector: Config updated remotely (keys=['SHABBAT_DETECTOR'])
2026-10-03 18:30:31 [INFO] detector: Config updated remotely (keys=['SHABBAT_DETECTOR'])
2026-10-03 18:36:05 [INFO] shabbat_detector.hebcal_gate: Hebcal refreshed: 5 start(s), 2 end(s) (geo=281184, diaspora=True)
2026-10-03 18:40:20 [INFO] shabbat_detector.cycle_analyzer: Cycle complete: 609s, up_stops=['-2', '-1', '0', '3'], down_stops=['11', '10', '9', '8', '7', '6', '5', '4', '3', '1', '0', '-1']
2026-10-03 18:40:21 [INFO] detector: AutoLearner: suggestion from 1982 cycles (consistency=0.01, cv=0.343)
2026-10-03 18:40:22 [INFO] detector: Config updated remotely (keys=['SHABBAT_DETECTOR'])
2026-10-03 18:42:21 [INFO] detector: Config updated remotely (keys=['SHABBAT_DETECTOR'])
2026-10-03 18:46:07 [INFO] shabbat_detector.hebcal_gate: Hebcal refreshed: 5 start(s), 2 end(s) (geo=281184, diaspora=True)
2026-10-03 18:49:54 [INFO] shabbat_detector.cycle_analyzer: Cycle complete: 609s, up_stops=['0'], down_stops=['11', '10', '8', '7', '6', '5', '4', '3', '2', '1', '0', '-1', '-2']
2026-10-03 18:51:24 [INFO] detector: Config updated remotely (keys=['SHABBAT_DETECTOR'])
2026-10-03 18:56:08 [INFO] shabbat_detector.hebcal_gate: Hebcal refreshed: 5 start(s), 2 end(s) (geo=281184, diaspora=True)
2026-10-03 18:59:16 [INFO] shabbat_detector.cycle_analyzer: Cycle complete: 610s, up_stops=['-1', '0', '1'], down_stops=['11', '10', '8', '7', '5', '4', '3', '2', '1', '0', '-1', '-2']
2026-10-03 18:59:16 [INFO] detector: AutoLearner: suggestion from 1983 cycles (consistency=0.01, cv=0.343)
2026-10-03 18:59:17 [INFO] detector: Config updated remotely (keys=['SHABBAT_DETECTOR'])
2026-10-03 19:01:17 [INFO] detector: Config updated remotely (keys=['SHABBAT_DETECTOR'])
2026-10-03 19:06:09 [INFO] shabbat_detector.hebcal_gate: Hebcal refreshed: 5 start(s), 2 end(s) (geo=281184, diaspora=True)
2026-10-03 19:09:28 [INFO] shabbat_detector.cycle_analyzer: Cycle complete: 613s, up_stops=['-2', '-1', '0'], down_stops=['11', '10', '8', '7', '6', '5', '4', '3', '1', '0', '-1']
2026-10-03 19:09:28 [INFO] detector: AutoLearner: suggestion from 1984 cycles (consistency=0.01, cv=0.343)
2026-10-03 19:09:29 [INFO] detector: Config updated remotely (keys=['SHABBAT_DETECTOR'])
2026-10-03 19:11:29 [INFO] detector: Config updated remotely (keys=['SHABBAT_DETECTOR'])
2026-10-03 19:16:11 [INFO] shabbat_detector.hebcal_gate: Hebcal refreshed: 5 start(s), 2 end(s) (geo=281184, diaspora=True)
2026-10-03 19:19:59 [INFO] shabbat_detector.cycle_analyzer: Cycle complete: 623s, up_stops=['-2', '-1', '0'], down_stops=['11', '10', '9', '8', '7', '5', '4', '3', '1', '0', '-1', '-2']
2026-10-03 19:19:59 [INFO] detector: AutoLearner: suggestion from 1985 cycles (consistency=0.01, cv=0.343)
2026-10-03 19:19:59 [INFO] detector: Config updated remotely (keys=['SHABBAT_DETECTOR'])
2026-10-03 19:21:59 [INFO] detector: Config updated remotely (keys=['SHABBAT_DETECTOR'])
2026-10-03 19:26:12 [INFO] shabbat_detector.hebcal_gate: Hebcal refreshed: 5 start(s), 2 end(s) (geo=281184, diaspora=True)
2026-10-03 19:30:21 [INFO] shabbat_detector.cycle_analyzer: Cycle complete: 609s, up_stops=['-2', '-1', '0'], down_stops=['11', '8', '7', '6', '5', '4', '3', '1', '0', '-1', '-2']
2026-10-03 19:30:21 [INFO] detector: AutoLearner: suggestion from 1986 cycles (consistency=0.01, cv=0.343)
2026-10-03 19:30:22 [INFO] detector: Config updated remotely (keys=['SHABBAT_DETECTOR'])
2026-10-03 19:32:21 [INFO] detector: Config updated remotely (keys=['SHABBAT_DETECTOR'])
2026-10-03 19:36:13 [INFO] shabbat_detector.hebcal_gate: Hebcal refreshed: 5 start(s), 2 end(s) (geo=281184, diaspora=True)
2026-10-03 19:40:34 [INFO] shabbat_detector.cycle_analyzer: Cycle complete: 609s, up_stops=['-2', '-1', '0'], down_stops=['11', '10', '9', '8', '7', '6', '5', '4', '3', '1', '0', '-1', '-2']
2026-10-03 19:40:35 [INFO] detector: AutoLearner: suggestion from 1987 cycles (consistency=0.01, cv=0.343)
2026-10-03 19:40:35 [INFO] detector: Config updated remotely (keys=['SHABBAT_DETECTOR'])
2026-10-03 19:42:05 [INFO] detector: Config updated remotely (keys=['SHABBAT_DETECTOR'])
2026-10-03 19:46:15 [INFO] shabbat_detector.hebcal_gate: Hebcal refreshed: 5 start(s), 2 end(s) (geo=281184, diaspora=True)
2026-10-03 19:51:20 [INFO] shabbat_detector.cycle_analyzer: Cycle complete: 611s, up_stops=['-1', '0'], down_stops=['11', '10', '8', '7', '5', '4', '3', '2', '1', '0', '-1']
2026-10-03 19:51:20 [INFO] detector: AutoLearner: suggestion from 1988 cycles (consistency=0.01, cv=0.343)
2026-10-03 19:51:21 [INFO] detector: Config updated remotely (keys=['SHABBAT_DETECTOR'])
2026-10-03 19:52:21 [INFO] detector: Config updated remotely (keys=['SHABBAT_DETECTOR'])
2026-10-03 19:56:16 [INFO] shabbat_detector.hebcal_gate: Hebcal refreshed: 5 start(s), 2 end(s) (geo=281184, diaspora=True)
2026-10-03 20:00:29 [INFO] shabbat_detector.cycle_analyzer: Cycle complete: 612s, up_stops=['-1', '0'], down_stops=['11', '10', '8', '7', '5', '4', '3', '1', '0', '-1', '-2']
2026-10-03 20:00:30 [INFO] detector: AutoLearner: suggestion from 1989 cycles (consistency=0.01, cv=0.343)
2026-10-03 20:00:30 [INFO] detector: Config updated remotely (keys=['SHABBAT_DETECTOR'])
2026-10-03 20:02:30 [INFO] detector: Config updated remotely (keys=['SHABBAT_DETECTOR'])
2026-10-03 20:06:18 [INFO] shabbat_detector.hebcal_gate: Hebcal refreshed: 5 start(s), 2 end(s) (geo=281184, diaspora=True)
2026-10-03 20:11:19 [INFO] shabbat_detector.cycle_analyzer: Cycle complete: 622s, up_stops=['-2', '-1', '0'], down_stops=['11', '10', '8', '7', '6', '5', '4', '3', '1', '0', '-1', '-2']
2026-10-03 20:11:20 [INFO] detector: AutoLearner: suggestion from 1990 cycles (consistency=0.01, cv=0.343)
2026-10-03 20:11:20 [INFO] detector: Config updated remotely (keys=['SHABBAT_DETECTOR'])
2026-10-03 20:12:50 [INFO] detector: Config updated remotely (keys=['SHABBAT_DETECTOR'])
2026-10-03 20:16:19 [INFO] shabbat_detector.hebcal_gate: Hebcal refreshed: 5 start(s), 2 end(s) (geo=281184, diaspora=True)
2026-10-03 20:21:29 [INFO] shabbat_detector.cycle_analyzer: Cycle complete: 610s, up_stops=['-1', '0'], down_stops=['11', '10', '9', '8', '7', '6', '5', '4', '3', '2', '1', '0', '-1', '-2']
2026-10-03 20:21:29 [INFO] detector: AutoLearner: suggestion from 1991 cycles (consistency=0.01, cv=0.343)
2026-10-03 20:21:30 [INFO] detector: Config updated remotely (keys=['SHABBAT_DETECTOR'])
2026-10-03 20:23:00 [INFO] detector: Config updated remotely (keys=['SHABBAT_DETECTOR'])
2026-10-03 20:26:20 [INFO] shabbat_detector.hebcal_gate: Hebcal refreshed: 5 start(s), 2 end(s) (geo=281184, diaspora=True)
2026-10-03 20:31:43 [INFO] shabbat_detector.cycle_analyzer: Cycle complete: 615s, up_stops=['-1', '0'], down_stops=['11', '10', '8', '7', '6', '5', '4', '3', '2', '1', '0', '-1']
2026-10-03 20:31:44 [INFO] detector: AutoLearner: suggestion from 1992 cycles (consistency=0.01, cv=0.343)
2026-10-03 20:31:44 [INFO] detector: Config updated remotely (keys=['SHABBAT_DETECTOR'])
2026-10-03 20:33:14 [INFO] detector: Config updated remotely (keys=['SHABBAT_DETECTOR'])
2026-10-03 20:36:21 [INFO] shabbat_detector.hebcal_gate: Hebcal refreshed: 5 start(s), 2 end(s) (geo=281184, diaspora=True)
2026-10-03 20:41:34 [INFO] shabbat_detector.cycle_analyzer: Cycle complete: 612s, up_stops=['-1', '0'], down_stops=['11', '10', '9', '8', '7', '6', '5', '4', '3', '1', '-1']
2026-10-03 20:41:35 [INFO] detector: AutoLearner: suggestion from 1993 cycles (consistency=0.01, cv=0.343)
2026-10-03 20:41:36 [INFO] detector: Config updated remotely (keys=['SHABBAT_DETECTOR'])
2026-10-03 20:43:36 [INFO] detector: Config updated remotely (keys=['SHABBAT_DETECTOR'])
2026-10-03 20:46:23 [INFO] shabbat_detector.hebcal_gate: Hebcal refreshed: 5 start(s), 2 end(s) (geo=281184, diaspora=True)
2026-10-03 20:52:08 [INFO] shabbat_detector.cycle_analyzer: Cycle complete: 613s, up_stops=['-2', '-1', '0'], down_stops=['11', '10', '8', '7', '6', '5', '4', '3', '1', '0', '-1', '-2']
2026-10-03 20:52:09 [INFO] detector: AutoLearner: suggestion from 1994 cycles (consistency=0.01, cv=0.343)
2026-10-03 20:52:10 [INFO] detector: Config updated remotely (keys=['SHABBAT_DETECTOR'])
2026-10-03 20:53:39 [INFO] detector: Config updated remotely (keys=['SHABBAT_DETECTOR'])
2026-10-03 20:56:24 [INFO] shabbat_detector.hebcal_gate: Hebcal refreshed: 5 start(s), 2 end(s) (geo=281184, diaspora=True)
2026-10-03 21:01:54 [INFO] shabbat_detector.cycle_analyzer: Cycle complete: 611s, up_stops=['-1', '0'], down_stops=['11', '10', '8', '7', '5', '4', '3', '1', '0', '-1', '-2']
2026-10-03 21:01:55 [INFO] detector: AutoLearner: suggestion from 1995 cycles (consistency=0.01, cv=0.343)
2026-10-03 21:02:01 [INFO] detector: Config updated remotely (keys=['SHABBAT_DETECTOR'])
2026-10-03 21:04:00 [INFO] detector: Config updated remotely (keys=['SHABBAT_DETECTOR'])
2026-10-03 21:06:26 [INFO] shabbat_detector.hebcal_gate: Hebcal refreshed: 5 start(s), 2 end(s) (geo=281184, diaspora=True)
2026-10-03 21:12:27 [INFO] shabbat_detector.cycle_analyzer: Cycle complete: 610s, up_stops=['-2', '-1', '0'], down_stops=['11', '10', '8', '7', '6', '5', '4', '3', '2', '1', '0', '-1']
2026-10-03 21:12:28 [INFO] detector: AutoLearner: suggestion from 1996 cycles (consistency=0.01, cv=0.343)
2026-10-03 21:12:28 [INFO] detector: Config updated remotely (keys=['SHABBAT_DETECTOR'])
2026-10-03 21:14:28 [INFO] detector: Config updated remotely (keys=['SHABBAT_DETECTOR'])
2026-10-03 21:16:27 [INFO] shabbat_detector.hebcal_gate: Hebcal refreshed: 5 start(s), 2 end(s) (geo=281184, diaspora=True)
2026-10-03 21:22:08 [INFO] shabbat_detector.cycle_analyzer: Cycle complete: 609s, up_stops=['-1', '0'], down_stops=['11', '9', '8', '7', '6', '5', '4', '3', '1', '0', '-1', '-2']
2026-10-03 21:22:09 [INFO] detector: AutoLearner: suggestion from 1997 cycles (consistency=0.01, cv=0.343)
2026-10-03 21:22:14 [INFO] detector: Config updated remotely (keys=['SHABBAT_DETECTOR'])
2026-10-03 21:22:44 [INFO] detector: Config updated remotely (keys=['SHABBAT_DETECTOR'])
2026-10-03 21:26:29 [INFO] shabbat_detector.hebcal_gate: Hebcal refreshed: 5 start(s), 2 end(s) (geo=281184, diaspora=True)
2026-10-03 21:32:48 [INFO] shabbat_detector.cycle_analyzer: Cycle complete: 610s, up_stops=['-2', '-1', '0'], down_stops=['11', '10', '9', '8', '7', '5', '4', '3', '2', '1', '0', '-1']
2026-10-03 21:32:49 [INFO] detector: AutoLearner: suggestion from 1998 cycles (consistency=0.01, cv=0.343)
2026-10-03 21:32:49 [INFO] detector: Config updated remotely (keys=['SHABBAT_DETECTOR'])
2026-10-03 21:34:49 [INFO] detector: Config updated remotely (keys=['SHABBAT_DETECTOR'])
2026-10-03 21:36:30 [INFO] shabbat_detector.hebcal_gate: Hebcal refreshed: 5 start(s), 2 end(s) (geo=281184, diaspora=True)
2026-10-03 21:42:29 [INFO] shabbat_detector.cycle_analyzer: Cycle complete: 608s, up_stops=['-1', '0'], down_stops=['11', '10', '8', '7', '6', '5', '4', '3', '1', '0', '-1', '-2']
2026-10-03 21:42:30 [INFO] detector: AutoLearner: suggestion from 1999 cycles (consistency=0.01, cv=0.343)
2026-10-03 21:42:30 [INFO] detector: Config updated remotely (keys=['SHABBAT_DETECTOR'])
2026-10-03 21:43:00 [INFO] detector: Config updated remotely (keys=['SHABBAT_DETECTOR'])
2026-10-03 21:46:32 [INFO] shabbat_detector.hebcal_gate: Hebcal refreshed: 5 start(s), 2 end(s) (geo=281184, diaspora=True)
2026-10-03 21:53:09 [INFO] shabbat_detector.cycle_analyzer: Cycle complete: 609s, up_stops=['-2', '-1', '0'], down_stops=['11', '10', '9', '8', '7', '6', '5', '4', '3', '1', '0', '-1']
2026-10-03 21:53:14 [INFO] detector: AutoLearner: suggestion from 2000 cycles (consistency=0.01, cv=0.343)
2026-10-03 21:53:15 [INFO] detector: Config updated remotely (keys=['SHABBAT_DETECTOR'])
2026-10-03 21:55:45 [INFO] detector: Config updated remotely (keys=['SHABBAT_DETECTOR'])
2026-10-03 21:56:33 [INFO] shabbat_detector.hebcal_gate: Hebcal refreshed: 5 start(s), 2 end(s) (geo=281184, diaspora=True)
2026-10-03 22:06:35 [INFO] shabbat_detector.hebcal_gate: Hebcal refreshed: 5 start(s), 2 end(s) (geo=281184, diaspora=True)
2026-10-03 22:16:36 [INFO] shabbat_detector.hebcal_gate: Hebcal refreshed: 5 start(s), 2 end(s) (geo=281184, diaspora=True)
2026-10-03 22:19:39 [WARNING] shabbat_detector.cycle_analyzer: Unexpected: touched opposite terminal again in leg 2
2026-10-03 22:26:37 [INFO] shabbat_detector.hebcal_gate: Hebcal refreshed: 5 start(s), 2 end(s) (geo=281184, diaspora=True)
2026-10-03 22:27:23 [INFO] shabbat_detector.cycle_analyzer: Cycle complete: 2071s, up_stops=['-1', '0'], down_stops=['11', '10', '9', '8', '7', '5', '4', '3', '1', '0', '-1', '10', '1', '-1', '1', '-1', '3', '4', '-1', '3', '7', '9', '-1', '0', '11', '9', '8', '7', '6', '5', '4', '3', '1', '0', '-1', '-2']
2026-10-03 22:27:23 [INFO] shabbat_detector.fsm: [B] DetectorState.SHABBAT → DetectorState.CANDIDATE_EXIT
2026-10-03 22:27:23 [INFO] detector: SHABBAT TRANSITION SHABBAT -> CANDIDATE_EXIT | סיבה: 1 מחזורים חריגים ברצף - ממתין לאישור יציאה
2026-10-03 22:29:54 [INFO] detector: Config updated remotely (keys=['SHABBAT_DETECTOR'])
2026-10-03 22:36:39 [INFO] shabbat_detector.hebcal_gate: Hebcal refreshed: 5 start(s), 2 end(s) (geo=281184, diaspora=True)
2026-10-03 22:37:44 [INFO] shabbat_detector.cycle_analyzer: Cycle complete: 610s, up_stops=['-2', '-1', '0', '9'], down_stops=['11', '10', '9', '8', '7', '5', '4', '3', '1', '0', '-1']
2026-10-03 22:37:44 [INFO] shabbat_detector.fsm: [B] DetectorState.CANDIDATE_EXIT → DetectorState.SHABBAT
2026-10-03 22:37:44 [INFO] detector: SHABBAT TRANSITION CANDIDATE_EXIT -> SHABBAT | סיבה: מחזור תקין - חזרה למצב שבת
2026-10-03 22:37:45 [INFO] detector: AutoLearner: suggestion from 2001 cycles (consistency=0.01, cv=0.343)
2026-10-03 22:37:45 [INFO] detector: Config updated remotely (keys=['SHABBAT_DETECTOR'])
2026-10-03 22:38:45 [INFO] detector: Config updated remotely (keys=['SHABBAT_DETECTOR'])
2026-10-03 22:46:40 [INFO] shabbat_detector.hebcal_gate: Hebcal refreshed: 5 start(s), 2 end(s) (geo=281184, diaspora=True)
2026-10-03 22:47:31 [INFO] shabbat_detector.cycle_analyzer: Cycle complete: 613s, up_stops=['-2', '-1', '0'], down_stops=['11', '10', '8', '7', '6', '5', '4', '3', '1', '0', '-1', '-2']
2026-10-03 22:47:38 [INFO] detector: AutoLearner: suggestion from 2002 cycles (consistency=0.01, cv=0.343)
2026-10-03 22:47:39 [INFO] detector: Config updated remotely (keys=['SHABBAT_DETECTOR'])
2026-10-03 22:49:09 [INFO] detector: Config updated remotely (keys=['SHABBAT_DETECTOR'])
2026-10-03 22:56:42 [INFO] shabbat_detector.hebcal_gate: Hebcal refreshed: 5 start(s), 2 end(s) (geo=281184, diaspora=True)
2026-10-03 22:57:55 [INFO] shabbat_detector.cycle_analyzer: Cycle complete: 611s, up_stops=['-2', '-1', '0'], down_stops=['11', '10', '9', '8', '7', '6', '5', '4', '3', '1', '0', '-1']
2026-10-03 22:57:55 [INFO] detector: AutoLearner: suggestion from 2003 cycles (consistency=0.01, cv=0.343)
2026-10-03 22:57:56 [INFO] detector: Config updated remotely (keys=['SHABBAT_DETECTOR'])
2026-10-03 22:59:25 [INFO] detector: Config updated remotely (keys=['SHABBAT_DETECTOR'])
2026-10-03 23:06:43 [INFO] shabbat_detector.hebcal_gate: Hebcal refreshed: 5 start(s), 2 end(s) (geo=281184, diaspora=True)
2026-10-03 23:07:55 [INFO] shabbat_detector.cycle_analyzer: Cycle complete: 610s, up_stops=['-2', '-1', '0'], down_stops=['11', '10', '8', '7', '5', '4', '3', '1', '0', '-1', '-2']
2026-10-03 23:07:55 [INFO] detector: AutoLearner: suggestion from 2004 cycles (consistency=0.01, cv=0.343)
2026-10-03 23:07:56 [INFO] detector: Config updated remotely (keys=['SHABBAT_DETECTOR'])
2026-10-03 23:10:25 [INFO] detector: Config updated remotely (keys=['SHABBAT_DETECTOR'])
2026-10-03 23:16:44 [INFO] shabbat_detector.hebcal_gate: Hebcal refreshed: 5 start(s), 2 end(s) (geo=281184, diaspora=True)
2026-10-03 23:18:07 [INFO] shabbat_detector.cycle_analyzer: Cycle complete: 610s, up_stops=['-2', '-1', '0', '1'], down_stops=['11', '10', '8', '7', '5', '4', '3', '2', '1', '0', '-1', '-2']
2026-10-03 23:18:08 [INFO] detector: AutoLearner: suggestion from 2005 cycles (consistency=0.01, cv=0.343)
2026-10-03 23:18:13 [INFO] detector: Config updated remotely (keys=['SHABBAT_DETECTOR'])
2026-10-03 23:19:43 [INFO] detector: Config updated remotely (keys=['SHABBAT_DETECTOR'])
2026-10-03 23:26:46 [INFO] shabbat_detector.hebcal_gate: Hebcal refreshed: 5 start(s), 2 end(s) (geo=281184, diaspora=True)
2026-10-03 23:29:20 [INFO] shabbat_detector.cycle_analyzer: Cycle complete: 613s, up_stops=['-2', '-1', '0'], down_stops=['11', '10', '8', '7', '6', '5', '4', '3', '1', '0', '-1']
2026-10-03 23:29:20 [INFO] detector: AutoLearner: suggestion from 2006 cycles (consistency=0.01, cv=0.343)
2026-10-03 23:29:21 [INFO] detector: Config updated remotely (keys=['SHABBAT_DETECTOR'])
2026-10-03 23:30:21 [INFO] detector: Config updated remotely (keys=['SHABBAT_DETECTOR'])
2026-10-03 23:36:47 [INFO] shabbat_detector.hebcal_gate: Hebcal refreshed: 5 start(s), 2 end(s) (geo=281184, diaspora=True)
2026-10-03 23:38:55 [INFO] shabbat_detector.cycle_analyzer: Cycle complete: 612s, up_stops=['-1', '0'], down_stops=['11', '10', '8', '7', '6', '5', '4', '3', '2', '1', '0', '-1']
2026-10-03 23:38:55 [INFO] detector: AutoLearner: suggestion from 2007 cycles (consistency=0.01, cv=0.343)
2026-10-03 23:38:56 [INFO] detector: Config updated remotely (keys=['SHABBAT_DETECTOR'])
2026-10-03 23:40:26 [INFO] detector: Config updated remotely (keys=['SHABBAT_DETECTOR'])
2026-10-03 23:46:48 [INFO] shabbat_detector.hebcal_gate: Hebcal refreshed: 5 start(s), 2 end(s) (geo=281184, diaspora=True)
2026-10-03 23:48:51 [INFO] shabbat_detector.cycle_analyzer: Cycle complete: 613s, up_stops=['-1', '0'], down_stops=['11', '10', '9', '8', '7', '6', '5', '4', '3', '1', '0', '-1', '-2']
2026-10-03 23:48:51 [INFO] detector: AutoLearner: suggestion from 2008 cycles (consistency=0.01, cv=0.343)
2026-10-03 23:48:52 [INFO] detector: Config updated remotely (keys=['SHABBAT_DETECTOR'])
2026-10-03 23:50:21 [INFO] detector: Config updated remotely (keys=['SHABBAT_DETECTOR'])
2026-10-03 23:56:49 [INFO] shabbat_detector.hebcal_gate: Hebcal refreshed: 5 start(s), 2 end(s) (geo=281184, diaspora=True)
2026-10-03 23:58:50 [INFO] shabbat_detector.cycle_analyzer: Cycle complete: 609s, up_stops=['-2', '-1', '0', '1'], down_stops=['11', '10', '8', '7', '6', '5', '4', '3', '1', '0', '-1']
2026-10-03 23:58:50 [INFO] detector: AutoLearner: suggestion from 2009 cycles (consistency=0.01, cv=0.343)
2026-10-03 23:58:51 [INFO] detector: Config updated remotely (keys=['SHABBAT_DETECTOR'])
2026-10-04 00:00:20 [INFO] detector: Config updated remotely (keys=['SHABBAT_DETECTOR'])
2026-10-04 00:06:51 [INFO] shabbat_detector.hebcal_gate: Hebcal refreshed: 5 start(s), 2 end(s) (geo=281184, diaspora=True)
2026-10-04 00:10:42 [WARNING] shabbat_detector.cycle_analyzer: Unexpected: touched opposite terminal again in leg 2
2026-10-04 00:16:52 [INFO] shabbat_detector.hebcal_gate: Hebcal refreshed: 5 start(s), 2 end(s) (geo=281184, diaspora=True)
2026-10-04 00:18:59 [INFO] shabbat_detector.cycle_analyzer: Cycle complete: 1159s, up_stops=['-2', '-1', '0'], down_stops=['11', '9', '8', '7', '6', '5', '4', '3', '1', '0', '-1', '0', '11', '8', '7', '6', '5', '4', '3', '1', '0', '-1']
2026-10-04 00:19:29 [INFO] detector: Config updated remotely (keys=['SHABBAT_DETECTOR'])
2026-10-04 00:26:53 [INFO] shabbat_detector.hebcal_gate: Hebcal refreshed: 5 start(s), 2 end(s) (geo=281184, diaspora=True)
2026-10-04 00:28:16 [INFO] shabbat_detector.cycle_analyzer: Cycle complete: 607s, up_stops=['-1', '0'], down_stops=['11', '10', '8', '7', '6', '5', '4', '3', '1', '0', '-1']
2026-10-04 00:28:17 [INFO] detector: AutoLearner: suggestion from 2010 cycles (consistency=0.01, cv=0.343)
2026-10-04 00:28:27 [ERROR] shabbat_detector.firebase_client: Failed to patch elevator config: HTTPSConnectionPool(host='ramada-elev-default-rtdb.europe-west1.firebasedatabase.app', port=443): Max retries exceeded with url: /elevator_configs/B.json (Caused by NameResolutionError("HTTPSConnection(host='ramada-elev-default-rtdb.europe-west1.firebasedatabase.app', port=443): Failed to resolve 'ramada-elev-default-rtdb.europe-west1.firebasedatabase.app' ([Errno -3] Temporary failure in name resolution)"))
2026-10-04 00:29:16 [INFO] detector: Config updated remotely (keys=['SHABBAT_DETECTOR'])
2026-10-04 00:36:58 [INFO] shabbat_detector.hebcal_gate: Hebcal refreshed: 5 start(s), 2 end(s) (geo=281184, diaspora=True)
2026-10-04 00:39:02 [INFO] shabbat_detector.cycle_analyzer: Cycle complete: 612s, up_stops=['-2', '-1', '0'], down_stops=['11', '8', '7', '5', '4', '3', '1', '0', '-1', '-2']
2026-10-04 00:39:02 [INFO] detector: AutoLearner: suggestion from 2011 cycles (consistency=0.01, cv=0.343)
2026-10-04 00:39:03 [INFO] detector: Config updated remotely (keys=['SHABBAT_DETECTOR'])
2026-10-04 00:40:03 [INFO] detector: Config updated remotely (keys=['SHABBAT_DETECTOR'])
2026-10-04 00:47:05 [INFO] shabbat_detector.hebcal_gate: Hebcal refreshed: 5 start(s), 2 end(s) (geo=281184, diaspora=True)
2026-10-04 00:48:38 [INFO] shabbat_detector.cycle_analyzer: Cycle complete: 612s, up_stops=['-2', '-1', '0'], down_stops=['11', '10', '9', '8', '7', '6', '5', '4', '3', '1', '0', '-1']
2026-10-04 00:48:38 [INFO] detector: AutoLearner: suggestion from 2012 cycles (consistency=0.01, cv=0.343)
2026-10-04 00:48:39 [INFO] detector: Config updated remotely (keys=['SHABBAT_DETECTOR'])
2026-10-04 00:50:09 [INFO] detector: Config updated remotely (keys=['SHABBAT_DETECTOR'])
2026-10-04 00:57:11 [INFO] shabbat_detector.hebcal_gate: Hebcal refreshed: 5 start(s), 2 end(s) (geo=281184, diaspora=True)
2026-10-04 00:58:47 [INFO] shabbat_detector.cycle_analyzer: Cycle complete: 610s, up_stops=['-2', '-1', '0'], down_stops=['11', '10', '8', '7', '5', '4', '3', '1', '0', '-1']
2026-10-04 00:58:48 [INFO] detector: AutoLearner: suggestion from 2013 cycles (consistency=0.01, cv=0.343)
2026-10-04 00:58:48 [INFO] detector: Config updated remotely (keys=['SHABBAT_DETECTOR'])
2026-10-04 01:00:19 [INFO] detector: Config updated remotely (keys=['SHABBAT_DETECTOR'])
2026-10-04 01:07:13 [INFO] shabbat_detector.hebcal_gate: Hebcal refreshed: 5 start(s), 2 end(s) (geo=281184, diaspora=True)
2026-10-04 01:08:57 [INFO] shabbat_detector.cycle_analyzer: Cycle complete: 611s, up_stops=['-1', '0', '1'], down_stops=['11', '10', '9', '8', '7', '6', '5', '4', '3', '1', '0', '-1', '-2']
2026-10-04 01:08:57 [INFO] detector: AutoLearner: suggestion from 2014 cycles (consistency=0.01, cv=0.343)
2026-10-04 01:08:57 [INFO] detector: Config updated remotely (keys=['SHABBAT_DETECTOR'])
2026-10-04 01:09:27 [INFO] detector: Config updated remotely (keys=['SHABBAT_DETECTOR'])
2026-10-04 01:17:15 [INFO] shabbat_detector.hebcal_gate: Hebcal refreshed: 5 start(s), 2 end(s) (geo=281184, diaspora=True)
2026-10-04 01:19:10 [INFO] shabbat_detector.cycle_analyzer: Cycle complete: 608s, up_stops=['-2', '-1', '0'], down_stops=['11', '10', '8', '7', '5', '4', '3', '1', '0', '-1']
2026-10-04 01:19:10 [INFO] detector: AutoLearner: suggestion from 2015 cycles (consistency=0.01, cv=0.343)
2026-10-04 01:19:11 [INFO] detector: Config updated remotely (keys=['SHABBAT_DETECTOR'])
2026-10-04 01:20:11 [INFO] detector: Config updated remotely (keys=['SHABBAT_DETECTOR'])
2026-10-04 01:27:17 [INFO] shabbat_detector.hebcal_gate: Hebcal refreshed: 5 start(s), 2 end(s) (geo=281184, diaspora=True)
2026-10-04 01:29:34 [INFO] shabbat_detector.cycle_analyzer: Cycle complete: 613s, up_stops=['-2', '-1', '0'], down_stops=['11', '10', '8', '7', '5', '4', '3', '1', '0', '-1', '-2']
2026-10-04 01:29:35 [INFO] detector: AutoLearner: suggestion from 2016 cycles (consistency=0.01, cv=0.343)
2026-10-04 01:29:35 [INFO] detector: Config updated remotely (keys=['SHABBAT_DETECTOR'])
2026-10-04 01:30:35 [INFO] detector: Config updated remotely (keys=['SHABBAT_DETECTOR'])
2026-10-04 01:37:19 [INFO] shabbat_detector.hebcal_gate: Hebcal refreshed: 5 start(s), 2 end(s) (geo=281184, diaspora=True)
2026-10-04 01:39:27 [INFO] shabbat_detector.cycle_analyzer: Cycle complete: 608s, up_stops=['-2', '-1', '0'], down_stops=['11', '10', '8', '7', '6', '5', '4', '3', '1', '0', '-1', '-2']
2026-10-04 01:39:28 [INFO] detector: AutoLearner: suggestion from 2017 cycles (consistency=0.01, cv=0.343)
2026-10-04 01:39:28 [INFO] detector: Config updated remotely (keys=['SHABBAT_DETECTOR'])
2026-10-04 01:40:58 [INFO] detector: Config updated remotely (keys=['SHABBAT_DETECTOR'])
2026-10-04 01:47:21 [INFO] shabbat_detector.hebcal_gate: Hebcal refreshed: 5 start(s), 2 end(s) (geo=281184, diaspora=True)
2026-10-04 01:50:06 [INFO] shabbat_detector.cycle_analyzer: Cycle complete: 608s, up_stops=['-2', '-1', '0'], down_stops=['11', '10', '8', '7', '6', '5', '4', '3', '1', '0', '-1', '-2']
2026-10-04 01:50:07 [INFO] detector: AutoLearner: suggestion from 2018 cycles (consistency=0.01, cv=0.343)
2026-10-04 01:50:07 [INFO] detector: Config updated remotely (keys=['SHABBAT_DETECTOR'])
2026-10-04 01:51:07 [INFO] detector: Config updated remotely (keys=['SHABBAT_DETECTOR'])
2026-10-04 01:57:22 [INFO] shabbat_detector.hebcal_gate: Hebcal refreshed: 5 start(s), 2 end(s) (geo=281184, diaspora=True)
2026-10-04 01:59:52 [INFO] shabbat_detector.cycle_analyzer: Cycle complete: 612s, up_stops=['-1', '0'], down_stops=['11', '10', '8', '7', '6', '5', '4', '3', '1', '0', '-1', '-2']
2026-10-04 01:59:52 [INFO] detector: AutoLearner: suggestion from 2019 cycles (consistency=0.01, cv=0.343)
2026-10-04 01:59:53 [INFO] detector: Config updated remotely (keys=['SHABBAT_DETECTOR'])
2026-10-04 02:01:23 [INFO] detector: Config updated remotely (keys=['SHABBAT_DETECTOR'])
2026-10-04 02:07:24 [INFO] shabbat_detector.hebcal_gate: Hebcal refreshed: 5 start(s), 2 end(s) (geo=281184, diaspora=True)
2026-10-04 02:10:50 [INFO] shabbat_detector.cycle_analyzer: Cycle complete: 610s, up_stops=['-2', '-1', '0'], down_stops=['11', '10', '9', '8', '7', '5', '4', '3', '1', '0', '-1']
2026-10-04 02:10:51 [INFO] detector: AutoLearner: suggestion from 2020 cycles (consistency=0.01, cv=0.343)
2026-10-04 02:10:51 [INFO] detector: Config updated remotely (keys=['SHABBAT_DETECTOR'])
2026-10-04 02:12:21 [INFO] detector: Config updated remotely (keys=['SHABBAT_DETECTOR'])
2026-10-04 02:17:26 [INFO] shabbat_detector.hebcal_gate: Hebcal refreshed: 5 start(s), 2 end(s) (geo=281184, diaspora=True)
2026-10-04 02:20:04 [INFO] shabbat_detector.cycle_analyzer: Cycle complete: 606s, up_stops=['-1', '0'], down_stops=['11', '10', '8', '7', '6', '5', '4', '3', '1', '0', '-1']
2026-10-04 02:20:04 [INFO] detector: AutoLearner: suggestion from 2021 cycles (consistency=0.01, cv=0.343)
2026-10-04 02:20:05 [INFO] detector: Config updated remotely (keys=['SHABBAT_DETECTOR'])
2026-10-04 02:22:05 [INFO] detector: Config updated remotely (keys=['SHABBAT_DETECTOR'])
2026-10-04 02:27:27 [INFO] shabbat_detector.hebcal_gate: Hebcal refreshed: 5 start(s), 2 end(s) (geo=281184, diaspora=True)
2026-10-04 02:30:19 [INFO] shabbat_detector.cycle_analyzer: Cycle complete: 611s, up_stops=['-2', '-1', '0'], down_stops=['11', '10', '9', '8', '7', '6', '5', '4', '3', '1', '0', '-1']
2026-10-04 02:30:19 [INFO] detector: AutoLearner: suggestion from 2022 cycles (consistency=0.01, cv=0.343)
2026-10-04 02:30:20 [INFO] detector: Config updated remotely (keys=['SHABBAT_DETECTOR'])
2026-10-04 02:32:20 [INFO] detector: Config updated remotely (keys=['SHABBAT_DETECTOR'])
2026-10-04 02:37:28 [INFO] shabbat_detector.hebcal_gate: Hebcal refreshed: 5 start(s), 2 end(s) (geo=281184, diaspora=True)
2026-10-04 02:40:54 [INFO] shabbat_detector.cycle_analyzer: Cycle complete: 609s, up_stops=['-2', '-1', '0'], down_stops=['11', '10', '9', '8', '7', '6', '5', '4', '3', '1', '0', '-1']
2026-10-04 02:40:54 [INFO] detector: AutoLearner: suggestion from 2023 cycles (consistency=0.01, cv=0.343)
2026-10-04 02:40:55 [INFO] detector: Config updated remotely (keys=['SHABBAT_DETECTOR'])
2026-10-04 02:42:25 [INFO] detector: Config updated remotely (keys=['SHABBAT_DETECTOR'])
2026-10-04 02:47:29 [INFO] shabbat_detector.hebcal_gate: Hebcal refreshed: 5 start(s), 2 end(s) (geo=281184, diaspora=True)
2026-10-04 02:51:08 [INFO] shabbat_detector.cycle_analyzer: Cycle complete: 612s, up_stops=['-1', '0'], down_stops=['11', '10', '9', '8', '7', '6', '5', '4', '3', '1', '0', '-1']
2026-10-04 02:51:08 [INFO] detector: AutoLearner: suggestion from 2024 cycles (consistency=0.01, cv=0.343)
2026-10-04 02:51:09 [INFO] detector: Config updated remotely (keys=['SHABBAT_DETECTOR'])
2026-10-04 02:53:08 [INFO] detector: Config updated remotely (keys=['SHABBAT_DETECTOR'])
2026-10-04 02:57:31 [INFO] shabbat_detector.hebcal_gate: Hebcal refreshed: 5 start(s), 2 end(s) (geo=281184, diaspora=True)
2026-10-04 03:00:48 [INFO] shabbat_detector.cycle_analyzer: Cycle complete: 612s, up_stops=['-2', '-1', '0'], down_stops=['11', '10', '9', '8', '7', '6', '5', '4', '3', '1', '0', '-1', '-2']
2026-10-04 03:00:49 [INFO] detector: AutoLearner: suggestion from 2025 cycles (consistency=0.01, cv=0.343)
2026-10-04 03:00:49 [INFO] detector: Config updated remotely (keys=['SHABBAT_DETECTOR'])
2026-10-04 03:01:19 [INFO] detector: Config updated remotely (keys=['SHABBAT_DETECTOR'])
2026-10-04 03:07:32 [INFO] shabbat_detector.hebcal_gate: Hebcal refreshed: 5 start(s), 2 end(s) (geo=281184, diaspora=True)
2026-10-04 03:11:05 [INFO] shabbat_detector.cycle_analyzer: Cycle complete: 612s, up_stops=['-2', '-1', '0'], down_stops=['11', '10', '9', '8', '7', '6', '5', '4', '3', '1', '0', '-1', '-2']
2026-10-04 03:11:05 [INFO] detector: AutoLearner: suggestion from 2026 cycles (consistency=0.01, cv=0.343)
2026-10-04 03:11:11 [INFO] detector: Config updated remotely (keys=['SHABBAT_DETECTOR'])
2026-10-04 03:11:41 [INFO] detector: Config updated remotely (keys=['SHABBAT_DETECTOR'])
2026-10-04 03:17:33 [INFO] shabbat_detector.hebcal_gate: Hebcal refreshed: 5 start(s), 2 end(s) (geo=281184, diaspora=True)
2026-10-04 03:21:40 [INFO] shabbat_detector.cycle_analyzer: Cycle complete: 610s, up_stops=['-2', '0'], down_stops=['11', '10', '8', '7', '6', '5', '4', '3', '1', '0', '-1', '-2']
2026-10-04 03:21:40 [INFO] detector: AutoLearner: suggestion from 2027 cycles (consistency=0.01, cv=0.343)
2026-10-04 03:21:41 [INFO] detector: Config updated remotely (keys=['SHABBAT_DETECTOR'])
2026-10-04 03:24:11 [INFO] detector: Config updated remotely (keys=['SHABBAT_DETECTOR'])
2026-10-04 03:27:35 [INFO] shabbat_detector.hebcal_gate: Hebcal refreshed: 5 start(s), 2 end(s) (geo=281184, diaspora=True)
2026-10-04 03:32:05 [INFO] shabbat_detector.cycle_analyzer: Cycle complete: 608s, up_stops=['-1', '0'], down_stops=['11', '10', '8', '7', '6', '5', '4', '3', '2', '1', '0', '-1']
2026-10-04 03:32:06 [INFO] detector: AutoLearner: suggestion from 2028 cycles (consistency=0.01, cv=0.343)
2026-10-04 03:32:06 [INFO] detector: Config updated remotely (keys=['SHABBAT_DETECTOR'])
2026-10-04 03:34:06 [INFO] detector: Config updated remotely (keys=['SHABBAT_DETECTOR'])
2026-10-04 03:37:36 [INFO] shabbat_detector.hebcal_gate: Hebcal refreshed: 5 start(s), 2 end(s) (geo=281184, diaspora=True)
2026-10-04 03:41:30 [INFO] shabbat_detector.cycle_analyzer: Cycle complete: 607s, up_stops=['-2', '-1', '0'], down_stops=['11', '10', '8', '7', '6', '5', '4', '3', '2', '1', '0', '-1', '-2']
2026-10-04 03:41:31 [INFO] detector: AutoLearner: suggestion from 2029 cycles (consistency=0.01, cv=0.343)
2026-10-04 03:41:31 [INFO] detector: Config updated remotely (keys=['SHABBAT_DETECTOR'])
2026-10-04 03:42:31 [INFO] detector: Config updated remotely (keys=['SHABBAT_DETECTOR'])
2026-10-04 03:47:37 [INFO] shabbat_detector.hebcal_gate: Hebcal refreshed: 5 start(s), 2 end(s) (geo=281184, diaspora=True)
2026-10-04 03:52:14 [INFO] shabbat_detector.cycle_analyzer: Cycle complete: 610s, up_stops=['-1', '0'], down_stops=['11', '10', '8', '7', '6', '5', '4', '3', '1', '0', '-1']
2026-10-04 03:52:14 [INFO] detector: AutoLearner: suggestion from 2030 cycles (consistency=0.01, cv=0.343)
2026-10-04 03:52:15 [INFO] detector: Config updated remotely (keys=['SHABBAT_DETECTOR'])
2026-10-04 03:52:45 [INFO] detector: Config updated remotely (keys=['SHABBAT_DETECTOR'])
2026-10-04 03:57:39 [INFO] shabbat_detector.hebcal_gate: Hebcal refreshed: 5 start(s), 2 end(s) (geo=281184, diaspora=True)
2026-10-04 04:01:41 [INFO] shabbat_detector.cycle_analyzer: Cycle complete: 610s, up_stops=['-2', '-1', '0'], down_stops=['11', '10', '9', '8', '7', '5', '4', '3', '1', '0', '-1', '-2']
2026-10-04 04:01:41 [INFO] detector: AutoLearner: suggestion from 2031 cycles (consistency=0.01, cv=0.343)
2026-10-04 04:01:42 [INFO] detector: Config updated remotely (keys=['SHABBAT_DETECTOR'])
2026-10-04 04:03:12 [INFO] detector: Config updated remotely (keys=['SHABBAT_DETECTOR'])
2026-10-04 04:07:40 [INFO] shabbat_detector.hebcal_gate: Hebcal refreshed: 5 start(s), 2 end(s) (geo=281184, diaspora=True)
2026-10-04 04:12:10 [INFO] shabbat_detector.cycle_analyzer: Cycle complete: 614s, up_stops=['-2', '-1', '0'], down_stops=['11', '10', '9', '8', '7', '6', '5', '4', '3', '1', '0', '-1']
2026-10-04 04:12:11 [INFO] detector: AutoLearner: suggestion from 2032 cycles (consistency=0.01, cv=0.343)
2026-10-04 04:12:12 [INFO] detector: Config updated remotely (keys=['SHABBAT_DETECTOR'])
2026-10-04 04:13:41 [INFO] detector: Config updated remotely (keys=['SHABBAT_DETECTOR'])
2026-10-04 04:17:41 [INFO] shabbat_detector.hebcal_gate: Hebcal refreshed: 5 start(s), 2 end(s) (geo=281184, diaspora=True)
2026-10-04 04:22:13 [INFO] shabbat_detector.cycle_analyzer: Cycle complete: 615s, up_stops=['-2', '-1', '0'], down_stops=['11', '10', '9', '8', '7', '5', '4', '3', '1', '0', '-1']
2026-10-04 04:22:14 [INFO] detector: AutoLearner: suggestion from 2033 cycles (consistency=0.01, cv=0.343)
2026-10-04 04:22:15 [INFO] detector: Config updated remotely (keys=['SHABBAT_DETECTOR'])
2026-10-04 04:23:44 [INFO] detector: Config updated remotely (keys=['SHABBAT_DETECTOR'])
2026-10-04 04:27:43 [INFO] shabbat_detector.hebcal_gate: Hebcal refreshed: 5 start(s), 2 end(s) (geo=281184, diaspora=True)
2026-10-04 04:32:33 [INFO] shabbat_detector.cycle_analyzer: Cycle complete: 610s, up_stops=['-2', '-1', '0', '1'], down_stops=['11', '10', '8', '7', '6', '5', '4', '3', '1', '0', '-1', '-2']
2026-10-04 04:32:33 [INFO] detector: AutoLearner: suggestion from 2034 cycles (consistency=0.01, cv=0.343)
2026-10-04 04:32:33 [INFO] detector: Config updated remotely (keys=['SHABBAT_DETECTOR'])
2026-10-04 04:34:03 [INFO] detector: Config updated remotely (keys=['SHABBAT_DETECTOR'])
2026-10-04 04:37:44 [INFO] shabbat_detector.hebcal_gate: Hebcal refreshed: 5 start(s), 2 end(s) (geo=281184, diaspora=True)
2026-10-04 04:42:41 [INFO] shabbat_detector.cycle_analyzer: Cycle complete: 607s, up_stops=['-2', '-1', '0'], down_stops=['11', '10', '8', '7', '6', '5', '4', '3', '1', '0', '-1', '-2']
2026-10-04 04:42:41 [INFO] detector: AutoLearner: suggestion from 2035 cycles (consistency=0.01, cv=0.343)
2026-10-04 04:42:42 [INFO] detector: Config updated remotely (keys=['SHABBAT_DETECTOR'])
2026-10-04 04:43:41 [INFO] detector: Config updated remotely (keys=['SHABBAT_DETECTOR'])
2026-10-04 04:47:45 [INFO] shabbat_detector.hebcal_gate: Hebcal refreshed: 5 start(s), 2 end(s) (geo=281184, diaspora=True)
2026-10-04 04:52:42 [INFO] shabbat_detector.cycle_analyzer: Cycle complete: 612s, up_stops=['-2', '-1', '0'], down_stops=['11', '10', '8', '7', '6', '5', '4', '3', '1', '0', '-1']
2026-10-04 04:52:43 [INFO] detector: AutoLearner: suggestion from 2036 cycles (consistency=0.01, cv=0.343)
2026-10-04 04:52:43 [INFO] detector: Config updated remotely (keys=['SHABBAT_DETECTOR'])
2026-10-04 04:54:13 [INFO] detector: Config updated remotely (keys=['SHABBAT_DETECTOR'])
2026-10-04 04:57:47 [INFO] shabbat_detector.hebcal_gate: Hebcal refreshed: 5 start(s), 2 end(s) (geo=281184, diaspora=True)
2026-10-04 05:02:59 [INFO] shabbat_detector.cycle_analyzer: Cycle complete: 610s, up_stops=['-2', '-1', '0'], down_stops=['11', '10', '9', '8', '7', '6', '5', '4', '3', '1', '0', '-1']
2026-10-04 05:02:59 [INFO] detector: AutoLearner: suggestion from 2037 cycles (consistency=0.01, cv=0.343)
2026-10-04 05:03:00 [INFO] detector: Config updated remotely (keys=['SHABBAT_DETECTOR'])
2026-10-04 05:04:30 [INFO] detector: Config updated remotely (keys=['SHABBAT_DETECTOR'])
2026-10-04 05:07:48 [INFO] shabbat_detector.hebcal_gate: Hebcal refreshed: 5 start(s), 2 end(s) (geo=281184, diaspora=True)
2026-10-04 05:13:03 [INFO] shabbat_detector.cycle_analyzer: Cycle complete: 610s, up_stops=['-2', '-1', '0'], down_stops=['11', '9', '8', '7', '6', '5', '4', '3', '1', '0', '-1']
2026-10-04 05:13:03 [INFO] detector: AutoLearner: suggestion from 2038 cycles (consistency=0.01, cv=0.343)
2026-10-04 05:13:03 [INFO] detector: Config updated remotely (keys=['SHABBAT_DETECTOR'])
2026-10-04 05:14:34 [INFO] detector: Config updated remotely (keys=['SHABBAT_DETECTOR'])
2026-10-04 05:17:49 [INFO] shabbat_detector.hebcal_gate: Hebcal refreshed: 5 start(s), 2 end(s) (geo=281184, diaspora=True)
2026-10-04 05:23:41 [INFO] shabbat_detector.cycle_analyzer: Cycle complete: 609s, up_stops=['-2', '-1', '0'], down_stops=['11', '10', '9', '8', '7', '6', '5', '4', '3', '2', '1', '0', '-1', '-2']
2026-10-04 05:23:41 [INFO] detector: AutoLearner: suggestion from 2039 cycles (consistency=0.01, cv=0.343)
2026-10-04 05:23:42 [INFO] detector: Config updated remotely (keys=['SHABBAT_DETECTOR'])
2026-10-04 05:24:42 [INFO] detector: Config updated remotely (keys=['SHABBAT_DETECTOR'])
2026-10-04 05:27:50 [INFO] shabbat_detector.hebcal_gate: Hebcal refreshed: 5 start(s), 2 end(s) (geo=281184, diaspora=True)
2026-10-04 05:33:34 [INFO] shabbat_detector.cycle_analyzer: Cycle complete: 611s, up_stops=['-1', '0'], down_stops=['11', '10', '9', '8', '7', '6', '5', '4', '3', '1', '0', '-1']
2026-10-04 05:33:35 [INFO] detector: AutoLearner: suggestion from 2040 cycles (consistency=0.01, cv=0.343)
2026-10-04 05:33:35 [INFO] detector: Config updated remotely (keys=['SHABBAT_DETECTOR'])
2026-10-04 05:35:05 [INFO] detector: Config updated remotely (keys=['SHABBAT_DETECTOR'])
2026-10-04 05:37:52 [INFO] shabbat_detector.hebcal_gate: Hebcal refreshed: 5 start(s), 2 end(s) (geo=281184, diaspora=True)
2026-10-04 05:44:04 [INFO] shabbat_detector.cycle_analyzer: Cycle complete: 607s, up_stops=['-2', '0'], down_stops=['11', '10', '9', '8', '7', '6', '5', '4', '3', '1', '0', '-1']
2026-10-04 05:44:05 [INFO] detector: AutoLearner: suggestion from 2041 cycles (consistency=0.01, cv=0.343)
2026-10-04 05:44:05 [INFO] detector: Config updated remotely (keys=['SHABBAT_DETECTOR'])
2026-10-04 05:45:35 [INFO] detector: Config updated remotely (keys=['SHABBAT_DETECTOR'])
2026-10-04 05:47:53 [INFO] shabbat_detector.hebcal_gate: Hebcal refreshed: 5 start(s), 2 end(s) (geo=281184, diaspora=True)
2026-10-04 05:54:24 [INFO] shabbat_detector.cycle_analyzer: Cycle complete: 612s, up_stops=['-2', '-1', '0'], down_stops=['11', '10', '9', '8', '7', '5', '4', '3', '1', '0', '-1']
2026-10-04 05:54:25 [INFO] detector: AutoLearner: suggestion from 2042 cycles (consistency=0.01, cv=0.343)
2026-10-04 05:54:25 [INFO] detector: Config updated remotely (keys=['SHABBAT_DETECTOR'])
2026-10-04 05:55:55 [INFO] detector: Config updated remotely (keys=['SHABBAT_DETECTOR'])
2026-10-04 05:57:55 [INFO] shabbat_detector.hebcal_gate: Hebcal refreshed: 5 start(s), 2 end(s) (geo=281184, diaspora=True)
2026-10-04 06:04:10 [INFO] shabbat_detector.cycle_analyzer: Cycle complete: 614s, up_stops=['-2', '-1', '0', '1'], down_stops=['11', '10', '9', '8', '7', '6', '5', '4', '3', '2', '1', '0', '-1', '-2']
2026-10-04 06:04:10 [INFO] detector: AutoLearner: suggestion from 2043 cycles (consistency=0.01, cv=0.343)
2026-10-04 06:04:11 [INFO] detector: Config updated remotely (keys=['SHABBAT_DETECTOR'])
2026-10-04 06:05:41 [INFO] detector: Config updated remotely (keys=['SHABBAT_DETECTOR'])
2026-10-04 06:07:56 [INFO] shabbat_detector.hebcal_gate: Hebcal refreshed: 5 start(s), 2 end(s) (geo=281184, diaspora=True)
2026-10-04 06:14:38 [INFO] shabbat_detector.cycle_analyzer: Cycle complete: 608s, up_stops=['-2', '-1', '0'], down_stops=['11', '10', '8', '7', '5', '4', '3', '2', '1', '0', '-1', '-2']
2026-10-04 06:14:39 [INFO] detector: AutoLearner: suggestion from 2044 cycles (consistency=0.01, cv=0.343)
2026-10-04 06:14:40 [INFO] detector: Config updated remotely (keys=['SHABBAT_DETECTOR'])
2026-10-04 06:16:09 [INFO] detector: Config updated remotely (keys=['SHABBAT_DETECTOR'])
2026-10-04 06:17:58 [INFO] shabbat_detector.hebcal_gate: Hebcal refreshed: 5 start(s), 2 end(s) (geo=281184, diaspora=True)
2026-10-04 06:24:47 [INFO] shabbat_detector.cycle_analyzer: Cycle complete: 612s, up_stops=['-2', '-1', '0'], down_stops=['11', '10', '8', '7', '6', '5', '4', '3', '1', '0', '-1', '-2']
2026-10-04 06:24:48 [INFO] detector: AutoLearner: suggestion from 2045 cycles (consistency=0.01, cv=0.343)
2026-10-04 06:24:48 [INFO] detector: Config updated remotely (keys=['SHABBAT_DETECTOR'])
2026-10-04 06:26:48 [INFO] detector: Config updated remotely (keys=['SHABBAT_DETECTOR'])
2026-10-04 06:28:04 [INFO] shabbat_detector.hebcal_gate: Hebcal refreshed: 5 start(s), 2 end(s) (geo=281184, diaspora=True)
2026-10-04 06:34:37 [INFO] shabbat_detector.cycle_analyzer: Cycle complete: 612s, up_stops=['-1', '0', '1'], down_stops=['11', '10', '9', '8', '7', '6', '5', '4', '3', '1', '0', '-1', '-2']
2026-10-04 06:34:38 [INFO] detector: AutoLearner: suggestion from 2046 cycles (consistency=0.01, cv=0.343)
2026-10-04 06:34:38 [INFO] detector: Config updated remotely (keys=['SHABBAT_DETECTOR'])
2026-10-04 06:36:09 [INFO] detector: Config updated remotely (keys=['SHABBAT_DETECTOR'])
2026-10-04 06:38:06 [INFO] shabbat_detector.hebcal_gate: Hebcal refreshed: 5 start(s), 2 end(s) (geo=281184, diaspora=True)
2026-10-04 06:45:15 [INFO] shabbat_detector.cycle_analyzer: Cycle complete: 611s, up_stops=['-2', '-1', '0'], down_stops=['11', '10', '9', '8', '7', '5', '4', '3', '1', '0', '-1']
2026-10-04 06:45:15 [INFO] detector: AutoLearner: suggestion from 2047 cycles (consistency=0.01, cv=0.343)
2026-10-04 06:45:16 [INFO] detector: Config updated remotely (keys=['SHABBAT_DETECTOR'])
2026-10-04 06:46:16 [INFO] detector: Config updated remotely (keys=['SHABBAT_DETECTOR'])
2026-10-04 06:48:08 [INFO] shabbat_detector.hebcal_gate: Hebcal refreshed: 5 start(s), 2 end(s) (geo=281184, diaspora=True)
2026-10-04 06:54:46 [INFO] shabbat_detector.cycle_analyzer: Cycle complete: 608s, up_stops=['-1', '0'], down_stops=['11', '10', '9', '8', '7', '6', '5', '4', '3', '1', '0', '-1']
2026-10-04 06:54:47 [INFO] detector: AutoLearner: suggestion from 2048 cycles (consistency=0.01, cv=0.343)
2026-10-04 06:54:48 [INFO] detector: Config updated remotely (keys=['SHABBAT_DETECTOR'])
2026-10-04 06:56:17 [INFO] detector: Config updated remotely (keys=['SHABBAT_DETECTOR'])
2026-10-04 06:58:09 [INFO] shabbat_detector.hebcal_gate: Hebcal refreshed: 5 start(s), 2 end(s) (geo=281184, diaspora=True)
2026-10-04 07:05:01 [INFO] shabbat_detector.cycle_analyzer: Cycle complete: 605s, up_stops=['-1', '0'], down_stops=['11', '10', '9', '8', '7', '6', '5', '4', '3', '1', '0', '-1']
2026-10-04 07:05:01 [INFO] detector: AutoLearner: suggestion from 2049 cycles (consistency=0.01, cv=0.343)
2026-10-04 07:05:02 [INFO] detector: Config updated remotely (keys=['SHABBAT_DETECTOR'])
2026-10-04 07:06:31 [INFO] detector: Config updated remotely (keys=['SHABBAT_DETECTOR'])
2026-10-04 07:08:15 [INFO] shabbat_detector.hebcal_gate: Hebcal refreshed: 5 start(s), 2 end(s) (geo=281184, diaspora=True)
2026-10-04 07:15:03 [INFO] shabbat_detector.cycle_analyzer: Cycle complete: 612s, up_stops=['-2', '-1', '0'], down_stops=['11', '10', '8', '7', '5', '4', '3', '1', '0', '-1']
2026-10-04 07:15:03 [INFO] detector: AutoLearner: suggestion from 2050 cycles (consistency=0.01, cv=0.343)
2026-10-04 07:15:03 [INFO] detector: Config updated remotely (keys=['SHABBAT_DETECTOR'])
2026-10-04 07:16:33 [INFO] detector: Config updated remotely (keys=['SHABBAT_DETECTOR'])
2026-10-04 07:18:16 [INFO] shabbat_detector.hebcal_gate: Hebcal refreshed: 5 start(s), 2 end(s) (geo=281184, diaspora=True)
2026-10-04 07:26:02 [INFO] shabbat_detector.cycle_analyzer: Cycle complete: 610s, up_stops=['-2', '-1', '0'], down_stops=['11', '10', '8', '7', '6', '5', '4', '3', '1', '0', '-1', '-2']
2026-10-04 07:26:02 [INFO] detector: AutoLearner: suggestion from 2051 cycles (consistency=0.01, cv=0.343)
2026-10-04 07:26:03 [INFO] detector: Config updated remotely (keys=['SHABBAT_DETECTOR'])
2026-10-04 07:27:32 [INFO] detector: Config updated remotely (keys=['SHABBAT_DETECTOR'])
2026-10-04 07:28:17 [INFO] shabbat_detector.hebcal_gate: Hebcal refreshed: 5 start(s), 2 end(s) (geo=281184, diaspora=True)
2026-10-04 07:28:17 [WARNING] shabbat_detector.firebase_client: Elevator stream reconnecting in 2s
2026-10-04 07:28:19 [INFO] shabbat_detector.firebase_client: SSE stream connecting: https://ramada-elev-default-rtdb.europe-west1.firebasedatabase.app/elevators/B.json
2026-10-04 07:30:55 [INFO] shabbat_detector.firebase_client: SSE stream connecting: https://ramada-elev-default-rtdb.europe-west1.firebasedatabase.app/settings.json
2026-10-04 07:35:22 [INFO] shabbat_detector.cycle_analyzer: Cycle complete: 611s, up_stops=['-2', '-1', '0'], down_stops=['11', '9', '8', '7', '5', '4', '3', '1', '0', '-1']
2026-10-04 07:35:22 [INFO] detector: AutoLearner: suggestion from 2052 cycles (consistency=0.01, cv=0.343)
2026-10-04 07:35:28 [INFO] detector: Config updated remotely (keys=['SHABBAT_DETECTOR'])
2026-10-04 07:37:27 [INFO] detector: Config updated remotely (keys=['SHABBAT_DETECTOR'])
2026-10-04 07:38:19 [INFO] shabbat_detector.hebcal_gate: Hebcal refreshed: 5 start(s), 2 end(s) (geo=281184, diaspora=True)
2026-10-04 07:45:45 [INFO] shabbat_detector.cycle_analyzer: Cycle complete: 613s, up_stops=['-2', '-1', '0'], down_stops=['11', '10', '8', '7', '6', '5', '4', '3', '2', '1', '0', '-1']
2026-10-04 07:45:51 [INFO] detector: AutoLearner: suggestion from 2053 cycles (consistency=0.01, cv=0.343)
2026-10-04 07:45:52 [INFO] detector: Config updated remotely (keys=['SHABBAT_DETECTOR'])
2026-10-04 07:47:51 [INFO] detector: Config updated remotely (keys=['SHABBAT_DETECTOR'])
2026-10-04 07:48:23 [INFO] shabbat_detector.hebcal_gate: Hebcal refreshed: 5 start(s), 2 end(s) (geo=281184, diaspora=True)
2026-10-04 07:55:48 [INFO] shabbat_detector.cycle_analyzer: Cycle complete: 610s, up_stops=['-2', '-1', '0'], down_stops=['11', '10', '9', '8', '7', '6', '5', '4', '3', '2', '1', '0', '-1']
2026-10-04 07:55:49 [INFO] detector: AutoLearner: suggestion from 2054 cycles (consistency=0.01, cv=0.343)
2026-10-04 07:55:49 [INFO] detector: Config updated remotely (keys=['SHABBAT_DETECTOR'])
2026-10-04 07:56:19 [INFO] detector: Config updated remotely (keys=['SHABBAT_DETECTOR'])
2026-10-04 07:58:24 [INFO] shabbat_detector.hebcal_gate: Hebcal refreshed: 5 start(s), 2 end(s) (geo=281184, diaspora=True)
2026-10-04 08:06:06 [INFO] shabbat_detector.cycle_analyzer: Cycle complete: 609s, up_stops=['-2', '-1', '0', '2'], down_stops=['11', '9', '8', '7', '6', '5', '4', '3', '2', '1', '0', '-1']
2026-10-04 08:06:06 [INFO] detector: AutoLearner: suggestion from 2055 cycles (consistency=0.01, cv=0.343)
2026-10-04 08:06:07 [INFO] detector: Config updated remotely (keys=['SHABBAT_DETECTOR'])
2026-10-04 08:06:07 [INFO] detector: Config updated remotely (keys=['SHABBAT_DETECTOR'])
2026-10-04 08:08:25 [INFO] shabbat_detector.hebcal_gate: Hebcal refreshed: 5 start(s), 2 end(s) (geo=281184, diaspora=True)
2026-10-04 08:16:47 [INFO] shabbat_detector.cycle_analyzer: Cycle complete: 609s, up_stops=['-2', '-1', '0'], down_stops=['11', '9', '8', '7', '6', '5', '4', '3', '1', '0', '-1', '-2']
2026-10-04 08:16:47 [INFO] detector: AutoLearner: suggestion from 2056 cycles (consistency=0.01, cv=0.343)
2026-10-04 08:16:48 [INFO] detector: Config updated remotely (keys=['SHABBAT_DETECTOR'])
2026-10-04 08:18:27 [INFO] shabbat_detector.hebcal_gate: Hebcal refreshed: 5 start(s), 2 end(s) (geo=281184, diaspora=True)
2026-10-04 08:18:48 [INFO] detector: Config updated remotely (keys=['SHABBAT_DETECTOR'])
2026-10-04 08:26:44 [INFO] shabbat_detector.cycle_analyzer: Cycle complete: 610s, up_stops=['-1', '0'], down_stops=['11', '10', '9', '8', '7', '6', '5', '4', '3', '1', '0', '-1', '-2']
2026-10-04 08:26:44 [INFO] detector: AutoLearner: suggestion from 2057 cycles (consistency=0.01, cv=0.343)
2026-10-04 08:26:45 [INFO] detector: Config updated remotely (keys=['SHABBAT_DETECTOR'])
2026-10-04 08:27:14 [INFO] detector: Config updated remotely (keys=['SHABBAT_DETECTOR'])
2026-10-04 08:28:28 [INFO] shabbat_detector.hebcal_gate: Hebcal refreshed: 5 start(s), 2 end(s) (geo=281184, diaspora=True)
2026-10-04 08:37:37 [INFO] shabbat_detector.cycle_analyzer: Cycle complete: 605s, up_stops=['-2', '-1', '0'], down_stops=['11', '10', '9', '8', '7', '6', '5', '4', '3', '1', '0', '-1']
2026-10-04 08:37:38 [INFO] detector: AutoLearner: suggestion from 2058 cycles (consistency=0.01, cv=0.343)
2026-10-04 08:37:38 [INFO] detector: Config updated remotely (keys=['SHABBAT_DETECTOR'])
2026-10-04 08:38:30 [INFO] shabbat_detector.hebcal_gate: Hebcal refreshed: 5 start(s), 2 end(s) (geo=281184, diaspora=True)
2026-10-04 08:39:38 [INFO] detector: Config updated remotely (keys=['SHABBAT_DETECTOR'])
2026-10-04 08:47:10 [INFO] shabbat_detector.cycle_analyzer: Cycle complete: 610s, up_stops=['-1', '0', '4'], down_stops=['11', '10', '8', '7', '6', '5', '4', '3', '1', '0', '-1']
2026-10-04 08:47:11 [INFO] detector: AutoLearner: suggestion from 2059 cycles (consistency=0.01, cv=0.343)
2026-10-04 08:47:12 [INFO] detector: Config updated remotely (keys=['SHABBAT_DETECTOR'])
2026-10-04 08:48:31 [INFO] shabbat_detector.hebcal_gate: Hebcal refreshed: 5 start(s), 2 end(s) (geo=281184, diaspora=True)
2026-10-04 08:49:11 [INFO] detector: Config updated remotely (keys=['SHABBAT_DETECTOR'])
2026-10-04 08:57:15 [INFO] shabbat_detector.cycle_analyzer: Cycle complete: 610s, up_stops=['-1', '0'], down_stops=['11', '10', '8', '7', '5', '4', '3', '2', '1', '0', '-1']
2026-10-04 08:57:15 [INFO] detector: AutoLearner: suggestion from 2060 cycles (consistency=0.01, cv=0.343)
2026-10-04 08:57:16 [INFO] detector: Config updated remotely (keys=['SHABBAT_DETECTOR'])
2026-10-04 08:58:32 [INFO] shabbat_detector.hebcal_gate: Hebcal refreshed: 5 start(s), 2 end(s) (geo=281184, diaspora=True)
2026-10-04 08:59:15 [INFO] detector: Config updated remotely (keys=['SHABBAT_DETECTOR'])
2026-10-04 09:07:30 [INFO] shabbat_detector.cycle_analyzer: Cycle complete: 606s, up_stops=['-2', '-1', '0'], down_stops=['11', '10', '8', '7', '6', '5', '4', '3', '1', '0', '-1', '-2']
2026-10-04 09:07:30 [INFO] detector: AutoLearner: suggestion from 2061 cycles (consistency=0.01, cv=0.343)
2026-10-04 09:07:31 [INFO] detector: Config updated remotely (keys=['SHABBAT_DETECTOR'])
2026-10-04 09:08:33 [INFO] shabbat_detector.hebcal_gate: Hebcal refreshed: 5 start(s), 2 end(s) (geo=281184, diaspora=True)
2026-10-04 09:09:31 [INFO] detector: Config updated remotely (keys=['SHABBAT_DETECTOR'])
2026-10-04 09:17:38 [INFO] shabbat_detector.cycle_analyzer: Cycle complete: 610s, up_stops=['-1', '0', '3'], down_stops=['11', '10', '8', '7', '6', '5', '4', '3', '1', '0', '-1']
2026-10-04 09:17:39 [INFO] detector: AutoLearner: suggestion from 2062 cycles (consistency=0.01, cv=0.343)
2026-10-04 09:17:39 [INFO] detector: Config updated remotely (keys=['SHABBAT_DETECTOR'])
2026-10-04 09:18:35 [INFO] shabbat_detector.hebcal_gate: Hebcal refreshed: 5 start(s), 2 end(s) (geo=281184, diaspora=True)
2026-10-04 09:19:39 [INFO] detector: Config updated remotely (keys=['SHABBAT_DETECTOR'])
2026-10-04 09:27:21 [INFO] shabbat_detector.cycle_analyzer: Cycle complete: 610s, up_stops=['-2', '-1', '0'], down_stops=['11', '10', '9', '8', '7', '5', '4', '3', '1', '0', '-1']
2026-10-04 09:27:21 [INFO] detector: AutoLearner: suggestion from 2063 cycles (consistency=0.01, cv=0.343)
2026-10-04 09:27:22 [INFO] detector: Config updated remotely (keys=['SHABBAT_DETECTOR'])
2026-10-04 09:28:36 [INFO] shabbat_detector.hebcal_gate: Hebcal refreshed: 5 start(s), 2 end(s) (geo=281184, diaspora=True)
2026-10-04 09:29:22 [INFO] detector: Config updated remotely (keys=['SHABBAT_DETECTOR'])
2026-10-04 09:37:21 [INFO] shabbat_detector.cycle_analyzer: Cycle complete: 610s, up_stops=['-2', '-1', '0'], down_stops=['11', '10', '9', '8', '7', '6', '5', '4', '3', '1', '0', '-1', '-2']
2026-10-04 09:37:21 [INFO] detector: AutoLearner: suggestion from 2064 cycles (consistency=0.01, cv=0.343)
2026-10-04 09:37:22 [INFO] detector: Config updated remotely (keys=['SHABBAT_DETECTOR'])
2026-10-04 09:37:52 [INFO] detector: Config updated remotely (keys=['SHABBAT_DETECTOR'])
2026-10-04 09:38:37 [INFO] shabbat_detector.hebcal_gate: Hebcal refreshed: 5 start(s), 2 end(s) (geo=281184, diaspora=True)
2026-10-04 09:47:54 [INFO] shabbat_detector.cycle_analyzer: Cycle complete: 610s, up_stops=['-2', '-1', '0'], down_stops=['11', '10', '9', '8', '7', '5', '4', '3', '1', '0', '-1', '-2']
2026-10-04 09:47:55 [INFO] detector: AutoLearner: suggestion from 2065 cycles (consistency=0.01, cv=0.343)
2026-10-04 09:47:55 [INFO] detector: Config updated remotely (keys=['SHABBAT_DETECTOR'])
2026-10-04 09:48:39 [INFO] shabbat_detector.hebcal_gate: Hebcal refreshed: 5 start(s), 2 end(s) (geo=281184, diaspora=True)
2026-10-04 09:49:55 [INFO] detector: Config updated remotely (keys=['SHABBAT_DETECTOR'])
2026-10-04 09:58:40 [INFO] shabbat_detector.hebcal_gate: Hebcal refreshed: 5 start(s), 2 end(s) (geo=281184, diaspora=True)
2026-10-04 09:58:49 [INFO] shabbat_detector.cycle_analyzer: Cycle complete: 611s, up_stops=['-2', '-1', '0'], down_stops=['11', '10', '9', '8', '7', '5', '4', '3', '2', '1', '0', '-1', '-2']
2026-10-04 09:58:49 [INFO] detector: AutoLearner: suggestion from 2066 cycles (consistency=0.01, cv=0.343)
2026-10-04 09:58:50 [INFO] detector: Config updated remotely (keys=['SHABBAT_DETECTOR'])
2026-10-04 10:00:19 [INFO] detector: Config updated remotely (keys=['SHABBAT_DETECTOR'])
2026-10-04 10:08:29 [INFO] shabbat_detector.cycle_analyzer: Cycle complete: 613s, up_stops=['-1', '0'], down_stops=['11', '10', '9', '8', '7', '6', '5', '4', '3', '2', '1', '0', '-1', '-2']
2026-10-04 10:08:30 [INFO] detector: AutoLearner: suggestion from 2067 cycles (consistency=0.01, cv=0.343)
2026-10-04 10:08:30 [INFO] detector: Config updated remotely (keys=['SHABBAT_DETECTOR'])
2026-10-04 10:08:42 [INFO] shabbat_detector.hebcal_gate: Hebcal refreshed: 5 start(s), 2 end(s) (geo=281184, diaspora=True)
2026-10-04 10:10:30 [INFO] detector: Config updated remotely (keys=['SHABBAT_DETECTOR'])
2026-10-04 10:18:07 [INFO] shabbat_detector.cycle_analyzer: Cycle complete: 608s, up_stops=['-2', '-1', '0'], down_stops=['11', '10', '8', '7', '6', '5', '4', '3', '2', '1', '0', '-1', '-2']
2026-10-04 10:18:07 [INFO] detector: AutoLearner: suggestion from 2068 cycles (consistency=0.01, cv=0.343)
2026-10-04 10:18:07 [INFO] detector: Config updated remotely (keys=['SHABBAT_DETECTOR'])
2026-10-04 10:18:48 [INFO] shabbat_detector.hebcal_gate: Hebcal refreshed: 5 start(s), 2 end(s) (geo=281184, diaspora=True)
2026-10-04 10:20:07 [INFO] detector: Config updated remotely (keys=['SHABBAT_DETECTOR'])
