2026-09-30 00:04:38 [INFO] shabbat_detector.hebcal_gate: Hebcal refreshed: 5 start(s), 2 end(s) (geo=281184, diaspora=True)
2026-09-30 00:05:52 [INFO] shabbat_detector.fsm: [C] DetectorState.NORMAL → DetectorState.CANDIDATE_SHABBAT
2026-09-30 00:05:52 [INFO] detector: SHABBAT TRANSITION NORMAL -> CANDIDATE_SHABBAT | סיבה: מחזור אפשרי החל - ממתין להשלמה
2026-09-30 00:07:22 [INFO] detector: Config updated remotely (keys=['SHABBAT_DETECTOR'])
2026-09-30 00:15:14 [INFO] shabbat_detector.hebcal_gate: Hebcal refreshed: 5 start(s), 2 end(s) (geo=281184, diaspora=True)
2026-09-30 00:15:14 [INFO] shabbat_detector.cycle_analyzer: Elevator idle 486s - resetting cycle (was in _Phase.LEG_ONE)
2026-09-30 00:58:52 [INFO] shabbat_detector.hebcal_gate: Hebcal refreshed: 5 start(s), 2 end(s) (geo=281184, diaspora=True)
2026-09-30 00:58:52 [INFO] shabbat_detector.cycle_analyzer: Elevator idle 2079s - resetting cycle (was in _Phase.LEG_ONE)
2026-09-30 01:09:39 [INFO] shabbat_detector.hebcal_gate: Hebcal refreshed: 5 start(s), 2 end(s) (geo=281184, diaspora=True)
2026-09-30 01:22:30 [INFO] shabbat_detector.hebcal_gate: Hebcal refreshed: 5 start(s), 2 end(s) (geo=281184, diaspora=True)
2026-09-30 01:40:37 [INFO] shabbat_detector.hebcal_gate: Hebcal refreshed: 5 start(s), 2 end(s) (geo=281184, diaspora=True)
2026-09-30 01:52:11 [INFO] shabbat_detector.hebcal_gate: Hebcal refreshed: 5 start(s), 2 end(s) (geo=281184, diaspora=True)
2026-09-30 02:03:13 [INFO] shabbat_detector.hebcal_gate: Hebcal refreshed: 5 start(s), 2 end(s) (geo=281184, diaspora=True)
2026-09-30 02:07:15 [INFO] shabbat_detector.firebase_client: SSE stream connecting: https://ramada-elev-default-rtdb.europe-west1.firebasedatabase.app/elevator_configs/C.json
2026-09-30 02:09:45 [INFO] detector: Config updated remotely (keys=['AUTO_LEARN_CONFIG', 'BOTTOM_FLOOR', 'FLOOR_WAITS', 'SHABBAT_ACTIVE', 'SHABBAT_BREAK_ACTIVE', 'SHABBAT_DETECTOR', 'SHABBAT_MODE', 'STOPPING_FLOORS', 'STOPPING_FLOORS_DOWN', 'STOPPING_FLOORS_UP', 'TIME_PASS_FLOOR', 'TIME_PER_FLOOR', 'TOP_FLOOR', 'VISIBLE_FLOORS', 'secret_key'])
2026-09-30 02:21:43 [INFO] shabbat_detector.hebcal_gate: Hebcal refreshed: 5 start(s), 2 end(s) (geo=281184, diaspora=True)
2026-09-30 03:20:53 [INFO] shabbat_detector.hebcal_gate: Hebcal refreshed: 5 start(s), 2 end(s) (geo=281184, diaspora=True)
2026-09-30 03:20:53 [INFO] shabbat_detector.cycle_analyzer: Elevator idle 3382s - resetting cycle (was in _Phase.LEG_ONE)
2026-09-30 03:47:31 [INFO] shabbat_detector.hebcal_gate: Hebcal refreshed: 5 start(s), 2 end(s) (geo=281184, diaspora=True)
2026-09-30 04:04:47 [INFO] shabbat_detector.hebcal_gate: Hebcal refreshed: 5 start(s), 2 end(s) (geo=281184, diaspora=True)
2026-09-30 04:04:47 [INFO] shabbat_detector.cycle_analyzer: Elevator idle 674s - resetting cycle (was in _Phase.LEG_ONE)
2026-09-30 04:54:32 [INFO] shabbat_detector.hebcal_gate: Hebcal refreshed: 5 start(s), 2 end(s) (geo=281184, diaspora=True)
2026-09-30 05:05:57 [INFO] shabbat_detector.hebcal_gate: Hebcal refreshed: 5 start(s), 2 end(s) (geo=281184, diaspora=True)
2026-09-30 05:16:30 [INFO] shabbat_detector.hebcal_gate: Hebcal refreshed: 5 start(s), 2 end(s) (geo=281184, diaspora=True)
2026-09-30 05:33:09 [INFO] shabbat_detector.hebcal_gate: Hebcal refreshed: 5 start(s), 2 end(s) (geo=281184, diaspora=True)
2026-09-30 05:47:56 [INFO] shabbat_detector.hebcal_gate: Hebcal refreshed: 5 start(s), 2 end(s) (geo=281184, diaspora=True)
2026-09-30 06:00:53 [INFO] shabbat_detector.hebcal_gate: Hebcal refreshed: 5 start(s), 2 end(s) (geo=281184, diaspora=True)
2026-09-30 06:00:53 [INFO] shabbat_detector.cycle_analyzer: Elevator idle 359s - resetting cycle (was in _Phase.LEG_ONE)
2026-09-30 06:12:08 [INFO] shabbat_detector.hebcal_gate: Hebcal refreshed: 5 start(s), 2 end(s) (geo=281184, diaspora=True)
2026-09-30 06:28:12 [INFO] shabbat_detector.hebcal_gate: Hebcal refreshed: 5 start(s), 2 end(s) (geo=281184, diaspora=True)
2026-09-30 06:38:20 [INFO] shabbat_detector.hebcal_gate: Hebcal refreshed: 5 start(s), 2 end(s) (geo=281184, diaspora=True)
2026-09-30 06:48:37 [INFO] shabbat_detector.hebcal_gate: Hebcal refreshed: 5 start(s), 2 end(s) (geo=281184, diaspora=True)
2026-09-30 06:58:43 [INFO] shabbat_detector.hebcal_gate: Hebcal refreshed: 5 start(s), 2 end(s) (geo=281184, diaspora=True)
2026-09-30 06:59:54 [INFO] shabbat_detector.cycle_analyzer: Cycle recovered (missed TOP-terminal read): 620s, up_stops=['-2', '7'], down_stops=['-1', '-2', '9', '-2', '-1', '-2', '-1']
2026-09-30 06:59:54 [INFO] shabbat_detector.fsm: [C] DetectorState.CANDIDATE_SHABBAT → DetectorState.NORMAL
2026-09-30 06:59:54 [INFO] detector: SHABBAT TRANSITION CANDIDATE_SHABBAT -> NORMAL | סיבה: מחזור לא תאם - עצירות לא חוקיות בעלייה: ['7']; כיסוי קומות חלקי (עלייה 33%, ירידה 21%); 3 חריגות טיימינג
2026-09-30 07:00:55 [INFO] detector: Config updated remotely (keys=['SHABBAT_DETECTOR'])
2026-09-30 07:09:14 [INFO] shabbat_detector.hebcal_gate: Hebcal refreshed: 5 start(s), 2 end(s) (geo=281184, diaspora=True)
2026-09-30 07:09:14 [INFO] shabbat_detector.cycle_analyzer: Cycle recovered (missed TOP-terminal read): 585s, up_stops=['-2', '4', '6', '11'], down_stops=['9', '-1', '6', '-2', '11', '7', '6', '-1', '-2', '8', '3', '-1', '-2']
2026-09-30 07:09:14 [INFO] shabbat_detector.fsm: [C] DetectorState.NORMAL → DetectorState.CANDIDATE_SHABBAT
2026-09-30 07:09:14 [INFO] detector: SHABBAT TRANSITION NORMAL -> CANDIDATE_SHABBAT | סיבה: מחזור אפשרי החל - ממתין להשלמה
2026-09-30 07:09:14 [INFO] shabbat_detector.fsm: [C] DetectorState.CANDIDATE_SHABBAT → DetectorState.NORMAL
2026-09-30 07:09:14 [INFO] detector: SHABBAT TRANSITION CANDIDATE_SHABBAT -> NORMAL | סיבה: מחזור לא תאם - עצירות לא חוקיות בעלייה: ['11', '4', '6']; כיסוי קומות חלקי (עלייה 33%, ירידה 56%); 7 חריגות טיימינג
2026-09-30 07:09:15 [INFO] detector: Config updated remotely (keys=['SHABBAT_DETECTOR'])
2026-09-30 07:10:44 [INFO] detector: Config updated remotely (keys=['SHABBAT_DETECTOR'])
2026-09-30 07:20:19 [INFO] shabbat_detector.hebcal_gate: Hebcal refreshed: 5 start(s), 2 end(s) (geo=281184, diaspora=True)
2026-09-30 07:30:26 [INFO] shabbat_detector.hebcal_gate: Hebcal refreshed: 5 start(s), 2 end(s) (geo=281184, diaspora=True)
2026-09-30 07:30:42 [INFO] shabbat_detector.cycle_analyzer: Cycle recovered (missed TOP-terminal read): 1305s, up_stops=['-2', '1', '8', '-2', '8', '7', '-2', '1', '-2', '10', '8', '7', '6', '-2', '6', '10', '-1', '11', '-1', '-2', '9', '-1', '-2', '3', '12'], down_stops=['7', '-2', '-1']
2026-09-30 07:30:42 [INFO] shabbat_detector.fsm: [C] DetectorState.NORMAL → DetectorState.CANDIDATE_SHABBAT
2026-09-30 07:30:42 [INFO] detector: SHABBAT TRANSITION NORMAL -> CANDIDATE_SHABBAT | סיבה: מחזור אפשרי החל - ממתין להשלמה
2026-09-30 07:30:42 [INFO] shabbat_detector.fsm: [C] DetectorState.CANDIDATE_SHABBAT → DetectorState.NORMAL
2026-09-30 07:30:42 [INFO] detector: SHABBAT TRANSITION CANDIDATE_SHABBAT -> NORMAL | סיבה: מחזור לא תאם - עצירות לא חוקיות בעלייה: ['1', '10', '11', '12', '3', '6', '7', '8', '9']; כיסוי קומות חלקי (עלייה 67%, ירידה 21%); קפיצות-אחורה (עלייה 13, ירידה 1); חזרות על קומות (עלייה 14, ירידה 0); 9 חריגות טיימינג
2026-09-30 07:30:42 [INFO] detector: Config updated remotely (keys=['SHABBAT_DETECTOR'])
2026-09-30 07:32:12 [INFO] detector: Config updated remotely (keys=['SHABBAT_DETECTOR'])
2026-09-30 07:40:37 [INFO] shabbat_detector.hebcal_gate: Hebcal refreshed: 5 start(s), 2 end(s) (geo=281184, diaspora=True)
2026-09-30 07:50:56 [INFO] shabbat_detector.hebcal_gate: Hebcal refreshed: 5 start(s), 2 end(s) (geo=281184, diaspora=True)
2026-09-30 08:00:53 [INFO] shabbat_detector.hebcal_gate: Hebcal refreshed: 5 start(s), 2 end(s) (geo=281184, diaspora=True)
2026-09-30 08:02:50 [INFO] shabbat_detector.cycle_analyzer: Cycle recovered (missed TOP-terminal read): 1902s, up_stops=['3', '-1', '6', '5', '-1', '-2', '4', '5', '-1', '0', '-2', '7', '8', '-2', '7', '-1', '-2', '-1', '7', '5', '3', '-1', '-2', '3', '-1', '12'], down_stops=['8', '6', '-1', '-2', '-1', '8', '9', '-1', '8', '7', '-2', '8', '-2', '7', '9', '10', '11', '6', '-1', '-2', '1', '12', '10', '5', '4', '-1', '2', '8', '-2', '7', '11', '9', '0', '-1', '8', '11', '9', '6', '0', '-1', '-2', '5', '8', '-1', '11', '9', '-1']
2026-09-30 08:02:50 [INFO] shabbat_detector.fsm: [C] DetectorState.NORMAL → DetectorState.CANDIDATE_SHABBAT
2026-09-30 08:02:50 [INFO] detector: SHABBAT TRANSITION NORMAL -> CANDIDATE_SHABBAT | סיבה: מחזור אפשרי החל - ממתין להשלמה
2026-09-30 08:02:50 [INFO] shabbat_detector.fsm: [C] DetectorState.CANDIDATE_SHABBAT → DetectorState.NORMAL
2026-09-30 08:02:50 [INFO] detector: SHABBAT TRANSITION CANDIDATE_SHABBAT -> NORMAL | סיבה: מחזור לא תאם - עצירות לא חוקיות בעלייה: ['12', '3', '4', '5', '6', '7', '8']; עצירות לא חוקיות בירידה: ['12']; קפיצות-אחורה (עלייה 14, ירידה 20); חזרות על קומות (עלייה 16, ירידה 33); 12 חריגות טיימינג
2026-09-30 08:02:50 [INFO] detector: Config updated remotely (keys=['SHABBAT_DETECTOR'])
2026-09-30 08:04:51 [INFO] detector: Config updated remotely (keys=['SHABBAT_DETECTOR'])
2026-09-30 08:07:37 [INFO] shabbat_detector.cycle_analyzer: Cycle aborted: returned to BOTTOM without reaching TOP
2026-09-30 08:07:37 [INFO] shabbat_detector.fsm: [C] DetectorState.NORMAL → DetectorState.CANDIDATE_SHABBAT
2026-09-30 08:07:37 [INFO] detector: SHABBAT TRANSITION NORMAL -> CANDIDATE_SHABBAT | סיבה: מחזור אפשרי החל - ממתין להשלמה
2026-09-30 08:08:08 [INFO] detector: Config updated remotely (keys=['SHABBAT_DETECTOR'])
2026-09-30 08:11:22 [INFO] shabbat_detector.hebcal_gate: Hebcal refreshed: 5 start(s), 2 end(s) (geo=281184, diaspora=True)
2026-09-30 08:21:05 [INFO] shabbat_detector.hebcal_gate: Hebcal refreshed: 5 start(s), 2 end(s) (geo=281184, diaspora=True)
2026-09-30 08:37:44 [INFO] shabbat_detector.hebcal_gate: Hebcal refreshed: 5 start(s), 2 end(s) (geo=281184, diaspora=True)
2026-09-30 08:37:44 [INFO] shabbat_detector.cycle_analyzer: Elevator idle 494s - resetting cycle (was in _Phase.LEG_ONE)
2026-09-30 08:48:01 [INFO] shabbat_detector.hebcal_gate: Hebcal refreshed: 5 start(s), 2 end(s) (geo=281184, diaspora=True)
2026-09-30 08:53:48 [INFO] shabbat_detector.cycle_analyzer: Cycle recovered (missed TOP-terminal read): 573s, up_stops=['-1', '-2', '-1', '5', '11', '12'], down_stops=['0', '4', '-1', '6', '-1']
2026-09-30 08:53:48 [INFO] shabbat_detector.fsm: [C] DetectorState.CANDIDATE_SHABBAT → DetectorState.NORMAL
2026-09-30 08:53:48 [INFO] detector: SHABBAT TRANSITION CANDIDATE_SHABBAT -> NORMAL | סיבה: מחזור לא תאם - עצירות לא חוקיות בעלייה: ['11', '12', '5']; כיסוי קומות חלקי (עלייה 67%, ירידה 28%); 5 חריגות טיימינג
2026-09-30 08:55:48 [INFO] detector: Config updated remotely (keys=['SHABBAT_DETECTOR'])
2026-09-30 08:58:44 [INFO] shabbat_detector.hebcal_gate: Hebcal refreshed: 5 start(s), 2 end(s) (geo=281184, diaspora=True)
2026-09-30 09:09:09 [INFO] shabbat_detector.hebcal_gate: Hebcal refreshed: 5 start(s), 2 end(s) (geo=281184, diaspora=True)
2026-09-30 09:19:44 [INFO] shabbat_detector.hebcal_gate: Hebcal refreshed: 5 start(s), 2 end(s) (geo=281184, diaspora=True)
2026-09-30 09:30:23 [INFO] shabbat_detector.hebcal_gate: Hebcal refreshed: 5 start(s), 2 end(s) (geo=281184, diaspora=True)
2026-09-30 09:40:40 [INFO] shabbat_detector.hebcal_gate: Hebcal refreshed: 5 start(s), 2 end(s) (geo=281184, diaspora=True)
2026-09-30 09:45:58 [INFO] shabbat_detector.cycle_analyzer: Cycle recovered (missed TOP-terminal read): 3134s, up_stops=['12'], down_stops=['11', '10', '4', '-1', '0', '-1', '-2', '6', '11', '1', '0', '-1', '2', '-1', '2', '-1', '0', '1', '0', '12', '0', '-1', '1', '4', '8', '-1', '6', '4', '-1', '2', '4', '-1', '4', '5', '-1', '2', '3', '9', '-1', '7', '-1', '6', '2', '-1', '5', '11', '9', '8', '6', '5', '-1', '4', '5', '8', '9', '11', '5', '-1', '1', '9', '-2', '-1', '12', '-1', '2', '12', '6', '-1', '1', '5', '2', '-1', '3', '5', '0', '-1', '-2', '5', '1', '-1', '6', '-2', '-1', '2', '5', '4', '2', '-1', '-2', '-1', '2', '7', '11', '-1', '8', '12', '10', '-1', '4', '-1', '2', '-1', '-1']
2026-09-30 09:45:58 [INFO] shabbat_detector.fsm: [C] DetectorState.NORMAL → DetectorState.CANDIDATE_SHABBAT
2026-09-30 09:45:58 [INFO] detector: SHABBAT TRANSITION NORMAL -> CANDIDATE_SHABBAT | סיבה: מחזור אפשרי החל - ממתין להשלמה
2026-09-30 09:45:59 [INFO] shabbat_detector.fsm: [C] DetectorState.CANDIDATE_SHABBAT → DetectorState.NORMAL
2026-09-30 09:45:59 [INFO] detector: SHABBAT TRANSITION CANDIDATE_SHABBAT -> NORMAL | סיבה: מחזור לא תאם - עצירות לא חוקיות בעלייה: ['12']; עצירות לא חוקיות בירידה: ['12']; כיסוי קומות חלקי (עלייה 0%, ירידה 100%); קפיצות-אחורה (עלייה 0, ירידה 51); חזרות על קומות (עלייה 0, ירידה 88); 12 חריגות טיימינג
2026-09-30 09:45:59 [INFO] detector: Config updated remotely (keys=['SHABBAT_DETECTOR'])
2026-09-30 09:47:59 [INFO] detector: Config updated remotely (keys=['SHABBAT_DETECTOR'])
2026-09-30 09:50:40 [INFO] shabbat_detector.hebcal_gate: Hebcal refreshed: 5 start(s), 2 end(s) (geo=281184, diaspora=True)
2026-09-30 10:01:04 [WARNING] shabbat_detector.hebcal_gate: Diaspora Hebcal fetch failed (ignored): HTTPSConnectionPool(host='www.hebcal.com', port=443): Max retries exceeded with url: /shabbat?cfg=json&m=50&lg=h&gy=2026&gm=9&gd=29&geo=pos&latitude=31.76904&longitude=35.21633&tzid=Europe%2FAthens&i=off (Caused by SSLError(SSLEOFError(8, '[SSL: UNEXPECTED_EOF_WHILE_READING] EOF occurred in violation of protocol (_ssl.c:1029)')))
2026-09-30 10:01:04 [INFO] shabbat_detector.hebcal_gate: Hebcal refreshed: 2 start(s), 1 end(s) (geo=281184, diaspora=True)
2026-09-30 10:09:07 [INFO] shabbat_detector.cycle_analyzer: Cycle recovered (missed TOP-terminal read): 1409s, up_stops=['0', '-1', '2', '-1', '0', '4', '-1', '10', '3', '-1', '0', '-1', '6', '1', '-1', '1', '2', '0', '-2', '12'], down_stops=['8', '2', '-1', '4', '5', '3', '-1', '2', '0', '-1', '5', '-2', '7', '11', '-1']
2026-09-30 10:09:07 [INFO] shabbat_detector.fsm: [C] DetectorState.NORMAL → DetectorState.CANDIDATE_SHABBAT
2026-09-30 10:09:07 [INFO] detector: SHABBAT TRANSITION NORMAL -> CANDIDATE_SHABBAT | סיבה: מחזור אפשרי החל - ממתין להשלמה
2026-09-30 10:09:07 [INFO] shabbat_detector.fsm: [C] DetectorState.CANDIDATE_SHABBAT → DetectorState.NORMAL
2026-09-30 10:09:07 [INFO] detector: SHABBAT TRANSITION CANDIDATE_SHABBAT -> NORMAL | סיבה: מחזור לא תאם - עצירות לא חוקיות בעלייה: ['1', '10', '12', '2', '3', '4', '6']; קפיצות-אחורה (עלייה 10, ירידה 6); 13 חריגות טיימינג
2026-09-30 10:09:07 [INFO] detector: Config updated remotely (keys=['SHABBAT_DETECTOR'])
2026-09-30 10:11:08 [INFO] detector: Config updated remotely (keys=['SHABBAT_DETECTOR'])
2026-09-30 10:12:20 [INFO] shabbat_detector.hebcal_gate: Hebcal refreshed: 5 start(s), 2 end(s) (geo=281184, diaspora=True)
2026-09-30 10:12:20 [INFO] shabbat_detector.cycle_analyzer: Cycle recovered (missed TOP-terminal read): 196s, up_stops=['-1', '6', '11'], down_stops=['-1']
2026-09-30 10:12:20 [INFO] shabbat_detector.fsm: [C] DetectorState.NORMAL → DetectorState.CANDIDATE_SHABBAT
2026-09-30 10:12:20 [INFO] detector: SHABBAT TRANSITION NORMAL -> CANDIDATE_SHABBAT | סיבה: מחזור אפשרי החל - ממתין להשלמה
2026-09-30 10:12:20 [INFO] shabbat_detector.fsm: [C] DetectorState.CANDIDATE_SHABBAT → DetectorState.NORMAL
2026-09-30 10:12:20 [INFO] detector: SHABBAT TRANSITION CANDIDATE_SHABBAT -> NORMAL | סיבה: מחזור לא תאם - עצירות לא חוקיות בעלייה: ['11', '6']; כיסוי קומות חלקי (עלייה 33%, ירידה 7%); 2 חריגות טיימינג
2026-09-30 10:12:21 [INFO] detector: Config updated remotely (keys=['SHABBAT_DETECTOR'])
2026-09-30 10:13:51 [INFO] detector: Config updated remotely (keys=['SHABBAT_DETECTOR'])
2026-09-30 10:16:02 [INFO] shabbat_detector.cycle_analyzer: Cycle recovered (missed TOP-terminal read): 226s, up_stops=['-1', '8', '0', '-1', '8', '10', '12'], down_stops=['-1']
2026-09-30 10:16:02 [INFO] shabbat_detector.fsm: [C] DetectorState.NORMAL → DetectorState.CANDIDATE_SHABBAT
2026-09-30 10:16:02 [INFO] detector: SHABBAT TRANSITION NORMAL -> CANDIDATE_SHABBAT | סיבה: מחזור אפשרי החל - ממתין להשלמה
2026-09-30 10:16:02 [INFO] shabbat_detector.fsm: [C] DetectorState.CANDIDATE_SHABBAT → DetectorState.NORMAL
2026-09-30 10:16:02 [INFO] detector: SHABBAT TRANSITION CANDIDATE_SHABBAT -> NORMAL | סיבה: מחזור לא תאם - עצירות לא חוקיות בעלייה: ['10', '12', '8']; כיסוי קומות חלקי (עלייה 67%, ירידה 7%); 5 חריגות טיימינג
2026-09-30 10:16:03 [INFO] detector: Config updated remotely (keys=['SHABBAT_DETECTOR'])
2026-09-30 10:17:33 [INFO] detector: Config updated remotely (keys=['SHABBAT_DETECTOR'])
2026-09-30 10:19:25 [INFO] shabbat_detector.cycle_analyzer: Cycle aborted: returned to BOTTOM without reaching TOP
2026-09-30 10:19:25 [INFO] shabbat_detector.fsm: [C] DetectorState.NORMAL → DetectorState.CANDIDATE_SHABBAT
2026-09-30 10:19:25 [INFO] detector: SHABBAT TRANSITION NORMAL -> CANDIDATE_SHABBAT | סיבה: מחזור אפשרי החל - ממתין להשלמה
2026-09-30 10:20:55 [INFO] detector: Config updated remotely (keys=['SHABBAT_DETECTOR'])
2026-09-30 10:23:05 [INFO] shabbat_detector.hebcal_gate: Hebcal refreshed: 5 start(s), 2 end(s) (geo=281184, diaspora=True)
2026-09-30 10:23:59 [INFO] shabbat_detector.cycle_analyzer: Cycle aborted: returned to BOTTOM without reaching TOP
2026-09-30 10:33:19 [INFO] shabbat_detector.hebcal_gate: Hebcal refreshed: 5 start(s), 2 end(s) (geo=281184, diaspora=True)
2026-09-30 10:34:11 [INFO] shabbat_detector.cycle_analyzer: Cycle recovered (missed TOP-terminal read): 614s, up_stops=['-1', '0', '2', '0', '1', '2', '-1', '4', '-1', '10', '9', '2', '-1', '1', '5', '-1', '3', '4', '12'], down_stops=['-1', '3', '5', '6', '-1']
2026-09-30 10:34:11 [INFO] shabbat_detector.fsm: [C] DetectorState.CANDIDATE_SHABBAT → DetectorState.NORMAL
2026-09-30 10:34:11 [INFO] detector: SHABBAT TRANSITION CANDIDATE_SHABBAT -> NORMAL | סיבה: מחזור לא תאם - עצירות לא חוקיות בעלייה: ['1', '10', '12', '2', '3', '4', '5', '9']; כיסוי קומות חלקי (עלייה 67%, ירידה 28%); קפיצות-אחורה (עלייה 7, ירידה 3); 8 חריגות טיימינג
2026-09-30 10:35:41 [INFO] detector: Config updated remotely (keys=['SHABBAT_DETECTOR'])
2026-09-30 10:40:25 [INFO] shabbat_detector.cycle_analyzer: Cycle recovered (missed TOP-terminal read): 384s, up_stops=['-1', '12'], down_stops=['6', '4', '-1', '11', '-1', '2', '6', '10', '9', '-1', '-2']
2026-09-30 10:40:25 [INFO] shabbat_detector.fsm: [C] DetectorState.NORMAL → DetectorState.CANDIDATE_SHABBAT
2026-09-30 10:40:25 [INFO] detector: SHABBAT TRANSITION NORMAL -> CANDIDATE_SHABBAT | סיבה: מחזור אפשרי החל - ממתין להשלמה
2026-09-30 10:40:26 [INFO] shabbat_detector.fsm: [C] DetectorState.CANDIDATE_SHABBAT → DetectorState.NORMAL
2026-09-30 10:40:26 [INFO] detector: SHABBAT TRANSITION CANDIDATE_SHABBAT -> NORMAL | סיבה: מחזור לא תאם - עצירות לא חוקיות בעלייה: ['12']; כיסוי קומות חלקי (עלייה 33%, ירידה 56%); 4 חריגות טיימינג
2026-09-30 10:40:26 [INFO] detector: Config updated remotely (keys=['SHABBAT_DETECTOR'])
2026-09-30 10:41:56 [INFO] detector: Config updated remotely (keys=['SHABBAT_DETECTOR'])
2026-09-30 10:43:39 [INFO] shabbat_detector.hebcal_gate: Hebcal refreshed: 5 start(s), 2 end(s) (geo=281184, diaspora=True)
2026-09-30 10:53:30 [INFO] shabbat_detector.cycle_analyzer: Cycle recovered (missed TOP-terminal read): 759s, up_stops=['-1', '-2', '-1', '5', '12'], down_stops=['-1', '5', '-1', '1', '6', '-2', '1', '3', '6', '12', '11', '-1', '-2', '2', '5', '12', '-1', '-2', '-1', '2', '5', '11', '-1']
2026-09-30 10:53:30 [INFO] shabbat_detector.fsm: [C] DetectorState.NORMAL → DetectorState.CANDIDATE_SHABBAT
2026-09-30 10:53:30 [INFO] detector: SHABBAT TRANSITION NORMAL -> CANDIDATE_SHABBAT | סיבה: מחזור אפשרי החל - ממתין להשלמה
2026-09-30 10:53:30 [INFO] shabbat_detector.fsm: [C] DetectorState.CANDIDATE_SHABBAT → DetectorState.NORMAL
2026-09-30 10:53:30 [INFO] detector: SHABBAT TRANSITION CANDIDATE_SHABBAT -> NORMAL | סיבה: מחזור לא תאם - עצירות לא חוקיות בעלייה: ['12', '5']; עצירות לא חוקיות בירידה: ['12']; קפיצות-אחורה (עלייה 1, ירידה 14); חזרות על קומות (עלייה 1, ירידה 14); 7 חריגות טיימינג
2026-09-30 10:53:31 [INFO] detector: Config updated remotely (keys=['SHABBAT_DETECTOR'])
2026-09-30 10:53:35 [INFO] shabbat_detector.hebcal_gate: Hebcal refreshed: 5 start(s), 2 end(s) (geo=281184, diaspora=True)
2026-09-30 10:55:00 [INFO] detector: Config updated remotely (keys=['SHABBAT_DETECTOR'])
2026-09-30 11:00:12 [INFO] shabbat_detector.cycle_analyzer: Cycle recovered (missed TOP-terminal read): 423s, up_stops=['-2', '2', '5', '6', '12'], down_stops=['-1', '12', '-2', '-1', '8', '12', '6', '4', '-1']
2026-09-30 11:00:12 [INFO] shabbat_detector.fsm: [C] DetectorState.NORMAL → DetectorState.CANDIDATE_SHABBAT
2026-09-30 11:00:12 [INFO] detector: SHABBAT TRANSITION NORMAL -> CANDIDATE_SHABBAT | סיבה: מחזור אפשרי החל - ממתין להשלמה
2026-09-30 11:00:13 [INFO] shabbat_detector.fsm: [C] DetectorState.CANDIDATE_SHABBAT → DetectorState.NORMAL
2026-09-30 11:00:13 [INFO] detector: SHABBAT TRANSITION CANDIDATE_SHABBAT -> NORMAL | סיבה: מחזור לא תאם - עצירות לא חוקיות בעלייה: ['12', '2', '5', '6']; עצירות לא חוקיות בירידה: ['12']; כיסוי קומות חלקי (עלייה 33%, ירידה 36%); 5 חריגות טיימינג
2026-09-30 11:00:13 [INFO] detector: Config updated remotely (keys=['SHABBAT_DETECTOR'])
2026-09-30 11:00:43 [INFO] detector: Config updated remotely (keys=['SHABBAT_DETECTOR'])
2026-09-30 11:03:48 [INFO] shabbat_detector.hebcal_gate: Hebcal refreshed: 5 start(s), 2 end(s) (geo=281184, diaspora=True)
2026-09-30 11:05:36 [INFO] shabbat_detector.cycle_analyzer: Cycle recovered (missed TOP-terminal read): 319s, up_stops=['-2', '-1', '0', '1', '3', '4', '10', '11', '12'], down_stops=['11', '1', '12']
2026-09-30 11:05:36 [INFO] shabbat_detector.fsm: [C] DetectorState.NORMAL → DetectorState.CANDIDATE_SHABBAT
2026-09-30 11:05:36 [INFO] detector: SHABBAT TRANSITION NORMAL -> CANDIDATE_SHABBAT | סיבה: מחזור אפשרי החל - ממתין להשלמה
2026-09-30 11:05:36 [INFO] shabbat_detector.fsm: [C] DetectorState.CANDIDATE_SHABBAT → DetectorState.NORMAL
2026-09-30 11:05:36 [INFO] detector: SHABBAT TRANSITION CANDIDATE_SHABBAT -> NORMAL | סיבה: מחזור לא תאם - עצירות לא חוקיות בעלייה: ['1', '10', '11', '12', '3', '4']; עצירות לא חוקיות בירידה: ['12']; כיסוי קומות חלקי (עלייה 100%, ירידה 14%); 8 חריגות טיימינג
2026-09-30 11:05:36 [INFO] detector: Config updated remotely (keys=['SHABBAT_DETECTOR'])
2026-09-30 11:07:07 [INFO] detector: Config updated remotely (keys=['SHABBAT_DETECTOR'])
2026-09-30 11:11:01 [INFO] shabbat_detector.cycle_analyzer: Cycle aborted: returned to BOTTOM without reaching TOP
2026-09-30 11:11:01 [INFO] shabbat_detector.fsm: [C] DetectorState.NORMAL → DetectorState.CANDIDATE_SHABBAT
2026-09-30 11:11:01 [INFO] detector: SHABBAT TRANSITION NORMAL -> CANDIDATE_SHABBAT | סיבה: מחזור אפשרי החל - ממתין להשלמה
2026-09-30 11:12:32 [INFO] detector: Config updated remotely (keys=['SHABBAT_DETECTOR'])
2026-09-30 11:14:13 [INFO] shabbat_detector.hebcal_gate: Hebcal refreshed: 5 start(s), 2 end(s) (geo=281184, diaspora=True)
2026-09-30 11:19:19 [INFO] shabbat_detector.cycle_analyzer: Cycle recovered (missed TOP-terminal read): 499s, up_stops=['4', '-1', '12'], down_stops=['2', '1', '-1', '11', '12', '7', '6', '4', '-1', '12', '9', '8', '1', '-1']
2026-09-30 11:19:19 [INFO] shabbat_detector.fsm: [C] DetectorState.CANDIDATE_SHABBAT → DetectorState.NORMAL
2026-09-30 11:19:19 [INFO] detector: SHABBAT TRANSITION CANDIDATE_SHABBAT -> NORMAL | סיבה: מחזור לא תאם - עצירות לא חוקיות בעלייה: ['12', '4']; עצירות לא חוקיות בירידה: ['12']; כיסוי קומות חלקי (עלייה 33%, ירידה 64%); 5 חריגות טיימינג
2026-09-30 11:19:50 [INFO] detector: Config updated remotely (keys=['SHABBAT_DETECTOR'])
2026-09-30 11:20:32 [INFO] shabbat_detector.cycle_analyzer: Cycle aborted: returned to BOTTOM without reaching TOP
2026-09-30 11:20:32 [INFO] shabbat_detector.fsm: [C] DetectorState.NORMAL → DetectorState.CANDIDATE_SHABBAT
2026-09-30 11:20:32 [INFO] detector: SHABBAT TRANSITION NORMAL -> CANDIDATE_SHABBAT | סיבה: מחזור אפשרי החל - ממתין להשלמה
2026-09-30 11:21:03 [INFO] detector: Config updated remotely (keys=['SHABBAT_DETECTOR'])
2026-09-30 11:24:14 [INFO] shabbat_detector.hebcal_gate: Hebcal refreshed: 5 start(s), 2 end(s) (geo=281184, diaspora=True)
2026-09-30 11:25:24 [INFO] shabbat_detector.cycle_analyzer: Cycle recovered (missed TOP-terminal read): 304s, up_stops=['3', '-1', '5', '11', '-1', '12'], down_stops=['3', '4']
2026-09-30 11:25:24 [INFO] shabbat_detector.fsm: [C] DetectorState.CANDIDATE_SHABBAT → DetectorState.NORMAL
2026-09-30 11:25:24 [INFO] detector: SHABBAT TRANSITION CANDIDATE_SHABBAT -> NORMAL | סיבה: מחזור לא תאם - עצירות לא חוקיות בעלייה: ['11', '12', '3', '5']; כיסוי קומות חלקי (עלייה 33%, ירידה 14%); 5 חריגות טיימינג
2026-09-30 11:25:54 [INFO] detector: Config updated remotely (keys=['SHABBAT_DETECTOR'])
2026-09-30 11:26:37 [INFO] shabbat_detector.cycle_analyzer: Cycle aborted: returned to BOTTOM without reaching TOP
2026-09-30 11:26:37 [INFO] shabbat_detector.fsm: [C] DetectorState.NORMAL → DetectorState.CANDIDATE_SHABBAT
2026-09-30 11:26:37 [INFO] detector: SHABBAT TRANSITION NORMAL -> CANDIDATE_SHABBAT | סיבה: מחזור אפשרי החל - ממתין להשלמה
2026-09-30 11:27:07 [INFO] detector: Config updated remotely (keys=['SHABBAT_DETECTOR'])
2026-09-30 11:30:36 [INFO] shabbat_detector.cycle_analyzer: Cycle aborted: returned to BOTTOM without reaching TOP
2026-09-30 11:31:41 [INFO] shabbat_detector.cycle_analyzer: Cycle aborted: returned to BOTTOM without reaching TOP
2026-09-30 11:34:19 [INFO] shabbat_detector.cycle_analyzer: Cycle aborted: returned to BOTTOM without reaching TOP
2026-09-30 11:34:44 [INFO] shabbat_detector.hebcal_gate: Hebcal refreshed: 5 start(s), 2 end(s) (geo=281184, diaspora=True)
2026-09-30 11:44:01 [INFO] shabbat_detector.cycle_analyzer: Cycle recovered (missed TOP-terminal read): 590s, up_stops=['-2', '-1', '0', '2', '12'], down_stops=['7', '6', '-1', '0', '9', '-1', '8', '12', '-1', '-2', '3', '5', '-1', '12', '2', '-1']
2026-09-30 11:44:01 [INFO] shabbat_detector.fsm: [C] DetectorState.CANDIDATE_SHABBAT → DetectorState.NORMAL
2026-09-30 11:44:01 [INFO] detector: SHABBAT TRANSITION CANDIDATE_SHABBAT -> NORMAL | סיבה: מחזור לא תאם - עצירות לא חוקיות בעלייה: ['12', '2']; עצירות לא חוקיות בירידה: ['12']; קפיצות-אחורה (עלייה 0, ירידה 7); 10 חריגות טיימינג
2026-09-30 11:45:35 [INFO] shabbat_detector.hebcal_gate: Hebcal refreshed: 5 start(s), 2 end(s) (geo=281184, diaspora=True)
2026-09-30 11:46:01 [INFO] detector: Config updated remotely (keys=['SHABBAT_DETECTOR'])
2026-09-30 11:51:16 [INFO] shabbat_detector.firebase_client: SSE stream connecting: https://ramada-elev-default-rtdb.europe-west1.firebasedatabase.app/elevator_configs/C.json
2026-09-30 11:52:16 [INFO] detector: Config updated remotely (keys=['AUTO_LEARN_CONFIG', 'BOTTOM_FLOOR', 'FLOOR_WAITS', 'SHABBAT_ACTIVE', 'SHABBAT_BREAK_ACTIVE', 'SHABBAT_DETECTOR', 'SHABBAT_MODE', 'STOPPING_FLOORS', 'STOPPING_FLOORS_DOWN', 'STOPPING_FLOORS_UP', 'TIME_PASS_FLOOR', 'TIME_PER_FLOOR', 'TOP_FLOOR', 'VISIBLE_FLOORS', 'secret_key'])
2026-09-30 11:55:31 [INFO] shabbat_detector.hebcal_gate: Hebcal refreshed: 5 start(s), 2 end(s) (geo=281184, diaspora=True)
2026-09-30 11:56:23 [INFO] shabbat_detector.cycle_analyzer: Cycle recovered (missed TOP-terminal read): 750s, up_stops=['2', '-2', '8', '7', '-1', '8', '0', '-1', '6', '12'], down_stops=['-1', '4']
2026-09-30 11:56:23 [INFO] shabbat_detector.fsm: [C] DetectorState.NORMAL → DetectorState.CANDIDATE_SHABBAT
2026-09-30 11:56:23 [INFO] detector: SHABBAT TRANSITION NORMAL -> CANDIDATE_SHABBAT | סיבה: מחזור אפשרי החל - ממתין להשלמה
2026-09-30 11:56:24 [INFO] shabbat_detector.fsm: [C] DetectorState.CANDIDATE_SHABBAT → DetectorState.NORMAL
2026-09-30 11:56:24 [INFO] detector: SHABBAT TRANSITION CANDIDATE_SHABBAT -> NORMAL | סיבה: מחזור לא תאם - עצירות לא חוקיות בעלייה: ['12', '2', '6', '7', '8']; כיסוי קומות חלקי (עלייה 100%, ירידה 14%); קפיצות-אחורה (עלייה 5, ירידה 1); 6 חריגות טיימינג
2026-09-30 11:56:24 [INFO] detector: Config updated remotely (keys=['SHABBAT_DETECTOR'])
2026-09-30 11:58:54 [INFO] detector: Config updated remotely (keys=['SHABBAT_DETECTOR'])
2026-09-30 12:02:26 [INFO] shabbat_detector.cycle_analyzer: Cycle recovered (missed TOP-terminal read): 360s, up_stops=['-1', '8', '12'], down_stops=['-1', '1', '12', '11', '8', '1', '-1']
2026-09-30 12:02:26 [INFO] shabbat_detector.fsm: [C] DetectorState.NORMAL → DetectorState.CANDIDATE_SHABBAT
2026-09-30 12:02:26 [INFO] detector: SHABBAT TRANSITION NORMAL -> CANDIDATE_SHABBAT | סיבה: מחזור אפשרי החל - ממתין להשלמה
2026-09-30 12:02:26 [INFO] shabbat_detector.fsm: [C] DetectorState.CANDIDATE_SHABBAT → DetectorState.NORMAL
2026-09-30 12:02:26 [INFO] detector: SHABBAT TRANSITION CANDIDATE_SHABBAT -> NORMAL | סיבה: מחזור לא תאם - עצירות לא חוקיות בעלייה: ['12', '8']; עצירות לא חוקיות בירידה: ['12']; כיסוי קומות חלקי (עלייה 33%, ירידה 28%); 1 חריגות טיימינג
2026-09-30 12:02:27 [INFO] detector: Config updated remotely (keys=['SHABBAT_DETECTOR'])
2026-09-30 12:03:27 [INFO] detector: Config updated remotely (keys=['SHABBAT_DETECTOR'])
2026-09-30 12:05:47 [INFO] shabbat_detector.hebcal_gate: Hebcal refreshed: 5 start(s), 2 end(s) (geo=281184, diaspora=True)
2026-09-30 12:15:49 [INFO] shabbat_detector.hebcal_gate: Hebcal refreshed: 5 start(s), 2 end(s) (geo=281184, diaspora=True)
2026-09-30 12:16:26 [INFO] shabbat_detector.cycle_analyzer: Cycle recovered (missed TOP-terminal read): 837s, up_stops=['6', '-1', '-2', '-1', '11', '3', '-1', '-2', '-1', '4', '-2', '-1', '2', '12'], down_stops=['2', '-1', '9', '6', '-1', '1', '-1', '11']
2026-09-30 12:16:26 [INFO] shabbat_detector.fsm: [C] DetectorState.NORMAL → DetectorState.CANDIDATE_SHABBAT
2026-09-30 12:16:26 [INFO] detector: SHABBAT TRANSITION NORMAL -> CANDIDATE_SHABBAT | סיבה: מחזור אפשרי החל - ממתין להשלמה
2026-09-30 12:16:26 [INFO] shabbat_detector.fsm: [C] DetectorState.CANDIDATE_SHABBAT → DetectorState.NORMAL
2026-09-30 12:16:26 [INFO] detector: SHABBAT TRANSITION CANDIDATE_SHABBAT -> NORMAL | סיבה: מחזור לא תאם - עצירות לא חוקיות בעלייה: ['11', '12', '2', '3', '4', '6']; כיסוי קומות חלקי (עלייה 67%, ירידה 43%); קפיצות-אחורה (עלייה 6, ירידה 3); 8 חריגות טיימינג
2026-09-30 12:16:26 [INFO] detector: Config updated remotely (keys=['SHABBAT_DETECTOR'])
2026-09-30 12:17:26 [INFO] detector: Config updated remotely (keys=['SHABBAT_DETECTOR'])
2026-09-30 12:17:51 [INFO] shabbat_detector.cycle_analyzer: Cycle aborted: returned to BOTTOM without reaching TOP
2026-09-30 12:17:51 [INFO] shabbat_detector.fsm: [C] DetectorState.NORMAL → DetectorState.CANDIDATE_SHABBAT
2026-09-30 12:17:51 [INFO] detector: SHABBAT TRANSITION NORMAL -> CANDIDATE_SHABBAT | סיבה: מחזור אפשרי החל - ממתין להשלמה
2026-09-30 12:18:22 [INFO] detector: Config updated remotely (keys=['SHABBAT_DETECTOR'])
2026-09-30 12:21:32 [INFO] shabbat_detector.cycle_analyzer: Cycle aborted: returned to BOTTOM without reaching TOP
2026-09-30 12:26:06 [INFO] shabbat_detector.hebcal_gate: Hebcal refreshed: 5 start(s), 2 end(s) (geo=281184, diaspora=True)
2026-09-30 12:26:25 [INFO] shabbat_detector.cycle_analyzer: Cycle aborted: returned to BOTTOM without reaching TOP
2026-09-30 12:33:38 [INFO] shabbat_detector.cycle_analyzer: Cycle recovered (missed TOP-terminal read): 395s, up_stops=['6', '11', '6', '-1', '8', '-1', '0', '3', '4', '5', '6', '7', '12'], down_stops=['2', '-1']
2026-09-30 12:33:38 [INFO] shabbat_detector.fsm: [C] DetectorState.CANDIDATE_SHABBAT → DetectorState.NORMAL
2026-09-30 12:33:38 [INFO] detector: SHABBAT TRANSITION CANDIDATE_SHABBAT -> NORMAL | סיבה: מחזור לא תאם - עצירות לא חוקיות בעלייה: ['11', '12', '3', '4', '5', '6', '7', '8']; כיסוי קומות חלקי (עלייה 67%, ירידה 14%); 8 חריגות טיימינג
2026-09-30 12:35:08 [INFO] detector: Config updated remotely (keys=['SHABBAT_DETECTOR'])
2026-09-30 12:35:55 [INFO] shabbat_detector.hebcal_gate: Hebcal refreshed: 5 start(s), 2 end(s) (geo=281184, diaspora=True)
2026-09-30 12:36:33 [INFO] shabbat_detector.cycle_analyzer: Cycle aborted: returned to BOTTOM without reaching TOP
2026-09-30 12:36:33 [INFO] shabbat_detector.fsm: [C] DetectorState.NORMAL → DetectorState.CANDIDATE_SHABBAT
2026-09-30 12:36:33 [INFO] detector: SHABBAT TRANSITION NORMAL -> CANDIDATE_SHABBAT | סיבה: מחזור אפשרי החל - ממתין להשלמה
2026-09-30 12:38:33 [INFO] detector: Config updated remotely (keys=['SHABBAT_DETECTOR'])
2026-09-30 12:40:04 [INFO] shabbat_detector.cycle_analyzer: Cycle aborted: returned to BOTTOM without reaching TOP
2026-09-30 12:45:57 [INFO] shabbat_detector.hebcal_gate: Hebcal refreshed: 5 start(s), 2 end(s) (geo=281184, diaspora=True)
2026-09-30 12:49:02 [INFO] shabbat_detector.cycle_analyzer: Cycle recovered (missed TOP-terminal read): 542s, up_stops=['0', '-1', '0', '-1'], down_stops=['11', '11', '10', '11', '11', '-1', '5', '-1']
2026-09-30 12:49:02 [INFO] shabbat_detector.fsm: [C] DetectorState.CANDIDATE_SHABBAT → DetectorState.NORMAL
2026-09-30 12:49:02 [INFO] detector: SHABBAT TRANSITION CANDIDATE_SHABBAT -> NORMAL | סיבה: מחזור לא תאם - כיסוי קומות חלקי (עלייה 67%, ירידה 28%); 3 חריגות טיימינג
2026-09-30 12:51:03 [INFO] detector: Config updated remotely (keys=['SHABBAT_DETECTOR'])
2026-09-30 12:56:55 [INFO] shabbat_detector.hebcal_gate: Hebcal refreshed: 5 start(s), 2 end(s) (geo=281184, diaspora=True)
2026-09-30 12:57:11 [INFO] shabbat_detector.cycle_analyzer: Cycle aborted: returned to BOTTOM without reaching TOP
2026-09-30 12:57:11 [INFO] shabbat_detector.fsm: [C] DetectorState.NORMAL → DetectorState.CANDIDATE_SHABBAT
2026-09-30 12:57:11 [INFO] detector: SHABBAT TRANSITION NORMAL -> CANDIDATE_SHABBAT | סיבה: מחזור אפשרי החל - ממתין להשלמה
2026-09-30 12:58:42 [INFO] detector: Config updated remotely (keys=['SHABBAT_DETECTOR'])
2026-09-30 13:00:04 [INFO] shabbat_detector.cycle_analyzer: Cycle aborted: returned to BOTTOM without reaching TOP
2026-09-30 13:05:22 [INFO] shabbat_detector.cycle_analyzer: Cycle recovered (missed TOP-terminal read): 318s, up_stops=['11'], down_stops=['7', '-1', '5', '1', '-1']
2026-09-30 13:05:22 [INFO] shabbat_detector.fsm: [C] DetectorState.CANDIDATE_SHABBAT → DetectorState.NORMAL
2026-09-30 13:05:22 [INFO] detector: SHABBAT TRANSITION CANDIDATE_SHABBAT -> NORMAL | סיבה: מחזור לא תאם - עצירות לא חוקיות בעלייה: ['11']; כיסוי קומות חלקי (עלייה 0%, ירידה 28%); 3 חריגות טיימינג
2026-09-30 13:06:08 [INFO] shabbat_detector.cycle_analyzer: Cycle aborted: returned to BOTTOM without reaching TOP
2026-09-30 13:06:08 [INFO] shabbat_detector.fsm: [C] DetectorState.NORMAL → DetectorState.CANDIDATE_SHABBAT
2026-09-30 13:06:08 [INFO] detector: SHABBAT TRANSITION NORMAL -> CANDIDATE_SHABBAT | סיבה: מחזור אפשרי החל - ממתין להשלמה
2026-09-30 13:06:09 [INFO] detector: Config updated remotely (keys=['SHABBAT_DETECTOR'])
2026-09-30 13:07:38 [INFO] shabbat_detector.hebcal_gate: Hebcal refreshed: 5 start(s), 2 end(s) (geo=281184, diaspora=True)
2026-09-30 13:08:09 [INFO] detector: Config updated remotely (keys=['SHABBAT_DETECTOR'])
2026-09-30 13:10:25 [INFO] shabbat_detector.cycle_analyzer: Cycle aborted: returned to BOTTOM without reaching TOP
2026-09-30 13:18:07 [INFO] shabbat_detector.hebcal_gate: Hebcal refreshed: 5 start(s), 2 end(s) (geo=281184, diaspora=True)
2026-09-30 13:26:13 [INFO] shabbat_detector.cycle_analyzer: Cycle recovered (missed TOP-terminal read): 943s, up_stops=['-2', '-1', '0', '6', '-1', '5', '-1', '7', '6', '10', '11', '-1', '12'], down_stops=['-1', '2', '8']
2026-09-30 13:26:13 [INFO] shabbat_detector.fsm: [C] DetectorState.CANDIDATE_SHABBAT → DetectorState.NORMAL
2026-09-30 13:26:13 [INFO] detector: SHABBAT TRANSITION CANDIDATE_SHABBAT -> NORMAL | סיבה: מחזור לא תאם - עצירות לא חוקיות בעלייה: ['10', '11', '12', '5', '6', '7']; כיסוי קומות חלקי (עלייה 100%, ירידה 21%); 10 חריגות טיימינג
2026-09-30 13:26:44 [INFO] detector: Config updated remotely (keys=['SHABBAT_DETECTOR'])
2026-09-30 13:28:19 [INFO] shabbat_detector.hebcal_gate: Hebcal refreshed: 5 start(s), 2 end(s) (geo=281184, diaspora=True)
2026-09-30 13:29:35 [INFO] shabbat_detector.cycle_analyzer: Cycle aborted: returned to BOTTOM without reaching TOP
2026-09-30 13:29:35 [INFO] shabbat_detector.fsm: [C] DetectorState.NORMAL → DetectorState.CANDIDATE_SHABBAT
2026-09-30 13:29:35 [INFO] detector: SHABBAT TRANSITION NORMAL -> CANDIDATE_SHABBAT | סיבה: מחזור אפשרי החל - ממתין להשלמה
2026-09-30 13:30:05 [INFO] detector: Config updated remotely (keys=['SHABBAT_DETECTOR'])
2026-09-30 13:35:53 [INFO] shabbat_detector.cycle_analyzer: Cycle recovered (missed TOP-terminal read): 438s, up_stops=['-1', '1', '11'], down_stops=['7', '-1', '1', '-1', '1', '9', '-1']
2026-09-30 13:35:53 [INFO] shabbat_detector.fsm: [C] DetectorState.CANDIDATE_SHABBAT → DetectorState.NORMAL
2026-09-30 13:35:53 [INFO] detector: SHABBAT TRANSITION CANDIDATE_SHABBAT -> NORMAL | סיבה: מחזור לא תאם - עצירות לא חוקיות בעלייה: ['1', '11']; כיסוי קומות חלקי (עלייה 33%, ירידה 28%); 4 חריגות טיימינג
2026-09-30 13:37:53 [INFO] detector: Config updated remotely (keys=['SHABBAT_DETECTOR'])
2026-09-30 13:39:16 [INFO] shabbat_detector.hebcal_gate: Hebcal refreshed: 5 start(s), 2 end(s) (geo=281184, diaspora=True)
2026-09-30 13:39:16 [INFO] shabbat_detector.cycle_analyzer: Cycle recovered (missed TOP-terminal read): 157s, up_stops=['-1', '10'], down_stops=['-1']
2026-09-30 13:39:16 [INFO] shabbat_detector.fsm: [C] DetectorState.NORMAL → DetectorState.CANDIDATE_SHABBAT
2026-09-30 13:39:16 [INFO] detector: SHABBAT TRANSITION NORMAL -> CANDIDATE_SHABBAT | סיבה: מחזור אפשרי החל - ממתין להשלמה
2026-09-30 13:39:16 [INFO] shabbat_detector.fsm: [C] DetectorState.CANDIDATE_SHABBAT → DetectorState.NORMAL
2026-09-30 13:39:16 [INFO] detector: SHABBAT TRANSITION CANDIDATE_SHABBAT -> NORMAL | סיבה: מחזור לא תאם - עצירות לא חוקיות בעלייה: ['10']; כיסוי קומות חלקי (עלייה 33%, ירידה 7%); 2 חריגות טיימינג
2026-09-30 13:39:16 [INFO] detector: Config updated remotely (keys=['SHABBAT_DETECTOR'])
2026-09-30 13:39:46 [INFO] detector: Config updated remotely (keys=['SHABBAT_DETECTOR'])
2026-09-30 13:40:59 [INFO] shabbat_detector.cycle_analyzer: Cycle aborted: returned to BOTTOM without reaching TOP
2026-09-30 13:40:59 [INFO] shabbat_detector.fsm: [C] DetectorState.NORMAL → DetectorState.CANDIDATE_SHABBAT
2026-09-30 13:40:59 [INFO] detector: SHABBAT TRANSITION NORMAL -> CANDIDATE_SHABBAT | סיבה: מחזור אפשרי החל - ממתין להשלמה
2026-09-30 13:43:00 [INFO] detector: Config updated remotely (keys=['SHABBAT_DETECTOR'])
2026-09-30 13:43:24 [INFO] shabbat_detector.cycle_analyzer: Cycle aborted: returned to BOTTOM without reaching TOP
2026-09-30 13:51:13 [INFO] shabbat_detector.hebcal_gate: Hebcal refreshed: 5 start(s), 2 end(s) (geo=281184, diaspora=True)
2026-09-30 13:51:45 [INFO] shabbat_detector.cycle_analyzer: Cycle recovered (missed TOP-terminal read): 502s, up_stops=['-1', '2', '4', '7', '8', '-1', '8', '4', '1', '11'], down_stops=['-1', '0', '-2']
2026-09-30 13:51:45 [INFO] shabbat_detector.fsm: [C] DetectorState.CANDIDATE_SHABBAT → DetectorState.NORMAL
2026-09-30 13:51:45 [INFO] detector: SHABBAT TRANSITION CANDIDATE_SHABBAT -> NORMAL | סיבה: מחזור לא תאם - עצירות לא חוקיות בעלייה: ['1', '11', '2', '4', '7', '8']; כיסוי קומות חלקי (עלייה 33%, ירידה 21%); 8 חריגות טיימינג
2026-09-30 13:53:45 [INFO] detector: Config updated remotely (keys=['SHABBAT_DETECTOR'])
2026-09-30 13:55:41 [INFO] shabbat_detector.cycle_analyzer: Cycle recovered (missed TOP-terminal read): 232s, up_stops=['-1', '1', '11'], down_stops=['-1', '4', '-1', '3', '4']
2026-09-30 13:55:41 [INFO] shabbat_detector.fsm: [C] DetectorState.NORMAL → DetectorState.CANDIDATE_SHABBAT
2026-09-30 13:55:41 [INFO] detector: SHABBAT TRANSITION NORMAL -> CANDIDATE_SHABBAT | סיבה: מחזור אפשרי החל - ממתין להשלמה
2026-09-30 13:55:42 [INFO] shabbat_detector.fsm: [C] DetectorState.CANDIDATE_SHABBAT → DetectorState.NORMAL
2026-09-30 13:55:42 [INFO] detector: SHABBAT TRANSITION CANDIDATE_SHABBAT -> NORMAL | סיבה: מחזור לא תאם - עצירות לא חוקיות בעלייה: ['1', '11']; כיסוי קומות חלקי (עלייה 33%, ירידה 21%); 2 חריגות טיימינג
2026-09-30 13:55:42 [INFO] detector: Config updated remotely (keys=['SHABBAT_DETECTOR'])
2026-09-30 13:56:12 [INFO] detector: Config updated remotely (keys=['SHABBAT_DETECTOR'])
2026-09-30 13:56:32 [INFO] shabbat_detector.cycle_analyzer: Cycle aborted: returned to BOTTOM without reaching TOP
2026-09-30 13:56:32 [INFO] shabbat_detector.fsm: [C] DetectorState.NORMAL → DetectorState.CANDIDATE_SHABBAT
2026-09-30 13:56:32 [INFO] detector: SHABBAT TRANSITION NORMAL -> CANDIDATE_SHABBAT | סיבה: מחזור אפשרי החל - ממתין להשלמה
2026-09-30 13:57:03 [INFO] detector: Config updated remotely (keys=['SHABBAT_DETECTOR'])
2026-09-30 14:02:23 [INFO] shabbat_detector.hebcal_gate: Hebcal refreshed: 5 start(s), 2 end(s) (geo=281184, diaspora=True)
2026-09-30 14:10:02 [INFO] shabbat_detector.cycle_analyzer: Cycle recovered (missed TOP-terminal read): 814s, up_stops=['-1', '1', '2', '12'], down_stops=['2', '-1', '-2', '-1', '3', '7', '8', '12', '-1', '2', '8', '-1']
2026-09-30 14:10:02 [INFO] shabbat_detector.fsm: [C] DetectorState.CANDIDATE_SHABBAT → DetectorState.NORMAL
2026-09-30 14:10:02 [INFO] detector: SHABBAT TRANSITION CANDIDATE_SHABBAT -> NORMAL | סיבה: מחזור לא תאם - עצירות לא חוקיות בעלייה: ['1', '12', '2']; עצירות לא חוקיות בירידה: ['12']; כיסוי קומות חלקי (עלייה 33%, ירידה 43%); קפיצות-אחורה (עלייה 0, ירידה 7); 7 חריגות טיימינג
2026-09-30 14:10:33 [INFO] detector: Config updated remotely (keys=['SHABBAT_DETECTOR'])
2026-09-30 14:12:26 [INFO] shabbat_detector.cycle_analyzer: Cycle aborted: returned to BOTTOM without reaching TOP
2026-09-30 14:12:26 [INFO] shabbat_detector.fsm: [C] DetectorState.NORMAL → DetectorState.CANDIDATE_SHABBAT
2026-09-30 14:12:26 [INFO] detector: SHABBAT TRANSITION NORMAL -> CANDIDATE_SHABBAT | סיבה: מחזור אפשרי החל - ממתין להשלמה
2026-09-30 14:12:34 [INFO] shabbat_detector.hebcal_gate: Hebcal refreshed: 5 start(s), 2 end(s) (geo=281184, diaspora=True)
2026-09-30 14:13:24 [INFO] shabbat_detector.cycle_analyzer: Cycle aborted: returned to BOTTOM without reaching TOP
2026-09-30 14:13:56 [INFO] detector: Config updated remotely (keys=['SHABBAT_DETECTOR'])
2026-09-30 14:17:55 [INFO] shabbat_detector.cycle_analyzer: Cycle recovered (missed TOP-terminal read): 261s, up_stops=['-1', '0', '1', '5', '2', '-2'], down_stops=[]
2026-09-30 14:17:55 [INFO] shabbat_detector.fsm: [C] DetectorState.CANDIDATE_SHABBAT → DetectorState.NORMAL
2026-09-30 14:17:55 [INFO] detector: SHABBAT TRANSITION CANDIDATE_SHABBAT -> NORMAL | סיבה: מחזור לא תאם - עצירות לא חוקיות בעלייה: ['1', '2', '5']; כיסוי קומות חלקי (עלייה 100%, ירידה 0%); 5 חריגות טיימינג
2026-09-30 14:19:56 [INFO] detector: Config updated remotely (keys=['SHABBAT_DETECTOR'])
2026-09-30 14:22:39 [INFO] shabbat_detector.cycle_analyzer: Cycle aborted: returned to BOTTOM without reaching TOP
2026-09-30 14:22:39 [INFO] shabbat_detector.fsm: [C] DetectorState.NORMAL → DetectorState.CANDIDATE_SHABBAT
2026-09-30 14:22:39 [INFO] detector: SHABBAT TRANSITION NORMAL -> CANDIDATE_SHABBAT | סיבה: מחזור אפשרי החל - ממתין להשלמה
2026-09-30 14:22:41 [INFO] shabbat_detector.hebcal_gate: Hebcal refreshed: 5 start(s), 2 end(s) (geo=281184, diaspora=True)
2026-09-30 14:23:09 [INFO] detector: Config updated remotely (keys=['SHABBAT_DETECTOR'])
2026-09-30 14:23:35 [INFO] shabbat_detector.cycle_analyzer: Cycle aborted: returned to BOTTOM without reaching TOP
2026-09-30 14:32:50 [INFO] shabbat_detector.hebcal_gate: Hebcal refreshed: 5 start(s), 2 end(s) (geo=281184, diaspora=True)
2026-09-30 14:33:37 [INFO] shabbat_detector.cycle_analyzer: Cycle recovered (missed TOP-terminal read): 601s, up_stops=['-2', '-1', '-2', '-1', '3', '11', '11', '10', '11', '10', '11', '-1', '4', '7', '2', '8', '12'], down_stops=[]
2026-09-30 14:33:37 [INFO] shabbat_detector.fsm: [C] DetectorState.CANDIDATE_SHABBAT → DetectorState.NORMAL
2026-09-30 14:33:37 [INFO] detector: SHABBAT TRANSITION CANDIDATE_SHABBAT -> NORMAL | סיבה: מחזור לא תאם - עצירות לא חוקיות בעלייה: ['10', '11', '12', '2', '3', '4', '7', '8']; כיסוי קומות חלקי (עלייה 67%, ירידה 0%); קפיצות-אחורה (עלייה 5, ירידה 0); 9 חריגות טיימינג
2026-09-30 14:34:37 [INFO] detector: Config updated remotely (keys=['SHABBAT_DETECTOR'])
2026-09-30 14:42:58 [INFO] shabbat_detector.hebcal_gate: Hebcal refreshed: 5 start(s), 2 end(s) (geo=281184, diaspora=True)
2026-09-30 14:53:00 [INFO] shabbat_detector.cycle_analyzer: Cycle aborted: returned to BOTTOM without reaching TOP
2026-09-30 14:53:00 [INFO] shabbat_detector.fsm: [C] DetectorState.NORMAL → DetectorState.CANDIDATE_SHABBAT
2026-09-30 14:53:00 [INFO] detector: SHABBAT TRANSITION NORMAL -> CANDIDATE_SHABBAT | סיבה: מחזור אפשרי החל - ממתין להשלמה
2026-09-30 14:53:54 [INFO] shabbat_detector.hebcal_gate: Hebcal refreshed: 5 start(s), 2 end(s) (geo=281184, diaspora=True)
2026-09-30 14:55:00 [INFO] detector: Config updated remotely (keys=['SHABBAT_DETECTOR'])
2026-09-30 15:06:08 [INFO] shabbat_detector.hebcal_gate: Hebcal refreshed: 5 start(s), 2 end(s) (geo=281184, diaspora=True)
2026-09-30 15:09:59 [INFO] shabbat_detector.cycle_analyzer: Cycle recovered (missed TOP-terminal read): 1057s, up_stops=['-2', '-1', '1', '-1', '12'], down_stops=['2', '-1', '0', '-1', '3', '4', '-1']
2026-09-30 15:09:59 [INFO] shabbat_detector.fsm: [C] DetectorState.CANDIDATE_SHABBAT → DetectorState.NORMAL
2026-09-30 15:09:59 [INFO] detector: SHABBAT TRANSITION CANDIDATE_SHABBAT -> NORMAL | סיבה: מחזור לא תאם - עצירות לא חוקיות בעלייה: ['1', '12']; כיסוי קומות חלקי (עלייה 67%, ירידה 36%); 8 חריגות טיימינג
2026-09-30 15:11:29 [INFO] detector: Config updated remotely (keys=['SHABBAT_DETECTOR'])
2026-09-30 15:14:57 [INFO] shabbat_detector.hebcal_gate: Hebcal refreshed: 5 start(s), 2 end(s) (geo=281184, diaspora=True)
2026-09-30 15:15:09 [INFO] shabbat_detector.cycle_analyzer: Cycle aborted: returned to BOTTOM without reaching TOP
2026-09-30 15:15:09 [INFO] shabbat_detector.fsm: [C] DetectorState.NORMAL → DetectorState.CANDIDATE_SHABBAT
2026-09-30 15:15:09 [INFO] detector: SHABBAT TRANSITION NORMAL -> CANDIDATE_SHABBAT | סיבה: מחזור אפשרי החל - ממתין להשלמה
2026-09-30 15:16:39 [INFO] detector: Config updated remotely (keys=['SHABBAT_DETECTOR'])
2026-09-30 15:23:33 [INFO] shabbat_detector.cycle_analyzer: Cycle recovered (missed TOP-terminal read): 502s, up_stops=['12'], down_stops=['11', '12', '2', '12', '-1', '2', '1', '3', '-1', '5', '11', '12']
2026-09-30 15:23:33 [INFO] shabbat_detector.fsm: [C] DetectorState.CANDIDATE_SHABBAT → DetectorState.NORMAL
2026-09-30 15:23:33 [INFO] detector: SHABBAT TRANSITION CANDIDATE_SHABBAT -> NORMAL | סיבה: מחזור לא תאם - עצירות לא חוקיות בעלייה: ['12']; עצירות לא חוקיות בירידה: ['12']; כיסוי קומות חלקי (עלייה 0%, ירידה 43%); קפיצות-אחורה (עלייה 0, ירידה 7); 5 חריגות טיימינג
2026-09-30 15:24:03 [INFO] detector: Config updated remotely (keys=['SHABBAT_DETECTOR'])
2026-09-30 15:25:39 [INFO] shabbat_detector.hebcal_gate: Hebcal refreshed: 5 start(s), 2 end(s) (geo=281184, diaspora=True)
2026-09-30 15:25:39 [INFO] shabbat_detector.cycle_analyzer: Cycle aborted: returned to BOTTOM without reaching TOP
2026-09-30 15:25:39 [INFO] shabbat_detector.fsm: [C] DetectorState.NORMAL → DetectorState.CANDIDATE_SHABBAT
2026-09-30 15:25:39 [INFO] detector: SHABBAT TRANSITION NORMAL -> CANDIDATE_SHABBAT | סיבה: מחזור אפשרי החל - ממתין להשלמה
2026-09-30 15:27:09 [INFO] detector: Config updated remotely (keys=['SHABBAT_DETECTOR'])
2026-09-30 15:29:26 [INFO] shabbat_detector.cycle_analyzer: Cycle aborted: returned to BOTTOM without reaching TOP
2026-09-30 15:33:34 [INFO] shabbat_detector.cycle_analyzer: Cycle aborted: returned to BOTTOM without reaching TOP
2026-09-30 15:35:17 [INFO] shabbat_detector.hebcal_gate: Hebcal refreshed: 5 start(s), 2 end(s) (geo=281184, diaspora=True)
2026-09-30 15:37:58 [INFO] shabbat_detector.cycle_analyzer: Cycle aborted: returned to BOTTOM without reaching TOP
2026-09-30 15:38:49 [INFO] shabbat_detector.cycle_analyzer: Cycle aborted: returned to BOTTOM without reaching TOP
2026-09-30 15:48:28 [INFO] shabbat_detector.hebcal_gate: Hebcal refreshed: 5 start(s), 2 end(s) (geo=281184, diaspora=True)
2026-09-30 15:51:29 [INFO] shabbat_detector.cycle_analyzer: Cycle recovered (missed TOP-terminal read): 711s, up_stops=['-1', '12'], down_stops=['-1', '2', '-1', '6', '1', '-1', '12', '9', '-1', '5']
2026-09-30 15:51:29 [INFO] shabbat_detector.fsm: [C] DetectorState.CANDIDATE_SHABBAT → DetectorState.NORMAL
2026-09-30 15:51:29 [INFO] detector: SHABBAT TRANSITION CANDIDATE_SHABBAT -> NORMAL | סיבה: מחזור לא תאם - עצירות לא חוקיות בעלייה: ['12']; עצירות לא חוקיות בירידה: ['12']; כיסוי קומות חלקי (עלייה 33%, ירידה 43%); 6 חריגות טיימינג
2026-09-30 15:52:29 [INFO] detector: Config updated remotely (keys=['SHABBAT_DETECTOR'])
2026-09-30 15:59:33 [INFO] shabbat_detector.hebcal_gate: Hebcal refreshed: 5 start(s), 2 end(s) (geo=281184, diaspora=True)
2026-09-30 16:09:33 [INFO] shabbat_detector.hebcal_gate: Hebcal refreshed: 5 start(s), 2 end(s) (geo=281184, diaspora=True)
2026-09-30 16:20:08 [INFO] shabbat_detector.hebcal_gate: Hebcal refreshed: 5 start(s), 2 end(s) (geo=281184, diaspora=True)
2026-09-30 16:28:48 [INFO] shabbat_detector.cycle_analyzer: Cycle recovered (missed TOP-terminal read): 2264s, up_stops=['-1', '3', '-1', '1', '-1', '1', '11'], down_stops=['8', '6', '-1', '2', '6', '2', '-1', '9', '5', '-1', '9', '3', '-1', '10', '11', '10', '11', '11', '10', '6', '-1']
2026-09-30 16:28:48 [INFO] shabbat_detector.fsm: [C] DetectorState.NORMAL → DetectorState.CANDIDATE_SHABBAT
2026-09-30 16:28:48 [INFO] detector: SHABBAT TRANSITION NORMAL -> CANDIDATE_SHABBAT | סיבה: מחזור אפשרי החל - ממתין להשלמה
2026-09-30 16:28:49 [INFO] shabbat_detector.fsm: [C] DetectorState.CANDIDATE_SHABBAT → DetectorState.NORMAL
2026-09-30 16:28:49 [INFO] detector: SHABBAT TRANSITION CANDIDATE_SHABBAT -> NORMAL | סיבה: מחזור לא תאם - עצירות לא חוקיות בעלייה: ['1', '11', '3']; כיסוי קומות חלקי (עלייה 33%, ירידה 64%); קפיצות-אחורה (עלייה 2, ירידה 7); חזרות על קומות (עלייה 3, ירידה 12); 9 חריגות טיימינג
2026-09-30 16:28:49 [INFO] detector: Config updated remotely (keys=['SHABBAT_DETECTOR'])
2026-09-30 16:29:49 [INFO] detector: Config updated remotely (keys=['SHABBAT_DETECTOR'])
2026-09-30 16:29:59 [INFO] shabbat_detector.hebcal_gate: Hebcal refreshed: 5 start(s), 2 end(s) (geo=281184, diaspora=True)
2026-09-30 16:31:43 [INFO] shabbat_detector.cycle_analyzer: Cycle aborted: returned to BOTTOM without reaching TOP
2026-09-30 16:31:43 [INFO] shabbat_detector.fsm: [C] DetectorState.NORMAL → DetectorState.CANDIDATE_SHABBAT
2026-09-30 16:31:43 [INFO] detector: SHABBAT TRANSITION NORMAL -> CANDIDATE_SHABBAT | סיבה: מחזור אפשרי החל - ממתין להשלמה
2026-09-30 16:32:44 [INFO] detector: Config updated remotely (keys=['SHABBAT_DETECTOR'])
2026-09-30 16:35:35 [INFO] shabbat_detector.cycle_analyzer: Cycle recovered (missed TOP-terminal read): 235s, up_stops=['-2', '2', '4', '5', '7', '8', '12'], down_stops=['-2', '-1']
2026-09-30 16:35:35 [INFO] shabbat_detector.fsm: [C] DetectorState.CANDIDATE_SHABBAT → DetectorState.NORMAL
2026-09-30 16:35:35 [INFO] detector: SHABBAT TRANSITION CANDIDATE_SHABBAT -> NORMAL | סיבה: מחזור לא תאם - עצירות לא חוקיות בעלייה: ['12', '2', '4', '5', '7', '8']; כיסוי קומות חלקי (עלייה 33%, ירידה 14%); 5 חריגות טיימינג
2026-09-30 16:36:37 [INFO] shabbat_detector.cycle_analyzer: Cycle aborted: returned to BOTTOM without reaching TOP
2026-09-30 16:36:37 [INFO] shabbat_detector.fsm: [C] DetectorState.NORMAL → DetectorState.CANDIDATE_SHABBAT
2026-09-30 16:36:37 [INFO] detector: SHABBAT TRANSITION NORMAL -> CANDIDATE_SHABBAT | סיבה: מחזור אפשרי החל - ממתין להשלמה
2026-09-30 16:36:37 [INFO] detector: Config updated remotely (keys=['SHABBAT_DETECTOR'])
2026-09-30 16:38:37 [INFO] detector: Config updated remotely (keys=['SHABBAT_DETECTOR'])
2026-09-30 16:42:54 [INFO] shabbat_detector.hebcal_gate: Hebcal refreshed: 5 start(s), 2 end(s) (geo=281184, diaspora=True)
2026-09-30 16:45:46 [INFO] shabbat_detector.cycle_analyzer: Cycle recovered (missed TOP-terminal read): 521s, up_stops=['4', '-1', '4', '12'], down_stops=['11', '-1', '9', '11', '10']
2026-09-30 16:45:46 [INFO] shabbat_detector.fsm: [C] DetectorState.CANDIDATE_SHABBAT → DetectorState.NORMAL
2026-09-30 16:45:46 [INFO] detector: SHABBAT TRANSITION CANDIDATE_SHABBAT -> NORMAL | סיבה: מחזור לא תאם - עצירות לא חוקיות בעלייה: ['12', '4']; כיסוי קומות חלקי (עלייה 33%, ירידה 28%); 6 חריגות טיימינג
2026-09-30 16:47:46 [INFO] detector: Config updated remotely (keys=['SHABBAT_DETECTOR'])
2026-09-30 16:52:58 [INFO] shabbat_detector.cycle_analyzer: Cycle recovered (missed TOP-terminal read): 445s, up_stops=['-2', '-1', '2', '12'], down_stops=['-1', '12', '-1', '-2']
2026-09-30 16:52:58 [INFO] shabbat_detector.fsm: [C] DetectorState.NORMAL → DetectorState.CANDIDATE_SHABBAT
2026-09-30 16:52:58 [INFO] detector: SHABBAT TRANSITION NORMAL -> CANDIDATE_SHABBAT | סיבה: מחזור אפשרי החל - ממתין להשלמה
2026-09-30 16:52:58 [INFO] shabbat_detector.fsm: [C] DetectorState.CANDIDATE_SHABBAT → DetectorState.NORMAL
2026-09-30 16:52:58 [INFO] detector: SHABBAT TRANSITION CANDIDATE_SHABBAT -> NORMAL | סיבה: מחזור לא תאם - עצירות לא חוקיות בעלייה: ['12', '2']; עצירות לא חוקיות בירידה: ['12']; כיסוי קומות חלקי (עלייה 67%, ירידה 14%); 4 חריגות טיימינג
2026-09-30 16:52:58 [INFO] detector: Config updated remotely (keys=['SHABBAT_DETECTOR'])
2026-09-30 16:53:00 [INFO] shabbat_detector.hebcal_gate: Hebcal refreshed: 5 start(s), 2 end(s) (geo=281184, diaspora=True)
2026-09-30 16:54:12 [INFO] shabbat_detector.cycle_analyzer: Cycle aborted: returned to BOTTOM without reaching TOP
2026-09-30 16:54:12 [INFO] shabbat_detector.fsm: [C] DetectorState.NORMAL → DetectorState.CANDIDATE_SHABBAT
2026-09-30 16:54:12 [INFO] detector: SHABBAT TRANSITION NORMAL -> CANDIDATE_SHABBAT | סיבה: מחזור אפשרי החל - ממתין להשלמה
2026-09-30 16:54:12 [INFO] detector: Config updated remotely (keys=['SHABBAT_DETECTOR'])
2026-09-30 16:55:42 [INFO] detector: Config updated remotely (keys=['SHABBAT_DETECTOR'])
2026-09-30 16:57:25 [INFO] shabbat_detector.cycle_analyzer: Cycle aborted: returned to BOTTOM without reaching TOP
2026-09-30 17:02:56 [INFO] shabbat_detector.hebcal_gate: Hebcal refreshed: 5 start(s), 2 end(s) (geo=281184, diaspora=True)
2026-09-30 17:11:07 [INFO] shabbat_detector.cycle_analyzer: Cycle recovered (missed TOP-terminal read): 848s, up_stops=['-2', '2', '-1', '8', '3', '-1', '-2', '2', '-2', '-1', '11', '12'], down_stops=['-1', '12', '-1', '2', '4', '5']
2026-09-30 17:11:07 [INFO] shabbat_detector.fsm: [C] DetectorState.CANDIDATE_SHABBAT → DetectorState.NORMAL
2026-09-30 17:11:07 [INFO] detector: SHABBAT TRANSITION CANDIDATE_SHABBAT -> NORMAL | סיבה: מחזור לא תאם - עצירות לא חוקיות בעלייה: ['11', '12', '2', '3', '8']; עצירות לא חוקיות בירידה: ['12']; כיסוי קומות חלקי (עלייה 67%, ירידה 28%); קפיצות-אחורה (עלייה 5, ירידה 4); 8 חריגות טיימינג
2026-09-30 17:12:38 [INFO] detector: Config updated remotely (keys=['SHABBAT_DETECTOR'])
2026-09-30 17:13:15 [INFO] shabbat_detector.hebcal_gate: Hebcal refreshed: 5 start(s), 2 end(s) (geo=281184, diaspora=True)
2026-09-30 17:17:24 [INFO] shabbat_detector.cycle_analyzer: Cycle recovered (missed TOP-terminal read): 357s, up_stops=['-2', '-1', '1', '3', '6', '8', '12'], down_stops=['11', '-1', '6', '9', '12', '-1', '-2']
2026-09-30 17:17:24 [INFO] shabbat_detector.fsm: [C] DetectorState.NORMAL → DetectorState.CANDIDATE_SHABBAT
2026-09-30 17:17:24 [INFO] detector: SHABBAT TRANSITION NORMAL -> CANDIDATE_SHABBAT | סיבה: מחזור אפשרי החל - ממתין להשלמה
2026-09-30 17:17:25 [INFO] shabbat_detector.fsm: [C] DetectorState.CANDIDATE_SHABBAT → DetectorState.NORMAL
2026-09-30 17:17:25 [INFO] detector: SHABBAT TRANSITION CANDIDATE_SHABBAT -> NORMAL | סיבה: מחזור לא תאם - עצירות לא חוקיות בעלייה: ['1', '12', '3', '6', '8']; עצירות לא חוקיות בירידה: ['12']; כיסוי קומות חלקי (עלייה 67%, ירידה 36%); 7 חריגות טיימינג
2026-09-30 17:17:25 [INFO] detector: Config updated remotely (keys=['SHABBAT_DETECTOR'])
2026-09-30 17:18:25 [INFO] detector: Config updated remotely (keys=['SHABBAT_DETECTOR'])
2026-09-30 17:23:14 [INFO] shabbat_detector.hebcal_gate: Hebcal refreshed: 5 start(s), 2 end(s) (geo=281184, diaspora=True)
2026-09-30 17:26:30 [INFO] shabbat_detector.cycle_analyzer: Cycle recovered (missed TOP-terminal read): 556s, up_stops=['-1', '7', '8', '12'], down_stops=['11', '-1', '2', '9', '7', '-1', '-1']
2026-09-30 17:26:30 [INFO] shabbat_detector.fsm: [C] DetectorState.NORMAL → DetectorState.CANDIDATE_SHABBAT
2026-09-30 17:26:30 [INFO] detector: SHABBAT TRANSITION NORMAL -> CANDIDATE_SHABBAT | סיבה: מחזור אפשרי החל - ממתין להשלמה
2026-09-30 17:26:30 [INFO] shabbat_detector.fsm: [C] DetectorState.CANDIDATE_SHABBAT → DetectorState.NORMAL
2026-09-30 17:26:30 [INFO] detector: SHABBAT TRANSITION CANDIDATE_SHABBAT -> NORMAL | סיבה: מחזור לא תאם - עצירות לא חוקיות בעלייה: ['12', '7', '8']; כיסוי קומות חלקי (עלייה 33%, ירידה 36%); 5 חריגות טיימינג
2026-09-30 17:26:31 [INFO] detector: Config updated remotely (keys=['SHABBAT_DETECTOR'])
2026-09-30 17:28:01 [INFO] detector: Config updated remotely (keys=['SHABBAT_DETECTOR'])
2026-09-30 17:33:27 [INFO] shabbat_detector.hebcal_gate: Hebcal refreshed: 5 start(s), 2 end(s) (geo=281184, diaspora=True)
2026-09-30 17:39:58 [INFO] shabbat_detector.cycle_analyzer: Cycle recovered (missed TOP-terminal read): 809s, up_stops=['-2', '1', '2', '12'], down_stops=['6', '2', '-1', '6', '-1', '1', '5', '-1', '2', '8', '6', '-1', '4', '11', '12', '-1', '5', '-1', '0', '2', '12', '2', '1', '-1']
2026-09-30 17:39:58 [INFO] shabbat_detector.fsm: [C] DetectorState.NORMAL → DetectorState.CANDIDATE_SHABBAT
2026-09-30 17:39:58 [INFO] detector: SHABBAT TRANSITION NORMAL -> CANDIDATE_SHABBAT | סיבה: מחזור אפשרי החל - ממתין להשלמה
2026-09-30 17:39:58 [INFO] shabbat_detector.fsm: [C] DetectorState.CANDIDATE_SHABBAT → DetectorState.NORMAL
2026-09-30 17:39:58 [INFO] detector: SHABBAT TRANSITION CANDIDATE_SHABBAT -> NORMAL | סיבה: מחזור לא תאם - עצירות לא חוקיות בעלייה: ['1', '12', '2']; עצירות לא חוקיות בירידה: ['12']; כיסוי קומות חלקי (עלייה 33%, ירידה 64%); קפיצות-אחורה (עלייה 0, ירידה 12); חזרות על קומות (עלייה 0, ירידה 14); 8 חריגות טיימינג
2026-09-30 17:39:59 [INFO] detector: Config updated remotely (keys=['SHABBAT_DETECTOR'])
2026-09-30 17:40:29 [INFO] detector: Config updated remotely (keys=['SHABBAT_DETECTOR'])
2026-09-30 17:43:57 [INFO] shabbat_detector.cycle_analyzer: Cycle recovered (missed TOP-terminal read): 190s, up_stops=['-1', '2', '11'], down_stops=['-1']
2026-09-30 17:43:57 [INFO] shabbat_detector.fsm: [C] DetectorState.NORMAL → DetectorState.CANDIDATE_SHABBAT
2026-09-30 17:43:57 [INFO] detector: SHABBAT TRANSITION NORMAL -> CANDIDATE_SHABBAT | סיבה: מחזור אפשרי החל - ממתין להשלמה
2026-09-30 17:43:58 [INFO] shabbat_detector.fsm: [C] DetectorState.CANDIDATE_SHABBAT → DetectorState.NORMAL
2026-09-30 17:43:58 [INFO] detector: SHABBAT TRANSITION CANDIDATE_SHABBAT -> NORMAL | סיבה: מחזור לא תאם - עצירות לא חוקיות בעלייה: ['11', '2']; כיסוי קומות חלקי (עלייה 33%, ירידה 7%); 1 חריגות טיימינג
2026-09-30 17:43:58 [INFO] detector: Config updated remotely (keys=['SHABBAT_DETECTOR'])
2026-09-30 17:44:31 [INFO] shabbat_detector.hebcal_gate: Hebcal refreshed: 5 start(s), 2 end(s) (geo=281184, diaspora=True)
2026-09-30 17:44:51 [INFO] shabbat_detector.cycle_analyzer: Cycle aborted: returned to BOTTOM without reaching TOP
2026-09-30 17:44:51 [INFO] shabbat_detector.fsm: [C] DetectorState.NORMAL → DetectorState.CANDIDATE_SHABBAT
2026-09-30 17:44:51 [INFO] detector: SHABBAT TRANSITION NORMAL -> CANDIDATE_SHABBAT | סיבה: מחזור אפשרי החל - ממתין להשלמה
2026-09-30 17:44:52 [INFO] detector: Config updated remotely (keys=['SHABBAT_DETECTOR'])
2026-09-30 17:46:52 [INFO] detector: Config updated remotely (keys=['SHABBAT_DETECTOR'])
2026-09-30 17:56:33 [INFO] shabbat_detector.hebcal_gate: Hebcal refreshed: 5 start(s), 2 end(s) (geo=281184, diaspora=True)
2026-09-30 18:03:24 [INFO] shabbat_detector.cycle_analyzer: Cycle recovered (missed TOP-terminal read): 1022s, up_stops=['-1', '9', '-1', '3', '4', '11', '4', '3', '-1', '-2', '2', '-1', '-2', '-1', '1', '11', '-1', '3', '-1', '3', '12'], down_stops=['-2', '12', '11', '5', '-1', '-2']
2026-09-30 18:03:24 [INFO] shabbat_detector.fsm: [C] DetectorState.CANDIDATE_SHABBAT → DetectorState.NORMAL
2026-09-30 18:03:24 [INFO] detector: SHABBAT TRANSITION CANDIDATE_SHABBAT -> NORMAL | סיבה: מחזור לא תאם - עצירות לא חוקיות בעלייה: ['1', '11', '12', '2', '3', '4', '9']; עצירות לא חוקיות בירידה: ['12']; כיסוי קומות חלקי (עלייה 67%, ירידה 28%); קפיצות-אחורה (עלייה 9, ירידה 1); חזרות על קומות (עלייה 12, ירידה 1); 6 חריגות טיימינג
2026-09-30 18:05:25 [INFO] detector: Config updated remotely (keys=['SHABBAT_DETECTOR'])
2026-09-30 18:06:49 [INFO] shabbat_detector.hebcal_gate: Hebcal refreshed: 5 start(s), 2 end(s) (geo=281184, diaspora=True)
2026-09-30 18:10:36 [INFO] shabbat_detector.cycle_analyzer: Cycle recovered (missed TOP-terminal read): 512s, up_stops=['6', '1', '-1', '4', '-1', '6', '-2', '-1', '6', '-2', '12'], down_stops=['8', '6', '-1', '-2', '-1']
2026-09-30 18:10:36 [INFO] shabbat_detector.fsm: [C] DetectorState.NORMAL → DetectorState.CANDIDATE_SHABBAT
2026-09-30 18:10:36 [INFO] detector: SHABBAT TRANSITION NORMAL -> CANDIDATE_SHABBAT | סיבה: מחזור אפשרי החל - ממתין להשלמה
2026-09-30 18:10:36 [INFO] shabbat_detector.fsm: [C] DetectorState.CANDIDATE_SHABBAT → DetectorState.NORMAL
2026-09-30 18:10:36 [INFO] detector: SHABBAT TRANSITION CANDIDATE_SHABBAT -> NORMAL | סיבה: מחזור לא תאם - עצירות לא חוקיות בעלייה: ['1', '12', '4', '6']; כיסוי קומות חלקי (עלייה 67%, ירידה 28%); קפיצות-אחורה (עלייה 5, ירידה 1); 5 חריגות טיימינג
2026-09-30 18:10:36 [INFO] detector: Config updated remotely (keys=['SHABBAT_DETECTOR'])
2026-09-30 18:12:06 [INFO] detector: Config updated remotely (keys=['SHABBAT_DETECTOR'])
2026-09-30 18:16:25 [INFO] shabbat_detector.cycle_analyzer: Cycle aborted: returned to BOTTOM without reaching TOP
2026-09-30 18:16:25 [INFO] shabbat_detector.fsm: [C] DetectorState.NORMAL → DetectorState.CANDIDATE_SHABBAT
2026-09-30 18:16:25 [INFO] detector: SHABBAT TRANSITION NORMAL -> CANDIDATE_SHABBAT | סיבה: מחזור אפשרי החל - ממתין להשלמה
2026-09-30 18:17:25 [INFO] detector: Config updated remotely (keys=['SHABBAT_DETECTOR'])
2026-09-30 18:18:23 [INFO] shabbat_detector.hebcal_gate: Hebcal refreshed: 5 start(s), 2 end(s) (geo=281184, diaspora=True)
2026-09-30 18:21:49 [INFO] shabbat_detector.cycle_analyzer: Cycle aborted: returned to BOTTOM without reaching TOP
2026-09-30 18:28:16 [INFO] shabbat_detector.hebcal_gate: Hebcal refreshed: 5 start(s), 2 end(s) (geo=281184, diaspora=True)
2026-09-30 18:38:17 [INFO] shabbat_detector.hebcal_gate: Hebcal refreshed: 5 start(s), 2 end(s) (geo=281184, diaspora=True)
2026-09-30 18:42:51 [INFO] shabbat_detector.cycle_analyzer: Cycle recovered (missed TOP-terminal read): 1273s, up_stops=['12'], down_stops=['-1', '3', '-1', '1', '6', '-1', '6', '3', '-1', '10', '-1', '5', '-1', '2', '12', '12', '1', '0', '-1', '3', '-1', '8', '-2', '1', '-1', '-2', '3', '6', '11', '6', '0', '-1', '-2']
2026-09-30 18:42:51 [INFO] shabbat_detector.fsm: [C] DetectorState.CANDIDATE_SHABBAT → DetectorState.NORMAL
2026-09-30 18:42:51 [INFO] detector: SHABBAT TRANSITION CANDIDATE_SHABBAT -> NORMAL | סיבה: מחזור לא תאם - עצירות לא חוקיות בעלייה: ['12']; עצירות לא חוקיות בירידה: ['12']; כיסוי קומות חלקי (עלייה 0%, ירידה 79%); קפיצות-אחורה (עלייה 0, ירידה 14); חזרות על קומות (עלייה 0, ירידה 21); 7 חריגות טיימינג
2026-09-30 18:43:51 [INFO] detector: Config updated remotely (keys=['SHABBAT_DETECTOR'])
2026-09-30 18:48:16 [INFO] shabbat_detector.hebcal_gate: Hebcal refreshed: 5 start(s), 2 end(s) (geo=281184, diaspora=True)
2026-09-30 18:54:24 [INFO] shabbat_detector.cycle_analyzer: Cycle recovered (missed TOP-terminal read): 695s, up_stops=['-1', '1', '3', '12'], down_stops=['-1', '-2', '2', '12', '11', '4', '3', '0', '-1', '-2', '6', '12', '2', '-1']
2026-09-30 18:54:24 [INFO] shabbat_detector.fsm: [C] DetectorState.NORMAL → DetectorState.CANDIDATE_SHABBAT
2026-09-30 18:54:24 [INFO] detector: SHABBAT TRANSITION NORMAL -> CANDIDATE_SHABBAT | סיבה: מחזור אפשרי החל - ממתין להשלמה
2026-09-30 18:54:24 [INFO] shabbat_detector.fsm: [C] DetectorState.CANDIDATE_SHABBAT → DetectorState.NORMAL
2026-09-30 18:54:24 [INFO] detector: SHABBAT TRANSITION CANDIDATE_SHABBAT -> NORMAL | סיבה: מחזור לא תאם - עצירות לא חוקיות בעלייה: ['1', '12', '3']; עצירות לא חוקיות בירידה: ['12']; כיסוי קומות חלקי (עלייה 33%, ירידה 56%); 7 חריגות טיימינג
2026-09-30 18:54:24 [INFO] detector: Config updated remotely (keys=['SHABBAT_DETECTOR'])
2026-09-30 18:56:25 [INFO] detector: Config updated remotely (keys=['SHABBAT_DETECTOR'])
2026-09-30 18:58:20 [INFO] shabbat_detector.hebcal_gate: Hebcal refreshed: 5 start(s), 2 end(s) (geo=281184, diaspora=True)
2026-09-30 19:01:14 [INFO] shabbat_detector.cycle_analyzer: Cycle recovered (missed TOP-terminal read): 408s, up_stops=['12'], down_stops=['-1', '3', '12', '2', '-1', '1', '2', '-1', '5', '0', '-1']
2026-09-30 19:01:14 [INFO] shabbat_detector.fsm: [C] DetectorState.NORMAL → DetectorState.CANDIDATE_SHABBAT
2026-09-30 19:01:14 [INFO] detector: SHABBAT TRANSITION NORMAL -> CANDIDATE_SHABBAT | סיבה: מחזור אפשרי החל - ממתין להשלמה
2026-09-30 19:01:14 [INFO] shabbat_detector.fsm: [C] DetectorState.CANDIDATE_SHABBAT → DetectorState.NORMAL
2026-09-30 19:01:14 [INFO] detector: SHABBAT TRANSITION CANDIDATE_SHABBAT -> NORMAL | סיבה: מחזור לא תאם - עצירות לא חוקיות בעלייה: ['12']; עצירות לא חוקיות בירידה: ['12']; כיסוי קומות חלקי (עלייה 0%, ירידה 43%); קפיצות-אחורה (עלייה 0, ירידה 5); 4 חריגות טיימינג
2026-09-30 19:01:15 [INFO] detector: Config updated remotely (keys=['SHABBAT_DETECTOR'])
2026-09-30 19:02:15 [INFO] detector: Config updated remotely (keys=['SHABBAT_DETECTOR'])
2026-09-30 19:04:11 [INFO] shabbat_detector.cycle_analyzer: Cycle recovered (missed TOP-terminal read): 151s, up_stops=['2', '11'], down_stops=['-1']
2026-09-30 19:04:11 [INFO] shabbat_detector.fsm: [C] DetectorState.NORMAL → DetectorState.CANDIDATE_SHABBAT
2026-09-30 19:04:11 [INFO] detector: SHABBAT TRANSITION NORMAL -> CANDIDATE_SHABBAT | סיבה: מחזור אפשרי החל - ממתין להשלמה
2026-09-30 19:04:11 [INFO] shabbat_detector.fsm: [C] DetectorState.CANDIDATE_SHABBAT → DetectorState.NORMAL
2026-09-30 19:04:11 [INFO] detector: SHABBAT TRANSITION CANDIDATE_SHABBAT -> NORMAL | סיבה: מחזור לא תאם - עצירות לא חוקיות בעלייה: ['11', '2']; כיסוי קומות חלקי (עלייה 0%, ירידה 7%); 2 חריגות טיימינג
2026-09-30 19:04:12 [INFO] detector: Config updated remotely (keys=['SHABBAT_DETECTOR'])
2026-09-30 19:05:12 [INFO] detector: Config updated remotely (keys=['SHABBAT_DETECTOR'])
2026-09-30 19:08:51 [INFO] shabbat_detector.hebcal_gate: Hebcal refreshed: 5 start(s), 2 end(s) (geo=281184, diaspora=True)
2026-09-30 19:18:38 [INFO] shabbat_detector.hebcal_gate: Hebcal refreshed: 5 start(s), 2 end(s) (geo=281184, diaspora=True)
2026-09-30 19:19:55 [INFO] shabbat_detector.cycle_analyzer: Cycle recovered (missed TOP-terminal read): 974s, up_stops=['5', '8', '12'], down_stops=['-1', '11', '8', '-2', '-1', '2', '4', '-1', '12', '2', '-1', '4', '-1', '7', '-2', '6', '3', '1', '-1']
2026-09-30 19:19:55 [INFO] shabbat_detector.fsm: [C] DetectorState.NORMAL → DetectorState.CANDIDATE_SHABBAT
2026-09-30 19:19:55 [INFO] detector: SHABBAT TRANSITION NORMAL -> CANDIDATE_SHABBAT | סיבה: מחזור אפשרי החל - ממתין להשלמה
2026-09-30 19:19:56 [INFO] shabbat_detector.fsm: [C] DetectorState.CANDIDATE_SHABBAT → DetectorState.NORMAL
2026-09-30 19:19:56 [INFO] detector: SHABBAT TRANSITION CANDIDATE_SHABBAT -> NORMAL | סיבה: מחזור לא תאם - עצירות לא חוקיות בעלייה: ['12', '5', '8']; עצירות לא חוקיות בירידה: ['12']; כיסוי קומות חלקי (עלייה 0%, ירידה 71%); קפיצות-אחורה (עלייה 0, ירידה 8); 9 חריגות טיימינג
2026-09-30 19:19:56 [INFO] detector: Config updated remotely (keys=['SHABBAT_DETECTOR'])
2026-09-30 19:20:56 [INFO] detector: Config updated remotely (keys=['SHABBAT_DETECTOR'])
2026-09-30 19:24:04 [INFO] shabbat_detector.cycle_analyzer: Cycle recovered (missed TOP-terminal read): 241s, up_stops=['-1', '11'], down_stops=['-1']
2026-09-30 19:24:04 [INFO] shabbat_detector.fsm: [C] DetectorState.NORMAL → DetectorState.CANDIDATE_SHABBAT
2026-09-30 19:24:04 [INFO] detector: SHABBAT TRANSITION NORMAL -> CANDIDATE_SHABBAT | סיבה: מחזור אפשרי החל - ממתין להשלמה
2026-09-30 19:24:04 [INFO] shabbat_detector.fsm: [C] DetectorState.CANDIDATE_SHABBAT → DetectorState.NORMAL
2026-09-30 19:24:04 [INFO] detector: SHABBAT TRANSITION CANDIDATE_SHABBAT -> NORMAL | סיבה: מחזור לא תאם - עצירות לא חוקיות בעלייה: ['11']; כיסוי קומות חלקי (עלייה 33%, ירידה 7%); 1 חריגות טיימינג
2026-09-30 19:24:05 [INFO] detector: Config updated remotely (keys=['SHABBAT_DETECTOR'])
2026-09-30 19:25:35 [INFO] detector: Config updated remotely (keys=['SHABBAT_DETECTOR'])
2026-09-30 19:28:48 [INFO] shabbat_detector.hebcal_gate: Hebcal refreshed: 5 start(s), 2 end(s) (geo=281184, diaspora=True)
2026-09-30 19:30:51 [INFO] shabbat_detector.cycle_analyzer: Cycle recovered (missed TOP-terminal read): 371s, up_stops=['1', '-1', '4', '11', '-1', '12'], down_stops=['2', '-1', '-2']
2026-09-30 19:30:51 [INFO] shabbat_detector.fsm: [C] DetectorState.NORMAL → DetectorState.CANDIDATE_SHABBAT
2026-09-30 19:30:51 [INFO] detector: SHABBAT TRANSITION NORMAL -> CANDIDATE_SHABBAT | סיבה: מחזור אפשרי החל - ממתין להשלמה
2026-09-30 19:30:51 [INFO] shabbat_detector.fsm: [C] DetectorState.CANDIDATE_SHABBAT → DetectorState.NORMAL
2026-09-30 19:30:51 [INFO] detector: SHABBAT TRANSITION CANDIDATE_SHABBAT -> NORMAL | סיבה: מחזור לא תאם - עצירות לא חוקיות בעלייה: ['1', '11', '12', '4']; כיסוי קומות חלקי (עלייה 33%, ירידה 21%); 5 חריגות טיימינג
2026-09-30 19:30:51 [INFO] detector: Config updated remotely (keys=['SHABBAT_DETECTOR'])
2026-09-30 19:33:21 [INFO] detector: Config updated remotely (keys=['SHABBAT_DETECTOR'])
2026-09-30 19:37:47 [INFO] shabbat_detector.cycle_analyzer: Cycle aborted: returned to BOTTOM without reaching TOP
2026-09-30 19:37:47 [INFO] shabbat_detector.fsm: [C] DetectorState.NORMAL → DetectorState.CANDIDATE_SHABBAT
2026-09-30 19:37:47 [INFO] detector: SHABBAT TRANSITION NORMAL -> CANDIDATE_SHABBAT | סיבה: מחזור אפשרי החל - ממתין להשלמה
2026-09-30 19:38:47 [INFO] detector: Config updated remotely (keys=['SHABBAT_DETECTOR'])
2026-09-30 19:38:50 [INFO] shabbat_detector.hebcal_gate: Hebcal refreshed: 5 start(s), 2 end(s) (geo=281184, diaspora=True)
2026-09-30 19:43:57 [INFO] shabbat_detector.firebase_client: SSE stream connecting: https://ramada-elev-default-rtdb.europe-west1.firebasedatabase.app/settings.json
2026-09-30 19:48:57 [INFO] shabbat_detector.hebcal_gate: Hebcal refreshed: 5 start(s), 2 end(s) (geo=281184, diaspora=True)
2026-09-30 19:59:42 [INFO] shabbat_detector.hebcal_gate: Hebcal refreshed: 5 start(s), 2 end(s) (geo=281184, diaspora=True)
2026-09-30 20:05:01 [INFO] shabbat_detector.cycle_analyzer: Cycle recovered (missed TOP-terminal read): 1695s, up_stops=['-1', '4', '7', '5', '-1', '12'], down_stops=['-1', '3', '12', '-1', '1', '3', '6', '-1', '4', '11', '-2', '11', '4', '2', '-1', '11', '12', '11', '-1', '8', '-1', '3', '8', '-2', '-1', '9', '11', '-1', '1', '2', '9', '1', '2', '7', '8', '11', '12']
2026-09-30 20:05:01 [INFO] shabbat_detector.fsm: [C] DetectorState.CANDIDATE_SHABBAT → DetectorState.NORMAL
2026-09-30 20:05:01 [INFO] detector: SHABBAT TRANSITION CANDIDATE_SHABBAT -> NORMAL | סיבה: מחזור לא תאם - עצירות לא חוקיות בעלייה: ['12', '4', '5', '7']; עצירות לא חוקיות בירידה: ['12']; כיסוי קומות חלקי (עלייה 33%, ירידה 79%); קפיצות-אחורה (עלייה 2, ירידה 24); חזרות על קומות (עלייה 1, ירידה 25); 10 חריגות טיימינג
2026-09-30 20:06:01 [INFO] detector: Config updated remotely (keys=['SHABBAT_DETECTOR'])
2026-09-30 20:09:01 [INFO] shabbat_detector.hebcal_gate: Hebcal refreshed: 5 start(s), 2 end(s) (geo=281184, diaspora=True)
2026-09-30 20:19:17 [INFO] shabbat_detector.hebcal_gate: Hebcal refreshed: 5 start(s), 2 end(s) (geo=281184, diaspora=True)
2026-09-30 20:20:06 [INFO] shabbat_detector.cycle_analyzer: Cycle recovered (missed TOP-terminal read): 896s, up_stops=['-2', '-1', '2', '1', '12'], down_stops=['9', '4', '-1', '-2', '9', '-2', '9', '-2', '-1', '2', '8', '9', '11', '-1', '-2', '4', '-1', '-2', '-1', '8', '-2', '11', '-2', '-1', '12', '8']
2026-09-30 20:20:06 [INFO] shabbat_detector.fsm: [C] DetectorState.NORMAL → DetectorState.CANDIDATE_SHABBAT
2026-09-30 20:20:06 [INFO] detector: SHABBAT TRANSITION NORMAL -> CANDIDATE_SHABBAT | סיבה: מחזור אפשרי החל - ממתין להשלמה
2026-09-30 20:20:06 [INFO] shabbat_detector.fsm: [C] DetectorState.CANDIDATE_SHABBAT → DetectorState.NORMAL
2026-09-30 20:20:06 [INFO] detector: SHABBAT TRANSITION CANDIDATE_SHABBAT -> NORMAL | סיבה: מחזור לא תאם - עצירות לא חוקיות בעלייה: ['1', '12', '2']; עצירות לא חוקיות בירידה: ['12']; קפיצות-אחורה (עלייה 1, ירידה 13); חזרות על קומות (עלייה 0, ירידה 18); 7 חריגות טיימינג
2026-09-30 20:20:06 [INFO] detector: Config updated remotely (keys=['SHABBAT_DETECTOR'])
2026-09-30 20:20:37 [INFO] detector: Config updated remotely (keys=['SHABBAT_DETECTOR'])
2026-09-30 20:22:43 [INFO] shabbat_detector.cycle_analyzer: Cycle recovered (missed TOP-terminal read): 156s, up_stops=['-1', '3'], down_stops=['7', '-1', '-2']
2026-09-30 20:22:43 [INFO] shabbat_detector.fsm: [C] DetectorState.NORMAL → DetectorState.CANDIDATE_SHABBAT
2026-09-30 20:22:43 [INFO] detector: SHABBAT TRANSITION NORMAL -> CANDIDATE_SHABBAT | סיבה: מחזור אפשרי החל - ממתין להשלמה
2026-09-30 20:22:44 [INFO] shabbat_detector.fsm: [C] DetectorState.CANDIDATE_SHABBAT → DetectorState.NORMAL
2026-09-30 20:22:44 [INFO] detector: SHABBAT TRANSITION CANDIDATE_SHABBAT -> NORMAL | סיבה: מחזור לא תאם - עצירות לא חוקיות בעלייה: ['3']; כיסוי קומות חלקי (עלייה 33%, ירידה 21%); 1 חריגות טיימינג
2026-09-30 20:22:44 [INFO] detector: Config updated remotely (keys=['SHABBAT_DETECTOR'])
2026-09-30 20:23:44 [INFO] detector: Config updated remotely (keys=['SHABBAT_DETECTOR'])
2026-09-30 20:29:05 [INFO] shabbat_detector.cycle_analyzer: Cycle recovered (missed TOP-terminal read): 378s, up_stops=['9', '1', '-1', '10', '8', '3', '-1', '4', '11'], down_stops=['9', '4', '-2']
2026-09-30 20:29:05 [INFO] shabbat_detector.fsm: [C] DetectorState.NORMAL → DetectorState.CANDIDATE_SHABBAT
2026-09-30 20:29:05 [INFO] detector: SHABBAT TRANSITION NORMAL -> CANDIDATE_SHABBAT | סיבה: מחזור אפשרי החל - ממתין להשלמה
2026-09-30 20:29:05 [INFO] shabbat_detector.fsm: [C] DetectorState.CANDIDATE_SHABBAT → DetectorState.NORMAL
2026-09-30 20:29:05 [INFO] detector: SHABBAT TRANSITION CANDIDATE_SHABBAT -> NORMAL | סיבה: מחזור לא תאם - עצירות לא חוקיות בעלייה: ['1', '10', '11', '3', '4', '8', '9']; כיסוי קומות חלקי (עלייה 33%, ירידה 21%); קפיצות-אחורה (עלייה 5, ירידה 0); 6 חריגות טיימינג
2026-09-30 20:29:05 [INFO] detector: Config updated remotely (keys=['SHABBAT_DETECTOR'])
2026-09-30 20:29:32 [INFO] shabbat_detector.hebcal_gate: Hebcal refreshed: 5 start(s), 2 end(s) (geo=281184, diaspora=True)
2026-09-30 20:30:05 [INFO] detector: Config updated remotely (keys=['SHABBAT_DETECTOR'])
2026-09-30 20:33:44 [INFO] shabbat_detector.cycle_analyzer: Cycle recovered (missed TOP-terminal read): 245s, up_stops=['-1', '4', '12'], down_stops=['11', '9', '-1', '-2', '-1']
2026-09-30 20:33:44 [INFO] shabbat_detector.fsm: [C] DetectorState.NORMAL → DetectorState.CANDIDATE_SHABBAT
2026-09-30 20:33:44 [INFO] detector: SHABBAT TRANSITION NORMAL -> CANDIDATE_SHABBAT | סיבה: מחזור אפשרי החל - ממתין להשלמה
2026-09-30 20:33:45 [INFO] shabbat_detector.fsm: [C] DetectorState.CANDIDATE_SHABBAT → DetectorState.NORMAL
2026-09-30 20:33:45 [INFO] detector: SHABBAT TRANSITION CANDIDATE_SHABBAT -> NORMAL | סיבה: מחזור לא תאם - עצירות לא חוקיות בעלייה: ['12', '4']; כיסוי קומות חלקי (עלייה 33%, ירידה 28%); 3 חריגות טיימינג
2026-09-30 20:33:45 [INFO] detector: Config updated remotely (keys=['SHABBAT_DETECTOR'])
2026-09-30 20:34:45 [INFO] detector: Config updated remotely (keys=['SHABBAT_DETECTOR'])
2026-09-30 20:42:41 [INFO] shabbat_detector.hebcal_gate: Hebcal refreshed: 5 start(s), 2 end(s) (geo=281184, diaspora=True)
2026-09-30 20:42:41 [INFO] shabbat_detector.cycle_analyzer: Elevator idle 375s - resetting cycle (was in _Phase.LEG_ONE)
2026-09-30 20:53:05 [INFO] shabbat_detector.fsm: [C] DetectorState.NORMAL → DetectorState.CANDIDATE_SHABBAT
2026-09-30 20:53:05 [INFO] detector: SHABBAT TRANSITION NORMAL -> CANDIDATE_SHABBAT | סיבה: מחזור אפשרי החל - ממתין להשלמה
2026-09-30 20:53:07 [INFO] shabbat_detector.hebcal_gate: Hebcal refreshed: 5 start(s), 2 end(s) (geo=281184, diaspora=True)
2026-09-30 20:54:57 [INFO] shabbat_detector.cycle_analyzer: Cycle aborted: returned to BOTTOM without reaching TOP
2026-09-30 20:55:05 [INFO] detector: Config updated remotely (keys=['SHABBAT_DETECTOR'])
2026-09-30 21:03:07 [INFO] shabbat_detector.hebcal_gate: Hebcal refreshed: 5 start(s), 2 end(s) (geo=281184, diaspora=True)
2026-09-30 21:07:32 [INFO] shabbat_detector.cycle_analyzer: Cycle recovered (missed TOP-terminal read): 750s, up_stops=['-1', '2', '-1', '2', '-2', '8', '11'], down_stops=['7', '-1', '-2', '-1', '3', '11', '-2', '7', '11', '1', '-1', '8', '9', '-1', '9', '-1']
2026-09-30 21:07:32 [INFO] shabbat_detector.fsm: [C] DetectorState.CANDIDATE_SHABBAT → DetectorState.NORMAL
2026-09-30 21:07:32 [INFO] detector: SHABBAT TRANSITION CANDIDATE_SHABBAT -> NORMAL | סיבה: מחזור לא תאם - עצירות לא חוקיות בעלייה: ['11', '2', '8']; קפיצות-אחורה (עלייה 2, ירידה 8); 7 חריגות טיימינג
2026-09-30 21:08:02 [INFO] detector: Config updated remotely (keys=['SHABBAT_DETECTOR'])
2026-09-30 21:10:32 [INFO] shabbat_detector.cycle_analyzer: Cycle aborted: returned to BOTTOM without reaching TOP
2026-09-30 21:10:32 [INFO] shabbat_detector.fsm: [C] DetectorState.NORMAL → DetectorState.CANDIDATE_SHABBAT
2026-09-30 21:10:32 [INFO] detector: SHABBAT TRANSITION NORMAL -> CANDIDATE_SHABBAT | סיבה: מחזור אפשרי החל - ממתין להשלמה
2026-09-30 21:11:03 [INFO] detector: Config updated remotely (keys=['SHABBAT_DETECTOR'])
2026-09-30 21:13:10 [INFO] shabbat_detector.hebcal_gate: Hebcal refreshed: 5 start(s), 2 end(s) (geo=281184, diaspora=True)
2026-09-30 21:21:35 [INFO] shabbat_detector.cycle_analyzer: Cycle aborted: returned to BOTTOM without reaching TOP
2026-09-30 21:23:51 [INFO] shabbat_detector.hebcal_gate: Hebcal refreshed: 5 start(s), 2 end(s) (geo=281184, diaspora=True)
2026-09-30 21:24:45 [INFO] shabbat_detector.cycle_analyzer: Cycle recovered (missed TOP-terminal read): 205s, up_stops=['-2', '1', '5', '10', '11'], down_stops=[]
2026-09-30 21:24:45 [INFO] shabbat_detector.fsm: [C] DetectorState.CANDIDATE_SHABBAT → DetectorState.NORMAL
2026-09-30 21:24:45 [INFO] detector: SHABBAT TRANSITION CANDIDATE_SHABBAT -> NORMAL | סיבה: מחזור לא תאם - עצירות לא חוקיות בעלייה: ['1', '10', '11', '5']; כיסוי קומות חלקי (עלייה 33%, ירידה 0%); 5 חריגות טיימינג
2026-09-30 21:25:46 [INFO] detector: Config updated remotely (keys=['SHABBAT_DETECTOR'])
2026-09-30 21:30:24 [INFO] shabbat_detector.cycle_analyzer: Cycle recovered (missed TOP-terminal read): 356s, up_stops=['-2', '9', '-1', '11'], down_stops=['7', '9', '10', '9', '4', '-1', '7', '8']
2026-09-30 21:30:24 [INFO] shabbat_detector.fsm: [C] DetectorState.NORMAL → DetectorState.CANDIDATE_SHABBAT
2026-09-30 21:30:24 [INFO] detector: SHABBAT TRANSITION NORMAL -> CANDIDATE_SHABBAT | סיבה: מחזור אפשרי החל - ממתין להשלמה
2026-09-30 21:30:24 [INFO] shabbat_detector.fsm: [C] DetectorState.CANDIDATE_SHABBAT → DetectorState.NORMAL
2026-09-30 21:30:24 [INFO] detector: SHABBAT TRANSITION CANDIDATE_SHABBAT -> NORMAL | סיבה: מחזור לא תאם - עצירות לא חוקיות בעלייה: ['11', '9']; כיסוי קומות חלקי (עלייה 67%, ירידה 43%); 4 חריגות טיימינג
2026-09-30 21:30:25 [INFO] detector: Config updated remotely (keys=['SHABBAT_DETECTOR'])
2026-09-30 21:31:25 [INFO] detector: Config updated remotely (keys=['SHABBAT_DETECTOR'])
2026-09-30 21:36:33 [WARNING] shabbat_detector.firebase_client: Elevator stream reconnecting in 1s
2026-09-30 21:36:34 [INFO] shabbat_detector.firebase_client: SSE stream connecting: https://ramada-elev-default-rtdb.europe-west1.firebasedatabase.app/elevators/C.json
2026-09-30 21:36:52 [INFO] shabbat_detector.hebcal_gate: Hebcal refreshed: 5 start(s), 2 end(s) (geo=281184, diaspora=True)
2026-09-30 21:40:00 [WARNING] shabbat_detector.firebase_client: Elevator stream reconnecting in 2s
2026-09-30 21:40:02 [INFO] shabbat_detector.firebase_client: SSE stream connecting: https://ramada-elev-default-rtdb.europe-west1.firebasedatabase.app/elevators/C.json
2026-09-30 21:46:12 [INFO] shabbat_detector.cycle_analyzer: Cycle recovered (missed TOP-terminal read): 928s, up_stops=['-2', '-1', '3', '4', '10', '-1', '8', '-2', '-1', '5', '-1', '4'], down_stops=['7', '-1', '1', '4', '10', '11', '-1']
2026-09-30 21:46:12 [INFO] shabbat_detector.fsm: [C] DetectorState.NORMAL → DetectorState.CANDIDATE_SHABBAT
2026-09-30 21:46:12 [INFO] detector: SHABBAT TRANSITION NORMAL -> CANDIDATE_SHABBAT | סיבה: מחזור אפשרי החל - ממתין להשלמה
2026-09-30 21:46:12 [INFO] shabbat_detector.fsm: [C] DetectorState.CANDIDATE_SHABBAT → DetectorState.NORMAL
2026-09-30 21:46:12 [INFO] detector: SHABBAT TRANSITION CANDIDATE_SHABBAT -> NORMAL | סיבה: מחזור לא תאם - עצירות לא חוקיות בעלייה: ['10', '3', '4', '5', '8']; כיסוי קומות חלקי (עלייה 67%, ירידה 43%); 10 חריגות טיימינג
2026-09-30 21:46:12 [INFO] detector: Config updated remotely (keys=['SHABBAT_DETECTOR'])
2026-09-30 21:46:42 [INFO] detector: Config updated remotely (keys=['SHABBAT_DETECTOR'])
2026-09-30 21:46:54 [INFO] shabbat_detector.hebcal_gate: Hebcal refreshed: 5 start(s), 2 end(s) (geo=281184, diaspora=True)
2026-09-30 21:49:11 [INFO] shabbat_detector.cycle_analyzer: Cycle aborted: returned to BOTTOM without reaching TOP
2026-09-30 21:49:11 [INFO] shabbat_detector.fsm: [C] DetectorState.NORMAL → DetectorState.CANDIDATE_SHABBAT
2026-09-30 21:49:11 [INFO] detector: SHABBAT TRANSITION NORMAL -> CANDIDATE_SHABBAT | סיבה: מחזור אפשרי החל - ממתין להשלמה
2026-09-30 21:49:57 [INFO] shabbat_detector.cycle_analyzer: Cycle aborted: returned to BOTTOM without reaching TOP
2026-09-30 21:50:12 [INFO] detector: Config updated remotely (keys=['SHABBAT_DETECTOR'])
2026-09-30 21:58:19 [INFO] shabbat_detector.hebcal_gate: Hebcal refreshed: 5 start(s), 2 end(s) (geo=281184, diaspora=True)
2026-09-30 22:00:07 [INFO] shabbat_detector.cycle_analyzer: Cycle aborted: returned to BOTTOM without reaching TOP
2026-09-30 22:03:13 [INFO] shabbat_detector.cycle_analyzer: Cycle aborted: returned to BOTTOM without reaching TOP
2026-09-30 22:11:21 [INFO] shabbat_detector.hebcal_gate: Hebcal refreshed: 5 start(s), 2 end(s) (geo=281184, diaspora=True)
2026-09-30 22:21:22 [INFO] shabbat_detector.hebcal_gate: Hebcal refreshed: 5 start(s), 2 end(s) (geo=281184, diaspora=True)
2026-09-30 22:25:34 [INFO] shabbat_detector.cycle_analyzer: Cycle recovered (missed TOP-terminal read): 1350s, up_stops=['-1', '3', '4', '-1', '12'], down_stops=['11', '-1', '5', '8', '1', '-1', '12', '5', '-1', '7', '-1', '7', '11', '12', '1', '-1', '-2', '2']
2026-09-30 22:25:34 [INFO] shabbat_detector.fsm: [C] DetectorState.CANDIDATE_SHABBAT → DetectorState.NORMAL
2026-09-30 22:25:34 [INFO] detector: SHABBAT TRANSITION CANDIDATE_SHABBAT -> NORMAL | סיבה: מחזור לא תאם - עצירות לא חוקיות בעלייה: ['12', '3', '4']; עצירות לא חוקיות בירידה: ['12']; כיסוי קומות חלקי (עלייה 33%, ירידה 56%); קפיצות-אחורה (עלייה 1, ירידה 8); 9 חריגות טיימינג
2026-09-30 22:26:35 [INFO] detector: Config updated remotely (keys=['SHABBAT_DETECTOR'])
2026-09-30 22:33:17 [INFO] shabbat_detector.hebcal_gate: Hebcal refreshed: 5 start(s), 2 end(s) (geo=281184, diaspora=True)
2026-09-30 22:43:15 [INFO] shabbat_detector.hebcal_gate: Hebcal refreshed: 5 start(s), 2 end(s) (geo=281184, diaspora=True)
2026-09-30 22:43:40 [INFO] shabbat_detector.cycle_analyzer: Cycle recovered (missed TOP-terminal read): 1130s, up_stops=['-1', '12'], down_stops=['11', '-1', '9', '7', '4', '-1', '7', '-1', '4', '-1', '12', '11', '9', '7', '-1', '7']
2026-09-30 22:43:40 [INFO] shabbat_detector.fsm: [C] DetectorState.NORMAL → DetectorState.CANDIDATE_SHABBAT
2026-09-30 22:43:40 [INFO] detector: SHABBAT TRANSITION NORMAL -> CANDIDATE_SHABBAT | סיבה: מחזור אפשרי החל - ממתין להשלמה
2026-09-30 22:43:41 [INFO] shabbat_detector.fsm: [C] DetectorState.CANDIDATE_SHABBAT → DetectorState.NORMAL
2026-09-30 22:43:41 [INFO] detector: SHABBAT TRANSITION CANDIDATE_SHABBAT -> NORMAL | סיבה: מחזור לא תאם - עצירות לא חוקיות בעלייה: ['12']; עצירות לא חוקיות בירידה: ['12']; כיסוי קומות חלקי (עלייה 33%, ירידה 36%); קפיצות-אחורה (עלייה 0, ירידה 5); 4 חריגות טיימינג
2026-09-30 22:43:41 [INFO] detector: Config updated remotely (keys=['SHABBAT_DETECTOR'])
2026-09-30 22:44:41 [INFO] detector: Config updated remotely (keys=['SHABBAT_DETECTOR'])
2026-09-30 22:53:35 [INFO] shabbat_detector.hebcal_gate: Hebcal refreshed: 5 start(s), 2 end(s) (geo=281184, diaspora=True)
2026-09-30 23:02:16 [INFO] shabbat_detector.cycle_analyzer: Cycle recovered (missed TOP-terminal read): 1113s, up_stops=['-1', '6', '7', '-1', '2', '-1', '12'], down_stops=['0', '-1', '10', '2', '-1', '4', '9', '7', '-1']
2026-09-30 23:02:16 [INFO] shabbat_detector.fsm: [C] DetectorState.NORMAL → DetectorState.CANDIDATE_SHABBAT
2026-09-30 23:02:16 [INFO] detector: SHABBAT TRANSITION NORMAL -> CANDIDATE_SHABBAT | סיבה: מחזור אפשרי החל - ממתין להשלמה
2026-09-30 23:02:16 [INFO] shabbat_detector.fsm: [C] DetectorState.CANDIDATE_SHABBAT → DetectorState.NORMAL
2026-09-30 23:02:16 [INFO] detector: SHABBAT TRANSITION CANDIDATE_SHABBAT -> NORMAL | סיבה: מחזור לא תאם - עצירות לא חוקיות בעלייה: ['12', '2', '6', '7']; כיסוי קומות חלקי (עלייה 33%, ירידה 50%); 7 חריגות טיימינג
2026-09-30 23:02:17 [INFO] detector: Config updated remotely (keys=['SHABBAT_DETECTOR'])
2026-09-30 23:04:46 [INFO] detector: Config updated remotely (keys=['SHABBAT_DETECTOR'])
2026-09-30 23:14:18 [INFO] shabbat_detector.hebcal_gate: Hebcal refreshed: 5 start(s), 2 end(s) (geo=281184, diaspora=True)
2026-09-30 23:14:18 [INFO] shabbat_detector.cycle_analyzer: Elevator idle 643s - resetting cycle (was in _Phase.LEG_ONE)
2026-09-30 23:24:38 [INFO] shabbat_detector.hebcal_gate: Hebcal refreshed: 5 start(s), 2 end(s) (geo=281184, diaspora=True)
2026-09-30 23:33:53 [INFO] shabbat_detector.fsm: [C] DetectorState.NORMAL → DetectorState.CANDIDATE_SHABBAT
2026-09-30 23:33:53 [INFO] detector: SHABBAT TRANSITION NORMAL -> CANDIDATE_SHABBAT | סיבה: מחזור אפשרי החל - ממתין להשלמה
2026-09-30 23:35:23 [INFO] detector: Config updated remotely (keys=['SHABBAT_DETECTOR'])
2026-09-30 23:37:26 [INFO] shabbat_detector.hebcal_gate: Hebcal refreshed: 5 start(s), 2 end(s) (geo=281184, diaspora=True)
2026-09-30 23:42:41 [INFO] shabbat_detector.cycle_analyzer: Cycle recovered (missed TOP-terminal read): 498s, up_stops=['-1', '4', '5', '-1', '10', '11'], down_stops=['-1']
2026-09-30 23:42:41 [INFO] shabbat_detector.fsm: [C] DetectorState.CANDIDATE_SHABBAT → DetectorState.NORMAL
2026-09-30 23:42:41 [INFO] detector: SHABBAT TRANSITION CANDIDATE_SHABBAT -> NORMAL | סיבה: מחזור לא תאם - עצירות לא חוקיות בעלייה: ['10', '11', '4', '5']; כיסוי קומות חלקי (עלייה 33%, ירידה 7%); 4 חריגות טיימינג
2026-09-30 23:43:12 [INFO] detector: Config updated remotely (keys=['SHABBAT_DETECTOR'])
2026-09-30 23:47:58 [INFO] shabbat_detector.hebcal_gate: Hebcal refreshed: 5 start(s), 2 end(s) (geo=281184, diaspora=True)
2026-09-30 23:58:33 [INFO] shabbat_detector.hebcal_gate: Hebcal refreshed: 5 start(s), 2 end(s) (geo=281184, diaspora=True)
2026-10-01 00:09:36 [INFO] shabbat_detector.hebcal_gate: Hebcal refreshed: 5 start(s), 2 end(s) (geo=281184, diaspora=True)
2026-10-01 00:19:04 [INFO] shabbat_detector.cycle_analyzer: Elevator idle 446s - resetting cycle (was in _Phase.LEG_ONE)
2026-10-01 00:19:35 [INFO] shabbat_detector.hebcal_gate: Hebcal refreshed: 5 start(s), 2 end(s) (geo=281184, diaspora=True)
2026-10-01 00:31:40 [INFO] shabbat_detector.hebcal_gate: Hebcal refreshed: 5 start(s), 2 end(s) (geo=281184, diaspora=True)
2026-10-01 00:43:32 [INFO] shabbat_detector.hebcal_gate: Hebcal refreshed: 5 start(s), 2 end(s) (geo=281184, diaspora=True)
2026-10-01 01:14:50 [INFO] shabbat_detector.hebcal_gate: Hebcal refreshed: 5 start(s), 2 end(s) (geo=281184, diaspora=True)
2026-10-01 01:25:11 [INFO] shabbat_detector.hebcal_gate: Hebcal refreshed: 5 start(s), 2 end(s) (geo=281184, diaspora=True)
2026-10-01 01:40:01 [INFO] shabbat_detector.hebcal_gate: Hebcal refreshed: 5 start(s), 2 end(s) (geo=281184, diaspora=True)
2026-10-01 01:51:48 [INFO] shabbat_detector.hebcal_gate: Hebcal refreshed: 5 start(s), 2 end(s) (geo=281184, diaspora=True)
2026-10-01 02:03:18 [INFO] shabbat_detector.hebcal_gate: Hebcal refreshed: 5 start(s), 2 end(s) (geo=281184, diaspora=True)
2026-10-01 02:15:15 [INFO] shabbat_detector.hebcal_gate: Hebcal refreshed: 5 start(s), 2 end(s) (geo=281184, diaspora=True)
2026-10-01 02:26:07 [INFO] shabbat_detector.hebcal_gate: Hebcal refreshed: 5 start(s), 2 end(s) (geo=281184, diaspora=True)
2026-10-01 02:48:57 [INFO] shabbat_detector.hebcal_gate: Hebcal refreshed: 5 start(s), 2 end(s) (geo=281184, diaspora=True)
2026-10-01 02:59:14 [INFO] shabbat_detector.hebcal_gate: Hebcal refreshed: 5 start(s), 2 end(s) (geo=281184, diaspora=True)
2026-10-01 04:28:29 [WARNING] shabbat_detector.firebase_client: Elevator stream reconnecting in 1s
2026-10-01 04:28:31 [INFO] shabbat_detector.firebase_client: SSE stream connecting: https://ramada-elev-default-rtdb.europe-west1.firebasedatabase.app/elevators/C.json
2026-10-01 04:41:37 [INFO] shabbat_detector.hebcal_gate: Hebcal refreshed: 5 start(s), 2 end(s) (geo=281184, diaspora=True)
2026-10-01 04:41:37 [INFO] shabbat_detector.fsm: [C] DetectorState.NORMAL → DetectorState.CANDIDATE_SHABBAT
2026-10-01 04:41:37 [INFO] detector: SHABBAT TRANSITION NORMAL -> CANDIDATE_SHABBAT | סיבה: מחזור אפשרי החל - ממתין להשלמה
2026-10-01 04:43:07 [INFO] detector: Config updated remotely (keys=['SHABBAT_DETECTOR'])
2026-10-01 04:46:41 [INFO] shabbat_detector.cycle_analyzer: Elevator idle 330s - resetting cycle (was in _Phase.LEG_ONE)
2026-10-01 04:55:46 [INFO] shabbat_detector.hebcal_gate: Hebcal refreshed: 5 start(s), 2 end(s) (geo=281184, diaspora=True)
2026-10-01 04:55:46 [INFO] shabbat_detector.cycle_analyzer: Elevator idle 541s - resetting cycle (was in _Phase.LEG_ONE)
2026-10-01 05:16:07 [INFO] shabbat_detector.hebcal_gate: Hebcal refreshed: 5 start(s), 2 end(s) (geo=281184, diaspora=True)
2026-10-01 05:29:23 [INFO] shabbat_detector.hebcal_gate: Hebcal refreshed: 5 start(s), 2 end(s) (geo=281184, diaspora=True)
2026-10-01 05:42:54 [INFO] shabbat_detector.hebcal_gate: Hebcal refreshed: 5 start(s), 2 end(s) (geo=281184, diaspora=True)
2026-10-01 05:52:47 [INFO] shabbat_detector.hebcal_gate: Hebcal refreshed: 5 start(s), 2 end(s) (geo=281184, diaspora=True)
2026-10-01 06:04:40 [INFO] shabbat_detector.hebcal_gate: Hebcal refreshed: 5 start(s), 2 end(s) (geo=281184, diaspora=True)
2026-10-01 06:37:25 [INFO] shabbat_detector.hebcal_gate: Hebcal refreshed: 5 start(s), 2 end(s) (geo=281184, diaspora=True)
2026-10-01 06:47:11 [INFO] shabbat_detector.hebcal_gate: Hebcal refreshed: 5 start(s), 2 end(s) (geo=281184, diaspora=True)
2026-10-01 06:58:03 [INFO] shabbat_detector.hebcal_gate: Hebcal refreshed: 5 start(s), 2 end(s) (geo=281184, diaspora=True)
2026-10-01 07:08:20 [INFO] shabbat_detector.hebcal_gate: Hebcal refreshed: 5 start(s), 2 end(s) (geo=281184, diaspora=True)
2026-10-01 07:19:19 [INFO] shabbat_detector.hebcal_gate: Hebcal refreshed: 5 start(s), 2 end(s) (geo=281184, diaspora=True)
2026-10-01 07:29:07 [INFO] shabbat_detector.hebcal_gate: Hebcal refreshed: 5 start(s), 2 end(s) (geo=281184, diaspora=True)
2026-10-01 07:39:15 [INFO] shabbat_detector.hebcal_gate: Hebcal refreshed: 5 start(s), 2 end(s) (geo=281184, diaspora=True)
2026-10-01 07:49:49 [INFO] shabbat_detector.hebcal_gate: Hebcal refreshed: 5 start(s), 2 end(s) (geo=281184, diaspora=True)
2026-10-01 08:00:10 [INFO] shabbat_detector.hebcal_gate: Hebcal refreshed: 5 start(s), 2 end(s) (geo=281184, diaspora=True)
2026-10-01 08:10:13 [INFO] shabbat_detector.hebcal_gate: Hebcal refreshed: 5 start(s), 2 end(s) (geo=281184, diaspora=True)
2026-10-01 08:22:04 [INFO] shabbat_detector.hebcal_gate: Hebcal refreshed: 5 start(s), 2 end(s) (geo=281184, diaspora=True)
2026-10-01 08:32:09 [INFO] shabbat_detector.hebcal_gate: Hebcal refreshed: 5 start(s), 2 end(s) (geo=281184, diaspora=True)
2026-10-01 08:42:22 [INFO] shabbat_detector.hebcal_gate: Hebcal refreshed: 5 start(s), 2 end(s) (geo=281184, diaspora=True)
2026-10-01 08:51:11 [INFO] shabbat_detector.cycle_analyzer: Cycle recovered (missed TOP-terminal read): 1671s, up_stops=['-1', '1', '6', '-1', '2', '4', '-2', '9', '-1', '3', '-1', '4', '-1', '0', '1', '2', '12'], down_stops=['-1', '5', '8', '-2', '9', '12', '-1', '8', '-2', '-1', '0', '-1', '5', '-1', '3', '2', '-1']
2026-10-01 08:51:11 [INFO] shabbat_detector.fsm: [C] DetectorState.CANDIDATE_SHABBAT → DetectorState.NORMAL
2026-10-01 08:51:11 [INFO] detector: SHABBAT TRANSITION CANDIDATE_SHABBAT -> NORMAL | סיבה: מחזור לא תאם - עצירות לא חוקיות בעלייה: ['1', '12', '2', '3', '4', '6', '9']; עצירות לא חוקיות בירידה: ['12']; קפיצות-אחורה (עלייה 5, ירידה 9); 9 חריגות טיימינג
2026-10-01 08:51:42 [INFO] detector: Config updated remotely (keys=['SHABBAT_DETECTOR'])
2026-10-01 08:53:11 [INFO] shabbat_detector.hebcal_gate: Hebcal refreshed: 5 start(s), 2 end(s) (geo=281184, diaspora=True)
2026-10-01 08:53:11 [INFO] shabbat_detector.cycle_analyzer: Cycle aborted: returned to BOTTOM without reaching TOP
2026-10-01 08:53:11 [INFO] shabbat_detector.fsm: [C] DetectorState.NORMAL → DetectorState.CANDIDATE_SHABBAT
2026-10-01 08:53:11 [INFO] detector: SHABBAT TRANSITION NORMAL -> CANDIDATE_SHABBAT | סיבה: מחזור אפשרי החל - ממתין להשלמה
2026-10-01 08:55:11 [INFO] detector: Config updated remotely (keys=['SHABBAT_DETECTOR'])
2026-10-01 09:02:19 [INFO] shabbat_detector.cycle_analyzer: Cycle recovered (missed TOP-terminal read): 551s, up_stops=['-2', '-1', '0', '6', '9', '-1', '3', '8', '4', '-2', '-1', '3', '7', '8', '9', '11', '12'], down_stops=['3', '2', '-1']
2026-10-01 09:02:19 [INFO] shabbat_detector.fsm: [C] DetectorState.CANDIDATE_SHABBAT → DetectorState.NORMAL
2026-10-01 09:02:19 [INFO] detector: SHABBAT TRANSITION CANDIDATE_SHABBAT -> NORMAL | סיבה: מחזור לא תאם - עצירות לא חוקיות בעלייה: ['11', '12', '3', '4', '6', '7', '8', '9']; כיסוי קומות חלקי (עלייה 100%, ירידה 21%); 8 חריגות טיימינג
2026-10-01 09:02:49 [INFO] detector: Config updated remotely (keys=['SHABBAT_DETECTOR'])
2026-10-01 09:02:57 [INFO] shabbat_detector.hebcal_gate: Hebcal refreshed: 5 start(s), 2 end(s) (geo=281184, diaspora=True)
2026-10-01 09:12:58 [INFO] shabbat_detector.hebcal_gate: Hebcal refreshed: 5 start(s), 2 end(s) (geo=281184, diaspora=True)
2026-10-01 09:23:10 [INFO] shabbat_detector.hebcal_gate: Hebcal refreshed: 5 start(s), 2 end(s) (geo=281184, diaspora=True)
2026-10-01 09:33:42 [INFO] shabbat_detector.hebcal_gate: Hebcal refreshed: 5 start(s), 2 end(s) (geo=281184, diaspora=True)
2026-10-01 09:34:58 [INFO] shabbat_detector.cycle_analyzer: Cycle recovered (missed TOP-terminal read): 1957s, up_stops=['11', '10', '9', '2', '1', '0', '-1', '-2', '2', '9', '2', '0', '-1', '0', '2', '-1', '2', '5', '-1', '11', '2', '-1', '4', '12'], down_stops=['8', '-1', '5', '8', '4', '2', '-1', '1', '-1', '8', '-1', '9', '11', '4', '-1', '2', '8', '11', '6', '-1', '11', '12', '-1', '0', '1', '11', '12', '3', '-1', '12', '-1', '11', '-1', '0', '3', '-1', '-2', '7', '-2', '-1', '8', '-2', '7', '8', '-1']
2026-10-01 09:34:58 [INFO] shabbat_detector.fsm: [C] DetectorState.NORMAL → DetectorState.CANDIDATE_SHABBAT
2026-10-01 09:34:58 [INFO] detector: SHABBAT TRANSITION NORMAL -> CANDIDATE_SHABBAT | סיבה: מחזור אפשרי החל - ממתין להשלמה
2026-10-01 09:34:58 [INFO] shabbat_detector.fsm: [C] DetectorState.CANDIDATE_SHABBAT → DetectorState.NORMAL
2026-10-01 09:34:58 [INFO] detector: SHABBAT TRANSITION CANDIDATE_SHABBAT -> NORMAL | סיבה: מחזור לא תאם - עצירות לא חוקיות בעלייה: ['1', '10', '11', '12', '2', '4', '5', '9']; עצירות לא חוקיות בירידה: ['12']; קפיצות-אחורה (עלייה 14, ירידה 24); חזרות על קומות (עלייה 13, ירידה 31); 12 חריגות טיימינג
2026-10-01 09:34:58 [INFO] detector: Config updated remotely (keys=['SHABBAT_DETECTOR'])
2026-10-01 09:35:28 [INFO] detector: Config updated remotely (keys=['SHABBAT_DETECTOR'])
2026-10-01 09:43:33 [INFO] shabbat_detector.hebcal_gate: Hebcal refreshed: 5 start(s), 2 end(s) (geo=281184, diaspora=True)
2026-10-01 09:53:34 [INFO] shabbat_detector.hebcal_gate: Hebcal refreshed: 5 start(s), 2 end(s) (geo=281184, diaspora=True)
2026-10-01 09:55:35 [INFO] shabbat_detector.cycle_analyzer: Cycle recovered (missed TOP-terminal read): 1237s, up_stops=['12'], down_stops=['-1', '5', '2', '1', '-1', '5', '2', '-1', '5', '11', '-1', '11', '-2', '-1', '4', '12', '9', '8', '2', '-1', '-2', '0', '1', '0', '-1', '-2', '-1', '10', '7', '5', '2', '-1', '-2', '9', '8', '6', '-1', '-2', '-1', '9', '6', '4', '3', '2', '0']
2026-10-01 09:55:35 [INFO] shabbat_detector.fsm: [C] DetectorState.NORMAL → DetectorState.CANDIDATE_SHABBAT
2026-10-01 09:55:35 [INFO] detector: SHABBAT TRANSITION NORMAL -> CANDIDATE_SHABBAT | סיבה: מחזור אפשרי החל - ממתין להשלמה
2026-10-01 09:55:35 [INFO] shabbat_detector.fsm: [C] DetectorState.CANDIDATE_SHABBAT → DetectorState.NORMAL
2026-10-01 09:55:35 [INFO] detector: SHABBAT TRANSITION CANDIDATE_SHABBAT -> NORMAL | סיבה: מחזור לא תאם - עצירות לא חוקיות בעלייה: ['12']; עצירות לא חוקיות בירידה: ['12']; כיסוי קומות חלקי (עלייה 0%, ירידה 100%); קפיצות-אחורה (עלייה 0, ירידה 15); חזרות על קומות (עלייה 0, ירידה 30); 9 חריגות טיימינג
2026-10-01 09:55:35 [INFO] detector: Config updated remotely (keys=['SHABBAT_DETECTOR'])
2026-10-01 09:58:05 [INFO] detector: Config updated remotely (keys=['SHABBAT_DETECTOR'])
2026-10-01 09:59:57 [INFO] shabbat_detector.cycle_analyzer: Cycle recovered (missed TOP-terminal read): 265s, up_stops=['-2', '-1', '1'], down_stops=['11', '11', '-1', '3', '4', '-1']
2026-10-01 09:59:57 [INFO] shabbat_detector.fsm: [C] DetectorState.NORMAL → DetectorState.CANDIDATE_SHABBAT
2026-10-01 09:59:57 [INFO] detector: SHABBAT TRANSITION NORMAL -> CANDIDATE_SHABBAT | סיבה: מחזור אפשרי החל - ממתין להשלמה
2026-10-01 09:59:58 [INFO] shabbat_detector.fsm: [C] DetectorState.CANDIDATE_SHABBAT → DetectorState.NORMAL
2026-10-01 09:59:58 [INFO] detector: SHABBAT TRANSITION CANDIDATE_SHABBAT -> NORMAL | סיבה: מחזור לא תאם - עצירות לא חוקיות בעלייה: ['1']; כיסוי קומות חלקי (עלייה 67%, ירידה 28%); 4 חריגות טיימינג
2026-10-01 09:59:58 [INFO] detector: Config updated remotely (keys=['SHABBAT_DETECTOR'])
2026-10-01 10:00:58 [INFO] detector: Config updated remotely (keys=['SHABBAT_DETECTOR'])
2026-10-01 10:03:55 [INFO] shabbat_detector.hebcal_gate: Hebcal refreshed: 5 start(s), 2 end(s) (geo=281184, diaspora=True)
2026-10-01 10:13:58 [INFO] shabbat_detector.hebcal_gate: Hebcal refreshed: 5 start(s), 2 end(s) (geo=281184, diaspora=True)
2026-10-01 10:20:26 [INFO] shabbat_detector.cycle_analyzer: Cycle recovered (missed TOP-terminal read): 1222s, up_stops=['-1', '8', '10', '-1', '3', '4', '8', '-1', '5', '2', '-1', '8', '12'], down_stops=['-1', '-2', '7', '-2', '-1', '1', '-1', '5', '11', '7', '-1', '9', '10', '-2', '10', '-1', '9', '-1', '1', '-1', '3', '9', '-1', '-2']
2026-10-01 10:20:26 [INFO] shabbat_detector.fsm: [C] DetectorState.NORMAL → DetectorState.CANDIDATE_SHABBAT
2026-10-01 10:20:26 [INFO] detector: SHABBAT TRANSITION NORMAL -> CANDIDATE_SHABBAT | סיבה: מחזור אפשרי החל - ממתין להשלמה
2026-10-01 10:20:26 [INFO] shabbat_detector.fsm: [C] DetectorState.CANDIDATE_SHABBAT → DetectorState.NORMAL
2026-10-01 10:20:26 [INFO] detector: SHABBAT TRANSITION CANDIDATE_SHABBAT -> NORMAL | סיבה: מחזור לא תאם - עצירות לא חוקיות בעלייה: ['10', '12', '2', '3', '4', '5', '8']; כיסוי קומות חלקי (עלייה 33%, ירידה 64%); קפיצות-אחורה (עלייה 4, ירידה 12); חזרות על קומות (עלייה 5, ירידה 15); 11 חריגות טיימינג
2026-10-01 10:20:27 [INFO] detector: Config updated remotely (keys=['SHABBAT_DETECTOR'])
2026-10-01 10:21:27 [INFO] detector: Config updated remotely (keys=['SHABBAT_DETECTOR'])
2026-10-01 10:22:12 [INFO] shabbat_detector.cycle_analyzer: Cycle recovered (missed TOP-terminal read): 111s, up_stops=['-1', '1', '12'], down_stops=[]
2026-10-01 10:22:12 [INFO] shabbat_detector.fsm: [C] DetectorState.NORMAL → DetectorState.CANDIDATE_SHABBAT
2026-10-01 10:22:12 [INFO] detector: SHABBAT TRANSITION NORMAL -> CANDIDATE_SHABBAT | סיבה: מחזור אפשרי החל - ממתין להשלמה
2026-10-01 10:22:12 [INFO] shabbat_detector.fsm: [C] DetectorState.CANDIDATE_SHABBAT → DetectorState.NORMAL
2026-10-01 10:22:12 [INFO] detector: SHABBAT TRANSITION CANDIDATE_SHABBAT -> NORMAL | סיבה: מחזור לא תאם - עצירות לא חוקיות בעלייה: ['1', '12']; כיסוי קומות חלקי (עלייה 33%, ירידה 0%); 3 חריגות טיימינג
2026-10-01 10:22:12 [INFO] detector: Config updated remotely (keys=['SHABBAT_DETECTOR'])
2026-10-01 10:23:42 [INFO] detector: Config updated remotely (keys=['SHABBAT_DETECTOR'])
2026-10-01 10:24:25 [INFO] shabbat_detector.hebcal_gate: Hebcal refreshed: 5 start(s), 2 end(s) (geo=281184, diaspora=True)
2026-10-01 10:34:32 [INFO] shabbat_detector.hebcal_gate: Hebcal refreshed: 5 start(s), 2 end(s) (geo=281184, diaspora=True)
2026-10-01 10:37:30 [INFO] shabbat_detector.cycle_analyzer: Cycle recovered (missed TOP-terminal read): 916s, up_stops=['-1', '4', '12'], down_stops=['11', '8', '3', '2', '-1', '1', '2', '-1', '2', '1', '-1', '0', '2', '9', '12', '11', '-1', '10', '12', '8', '9', '-1', '3', '-1', '-2', '5', '-1', '6', '7', '11', '9', '-1']
2026-10-01 10:37:30 [INFO] shabbat_detector.fsm: [C] DetectorState.NORMAL → DetectorState.CANDIDATE_SHABBAT
2026-10-01 10:37:30 [INFO] detector: SHABBAT TRANSITION NORMAL -> CANDIDATE_SHABBAT | סיבה: מחזור אפשרי החל - ממתין להשלמה
2026-10-01 10:37:35 [INFO] shabbat_detector.fsm: [C] DetectorState.CANDIDATE_SHABBAT → DetectorState.NORMAL
2026-10-01 10:37:35 [INFO] detector: SHABBAT TRANSITION CANDIDATE_SHABBAT -> NORMAL | סיבה: מחזור לא תאם - עצירות לא חוקיות בעלייה: ['12', '4']; עצירות לא חוקיות בירידה: ['12']; כיסוי קומות חלקי (עלייה 33%, ירידה 93%); קפיצות-אחורה (עלייה 0, ירידה 15); חזרות על קומות (עלייה 0, ירידה 18); 13 חריגות טיימינג
2026-10-01 10:37:35 [INFO] detector: Config updated remotely (keys=['SHABBAT_DETECTOR'])
2026-10-01 10:38:05 [INFO] detector: Config updated remotely (keys=['SHABBAT_DETECTOR'])
2026-10-01 10:45:02 [INFO] shabbat_detector.hebcal_gate: Hebcal refreshed: 5 start(s), 2 end(s) (geo=281184, diaspora=True)
2026-10-01 10:53:19 [INFO] shabbat_detector.cycle_analyzer: Cycle recovered (missed TOP-terminal read): 942s, up_stops=['-1', '-2', '-1', '12'], down_stops=['-1', '11', '9', '-1', '2', '10', '11', '9', '-1', '11', '12', '1', '-1', '2', '-1', '1', '4', '3', '-1', '12', '11', '12', '0', '-1', '-2']
2026-10-01 10:53:19 [INFO] shabbat_detector.fsm: [C] DetectorState.NORMAL → DetectorState.CANDIDATE_SHABBAT
2026-10-01 10:53:19 [INFO] detector: SHABBAT TRANSITION NORMAL -> CANDIDATE_SHABBAT | סיבה: מחזור אפשרי החל - ממתין להשלמה
2026-10-01 10:53:19 [INFO] shabbat_detector.fsm: [C] DetectorState.CANDIDATE_SHABBAT → DetectorState.NORMAL
2026-10-01 10:53:19 [INFO] detector: SHABBAT TRANSITION CANDIDATE_SHABBAT -> NORMAL | סיבה: מחזור לא תאם - עצירות לא חוקיות בעלייה: ['12']; עצירות לא חוקיות בירידה: ['12']; קפיצות-אחורה (עלייה 1, ירידה 11); חזרות על קומות (עלייה 1, ירידה 14); 9 חריגות טיימינג
2026-10-01 10:53:20 [INFO] detector: Config updated remotely (keys=['SHABBAT_DETECTOR'])
2026-10-01 10:53:50 [INFO] detector: Config updated remotely (keys=['SHABBAT_DETECTOR'])
2026-10-01 10:54:23 [INFO] shabbat_detector.cycle_analyzer: Cycle aborted: returned to BOTTOM without reaching TOP
2026-10-01 10:54:23 [INFO] shabbat_detector.fsm: [C] DetectorState.NORMAL → DetectorState.CANDIDATE_SHABBAT
2026-10-01 10:54:23 [INFO] detector: SHABBAT TRANSITION NORMAL -> CANDIDATE_SHABBAT | סיבה: מחזור אפשרי החל - ממתין להשלמה
2026-10-01 10:54:37 [INFO] shabbat_detector.hebcal_gate: Hebcal refreshed: 5 start(s), 2 end(s) (geo=281184, diaspora=True)
2026-10-01 10:54:53 [INFO] detector: Config updated remotely (keys=['SHABBAT_DETECTOR'])
2026-10-01 10:59:19 [INFO] shabbat_detector.cycle_analyzer: Cycle recovered (missed TOP-terminal read): 322s, up_stops=['12'], down_stops=['11', '-1', '2', '4', '12', '11', '3', '1', '-1']
2026-10-01 10:59:19 [INFO] shabbat_detector.fsm: [C] DetectorState.CANDIDATE_SHABBAT → DetectorState.NORMAL
2026-10-01 10:59:19 [INFO] detector: SHABBAT TRANSITION CANDIDATE_SHABBAT -> NORMAL | סיבה: מחזור לא תאם - עצירות לא חוקיות בעלייה: ['12']; עצירות לא חוקיות בירידה: ['12']; כיסוי קומות חלקי (עלייה 0%, ירידה 43%); 3 חריגות טיימינג
2026-10-01 10:59:50 [INFO] detector: Config updated remotely (keys=['SHABBAT_DETECTOR'])
2026-10-01 11:02:46 [INFO] shabbat_detector.cycle_analyzer: Cycle recovered (missed TOP-terminal read): 198s, up_stops=['2', '12'], down_stops=['11', '9', '-1', '6', '-2']
2026-10-01 11:02:46 [INFO] shabbat_detector.fsm: [C] DetectorState.NORMAL → DetectorState.CANDIDATE_SHABBAT
2026-10-01 11:02:46 [INFO] detector: SHABBAT TRANSITION NORMAL -> CANDIDATE_SHABBAT | סיבה: מחזור אפשרי החל - ממתין להשלמה
2026-10-01 11:02:46 [INFO] shabbat_detector.fsm: [C] DetectorState.CANDIDATE_SHABBAT → DetectorState.NORMAL
2026-10-01 11:02:46 [INFO] detector: SHABBAT TRANSITION CANDIDATE_SHABBAT -> NORMAL | סיבה: מחזור לא תאם - עצירות לא חוקיות בעלייה: ['12', '2']; כיסוי קומות חלקי (עלייה 0%, ירידה 36%); 2 חריגות טיימינג
2026-10-01 11:02:52 [INFO] detector: Config updated remotely (keys=['SHABBAT_DETECTOR'])
2026-10-01 11:04:36 [INFO] shabbat_detector.hebcal_gate: Hebcal refreshed: 5 start(s), 2 end(s) (geo=281184, diaspora=True)
2026-10-01 11:04:52 [INFO] detector: Config updated remotely (keys=['SHABBAT_DETECTOR'])
2026-10-01 11:11:47 [INFO] shabbat_detector.cycle_analyzer: Cycle recovered (missed TOP-terminal read): 535s, up_stops=['-1', '2', '12'], down_stops=['1', '12', '-1', '3', '8', '12', '2', '-1', '12', '11', '2', '-1', '12', '4']
2026-10-01 11:11:47 [INFO] shabbat_detector.fsm: [C] DetectorState.NORMAL → DetectorState.CANDIDATE_SHABBAT
2026-10-01 11:11:47 [INFO] detector: SHABBAT TRANSITION NORMAL -> CANDIDATE_SHABBAT | סיבה: מחזור אפשרי החל - ממתין להשלמה
2026-10-01 11:11:48 [INFO] shabbat_detector.fsm: [C] DetectorState.CANDIDATE_SHABBAT → DetectorState.NORMAL
2026-10-01 11:11:48 [INFO] detector: SHABBAT TRANSITION CANDIDATE_SHABBAT -> NORMAL | סיבה: מחזור לא תאם - עצירות לא חוקיות בעלייה: ['12', '2']; עצירות לא חוקיות בירידה: ['12']; כיסוי קומות חלקי (עלייה 33%, ירידה 50%); קפיצות-אחורה (עלייה 0, ירידה 6); 6 חריגות טיימינג
2026-10-01 11:11:48 [INFO] detector: Config updated remotely (keys=['SHABBAT_DETECTOR'])
2026-10-01 11:12:48 [INFO] detector: Config updated remotely (keys=['SHABBAT_DETECTOR'])
2026-10-01 11:13:43 [INFO] shabbat_detector.cycle_analyzer: Cycle aborted: returned to BOTTOM without reaching TOP
2026-10-01 11:13:43 [INFO] shabbat_detector.fsm: [C] DetectorState.NORMAL → DetectorState.CANDIDATE_SHABBAT
2026-10-01 11:13:43 [INFO] detector: SHABBAT TRANSITION NORMAL -> CANDIDATE_SHABBAT | סיבה: מחזור אפשרי החל - ממתין להשלמה
2026-10-01 11:14:37 [INFO] shabbat_detector.hebcal_gate: Hebcal refreshed: 5 start(s), 2 end(s) (geo=281184, diaspora=True)
2026-10-01 11:15:44 [INFO] detector: Config updated remotely (keys=['SHABBAT_DETECTOR'])
2026-10-01 11:20:37 [INFO] shabbat_detector.cycle_analyzer: Cycle recovered (missed TOP-terminal read): 404s, up_stops=['-1', '7', '12'], down_stops=['-1', '10', '12', '11', '-1', '2', '-1']
2026-10-01 11:20:37 [INFO] shabbat_detector.fsm: [C] DetectorState.CANDIDATE_SHABBAT → DetectorState.NORMAL
2026-10-01 11:20:37 [INFO] detector: SHABBAT TRANSITION CANDIDATE_SHABBAT -> NORMAL | סיבה: מחזור לא תאם - עצירות לא חוקיות בעלייה: ['12', '7']; עצירות לא חוקיות בירידה: ['12']; כיסוי קומות חלקי (עלייה 33%, ירידה 28%); 4 חריגות טיימינג
2026-10-01 11:22:07 [INFO] detector: Config updated remotely (keys=['SHABBAT_DETECTOR'])
2026-10-01 11:24:07 [INFO] shabbat_detector.cycle_analyzer: Cycle aborted: returned to BOTTOM without reaching TOP
2026-10-01 11:24:07 [INFO] shabbat_detector.fsm: [C] DetectorState.NORMAL → DetectorState.CANDIDATE_SHABBAT
2026-10-01 11:24:07 [INFO] detector: SHABBAT TRANSITION NORMAL -> CANDIDATE_SHABBAT | סיבה: מחזור אפשרי החל - ממתין להשלמה
2026-10-01 11:24:46 [INFO] shabbat_detector.hebcal_gate: Hebcal refreshed: 5 start(s), 2 end(s) (geo=281184, diaspora=True)
2026-10-01 11:25:07 [INFO] detector: Config updated remotely (keys=['SHABBAT_DETECTOR'])
2026-10-01 11:26:10 [INFO] shabbat_detector.cycle_analyzer: Cycle aborted: returned to BOTTOM without reaching TOP
2026-10-01 11:27:14 [INFO] shabbat_detector.cycle_analyzer: Cycle aborted: returned to BOTTOM without reaching TOP
2026-10-01 11:33:46 [INFO] shabbat_detector.cycle_analyzer: Cycle recovered (missed TOP-terminal read): 393s, up_stops=['4', '-1', '1', '0', '11'], down_stops=['9', '2', '-1', '11', '4', '-1', '4', '2', '-1']
2026-10-01 11:33:46 [INFO] shabbat_detector.fsm: [C] DetectorState.CANDIDATE_SHABBAT → DetectorState.NORMAL
2026-10-01 11:33:46 [INFO] detector: SHABBAT TRANSITION CANDIDATE_SHABBAT -> NORMAL | סיבה: מחזור לא תאם - עצירות לא חוקיות בעלייה: ['1', '11', '4']; כיסוי קומות חלקי (עלייה 67%, ירידה 36%); 4 חריגות טיימינג
2026-10-01 11:35:08 [INFO] shabbat_detector.hebcal_gate: Hebcal refreshed: 5 start(s), 2 end(s) (geo=281184, diaspora=True)
2026-10-01 11:35:29 [INFO] shabbat_detector.cycle_analyzer: Cycle recovered (missed TOP-terminal read): 107s, up_stops=['4', '11'], down_stops=['-1']
2026-10-01 11:35:29 [INFO] shabbat_detector.fsm: [C] DetectorState.NORMAL → DetectorState.CANDIDATE_SHABBAT
2026-10-01 11:35:29 [INFO] detector: SHABBAT TRANSITION NORMAL -> CANDIDATE_SHABBAT | סיבה: מחזור אפשרי החל - ממתין להשלמה
2026-10-01 11:35:29 [INFO] shabbat_detector.fsm: [C] DetectorState.CANDIDATE_SHABBAT → DetectorState.NORMAL
2026-10-01 11:35:29 [INFO] detector: SHABBAT TRANSITION CANDIDATE_SHABBAT -> NORMAL | סיבה: מחזור לא תאם - עצירות לא חוקיות בעלייה: ['11', '4']; כיסוי קומות חלקי (עלייה 0%, ירידה 7%); 2 חריגות טיימינג
2026-10-01 11:35:30 [INFO] detector: Config updated remotely (keys=['SHABBAT_DETECTOR'])
2026-10-01 11:35:30 [INFO] detector: Config updated remotely (keys=['SHABBAT_DETECTOR'])
2026-10-01 11:36:25 [INFO] shabbat_detector.cycle_analyzer: Cycle aborted: returned to BOTTOM without reaching TOP
2026-10-01 11:36:25 [INFO] shabbat_detector.fsm: [C] DetectorState.NORMAL → DetectorState.CANDIDATE_SHABBAT
2026-10-01 11:36:25 [INFO] detector: SHABBAT TRANSITION NORMAL -> CANDIDATE_SHABBAT | סיבה: מחזור אפשרי החל - ממתין להשלמה
2026-10-01 11:36:25 [INFO] detector: Config updated remotely (keys=['SHABBAT_DETECTOR'])
2026-10-01 11:37:55 [INFO] detector: Config updated remotely (keys=['SHABBAT_DETECTOR'])
2026-10-01 11:44:56 [INFO] shabbat_detector.hebcal_gate: Hebcal refreshed: 5 start(s), 2 end(s) (geo=281184, diaspora=True)
2026-10-01 11:50:03 [INFO] shabbat_detector.cycle_analyzer: Cycle recovered (missed TOP-terminal read): 749s, up_stops=['9', '-1', '0', '4', '-1', '8', '-1', '1', '-1', '12'], down_stops=['11', '-1', '4', '2', '-1']
2026-10-01 11:50:03 [INFO] shabbat_detector.fsm: [C] DetectorState.CANDIDATE_SHABBAT → DetectorState.NORMAL
2026-10-01 11:50:03 [INFO] detector: SHABBAT TRANSITION CANDIDATE_SHABBAT -> NORMAL | סיבה: מחזור לא תאם - עצירות לא חוקיות בעלייה: ['1', '12', '4', '8', '9']; כיסוי קומות חלקי (עלייה 67%, ירידה 28%); 8 חריגות טיימינג
2026-10-01 11:50:33 [INFO] detector: Config updated remotely (keys=['SHABBAT_DETECTOR'])
2026-10-01 11:55:04 [INFO] shabbat_detector.hebcal_gate: Hebcal refreshed: 5 start(s), 2 end(s) (geo=281184, diaspora=True)
2026-10-01 12:05:20 [INFO] shabbat_detector.hebcal_gate: Hebcal refreshed: 5 start(s), 2 end(s) (geo=281184, diaspora=True)
2026-10-01 12:15:03 [INFO] shabbat_detector.cycle_analyzer: Cycle recovered (missed TOP-terminal read): 1569s, up_stops=['-2', '2', '-1', '5', '-1', '12'], down_stops=['-1', '2', '11', '-1', '-2', '-1', '11', '-1', '0', '-1', '2', '5', '-1', '3', '-1', '2', '1', '-1', '5', '1', '-1', '5']
2026-10-01 12:15:03 [INFO] shabbat_detector.fsm: [C] DetectorState.NORMAL → DetectorState.CANDIDATE_SHABBAT
2026-10-01 12:15:03 [INFO] detector: SHABBAT TRANSITION NORMAL -> CANDIDATE_SHABBAT | סיבה: מחזור אפשרי החל - ממתין להשלמה
2026-10-01 12:15:04 [INFO] shabbat_detector.fsm: [C] DetectorState.CANDIDATE_SHABBAT → DetectorState.NORMAL
2026-10-01 12:15:04 [INFO] detector: SHABBAT TRANSITION CANDIDATE_SHABBAT -> NORMAL | סיבה: מחזור לא תאם - עצירות לא חוקיות בעלייה: ['12', '2', '5']; קפיצות-אחורה (עלייה 2, ירידה 11); חזרות על קומות (עלייה 1, ירידה 14); 9 חריגות טיימינג
2026-10-01 12:15:04 [INFO] detector: Config updated remotely (keys=['SHABBAT_DETECTOR'])
2026-10-01 12:17:21 [INFO] shabbat_detector.hebcal_gate: Hebcal refreshed: 5 start(s), 2 end(s) (geo=281184, diaspora=True)
2026-10-01 12:17:34 [INFO] detector: Config updated remotely (keys=['SHABBAT_DETECTOR'])
2026-10-01 12:26:18 [INFO] shabbat_detector.cycle_analyzer: Cycle recovered (missed TOP-terminal read): 678s, up_stops=['2', '-1', '11'], down_stops=['11', '10', '11', '11', '10', '-1', '5', '-2', '2', '-1', '10', '-2', '-1']
2026-10-01 12:26:18 [INFO] shabbat_detector.fsm: [C] DetectorState.NORMAL → DetectorState.CANDIDATE_SHABBAT
2026-10-01 12:26:18 [INFO] detector: SHABBAT TRANSITION NORMAL -> CANDIDATE_SHABBAT | סיבה: מחזור אפשרי החל - ממתין להשלמה
2026-10-01 12:26:18 [INFO] shabbat_detector.fsm: [C] DetectorState.CANDIDATE_SHABBAT → DetectorState.NORMAL
2026-10-01 12:26:18 [INFO] detector: SHABBAT TRANSITION CANDIDATE_SHABBAT -> NORMAL | סיבה: מחזור לא תאם - עצירות לא חוקיות בעלייה: ['11', '2']; כיסוי קומות חלקי (עלייה 33%, ירידה 43%); קפיצות-אחורה (עלייה 1, ירידה 5); 5 חריגות טיימינג
2026-10-01 12:26:18 [INFO] detector: Config updated remotely (keys=['SHABBAT_DETECTOR'])
2026-10-01 12:26:49 [INFO] detector: Config updated remotely (keys=['SHABBAT_DETECTOR'])
2026-10-01 12:27:36 [INFO] shabbat_detector.hebcal_gate: Hebcal refreshed: 5 start(s), 2 end(s) (geo=281184, diaspora=True)
2026-10-01 12:28:29 [INFO] shabbat_detector.cycle_analyzer: Cycle aborted: returned to BOTTOM without reaching TOP
2026-10-01 12:28:29 [INFO] shabbat_detector.fsm: [C] DetectorState.NORMAL → DetectorState.CANDIDATE_SHABBAT
2026-10-01 12:28:29 [INFO] detector: SHABBAT TRANSITION NORMAL -> CANDIDATE_SHABBAT | סיבה: מחזור אפשרי החל - ממתין להשלמה
2026-10-01 12:29:59 [INFO] detector: Config updated remotely (keys=['SHABBAT_DETECTOR'])
2026-10-01 12:31:55 [INFO] shabbat_detector.cycle_analyzer: Cycle aborted: returned to BOTTOM without reaching TOP
2026-10-01 12:35:54 [INFO] shabbat_detector.cycle_analyzer: Cycle aborted: returned to BOTTOM without reaching TOP
2026-10-01 12:37:21 [INFO] shabbat_detector.cycle_analyzer: Cycle aborted: returned to BOTTOM without reaching TOP
2026-10-01 12:37:41 [INFO] shabbat_detector.hebcal_gate: Hebcal refreshed: 5 start(s), 2 end(s) (geo=281184, diaspora=True)
2026-10-01 12:50:07 [INFO] shabbat_detector.hebcal_gate: Hebcal refreshed: 5 start(s), 2 end(s) (geo=281184, diaspora=True)
2026-10-01 12:59:11 [INFO] shabbat_detector.cycle_analyzer: Elevator idle 473s - resetting cycle (was in _Phase.LEG_ONE)
2026-10-01 13:01:04 [INFO] shabbat_detector.hebcal_gate: Hebcal refreshed: 5 start(s), 2 end(s) (geo=281184, diaspora=True)
2026-10-01 13:03:23 [INFO] shabbat_detector.cycle_analyzer: Cycle aborted: returned to BOTTOM without reaching TOP
2026-10-01 13:09:37 [INFO] shabbat_detector.cycle_analyzer: Elevator idle 429s - resetting cycle (was in _Phase.LEG_ONE)
2026-10-01 13:10:36 [INFO] shabbat_detector.hebcal_gate: Hebcal refreshed: 5 start(s), 2 end(s) (geo=281184, diaspora=True)
2026-10-01 13:11:35 [INFO] shabbat_detector.cycle_analyzer: Cycle aborted: returned to BOTTOM without reaching TOP
2026-10-01 13:22:17 [INFO] shabbat_detector.hebcal_gate: Hebcal refreshed: 5 start(s), 2 end(s) (geo=281184, diaspora=True)
2026-10-01 13:26:48 [INFO] shabbat_detector.cycle_analyzer: Cycle aborted: returned to BOTTOM without reaching TOP
2026-10-01 13:27:44 [INFO] shabbat_detector.cycle_analyzer: Cycle aborted: returned to BOTTOM without reaching TOP
2026-10-01 13:29:33 [INFO] shabbat_detector.cycle_analyzer: Cycle aborted: returned to BOTTOM without reaching TOP
2026-10-01 13:32:20 [INFO] shabbat_detector.cycle_analyzer: Cycle aborted: returned to BOTTOM without reaching TOP
2026-10-01 13:32:26 [INFO] shabbat_detector.hebcal_gate: Hebcal refreshed: 5 start(s), 2 end(s) (geo=281184, diaspora=True)
2026-10-01 13:42:22 [INFO] shabbat_detector.hebcal_gate: Hebcal refreshed: 5 start(s), 2 end(s) (geo=281184, diaspora=True)
2026-10-01 13:51:53 [INFO] shabbat_detector.cycle_analyzer: Cycle recovered (missed TOP-terminal read): 1240s, up_stops=['-1', '0', '-1', '7', '-1', '11', '3', '-1', '5', '-1', '-2', '2', '9', '-1', '1', '8', '-1', '3', '4', '5', '12'], down_stops=['2', '12', '-1']
2026-10-01 13:51:53 [INFO] shabbat_detector.fsm: [C] DetectorState.CANDIDATE_SHABBAT → DetectorState.NORMAL
2026-10-01 13:51:53 [INFO] detector: SHABBAT TRANSITION CANDIDATE_SHABBAT -> NORMAL | סיבה: מחזור לא תאם - עצירות לא חוקיות בעלייה: ['1', '11', '12', '2', '3', '4', '5', '7', '8', '9']; עצירות לא חוקיות בירידה: ['12']; כיסוי קומות חלקי (עלייה 100%, ירידה 14%); קפיצות-אחורה (עלייה 8, ירידה 1); 13 חריגות טיימינג
2026-10-01 13:52:48 [INFO] shabbat_detector.hebcal_gate: Hebcal refreshed: 5 start(s), 2 end(s) (geo=281184, diaspora=True)
2026-10-01 13:53:24 [INFO] detector: Config updated remotely (keys=['SHABBAT_DETECTOR'])
2026-10-01 14:02:55 [INFO] shabbat_detector.hebcal_gate: Hebcal refreshed: 5 start(s), 2 end(s) (geo=281184, diaspora=True)
2026-10-01 14:09:55 [INFO] shabbat_detector.cycle_analyzer: Cycle recovered (missed TOP-terminal read): 1098s, up_stops=['-1', '12'], down_stops=['0', '4', '-1', '1', '-1', '2', '5', '0', '-1', '12', '-1', '9', '3', '-1', '1', '-1', '1', '8', '-1']
2026-10-01 14:09:55 [INFO] shabbat_detector.fsm: [C] DetectorState.NORMAL → DetectorState.CANDIDATE_SHABBAT
2026-10-01 14:09:55 [INFO] detector: SHABBAT TRANSITION NORMAL -> CANDIDATE_SHABBAT | סיבה: מחזור אפשרי החל - ממתין להשלמה
2026-10-01 14:09:56 [INFO] shabbat_detector.fsm: [C] DetectorState.CANDIDATE_SHABBAT → DetectorState.NORMAL
2026-10-01 14:09:56 [INFO] detector: SHABBAT TRANSITION CANDIDATE_SHABBAT -> NORMAL | סיבה: מחזור לא תאם - עצירות לא חוקיות בעלייה: ['12']; עצירות לא חוקיות בירידה: ['12']; כיסוי קומות חלקי (עלייה 33%, ירידה 64%); קפיצות-אחורה (עלייה 0, ירידה 9); 9 חריגות טיימינג
2026-10-01 14:09:56 [INFO] detector: Config updated remotely (keys=['SHABBAT_DETECTOR'])
2026-10-01 14:11:56 [INFO] detector: Config updated remotely (keys=['SHABBAT_DETECTOR'])
2026-10-01 14:13:49 [INFO] shabbat_detector.hebcal_gate: Hebcal refreshed: 5 start(s), 2 end(s) (geo=281184, diaspora=True)
2026-10-01 14:17:01 [INFO] shabbat_detector.cycle_analyzer: Cycle aborted: returned to BOTTOM without reaching TOP
2026-10-01 14:17:01 [INFO] shabbat_detector.fsm: [C] DetectorState.NORMAL → DetectorState.CANDIDATE_SHABBAT
2026-10-01 14:17:01 [INFO] detector: SHABBAT TRANSITION NORMAL -> CANDIDATE_SHABBAT | סיבה: מחזור אפשרי החל - ממתין להשלמה
2026-10-01 14:19:02 [INFO] detector: Config updated remotely (keys=['SHABBAT_DETECTOR'])
2026-10-01 14:32:46 [INFO] shabbat_detector.hebcal_gate: Hebcal refreshed: 5 start(s), 2 end(s) (geo=281184, diaspora=True)
2026-10-01 14:32:46 [INFO] shabbat_detector.cycle_analyzer: Elevator idle 655s - resetting cycle (was in _Phase.LEG_ONE)
2026-10-01 14:39:29 [INFO] shabbat_detector.cycle_analyzer: Elevator idle 319s - resetting cycle (was in _Phase.LEG_ONE)
2026-10-01 14:47:05 [INFO] shabbat_detector.hebcal_gate: Hebcal refreshed: 5 start(s), 2 end(s) (geo=281184, diaspora=True)
2026-10-01 14:47:05 [INFO] shabbat_detector.cycle_analyzer: Elevator idle 324s - resetting cycle (was in _Phase.LEG_ONE)
2026-10-01 14:58:17 [INFO] shabbat_detector.hebcal_gate: Hebcal refreshed: 5 start(s), 2 end(s) (geo=281184, diaspora=True)
2026-10-01 15:08:53 [INFO] shabbat_detector.hebcal_gate: Hebcal refreshed: 5 start(s), 2 end(s) (geo=281184, diaspora=True)
2026-10-01 15:18:36 [INFO] shabbat_detector.cycle_analyzer: Cycle aborted: returned to BOTTOM without reaching TOP
2026-10-01 15:19:18 [INFO] shabbat_detector.hebcal_gate: Hebcal refreshed: 5 start(s), 2 end(s) (geo=281184, diaspora=True)
2026-10-01 15:29:28 [INFO] shabbat_detector.hebcal_gate: Hebcal refreshed: 5 start(s), 2 end(s) (geo=281184, diaspora=True)
2026-10-01 15:42:41 [INFO] shabbat_detector.hebcal_gate: Hebcal refreshed: 5 start(s), 2 end(s) (geo=281184, diaspora=True)
2026-10-01 15:51:31 [INFO] shabbat_detector.cycle_analyzer: Elevator idle 383s - resetting cycle (was in _Phase.LEG_ONE)
2026-10-01 15:54:41 [INFO] shabbat_detector.hebcal_gate: Hebcal refreshed: 5 start(s), 2 end(s) (geo=281184, diaspora=True)
2026-10-01 16:04:55 [INFO] shabbat_detector.hebcal_gate: Hebcal refreshed: 5 start(s), 2 end(s) (geo=281184, diaspora=True)
2026-10-01 16:12:41 [INFO] shabbat_detector.firebase_client: SSE stream connecting: https://ramada-elev-default-rtdb.europe-west1.firebasedatabase.app/settings.json
2026-10-01 16:17:50 [INFO] shabbat_detector.hebcal_gate: Hebcal refreshed: 5 start(s), 2 end(s) (geo=281184, diaspora=True)
2026-10-01 16:27:08 [INFO] shabbat_detector.cycle_analyzer: Cycle aborted: returned to BOTTOM without reaching TOP
2026-10-01 16:27:55 [INFO] shabbat_detector.hebcal_gate: Hebcal refreshed: 5 start(s), 2 end(s) (geo=281184, diaspora=True)
2026-10-01 16:32:09 [INFO] shabbat_detector.cycle_analyzer: Cycle recovered (missed TOP-terminal read): 303s, up_stops=['-1', '3', '12'], down_stops=['11']
2026-10-01 16:32:09 [INFO] shabbat_detector.fsm: [C] DetectorState.CANDIDATE_SHABBAT → DetectorState.NORMAL
2026-10-01 16:32:09 [INFO] detector: SHABBAT TRANSITION CANDIDATE_SHABBAT -> NORMAL | סיבה: מחזור לא תאם - עצירות לא חוקיות בעלייה: ['12', '3']; כיסוי קומות חלקי (עלייה 33%, ירידה 7%); 2 חריגות טיימינג
2026-10-01 16:33:09 [INFO] detector: Config updated remotely (keys=['SHABBAT_DETECTOR'])
2026-10-01 16:40:53 [INFO] shabbat_detector.hebcal_gate: Hebcal refreshed: 5 start(s), 2 end(s) (geo=281184, diaspora=True)
2026-10-01 16:44:26 [INFO] shabbat_detector.cycle_analyzer: Cycle recovered (missed TOP-terminal read): 724s, up_stops=['-1', '6', '12'], down_stops=['-1', '3', '-1', '6', '-1']
2026-10-01 16:44:26 [INFO] shabbat_detector.fsm: [C] DetectorState.NORMAL → DetectorState.CANDIDATE_SHABBAT
2026-10-01 16:44:26 [INFO] detector: SHABBAT TRANSITION NORMAL -> CANDIDATE_SHABBAT | סיבה: מחזור אפשרי החל - ממתין להשלמה
2026-10-01 16:44:26 [INFO] shabbat_detector.fsm: [C] DetectorState.CANDIDATE_SHABBAT → DetectorState.NORMAL
2026-10-01 16:44:26 [INFO] detector: SHABBAT TRANSITION CANDIDATE_SHABBAT -> NORMAL | סיבה: מחזור לא תאם - עצירות לא חוקיות בעלייה: ['12', '6']; כיסוי קומות חלקי (עלייה 33%, ירידה 21%); 2 חריגות טיימינג
2026-10-01 16:44:27 [INFO] detector: Config updated remotely (keys=['SHABBAT_DETECTOR'])
2026-10-01 16:45:57 [INFO] detector: Config updated remotely (keys=['SHABBAT_DETECTOR'])
2026-10-01 16:47:29 [INFO] shabbat_detector.cycle_analyzer: Cycle recovered (missed TOP-terminal read): 154s, up_stops=['-1', '6', '12'], down_stops=['-1']
2026-10-01 16:47:29 [INFO] shabbat_detector.fsm: [C] DetectorState.NORMAL → DetectorState.CANDIDATE_SHABBAT
2026-10-01 16:47:29 [INFO] detector: SHABBAT TRANSITION NORMAL -> CANDIDATE_SHABBAT | סיבה: מחזור אפשרי החל - ממתין להשלמה
2026-10-01 16:47:30 [INFO] shabbat_detector.fsm: [C] DetectorState.CANDIDATE_SHABBAT → DetectorState.NORMAL
2026-10-01 16:47:30 [INFO] detector: SHABBAT TRANSITION CANDIDATE_SHABBAT -> NORMAL | סיבה: מחזור לא תאם - עצירות לא חוקיות בעלייה: ['12', '6']; כיסוי קומות חלקי (עלייה 33%, ירידה 7%); 2 חריגות טיימינג
2026-10-01 16:47:30 [INFO] detector: Config updated remotely (keys=['SHABBAT_DETECTOR'])
2026-10-01 16:48:30 [INFO] detector: Config updated remotely (keys=['SHABBAT_DETECTOR'])
2026-10-01 16:54:57 [INFO] shabbat_detector.hebcal_gate: Hebcal refreshed: 5 start(s), 2 end(s) (geo=281184, diaspora=True)
2026-10-01 16:56:20 [INFO] shabbat_detector.cycle_analyzer: Cycle recovered (missed TOP-terminal read): 506s, up_stops=['11', '12'], down_stops=['-1']
2026-10-01 16:56:20 [INFO] shabbat_detector.fsm: [C] DetectorState.NORMAL → DetectorState.CANDIDATE_SHABBAT
2026-10-01 16:56:20 [INFO] detector: SHABBAT TRANSITION NORMAL -> CANDIDATE_SHABBAT | סיבה: מחזור אפשרי החל - ממתין להשלמה
2026-10-01 16:56:20 [INFO] shabbat_detector.fsm: [C] DetectorState.CANDIDATE_SHABBAT → DetectorState.NORMAL
2026-10-01 16:56:20 [INFO] detector: SHABBAT TRANSITION CANDIDATE_SHABBAT -> NORMAL | סיבה: מחזור לא תאם - עצירות לא חוקיות בעלייה: ['11', '12']; כיסוי קומות חלקי (עלייה 0%, ירידה 7%); 2 חריגות טיימינג
2026-10-01 16:56:21 [INFO] detector: Config updated remotely (keys=['SHABBAT_DETECTOR'])
2026-10-01 16:58:21 [INFO] detector: Config updated remotely (keys=['SHABBAT_DETECTOR'])
2026-10-01 17:03:41 [INFO] shabbat_detector.cycle_analyzer: Cycle aborted: returned to BOTTOM without reaching TOP
2026-10-01 17:03:41 [INFO] shabbat_detector.fsm: [C] DetectorState.NORMAL → DetectorState.CANDIDATE_SHABBAT
2026-10-01 17:03:41 [INFO] detector: SHABBAT TRANSITION NORMAL -> CANDIDATE_SHABBAT | סיבה: מחזור אפשרי החל - ממתין להשלמה
2026-10-01 17:05:42 [INFO] detector: Config updated remotely (keys=['SHABBAT_DETECTOR'])
2026-10-01 17:10:14 [INFO] shabbat_detector.hebcal_gate: Hebcal refreshed: 5 start(s), 2 end(s) (geo=281184, diaspora=True)
2026-10-01 17:10:14 [INFO] shabbat_detector.cycle_analyzer: Elevator idle 365s - resetting cycle (was in _Phase.LEG_ONE)
2026-10-01 17:20:50 [INFO] shabbat_detector.hebcal_gate: Hebcal refreshed: 5 start(s), 2 end(s) (geo=281184, diaspora=True)
2026-10-01 17:30:34 [INFO] shabbat_detector.cycle_analyzer: Elevator idle 551s - resetting cycle (was in _Phase.LEG_ONE)
2026-10-01 17:31:37 [INFO] shabbat_detector.hebcal_gate: Hebcal refreshed: 5 start(s), 2 end(s) (geo=281184, diaspora=True)
2026-10-01 17:34:49 [INFO] shabbat_detector.cycle_analyzer: Cycle aborted: returned to BOTTOM without reaching TOP
2026-10-01 17:43:13 [INFO] shabbat_detector.hebcal_gate: Hebcal refreshed: 5 start(s), 2 end(s) (geo=281184, diaspora=True)
2026-10-01 17:44:58 [INFO] shabbat_detector.cycle_analyzer: Cycle recovered (missed TOP-terminal read): 594s, up_stops=['-1', '8', '11'], down_stops=['-1', '8', '11', '2']
2026-10-01 17:44:58 [INFO] shabbat_detector.fsm: [C] DetectorState.CANDIDATE_SHABBAT → DetectorState.NORMAL
2026-10-01 17:44:58 [INFO] detector: SHABBAT TRANSITION CANDIDATE_SHABBAT -> NORMAL | סיבה: מחזור לא תאם - עצירות לא חוקיות בעלייה: ['11', '8']; כיסוי קומות חלקי (עלייה 33%, ירידה 28%); 2 חריגות טיימינג
2026-10-01 17:47:29 [INFO] detector: Config updated remotely (keys=['SHABBAT_DETECTOR'])
2026-10-01 17:53:41 [INFO] shabbat_detector.hebcal_gate: Hebcal refreshed: 5 start(s), 2 end(s) (geo=281184, diaspora=True)
2026-10-01 17:58:58 [INFO] shabbat_detector.firebase_client: SSE stream connecting: https://ramada-elev-default-rtdb.europe-west1.firebasedatabase.app/elevator_configs/C.json
2026-10-01 17:59:28 [INFO] detector: Config updated remotely (keys=['AUTO_LEARN_CONFIG', 'BOTTOM_FLOOR', 'FLOOR_WAITS', 'SHABBAT_ACTIVE', 'SHABBAT_BREAK_ACTIVE', 'SHABBAT_DETECTOR', 'SHABBAT_MODE', 'STOPPING_FLOORS', 'STOPPING_FLOORS_DOWN', 'STOPPING_FLOORS_UP', 'TIME_PASS_FLOOR', 'TIME_PER_FLOOR', 'TOP_FLOOR', 'VISIBLE_FLOORS', 'secret_key'])
2026-10-01 18:03:41 [INFO] shabbat_detector.hebcal_gate: Hebcal refreshed: 5 start(s), 2 end(s) (geo=281184, diaspora=True)
2026-10-01 18:14:15 [INFO] shabbat_detector.hebcal_gate: Hebcal refreshed: 5 start(s), 2 end(s) (geo=281184, diaspora=True)
2026-10-01 18:24:37 [INFO] shabbat_detector.hebcal_gate: Hebcal refreshed: 5 start(s), 2 end(s) (geo=281184, diaspora=True)
2026-10-01 18:28:01 [INFO] shabbat_detector.cycle_analyzer: Cycle recovered (missed TOP-terminal read): 2601s, up_stops=['1', '-1', '5', '0', '-1', '8', '9', '12'], down_stops=['-1', '9', '-1', '3', '-1', '3', '-1', '0', '1', '-1', '3', '-1', '6', '-1', '10', '-1', '3', '10', '11', '-1', '6', '9', '-1', '3', '6', '9', '11', '12', '-2', '-1', '1', '2', '3', '-1', '0', '5', '6', '-1', '5', '12', '3', '1', '-2', '6', '-1', '3', '-2', '1', '-1', '6', '-2', '4', '0', '-1', '12', '6', '-2', '-1', '3', '12', '6', '-1', '-2']
2026-10-01 18:28:01 [INFO] shabbat_detector.fsm: [C] DetectorState.NORMAL → DetectorState.CANDIDATE_SHABBAT
2026-10-01 18:28:01 [INFO] detector: SHABBAT TRANSITION NORMAL -> CANDIDATE_SHABBAT | סיבה: מחזור אפשרי החל - ממתין להשלמה
2026-10-01 18:28:01 [INFO] shabbat_detector.fsm: [C] DetectorState.CANDIDATE_SHABBAT → DetectorState.NORMAL
2026-10-01 18:28:01 [INFO] detector: SHABBAT TRANSITION CANDIDATE_SHABBAT -> NORMAL | סיבה: מחזור לא תאם - עצירות לא חוקיות בעלייה: ['1', '12', '5', '8', '9']; עצירות לא חוקיות בירידה: ['12']; קפיצות-אחורה (עלייה 3, ירידה 36); חזרות על קומות (עלייה 1, ירידה 50); 11 חריגות טיימינג
2026-10-01 18:28:02 [INFO] detector: Config updated remotely (keys=['SHABBAT_DETECTOR'])
2026-10-01 18:30:02 [INFO] detector: Config updated remotely (keys=['SHABBAT_DETECTOR'])
2026-10-01 18:34:45 [INFO] shabbat_detector.hebcal_gate: Hebcal refreshed: 5 start(s), 2 end(s) (geo=281184, diaspora=True)
2026-10-01 18:38:51 [INFO] shabbat_detector.cycle_analyzer: Cycle recovered (missed TOP-terminal read): 649s, up_stops=['-1', '8', '11'], down_stops=['-1', '11', '-1', '10', '6', '-1', '3', '8', '-2']
2026-10-01 18:38:51 [INFO] shabbat_detector.fsm: [C] DetectorState.NORMAL → DetectorState.CANDIDATE_SHABBAT
2026-10-01 18:38:51 [INFO] detector: SHABBAT TRANSITION NORMAL -> CANDIDATE_SHABBAT | סיבה: מחזור אפשרי החל - ממתין להשלמה
2026-10-01 18:38:52 [INFO] shabbat_detector.fsm: [C] DetectorState.CANDIDATE_SHABBAT → DetectorState.NORMAL
2026-10-01 18:38:52 [INFO] detector: SHABBAT TRANSITION CANDIDATE_SHABBAT -> NORMAL | סיבה: מחזור לא תאם - עצירות לא חוקיות בעלייה: ['11', '8']; כיסוי קומות חלקי (עלייה 33%, ירידה 50%); 4 חריגות טיימינג
2026-10-01 18:38:52 [INFO] detector: Config updated remotely (keys=['SHABBAT_DETECTOR'])
2026-10-01 18:40:22 [INFO] detector: Config updated remotely (keys=['SHABBAT_DETECTOR'])
2026-10-01 18:44:45 [INFO] shabbat_detector.hebcal_gate: Hebcal refreshed: 5 start(s), 2 end(s) (geo=281184, diaspora=True)
2026-10-01 18:46:59 [INFO] shabbat_detector.cycle_analyzer: Cycle recovered (missed TOP-terminal read): 484s, up_stops=['-1', '4', '-1', '8', '11', '9', '-1', '-2', '-1', '8', '-1', '8', '12'], down_stops=['6', '-1', '-2']
2026-10-01 18:46:59 [INFO] shabbat_detector.fsm: [C] DetectorState.NORMAL → DetectorState.CANDIDATE_SHABBAT
2026-10-01 18:46:59 [INFO] detector: SHABBAT TRANSITION NORMAL -> CANDIDATE_SHABBAT | סיבה: מחזור אפשרי החל - ממתין להשלמה
2026-10-01 18:46:59 [INFO] shabbat_detector.fsm: [C] DetectorState.CANDIDATE_SHABBAT → DetectorState.NORMAL
2026-10-01 18:46:59 [INFO] detector: SHABBAT TRANSITION CANDIDATE_SHABBAT -> NORMAL | סיבה: מחזור לא תאם - עצירות לא חוקיות בעלייה: ['11', '12', '4', '8', '9']; כיסוי קומות חלקי (עלייה 67%, ירידה 21%); קפיצות-אחורה (עלייה 5, ירידה 0); 5 חריגות טיימינג
2026-10-01 18:46:59 [INFO] detector: Config updated remotely (keys=['SHABBAT_DETECTOR'])
2026-10-01 18:48:29 [INFO] detector: Config updated remotely (keys=['SHABBAT_DETECTOR'])
2026-10-01 18:55:28 [INFO] shabbat_detector.hebcal_gate: Hebcal refreshed: 5 start(s), 2 end(s) (geo=281184, diaspora=True)
2026-10-01 19:02:15 [INFO] shabbat_detector.cycle_analyzer: Cycle recovered (missed TOP-terminal read): 914s, up_stops=['-1', '3', '-1', '-2', '-1', '0', '12'], down_stops=['2', '-1', '4', '-1', '1', '3', '-1', '0', '-1', '1']
2026-10-01 19:02:15 [INFO] shabbat_detector.fsm: [C] DetectorState.NORMAL → DetectorState.CANDIDATE_SHABBAT
2026-10-01 19:02:15 [INFO] detector: SHABBAT TRANSITION NORMAL -> CANDIDATE_SHABBAT | סיבה: מחזור אפשרי החל - ממתין להשלמה
2026-10-01 19:02:15 [INFO] shabbat_detector.fsm: [C] DetectorState.CANDIDATE_SHABBAT → DetectorState.NORMAL
2026-10-01 19:02:15 [INFO] detector: SHABBAT TRANSITION CANDIDATE_SHABBAT -> NORMAL | סיבה: מחזור לא תאם - עצירות לא חוקיות בעלייה: ['12', '3']; כיסוי קומות חלקי (עלייה 100%, ירידה 43%); קפיצות-אחורה (עלייה 2, ירידה 5); 6 חריגות טיימינג
2026-10-01 19:02:15 [INFO] detector: Config updated remotely (keys=['SHABBAT_DETECTOR'])
2026-10-01 19:04:15 [INFO] detector: Config updated remotely (keys=['SHABBAT_DETECTOR'])
2026-10-01 19:05:24 [INFO] shabbat_detector.hebcal_gate: Hebcal refreshed: 5 start(s), 2 end(s) (geo=281184, diaspora=True)
2026-10-01 19:09:44 [INFO] shabbat_detector.firebase_client: SSE stream connecting: https://ramada-elev-default-rtdb.europe-west1.firebasedatabase.app/settings.json
2026-10-01 19:15:52 [INFO] shabbat_detector.hebcal_gate: Hebcal refreshed: 5 start(s), 2 end(s) (geo=281184, diaspora=True)
2026-10-01 19:29:07 [INFO] shabbat_detector.hebcal_gate: Hebcal refreshed: 5 start(s), 2 end(s) (geo=281184, diaspora=True)
2026-10-01 19:39:10 [INFO] shabbat_detector.hebcal_gate: Hebcal refreshed: 5 start(s), 2 end(s) (geo=281184, diaspora=True)
2026-10-01 19:49:28 [INFO] shabbat_detector.hebcal_gate: Hebcal refreshed: 5 start(s), 2 end(s) (geo=281184, diaspora=True)
2026-10-01 19:52:57 [INFO] shabbat_detector.cycle_analyzer: Cycle recovered (missed TOP-terminal read): 3026s, up_stops=['-1', '11', '-1', '11', '12'], down_stops=['-1', '8', '-2', '-1', '9', '8', '6', '-1', '-2', '6', '8', '-1', '11', '-1', '5', '-1', '4', '6', '-1', '4', '5', '6', '8', '11', '8', '-2', '3', '5', '6', '8', '-2', '-1', '6', '9', '1', '-1', '-2', '12', '6', '-2', '5', '4', '-1', '6', '-2', '12', '6', '-1', '3', '6', '-1', '-2', '8', '11', '6', '-1', '0', '-1', '4', '-1', '2', '4', '6', '-1', '4']
2026-10-01 19:52:57 [INFO] shabbat_detector.fsm: [C] DetectorState.NORMAL → DetectorState.CANDIDATE_SHABBAT
2026-10-01 19:52:57 [INFO] detector: SHABBAT TRANSITION NORMAL -> CANDIDATE_SHABBAT | סיבה: מחזור אפשרי החל - ממתין להשלמה
2026-10-01 19:52:57 [INFO] shabbat_detector.fsm: [C] DetectorState.CANDIDATE_SHABBAT → DetectorState.NORMAL
2026-10-01 19:52:57 [INFO] detector: SHABBAT TRANSITION CANDIDATE_SHABBAT -> NORMAL | סיבה: מחזור לא תאם - עצירות לא חוקיות בעלייה: ['11', '12']; עצירות לא חוקיות בירידה: ['12']; כיסוי קומות חלקי (עלייה 33%, ירידה 86%); קפיצות-אחורה (עלייה 1, ירידה 35); חזרות על קומות (עלייה 2, ירידה 52); 13 חריגות טיימינג
2026-10-01 19:52:58 [INFO] detector: Config updated remotely (keys=['SHABBAT_DETECTOR'])
2026-10-01 19:53:58 [INFO] detector: Config updated remotely (keys=['SHABBAT_DETECTOR'])
2026-10-01 19:59:59 [INFO] shabbat_detector.hebcal_gate: Hebcal refreshed: 5 start(s), 2 end(s) (geo=281184, diaspora=True)
2026-10-01 20:03:38 [INFO] shabbat_detector.cycle_analyzer: Cycle aborted: returned to BOTTOM without reaching TOP
2026-10-01 20:03:38 [INFO] shabbat_detector.fsm: [C] DetectorState.NORMAL → DetectorState.CANDIDATE_SHABBAT
2026-10-01 20:03:38 [INFO] detector: SHABBAT TRANSITION NORMAL -> CANDIDATE_SHABBAT | סיבה: מחזור אפשרי החל - ממתין להשלמה
2026-10-01 20:05:08 [INFO] detector: Config updated remotely (keys=['SHABBAT_DETECTOR'])
2026-10-01 20:16:57 [INFO] shabbat_detector.hebcal_gate: Hebcal refreshed: 5 start(s), 2 end(s) (geo=281184, diaspora=True)
2026-10-01 20:16:57 [INFO] shabbat_detector.cycle_analyzer: Elevator idle 420s - resetting cycle (was in _Phase.LEG_ONE)
2026-10-01 20:30:02 [INFO] shabbat_detector.hebcal_gate: Hebcal refreshed: 5 start(s), 2 end(s) (geo=281184, diaspora=True)
2026-10-01 20:38:00 [INFO] shabbat_detector.cycle_analyzer: Elevator idle 324s - resetting cycle (was in _Phase.LEG_ONE)
2026-10-01 20:40:32 [INFO] shabbat_detector.hebcal_gate: Hebcal refreshed: 5 start(s), 2 end(s) (geo=281184, diaspora=True)
2026-10-01 20:50:43 [INFO] shabbat_detector.hebcal_gate: Hebcal refreshed: 5 start(s), 2 end(s) (geo=281184, diaspora=True)
2026-10-01 21:01:29 [INFO] shabbat_detector.hebcal_gate: Hebcal refreshed: 5 start(s), 2 end(s) (geo=281184, diaspora=True)
2026-10-01 21:15:57 [INFO] shabbat_detector.hebcal_gate: Hebcal refreshed: 5 start(s), 2 end(s) (geo=281184, diaspora=True)
2026-10-01 21:18:42 [INFO] shabbat_detector.cycle_analyzer: Cycle recovered (missed TOP-terminal read): 2171s, up_stops=['3', '-1', '7', '8', '7', '4', '2', '-1', '1', '3', '2', '-1', '4', '12'], down_stops=['-1', '2', '6', '10', '11', '11', '10', '7', '-1', '3', '-1', '3', '0', '-1', '4', '2', '-1', '0', '3', '12', '4', '-1']
2026-10-01 21:18:42 [INFO] shabbat_detector.fsm: [C] DetectorState.CANDIDATE_SHABBAT → DetectorState.NORMAL
2026-10-01 21:18:42 [INFO] detector: SHABBAT TRANSITION CANDIDATE_SHABBAT -> NORMAL | סיבה: מחזור לא תאם - עצירות לא חוקיות בעלייה: ['1', '12', '2', '3', '4', '7', '8']; עצירות לא חוקיות בירידה: ['12']; כיסוי קומות חלקי (עלייה 33%, ירידה 64%); קפיצות-אחורה (עלייה 7, ירידה 10); חזרות על קומות (עלייה 6, ירידה 12); 10 חריגות טיימינג
2026-10-01 21:20:42 [INFO] detector: Config updated remotely (keys=['SHABBAT_DETECTOR'])
2026-10-01 21:26:10 [INFO] shabbat_detector.hebcal_gate: Hebcal refreshed: 5 start(s), 2 end(s) (geo=281184, diaspora=True)
2026-10-01 21:36:17 [INFO] shabbat_detector.hebcal_gate: Hebcal refreshed: 5 start(s), 2 end(s) (geo=281184, diaspora=True)
2026-10-01 21:54:18 [INFO] shabbat_detector.hebcal_gate: Hebcal refreshed: 5 start(s), 2 end(s) (geo=281184, diaspora=True)
2026-10-01 21:54:18 [INFO] shabbat_detector.cycle_analyzer: Elevator idle 710s - resetting cycle (was in _Phase.LEG_ONE)
2026-10-01 22:16:20 [INFO] shabbat_detector.hebcal_gate: Hebcal refreshed: 5 start(s), 2 end(s) (geo=281184, diaspora=True)
2026-10-01 22:28:17 [INFO] shabbat_detector.hebcal_gate: Hebcal refreshed: 5 start(s), 2 end(s) (geo=281184, diaspora=True)
2026-10-01 22:40:20 [INFO] shabbat_detector.hebcal_gate: Hebcal refreshed: 5 start(s), 2 end(s) (geo=281184, diaspora=True)
2026-10-01 22:50:57 [INFO] shabbat_detector.hebcal_gate: Hebcal refreshed: 5 start(s), 2 end(s) (geo=281184, diaspora=True)
2026-10-01 23:01:36 [INFO] shabbat_detector.hebcal_gate: Hebcal refreshed: 5 start(s), 2 end(s) (geo=281184, diaspora=True)
2026-10-01 23:11:45 [INFO] shabbat_detector.hebcal_gate: Hebcal refreshed: 5 start(s), 2 end(s) (geo=281184, diaspora=True)
2026-10-01 23:21:48 [INFO] shabbat_detector.hebcal_gate: Hebcal refreshed: 5 start(s), 2 end(s) (geo=281184, diaspora=True)
2026-10-01 23:24:46 [INFO] shabbat_detector.fsm: [C] DetectorState.NORMAL → DetectorState.CANDIDATE_SHABBAT
2026-10-01 23:24:46 [INFO] detector: SHABBAT TRANSITION NORMAL -> CANDIDATE_SHABBAT | סיבה: מחזור אפשרי החל - ממתין להשלמה
2026-10-01 23:25:16 [INFO] detector: Config updated remotely (keys=['SHABBAT_DETECTOR'])
2026-10-01 23:30:17 [WARNING] shabbat_detector.firebase_client: Background stream error (/elevator_configs/C.json): ("Connection broken: ConnectionResetError(104, 'Connection reset by peer')", ConnectionResetError(104, 'Connection reset by peer'))
2026-10-01 23:30:19 [INFO] shabbat_detector.firebase_client: SSE stream connecting: https://ramada-elev-default-rtdb.europe-west1.firebasedatabase.app/elevator_configs/C.json
2026-10-01 23:32:49 [INFO] detector: Config updated remotely (keys=['AUTO_LEARN_CONFIG', 'BOTTOM_FLOOR', 'FLOOR_WAITS', 'SHABBAT_ACTIVE', 'SHABBAT_BREAK_ACTIVE', 'SHABBAT_DETECTOR', 'SHABBAT_MODE', 'STOPPING_FLOORS', 'STOPPING_FLOORS_DOWN', 'STOPPING_FLOORS_UP', 'TIME_PASS_FLOOR', 'TIME_PER_FLOOR', 'TOP_FLOOR', 'VISIBLE_FLOORS', 'secret_key'])
2026-10-01 23:39:39 [INFO] shabbat_detector.hebcal_gate: Hebcal refreshed: 5 start(s), 2 end(s) (geo=281184, diaspora=True)
2026-10-01 23:39:39 [INFO] shabbat_detector.cycle_analyzer: Elevator idle 470s - resetting cycle (was in _Phase.LEG_ONE)
2026-10-02 00:22:27 [WARNING] shabbat_detector.firebase_client: Elevator stream reconnecting in 1s
2026-10-02 00:22:28 [INFO] shabbat_detector.firebase_client: SSE stream connecting: https://ramada-elev-default-rtdb.europe-west1.firebasedatabase.app/elevators/C.json
2026-10-02 00:25:51 [INFO] shabbat_detector.hebcal_gate: Hebcal refreshed: 5 start(s), 2 end(s) (geo=281184, diaspora=True)
2026-10-02 00:40:12 [INFO] shabbat_detector.hebcal_gate: Hebcal refreshed: 5 start(s), 2 end(s) (geo=281184, diaspora=True)
2026-10-02 00:40:12 [INFO] shabbat_detector.cycle_analyzer: Elevator idle 328s - resetting cycle (was in _Phase.LEG_ONE)
2026-10-02 00:49:05 [INFO] shabbat_detector.cycle_analyzer: Elevator idle 527s - resetting cycle (was in _Phase.LEG_ONE)
2026-10-02 00:50:44 [INFO] shabbat_detector.hebcal_gate: Hebcal refreshed: 5 start(s), 2 end(s) (geo=281184, diaspora=True)
2026-10-02 00:57:42 [INFO] shabbat_detector.firebase_client: SSE stream connecting: https://ramada-elev-default-rtdb.europe-west1.firebasedatabase.app/elevator_configs/C.json
2026-10-02 01:00:12 [INFO] detector: Config updated remotely (keys=['AUTO_LEARN_CONFIG', 'BOTTOM_FLOOR', 'FLOOR_WAITS', 'SHABBAT_ACTIVE', 'SHABBAT_BREAK_ACTIVE', 'SHABBAT_DETECTOR', 'SHABBAT_MODE', 'STOPPING_FLOORS', 'STOPPING_FLOORS_DOWN', 'STOPPING_FLOORS_UP', 'TIME_PASS_FLOOR', 'TIME_PER_FLOOR', 'TOP_FLOOR', 'VISIBLE_FLOORS', 'secret_key'])
2026-10-02 01:00:44 [INFO] shabbat_detector.hebcal_gate: Hebcal refreshed: 5 start(s), 2 end(s) (geo=281184, diaspora=True)
2026-10-02 01:11:04 [INFO] shabbat_detector.hebcal_gate: Hebcal refreshed: 5 start(s), 2 end(s) (geo=281184, diaspora=True)
2026-10-02 01:49:38 [INFO] shabbat_detector.hebcal_gate: Hebcal refreshed: 5 start(s), 2 end(s) (geo=281184, diaspora=True)
2026-10-02 01:49:38 [INFO] shabbat_detector.cycle_analyzer: Elevator idle 2120s - resetting cycle (was in _Phase.LEG_ONE)
2026-10-02 02:34:16 [INFO] shabbat_detector.hebcal_gate: Hebcal refreshed: 5 start(s), 2 end(s) (geo=281184, diaspora=True)
2026-10-02 02:44:45 [INFO] shabbat_detector.hebcal_gate: Hebcal refreshed: 5 start(s), 2 end(s) (geo=281184, diaspora=True)
2026-10-02 02:54:48 [INFO] shabbat_detector.hebcal_gate: Hebcal refreshed: 5 start(s), 2 end(s) (geo=281184, diaspora=True)
2026-10-02 03:04:54 [INFO] shabbat_detector.hebcal_gate: Hebcal refreshed: 5 start(s), 2 end(s) (geo=281184, diaspora=True)
2026-10-02 03:11:48 [INFO] shabbat_detector.firebase_client: SSE stream connecting: https://ramada-elev-default-rtdb.europe-west1.firebasedatabase.app/elevator_configs/C.json
2026-10-02 03:14:19 [INFO] detector: Config updated remotely (keys=['AUTO_LEARN_CONFIG', 'BOTTOM_FLOOR', 'FLOOR_WAITS', 'SHABBAT_ACTIVE', 'SHABBAT_BREAK_ACTIVE', 'SHABBAT_DETECTOR', 'SHABBAT_MODE', 'STOPPING_FLOORS', 'STOPPING_FLOORS_DOWN', 'STOPPING_FLOORS_UP', 'TIME_PASS_FLOOR', 'TIME_PER_FLOOR', 'TOP_FLOOR', 'VISIBLE_FLOORS', 'secret_key'])
2026-10-02 03:15:10 [INFO] shabbat_detector.hebcal_gate: Hebcal refreshed: 5 start(s), 2 end(s) (geo=281184, diaspora=True)
2026-10-02 03:25:01 [INFO] shabbat_detector.hebcal_gate: Hebcal refreshed: 5 start(s), 2 end(s) (geo=281184, diaspora=True)
2026-10-02 03:35:24 [INFO] shabbat_detector.hebcal_gate: Hebcal refreshed: 5 start(s), 2 end(s) (geo=281184, diaspora=True)
2026-10-02 03:45:46 [INFO] shabbat_detector.hebcal_gate: Hebcal refreshed: 5 start(s), 2 end(s) (geo=281184, diaspora=True)
2026-10-02 03:55:54 [INFO] shabbat_detector.hebcal_gate: Hebcal refreshed: 5 start(s), 2 end(s) (geo=281184, diaspora=True)
2026-10-02 04:06:25 [INFO] shabbat_detector.hebcal_gate: Hebcal refreshed: 5 start(s), 2 end(s) (geo=281184, diaspora=True)
2026-10-02 04:16:43 [INFO] shabbat_detector.hebcal_gate: Hebcal refreshed: 5 start(s), 2 end(s) (geo=281184, diaspora=True)
2026-10-02 04:26:19 [INFO] shabbat_detector.hebcal_gate: Hebcal refreshed: 5 start(s), 2 end(s) (geo=281184, diaspora=True)
2026-10-02 04:58:24 [INFO] shabbat_detector.hebcal_gate: Hebcal refreshed: 5 start(s), 2 end(s) (geo=281184, diaspora=True)
2026-10-02 05:13:40 [INFO] shabbat_detector.hebcal_gate: Hebcal refreshed: 5 start(s), 2 end(s) (geo=281184, diaspora=True)
2026-10-02 05:24:51 [INFO] shabbat_detector.hebcal_gate: Hebcal refreshed: 5 start(s), 2 end(s) (geo=281184, diaspora=True)
2026-10-02 05:34:54 [INFO] shabbat_detector.hebcal_gate: Hebcal refreshed: 5 start(s), 2 end(s) (geo=281184, diaspora=True)
2026-10-02 05:47:43 [INFO] shabbat_detector.hebcal_gate: Hebcal refreshed: 5 start(s), 2 end(s) (geo=281184, diaspora=True)
2026-10-02 06:01:59 [INFO] shabbat_detector.hebcal_gate: Hebcal refreshed: 5 start(s), 2 end(s) (geo=281184, diaspora=True)
2026-10-02 06:13:30 [INFO] shabbat_detector.hebcal_gate: Hebcal refreshed: 5 start(s), 2 end(s) (geo=281184, diaspora=True)
2026-10-02 06:24:19 [INFO] shabbat_detector.hebcal_gate: Hebcal refreshed: 5 start(s), 2 end(s) (geo=281184, diaspora=True)
2026-10-02 06:37:25 [INFO] shabbat_detector.hebcal_gate: Hebcal refreshed: 5 start(s), 2 end(s) (geo=281184, diaspora=True)
2026-10-02 06:49:10 [INFO] shabbat_detector.hebcal_gate: Hebcal refreshed: 5 start(s), 2 end(s) (geo=281184, diaspora=True)
2026-10-02 06:59:12 [INFO] shabbat_detector.hebcal_gate: Hebcal refreshed: 5 start(s), 2 end(s) (geo=281184, diaspora=True)
2026-10-02 07:09:20 [INFO] shabbat_detector.hebcal_gate: Hebcal refreshed: 5 start(s), 2 end(s) (geo=281184, diaspora=True)
2026-10-02 07:20:07 [INFO] shabbat_detector.hebcal_gate: Hebcal refreshed: 5 start(s), 2 end(s) (geo=281184, diaspora=True)
2026-10-02 07:31:18 [INFO] shabbat_detector.hebcal_gate: Hebcal refreshed: 5 start(s), 2 end(s) (geo=281184, diaspora=True)
2026-10-02 07:42:32 [INFO] shabbat_detector.hebcal_gate: Hebcal refreshed: 5 start(s), 2 end(s) (geo=281184, diaspora=True)
2026-10-02 07:52:34 [INFO] shabbat_detector.hebcal_gate: Hebcal refreshed: 5 start(s), 2 end(s) (geo=281184, diaspora=True)
2026-10-02 08:07:52 [INFO] shabbat_detector.hebcal_gate: Hebcal refreshed: 5 start(s), 2 end(s) (geo=281184, diaspora=True)
2026-10-02 08:07:52 [INFO] shabbat_detector.cycle_analyzer: Elevator idle 543s - resetting cycle (was in _Phase.LEG_ONE)
2026-10-02 08:18:26 [INFO] shabbat_detector.hebcal_gate: Hebcal refreshed: 5 start(s), 2 end(s) (geo=281184, diaspora=True)
2026-10-02 08:32:38 [INFO] shabbat_detector.hebcal_gate: Hebcal refreshed: 5 start(s), 2 end(s) (geo=281184, diaspora=True)
2026-10-02 08:47:22 [INFO] shabbat_detector.hebcal_gate: Hebcal refreshed: 5 start(s), 2 end(s) (geo=281184, diaspora=True)
2026-10-02 08:58:31 [INFO] shabbat_detector.hebcal_gate: Hebcal refreshed: 5 start(s), 2 end(s) (geo=281184, diaspora=True)
2026-10-02 09:07:42 [INFO] shabbat_detector.cycle_analyzer: Cycle recovered (missed TOP-terminal read): 834s, up_stops=['-1', '0', '4', '5', '8', '0', '-1', '1', '10'], down_stops=['4', '-1', '3', '-2', '-1', '4', '-1', '6', '-1']
2026-10-02 09:07:42 [INFO] shabbat_detector.fsm: [C] DetectorState.CANDIDATE_SHABBAT → DetectorState.NORMAL
2026-10-02 09:07:42 [INFO] detector: SHABBAT TRANSITION CANDIDATE_SHABBAT -> NORMAL | סיבה: מחזור לא תאם - עצירות לא חוקיות בעלייה: ['1', '10', '4', '5', '8']; כיסוי קומות חלקי (עלייה 67%, ירידה 36%); 8 חריגות טיימינג
2026-10-02 09:08:12 [INFO] detector: Config updated remotely (keys=['SHABBAT_DETECTOR'])
2026-10-02 09:09:27 [INFO] shabbat_detector.hebcal_gate: Hebcal refreshed: 5 start(s), 2 end(s) (geo=281184, diaspora=True)
2026-10-02 09:14:33 [INFO] shabbat_detector.cycle_analyzer: Cycle recovered (missed TOP-terminal read): 321s, up_stops=['-1', '12'], down_stops=['8', '6', '-1']
2026-10-02 09:14:33 [INFO] shabbat_detector.fsm: [C] DetectorState.NORMAL → DetectorState.CANDIDATE_SHABBAT
2026-10-02 09:14:33 [INFO] detector: SHABBAT TRANSITION NORMAL -> CANDIDATE_SHABBAT | סיבה: מחזור אפשרי החל - ממתין להשלמה
2026-10-02 09:14:33 [INFO] shabbat_detector.fsm: [C] DetectorState.CANDIDATE_SHABBAT → DetectorState.NORMAL
2026-10-02 09:14:33 [INFO] detector: SHABBAT TRANSITION CANDIDATE_SHABBAT -> NORMAL | סיבה: מחזור לא תאם - עצירות לא חוקיות בעלייה: ['12']; כיסוי קומות חלקי (עלייה 33%, ירידה 21%); 2 חריגות טיימינג
2026-10-02 09:14:34 [INFO] detector: Config updated remotely (keys=['SHABBAT_DETECTOR'])
2026-10-02 09:15:34 [INFO] detector: Config updated remotely (keys=['SHABBAT_DETECTOR'])
2026-10-02 09:19:45 [INFO] shabbat_detector.hebcal_gate: Hebcal refreshed: 5 start(s), 2 end(s) (geo=281184, diaspora=True)
2026-10-02 09:28:21 [INFO] shabbat_detector.cycle_analyzer: Cycle aborted: returned to BOTTOM without reaching TOP
2026-10-02 09:28:21 [INFO] shabbat_detector.fsm: [C] DetectorState.NORMAL → DetectorState.CANDIDATE_SHABBAT
2026-10-02 09:28:21 [INFO] detector: SHABBAT TRANSITION NORMAL -> CANDIDATE_SHABBAT | סיבה: מחזור אפשרי החל - ממתין להשלמה
2026-10-02 09:29:21 [INFO] detector: Config updated remotely (keys=['SHABBAT_DETECTOR'])
2026-10-02 09:35:07 [INFO] shabbat_detector.hebcal_gate: Hebcal refreshed: 5 start(s), 2 end(s) (geo=281184, diaspora=True)
2026-10-02 09:35:07 [INFO] shabbat_detector.cycle_analyzer: Elevator idle 465s - resetting cycle (was in _Phase.LEG_ONE)
2026-10-02 09:38:39 [INFO] shabbat_detector.cycle_analyzer: Cycle aborted: returned to BOTTOM without reaching TOP
2026-10-02 09:43:05 [INFO] shabbat_detector.cycle_analyzer: Cycle recovered (missed TOP-terminal read): 232s, up_stops=['-2', '11'], down_stops=['9', '-1']
2026-10-02 09:43:05 [INFO] shabbat_detector.fsm: [C] DetectorState.CANDIDATE_SHABBAT → DetectorState.NORMAL
2026-10-02 09:43:05 [INFO] detector: SHABBAT TRANSITION CANDIDATE_SHABBAT -> NORMAL | סיבה: מחזור לא תאם - עצירות לא חוקיות בעלייה: ['11']; כיסוי קומות חלקי (עלייה 33%, ירידה 14%); 2 חריגות טיימינג
2026-10-02 09:44:35 [INFO] detector: Config updated remotely (keys=['SHABBAT_DETECTOR'])
2026-10-02 09:49:08 [INFO] shabbat_detector.hebcal_gate: Hebcal refreshed: 5 start(s), 2 end(s) (geo=281184, diaspora=True)
2026-10-02 09:49:08 [INFO] shabbat_detector.cycle_analyzer: Elevator idle 404s - resetting cycle (was in _Phase.LEG_ONE)
2026-10-02 09:52:09 [INFO] shabbat_detector.cycle_analyzer: Cycle aborted: returned to BOTTOM without reaching TOP
2026-10-02 09:52:09 [INFO] shabbat_detector.fsm: [C] DetectorState.NORMAL → DetectorState.CANDIDATE_SHABBAT
2026-10-02 09:52:09 [INFO] detector: SHABBAT TRANSITION NORMAL -> CANDIDATE_SHABBAT | סיבה: מחזור אפשרי החל - ממתין להשלמה
2026-10-02 09:54:10 [INFO] detector: Config updated remotely (keys=['SHABBAT_DETECTOR'])
2026-10-02 10:00:05 [INFO] shabbat_detector.hebcal_gate: Hebcal refreshed: 5 start(s), 2 end(s) (geo=281184, diaspora=True)
2026-10-02 10:08:16 [INFO] shabbat_detector.cycle_analyzer: Cycle recovered (missed TOP-terminal read): 1018s, up_stops=['-1', '9', '-1', '11'], down_stops=['9', '11', '1', '-1']
2026-10-02 10:08:16 [INFO] shabbat_detector.fsm: [C] DetectorState.CANDIDATE_SHABBAT → DetectorState.NORMAL
2026-10-02 10:08:16 [INFO] detector: SHABBAT TRANSITION CANDIDATE_SHABBAT -> NORMAL | סיבה: מחזור לא תאם - עצירות לא חוקיות בעלייה: ['11', '9']; כיסוי קומות חלקי (עלייה 33%, ירידה 28%); 2 חריגות טיימינג
2026-10-02 10:09:46 [INFO] detector: Config updated remotely (keys=['SHABBAT_DETECTOR'])
2026-10-02 10:10:32 [INFO] shabbat_detector.hebcal_gate: Hebcal refreshed: 5 start(s), 2 end(s) (geo=281184, diaspora=True)
2026-10-02 10:20:39 [INFO] shabbat_detector.hebcal_gate: Hebcal refreshed: 5 start(s), 2 end(s) (geo=281184, diaspora=True)
2026-10-02 10:21:15 [INFO] shabbat_detector.cycle_analyzer: Cycle recovered (missed TOP-terminal read): 809s, up_stops=['-1', '0', '12'], down_stops=['-1', '11', '-1', '3', '-1', '3', '12', '11', '9', '-1', '2', '4', '-1']
2026-10-02 10:21:15 [INFO] shabbat_detector.fsm: [C] DetectorState.NORMAL → DetectorState.CANDIDATE_SHABBAT
2026-10-02 10:21:15 [INFO] detector: SHABBAT TRANSITION NORMAL -> CANDIDATE_SHABBAT | סיבה: מחזור אפשרי החל - ממתין להשלמה
2026-10-02 10:21:16 [INFO] shabbat_detector.fsm: [C] DetectorState.CANDIDATE_SHABBAT → DetectorState.NORMAL
2026-10-02 10:21:16 [INFO] detector: SHABBAT TRANSITION CANDIDATE_SHABBAT -> NORMAL | סיבה: מחזור לא תאם - עצירות לא חוקיות בעלייה: ['12']; עצירות לא חוקיות בירידה: ['12']; כיסוי קומות חלקי (עלייה 67%, ירידה 43%); קפיצות-אחורה (עלייה 0, ירידה 6); 5 חריגות טיימינג
2026-10-02 10:21:16 [INFO] detector: Config updated remotely (keys=['SHABBAT_DETECTOR'])
2026-10-02 10:22:16 [INFO] detector: Config updated remotely (keys=['SHABBAT_DETECTOR'])
2026-10-02 10:27:55 [INFO] shabbat_detector.cycle_analyzer: Cycle recovered (missed TOP-terminal read): 378s, up_stops=['-2', '-1', '-2', '-1', '9', '-1', '10', '-1', '-2', '-1', '11'], down_stops=[]
2026-10-02 10:27:55 [INFO] shabbat_detector.fsm: [C] DetectorState.NORMAL → DetectorState.CANDIDATE_SHABBAT
2026-10-02 10:27:55 [INFO] detector: SHABBAT TRANSITION NORMAL -> CANDIDATE_SHABBAT | סיבה: מחזור אפשרי החל - ממתין להשלמה
2026-10-02 10:28:00 [INFO] shabbat_detector.fsm: [C] DetectorState.CANDIDATE_SHABBAT → DetectorState.NORMAL
2026-10-02 10:28:00 [INFO] detector: SHABBAT TRANSITION CANDIDATE_SHABBAT -> NORMAL | סיבה: מחזור לא תאם - עצירות לא חוקיות בעלייה: ['10', '11', '9']; כיסוי קומות חלקי (עלייה 67%, ירידה 0%); 4 חריגות טיימינג
2026-10-02 10:28:01 [INFO] detector: Config updated remotely (keys=['SHABBAT_DETECTOR'])
2026-10-02 10:30:31 [INFO] detector: Config updated remotely (keys=['SHABBAT_DETECTOR'])
2026-10-02 10:32:30 [INFO] shabbat_detector.hebcal_gate: Hebcal refreshed: 5 start(s), 2 end(s) (geo=281184, diaspora=True)
2026-10-02 10:39:24 [INFO] shabbat_detector.cycle_analyzer: Cycle recovered (missed TOP-terminal read): 665s, up_stops=['-2', '-1', '0', '9', '-2', '2', '-1'], down_stops=['-1', '2', '-1']
2026-10-02 10:39:24 [INFO] shabbat_detector.fsm: [C] DetectorState.NORMAL → DetectorState.CANDIDATE_SHABBAT
2026-10-02 10:39:24 [INFO] detector: SHABBAT TRANSITION NORMAL -> CANDIDATE_SHABBAT | סיבה: מחזור אפשרי החל - ממתין להשלמה
2026-10-02 10:39:25 [INFO] shabbat_detector.fsm: [C] DetectorState.CANDIDATE_SHABBAT → DetectorState.NORMAL
2026-10-02 10:39:25 [INFO] detector: SHABBAT TRANSITION CANDIDATE_SHABBAT -> NORMAL | סיבה: מחזור לא תאם - עצירות לא חוקיות בעלייה: ['2', '9']; כיסוי קומות חלקי (עלייה 100%, ירידה 14%); 2 חריגות טיימינג
2026-10-02 10:39:25 [INFO] detector: Config updated remotely (keys=['SHABBAT_DETECTOR'])
2026-10-02 10:40:55 [INFO] detector: Config updated remotely (keys=['SHABBAT_DETECTOR'])
2026-10-02 10:42:22 [INFO] shabbat_detector.hebcal_gate: Hebcal refreshed: 5 start(s), 2 end(s) (geo=281184, diaspora=True)
2026-10-02 10:49:57 [INFO] shabbat_detector.cycle_analyzer: Cycle recovered (missed TOP-terminal read): 680s, up_stops=['-1', '-2', '-1', '4', '12'], down_stops=['-1', '3', '-1', '8', '12', '-1']
2026-10-02 10:49:57 [INFO] shabbat_detector.fsm: [C] DetectorState.NORMAL → DetectorState.CANDIDATE_SHABBAT
2026-10-02 10:49:57 [INFO] detector: SHABBAT TRANSITION NORMAL -> CANDIDATE_SHABBAT | סיבה: מחזור אפשרי החל - ממתין להשלמה
2026-10-02 10:49:57 [INFO] shabbat_detector.fsm: [C] DetectorState.CANDIDATE_SHABBAT → DetectorState.NORMAL
2026-10-02 10:49:57 [INFO] detector: SHABBAT TRANSITION CANDIDATE_SHABBAT -> NORMAL | סיבה: מחזור לא תאם - עצירות לא חוקיות בעלייה: ['12', '4']; עצירות לא חוקיות בירידה: ['12']; כיסוי קומות חלקי (עלייה 67%, ירידה 21%); 6 חריגות טיימינג
2026-10-02 10:49:58 [INFO] detector: Config updated remotely (keys=['SHABBAT_DETECTOR'])
2026-10-02 10:51:28 [INFO] detector: Config updated remotely (keys=['SHABBAT_DETECTOR'])
2026-10-02 10:52:26 [INFO] shabbat_detector.hebcal_gate: Hebcal refreshed: 5 start(s), 2 end(s) (geo=281184, diaspora=True)
2026-10-02 10:59:09 [INFO] shabbat_detector.cycle_analyzer: Cycle recovered (missed TOP-terminal read): 517s, up_stops=['-1', '4', '-1', '4', '11'], down_stops=['8', '-1', '4', '7', '5', '-1', '4', '-1', '11', '-1', '10']
2026-10-02 10:59:09 [INFO] shabbat_detector.fsm: [C] DetectorState.NORMAL → DetectorState.CANDIDATE_SHABBAT
2026-10-02 10:59:09 [INFO] detector: SHABBAT TRANSITION NORMAL -> CANDIDATE_SHABBAT | סיבה: מחזור אפשרי החל - ממתין להשלמה
2026-10-02 10:59:10 [INFO] shabbat_detector.fsm: [C] DetectorState.CANDIDATE_SHABBAT → DetectorState.NORMAL
2026-10-02 10:59:10 [INFO] detector: SHABBAT TRANSITION CANDIDATE_SHABBAT -> NORMAL | סיבה: מחזור לא תאם - עצירות לא חוקיות בעלייה: ['11', '4']; כיסוי קומות חלקי (עלייה 33%, ירידה 50%); קפיצות-אחורה (עלייה 1, ירידה 5); 5 חריגות טיימינג
2026-10-02 10:59:10 [INFO] detector: Config updated remotely (keys=['SHABBAT_DETECTOR'])
2026-10-02 11:00:11 [INFO] detector: Config updated remotely (keys=['SHABBAT_DETECTOR'])
2026-10-02 11:02:31 [INFO] shabbat_detector.cycle_analyzer: Cycle aborted: returned to BOTTOM without reaching TOP
2026-10-02 11:02:31 [INFO] shabbat_detector.fsm: [C] DetectorState.NORMAL → DetectorState.CANDIDATE_SHABBAT
2026-10-02 11:02:31 [INFO] detector: SHABBAT TRANSITION NORMAL -> CANDIDATE_SHABBAT | סיבה: מחזור אפשרי החל - ממתין להשלמה
2026-10-02 11:02:32 [INFO] shabbat_detector.hebcal_gate: Hebcal refreshed: 5 start(s), 2 end(s) (geo=281184, diaspora=True)
2026-10-02 11:03:31 [INFO] detector: Config updated remotely (keys=['SHABBAT_DETECTOR'])
2026-10-02 11:09:50 [INFO] shabbat_detector.cycle_analyzer: Cycle recovered (missed TOP-terminal read): 402s, up_stops=['-1', '3', '10', '11', '11', '11', '2', '3', '-1', '-1', '4', '12'], down_stops=[]
2026-10-02 11:09:50 [INFO] shabbat_detector.fsm: [C] DetectorState.CANDIDATE_SHABBAT → DetectorState.NORMAL
2026-10-02 11:09:50 [INFO] detector: SHABBAT TRANSITION CANDIDATE_SHABBAT -> NORMAL | סיבה: מחזור לא תאם - עצירות לא חוקיות בעלייה: ['10', '11', '12', '2', '3', '4']; כיסוי קומות חלקי (עלייה 33%, ירידה 0%); 5 חריגות טיימינג
2026-10-02 11:10:51 [INFO] detector: Config updated remotely (keys=['SHABBAT_DETECTOR'])
2026-10-02 11:13:20 [INFO] shabbat_detector.hebcal_gate: Hebcal refreshed: 5 start(s), 2 end(s) (geo=281184, diaspora=True)
2026-10-02 11:14:47 [INFO] shabbat_detector.cycle_analyzer: Cycle aborted: returned to BOTTOM without reaching TOP
2026-10-02 11:14:47 [INFO] shabbat_detector.fsm: [C] DetectorState.NORMAL → DetectorState.CANDIDATE_SHABBAT
2026-10-02 11:14:47 [INFO] detector: SHABBAT TRANSITION NORMAL -> CANDIDATE_SHABBAT | סיבה: מחזור אפשרי החל - ממתין להשלמה
2026-10-02 11:16:18 [INFO] detector: Config updated remotely (keys=['SHABBAT_DETECTOR'])
2026-10-02 11:23:23 [INFO] shabbat_detector.hebcal_gate: Hebcal refreshed: 5 start(s), 2 end(s) (geo=281184, diaspora=True)
2026-10-02 11:30:51 [INFO] shabbat_detector.cycle_analyzer: Cycle recovered (missed TOP-terminal read): 868s, up_stops=['-1', '11'], down_stops=['1', '-2', '3', '-1', '4', '3', '-1', '4', '-1', '3', '-1', '6', '4', '-1', '-2']
2026-10-02 11:30:51 [INFO] shabbat_detector.fsm: [C] DetectorState.CANDIDATE_SHABBAT → DetectorState.NORMAL
2026-10-02 11:30:51 [INFO] detector: SHABBAT TRANSITION CANDIDATE_SHABBAT -> NORMAL | סיבה: מחזור לא תאם - עצירות לא חוקיות בעלייה: ['11']; כיסוי קומות חלקי (עלייה 33%, ירידה 43%); קפיצות-אחורה (עלייה 0, ירידה 5); 5 חריגות טיימינג
2026-10-02 11:32:52 [INFO] detector: Config updated remotely (keys=['SHABBAT_DETECTOR'])
2026-10-02 11:34:15 [INFO] shabbat_detector.hebcal_gate: Hebcal refreshed: 5 start(s), 2 end(s) (geo=281184, diaspora=True)
2026-10-02 11:34:15 [INFO] shabbat_detector.cycle_analyzer: Elevator idle 313s - resetting cycle (was in _Phase.LEG_ONE)
2026-10-02 11:35:12 [INFO] shabbat_detector.cycle_analyzer: Cycle aborted: returned to BOTTOM without reaching TOP
2026-10-02 11:35:12 [INFO] shabbat_detector.fsm: [C] DetectorState.NORMAL → DetectorState.CANDIDATE_SHABBAT
2026-10-02 11:35:12 [INFO] detector: SHABBAT TRANSITION NORMAL -> CANDIDATE_SHABBAT | סיבה: מחזור אפשרי החל - ממתין להשלמה
2026-10-02 11:36:12 [INFO] detector: Config updated remotely (keys=['SHABBAT_DETECTOR'])
2026-10-02 11:44:07 [INFO] shabbat_detector.hebcal_gate: Hebcal refreshed: 5 start(s), 2 end(s) (geo=281184, diaspora=True)
2026-10-02 11:53:12 [INFO] shabbat_detector.cycle_analyzer: Cycle recovered (missed TOP-terminal read): 1077s, up_stops=['-1', '7', '4', '-2', '0', '3', '-1', '4', '-1', '12'], down_stops=['-1', '3', '4', '-1', '1', '-1', '3', '-2', '-1', '-2', '-1']
2026-10-02 11:53:12 [INFO] shabbat_detector.fsm: [C] DetectorState.CANDIDATE_SHABBAT → DetectorState.NORMAL
2026-10-02 11:53:12 [INFO] detector: SHABBAT TRANSITION CANDIDATE_SHABBAT -> NORMAL | סיבה: מחזור לא תאם - עצירות לא חוקיות בעלייה: ['12', '3', '4', '7']; כיסוי קומות חלקי (עלייה 100%, ירידה 36%); קפיצות-אחורה (עלייה 4, ירידה 6); 6 חריגות טיימינג
2026-10-02 11:54:12 [INFO] detector: Config updated remotely (keys=['SHABBAT_DETECTOR'])
2026-10-02 11:54:37 [INFO] shabbat_detector.hebcal_gate: Hebcal refreshed: 5 start(s), 2 end(s) (geo=281184, diaspora=True)
2026-10-02 11:58:37 [INFO] shabbat_detector.cycle_analyzer: Cycle aborted: returned to BOTTOM without reaching TOP
2026-10-02 11:58:37 [INFO] shabbat_detector.fsm: [C] DetectorState.NORMAL → DetectorState.CANDIDATE_SHABBAT
2026-10-02 11:58:37 [INFO] detector: SHABBAT TRANSITION NORMAL -> CANDIDATE_SHABBAT | סיבה: מחזור אפשרי החל - ממתין להשלמה
2026-10-02 11:59:38 [INFO] detector: Config updated remotely (keys=['SHABBAT_DETECTOR'])
2026-10-02 12:05:45 [INFO] shabbat_detector.hebcal_gate: Hebcal refreshed: 5 start(s), 2 end(s) (geo=281184, diaspora=True)
2026-10-02 12:14:12 [INFO] shabbat_detector.cycle_analyzer: Cycle recovered (missed TOP-terminal read): 947s, up_stops=['-2', '-1', '-2', '1', '-2', '11'], down_stops=['4', '-1', '3', '6', '-1', '4', '-1', '-2']
2026-10-02 12:14:12 [INFO] shabbat_detector.fsm: [C] DetectorState.CANDIDATE_SHABBAT → DetectorState.NORMAL
2026-10-02 12:14:12 [INFO] detector: SHABBAT TRANSITION CANDIDATE_SHABBAT -> NORMAL | סיבה: מחזור לא תאם - עצירות לא חוקיות בעלייה: ['1', '11']; כיסוי קומות חלקי (עלייה 67%, ירידה 36%); 4 חריגות טיימינג
2026-10-02 12:15:42 [INFO] detector: Config updated remotely (keys=['SHABBAT_DETECTOR'])
2026-10-02 12:16:25 [INFO] shabbat_detector.cycle_analyzer: Cycle aborted: returned to BOTTOM without reaching TOP
2026-10-02 12:16:25 [INFO] shabbat_detector.fsm: [C] DetectorState.NORMAL → DetectorState.CANDIDATE_SHABBAT
2026-10-02 12:16:25 [INFO] detector: SHABBAT TRANSITION NORMAL -> CANDIDATE_SHABBAT | סיבה: מחזור אפשרי החל - ממתין להשלמה
2026-10-02 12:17:46 [INFO] shabbat_detector.hebcal_gate: Hebcal refreshed: 5 start(s), 2 end(s) (geo=281184, diaspora=True)
2026-10-02 12:18:55 [INFO] detector: Config updated remotely (keys=['SHABBAT_DETECTOR'])
2026-10-02 12:27:15 [INFO] shabbat_detector.cycle_analyzer: Elevator idle 354s - resetting cycle (was in _Phase.LEG_ONE)
2026-10-02 12:27:22 [INFO] shabbat_detector.hebcal_gate: Hebcal refreshed: 5 start(s), 2 end(s) (geo=281184, diaspora=True)
2026-10-02 12:38:38 [INFO] shabbat_detector.hebcal_gate: Hebcal refreshed: 5 start(s), 2 end(s) (geo=281184, diaspora=True)
2026-10-02 12:48:39 [INFO] shabbat_detector.hebcal_gate: Hebcal refreshed: 5 start(s), 2 end(s) (geo=281184, diaspora=True)
2026-10-02 12:48:50 [INFO] shabbat_detector.firebase_client: SSE stream connecting: https://ramada-elev-default-rtdb.europe-west1.firebasedatabase.app/elevator_configs/C.json
2026-10-02 12:51:21 [INFO] detector: Config updated remotely (keys=['AUTO_LEARN_CONFIG', 'BOTTOM_FLOOR', 'FLOOR_WAITS', 'SHABBAT_ACTIVE', 'SHABBAT_BREAK_ACTIVE', 'SHABBAT_DETECTOR', 'SHABBAT_MODE', 'STOPPING_FLOORS', 'STOPPING_FLOORS_DOWN', 'STOPPING_FLOORS_UP', 'TIME_PASS_FLOOR', 'TIME_PER_FLOOR', 'TOP_FLOOR', 'VISIBLE_FLOORS', 'secret_key'])
2026-10-02 13:00:38 [INFO] shabbat_detector.hebcal_gate: Hebcal refreshed: 5 start(s), 2 end(s) (geo=281184, diaspora=True)
2026-10-02 13:01:42 [INFO] shabbat_detector.cycle_analyzer: Cycle recovered (missed TOP-terminal read): 567s, up_stops=['12'], down_stops=['2', '-1', '5', '-1', '12', '11']
2026-10-02 13:01:42 [INFO] shabbat_detector.fsm: [C] DetectorState.CANDIDATE_SHABBAT → DetectorState.NORMAL
2026-10-02 13:01:42 [INFO] detector: SHABBAT TRANSITION CANDIDATE_SHABBAT -> NORMAL | סיבה: מחזור לא תאם - עצירות לא חוקיות בעלייה: ['12']; עצירות לא חוקיות בירידה: ['12']; כיסוי קומות חלקי (עלייה 0%, ירידה 28%); 4 חריגות טיימינג
2026-10-02 13:02:12 [INFO] detector: Config updated remotely (keys=['SHABBAT_DETECTOR'])
2026-10-02 13:02:56 [INFO] shabbat_detector.cycle_analyzer: Cycle recovered (missed TOP-terminal read): 74s, up_stops=[], down_stops=[]
2026-10-02 13:02:56 [INFO] shabbat_detector.fsm: [C] DetectorState.NORMAL → DetectorState.CANDIDATE_SHABBAT
2026-10-02 13:02:56 [INFO] detector: SHABBAT TRANSITION NORMAL -> CANDIDATE_SHABBAT | סיבה: מחזור אפשרי החל - ממתין להשלמה
2026-10-02 13:02:56 [INFO] shabbat_detector.fsm: [C] DetectorState.CANDIDATE_SHABBAT → DetectorState.NORMAL
2026-10-02 13:02:56 [INFO] detector: SHABBAT TRANSITION CANDIDATE_SHABBAT -> NORMAL | סיבה: מחזור לא תאם - כיסוי קומות חלקי (עלייה 0%, ירידה 0%)
2026-10-02 13:02:57 [INFO] detector: Config updated remotely (keys=['SHABBAT_DETECTOR'])
2026-10-02 13:03:27 [INFO] detector: Config updated remotely (keys=['SHABBAT_DETECTOR'])
2026-10-02 13:09:44 [INFO] shabbat_detector.cycle_analyzer: Elevator idle 432s - resetting cycle (was in _Phase.LEG_ONE)
2026-10-02 13:10:34 [INFO] shabbat_detector.hebcal_gate: Hebcal refreshed: 5 start(s), 2 end(s) (geo=281184, diaspora=True)
2026-10-02 13:11:26 [INFO] shabbat_detector.cycle_analyzer: Cycle aborted: returned to BOTTOM without reaching TOP
2026-10-02 13:11:26 [INFO] shabbat_detector.fsm: [C] DetectorState.NORMAL → DetectorState.CANDIDATE_SHABBAT
2026-10-02 13:11:26 [INFO] detector: SHABBAT TRANSITION NORMAL -> CANDIDATE_SHABBAT | סיבה: מחזור אפשרי החל - ממתין להשלמה
2026-10-02 13:13:26 [INFO] detector: Config updated remotely (keys=['SHABBAT_DETECTOR'])
2026-10-02 13:17:45 [INFO] shabbat_detector.cycle_analyzer: Elevator idle 349s - resetting cycle (was in _Phase.LEG_ONE)
2026-10-02 13:20:34 [INFO] shabbat_detector.hebcal_gate: Hebcal refreshed: 5 start(s), 2 end(s) (geo=281184, diaspora=True)
2026-10-02 13:31:43 [INFO] shabbat_detector.hebcal_gate: Hebcal refreshed: 5 start(s), 2 end(s) (geo=281184, diaspora=True)
2026-10-02 13:41:37 [INFO] shabbat_detector.hebcal_gate: Hebcal refreshed: 5 start(s), 2 end(s) (geo=281184, diaspora=True)
2026-10-02 13:51:48 [INFO] shabbat_detector.hebcal_gate: Hebcal refreshed: 5 start(s), 2 end(s) (geo=281184, diaspora=True)
2026-10-02 13:57:57 [INFO] shabbat_detector.cycle_analyzer: Elevator idle 307s - resetting cycle (was in _Phase.LEG_ONE)
2026-10-02 14:00:45 [INFO] shabbat_detector.cycle_analyzer: Cycle aborted: returned to BOTTOM without reaching TOP
2026-10-02 14:01:52 [INFO] shabbat_detector.cycle_analyzer: Cycle aborted: returned to BOTTOM without reaching TOP
2026-10-02 14:01:59 [INFO] shabbat_detector.hebcal_gate: Hebcal refreshed: 5 start(s), 2 end(s) (geo=281184, diaspora=True)
2026-10-02 14:12:37 [INFO] shabbat_detector.hebcal_gate: Hebcal refreshed: 5 start(s), 2 end(s) (geo=281184, diaspora=True)
2026-10-02 14:19:12 [INFO] shabbat_detector.cycle_analyzer: Cycle recovered (missed TOP-terminal read): 1026s, up_stops=['3', '-1', '12'], down_stops=['-2', '-1', '1', '10', '11', '4', '-1', '0', '2', '4', '-1', '2', '0', '2', '-1', '6', '7', '-1']
2026-10-02 14:19:12 [INFO] shabbat_detector.fsm: [C] DetectorState.CANDIDATE_SHABBAT → DetectorState.NORMAL
2026-10-02 14:19:12 [INFO] detector: SHABBAT TRANSITION CANDIDATE_SHABBAT -> NORMAL | סיבה: מחזור לא תאם - עצירות לא חוקיות בעלייה: ['12', '3']; כיסוי קומות חלקי (עלייה 33%, ירידה 71%); קפיצות-אחורה (עלייה 1, ירידה 11); 10 חריגות טיימינג
2026-10-02 14:21:12 [INFO] detector: Config updated remotely (keys=['SHABBAT_DETECTOR'])
2026-10-02 14:23:42 [INFO] shabbat_detector.hebcal_gate: Hebcal refreshed: 5 start(s), 2 end(s) (geo=281184, diaspora=True)
2026-10-02 14:31:16 [INFO] shabbat_detector.cycle_analyzer: Cycle recovered (missed TOP-terminal read): 724s, up_stops=['-1', '7', '-1', '6', '12'], down_stops=['11', '3', '4', '11', '12', '6', '-1', '1', '4', '1', '-1']
2026-10-02 14:31:16 [INFO] shabbat_detector.fsm: [C] DetectorState.NORMAL → DetectorState.CANDIDATE_SHABBAT
2026-10-02 14:31:16 [INFO] detector: SHABBAT TRANSITION NORMAL -> CANDIDATE_SHABBAT | סיבה: מחזור אפשרי החל - ממתין להשלמה
2026-10-02 14:31:17 [INFO] shabbat_detector.fsm: [C] DetectorState.CANDIDATE_SHABBAT → DetectorState.NORMAL
2026-10-02 14:31:17 [INFO] detector: SHABBAT TRANSITION CANDIDATE_SHABBAT -> NORMAL | סיבה: מחזור לא תאם - עצירות לא חוקיות בעלייה: ['12', '6', '7']; עצירות לא חוקיות בירידה: ['12']; כיסוי קומות חלקי (עלייה 33%, ירידה 43%); קפיצות-אחורה (עלייה 1, ירידה 5); 5 חריגות טיימינג
2026-10-02 14:31:17 [INFO] detector: Config updated remotely (keys=['SHABBAT_DETECTOR'])
2026-10-02 14:32:47 [INFO] detector: Config updated remotely (keys=['SHABBAT_DETECTOR'])
2026-10-02 14:34:11 [INFO] shabbat_detector.hebcal_gate: Hebcal refreshed: 5 start(s), 2 end(s) (geo=281184, diaspora=True)
2026-10-02 14:44:51 [INFO] shabbat_detector.hebcal_gate: Hebcal refreshed: 5 start(s), 2 end(s) (geo=281184, diaspora=True)
2026-10-02 14:45:59 [INFO] shabbat_detector.cycle_analyzer: Cycle recovered (missed TOP-terminal read): 893s, up_stops=['-1', '0', '-2', '3', '5', '6', '7', '8', '9', '11', '4', '-1', '4', '-1', '7', '3', '2', '-1', '7', '9', '11', '10', '11', '12'], down_stops=['4', '-1']
2026-10-02 14:45:59 [INFO] shabbat_detector.fsm: [C] DetectorState.NORMAL → DetectorState.CANDIDATE_SHABBAT
2026-10-02 14:45:59 [INFO] detector: SHABBAT TRANSITION NORMAL -> CANDIDATE_SHABBAT | סיבה: מחזור אפשרי החל - ממתין להשלמה
2026-10-02 14:46:00 [INFO] shabbat_detector.fsm: [C] DetectorState.CANDIDATE_SHABBAT → DetectorState.NORMAL
2026-10-02 14:46:00 [INFO] detector: SHABBAT TRANSITION CANDIDATE_SHABBAT -> NORMAL | סיבה: מחזור לא תאם - עצירות לא חוקיות בעלייה: ['10', '11', '12', '2', '3', '4', '5', '6', '7', '8', '9']; כיסוי קומות חלקי (עלייה 100%, ירידה 14%); קפיצות-אחורה (עלייה 8, ירידה 0); 11 חריגות טיימינג
2026-10-02 14:46:00 [INFO] detector: Config updated remotely (keys=['SHABBAT_DETECTOR'])
2026-10-02 14:48:00 [INFO] detector: Config updated remotely (keys=['SHABBAT_DETECTOR'])
2026-10-02 14:49:46 [INFO] shabbat_detector.cycle_analyzer: Cycle recovered (missed TOP-terminal read): 230s, up_stops=['-1', '3', '4'], down_stops=['10']
2026-10-02 14:49:46 [INFO] shabbat_detector.fsm: [C] DetectorState.NORMAL → DetectorState.CANDIDATE_SHABBAT
2026-10-02 14:49:46 [INFO] detector: SHABBAT TRANSITION NORMAL -> CANDIDATE_SHABBAT | סיבה: מחזור אפשרי החל - ממתין להשלמה
2026-10-02 14:49:46 [INFO] shabbat_detector.fsm: [C] DetectorState.CANDIDATE_SHABBAT → DetectorState.NORMAL
2026-10-02 14:49:46 [INFO] detector: SHABBAT TRANSITION CANDIDATE_SHABBAT -> NORMAL | סיבה: מחזור לא תאם - עצירות לא חוקיות בעלייה: ['3', '4']; כיסוי קומות חלקי (עלייה 33%, ירידה 7%); 2 חריגות טיימינג
2026-10-02 14:49:47 [INFO] detector: Config updated remotely (keys=['SHABBAT_DETECTOR'])
2026-10-02 14:50:47 [INFO] detector: Config updated remotely (keys=['SHABBAT_DETECTOR'])
2026-10-02 14:55:56 [INFO] shabbat_detector.hebcal_gate: Hebcal refreshed: 5 start(s), 2 end(s) (geo=281184, diaspora=True)
2026-10-02 15:00:39 [INFO] shabbat_detector.cycle_analyzer: Cycle recovered (missed TOP-terminal read): 655s, up_stops=['-2', '1', '-1', '1', '-1', '12'], down_stops=['1', '6', '11', '12', '-2', '-1']
2026-10-02 15:00:39 [INFO] shabbat_detector.fsm: [C] DetectorState.NORMAL → DetectorState.CANDIDATE_SHABBAT
2026-10-02 15:00:39 [INFO] detector: SHABBAT TRANSITION NORMAL -> CANDIDATE_SHABBAT | סיבה: מחזור אפשרי החל - ממתין להשלמה
2026-10-02 15:00:40 [INFO] shabbat_detector.fsm: [C] DetectorState.CANDIDATE_SHABBAT → DetectorState.NORMAL
2026-10-02 15:00:40 [INFO] detector: SHABBAT TRANSITION CANDIDATE_SHABBAT -> NORMAL | סיבה: מחזור לא תאם - עצירות לא חוקיות בעלייה: ['1', '12']; עצירות לא חוקיות בירידה: ['12']; כיסוי קומות חלקי (עלייה 67%, ירידה 36%); 5 חריגות טיימינג
2026-10-02 15:00:40 [INFO] detector: Config updated remotely (keys=['SHABBAT_DETECTOR'])
2026-10-02 15:02:10 [INFO] detector: Config updated remotely (keys=['SHABBAT_DETECTOR'])
2026-10-02 15:08:42 [INFO] shabbat_detector.hebcal_gate: Hebcal refreshed: 5 start(s), 2 end(s) (geo=281184, diaspora=True)
2026-10-02 15:09:26 [INFO] shabbat_detector.cycle_analyzer: Cycle recovered (missed TOP-terminal read): 501s, up_stops=['-2', '2', '-2', '12'], down_stops=['-1', '3', '-2', '-1']
2026-10-02 15:09:26 [INFO] shabbat_detector.fsm: [C] DetectorState.NORMAL → DetectorState.CANDIDATE_SHABBAT
2026-10-02 15:09:26 [INFO] detector: SHABBAT TRANSITION NORMAL -> CANDIDATE_SHABBAT | סיבה: מחזור אפשרי החל - ממתין להשלמה
2026-10-02 15:09:26 [INFO] shabbat_detector.fsm: [C] DetectorState.CANDIDATE_SHABBAT → DetectorState.NORMAL
2026-10-02 15:09:26 [INFO] detector: SHABBAT TRANSITION CANDIDATE_SHABBAT -> NORMAL | סיבה: מחזור לא תאם - עצירות לא חוקיות בעלייה: ['12', '2']; כיסוי קומות חלקי (עלייה 33%, ירידה 21%); 3 חריגות טיימינג
2026-10-02 15:09:27 [INFO] detector: Config updated remotely (keys=['SHABBAT_DETECTOR'])
2026-10-02 15:10:27 [INFO] detector: Config updated remotely (keys=['SHABBAT_DETECTOR'])
2026-10-02 15:18:55 [INFO] shabbat_detector.hebcal_gate: Hebcal refreshed: 5 start(s), 2 end(s) (geo=281184, diaspora=True)
2026-10-02 15:18:55 [INFO] shabbat_detector.cycle_analyzer: Cycle recovered (missed TOP-terminal read): 596s, up_stops=['-2', '-1', '12'], down_stops=['3', '-1', '4', '-1', '2', '-1', '2', '1']
2026-10-02 15:18:55 [INFO] shabbat_detector.fsm: [C] DetectorState.NORMAL → DetectorState.CANDIDATE_SHABBAT
2026-10-02 15:18:55 [INFO] detector: SHABBAT TRANSITION NORMAL -> CANDIDATE_SHABBAT | סיבה: מחזור אפשרי החל - ממתין להשלמה
2026-10-02 15:18:56 [INFO] shabbat_detector.fsm: [C] DetectorState.CANDIDATE_SHABBAT → DetectorState.NORMAL
2026-10-02 15:18:56 [INFO] detector: SHABBAT TRANSITION CANDIDATE_SHABBAT -> NORMAL | סיבה: מחזור לא תאם - עצירות לא חוקיות בעלייה: ['12']; כיסוי קומות חלקי (עלייה 67%, ירידה 36%); 2 חריגות טיימינג
2026-10-02 15:18:56 [INFO] detector: Config updated remotely (keys=['SHABBAT_DETECTOR'])
2026-10-02 15:19:26 [INFO] detector: Config updated remotely (keys=['SHABBAT_DETECTOR'])
2026-10-02 15:22:30 [INFO] shabbat_detector.cycle_analyzer: Cycle aborted: returned to BOTTOM without reaching TOP
2026-10-02 15:22:30 [INFO] shabbat_detector.fsm: [C] DetectorState.NORMAL → DetectorState.CANDIDATE_SHABBAT
2026-10-02 15:22:30 [INFO] detector: SHABBAT TRANSITION NORMAL -> CANDIDATE_SHABBAT | סיבה: מחזור אפשרי החל - ממתין להשלמה
2026-10-02 15:24:31 [INFO] detector: Config updated remotely (keys=['SHABBAT_DETECTOR'])
2026-10-02 15:30:14 [INFO] shabbat_detector.hebcal_gate: Hebcal refreshed: 5 start(s), 2 end(s) (geo=281184, diaspora=True)
2026-10-02 15:34:21 [INFO] shabbat_detector.cycle_analyzer: Cycle aborted: returned to BOTTOM without reaching TOP
2026-10-02 15:40:23 [INFO] shabbat_detector.hebcal_gate: Hebcal refreshed: 5 start(s), 2 end(s) (geo=281184, diaspora=True)
2026-10-02 15:43:08 [INFO] shabbat_detector.cycle_analyzer: Cycle recovered (missed TOP-terminal read): 480s, up_stops=['-1', '3', '-1', '3', '10'], down_stops=['10', '10', '11', '11', '10', '11', '9', '-1', '4', '7', '-1']
2026-10-02 15:43:08 [INFO] shabbat_detector.fsm: [C] DetectorState.CANDIDATE_SHABBAT → DetectorState.NORMAL
2026-10-02 15:43:08 [INFO] detector: SHABBAT TRANSITION CANDIDATE_SHABBAT -> NORMAL | סיבה: מחזור לא תאם - עצירות לא חוקיות בעלייה: ['10', '3']; כיסוי קומות חלקי (עלייה 33%, ירידה 43%); 6 חריגות טיימינג
2026-10-02 15:44:09 [INFO] detector: Config updated remotely (keys=['SHABBAT_DETECTOR'])
2026-10-02 15:49:09 [INFO] shabbat_detector.cycle_analyzer: Cycle recovered (missed TOP-terminal read): 393s, up_stops=['-1', '-2', '-1', '7', '11'], down_stops=[]
2026-10-02 15:49:09 [INFO] shabbat_detector.fsm: [C] DetectorState.NORMAL → DetectorState.CANDIDATE_SHABBAT
2026-10-02 15:49:09 [INFO] detector: SHABBAT TRANSITION NORMAL -> CANDIDATE_SHABBAT | סיבה: מחזור אפשרי החל - ממתין להשלמה
2026-10-02 15:49:09 [INFO] shabbat_detector.fsm: [C] DetectorState.CANDIDATE_SHABBAT → DetectorState.NORMAL
2026-10-02 15:49:09 [INFO] detector: SHABBAT TRANSITION CANDIDATE_SHABBAT -> NORMAL | סיבה: מחזור לא תאם - עצירות לא חוקיות בעלייה: ['11', '7']; כיסוי קומות חלקי (עלייה 67%, ירידה 0%); 3 חריגות טיימינג
2026-10-02 15:49:09 [INFO] detector: Config updated remotely (keys=['SHABBAT_DETECTOR'])
2026-10-02 15:50:45 [INFO] shabbat_detector.hebcal_gate: Hebcal refreshed: 5 start(s), 2 end(s) (geo=281184, diaspora=True)
2026-10-02 15:51:09 [INFO] detector: Config updated remotely (keys=['SHABBAT_DETECTOR'])
2026-10-02 15:51:45 [INFO] shabbat_detector.cycle_analyzer: Cycle aborted: returned to BOTTOM without reaching TOP
2026-10-02 15:51:45 [INFO] shabbat_detector.fsm: [C] DetectorState.NORMAL → DetectorState.CANDIDATE_SHABBAT
2026-10-02 15:51:45 [INFO] detector: SHABBAT TRANSITION NORMAL -> CANDIDATE_SHABBAT | סיבה: מחזור אפשרי החל - ממתין להשלמה
2026-10-02 15:54:16 [INFO] detector: Config updated remotely (keys=['SHABBAT_DETECTOR'])
2026-10-02 15:59:08 [INFO] shabbat_detector.cycle_analyzer: Cycle aborted: returned to BOTTOM without reaching TOP
2026-10-02 16:01:12 [INFO] shabbat_detector.hebcal_gate: Hebcal refreshed: 5 start(s), 2 end(s) (geo=281184, diaspora=True)
2026-10-02 16:11:49 [INFO] shabbat_detector.hebcal_gate: Hebcal refreshed: 5 start(s), 2 end(s) (geo=281184, diaspora=True)
2026-10-02 16:21:24 [INFO] shabbat_detector.cycle_analyzer: Cycle recovered (missed TOP-terminal read): 1357s, up_stops=['-2', '1', '4', '-1', '-2', '-1', '1', '-1', '11'], down_stops=['-1', '1', '8', '-1', '3', '-1', '9', '4', '-1', '2', '-1', '1', '-1', '3', '-1', '3', '1', '0', '3', '-1']
2026-10-02 16:21:24 [INFO] shabbat_detector.fsm: [C] DetectorState.CANDIDATE_SHABBAT → DetectorState.NORMAL
2026-10-02 16:21:24 [INFO] detector: SHABBAT TRANSITION CANDIDATE_SHABBAT -> NORMAL | סיבה: מחזור לא תאם - עצירות לא חוקיות בעלייה: ['1', '11', '4']; קפיצות-אחורה (עלייה 3, ירידה 9); חזרות על קומות (עלייה 4, ירידה 12); 7 חריגות טיימינג
2026-10-02 16:22:00 [INFO] shabbat_detector.hebcal_gate: Hebcal refreshed: 5 start(s), 2 end(s) (geo=281184, diaspora=True)
2026-10-02 16:22:24 [INFO] detector: Config updated remotely (keys=['SHABBAT_DETECTOR'])
2026-10-02 16:22:43 [INFO] shabbat_detector.cycle_analyzer: Cycle aborted: returned to BOTTOM without reaching TOP
2026-10-02 16:22:43 [INFO] shabbat_detector.fsm: [C] DetectorState.NORMAL → DetectorState.CANDIDATE_SHABBAT
2026-10-02 16:22:43 [INFO] detector: SHABBAT TRANSITION NORMAL -> CANDIDATE_SHABBAT | סיבה: מחזור אפשרי החל - ממתין להשלמה
2026-10-02 16:23:44 [INFO] detector: Config updated remotely (keys=['SHABBAT_DETECTOR'])
2026-10-02 16:24:24 [INFO] shabbat_detector.cycle_analyzer: Cycle aborted: returned to BOTTOM without reaching TOP
2026-10-02 16:27:30 [INFO] shabbat_detector.cycle_analyzer: Cycle recovered (missed TOP-terminal read): 189s, up_stops=['-1', '3', '8', '11'], down_stops=[]
2026-10-02 16:27:30 [INFO] shabbat_detector.fsm: [C] DetectorState.CANDIDATE_SHABBAT → DetectorState.NORMAL
2026-10-02 16:27:30 [INFO] detector: SHABBAT TRANSITION CANDIDATE_SHABBAT -> NORMAL | סיבה: מחזור לא תאם - עצירות לא חוקיות בעלייה: ['11', '3', '8']; כיסוי קומות חלקי (עלייה 33%, ירידה 0%); 4 חריגות טיימינג
2026-10-02 16:30:01 [INFO] detector: Config updated remotely (keys=['SHABBAT_DETECTOR'])
2026-10-02 16:32:08 [INFO] shabbat_detector.hebcal_gate: Hebcal refreshed: 5 start(s), 2 end(s) (geo=281184, diaspora=True)
2026-10-02 16:39:38 [INFO] shabbat_detector.cycle_analyzer: Cycle recovered (missed TOP-terminal read): 738s, up_stops=['1', '-1', '4'], down_stops=['11', '6', '-1', '2', '0', '1', '2', '3', '-1', '1']
2026-10-02 16:39:38 [INFO] shabbat_detector.fsm: [C] DetectorState.NORMAL → DetectorState.CANDIDATE_SHABBAT
2026-10-02 16:39:38 [INFO] detector: SHABBAT TRANSITION NORMAL -> CANDIDATE_SHABBAT | סיבה: מחזור אפשרי החל - ממתין להשלמה
2026-10-02 16:39:39 [INFO] shabbat_detector.fsm: [C] DetectorState.CANDIDATE_SHABBAT → DetectorState.NORMAL
2026-10-02 16:39:39 [INFO] detector: SHABBAT TRANSITION CANDIDATE_SHABBAT -> NORMAL | סיבה: מחזור לא תאם - עצירות לא חוקיות בעלייה: ['1', '4']; כיסוי קומות חלקי (עלייה 33%, ירידה 50%); קפיצות-אחורה (עלייה 1, ירידה 5); 5 חריגות טיימינג
2026-10-02 16:39:39 [INFO] detector: Config updated remotely (keys=['SHABBAT_DETECTOR'])
2026-10-02 16:41:09 [INFO] detector: Config updated remotely (keys=['SHABBAT_DETECTOR'])
2026-10-02 16:44:13 [INFO] shabbat_detector.hebcal_gate: Hebcal refreshed: 5 start(s), 2 end(s) (geo=281184, diaspora=True)
2026-10-02 16:54:08 [INFO] shabbat_detector.hebcal_gate: Hebcal refreshed: 5 start(s), 2 end(s) (geo=281184, diaspora=True)
2026-10-02 16:55:50 [INFO] shabbat_detector.cycle_analyzer: Cycle recovered (missed TOP-terminal read): 976s, up_stops=['-1', '1', '12'], down_stops=['11', '5', '12', '-1', '9', '-1', '4', '6', '-1', '2', '8', '-1', '1', '-1', '1', '3', '4', '-1']
2026-10-02 16:55:50 [INFO] shabbat_detector.fsm: [C] DetectorState.NORMAL → DetectorState.CANDIDATE_SHABBAT
2026-10-02 16:55:50 [INFO] detector: SHABBAT TRANSITION NORMAL -> CANDIDATE_SHABBAT | סיבה: מחזור אפשרי החל - ממתין להשלמה
2026-10-02 16:55:50 [INFO] shabbat_detector.fsm: [C] DetectorState.CANDIDATE_SHABBAT → DetectorState.NORMAL
2026-10-02 16:55:50 [INFO] detector: SHABBAT TRANSITION CANDIDATE_SHABBAT -> NORMAL | סיבה: מחזור לא תאם - עצירות לא חוקיות בעלייה: ['1', '12']; עצירות לא חוקיות בירידה: ['12']; כיסוי קומות חלקי (עלייה 33%, ירידה 71%); קפיצות-אחורה (עלייה 0, ירידה 10); 8 חריגות טיימינג
2026-10-02 16:55:51 [INFO] detector: Config updated remotely (keys=['SHABBAT_DETECTOR'])
2026-10-02 16:57:21 [INFO] detector: Config updated remotely (keys=['SHABBAT_DETECTOR'])
2026-10-02 17:04:28 [INFO] shabbat_detector.hebcal_gate: Hebcal refreshed: 5 start(s), 2 end(s) (geo=281184, diaspora=True)
2026-10-02 17:15:31 [INFO] shabbat_detector.hebcal_gate: Hebcal refreshed: 5 start(s), 2 end(s) (geo=281184, diaspora=True)
2026-10-02 17:27:30 [INFO] shabbat_detector.hebcal_gate: Hebcal refreshed: 5 start(s), 2 end(s) (geo=281184, diaspora=True)
2026-10-02 17:37:41 [INFO] shabbat_detector.hebcal_gate: Hebcal refreshed: 5 start(s), 2 end(s) (geo=281184, diaspora=True)
2026-10-02 17:45:06 [INFO] shabbat_detector.cycle_analyzer: Cycle recovered (missed TOP-terminal read): 2953s, up_stops=['9', '1', '4', '7', '8', '11', '-1', '2', '4', '-1', '6', '11', '12'], down_stops=['-1', '3', '4', '5', '-2', '-1', '3', '5', '6', '11', '-1', '12', '-1', '9', '-2', '2', '0', '1', '-1', '-2', '-1', '7', '-2', '-1', '1', '3', '11', '-2', '-1', '1', '-1', '1', '2', '-1', '5', '11', '12', '-1', '8', '-1', '-2', '1', '2', '-1', '-2', '8', '5', '4', '0', '-1', '-2', '3', '1', '-1', '1', '-1', '1', '2', '-1', '3', '-1', '-2', '-1', '0', '2', '3', '5', '6', '2', '1', '-1', '-2']
2026-10-02 17:45:06 [INFO] shabbat_detector.fsm: [C] DetectorState.NORMAL → DetectorState.CANDIDATE_SHABBAT
2026-10-02 17:45:06 [INFO] detector: SHABBAT TRANSITION NORMAL -> CANDIDATE_SHABBAT | סיבה: מחזור אפשרי החל - ממתין להשלמה
2026-10-02 17:45:07 [INFO] shabbat_detector.fsm: [C] DetectorState.CANDIDATE_SHABBAT → DetectorState.NORMAL
2026-10-02 17:45:07 [INFO] detector: SHABBAT TRANSITION CANDIDATE_SHABBAT -> NORMAL | סיבה: מחזור לא תאם - עצירות לא חוקיות בעלייה: ['1', '11', '12', '2', '4', '6', '7', '8', '9']; עצירות לא חוקיות בירידה: ['12']; כיסוי קומות חלקי (עלייה 33%, ירידה 93%); קפיצות-אחורה (עלייה 3, ירידה 40); חזרות על קומות (עלייה 3, ירידה 58); 5 חריגות טיימינג
2026-10-02 17:45:07 [INFO] detector: Config updated remotely (keys=['SHABBAT_DETECTOR'])
2026-10-02 17:46:37 [INFO] detector: Config updated remotely (keys=['SHABBAT_DETECTOR'])
2026-10-02 17:47:32 [INFO] shabbat_detector.hebcal_gate: Hebcal refreshed: 5 start(s), 2 end(s) (geo=281184, diaspora=True)
2026-10-02 17:48:47 [INFO] shabbat_detector.cycle_analyzer: Cycle aborted: returned to BOTTOM without reaching TOP
2026-10-02 17:48:47 [INFO] shabbat_detector.fsm: [C] DetectorState.NORMAL → DetectorState.CANDIDATE_SHABBAT
2026-10-02 17:48:47 [INFO] detector: SHABBAT TRANSITION NORMAL -> CANDIDATE_SHABBAT | סיבה: מחזור אפשרי החל - ממתין להשלמה
2026-10-02 17:49:48 [INFO] detector: Config updated remotely (keys=['SHABBAT_DETECTOR'])
2026-10-02 17:51:57 [INFO] shabbat_detector.cycle_analyzer: Cycle recovered (missed TOP-terminal read): 220s, up_stops=['-2', '-1', '8', '-1', '8', '11'], down_stops=['-2']
2026-10-02 17:51:57 [INFO] shabbat_detector.fsm: [C] DetectorState.CANDIDATE_SHABBAT → DetectorState.NORMAL
2026-10-02 17:51:57 [INFO] detector: SHABBAT TRANSITION CANDIDATE_SHABBAT -> NORMAL | סיבה: מחזור לא תאם - עצירות לא חוקיות בעלייה: ['11', '8']; כיסוי קומות חלקי (עלייה 67%, ירידה 7%); 2 חריגות טיימינג
2026-10-02 17:52:58 [INFO] detector: Config updated remotely (keys=['SHABBAT_DETECTOR'])
2026-10-02 17:57:15 [INFO] shabbat_detector.cycle_analyzer: Cycle recovered (missed TOP-terminal read): 307s, up_stops=['-2'], down_stops=['6', '-1', '-2', '2', '-1', '3', '8', '11', '8', '-1', '-2']
2026-10-02 17:57:15 [INFO] shabbat_detector.fsm: [C] DetectorState.NORMAL → DetectorState.CANDIDATE_SHABBAT
2026-10-02 17:57:15 [INFO] detector: SHABBAT TRANSITION NORMAL -> CANDIDATE_SHABBAT | סיבה: מחזור אפשרי החל - ממתין להשלמה
2026-10-02 17:57:15 [INFO] shabbat_detector.fsm: [C] DetectorState.CANDIDATE_SHABBAT → DetectorState.NORMAL
2026-10-02 17:57:15 [INFO] detector: SHABBAT TRANSITION CANDIDATE_SHABBAT -> NORMAL | סיבה: מחזור לא תאם - כיסוי קומות חלקי (עלייה 33%, ירידה 50%); 3 חריגות טיימינג
2026-10-02 17:57:15 [INFO] detector: Config updated remotely (keys=['SHABBAT_DETECTOR'])
2026-10-02 17:57:43 [INFO] shabbat_detector.hebcal_gate: Hebcal refreshed: 5 start(s), 2 end(s) (geo=281184, diaspora=True)
2026-10-02 17:58:45 [INFO] detector: Config updated remotely (keys=['SHABBAT_DETECTOR'])
2026-10-02 18:07:40 [INFO] shabbat_detector.hebcal_gate: Hebcal refreshed: 5 start(s), 2 end(s) (geo=281184, diaspora=True)
2026-10-02 18:17:53 [INFO] shabbat_detector.hebcal_gate: Hebcal refreshed: 5 start(s), 2 end(s) (geo=281184, diaspora=True)
2026-10-02 18:27:54 [INFO] shabbat_detector.hebcal_gate: Hebcal refreshed: 5 start(s), 2 end(s) (geo=281184, diaspora=True)
2026-10-02 18:38:08 [INFO] shabbat_detector.hebcal_gate: Hebcal refreshed: 5 start(s), 2 end(s) (geo=281184, diaspora=True)
2026-10-02 18:48:12 [INFO] shabbat_detector.hebcal_gate: Hebcal refreshed: 5 start(s), 2 end(s) (geo=281184, diaspora=True)
2026-10-02 18:57:44 [INFO] shabbat_detector.cycle_analyzer: Elevator idle 544s - resetting cycle (was in _Phase.LEG_ONE)
2026-10-02 18:58:13 [INFO] shabbat_detector.hebcal_gate: Hebcal refreshed: 5 start(s), 2 end(s) (geo=281184, diaspora=True)
2026-10-02 19:08:31 [INFO] shabbat_detector.hebcal_gate: Hebcal refreshed: 5 start(s), 2 end(s) (geo=281184, diaspora=True)
2026-10-02 19:18:37 [INFO] shabbat_detector.hebcal_gate: Hebcal refreshed: 5 start(s), 2 end(s) (geo=281184, diaspora=True)
2026-10-02 19:29:29 [INFO] shabbat_detector.hebcal_gate: Hebcal refreshed: 5 start(s), 2 end(s) (geo=281184, diaspora=True)
2026-10-02 19:40:30 [INFO] shabbat_detector.hebcal_gate: Hebcal refreshed: 5 start(s), 2 end(s) (geo=281184, diaspora=True)
2026-10-02 19:50:28 [INFO] shabbat_detector.hebcal_gate: Hebcal refreshed: 5 start(s), 2 end(s) (geo=281184, diaspora=True)
2026-10-02 20:00:34 [INFO] shabbat_detector.hebcal_gate: Hebcal refreshed: 5 start(s), 2 end(s) (geo=281184, diaspora=True)
2026-10-02 20:10:32 [INFO] shabbat_detector.hebcal_gate: Hebcal refreshed: 5 start(s), 2 end(s) (geo=281184, diaspora=True)
2026-10-02 20:21:21 [INFO] shabbat_detector.hebcal_gate: Hebcal refreshed: 5 start(s), 2 end(s) (geo=281184, diaspora=True)
2026-10-02 20:26:18 [INFO] shabbat_detector.fsm: [C] DetectorState.NORMAL → DetectorState.CANDIDATE_SHABBAT
2026-10-02 20:26:18 [INFO] detector: SHABBAT TRANSITION NORMAL -> CANDIDATE_SHABBAT | סיבה: מחזור אפשרי החל - ממתין להשלמה
2026-10-02 20:26:49 [INFO] detector: Config updated remotely (keys=['SHABBAT_DETECTOR'])
2026-10-02 20:32:01 [INFO] shabbat_detector.hebcal_gate: Hebcal refreshed: 5 start(s), 2 end(s) (geo=281184, diaspora=True)
2026-10-02 20:33:57 [INFO] shabbat_detector.cycle_analyzer: Cycle recovered (missed TOP-terminal read): 453s, up_stops=['-1', '3', '5', '6', '11', '12'], down_stops=['-1', '6', '8', '11', '12', '11', '6', '-1', '3', '8', '11', '6']
2026-10-02 20:33:57 [INFO] shabbat_detector.fsm: [C] DetectorState.CANDIDATE_SHABBAT → DetectorState.NORMAL
2026-10-02 20:33:57 [INFO] detector: SHABBAT TRANSITION CANDIDATE_SHABBAT -> NORMAL | סיבה: מחזור לא תאם - עצירות לא חוקיות בעלייה: ['11', '12', '3', '5', '6']; עצירות לא חוקיות בירידה: ['12']; כיסוי קומות חלקי (עלייה 33%, ירידה 36%); קפיצות-אחורה (עלייה 0, ירידה 7); 5 חריגות טיימינג
2026-10-02 20:34:58 [INFO] detector: Config updated remotely (keys=['SHABBAT_DETECTOR'])
2026-10-02 20:36:59 [INFO] shabbat_detector.cycle_analyzer: Cycle recovered (missed TOP-terminal read): 181s, up_stops=['-1', '8', '-1', '11'], down_stops=['8', '2']
2026-10-02 20:36:59 [INFO] shabbat_detector.fsm: [C] DetectorState.NORMAL → DetectorState.CANDIDATE_SHABBAT
2026-10-02 20:36:59 [INFO] detector: SHABBAT TRANSITION NORMAL -> CANDIDATE_SHABBAT | סיבה: מחזור אפשרי החל - ממתין להשלמה
2026-10-02 20:37:00 [INFO] shabbat_detector.fsm: [C] DetectorState.CANDIDATE_SHABBAT → DetectorState.NORMAL
2026-10-02 20:37:00 [INFO] detector: SHABBAT TRANSITION CANDIDATE_SHABBAT -> NORMAL | סיבה: מחזור לא תאם - עצירות לא חוקיות בעלייה: ['11', '8']; כיסוי קומות חלקי (עלייה 33%, ירידה 14%); 1 חריגות טיימינג
2026-10-02 20:37:00 [INFO] detector: Config updated remotely (keys=['SHABBAT_DETECTOR'])
2026-10-02 20:37:30 [INFO] detector: Config updated remotely (keys=['SHABBAT_DETECTOR'])
2026-10-02 20:55:28 [INFO] shabbat_detector.hebcal_gate: Hebcal refreshed: 5 start(s), 2 end(s) (geo=281184, diaspora=True)
2026-10-02 20:55:28 [INFO] shabbat_detector.cycle_analyzer: Elevator idle 939s - resetting cycle (was in _Phase.LEG_ONE)
2026-10-02 20:56:41 [INFO] shabbat_detector.fsm: [C] DetectorState.NORMAL → DetectorState.CANDIDATE_SHABBAT
2026-10-02 20:56:41 [INFO] detector: SHABBAT TRANSITION NORMAL -> CANDIDATE_SHABBAT | סיבה: מחזור אפשרי החל - ממתין להשלמה
2026-10-02 20:57:41 [INFO] detector: Config updated remotely (keys=['SHABBAT_DETECTOR'])
2026-10-02 21:03:13 [INFO] shabbat_detector.cycle_analyzer: Cycle aborted: returned to BOTTOM without reaching TOP
2026-10-02 21:06:57 [INFO] shabbat_detector.hebcal_gate: Hebcal refreshed: 5 start(s), 2 end(s) (geo=281184, diaspora=True)
2026-10-02 21:06:57 [INFO] shabbat_detector.cycle_analyzer: Cycle aborted: returned to BOTTOM without reaching TOP
2026-10-02 21:15:27 [INFO] shabbat_detector.cycle_analyzer: Cycle recovered (missed TOP-terminal read): 538s, up_stops=['-1', '1', '3', '11'], down_stops=['-1', '7', '1', '0', '-1', '5']
2026-10-02 21:15:27 [INFO] shabbat_detector.fsm: [C] DetectorState.CANDIDATE_SHABBAT → DetectorState.NORMAL
2026-10-02 21:15:27 [INFO] detector: SHABBAT TRANSITION CANDIDATE_SHABBAT -> NORMAL | סיבה: מחזור לא תאם - עצירות לא חוקיות בעלייה: ['1', '11', '3']; כיסוי קומות חלקי (עלייה 33%, ירידה 36%); 4 חריגות טיימינג
2026-10-02 21:17:28 [INFO] detector: Config updated remotely (keys=['SHABBAT_DETECTOR'])
2026-10-02 21:17:42 [INFO] shabbat_detector.hebcal_gate: Hebcal refreshed: 5 start(s), 2 end(s) (geo=281184, diaspora=True)
2026-10-02 21:22:51 [INFO] shabbat_detector.cycle_analyzer: Cycle aborted: returned to BOTTOM without reaching TOP
2026-10-02 21:22:51 [INFO] shabbat_detector.fsm: [C] DetectorState.NORMAL → DetectorState.CANDIDATE_SHABBAT
2026-10-02 21:22:51 [INFO] detector: SHABBAT TRANSITION NORMAL -> CANDIDATE_SHABBAT | סיבה: מחזור אפשרי החל - ממתין להשלמה
2026-10-02 21:23:45 [INFO] shabbat_detector.cycle_analyzer: Cycle aborted: returned to BOTTOM without reaching TOP
2026-10-02 21:25:21 [INFO] detector: Config updated remotely (keys=['SHABBAT_DETECTOR'])
2026-10-02 21:27:42 [INFO] shabbat_detector.hebcal_gate: Hebcal refreshed: 5 start(s), 2 end(s) (geo=281184, diaspora=True)
2026-10-02 21:39:51 [INFO] shabbat_detector.hebcal_gate: Hebcal refreshed: 5 start(s), 2 end(s) (geo=281184, diaspora=True)
2026-10-02 21:55:31 [INFO] shabbat_detector.hebcal_gate: Hebcal refreshed: 5 start(s), 2 end(s) (geo=281184, diaspora=True)
2026-10-02 21:55:31 [INFO] shabbat_detector.cycle_analyzer: Elevator idle 645s - resetting cycle (was in _Phase.LEG_ONE)
2026-10-02 22:05:32 [INFO] shabbat_detector.hebcal_gate: Hebcal refreshed: 5 start(s), 2 end(s) (geo=281184, diaspora=True)
2026-10-02 22:15:41 [INFO] shabbat_detector.hebcal_gate: Hebcal refreshed: 5 start(s), 2 end(s) (geo=281184, diaspora=True)
2026-10-02 22:26:33 [INFO] shabbat_detector.hebcal_gate: Hebcal refreshed: 5 start(s), 2 end(s) (geo=281184, diaspora=True)
2026-10-02 22:39:16 [INFO] shabbat_detector.hebcal_gate: Hebcal refreshed: 5 start(s), 2 end(s) (geo=281184, diaspora=True)
2026-10-02 22:53:02 [INFO] shabbat_detector.hebcal_gate: Hebcal refreshed: 5 start(s), 2 end(s) (geo=281184, diaspora=True)
2026-10-02 23:02:03 [INFO] shabbat_detector.hebcal_gate: Hebcal refreshed: 5 start(s), 2 end(s) (geo=281184, diaspora=True)
2026-10-02 23:14:51 [INFO] shabbat_detector.hebcal_gate: Hebcal refreshed: 5 start(s), 2 end(s) (geo=281184, diaspora=True)
2026-10-02 23:14:51 [INFO] shabbat_detector.cycle_analyzer: Elevator idle 426s - resetting cycle (was in _Phase.LEG_ONE)
2026-10-02 23:19:51 [WARNING] shabbat_detector.firebase_client: Elevator stream reconnecting in 1s
2026-10-02 23:19:53 [INFO] shabbat_detector.firebase_client: SSE stream connecting: https://ramada-elev-default-rtdb.europe-west1.firebasedatabase.app/elevators/C.json
2026-10-02 23:35:30 [INFO] shabbat_detector.hebcal_gate: Hebcal refreshed: 5 start(s), 2 end(s) (geo=281184, diaspora=True)
2026-10-02 23:35:30 [INFO] shabbat_detector.cycle_analyzer: Elevator idle 964s - resetting cycle (was in _Phase.LEG_ONE)
2026-10-02 23:56:12 [INFO] shabbat_detector.hebcal_gate: Hebcal refreshed: 5 start(s), 2 end(s) (geo=281184, diaspora=True)
2026-10-02 23:56:12 [INFO] shabbat_detector.cycle_analyzer: Elevator idle 882s - resetting cycle (was in _Phase.LEG_ONE)
2026-10-03 00:06:09 [INFO] shabbat_detector.hebcal_gate: Hebcal refreshed: 5 start(s), 2 end(s) (geo=281184, diaspora=True)
2026-10-03 00:42:58 [INFO] shabbat_detector.hebcal_gate: Hebcal refreshed: 5 start(s), 2 end(s) (geo=281184, diaspora=True)
2026-10-03 00:42:58 [INFO] shabbat_detector.cycle_analyzer: Elevator idle 2166s - resetting cycle (was in _Phase.LEG_ONE)
2026-10-03 00:54:37 [INFO] shabbat_detector.hebcal_gate: Hebcal refreshed: 5 start(s), 2 end(s) (geo=281184, diaspora=True)
2026-10-03 01:13:13 [INFO] shabbat_detector.hebcal_gate: Hebcal refreshed: 5 start(s), 2 end(s) (geo=281184, diaspora=True)
2026-10-03 01:29:38 [INFO] shabbat_detector.hebcal_gate: Hebcal refreshed: 5 start(s), 2 end(s) (geo=281184, diaspora=True)
2026-10-03 02:14:28 [INFO] shabbat_detector.firebase_client: SSE stream connecting: https://ramada-elev-default-rtdb.europe-west1.firebasedatabase.app/elevator_configs/C.json
2026-10-03 02:16:59 [INFO] detector: Config updated remotely (keys=['AUTO_LEARN_CONFIG', 'BOTTOM_FLOOR', 'FLOOR_WAITS', 'SHABBAT_ACTIVE', 'SHABBAT_BREAK_ACTIVE', 'SHABBAT_DETECTOR', 'SHABBAT_MODE', 'STOPPING_FLOORS', 'STOPPING_FLOORS_DOWN', 'STOPPING_FLOORS_UP', 'TIME_PASS_FLOOR', 'TIME_PER_FLOOR', 'TOP_FLOOR', 'VISIBLE_FLOORS', 'secret_key'])
2026-10-03 02:20:21 [INFO] shabbat_detector.hebcal_gate: Hebcal refreshed: 5 start(s), 2 end(s) (geo=281184, diaspora=True)
2026-10-03 03:02:06 [INFO] shabbat_detector.firebase_client: SSE stream connecting: https://ramada-elev-default-rtdb.europe-west1.firebasedatabase.app/elevator_configs/C.json
2026-10-03 03:02:18 [INFO] shabbat_detector.firebase_client: SSE stream connecting: https://ramada-elev-default-rtdb.europe-west1.firebasedatabase.app/settings.json
2026-10-03 03:04:36 [INFO] detector: Config updated remotely (keys=['AUTO_LEARN_CONFIG', 'BOTTOM_FLOOR', 'FLOOR_WAITS', 'SHABBAT_ACTIVE', 'SHABBAT_BREAK_ACTIVE', 'SHABBAT_DETECTOR', 'SHABBAT_MODE', 'STOPPING_FLOORS', 'STOPPING_FLOORS_DOWN', 'STOPPING_FLOORS_UP', 'TIME_PASS_FLOOR', 'TIME_PER_FLOOR', 'TOP_FLOOR', 'VISIBLE_FLOORS', 'secret_key'])
2026-10-03 04:19:44 [INFO] shabbat_detector.hebcal_gate: Hebcal refreshed: 5 start(s), 2 end(s) (geo=281184, diaspora=True)
2026-10-03 04:26:17 [INFO] shabbat_detector.cycle_analyzer: Elevator idle 363s - resetting cycle (was in _Phase.LEG_ONE)
2026-10-03 05:05:17 [INFO] shabbat_detector.hebcal_gate: Hebcal refreshed: 5 start(s), 2 end(s) (geo=281184, diaspora=True)
2026-10-03 05:41:55 [INFO] shabbat_detector.hebcal_gate: Hebcal refreshed: 5 start(s), 2 end(s) (geo=281184, diaspora=True)
2026-10-03 05:57:15 [INFO] shabbat_detector.hebcal_gate: Hebcal refreshed: 5 start(s), 2 end(s) (geo=281184, diaspora=True)
2026-10-03 06:07:29 [INFO] shabbat_detector.hebcal_gate: Hebcal refreshed: 5 start(s), 2 end(s) (geo=281184, diaspora=True)
2026-10-03 06:22:05 [INFO] shabbat_detector.hebcal_gate: Hebcal refreshed: 5 start(s), 2 end(s) (geo=281184, diaspora=True)
2026-10-03 06:24:57 [INFO] shabbat_detector.cycle_analyzer: Cycle aborted: returned to BOTTOM without reaching TOP
2026-10-03 06:36:25 [INFO] shabbat_detector.hebcal_gate: Hebcal refreshed: 5 start(s), 2 end(s) (geo=281184, diaspora=True)
2026-10-03 06:36:25 [INFO] shabbat_detector.cycle_analyzer: Elevator idle 432s - resetting cycle (was in _Phase.LEG_ONE)
2026-10-03 06:52:07 [INFO] shabbat_detector.hebcal_gate: Hebcal refreshed: 5 start(s), 2 end(s) (geo=281184, diaspora=True)
2026-10-03 07:02:24 [INFO] shabbat_detector.hebcal_gate: Hebcal refreshed: 5 start(s), 2 end(s) (geo=281184, diaspora=True)
2026-10-03 07:08:49 [INFO] shabbat_detector.cycle_analyzer: Cycle aborted: returned to BOTTOM without reaching TOP
2026-10-03 07:12:25 [INFO] shabbat_detector.hebcal_gate: Hebcal refreshed: 5 start(s), 2 end(s) (geo=281184, diaspora=True)
2026-10-03 07:17:47 [INFO] shabbat_detector.cycle_analyzer: Cycle recovered (missed TOP-terminal read): 564s, up_stops=['8', '-2', '7', '6', '4', '-2'], down_stops=['8', '-1', '-2', '8', '-1', '7', '-2']
2026-10-03 07:17:47 [INFO] shabbat_detector.fsm: [C] DetectorState.CANDIDATE_SHABBAT → DetectorState.NORMAL
2026-10-03 07:17:47 [INFO] detector: SHABBAT TRANSITION CANDIDATE_SHABBAT -> NORMAL | סיבה: מחזור לא תאם - עצירות לא חוקיות בעלייה: ['4', '6', '7', '8']; כיסוי קומות חלקי (עלייה 33%, ירידה 28%); 6 חריגות טיימינג
2026-10-03 07:18:18 [INFO] detector: Config updated remotely (keys=['SHABBAT_DETECTOR'])
2026-10-03 07:22:36 [INFO] shabbat_detector.hebcal_gate: Hebcal refreshed: 5 start(s), 2 end(s) (geo=281184, diaspora=True)
2026-10-03 07:23:12 [INFO] shabbat_detector.cycle_analyzer: Cycle aborted: returned to BOTTOM without reaching TOP
2026-10-03 07:23:12 [INFO] shabbat_detector.fsm: [C] DetectorState.NORMAL → DetectorState.CANDIDATE_SHABBAT
2026-10-03 07:23:12 [INFO] detector: SHABBAT TRANSITION NORMAL -> CANDIDATE_SHABBAT | סיבה: מחזור אפשרי החל - ממתין להשלמה
2026-10-03 07:24:12 [INFO] detector: Config updated remotely (keys=['SHABBAT_DETECTOR'])
2026-10-03 07:32:44 [INFO] shabbat_detector.hebcal_gate: Hebcal refreshed: 5 start(s), 2 end(s) (geo=281184, diaspora=True)
2026-10-03 07:36:50 [INFO] shabbat_detector.cycle_analyzer: Cycle recovered (missed TOP-terminal read): 816s, up_stops=['1'], down_stops=['3', '-2', '4', '8', '-2', '11', '-2', '5', '4', '-1', '-2', '6', '-1', '-2', '11', '-1', '-2', '11', '-2', '-1', '4', '6', '-1', '3', '-2']
2026-10-03 07:36:50 [INFO] shabbat_detector.fsm: [C] DetectorState.CANDIDATE_SHABBAT → DetectorState.NORMAL
2026-10-03 07:36:50 [INFO] detector: SHABBAT TRANSITION CANDIDATE_SHABBAT -> NORMAL | סיבה: מחזור לא תאם - עצירות לא חוקיות בעלייה: ['1']; כיסוי קומות חלקי (עלייה 0%, ירידה 56%); קפיצות-אחורה (עלייה 0, ירידה 11); חזרות על קומות (עלייה 0, ירידה 17); 4 חריגות טיימינג
2026-10-03 07:38:51 [INFO] detector: Config updated remotely (keys=['SHABBAT_DETECTOR'])
2026-10-03 07:42:45 [INFO] shabbat_detector.hebcal_gate: Hebcal refreshed: 5 start(s), 2 end(s) (geo=281184, diaspora=True)
2026-10-03 07:48:27 [INFO] shabbat_detector.cycle_analyzer: Cycle aborted: returned to BOTTOM without reaching TOP
2026-10-03 07:48:27 [INFO] shabbat_detector.fsm: [C] DetectorState.NORMAL → DetectorState.CANDIDATE_SHABBAT
2026-10-03 07:48:27 [INFO] detector: SHABBAT TRANSITION NORMAL -> CANDIDATE_SHABBAT | סיבה: מחזור אפשרי החל - ממתין להשלמה
2026-10-03 07:50:27 [INFO] detector: Config updated remotely (keys=['SHABBAT_DETECTOR'])
2026-10-03 07:52:47 [INFO] shabbat_detector.hebcal_gate: Hebcal refreshed: 5 start(s), 2 end(s) (geo=281184, diaspora=True)
2026-10-03 08:02:49 [INFO] shabbat_detector.hebcal_gate: Hebcal refreshed: 5 start(s), 2 end(s) (geo=281184, diaspora=True)
2026-10-03 08:12:56 [INFO] shabbat_detector.hebcal_gate: Hebcal refreshed: 5 start(s), 2 end(s) (geo=281184, diaspora=True)
2026-10-03 08:23:51 [INFO] shabbat_detector.hebcal_gate: Hebcal refreshed: 5 start(s), 2 end(s) (geo=281184, diaspora=True)
2026-10-03 08:28:35 [INFO] shabbat_detector.cycle_analyzer: Cycle recovered (missed TOP-terminal read): 2407s, up_stops=['-1', '4', '8', '12'], down_stops=['-2', '-1', '4', '8', '-1', '12', '3', '-2', '0', '-1', '4', '9', '4', '-2', '5', '-1', '6', '12', '-1', '-2', '11', '6', '-2', '4', '6', '-2', '6', '-2', '11', '-2', '7', '-2', '3', '-2', '4', '-2', '5', '-2', '6', '-2', '3', '4', '-2', '6', '4', '3', '-1', '-2', '4', '3', '-2', '5', '7', '-2', '12', '3', '-2', '3', '4', '6', '7', '5', '-2']
2026-10-03 08:28:35 [INFO] shabbat_detector.fsm: [C] DetectorState.CANDIDATE_SHABBAT → DetectorState.NORMAL
2026-10-03 08:28:35 [INFO] detector: SHABBAT TRANSITION CANDIDATE_SHABBAT -> NORMAL | סיבה: מחזור לא תאם - עצירות לא חוקיות בעלייה: ['12', '4', '8']; עצירות לא חוקיות בירידה: ['12']; כיסוי קומות חלקי (עלייה 33%, ירידה 79%); קפיצות-אחורה (עלייה 0, ירידה 31); חזרות על קומות (עלייה 0, ירידה 51); 8 חריגות טיימינג
2026-10-03 08:30:35 [INFO] detector: Config updated remotely (keys=['SHABBAT_DETECTOR'])
2026-10-03 08:34:21 [INFO] shabbat_detector.hebcal_gate: Hebcal refreshed: 5 start(s), 2 end(s) (geo=281184, diaspora=True)
2026-10-03 08:44:40 [INFO] shabbat_detector.hebcal_gate: Hebcal refreshed: 5 start(s), 2 end(s) (geo=281184, diaspora=True)
2026-10-03 08:54:43 [INFO] shabbat_detector.hebcal_gate: Hebcal refreshed: 5 start(s), 2 end(s) (geo=281184, diaspora=True)
2026-10-03 08:55:23 [INFO] shabbat_detector.cycle_analyzer: Cycle recovered (missed TOP-terminal read): 1623s, up_stops=['-2', '-1', '3', '6', '-1', '-2', '6', '-1', '-2', '5', '-2', '3', '-2', '3', '6', '3', '-2', '-1', '0', '11', '6', '-1', '-2', '6', '6', '3', '-1', '-2', '6', '-1', '-2', '6', '-1', '3', '12'], down_stops=['6', '4', '3', '-1', '-2', '12', '6', '3', '-1', '-2', '3', '11', '9', '6', '4', '3', '1', '-1', '-2', '4', '5', '6', '3', '-1', '-2']
2026-10-03 08:55:23 [INFO] shabbat_detector.fsm: [C] DetectorState.NORMAL → DetectorState.CANDIDATE_SHABBAT
2026-10-03 08:55:23 [INFO] detector: SHABBAT TRANSITION NORMAL -> CANDIDATE_SHABBAT | סיבה: מחזור אפשרי החל - ממתין להשלמה
2026-10-03 08:55:23 [INFO] shabbat_detector.fsm: [C] DetectorState.CANDIDATE_SHABBAT → DetectorState.NORMAL
2026-10-03 08:55:23 [INFO] detector: SHABBAT TRANSITION CANDIDATE_SHABBAT -> NORMAL | סיבה: מחזור לא תאם - עצירות לא חוקיות בעלייה: ['11', '12', '3', '5', '6']; עצירות לא חוקיות בירידה: ['12']; קפיצות-אחורה (עלייה 17, ירידה 6); חזרות על קומות (עלייה 27, ירידה 15); 5 חריגות טיימינג
2026-10-03 08:55:23 [INFO] detector: Config updated remotely (keys=['SHABBAT_DETECTOR'])
2026-10-03 08:55:53 [INFO] detector: Config updated remotely (keys=['SHABBAT_DETECTOR'])
2026-10-03 09:05:15 [INFO] shabbat_detector.hebcal_gate: Hebcal refreshed: 5 start(s), 2 end(s) (geo=281184, diaspora=True)
2026-10-03 09:05:16 [INFO] shabbat_detector.cycle_analyzer: Cycle recovered (missed TOP-terminal read): 577s, up_stops=['-1', '11', '12'], down_stops=['6', '5', '-2', '3', '7', '12', '-2', '12', '3', '-2', '12', '7', '-2']
2026-10-03 09:05:16 [INFO] shabbat_detector.fsm: [C] DetectorState.NORMAL → DetectorState.CANDIDATE_SHABBAT
2026-10-03 09:05:16 [INFO] detector: SHABBAT TRANSITION NORMAL -> CANDIDATE_SHABBAT | סיבה: מחזור אפשרי החל - ממתין להשלמה
2026-10-03 09:05:16 [INFO] shabbat_detector.fsm: [C] DetectorState.CANDIDATE_SHABBAT → DetectorState.NORMAL
2026-10-03 09:05:16 [INFO] detector: SHABBAT TRANSITION CANDIDATE_SHABBAT -> NORMAL | סיבה: מחזור לא תאם - עצירות לא חוקיות בעלייה: ['11', '12']; עצירות לא חוקיות בירידה: ['12']; כיסוי קומות חלקי (עלייה 33%, ירידה 36%); קפיצות-אחורה (עלייה 0, ירידה 5); 5 חריגות טיימינג
2026-10-03 09:05:16 [INFO] detector: Config updated remotely (keys=['SHABBAT_DETECTOR'])
2026-10-03 09:05:16 [INFO] detector: Config updated remotely (keys=['SHABBAT_DETECTOR'])
2026-10-03 09:11:24 [INFO] shabbat_detector.cycle_analyzer: Cycle aborted: returned to BOTTOM without reaching TOP
2026-10-03 09:11:24 [INFO] shabbat_detector.fsm: [C] DetectorState.NORMAL → DetectorState.CANDIDATE_SHABBAT
2026-10-03 09:11:24 [INFO] detector: SHABBAT TRANSITION NORMAL -> CANDIDATE_SHABBAT | סיבה: מחזור אפשרי החל - ממתין להשלמה
2026-10-03 09:12:55 [INFO] detector: Config updated remotely (keys=['SHABBAT_DETECTOR'])
2026-10-03 09:17:42 [INFO] shabbat_detector.hebcal_gate: Hebcal refreshed: 5 start(s), 2 end(s) (geo=281184, diaspora=True)
2026-10-03 09:18:06 [INFO] shabbat_detector.cycle_analyzer: Cycle aborted: returned to BOTTOM without reaching TOP
2026-10-03 09:24:58 [INFO] shabbat_detector.cycle_analyzer: Elevator idle 355s - resetting cycle (was in _Phase.LEG_ONE)
2026-10-03 09:27:40 [INFO] shabbat_detector.hebcal_gate: Hebcal refreshed: 5 start(s), 2 end(s) (geo=281184, diaspora=True)
2026-10-03 09:42:46 [INFO] shabbat_detector.hebcal_gate: Hebcal refreshed: 5 start(s), 2 end(s) (geo=281184, diaspora=True)
2026-10-03 09:52:47 [INFO] shabbat_detector.hebcal_gate: Hebcal refreshed: 5 start(s), 2 end(s) (geo=281184, diaspora=True)
2026-10-03 10:00:58 [INFO] shabbat_detector.cycle_analyzer: Elevator idle 436s - resetting cycle (was in _Phase.LEG_ONE)
2026-10-03 10:04:17 [INFO] shabbat_detector.hebcal_gate: Hebcal refreshed: 5 start(s), 2 end(s) (geo=281184, diaspora=True)
2026-10-03 10:14:37 [INFO] shabbat_detector.cycle_analyzer: Elevator idle 324s - resetting cycle (was in _Phase.LEG_ONE)
2026-10-03 10:14:39 [INFO] shabbat_detector.hebcal_gate: Hebcal refreshed: 5 start(s), 2 end(s) (geo=281184, diaspora=True)
2026-10-03 10:19:55 [INFO] shabbat_detector.cycle_analyzer: Cycle aborted: returned to BOTTOM without reaching TOP
2026-10-03 10:21:08 [INFO] shabbat_detector.cycle_analyzer: Cycle aborted: returned to BOTTOM without reaching TOP
2026-10-03 10:33:23 [INFO] shabbat_detector.hebcal_gate: Hebcal refreshed: 5 start(s), 2 end(s) (geo=281184, diaspora=True)
2026-10-03 10:33:23 [INFO] shabbat_detector.cycle_analyzer: Elevator idle 629s - resetting cycle (was in _Phase.LEG_ONE)
2026-10-03 10:45:19 [INFO] shabbat_detector.hebcal_gate: Hebcal refreshed: 5 start(s), 2 end(s) (geo=281184, diaspora=True)
2026-10-03 10:56:41 [INFO] shabbat_detector.hebcal_gate: Hebcal refreshed: 5 start(s), 2 end(s) (geo=281184, diaspora=True)
2026-10-03 10:59:58 [INFO] shabbat_detector.cycle_analyzer: Cycle aborted: returned to BOTTOM without reaching TOP
2026-10-03 11:08:24 [INFO] shabbat_detector.hebcal_gate: Hebcal refreshed: 5 start(s), 2 end(s) (geo=281184, diaspora=True)
2026-10-03 11:08:45 [INFO] shabbat_detector.cycle_analyzer: Cycle aborted: returned to BOTTOM without reaching TOP
2026-10-03 11:11:49 [INFO] shabbat_detector.cycle_analyzer: Cycle aborted: returned to BOTTOM without reaching TOP
2026-10-03 11:15:52 [INFO] shabbat_detector.cycle_analyzer: Elevator idle 320s - resetting cycle (was in _Phase.LEG_ONE)
2026-10-03 11:22:57 [INFO] shabbat_detector.hebcal_gate: Hebcal refreshed: 5 start(s), 2 end(s) (geo=281184, diaspora=True)
2026-10-03 11:22:57 [INFO] shabbat_detector.cycle_analyzer: Elevator idle 405s - resetting cycle (was in _Phase.LEG_ONE)
2026-10-03 11:35:25 [INFO] shabbat_detector.hebcal_gate: Hebcal refreshed: 5 start(s), 2 end(s) (geo=281184, diaspora=True)
2026-10-03 11:45:55 [INFO] shabbat_detector.hebcal_gate: Hebcal refreshed: 5 start(s), 2 end(s) (geo=281184, diaspora=True)
2026-10-03 11:57:39 [INFO] shabbat_detector.hebcal_gate: Hebcal refreshed: 5 start(s), 2 end(s) (geo=281184, diaspora=True)
2026-10-03 11:59:34 [INFO] shabbat_detector.cycle_analyzer: Cycle aborted: returned to BOTTOM without reaching TOP
2026-10-03 12:00:37 [INFO] shabbat_detector.cycle_analyzer: Cycle aborted: returned to BOTTOM without reaching TOP
2026-10-03 12:05:55 [INFO] shabbat_detector.hebcal_gate: Hebcal refreshed: 5 start(s), 2 end(s) (geo=281184, diaspora=True)
2026-10-03 12:17:19 [INFO] shabbat_detector.hebcal_gate: Hebcal refreshed: 5 start(s), 2 end(s) (geo=281184, diaspora=True)
2026-10-03 12:27:37 [INFO] shabbat_detector.cycle_analyzer: Elevator idle 586s - resetting cycle (was in _Phase.LEG_ONE)
2026-10-03 12:27:41 [INFO] shabbat_detector.hebcal_gate: Hebcal refreshed: 5 start(s), 2 end(s) (geo=281184, diaspora=True)
2026-10-03 12:36:12 [INFO] shabbat_detector.cycle_analyzer: Cycle aborted: returned to BOTTOM without reaching TOP
2026-10-03 12:38:17 [INFO] shabbat_detector.hebcal_gate: Hebcal refreshed: 5 start(s), 2 end(s) (geo=281184, diaspora=True)
2026-10-03 12:40:18 [INFO] shabbat_detector.cycle_analyzer: Cycle aborted: returned to BOTTOM without reaching TOP
2026-10-03 12:43:45 [INFO] shabbat_detector.cycle_analyzer: Elevator idle 321s - resetting cycle (was in _Phase.LEG_ONE)
2026-10-03 12:46:04 [INFO] shabbat_detector.cycle_analyzer: Cycle recovered (missed TOP-terminal read): 99s, up_stops=['2', '12'], down_stops=[]
2026-10-03 12:46:04 [INFO] shabbat_detector.fsm: [C] DetectorState.CANDIDATE_SHABBAT → DetectorState.NORMAL
2026-10-03 12:46:04 [INFO] detector: SHABBAT TRANSITION CANDIDATE_SHABBAT -> NORMAL | סיבה: מחזור לא תאם - עצירות לא חוקיות בעלייה: ['12', '2']; כיסוי קומות חלקי (עלייה 0%, ירידה 0%); 2 חריגות טיימינג
2026-10-03 12:47:04 [INFO] detector: Config updated remotely (keys=['SHABBAT_DETECTOR'])
2026-10-03 12:50:51 [INFO] shabbat_detector.hebcal_gate: Hebcal refreshed: 5 start(s), 2 end(s) (geo=281184, diaspora=True)
2026-10-03 12:51:05 [INFO] shabbat_detector.cycle_analyzer: Cycle recovered (missed TOP-terminal read): 332s, up_stops=['-1', '12'], down_stops=['2']
2026-10-03 12:51:05 [INFO] shabbat_detector.fsm: [C] DetectorState.NORMAL → DetectorState.CANDIDATE_SHABBAT
2026-10-03 12:51:05 [INFO] detector: SHABBAT TRANSITION NORMAL -> CANDIDATE_SHABBAT | סיבה: מחזור אפשרי החל - ממתין להשלמה
2026-10-03 12:51:05 [INFO] shabbat_detector.fsm: [C] DetectorState.CANDIDATE_SHABBAT → DetectorState.NORMAL
2026-10-03 12:51:05 [INFO] detector: SHABBAT TRANSITION CANDIDATE_SHABBAT -> NORMAL | סיבה: מחזור לא תאם - עצירות לא חוקיות בעלייה: ['12']; כיסוי קומות חלקי (עלייה 33%, ירידה 7%); 2 חריגות טיימינג
2026-10-03 12:51:05 [INFO] detector: Config updated remotely (keys=['SHABBAT_DETECTOR'])
2026-10-03 12:51:35 [INFO] detector: Config updated remotely (keys=['SHABBAT_DETECTOR'])
2026-10-03 12:52:29 [INFO] shabbat_detector.cycle_analyzer: Cycle aborted: returned to BOTTOM without reaching TOP
2026-10-03 12:52:29 [INFO] shabbat_detector.fsm: [C] DetectorState.NORMAL → DetectorState.CANDIDATE_SHABBAT
2026-10-03 12:52:29 [INFO] detector: SHABBAT TRANSITION NORMAL -> CANDIDATE_SHABBAT | סיבה: מחזור אפשרי החל - ממתין להשלמה
2026-10-03 12:53:00 [INFO] detector: Config updated remotely (keys=['SHABBAT_DETECTOR'])
2026-10-03 12:59:44 [INFO] shabbat_detector.cycle_analyzer: Elevator idle 396s - resetting cycle (was in _Phase.LEG_ONE)
2026-10-03 13:00:50 [INFO] shabbat_detector.hebcal_gate: Hebcal refreshed: 5 start(s), 2 end(s) (geo=281184, diaspora=True)
2026-10-03 13:11:29 [INFO] shabbat_detector.hebcal_gate: Hebcal refreshed: 5 start(s), 2 end(s) (geo=281184, diaspora=True)
2026-10-03 13:11:29 [INFO] shabbat_detector.cycle_analyzer: Cycle recovered (missed TOP-terminal read): 551s, up_stops=['-2', '-1', '2', '3', '4', '6', '-2', '-1', '2', '12'], down_stops=['-2', '-1', '7', '-1', '-2', '6', '12', '11', '10', '6', '3', '2', '-1', '-2']
2026-10-03 13:11:29 [INFO] shabbat_detector.fsm: [C] DetectorState.CANDIDATE_SHABBAT → DetectorState.NORMAL
2026-10-03 13:11:29 [INFO] detector: SHABBAT TRANSITION CANDIDATE_SHABBAT -> NORMAL | סיבה: מחזור לא תאם - עצירות לא חוקיות בעלייה: ['12', '2', '3', '4', '6']; עצירות לא חוקיות בירידה: ['12']; 3 חריגות טיימינג
2026-10-03 13:14:00 [INFO] detector: Config updated remotely (keys=['SHABBAT_DETECTOR'])
2026-10-03 13:21:49 [INFO] shabbat_detector.hebcal_gate: Hebcal refreshed: 5 start(s), 2 end(s) (geo=281184, diaspora=True)
2026-10-03 13:30:31 [INFO] shabbat_detector.cycle_analyzer: Cycle recovered (missed TOP-terminal read): 1161s, up_stops=['-2', '-1', '3', '4', '5', '-2', '-1', '3', '8', '11'], down_stops=['6', '4', '-1', '-2', '3', '-1', '4', '-1', '5', '3', '-1', '-2', '-1', '3', '-1']
2026-10-03 13:30:31 [INFO] shabbat_detector.fsm: [C] DetectorState.NORMAL → DetectorState.CANDIDATE_SHABBAT
2026-10-03 13:30:31 [INFO] detector: SHABBAT TRANSITION NORMAL -> CANDIDATE_SHABBAT | סיבה: מחזור אפשרי החל - ממתין להשלמה
2026-10-03 13:30:31 [INFO] shabbat_detector.fsm: [C] DetectorState.CANDIDATE_SHABBAT → DetectorState.NORMAL
2026-10-03 13:30:31 [INFO] detector: SHABBAT TRANSITION CANDIDATE_SHABBAT -> NORMAL | סיבה: מחזור לא תאם - עצירות לא חוקיות בעלייה: ['11', '3', '4', '5', '8']; כיסוי קומות חלקי (עלייה 67%, ירידה 43%); קפיצות-אחורה (עלייה 1, ירידה 5); 4 חריגות טיימינג
2026-10-03 13:30:31 [INFO] detector: Config updated remotely (keys=['SHABBAT_DETECTOR'])
2026-10-03 13:32:01 [INFO] detector: Config updated remotely (keys=['SHABBAT_DETECTOR'])
2026-10-03 13:36:19 [INFO] shabbat_detector.hebcal_gate: Hebcal refreshed: 5 start(s), 2 end(s) (geo=281184, diaspora=True)
2026-10-03 13:36:19 [INFO] shabbat_detector.cycle_analyzer: Elevator idle 339s - resetting cycle (was in _Phase.LEG_ONE)
2026-10-03 13:46:17 [INFO] shabbat_detector.hebcal_gate: Hebcal refreshed: 5 start(s), 2 end(s) (geo=281184, diaspora=True)
2026-10-03 13:50:56 [INFO] shabbat_detector.fsm: [C] DetectorState.NORMAL → DetectorState.CANDIDATE_SHABBAT
2026-10-03 13:50:56 [INFO] detector: SHABBAT TRANSITION NORMAL -> CANDIDATE_SHABBAT | סיבה: מחזור אפשרי החל - ממתין להשלמה
2026-10-03 13:52:26 [INFO] detector: Config updated remotely (keys=['SHABBAT_DETECTOR'])
2026-10-03 13:52:29 [INFO] shabbat_detector.cycle_analyzer: Cycle aborted: returned to BOTTOM without reaching TOP
2026-10-03 13:55:30 [INFO] shabbat_detector.cycle_analyzer: Cycle aborted: returned to BOTTOM without reaching TOP
2026-10-03 13:56:34 [INFO] shabbat_detector.hebcal_gate: Hebcal refreshed: 5 start(s), 2 end(s) (geo=281184, diaspora=True)
2026-10-03 13:57:03 [INFO] shabbat_detector.cycle_analyzer: Cycle aborted: returned to BOTTOM without reaching TOP
2026-10-03 14:06:40 [INFO] shabbat_detector.hebcal_gate: Hebcal refreshed: 5 start(s), 2 end(s) (geo=281184, diaspora=True)
2026-10-03 14:17:13 [INFO] shabbat_detector.hebcal_gate: Hebcal refreshed: 5 start(s), 2 end(s) (geo=281184, diaspora=True)
2026-10-03 14:21:14 [INFO] shabbat_detector.cycle_analyzer: Cycle recovered (missed TOP-terminal read): 1454s, up_stops=['-1', '2', '-1', '6', '-1', '3', '12'], down_stops=['-1', '3', '-1', '6', '5', '-1', '6', '7', '10', '-2', '-1', '4', '-1', '3', '-1', '3', '5', '4', '-2']
2026-10-03 14:21:14 [INFO] shabbat_detector.fsm: [C] DetectorState.CANDIDATE_SHABBAT → DetectorState.NORMAL
2026-10-03 14:21:14 [INFO] detector: SHABBAT TRANSITION CANDIDATE_SHABBAT -> NORMAL | סיבה: מחזור לא תאם - עצירות לא חוקיות בעלייה: ['12', '2', '3', '6']; כיסוי קומות חלקי (עלייה 33%, ירידה 56%); קפיצות-אחורה (עלייה 2, ירידה 10); חזרות על קומות (עלייה 2, ירידה 11); 6 חריגות טיימינג
2026-10-03 14:22:14 [INFO] detector: Config updated remotely (keys=['SHABBAT_DETECTOR'])
2026-10-03 14:22:57 [INFO] shabbat_detector.cycle_analyzer: Cycle recovered (missed TOP-terminal read): 103s, up_stops=['-1', '6', '12'], down_stops=[]
2026-10-03 14:22:57 [INFO] shabbat_detector.fsm: [C] DetectorState.NORMAL → DetectorState.CANDIDATE_SHABBAT
2026-10-03 14:22:57 [INFO] detector: SHABBAT TRANSITION NORMAL -> CANDIDATE_SHABBAT | סיבה: מחזור אפשרי החל - ממתין להשלמה
2026-10-03 14:22:57 [INFO] shabbat_detector.fsm: [C] DetectorState.CANDIDATE_SHABBAT → DetectorState.NORMAL
2026-10-03 14:22:57 [INFO] detector: SHABBAT TRANSITION CANDIDATE_SHABBAT -> NORMAL | סיבה: מחזור לא תאם - עצירות לא חוקיות בעלייה: ['12', '6']; כיסוי קומות חלקי (עלייה 33%, ירידה 0%); 2 חריגות טיימינג
2026-10-03 14:22:57 [INFO] detector: Config updated remotely (keys=['SHABBAT_DETECTOR'])
2026-10-03 14:24:57 [INFO] detector: Config updated remotely (keys=['SHABBAT_DETECTOR'])
2026-10-03 14:27:35 [INFO] shabbat_detector.hebcal_gate: Hebcal refreshed: 5 start(s), 2 end(s) (geo=281184, diaspora=True)
2026-10-03 14:28:19 [INFO] shabbat_detector.cycle_analyzer: Cycle recovered (missed TOP-terminal read): 311s, up_stops=['-1', '4', '-1', '-2', '12'], down_stops=['1', '-1', '-2']
2026-10-03 14:28:19 [INFO] shabbat_detector.fsm: [C] DetectorState.NORMAL → DetectorState.CANDIDATE_SHABBAT
2026-10-03 14:28:19 [INFO] detector: SHABBAT TRANSITION NORMAL -> CANDIDATE_SHABBAT | סיבה: מחזור אפשרי החל - ממתין להשלמה
2026-10-03 14:28:19 [INFO] shabbat_detector.fsm: [C] DetectorState.CANDIDATE_SHABBAT → DetectorState.NORMAL
2026-10-03 14:28:19 [INFO] detector: SHABBAT TRANSITION CANDIDATE_SHABBAT -> NORMAL | סיבה: מחזור לא תאם - עצירות לא חוקיות בעלייה: ['12', '4']; כיסוי קומות חלקי (עלייה 67%, ירידה 21%); 2 חריגות טיימינג
2026-10-03 14:28:20 [INFO] detector: Config updated remotely (keys=['SHABBAT_DETECTOR'])
2026-10-03 14:29:50 [INFO] detector: Config updated remotely (keys=['SHABBAT_DETECTOR'])
2026-10-03 14:43:52 [INFO] shabbat_detector.hebcal_gate: Hebcal refreshed: 5 start(s), 2 end(s) (geo=281184, diaspora=True)
2026-10-03 14:43:52 [INFO] shabbat_detector.cycle_analyzer: Elevator idle 771s - resetting cycle (was in _Phase.LEG_ONE)
2026-10-03 14:47:27 [INFO] shabbat_detector.fsm: [C] DetectorState.NORMAL → DetectorState.CANDIDATE_SHABBAT
2026-10-03 14:47:27 [INFO] detector: SHABBAT TRANSITION NORMAL -> CANDIDATE_SHABBAT | סיבה: מחזור אפשרי החל - ממתין להשלמה
2026-10-03 14:47:57 [INFO] detector: Config updated remotely (keys=['SHABBAT_DETECTOR'])
2026-10-03 14:49:26 [INFO] shabbat_detector.cycle_analyzer: Cycle aborted: returned to BOTTOM without reaching TOP
2026-10-03 14:56:24 [INFO] shabbat_detector.hebcal_gate: Hebcal refreshed: 5 start(s), 2 end(s) (geo=281184, diaspora=True)
2026-10-03 14:58:12 [INFO] shabbat_detector.cycle_analyzer: Cycle aborted: returned to BOTTOM without reaching TOP
2026-10-03 15:05:37 [INFO] shabbat_detector.cycle_analyzer: Elevator idle 367s - resetting cycle (was in _Phase.LEG_ONE)
2026-10-03 15:06:34 [INFO] shabbat_detector.hebcal_gate: Hebcal refreshed: 5 start(s), 2 end(s) (geo=281184, diaspora=True)
2026-10-03 15:16:46 [INFO] shabbat_detector.hebcal_gate: Hebcal refreshed: 5 start(s), 2 end(s) (geo=281184, diaspora=True)
2026-10-03 15:17:16 [INFO] shabbat_detector.cycle_analyzer: Cycle recovered (missed TOP-terminal read): 467s, up_stops=['-2', '12'], down_stops=['-1', '3']
2026-10-03 15:17:16 [INFO] shabbat_detector.fsm: [C] DetectorState.CANDIDATE_SHABBAT → DetectorState.NORMAL
2026-10-03 15:17:16 [INFO] detector: SHABBAT TRANSITION CANDIDATE_SHABBAT -> NORMAL | סיבה: מחזור לא תאם - עצירות לא חוקיות בעלייה: ['12']; כיסוי קומות חלקי (עלייה 33%, ירידה 14%); 4 חריגות טיימינג
2026-10-03 15:17:46 [INFO] detector: Config updated remotely (keys=['SHABBAT_DETECTOR'])
2026-10-03 15:27:31 [INFO] shabbat_detector.hebcal_gate: Hebcal refreshed: 5 start(s), 2 end(s) (geo=281184, diaspora=True)
2026-10-03 15:30:55 [INFO] shabbat_detector.cycle_analyzer: Cycle recovered (missed TOP-terminal read): 826s, up_stops=['1', '-2', '-1', '7', '4', '-2', '6', '3', '-2', '-1', '3', '-2', '1', '11', '-2', '4', '9', '-1', '-2', '11', '12'], down_stops=['4', '-1']
2026-10-03 15:30:55 [INFO] shabbat_detector.fsm: [C] DetectorState.NORMAL → DetectorState.CANDIDATE_SHABBAT
2026-10-03 15:30:55 [INFO] detector: SHABBAT TRANSITION NORMAL -> CANDIDATE_SHABBAT | סיבה: מחזור אפשרי החל - ממתין להשלמה
2026-10-03 15:30:55 [INFO] shabbat_detector.fsm: [C] DetectorState.CANDIDATE_SHABBAT → DetectorState.NORMAL
2026-10-03 15:30:55 [INFO] detector: SHABBAT TRANSITION CANDIDATE_SHABBAT -> NORMAL | סיבה: מחזור לא תאם - עצירות לא חוקיות בעלייה: ['1', '11', '12', '3', '4', '6', '7', '9']; כיסוי קומות חלקי (עלייה 67%, ירידה 14%); קפיצות-אחורה (עלייה 9, ירידה 0); חזרות על קומות (עלייה 11, ירידה 0); 5 חריגות טיימינג
2026-10-03 15:30:55 [INFO] detector: Config updated remotely (keys=['SHABBAT_DETECTOR'])
2026-10-03 15:32:56 [INFO] detector: Config updated remotely (keys=['SHABBAT_DETECTOR'])
2026-10-03 15:37:35 [INFO] shabbat_detector.hebcal_gate: Hebcal refreshed: 5 start(s), 2 end(s) (geo=281184, diaspora=True)
2026-10-03 15:47:36 [INFO] shabbat_detector.hebcal_gate: Hebcal refreshed: 5 start(s), 2 end(s) (geo=281184, diaspora=True)
2026-10-03 15:55:25 [INFO] shabbat_detector.cycle_analyzer: Cycle recovered (missed TOP-terminal read): 1477s, up_stops=['-1', '7', '-2', '5', '-2', '4', '-2', '-1', '2', '6', '3', '-1', '-2', '6', '3', '-1', '6', '11', '6', '5', '-2', '3', '6', '11', '12'], down_stops=['6', '4', '-2', '-1', '6', '3', '-2', '3', '3', '-2', '6', '4', '3', '-1', '-2', '6', '4', '-1', '-2']
2026-10-03 15:55:25 [INFO] shabbat_detector.fsm: [C] DetectorState.NORMAL → DetectorState.CANDIDATE_SHABBAT
2026-10-03 15:55:25 [INFO] detector: SHABBAT TRANSITION NORMAL -> CANDIDATE_SHABBAT | סיבה: מחזור אפשרי החל - ממתין להשלמה
2026-10-03 15:55:25 [INFO] shabbat_detector.fsm: [C] DetectorState.CANDIDATE_SHABBAT → DetectorState.NORMAL
2026-10-03 15:55:25 [INFO] detector: SHABBAT TRANSITION CANDIDATE_SHABBAT -> NORMAL | סיבה: מחזור לא תאם - עצירות לא חוקיות בעלייה: ['11', '12', '2', '3', '4', '5', '6', '7']; כיסוי קומות חלקי (עלייה 67%, ירידה 36%); קפיצות-אחורה (עלייה 11, ירידה 5); חזרות על קומות (עלייה 15, ירידה 14); 7 חריגות טיימינג
2026-10-03 15:55:26 [INFO] detector: Config updated remotely (keys=['SHABBAT_DETECTOR'])
2026-10-03 15:56:26 [INFO] detector: Config updated remotely (keys=['SHABBAT_DETECTOR'])
2026-10-03 15:57:44 [INFO] shabbat_detector.hebcal_gate: Hebcal refreshed: 5 start(s), 2 end(s) (geo=281184, diaspora=True)
2026-10-03 16:02:34 [INFO] shabbat_detector.cycle_analyzer: Cycle recovered (missed TOP-terminal read): 428s, up_stops=['-1', '3', '-1', '-2', '12'], down_stops=['3', '-1', '-2', '12', '11', '6', '3', '-1', '-2', '7', '3', '2', '-2']
2026-10-03 16:02:34 [INFO] shabbat_detector.fsm: [C] DetectorState.NORMAL → DetectorState.CANDIDATE_SHABBAT
2026-10-03 16:02:34 [INFO] detector: SHABBAT TRANSITION NORMAL -> CANDIDATE_SHABBAT | סיבה: מחזור אפשרי החל - ממתין להשלמה
2026-10-03 16:02:34 [INFO] shabbat_detector.fsm: [C] DetectorState.CANDIDATE_SHABBAT → DetectorState.NORMAL
2026-10-03 16:02:34 [INFO] detector: SHABBAT TRANSITION CANDIDATE_SHABBAT -> NORMAL | סיבה: מחזור לא תאם - עצירות לא חוקיות בעלייה: ['12', '3']; עצירות לא חוקיות בירידה: ['12']; 3 חריגות טיימינג
2026-10-03 16:02:35 [INFO] detector: Config updated remotely (keys=['SHABBAT_DETECTOR'])
2026-10-03 16:04:05 [INFO] detector: Config updated remotely (keys=['SHABBAT_DETECTOR'])
2026-10-03 16:09:45 [INFO] shabbat_detector.hebcal_gate: Hebcal refreshed: 5 start(s), 2 end(s) (geo=281184, diaspora=True)
2026-10-03 16:20:08 [INFO] shabbat_detector.hebcal_gate: Hebcal refreshed: 5 start(s), 2 end(s) (geo=281184, diaspora=True)
2026-10-03 16:29:57 [INFO] shabbat_detector.hebcal_gate: Hebcal refreshed: 5 start(s), 2 end(s) (geo=281184, diaspora=True)
2026-10-03 16:39:07 [INFO] shabbat_detector.cycle_analyzer: Cycle recovered (missed TOP-terminal read): 2086s, up_stops=['-1', '2', '-1', '4', '-2', '-1', '6', '-2', '6', '-2', '4', '-1', '11'], down_stops=['-1', '8', '-1', '4', '8', '-1', '-2', '-1', '4', '8', '6', '-1', '-2', '-1', '8', '6', '4', '-2', '-1', '8', '11', '8', '-1', '8', '-1', '8', '11', '-1', '8', '11', '8', '-1', '6']
2026-10-03 16:39:07 [INFO] shabbat_detector.fsm: [C] DetectorState.NORMAL → DetectorState.CANDIDATE_SHABBAT
2026-10-03 16:39:07 [INFO] detector: SHABBAT TRANSITION NORMAL -> CANDIDATE_SHABBAT | סיבה: מחזור אפשרי החל - ממתין להשלמה
2026-10-03 16:39:07 [INFO] shabbat_detector.fsm: [C] DetectorState.CANDIDATE_SHABBAT → DetectorState.NORMAL
2026-10-03 16:39:07 [INFO] detector: SHABBAT TRANSITION CANDIDATE_SHABBAT -> NORMAL | סיבה: מחזור לא תאם - עצירות לא חוקיות בעלייה: ['11', '2', '4', '6']; כיסוי קומות חלקי (עלייה 67%, ירידה 43%); קפיצות-אחורה (עלייה 5, ירידה 17); חזרות על קומות (עלייה 7, ירידה 27); 5 חריגות טיימינג
2026-10-03 16:39:07 [INFO] detector: Config updated remotely (keys=['SHABBAT_DETECTOR'])
2026-10-03 16:39:37 [INFO] detector: Config updated remotely (keys=['SHABBAT_DETECTOR'])
2026-10-03 16:40:08 [INFO] shabbat_detector.hebcal_gate: Hebcal refreshed: 5 start(s), 2 end(s) (geo=281184, diaspora=True)
2026-10-03 16:46:10 [INFO] shabbat_detector.cycle_analyzer: Elevator idle 356s - resetting cycle (was in _Phase.LEG_ONE)
2026-10-03 16:46:36 [INFO] shabbat_detector.fsm: [C] DetectorState.NORMAL → DetectorState.CANDIDATE_SHABBAT
2026-10-03 16:46:36 [INFO] detector: SHABBAT TRANSITION NORMAL -> CANDIDATE_SHABBAT | סיבה: מחזור אפשרי החל - ממתין להשלמה
2026-10-03 16:47:07 [INFO] detector: Config updated remotely (keys=['SHABBAT_DETECTOR'])
2026-10-03 16:51:20 [INFO] shabbat_detector.hebcal_gate: Hebcal refreshed: 5 start(s), 2 end(s) (geo=281184, diaspora=True)
2026-10-03 16:55:55 [INFO] shabbat_detector.cycle_analyzer: Cycle recovered (missed TOP-terminal read): 560s, up_stops=['6', '11'], down_stops=['-1']
2026-10-03 16:55:55 [INFO] shabbat_detector.fsm: [C] DetectorState.CANDIDATE_SHABBAT → DetectorState.NORMAL
2026-10-03 16:55:55 [INFO] detector: SHABBAT TRANSITION CANDIDATE_SHABBAT -> NORMAL | סיבה: מחזור לא תאם - עצירות לא חוקיות בעלייה: ['11', '6']; כיסוי קומות חלקי (עלייה 0%, ירידה 7%); 3 חריגות טיימינג
2026-10-03 16:57:56 [INFO] detector: Config updated remotely (keys=['SHABBAT_DETECTOR'])
2026-10-03 17:02:25 [INFO] shabbat_detector.hebcal_gate: Hebcal refreshed: 5 start(s), 2 end(s) (geo=281184, diaspora=True)
2026-10-03 17:05:06 [INFO] shabbat_detector.cycle_analyzer: Cycle recovered (missed TOP-terminal read): 553s, up_stops=['-1', '11'], down_stops=['-2', '-1', '6', '-1', '6', '5', '-1']
2026-10-03 17:05:06 [INFO] shabbat_detector.fsm: [C] DetectorState.NORMAL → DetectorState.CANDIDATE_SHABBAT
2026-10-03 17:05:06 [INFO] detector: SHABBAT TRANSITION NORMAL -> CANDIDATE_SHABBAT | סיבה: מחזור אפשרי החל - ממתין להשלמה
2026-10-03 17:05:06 [INFO] shabbat_detector.fsm: [C] DetectorState.CANDIDATE_SHABBAT → DetectorState.NORMAL
2026-10-03 17:05:06 [INFO] detector: SHABBAT TRANSITION CANDIDATE_SHABBAT -> NORMAL | סיבה: מחזור לא תאם - עצירות לא חוקיות בעלייה: ['11']; כיסוי קומות חלקי (עלייה 33%, ירידה 28%); 2 חריגות טיימינג
2026-10-03 17:05:06 [INFO] detector: Config updated remotely (keys=['SHABBAT_DETECTOR'])
2026-10-03 17:07:06 [INFO] detector: Config updated remotely (keys=['SHABBAT_DETECTOR'])
2026-10-03 17:10:34 [INFO] shabbat_detector.cycle_analyzer: Cycle aborted: returned to BOTTOM without reaching TOP
2026-10-03 17:10:34 [INFO] shabbat_detector.fsm: [C] DetectorState.NORMAL → DetectorState.CANDIDATE_SHABBAT
2026-10-03 17:10:34 [INFO] detector: SHABBAT TRANSITION NORMAL -> CANDIDATE_SHABBAT | סיבה: מחזור אפשרי החל - ממתין להשלמה
2026-10-03 17:12:35 [INFO] detector: Config updated remotely (keys=['SHABBAT_DETECTOR'])
2026-10-03 17:15:06 [INFO] shabbat_detector.hebcal_gate: Hebcal refreshed: 5 start(s), 2 end(s) (geo=281184, diaspora=True)
2026-10-03 17:18:22 [INFO] shabbat_detector.cycle_analyzer: Cycle aborted: returned to BOTTOM without reaching TOP
2026-10-03 17:26:12 [INFO] shabbat_detector.hebcal_gate: Hebcal refreshed: 5 start(s), 2 end(s) (geo=281184, diaspora=True)
2026-10-03 17:27:40 [INFO] shabbat_detector.cycle_analyzer: Cycle recovered (missed TOP-terminal read): 664s, up_stops=['-2', '3', '8', '-1', '3', '-1', '6', '-1', '11', '12'], down_stops=['11']
2026-10-03 17:27:40 [INFO] shabbat_detector.fsm: [C] DetectorState.CANDIDATE_SHABBAT → DetectorState.NORMAL
2026-10-03 17:27:40 [INFO] detector: SHABBAT TRANSITION CANDIDATE_SHABBAT -> NORMAL | סיבה: מחזור לא תאם - עצירות לא חוקיות בעלייה: ['11', '12', '3', '6', '8']; כיסוי קומות חלקי (עלייה 67%, ירידה 7%); 6 חריגות טיימינג
2026-10-03 17:29:10 [INFO] detector: Config updated remotely (keys=['SHABBAT_DETECTOR'])
2026-10-03 17:36:21 [INFO] shabbat_detector.hebcal_gate: Hebcal refreshed: 5 start(s), 2 end(s) (geo=281184, diaspora=True)
2026-10-03 17:36:21 [INFO] shabbat_detector.cycle_analyzer: Elevator idle 483s - resetting cycle (was in _Phase.LEG_ONE)
2026-10-03 17:49:06 [INFO] shabbat_detector.hebcal_gate: Hebcal refreshed: 5 start(s), 2 end(s) (geo=281184, diaspora=True)
2026-10-03 17:49:42 [INFO] shabbat_detector.fsm: [C] DetectorState.NORMAL → DetectorState.CANDIDATE_SHABBAT
2026-10-03 17:49:42 [INFO] detector: SHABBAT TRANSITION NORMAL -> CANDIDATE_SHABBAT | סיבה: מחזור אפשרי החל - ממתין להשלמה
2026-10-03 17:51:43 [INFO] detector: Config updated remotely (keys=['SHABBAT_DETECTOR'])
2026-10-03 17:59:13 [INFO] shabbat_detector.hebcal_gate: Hebcal refreshed: 5 start(s), 2 end(s) (geo=281184, diaspora=True)
2026-10-03 18:09:36 [INFO] shabbat_detector.hebcal_gate: Hebcal refreshed: 5 start(s), 2 end(s) (geo=281184, diaspora=True)
2026-10-03 18:20:05 [INFO] shabbat_detector.hebcal_gate: Hebcal refreshed: 5 start(s), 2 end(s) (geo=281184, diaspora=True)
2026-10-03 18:27:47 [INFO] shabbat_detector.cycle_analyzer: Cycle recovered (missed TOP-terminal read): 2284s, up_stops=['-1', '8', '0', '-1', '3', '-1', '11', '8', '-1', '8', '-1', '-2', '3', '5', '6', '12'], down_stops=['-2', '3', '4', '6', '9', '-2', '3', '4', '6', '7', '9', '-2', '-1', '3', '4', '6', '-1', '-2', '-1', '3', '5', '8', '11', '6', '4', '-1', '-2', '7', '-1', '6', '-1', '7', '6', '-1', '-2', '-1', '9', '10', '-2', '-1', '9', '12', '6', '3', '-1', '-2']
2026-10-03 18:27:47 [INFO] shabbat_detector.fsm: [C] DetectorState.CANDIDATE_SHABBAT → DetectorState.NORMAL
2026-10-03 18:27:47 [INFO] detector: SHABBAT TRANSITION CANDIDATE_SHABBAT -> NORMAL | סיבה: מחזור לא תאם - עצירות לא חוקיות בעלייה: ['11', '12', '3', '5', '6', '8']; עצירות לא חוקיות בירידה: ['12']; קפיצות-אחורה (עלייה 7, ירידה 27); חזרות על קומות (עלייה 7, ירידה 34); 9 חריגות טיימינג
2026-10-03 18:28:17 [INFO] detector: Config updated remotely (keys=['SHABBAT_DETECTOR'])
2026-10-03 18:30:04 [INFO] shabbat_detector.hebcal_gate: Hebcal refreshed: 5 start(s), 2 end(s) (geo=281184, diaspora=True)
2026-10-03 18:40:20 [INFO] shabbat_detector.hebcal_gate: Hebcal refreshed: 5 start(s), 2 end(s) (geo=281184, diaspora=True)
2026-10-03 18:48:19 [INFO] shabbat_detector.cycle_analyzer: Cycle recovered (missed TOP-terminal read): 1229s, up_stops=['-1', '8', '9', '12'], down_stops=['11', '10', '6', '3', '-1', '-2', '3', '8', '9', '4', '-1', '3', '9', '6', '5', '3', '-2', '-1', '8', '9', '6', '3', '-1', '-2', '5', '3', '-1', '-2', '-1', '-2', '4', '3', '-2', '-1', '9', '-2', '-1', '5', '-2', '-1', '5', '11']
2026-10-03 18:48:19 [INFO] shabbat_detector.fsm: [C] DetectorState.NORMAL → DetectorState.CANDIDATE_SHABBAT
2026-10-03 18:48:19 [INFO] detector: SHABBAT TRANSITION NORMAL -> CANDIDATE_SHABBAT | סיבה: מחזור אפשרי החל - ממתין להשלמה
2026-10-03 18:48:19 [INFO] shabbat_detector.fsm: [C] DetectorState.CANDIDATE_SHABBAT → DetectorState.NORMAL
2026-10-03 18:48:19 [INFO] detector: SHABBAT TRANSITION CANDIDATE_SHABBAT -> NORMAL | סיבה: מחזור לא תאם - עצירות לא חוקיות בעלייה: ['12', '8', '9']; כיסוי קומות חלקי (עלייה 33%, ירידה 71%); קפיצות-אחורה (עלייה 0, ירידה 18); חזרות על קומות (עלייה 0, ירידה 32); 9 חריגות טיימינג
2026-10-03 18:48:19 [INFO] detector: Config updated remotely (keys=['SHABBAT_DETECTOR'])
2026-10-03 18:48:49 [INFO] detector: Config updated remotely (keys=['SHABBAT_DETECTOR'])
2026-10-03 18:50:05 [INFO] shabbat_detector.hebcal_gate: Hebcal refreshed: 5 start(s), 2 end(s) (geo=281184, diaspora=True)
2026-10-03 18:51:20 [INFO] shabbat_detector.cycle_analyzer: Cycle recovered (missed TOP-terminal read): 168s, up_stops=['-1', '5', '10', '11'], down_stops=['9', '-1']
2026-10-03 18:51:20 [INFO] shabbat_detector.fsm: [C] DetectorState.NORMAL → DetectorState.CANDIDATE_SHABBAT
2026-10-03 18:51:20 [INFO] detector: SHABBAT TRANSITION NORMAL -> CANDIDATE_SHABBAT | סיבה: מחזור אפשרי החל - ממתין להשלמה
2026-10-03 18:51:20 [INFO] shabbat_detector.fsm: [C] DetectorState.CANDIDATE_SHABBAT → DetectorState.NORMAL
2026-10-03 18:51:20 [INFO] detector: SHABBAT TRANSITION CANDIDATE_SHABBAT -> NORMAL | סיבה: מחזור לא תאם - עצירות לא חוקיות בעלייה: ['10', '11', '5']; כיסוי קומות חלקי (עלייה 33%, ירידה 14%); 3 חריגות טיימינג
2026-10-03 18:51:20 [INFO] detector: Config updated remotely (keys=['SHABBAT_DETECTOR'])
2026-10-03 18:53:20 [INFO] detector: Config updated remotely (keys=['SHABBAT_DETECTOR'])
2026-10-03 18:57:00 [INFO] shabbat_detector.cycle_analyzer: Cycle recovered (missed TOP-terminal read): 328s, up_stops=['-2', '-1', '6', '9', '12'], down_stops=['6', '-1', '9', '5', '1', '-1', '-2']
2026-10-03 18:57:00 [INFO] shabbat_detector.fsm: [C] DetectorState.NORMAL → DetectorState.CANDIDATE_SHABBAT
2026-10-03 18:57:00 [INFO] detector: SHABBAT TRANSITION NORMAL -> CANDIDATE_SHABBAT | סיבה: מחזור אפשרי החל - ממתין להשלמה
2026-10-03 18:57:00 [INFO] shabbat_detector.fsm: [C] DetectorState.CANDIDATE_SHABBAT → DetectorState.NORMAL
2026-10-03 18:57:00 [INFO] detector: SHABBAT TRANSITION CANDIDATE_SHABBAT -> NORMAL | סיבה: מחזור לא תאם - עצירות לא חוקיות בעלייה: ['12', '6', '9']; כיסוי קומות חלקי (עלייה 67%, ירידה 43%); 2 חריגות טיימינג
2026-10-03 18:57:01 [INFO] detector: Config updated remotely (keys=['SHABBAT_DETECTOR'])
2026-10-03 18:58:31 [INFO] detector: Config updated remotely (keys=['SHABBAT_DETECTOR'])
2026-10-03 19:00:52 [INFO] shabbat_detector.hebcal_gate: Hebcal refreshed: 5 start(s), 2 end(s) (geo=281184, diaspora=True)
2026-10-03 19:10:27 [INFO] shabbat_detector.hebcal_gate: Hebcal refreshed: 5 start(s), 2 end(s) (geo=281184, diaspora=True)
2026-10-03 19:20:34 [INFO] shabbat_detector.hebcal_gate: Hebcal refreshed: 5 start(s), 2 end(s) (geo=281184, diaspora=True)
2026-10-03 19:22:28 [INFO] shabbat_detector.cycle_analyzer: Cycle recovered (missed TOP-terminal read): 1555s, up_stops=['11', '6', '-1', '-2', '8', '1', '-1', '-2', '-1', '1', '3', '-2', '-1', '1', '2', '4', '6', '8', '12'], down_stops=['-1', '1', '2', '5', '11', '12', '11', '9', '8', '-2', '-1', '4', '5', '11', '9', '8', '-2', '7', '6', '3', '2', '1', '-1', '-2', '-1', '11', '9', '4', '1', '-1', '-2', '-1', '3', '6', '10', '11', '9', '8', '4', '2', '1', '0', '-1', '-2']
2026-10-03 19:22:28 [INFO] shabbat_detector.fsm: [C] DetectorState.NORMAL → DetectorState.CANDIDATE_SHABBAT
2026-10-03 19:22:28 [INFO] detector: SHABBAT TRANSITION NORMAL -> CANDIDATE_SHABBAT | סיבה: מחזור אפשרי החל - ממתין להשלמה
2026-10-03 19:22:28 [INFO] shabbat_detector.fsm: [C] DetectorState.CANDIDATE_SHABBAT → DetectorState.NORMAL
2026-10-03 19:22:28 [INFO] detector: SHABBAT TRANSITION CANDIDATE_SHABBAT -> NORMAL | סיבה: מחזור לא תאם - עצירות לא חוקיות בעלייה: ['1', '11', '12', '2', '3', '4', '6', '8']; עצירות לא חוקיות בירידה: ['12']; קפיצות-אחורה (עלייה 7, ירידה 17); חזרות על קומות (עלייה 9, ירידה 29); 6 חריגות טיימינג
2026-10-03 19:22:28 [INFO] detector: Config updated remotely (keys=['SHABBAT_DETECTOR'])
2026-10-03 19:23:28 [INFO] detector: Config updated remotely (keys=['SHABBAT_DETECTOR'])
2026-10-03 19:31:06 [INFO] shabbat_detector.hebcal_gate: Hebcal refreshed: 5 start(s), 2 end(s) (geo=281184, diaspora=True)
2026-10-03 19:40:47 [INFO] shabbat_detector.hebcal_gate: Hebcal refreshed: 5 start(s), 2 end(s) (geo=281184, diaspora=True)
2026-10-03 19:46:54 [INFO] shabbat_detector.cycle_analyzer: Cycle recovered (missed TOP-terminal read): 1462s, up_stops=['-1', '1', '3', '12'], down_stops=['11', '6', '3', '-1', '-2', '1', '12', '8', '1', '-1', '2', '3', '4', '6', '3', '1', '-1', '5', '12', '4', '8', '1', '-1', '3', '8', '1', '-1', '11', '5', '-1', '4', '2', '-1', '2', '0', '-1', '11', '2', '-1', '1', '0', '2', '3']
2026-10-03 19:46:54 [INFO] shabbat_detector.fsm: [C] DetectorState.NORMAL → DetectorState.CANDIDATE_SHABBAT
2026-10-03 19:46:54 [INFO] detector: SHABBAT TRANSITION NORMAL -> CANDIDATE_SHABBAT | סיבה: מחזור אפשרי החל - ממתין להשלמה
2026-10-03 19:46:55 [INFO] shabbat_detector.fsm: [C] DetectorState.CANDIDATE_SHABBAT → DetectorState.NORMAL
2026-10-03 19:46:55 [INFO] detector: SHABBAT TRANSITION CANDIDATE_SHABBAT -> NORMAL | סיבה: מחזור לא תאם - עצירות לא חוקיות בעלייה: ['1', '12', '3']; עצירות לא חוקיות בירידה: ['12']; כיסוי קומות חלקי (עלייה 33%, ירידה 79%); קפיצות-אחורה (עלייה 0, ירידה 18); חזרות על קומות (עלייה 0, ירידה 31); 7 חריגות טיימינג
2026-10-03 19:46:55 [INFO] detector: Config updated remotely (keys=['SHABBAT_DETECTOR'])
2026-10-03 19:47:25 [INFO] detector: Config updated remotely (keys=['SHABBAT_DETECTOR'])
2026-10-03 19:51:14 [INFO] shabbat_detector.hebcal_gate: Hebcal refreshed: 5 start(s), 2 end(s) (geo=281184, diaspora=True)
2026-10-03 19:57:09 [INFO] shabbat_detector.cycle_analyzer: Cycle recovered (missed TOP-terminal read): 590s, up_stops=['12'], down_stops=['11', '-1', '1', '-2', '0', '7', '8', '9', '1', '-1', '7', '9', '-2', '8', '9', '-2', '8', '12', '4', '-1', '5']
2026-10-03 19:57:09 [INFO] shabbat_detector.fsm: [C] DetectorState.NORMAL → DetectorState.CANDIDATE_SHABBAT
2026-10-03 19:57:09 [INFO] detector: SHABBAT TRANSITION NORMAL -> CANDIDATE_SHABBAT | סיבה: מחזור אפשרי החל - ממתין להשלמה
2026-10-03 19:57:09 [INFO] shabbat_detector.fsm: [C] DetectorState.CANDIDATE_SHABBAT → DetectorState.NORMAL
2026-10-03 19:57:09 [INFO] detector: SHABBAT TRANSITION CANDIDATE_SHABBAT -> NORMAL | סיבה: מחזור לא תאם - עצירות לא חוקיות בעלייה: ['12']; עצירות לא חוקיות בירידה: ['12']; כיסוי קומות חלקי (עלייה 0%, ירידה 71%); קפיצות-אחורה (עלייה 0, ירידה 12); 9 חריגות טיימינג
2026-10-03 19:57:09 [INFO] detector: Config updated remotely (keys=['SHABBAT_DETECTOR'])
2026-10-03 19:59:39 [INFO] detector: Config updated remotely (keys=['SHABBAT_DETECTOR'])
2026-10-03 20:01:24 [INFO] shabbat_detector.hebcal_gate: Hebcal refreshed: 5 start(s), 2 end(s) (geo=281184, diaspora=True)
2026-10-03 20:06:49 [INFO] shabbat_detector.cycle_analyzer: Cycle recovered (missed TOP-terminal read): 614s, up_stops=['-2', '0', '3', '8', '4', '-1', '12'], down_stops=['11', '10', '11', '4', '1', '-1', '7', '1', '-1', '-2', '-1', '1', '8', '0', '-1']
2026-10-03 20:06:49 [INFO] shabbat_detector.fsm: [C] DetectorState.NORMAL → DetectorState.CANDIDATE_SHABBAT
2026-10-03 20:06:49 [INFO] detector: SHABBAT TRANSITION NORMAL -> CANDIDATE_SHABBAT | סיבה: מחזור אפשרי החל - ממתין להשלמה
2026-10-03 20:06:49 [INFO] shabbat_detector.fsm: [C] DetectorState.CANDIDATE_SHABBAT → DetectorState.NORMAL
2026-10-03 20:06:49 [INFO] detector: SHABBAT TRANSITION CANDIDATE_SHABBAT -> NORMAL | סיבה: מחזור לא תאם - עצירות לא חוקיות בעלייה: ['12', '3', '4', '8']; קפיצות-אחורה (עלייה 2, ירידה 5); 7 חריגות טיימינג
2026-10-03 20:06:50 [INFO] detector: Config updated remotely (keys=['SHABBAT_DETECTOR'])
2026-10-03 20:08:50 [INFO] detector: Config updated remotely (keys=['SHABBAT_DETECTOR'])
2026-10-03 20:08:56 [INFO] shabbat_detector.cycle_analyzer: Cycle aborted: returned to BOTTOM without reaching TOP
2026-10-03 20:08:56 [INFO] shabbat_detector.fsm: [C] DetectorState.NORMAL → DetectorState.CANDIDATE_SHABBAT
2026-10-03 20:08:56 [INFO] detector: SHABBAT TRANSITION NORMAL -> CANDIDATE_SHABBAT | סיבה: מחזור אפשרי החל - ממתין להשלמה
2026-10-03 20:09:56 [INFO] detector: Config updated remotely (keys=['SHABBAT_DETECTOR'])
2026-10-03 20:11:27 [INFO] shabbat_detector.hebcal_gate: Hebcal refreshed: 5 start(s), 2 end(s) (geo=281184, diaspora=True)
2026-10-03 20:21:10 [INFO] shabbat_detector.hebcal_gate: Hebcal refreshed: 5 start(s), 2 end(s) (geo=281184, diaspora=True)
2026-10-03 20:22:28 [INFO] shabbat_detector.cycle_analyzer: Cycle recovered (missed TOP-terminal read): 804s, up_stops=['-2', '1', '-1', '1', '8', '1', '-1', '4', '12'], down_stops=['1', '-1', '1', '4', '11', '12', '-1', '1', '-1', '3', '1', '-1', '10', '11', '10', '11', '11', '3', '-1']
2026-10-03 20:22:28 [INFO] shabbat_detector.fsm: [C] DetectorState.CANDIDATE_SHABBAT → DetectorState.NORMAL
2026-10-03 20:22:28 [INFO] detector: SHABBAT TRANSITION CANDIDATE_SHABBAT -> NORMAL | סיבה: מחזור לא תאם - עצירות לא חוקיות בעלייה: ['1', '12', '4', '8']; עצירות לא חוקיות בירידה: ['12']; כיסוי קומות חלקי (עלייה 67%, ירידה 43%); קפיצות-אחורה (עלייה 3, ירידה 9); חזרות על קומות (עלייה 3, ירידה 12); 8 חריגות טיימינג
2026-10-03 20:24:18 [INFO] shabbat_detector.cycle_analyzer: Cycle aborted: returned to BOTTOM without reaching TOP
2026-10-03 20:24:18 [INFO] shabbat_detector.fsm: [C] DetectorState.NORMAL → DetectorState.CANDIDATE_SHABBAT
2026-10-03 20:24:18 [INFO] detector: SHABBAT TRANSITION NORMAL -> CANDIDATE_SHABBAT | סיבה: מחזור אפשרי החל - ממתין להשלמה
2026-10-03 20:24:19 [INFO] detector: Config updated remotely (keys=['SHABBAT_DETECTOR'])
2026-10-03 20:25:19 [INFO] detector: Config updated remotely (keys=['SHABBAT_DETECTOR'])
2026-10-03 20:31:32 [INFO] shabbat_detector.hebcal_gate: Hebcal refreshed: 5 start(s), 2 end(s) (geo=281184, diaspora=True)
2026-10-03 20:34:50 [INFO] shabbat_detector.cycle_analyzer: Cycle recovered (missed TOP-terminal read): 630s, up_stops=['3', '-1', '1', '-1', '-2', '-1', '8', '11'], down_stops=['4', '3', '-1', '-2', '3', '4', '-1', '4', '-1']
2026-10-03 20:34:50 [INFO] shabbat_detector.fsm: [C] DetectorState.CANDIDATE_SHABBAT → DetectorState.NORMAL
2026-10-03 20:34:50 [INFO] detector: SHABBAT TRANSITION CANDIDATE_SHABBAT -> NORMAL | סיבה: מחזור לא תאם - עצירות לא חוקיות בעלייה: ['1', '11', '3', '8']; כיסוי קומות חלקי (עלייה 67%, ירידה 28%); 4 חריגות טיימינג
2026-10-03 20:36:50 [INFO] detector: Config updated remotely (keys=['SHABBAT_DETECTOR'])
2026-10-03 20:39:38 [INFO] shabbat_detector.cycle_analyzer: Cycle recovered (missed TOP-terminal read): 288s, up_stops=['8', '12'], down_stops=['-1', '8', '4', '-1']
2026-10-03 20:39:38 [INFO] shabbat_detector.fsm: [C] DetectorState.NORMAL → DetectorState.CANDIDATE_SHABBAT
2026-10-03 20:39:38 [INFO] detector: SHABBAT TRANSITION NORMAL -> CANDIDATE_SHABBAT | סיבה: מחזור אפשרי החל - ממתין להשלמה
2026-10-03 20:39:38 [INFO] shabbat_detector.fsm: [C] DetectorState.CANDIDATE_SHABBAT → DetectorState.NORMAL
2026-10-03 20:39:38 [INFO] detector: SHABBAT TRANSITION CANDIDATE_SHABBAT -> NORMAL | סיבה: מחזור לא תאם - עצירות לא חוקיות בעלייה: ['12', '8']; כיסוי קומות חלקי (עלייה 0%, ירידה 21%); 2 חריגות טיימינג
2026-10-03 20:39:39 [INFO] detector: Config updated remotely (keys=['SHABBAT_DETECTOR'])
2026-10-03 20:40:39 [INFO] detector: Config updated remotely (keys=['SHABBAT_DETECTOR'])
2026-10-03 20:43:02 [INFO] shabbat_detector.hebcal_gate: Hebcal refreshed: 5 start(s), 2 end(s) (geo=281184, diaspora=True)
2026-10-03 20:53:05 [INFO] shabbat_detector.hebcal_gate: Hebcal refreshed: 5 start(s), 2 end(s) (geo=281184, diaspora=True)
2026-10-03 21:03:20 [INFO] shabbat_detector.hebcal_gate: Hebcal refreshed: 5 start(s), 2 end(s) (geo=281184, diaspora=True)
2026-10-03 21:13:14 [INFO] shabbat_detector.hebcal_gate: Hebcal refreshed: 5 start(s), 2 end(s) (geo=281184, diaspora=True)
2026-10-03 21:19:54 [INFO] shabbat_detector.cycle_analyzer: Cycle recovered (missed TOP-terminal read): 2402s, up_stops=['3', '-1', '3', '-1', '6', '-1', '11', '12'], down_stops=['3', '-1', '3', '-1', '3', '-1', '11', '12', '11', '-1', '4', '3', '-1', '6', '11', '9', '-1', '4', '-1', '1', '12', '6', '-2', '-1', '11', '11', '-1', '3', '-1', '0', '-1', '8', '3', '-1', '3', '-1', '2', '12', '-1', '3', '8', '12', '6', '-1', '1', '3', '5', '0', '12', '5', '-1', '-2', '12', '-2']
2026-10-03 21:19:54 [INFO] shabbat_detector.fsm: [C] DetectorState.NORMAL → DetectorState.CANDIDATE_SHABBAT
2026-10-03 21:19:54 [INFO] detector: SHABBAT TRANSITION NORMAL -> CANDIDATE_SHABBAT | סיבה: מחזור אפשרי החל - ממתין להשלמה
2026-10-03 21:19:55 [INFO] shabbat_detector.fsm: [C] DetectorState.CANDIDATE_SHABBAT → DetectorState.NORMAL
2026-10-03 21:19:55 [INFO] detector: SHABBAT TRANSITION CANDIDATE_SHABBAT -> NORMAL | סיבה: מחזור לא תאם - עצירות לא חוקיות בעלייה: ['11', '12', '3', '6']; עצירות לא חוקיות בירידה: ['12']; כיסוי קומות חלקי (עלייה 33%, ירידה 86%); קפיצות-אחורה (עלייה 3, ירידה 26); חזרות על קומות (עלייה 3, ירידה 41); 13 חריגות טיימינג
2026-10-03 21:19:55 [INFO] detector: Config updated remotely (keys=['SHABBAT_DETECTOR'])
2026-10-03 21:21:55 [INFO] detector: Config updated remotely (keys=['SHABBAT_DETECTOR'])
2026-10-03 21:22:29 [INFO] shabbat_detector.cycle_analyzer: Cycle recovered (missed TOP-terminal read): 167s, up_stops=['-2', '-1', '3', '12'], down_stops=[]
2026-10-03 21:22:29 [INFO] shabbat_detector.fsm: [C] DetectorState.NORMAL → DetectorState.CANDIDATE_SHABBAT
2026-10-03 21:22:29 [INFO] detector: SHABBAT TRANSITION NORMAL -> CANDIDATE_SHABBAT | סיבה: מחזור אפשרי החל - ממתין להשלמה
2026-10-03 21:22:29 [INFO] shabbat_detector.fsm: [C] DetectorState.CANDIDATE_SHABBAT → DetectorState.NORMAL
2026-10-03 21:22:29 [INFO] detector: SHABBAT TRANSITION CANDIDATE_SHABBAT -> NORMAL | סיבה: מחזור לא תאם - עצירות לא חוקיות בעלייה: ['12', '3']; כיסוי קומות חלקי (עלייה 67%, ירידה 0%); 3 חריגות טיימינג
2026-10-03 21:22:30 [INFO] detector: Config updated remotely (keys=['SHABBAT_DETECTOR'])
2026-10-03 21:24:06 [INFO] shabbat_detector.hebcal_gate: Hebcal refreshed: 5 start(s), 2 end(s) (geo=281184, diaspora=True)
2026-10-03 21:24:30 [INFO] detector: Config updated remotely (keys=['SHABBAT_DETECTOR'])
2026-10-03 21:31:00 [INFO] shabbat_detector.cycle_analyzer: Cycle recovered (missed TOP-terminal read): 494s, up_stops=['1', '12'], down_stops=['-1', '3', '12', '7', '-1', '6', '-1', '6', '12']
2026-10-03 21:31:00 [INFO] shabbat_detector.fsm: [C] DetectorState.NORMAL → DetectorState.CANDIDATE_SHABBAT
2026-10-03 21:31:00 [INFO] detector: SHABBAT TRANSITION NORMAL -> CANDIDATE_SHABBAT | סיבה: מחזור אפשרי החל - ממתין להשלמה
2026-10-03 21:31:00 [INFO] shabbat_detector.fsm: [C] DetectorState.CANDIDATE_SHABBAT → DetectorState.NORMAL
2026-10-03 21:31:00 [INFO] detector: SHABBAT TRANSITION CANDIDATE_SHABBAT -> NORMAL | סיבה: מחזור לא תאם - עצירות לא חוקיות בעלייה: ['1', '12']; עצירות לא חוקיות בירידה: ['12']; כיסוי קומות חלקי (עלייה 0%, ירידה 28%); קפיצות-אחורה (עלייה 0, ירידה 5); 5 חריגות טיימינג
2026-10-03 21:31:01 [INFO] detector: Config updated remotely (keys=['SHABBAT_DETECTOR'])
2026-10-03 21:32:31 [INFO] detector: Config updated remotely (keys=['SHABBAT_DETECTOR'])
2026-10-03 21:34:48 [INFO] shabbat_detector.hebcal_gate: Hebcal refreshed: 5 start(s), 2 end(s) (geo=281184, diaspora=True)
2026-10-03 21:45:01 [INFO] shabbat_detector.hebcal_gate: Hebcal refreshed: 5 start(s), 2 end(s) (geo=281184, diaspora=True)
2026-10-03 22:06:50 [INFO] shabbat_detector.hebcal_gate: Hebcal refreshed: 5 start(s), 2 end(s) (geo=281184, diaspora=True)
2026-10-03 22:06:50 [INFO] shabbat_detector.cycle_analyzer: Elevator idle 965s - resetting cycle (was in _Phase.LEG_ONE)
2026-10-03 22:17:06 [INFO] shabbat_detector.hebcal_gate: Hebcal refreshed: 5 start(s), 2 end(s) (geo=281184, diaspora=True)
2026-10-03 22:27:24 [INFO] shabbat_detector.hebcal_gate: Hebcal refreshed: 5 start(s), 2 end(s) (geo=281184, diaspora=True)
2026-10-03 22:38:15 [INFO] shabbat_detector.hebcal_gate: Hebcal refreshed: 5 start(s), 2 end(s) (geo=281184, diaspora=True)
2026-10-03 22:48:20 [INFO] shabbat_detector.hebcal_gate: Hebcal refreshed: 5 start(s), 2 end(s) (geo=281184, diaspora=True)
2026-10-03 23:01:02 [INFO] shabbat_detector.hebcal_gate: Hebcal refreshed: 5 start(s), 2 end(s) (geo=281184, diaspora=True)
2026-10-03 23:11:27 [INFO] shabbat_detector.hebcal_gate: Hebcal refreshed: 5 start(s), 2 end(s) (geo=281184, diaspora=True)
2026-10-03 23:22:10 [INFO] shabbat_detector.hebcal_gate: Hebcal refreshed: 5 start(s), 2 end(s) (geo=281184, diaspora=True)
2026-10-03 23:32:33 [INFO] shabbat_detector.hebcal_gate: Hebcal refreshed: 5 start(s), 2 end(s) (geo=281184, diaspora=True)
2026-10-03 23:42:46 [INFO] shabbat_detector.hebcal_gate: Hebcal refreshed: 5 start(s), 2 end(s) (geo=281184, diaspora=True)
2026-10-03 23:52:53 [INFO] shabbat_detector.hebcal_gate: Hebcal refreshed: 5 start(s), 2 end(s) (geo=281184, diaspora=True)
2026-10-04 00:02:50 [INFO] shabbat_detector.hebcal_gate: Hebcal refreshed: 5 start(s), 2 end(s) (geo=281184, diaspora=True)
2026-10-04 00:14:47 [INFO] shabbat_detector.hebcal_gate: Hebcal refreshed: 5 start(s), 2 end(s) (geo=281184, diaspora=True)
2026-10-04 00:18:22 [INFO] shabbat_detector.fsm: [C] DetectorState.NORMAL → DetectorState.CANDIDATE_SHABBAT
2026-10-04 00:18:22 [INFO] detector: SHABBAT TRANSITION NORMAL -> CANDIDATE_SHABBAT | סיבה: מחזור אפשרי החל - ממתין להשלמה
2026-10-04 00:19:04 [INFO] shabbat_detector.cycle_analyzer: Cycle aborted: returned to BOTTOM without reaching TOP
2026-10-04 00:19:52 [INFO] detector: Config updated remotely (keys=['SHABBAT_DETECTOR'])
2026-10-04 00:31:08 [INFO] shabbat_detector.hebcal_gate: Hebcal refreshed: 5 start(s), 2 end(s) (geo=281184, diaspora=True)
2026-10-04 00:31:08 [INFO] shabbat_detector.cycle_analyzer: Elevator idle 586s - resetting cycle (was in _Phase.LEG_ONE)
2026-10-04 00:44:51 [INFO] shabbat_detector.hebcal_gate: Hebcal refreshed: 5 start(s), 2 end(s) (geo=281184, diaspora=True)
2026-10-04 00:57:52 [INFO] shabbat_detector.hebcal_gate: Hebcal refreshed: 5 start(s), 2 end(s) (geo=281184, diaspora=True)
2026-10-04 01:21:37 [INFO] shabbat_detector.hebcal_gate: Hebcal refreshed: 5 start(s), 2 end(s) (geo=281184, diaspora=True)
2026-10-04 01:34:46 [INFO] shabbat_detector.hebcal_gate: Hebcal refreshed: 5 start(s), 2 end(s) (geo=281184, diaspora=True)
2026-10-04 01:54:59 [INFO] shabbat_detector.hebcal_gate: Hebcal refreshed: 5 start(s), 2 end(s) (geo=281184, diaspora=True)
2026-10-04 01:54:59 [INFO] shabbat_detector.cycle_analyzer: Elevator idle 900s - resetting cycle (was in _Phase.LEG_ONE)
2026-10-04 02:11:35 [INFO] shabbat_detector.hebcal_gate: Hebcal refreshed: 5 start(s), 2 end(s) (geo=281184, diaspora=True)
2026-10-04 02:30:53 [INFO] shabbat_detector.hebcal_gate: Hebcal refreshed: 5 start(s), 2 end(s) (geo=281184, diaspora=True)
2026-10-04 04:52:56 [INFO] shabbat_detector.hebcal_gate: Hebcal refreshed: 5 start(s), 2 end(s) (geo=281184, diaspora=True)
2026-10-04 05:09:22 [INFO] shabbat_detector.hebcal_gate: Hebcal refreshed: 5 start(s), 2 end(s) (geo=281184, diaspora=True)
2026-10-04 05:23:44 [INFO] shabbat_detector.hebcal_gate: Hebcal refreshed: 5 start(s), 2 end(s) (geo=281184, diaspora=True)
2026-10-04 05:34:06 [INFO] shabbat_detector.hebcal_gate: Hebcal refreshed: 5 start(s), 2 end(s) (geo=281184, diaspora=True)
2026-10-04 05:44:10 [INFO] shabbat_detector.hebcal_gate: Hebcal refreshed: 5 start(s), 2 end(s) (geo=281184, diaspora=True)
2026-10-04 05:49:40 [INFO] shabbat_detector.cycle_analyzer: Cycle aborted: returned to BOTTOM without reaching TOP
2026-10-04 05:54:40 [INFO] shabbat_detector.hebcal_gate: Hebcal refreshed: 5 start(s), 2 end(s) (geo=281184, diaspora=True)
2026-10-04 06:04:37 [INFO] shabbat_detector.hebcal_gate: Hebcal refreshed: 5 start(s), 2 end(s) (geo=281184, diaspora=True)
2026-10-04 06:09:48 [INFO] shabbat_detector.cycle_analyzer: Elevator idle 305s - resetting cycle (was in _Phase.LEG_ONE)
2026-10-04 06:19:37 [INFO] shabbat_detector.hebcal_gate: Hebcal refreshed: 5 start(s), 2 end(s) (geo=281184, diaspora=True)
2026-10-04 06:40:24 [INFO] shabbat_detector.hebcal_gate: Hebcal refreshed: 5 start(s), 2 end(s) (geo=281184, diaspora=True)
2026-10-04 06:50:21 [INFO] shabbat_detector.hebcal_gate: Hebcal refreshed: 5 start(s), 2 end(s) (geo=281184, diaspora=True)
2026-10-04 07:00:31 [INFO] shabbat_detector.hebcal_gate: Hebcal refreshed: 5 start(s), 2 end(s) (geo=281184, diaspora=True)
2026-10-04 07:10:27 [INFO] shabbat_detector.hebcal_gate: Hebcal refreshed: 5 start(s), 2 end(s) (geo=281184, diaspora=True)
2026-10-04 07:15:12 [INFO] shabbat_detector.cycle_analyzer: Cycle recovered (missed TOP-terminal read): 787s, up_stops=['7', '-1'], down_stops=['-2', '11', '-2', '3', '-2', '10', '11', '11']
2026-10-04 07:15:12 [INFO] shabbat_detector.fsm: [C] DetectorState.CANDIDATE_SHABBAT → DetectorState.NORMAL
2026-10-04 07:15:12 [INFO] detector: SHABBAT TRANSITION CANDIDATE_SHABBAT -> NORMAL | סיבה: מחזור לא תאם - עצירות לא חוקיות בעלייה: ['7']; כיסוי קומות חלקי (עלייה 33%, ירידה 28%); 5 חריגות טיימינג
2026-10-04 07:16:42 [INFO] detector: Config updated remotely (keys=['SHABBAT_DETECTOR'])
2026-10-04 07:20:30 [INFO] shabbat_detector.hebcal_gate: Hebcal refreshed: 5 start(s), 2 end(s) (geo=281184, diaspora=True)
2026-10-04 07:31:43 [INFO] shabbat_detector.hebcal_gate: Hebcal refreshed: 5 start(s), 2 end(s) (geo=281184, diaspora=True)
2026-10-04 07:31:43 [INFO] shabbat_detector.cycle_analyzer: Cycle recovered (missed TOP-terminal read): 989s, up_stops=['-1', '9', '6', '-1', '-2', '11'], down_stops=['-1', '9', '8', '9', '-2', '3', '-2', '6', '-2', '-1', '0', '0', '-1', '-2']
2026-10-04 07:31:43 [INFO] shabbat_detector.fsm: [C] DetectorState.NORMAL → DetectorState.CANDIDATE_SHABBAT
2026-10-04 07:31:43 [INFO] detector: SHABBAT TRANSITION NORMAL -> CANDIDATE_SHABBAT | סיבה: מחזור אפשרי החל - ממתין להשלמה
2026-10-04 07:31:44 [INFO] shabbat_detector.fsm: [C] DetectorState.CANDIDATE_SHABBAT → DetectorState.NORMAL
2026-10-04 07:31:44 [INFO] detector: SHABBAT TRANSITION CANDIDATE_SHABBAT -> NORMAL | סיבה: מחזור לא תאם - עצירות לא חוקיות בעלייה: ['11', '6', '9']; קפיצות-אחורה (עלייה 3, ירידה 6); 7 חריגות טיימינג
2026-10-04 07:31:44 [INFO] detector: Config updated remotely (keys=['SHABBAT_DETECTOR'])
2026-10-04 07:32:14 [INFO] detector: Config updated remotely (keys=['SHABBAT_DETECTOR'])
2026-10-04 07:41:50 [INFO] shabbat_detector.hebcal_gate: Hebcal refreshed: 5 start(s), 2 end(s) (geo=281184, diaspora=True)
2026-10-04 07:45:30 [INFO] shabbat_detector.firebase_client: SSE stream connecting: https://ramada-elev-default-rtdb.europe-west1.firebasedatabase.app/elevator_configs/C.json
2026-10-04 07:47:01 [INFO] detector: Config updated remotely (keys=['AUTO_LEARN_CONFIG', 'BOTTOM_FLOOR', 'FLOOR_WAITS', 'SHABBAT_ACTIVE', 'SHABBAT_BREAK_ACTIVE', 'SHABBAT_DETECTOR', 'SHABBAT_MODE', 'STOPPING_FLOORS', 'STOPPING_FLOORS_DOWN', 'STOPPING_FLOORS_UP', 'TIME_PASS_FLOOR', 'TIME_PER_FLOOR', 'TOP_FLOOR', 'VISIBLE_FLOORS', 'secret_key'])
2026-10-04 07:51:51 [INFO] shabbat_detector.hebcal_gate: Hebcal refreshed: 5 start(s), 2 end(s) (geo=281184, diaspora=True)
2026-10-04 08:02:57 [INFO] shabbat_detector.hebcal_gate: Hebcal refreshed: 5 start(s), 2 end(s) (geo=281184, diaspora=True)
2026-10-04 08:13:50 [INFO] shabbat_detector.hebcal_gate: Hebcal refreshed: 5 start(s), 2 end(s) (geo=281184, diaspora=True)
2026-10-04 08:23:13 [INFO] shabbat_detector.hebcal_gate: Hebcal refreshed: 5 start(s), 2 end(s) (geo=281184, diaspora=True)
2026-10-04 08:32:48 [INFO] shabbat_detector.cycle_analyzer: Cycle recovered (missed TOP-terminal read): 3537s, up_stops=['-1', '-2', '12'], down_stops=['6', '-1', '-2', '6', '-1', '3', '-1', '9', '12', '-1', '-2', '8', '-2', '-1', '9', '-1', '-2', '8', '-1', '8', '-1', '10', '11', '1', '0', '-2', '-1', '6', '9', '-2', '-1', '8', '-2', '6', '-1', '8', '-1', '7', '0', '-1', '0', '-1', '7', '-2', '0', '-2', '0', '11', '10', '-1', '-2', '0', '12', '11', '-1', '8', '-2', '-1', '-2', '-1']
2026-10-04 08:32:48 [INFO] shabbat_detector.fsm: [C] DetectorState.NORMAL → DetectorState.CANDIDATE_SHABBAT
2026-10-04 08:32:48 [INFO] detector: SHABBAT TRANSITION NORMAL -> CANDIDATE_SHABBAT | סיבה: מחזור אפשרי החל - ממתין להשלמה
2026-10-04 08:32:48 [INFO] shabbat_detector.fsm: [C] DetectorState.CANDIDATE_SHABBAT → DetectorState.NORMAL
2026-10-04 08:32:48 [INFO] detector: SHABBAT TRANSITION CANDIDATE_SHABBAT -> NORMAL | סיבה: מחזור לא תאם - עצירות לא חוקיות בעלייה: ['12']; עצירות לא חוקיות בירידה: ['12']; קפיצות-אחורה (עלייה 1, ירידה 29); חזרות על קומות (עלייה 0, ירידה 48); 11 חריגות טיימינג
2026-10-04 08:32:49 [INFO] detector: Config updated remotely (keys=['SHABBAT_DETECTOR'])
2026-10-04 08:34:19 [INFO] detector: Config updated remotely (keys=['SHABBAT_DETECTOR'])
2026-10-04 08:37:05 [INFO] shabbat_detector.hebcal_gate: Hebcal refreshed: 5 start(s), 2 end(s) (geo=281184, diaspora=True)
2026-10-04 08:37:05 [INFO] shabbat_detector.cycle_analyzer: Cycle aborted: returned to BOTTOM without reaching TOP
2026-10-04 08:37:05 [INFO] shabbat_detector.fsm: [C] DetectorState.NORMAL → DetectorState.CANDIDATE_SHABBAT
2026-10-04 08:37:05 [INFO] detector: SHABBAT TRANSITION NORMAL -> CANDIDATE_SHABBAT | סיבה: מחזור אפשרי החל - ממתין להשלמה
2026-10-04 08:37:35 [INFO] detector: Config updated remotely (keys=['SHABBAT_DETECTOR'])
2026-10-04 08:46:29 [INFO] shabbat_detector.hebcal_gate: Hebcal refreshed: 5 start(s), 2 end(s) (geo=281184, diaspora=True)
2026-10-04 08:56:39 [INFO] shabbat_detector.hebcal_gate: Hebcal refreshed: 5 start(s), 2 end(s) (geo=281184, diaspora=True)
2026-10-04 09:03:18 [INFO] shabbat_detector.cycle_analyzer: Elevator idle 390s - resetting cycle (was in _Phase.LEG_ONE)
2026-10-04 09:06:40 [INFO] shabbat_detector.hebcal_gate: Hebcal refreshed: 5 start(s), 2 end(s) (geo=281184, diaspora=True)
2026-10-04 09:18:43 [INFO] shabbat_detector.hebcal_gate: Hebcal refreshed: 5 start(s), 2 end(s) (geo=281184, diaspora=True)
2026-10-04 09:18:43 [INFO] shabbat_detector.cycle_analyzer: Elevator idle 368s - resetting cycle (was in _Phase.LEG_ONE)
2026-10-04 09:24:46 [INFO] shabbat_detector.cycle_analyzer: Cycle recovered (missed TOP-terminal read): 281s, up_stops=[], down_stops=['-1', '-2', '-1']
2026-10-04 09:24:46 [INFO] shabbat_detector.fsm: [C] DetectorState.CANDIDATE_SHABBAT → DetectorState.NORMAL
2026-10-04 09:24:46 [INFO] detector: SHABBAT TRANSITION CANDIDATE_SHABBAT -> NORMAL | סיבה: מחזור לא תאם - כיסוי קומות חלקי (עלייה 0%, ירידה 14%); 1 חריגות טיימינג
2026-10-04 09:25:17 [INFO] detector: Config updated remotely (keys=['SHABBAT_DETECTOR'])
2026-10-04 09:29:31 [INFO] shabbat_detector.hebcal_gate: Hebcal refreshed: 5 start(s), 2 end(s) (geo=281184, diaspora=True)
2026-10-04 09:39:30 [INFO] shabbat_detector.hebcal_gate: Hebcal refreshed: 5 start(s), 2 end(s) (geo=281184, diaspora=True)
2026-10-04 09:49:47 [INFO] shabbat_detector.hebcal_gate: Hebcal refreshed: 5 start(s), 2 end(s) (geo=281184, diaspora=True)
2026-10-04 09:59:40 [INFO] shabbat_detector.hebcal_gate: Hebcal refreshed: 5 start(s), 2 end(s) (geo=281184, diaspora=True)
2026-10-04 10:10:05 [INFO] shabbat_detector.hebcal_gate: Hebcal refreshed: 5 start(s), 2 end(s) (geo=281184, diaspora=True)
2026-10-04 10:14:26 [INFO] shabbat_detector.cycle_analyzer: Cycle recovered (missed TOP-terminal read): 3050s, up_stops=['-2', '3', '-1', '12'], down_stops=['-2', '3', '-1', '0', '6', '-1', '-2', '11', '7', '-1', '-2', '10', '10', '11', '11', '12', '-1', '-2', '10', '11', '11', '11', '11', '11', '-2', '10', '11', '11', '11', '11', '10', '11', '11', '11', '11', '11', '10', '11', '11', '11', '-2', '-1', '0', '5', '-1', '-2', '-2', '11', '10', '11', '12']
2026-10-04 10:14:26 [INFO] shabbat_detector.fsm: [C] DetectorState.NORMAL → DetectorState.CANDIDATE_SHABBAT
2026-10-04 10:14:26 [INFO] detector: SHABBAT TRANSITION NORMAL -> CANDIDATE_SHABBAT | סיבה: מחזור אפשרי החל - ממתין להשלמה
2026-10-04 10:14:27 [INFO] shabbat_detector.fsm: [C] DetectorState.CANDIDATE_SHABBAT → DetectorState.NORMAL
2026-10-04 10:14:27 [INFO] detector: SHABBAT TRANSITION CANDIDATE_SHABBAT -> NORMAL | סיבה: מחזור לא תאם - עצירות לא חוקיות בעלייה: ['12', '3']; עצירות לא חוקיות בירידה: ['12']; קפיצות-אחורה (עלייה 1, ירידה 19); חזרות על קומות (עלייה 0, ירידה 41); 9 חריגות טיימינג
2026-10-04 10:14:27 [INFO] detector: Config updated remotely (keys=['SHABBAT_DETECTOR'])
2026-10-04 10:14:57 [INFO] detector: Config updated remotely (keys=['SHABBAT_DETECTOR'])
2026-10-04 10:20:30 [INFO] shabbat_detector.hebcal_gate: Hebcal refreshed: 5 start(s), 2 end(s) (geo=281184, diaspora=True)
2026-10-04 10:22:02 [INFO] shabbat_detector.cycle_analyzer: Cycle recovered (missed TOP-terminal read): 406s, up_stops=[], down_stops=['-1', '-1', '-2', '3', '0', '-1']
2026-10-04 10:22:02 [INFO] shabbat_detector.fsm: [C] DetectorState.NORMAL → DetectorState.CANDIDATE_SHABBAT
2026-10-04 10:22:02 [INFO] detector: SHABBAT TRANSITION NORMAL -> CANDIDATE_SHABBAT | סיבה: מחזור אפשרי החל - ממתין להשלמה
2026-10-04 10:22:02 [INFO] shabbat_detector.fsm: [C] DetectorState.CANDIDATE_SHABBAT → DetectorState.NORMAL
2026-10-04 10:22:02 [INFO] detector: SHABBAT TRANSITION CANDIDATE_SHABBAT -> NORMAL | סיבה: מחזור לא תאם - כיסוי קומות חלקי (עלייה 0%, ירידה 28%); 3 חריגות טיימינג
2026-10-04 10:22:03 [INFO] detector: Config updated remotely (keys=['SHABBAT_DETECTOR'])
2026-10-04 10:22:33 [INFO] detector: Config updated remotely (keys=['SHABBAT_DETECTOR'])
2026-10-04 10:25:53 [INFO] shabbat_detector.cycle_analyzer: Cycle aborted: returned to BOTTOM without reaching TOP
2026-10-04 10:25:53 [INFO] shabbat_detector.fsm: [C] DetectorState.NORMAL → DetectorState.CANDIDATE_SHABBAT
2026-10-04 10:25:53 [INFO] detector: SHABBAT TRANSITION NORMAL -> CANDIDATE_SHABBAT | סיבה: מחזור אפשרי החל - ממתין להשלמה
2026-10-04 10:27:15 [INFO] shabbat_detector.cycle_analyzer: Cycle aborted: returned to BOTTOM without reaching TOP
2026-10-04 10:28:23 [INFO] detector: Config updated remotely (keys=['SHABBAT_DETECTOR'])
2026-10-04 10:28:48 [INFO] shabbat_detector.cycle_analyzer: Cycle aborted: returned to BOTTOM without reaching TOP
2026-10-04 10:30:37 [INFO] shabbat_detector.hebcal_gate: Hebcal refreshed: 5 start(s), 2 end(s) (geo=281184, diaspora=True)
2026-10-04 10:33:08 [INFO] shabbat_detector.cycle_analyzer: Cycle recovered (missed TOP-terminal read): 203s, up_stops=['-2', '12'], down_stops=['-1']
2026-10-04 10:33:08 [INFO] shabbat_detector.fsm: [C] DetectorState.CANDIDATE_SHABBAT → DetectorState.NORMAL
2026-10-04 10:33:08 [INFO] detector: SHABBAT TRANSITION CANDIDATE_SHABBAT -> NORMAL | סיבה: מחזור לא תאם - עצירות לא חוקיות בעלייה: ['12']; כיסוי קומות חלקי (עלייה 33%, ירידה 7%); 2 חריגות טיימינג
2026-10-04 10:34:38 [INFO] detector: Config updated remotely (keys=['SHABBAT_DETECTOR'])
2026-10-04 10:40:15 [INFO] shabbat_detector.hebcal_gate: Hebcal refreshed: 5 start(s), 2 end(s) (geo=281184, diaspora=True)
2026-10-04 10:48:10 [INFO] shabbat_detector.cycle_analyzer: Cycle recovered (missed TOP-terminal read): 930s, up_stops=['-2', '12'], down_stops=['-1', '1', '4', '2', '0', '11', '0', '-1', '-2', '3', '-1', '1', '-2', '-1']
2026-10-04 10:48:10 [INFO] shabbat_detector.fsm: [C] DetectorState.NORMAL → DetectorState.CANDIDATE_SHABBAT
2026-10-04 10:48:10 [INFO] detector: SHABBAT TRANSITION NORMAL -> CANDIDATE_SHABBAT | סיבה: מחזור אפשרי החל - ממתין להשלמה
2026-10-04 10:48:11 [INFO] shabbat_detector.fsm: [C] DetectorState.CANDIDATE_SHABBAT → DetectorState.NORMAL
2026-10-04 10:48:11 [INFO] detector: SHABBAT TRANSITION CANDIDATE_SHABBAT -> NORMAL | סיבה: מחזור לא תאם - עצירות לא חוקיות בעלייה: ['12']; כיסוי קומות חלקי (עלייה 33%, ירידה 56%); קפיצות-אחורה (עלייה 0, ירידה 6); 7 חריגות טיימינג
2026-10-04 10:48:11 [INFO] detector: Config updated remotely (keys=['SHABBAT_DETECTOR'])
2026-10-04 10:48:41 [INFO] detector: Config updated remotely (keys=['SHABBAT_DETECTOR'])
2026-10-04 10:52:13 [INFO] shabbat_detector.hebcal_gate: Hebcal refreshed: 5 start(s), 2 end(s) (geo=281184, diaspora=True)
2026-10-04 10:59:56 [INFO] shabbat_detector.cycle_analyzer: Elevator idle 387s - resetting cycle (was in _Phase.LEG_ONE)
2026-10-04 11:01:50 [INFO] shabbat_detector.hebcal_gate: Hebcal refreshed: 5 start(s), 2 end(s) (geo=281184, diaspora=True)
2026-10-04 11:04:40 [INFO] shabbat_detector.fsm: [C] DetectorState.NORMAL → DetectorState.CANDIDATE_SHABBAT
2026-10-04 11:04:40 [INFO] detector: SHABBAT TRANSITION NORMAL -> CANDIDATE_SHABBAT | סיבה: מחזור אפשרי החל - ממתין להשלמה
2026-10-04 11:06:40 [INFO] detector: Config updated remotely (keys=['SHABBAT_DETECTOR'])
2026-10-04 11:10:45 [INFO] shabbat_detector.cycle_analyzer: Elevator idle 394s - resetting cycle (was in _Phase.LEG_ONE)
2026-10-04 11:12:51 [INFO] shabbat_detector.hebcal_gate: Hebcal refreshed: 5 start(s), 2 end(s) (geo=281184, diaspora=True)
2026-10-04 11:22:37 [INFO] shabbat_detector.hebcal_gate: Hebcal refreshed: 5 start(s), 2 end(s) (geo=281184, diaspora=True)
2026-10-04 11:23:34 [INFO] shabbat_detector.cycle_analyzer: Cycle recovered (missed TOP-terminal read): 739s, up_stops=['-2', '-1', '11'], down_stops=['-1', '11', '6', '-1', '9', '-1']
2026-10-04 11:23:34 [INFO] shabbat_detector.fsm: [C] DetectorState.CANDIDATE_SHABBAT → DetectorState.NORMAL
2026-10-04 11:23:34 [INFO] detector: SHABBAT TRANSITION CANDIDATE_SHABBAT -> NORMAL | סיבה: מחזור לא תאם - עצירות לא חוקיות בעלייה: ['11']; כיסוי קומות חלקי (עלייה 67%, ירידה 28%); 4 חריגות טיימינג
2026-10-04 11:25:34 [INFO] detector: Config updated remotely (keys=['SHABBAT_DETECTOR'])
2026-10-04 11:32:46 [INFO] shabbat_detector.hebcal_gate: Hebcal refreshed: 5 start(s), 2 end(s) (geo=281184, diaspora=True)
2026-10-04 11:44:33 [INFO] shabbat_detector.hebcal_gate: Hebcal refreshed: 5 start(s), 2 end(s) (geo=281184, diaspora=True)
2026-10-04 11:44:33 [INFO] shabbat_detector.cycle_analyzer: Elevator idle 328s - resetting cycle (was in _Phase.LEG_ONE)
2026-10-04 11:45:00 [INFO] shabbat_detector.fsm: [C] DetectorState.NORMAL → DetectorState.CANDIDATE_SHABBAT
2026-10-04 11:45:00 [INFO] detector: SHABBAT TRANSITION NORMAL -> CANDIDATE_SHABBAT | סיבה: מחזור אפשרי החל - ממתין להשלמה
2026-10-04 11:46:00 [INFO] detector: Config updated remotely (keys=['SHABBAT_DETECTOR'])
2026-10-04 11:47:37 [INFO] shabbat_detector.cycle_analyzer: Cycle aborted: returned to BOTTOM without reaching TOP
2026-10-04 11:57:34 [INFO] shabbat_detector.hebcal_gate: Hebcal refreshed: 5 start(s), 2 end(s) (geo=281184, diaspora=True)
2026-10-04 11:57:34 [INFO] shabbat_detector.cycle_analyzer: Elevator idle 326s - resetting cycle (was in _Phase.LEG_ONE)
2026-10-04 12:07:36 [INFO] shabbat_detector.hebcal_gate: Hebcal refreshed: 5 start(s), 2 end(s) (geo=281184, diaspora=True)
2026-10-04 12:11:29 [INFO] shabbat_detector.cycle_analyzer: Cycle aborted: returned to BOTTOM without reaching TOP
2026-10-04 12:13:18 [INFO] shabbat_detector.cycle_analyzer: Cycle aborted: returned to BOTTOM without reaching TOP
2026-10-04 12:20:59 [INFO] shabbat_detector.hebcal_gate: Hebcal refreshed: 5 start(s), 2 end(s) (geo=281184, diaspora=True)
2026-10-04 12:21:14 [INFO] shabbat_detector.cycle_analyzer: Cycle aborted: returned to BOTTOM without reaching TOP
2026-10-04 12:36:01 [INFO] shabbat_detector.hebcal_gate: Hebcal refreshed: 5 start(s), 2 end(s) (geo=281184, diaspora=True)
2026-10-04 12:36:01 [INFO] shabbat_detector.cycle_analyzer: Elevator idle 796s - resetting cycle (was in _Phase.LEG_ONE)
2026-10-04 12:44:21 [INFO] shabbat_detector.cycle_analyzer: Cycle aborted: returned to BOTTOM without reaching TOP
2026-10-04 12:45:56 [INFO] shabbat_detector.cycle_analyzer: Cycle aborted: returned to BOTTOM without reaching TOP
2026-10-04 12:48:45 [INFO] shabbat_detector.hebcal_gate: Hebcal refreshed: 5 start(s), 2 end(s) (geo=281184, diaspora=True)
2026-10-04 12:48:45 [INFO] shabbat_detector.cycle_analyzer: Cycle aborted: returned to BOTTOM without reaching TOP
2026-10-04 13:02:07 [INFO] shabbat_detector.hebcal_gate: Hebcal refreshed: 5 start(s), 2 end(s) (geo=281184, diaspora=True)
2026-10-04 13:02:07 [INFO] shabbat_detector.cycle_analyzer: Elevator idle 697s - resetting cycle (was in _Phase.LEG_ONE)
2026-10-04 13:08:28 [INFO] shabbat_detector.cycle_analyzer: Cycle aborted: returned to BOTTOM without reaching TOP
2026-10-04 13:12:06 [INFO] shabbat_detector.hebcal_gate: Hebcal refreshed: 5 start(s), 2 end(s) (geo=281184, diaspora=True)
2026-10-04 13:22:22 [INFO] shabbat_detector.hebcal_gate: Hebcal refreshed: 5 start(s), 2 end(s) (geo=281184, diaspora=True)
2026-10-04 13:22:22 [INFO] shabbat_detector.cycle_analyzer: Elevator idle 349s - resetting cycle (was in _Phase.LEG_ONE)
2026-10-04 13:34:34 [INFO] shabbat_detector.hebcal_gate: Hebcal refreshed: 5 start(s), 2 end(s) (geo=281184, diaspora=True)
2026-10-04 13:41:40 [INFO] shabbat_detector.cycle_analyzer: Elevator idle 331s - resetting cycle (was in _Phase.LEG_ONE)
2026-10-04 13:45:06 [INFO] shabbat_detector.hebcal_gate: Hebcal refreshed: 5 start(s), 2 end(s) (geo=281184, diaspora=True)
2026-10-04 13:55:13 [INFO] shabbat_detector.hebcal_gate: Hebcal refreshed: 5 start(s), 2 end(s) (geo=281184, diaspora=True)
2026-10-04 13:55:13 [INFO] shabbat_detector.cycle_analyzer: Elevator idle 327s - resetting cycle (was in _Phase.LEG_ONE)
2026-10-04 14:00:57 [INFO] shabbat_detector.cycle_analyzer: Cycle aborted: returned to BOTTOM without reaching TOP
2026-10-04 14:05:59 [INFO] shabbat_detector.hebcal_gate: Hebcal refreshed: 5 start(s), 2 end(s) (geo=281184, diaspora=True)
2026-10-04 14:07:55 [INFO] shabbat_detector.cycle_analyzer: Cycle aborted: returned to BOTTOM without reaching TOP
2026-10-04 14:10:31 [INFO] shabbat_detector.cycle_analyzer: Cycle aborted: returned to BOTTOM without reaching TOP
2026-10-04 14:15:29 [INFO] shabbat_detector.cycle_analyzer: Cycle aborted: returned to BOTTOM without reaching TOP
2026-10-04 14:15:59 [INFO] shabbat_detector.hebcal_gate: Hebcal refreshed: 5 start(s), 2 end(s) (geo=281184, diaspora=True)
2026-10-04 14:22:53 [INFO] shabbat_detector.cycle_analyzer: Cycle recovered (missed TOP-terminal read): 473s, up_stops=['0', '7', '12'], down_stops=['-1', '1', '0', '-2', '0']
2026-10-04 14:22:53 [INFO] shabbat_detector.fsm: [C] DetectorState.CANDIDATE_SHABBAT → DetectorState.NORMAL
2026-10-04 14:22:53 [INFO] detector: SHABBAT TRANSITION CANDIDATE_SHABBAT -> NORMAL | סיבה: מחזור לא תאם - עצירות לא חוקיות בעלייה: ['12', '7']; כיסוי קומות חלקי (עלייה 33%, ירידה 28%); 4 חריגות טיימינג
2026-10-04 14:25:24 [INFO] detector: Config updated remotely (keys=['SHABBAT_DETECTOR'])
2026-10-04 14:32:14 [INFO] shabbat_detector.hebcal_gate: Hebcal refreshed: 5 start(s), 2 end(s) (geo=281184, diaspora=True)
2026-10-04 14:32:14 [INFO] shabbat_detector.cycle_analyzer: Elevator idle 587s - resetting cycle (was in _Phase.LEG_ONE)
2026-10-04 14:36:13 [INFO] shabbat_detector.cycle_analyzer: Cycle recovered (missed TOP-terminal read): 237s, up_stops=[], down_stops=['11', '-1', '0', '-1', '0', '-1']
2026-10-04 14:36:13 [INFO] shabbat_detector.fsm: [C] DetectorState.NORMAL → DetectorState.CANDIDATE_SHABBAT
2026-10-04 14:36:13 [INFO] detector: SHABBAT TRANSITION NORMAL -> CANDIDATE_SHABBAT | סיבה: מחזור אפשרי החל - ממתין להשלמה
2026-10-04 14:36:14 [INFO] shabbat_detector.fsm: [C] DetectorState.CANDIDATE_SHABBAT → DetectorState.NORMAL
2026-10-04 14:36:14 [INFO] detector: SHABBAT TRANSITION CANDIDATE_SHABBAT -> NORMAL | סיבה: מחזור לא תאם - כיסוי קומות חלקי (עלייה 0%, ירידה 21%); 3 חריגות טיימינג
2026-10-04 14:36:15 [INFO] detector: Config updated remotely (keys=['SHABBAT_DETECTOR'])
2026-10-04 14:38:08 [INFO] shabbat_detector.cycle_analyzer: Cycle aborted: returned to BOTTOM without reaching TOP
2026-10-04 14:38:08 [INFO] shabbat_detector.fsm: [C] DetectorState.NORMAL → DetectorState.CANDIDATE_SHABBAT
2026-10-04 14:38:08 [INFO] detector: SHABBAT TRANSITION NORMAL -> CANDIDATE_SHABBAT | סיבה: מחזור אפשרי החל - ממתין להשלמה
2026-10-04 14:38:08 [INFO] detector: Config updated remotely (keys=['SHABBAT_DETECTOR'])
2026-10-04 14:39:08 [INFO] detector: Config updated remotely (keys=['SHABBAT_DETECTOR'])
2026-10-04 14:40:57 [INFO] shabbat_detector.cycle_analyzer: Cycle aborted: returned to BOTTOM without reaching TOP
2026-10-04 14:42:33 [INFO] shabbat_detector.hebcal_gate: Hebcal refreshed: 5 start(s), 2 end(s) (geo=281184, diaspora=True)
2026-10-04 14:43:47 [INFO] shabbat_detector.cycle_analyzer: Cycle recovered (missed TOP-terminal read): 242s, up_stops=['-2', '-1'], down_stops=[]
2026-10-04 14:43:47 [INFO] shabbat_detector.fsm: [C] DetectorState.CANDIDATE_SHABBAT → DetectorState.NORMAL
2026-10-04 14:43:47 [INFO] detector: SHABBAT TRANSITION CANDIDATE_SHABBAT -> NORMAL | סיבה: מחזור לא תאם - כיסוי קומות חלקי (עלייה 67%, ירידה 0%); 2 חריגות טיימינג
2026-10-04 14:45:17 [INFO] shabbat_detector.cycle_analyzer: Cycle aborted: returned to BOTTOM without reaching TOP
2026-10-04 14:45:17 [INFO] shabbat_detector.fsm: [C] DetectorState.NORMAL → DetectorState.CANDIDATE_SHABBAT
2026-10-04 14:45:17 [INFO] detector: SHABBAT TRANSITION NORMAL -> CANDIDATE_SHABBAT | סיבה: מחזור אפשרי החל - ממתין להשלמה
2026-10-04 14:45:17 [INFO] detector: Config updated remotely (keys=['SHABBAT_DETECTOR'])
2026-10-04 14:46:17 [INFO] detector: Config updated remotely (keys=['SHABBAT_DETECTOR'])
2026-10-04 14:49:47 [INFO] shabbat_detector.cycle_analyzer: Cycle aborted: returned to BOTTOM without reaching TOP
2026-10-04 14:51:40 [INFO] shabbat_detector.cycle_analyzer: Cycle aborted: returned to BOTTOM without reaching TOP
2026-10-04 14:52:16 [INFO] shabbat_detector.hebcal_gate: Hebcal refreshed: 5 start(s), 2 end(s) (geo=281184, diaspora=True)
2026-10-04 14:52:23 [INFO] shabbat_detector.cycle_analyzer: Cycle aborted: returned to BOTTOM without reaching TOP
2026-10-04 15:04:28 [INFO] shabbat_detector.hebcal_gate: Hebcal refreshed: 5 start(s), 2 end(s) (geo=281184, diaspora=True)
2026-10-04 15:16:07 [INFO] shabbat_detector.hebcal_gate: Hebcal refreshed: 5 start(s), 2 end(s) (geo=281184, diaspora=True)
2026-10-04 15:16:37 [INFO] shabbat_detector.cycle_analyzer: Cycle recovered (missed TOP-terminal read): 1432s, up_stops=['-2', '-1', '7', '10', '11', '11', '11', '10', '11', '10', '10', '12'], down_stops=['-1', '11', '9', '-1', '3', '-1', '9', '4', '2', '9', '1', '-1']
2026-10-04 15:16:37 [INFO] shabbat_detector.fsm: [C] DetectorState.CANDIDATE_SHABBAT → DetectorState.NORMAL
2026-10-04 15:16:37 [INFO] detector: SHABBAT TRANSITION CANDIDATE_SHABBAT -> NORMAL | סיבה: מחזור לא תאם - עצירות לא חוקיות בעלייה: ['10', '11', '12', '7']; 8 חריגות טיימינג
2026-10-04 15:17:08 [INFO] detector: Config updated remotely (keys=['SHABBAT_DETECTOR'])
2026-10-04 15:19:44 [INFO] shabbat_detector.cycle_analyzer: Cycle aborted: returned to BOTTOM without reaching TOP
2026-10-04 15:19:44 [INFO] shabbat_detector.fsm: [C] DetectorState.NORMAL → DetectorState.CANDIDATE_SHABBAT
2026-10-04 15:19:44 [INFO] detector: SHABBAT TRANSITION NORMAL -> CANDIDATE_SHABBAT | סיבה: מחזור אפשרי החל - ממתין להשלמה
2026-10-04 15:20:14 [INFO] detector: Config updated remotely (keys=['SHABBAT_DETECTOR'])
2026-10-04 15:24:42 [INFO] shabbat_detector.cycle_analyzer: Cycle aborted: returned to BOTTOM without reaching TOP
2026-10-04 15:28:50 [INFO] shabbat_detector.hebcal_gate: Hebcal refreshed: 5 start(s), 2 end(s) (geo=281184, diaspora=True)
2026-10-04 15:37:35 [INFO] shabbat_detector.cycle_analyzer: Cycle recovered (missed TOP-terminal read): 810s, up_stops=['-1', '0', '-1', '11'], down_stops=['11', '10', '0', '-1', '0', '-1']
2026-10-04 15:37:35 [INFO] shabbat_detector.fsm: [C] DetectorState.CANDIDATE_SHABBAT → DetectorState.NORMAL
2026-10-04 15:37:35 [INFO] detector: SHABBAT TRANSITION CANDIDATE_SHABBAT -> NORMAL | סיבה: מחזור לא תאם - עצירות לא חוקיות בעלייה: ['11']; כיסוי קומות חלקי (עלייה 67%, ירידה 28%); 4 חריגות טיימינג
2026-10-04 15:38:36 [INFO] detector: Config updated remotely (keys=['SHABBAT_DETECTOR'])
2026-10-04 15:38:54 [INFO] shabbat_detector.cycle_analyzer: Cycle aborted: returned to BOTTOM without reaching TOP
2026-10-04 15:38:54 [INFO] shabbat_detector.fsm: [C] DetectorState.NORMAL → DetectorState.CANDIDATE_SHABBAT
2026-10-04 15:38:54 [INFO] detector: SHABBAT TRANSITION NORMAL -> CANDIDATE_SHABBAT | סיבה: מחזור אפשרי החל - ממתין להשלמה
2026-10-04 15:39:35 [INFO] shabbat_detector.hebcal_gate: Hebcal refreshed: 5 start(s), 2 end(s) (geo=281184, diaspora=True)
2026-10-04 15:39:54 [INFO] detector: Config updated remotely (keys=['SHABBAT_DETECTOR'])
2026-10-04 15:46:27 [INFO] shabbat_detector.cycle_analyzer: Cycle recovered (missed TOP-terminal read): 393s, up_stops=['0', '-1', '1', '2', '12'], down_stops=['11', '-1']
2026-10-04 15:46:27 [INFO] shabbat_detector.fsm: [C] DetectorState.CANDIDATE_SHABBAT → DetectorState.NORMAL
2026-10-04 15:46:27 [INFO] detector: SHABBAT TRANSITION CANDIDATE_SHABBAT -> NORMAL | סיבה: מחזור לא תאם - עצירות לא חוקיות בעלייה: ['1', '12', '2']; כיסוי קומות חלקי (עלייה 67%, ירידה 14%); 3 חריגות טיימינג
2026-10-04 15:46:57 [INFO] detector: Config updated remotely (keys=['SHABBAT_DETECTOR'])
2026-10-04 15:51:01 [INFO] shabbat_detector.hebcal_gate: Hebcal refreshed: 5 start(s), 2 end(s) (geo=281184, diaspora=True)
