[2026-07-15 00:26:47] Tag Change: ID '00E2004714AEB068214F3601' -> Floor 'Unknown'
[2026-07-15 00:26:47] Tag flapping: suppressed 8 repeated tag-change log lines in the last 2602s
[2026-07-15 00:26:48] Tag Change: ID '00E2004718C7B0682190C601' -> Floor 'Unknown'
[2026-07-15 00:26:49] Tag Change: ID '00E200471763C068217A8701' -> Floor 'Unknown'
[2026-07-15 00:26:50] Tag Change: ID '00E2004714D3306821517E01' -> Floor 'Unknown'
[2026-07-15 00:26:50] Tag Change: ID '00E2004714AD3068214F1E01' -> Floor 'Unknown'
[2026-07-15 00:26:51] Tag Change: ID '00E20047177F7068217C4201' -> Floor 'Unknown'
[2026-07-15 00:26:51] Tag Change: ID '00E2004714CAF0682150FA01' -> Floor 'Unknown'
[2026-07-15 00:26:52] Tag Change: ID '00E20047142E306821472E01' -> Floor 'Unknown'
[2026-07-15 00:26:53] Tag Change: ID '00E20047174580682178A301' -> Floor 'Unknown'
[2026-07-15 00:26:53] Tag Change: ID '00E2004714D1B06821516601' -> Floor 'Unknown'
[2026-07-15 00:26:54] Tag Change: ID '00E2004714D1F06821516A01' -> Floor 'Unknown'
[2026-07-15 00:26:55] Tag Change: ID '00E20047174D006821791B01' -> Floor 'Unknown'
[2026-07-15 00:26:55] Tag Change: ID '00E2004717800068217C4B01' -> Floor 'Unknown'
[2026-07-15 00:26:55] Tag Change: ID '00E2004714C970682150E201' -> Floor 'Unknown'
[2026-07-15 00:26:56] Tag Change: ID '00E200471752006821796B01' -> Floor 'Unknown'
[2026-07-15 00:26:57] Tag Change: ID '00E2004714C5B0682150A601' -> Floor 'Unknown'
[2026-07-15 00:26:57] Tag Change: ID '00E20047142DF06821472A01' -> Floor 'Unknown'
[2026-07-15 00:26:58] Tag Change: ID '00E20047174E806821793301' -> Floor 'Unknown'
[2026-07-15 00:26:58] Tag Change: ID '00E2004718978068218DC301' -> Floor 'Unknown'
[2026-07-15 00:26:59] Tag Change: ID '00E20047189E0068218E2B01' -> Floor 'Unknown'
[2026-07-15 00:27:00] Tag Change: ID '00E20047175580682179A301' -> Floor 'Unknown'
[2026-07-15 00:27:00] Tag Change: ID '00E2004718B5B068218FA601' -> Floor 'Unknown'
[2026-07-15 00:27:00] Tag Change: ID '00E2004718B5F068218FAA01' -> Floor 'Unknown'
[2026-07-15 00:27:01] Tag Change: ID '00E200471748C0682178D701' -> Floor 'Unknown'
[2026-07-15 00:27:02] Tag Change: ID '00E2004718B7F068218FCA01' -> Floor 'Unknown'
[2026-07-15 00:27:02] Tag Change: ID '00E2004717914068217D5F01' -> Floor 'Unknown'
[2026-07-15 00:27:03] Tag Change: ID '00E20047174AC0682178F701' -> Floor 'Unknown'
[2026-07-15 00:27:03] Tag Change: ID '00E20047178CC068217D1701' -> Floor 'Unknown'
[2026-07-15 00:27:04] Tag Change: ID '00E20047178E0068217D2B01' -> Floor 'Unknown'
[2026-07-15 00:27:05] Tag Change: ID '00E200471751C06821796701' -> Floor 'Unknown'
[2026-07-15 00:27:05] Tag Change: ID '00E2004717888068217CD301' -> Floor 'Unknown'
[2026-07-15 00:27:06] Tag Change: ID '00E200471785C068217CA701' -> Floor 'Unknown'
[2026-07-15 00:27:06] Tag Change: ID '00E200471756C0682179B701' -> Floor 'Unknown'
[2026-07-15 00:27:07] Tag Change: ID '00E20047178B0068217CFB01' -> Floor 'Unknown'
[2026-07-15 00:27:07] Tag Change: ID '00E2004717884068217CCF01' -> Floor 'Unknown'
[2026-07-15 00:27:08] Tag Change: ID '00E200471753406821797F01' -> Floor 'Unknown'
[2026-07-15 00:27:09] Tag Change: ID '00E2004717890068217CDB01' -> Floor 'Unknown'
[2026-07-15 00:27:09] Tag Change: ID '00E2004717854068217C9F01' -> Floor 'Unknown'
[2026-07-15 00:27:10] Tag Change: ID '00E2004718A14068218E5F01' -> Floor 'Unknown'
[2026-07-15 00:27:11] Tag Change: ID '00E2004714AA3068214EEE01' -> Floor 'Unknown'
[2026-07-15 00:27:11] Tag Change: ID '00E2004714ADF068214F2A01' -> Floor 'Unknown'
[2026-07-15 00:27:11] Tag Change: ID '00E2004718B63068218FAE01' -> Floor 'Unknown'
[2026-07-15 00:27:12] Tag Change: ID '00E2004714C4706821509201' -> Floor 'Unknown'
[2026-07-15 00:27:12] Tag Change: ID '00E2004714B1B068214F6601' -> Floor 'Unknown'
[2026-07-15 00:27:13] Tag Change: ID '00E2004718A54068218E9F01' -> Floor 'Unknown'
[2026-07-15 00:27:14] Tag Change: ID '00E2004714ACB068214F1601' -> Floor 'Unknown'
[2026-07-15 00:27:14] Tag Change: ID '00E2004714B1F068214F6A01' -> Floor 'Unknown'
[2026-07-15 00:27:15] Tag Change: ID '00E2004718A74068218EBF01' -> Floor 'Unknown'
[2026-07-15 00:27:15] Tag Change: ID '00E2004714B13068214F5E01' -> Floor 'Unknown'
[2026-07-15 00:27:16] Tag Change: ID '00E2004714AAF068214EFA01' -> Floor 'Unknown'
[2026-07-15 00:27:16] Tag Change: ID '00E2004718A70068218EBB01' -> Floor 'Unknown'
[2026-07-15 00:27:17] Tag Change: ID '00E2004714BF306821503E01' -> Floor 'Unknown'
[2026-07-15 00:27:17] Tag Change: ID '00E2004714A5B068214EA601' -> Floor 'Unknown'
[2026-07-15 00:27:18] Tag Change: ID '00E20047149AB068214DF601' -> Floor 'Unknown'
[2026-07-15 00:27:19] Tag Change: ID '00E2004718998068218DE301' -> Floor 'Unknown'
[2026-07-15 00:27:19] Tag Change: ID '00E2004714987068214DD201' -> Floor 'Unknown'
[2026-07-15 00:27:20] Tag Change: ID '00E20047189C0068218E0B01' -> Floor 'Unknown'
[2026-07-15 00:27:20] Tag Change: ID '00E20047149B3068214DFE01' -> Floor 'Unknown'
[2026-07-15 00:27:21] Tag Change: ID '00E20047149CB068214E1601' -> Floor 'Unknown'
[2026-07-15 00:27:21] Tag Change: ID '00E2004718A28068218E7301' -> Floor 'Unknown'
[2026-07-15 00:27:22] Tag Change: ID '00E2004714A3B068214E8601' -> Floor 'Unknown'
[2026-07-15 00:27:22] Tag Change: ID '00E200471432F06821477A01' -> Floor 'Unknown'
[2026-07-15 00:27:23] Tag Change: ID '00E2004718AA4068218EEF01' -> Floor 'Unknown'
[2026-07-15 00:27:23] Tag Change: ID '00E2004714C830682150CE01' -> Floor 'Unknown'
[2026-07-15 00:27:24] Tag Change: ID '00E2004714A1F068214E6A01' -> Floor 'Unknown'
[2026-07-15 00:27:24] Tag Change: ID '00E2004717820068217C6B01' -> Floor 'Unknown'
[2026-07-15 00:27:26] Tag Change: ID '00E2004714A07068214E5201' -> Floor 'Unknown'
[2026-07-15 00:28:04] Tag flapping: suppressed 17 repeated tag-change log lines in the last 72s
[2026-07-15 00:28:15] Tag Change: ID '00E2004714B1F068214F6A01' -> Floor 'Unknown'
[2026-07-15 00:28:15] Tag Change: ID '00E2004714ACB068214F1601' -> Floor 'Unknown'
[2026-07-15 00:28:15] Tag Change: ID '00E2004718A54068218E9F01' -> Floor 'Unknown'
[2026-07-15 00:28:16] Tag Change: ID '00E2004714B1B068214F6601' -> Floor 'Unknown'
[2026-07-15 00:28:17] Tag Change: ID '00E2004714C4706821509201' -> Floor 'Unknown'
[2026-07-15 00:28:17] Tag Change: ID '00E2004718B63068218FAE01' -> Floor 'Unknown'
[2026-07-15 00:28:18] Tag Change: ID '00E2004714ADF068214F2A01' -> Floor 'Unknown'
[2026-07-15 00:28:18] Tag Change: ID '00E2004714AA3068214EEE01' -> Floor 'Unknown'
[2026-07-15 00:28:18] Tag Change: ID '00E2004718A14068218E5F01' -> Floor 'Unknown'
[2026-07-15 00:28:20] Tag Change: ID '00E2004717854068217C9F01' -> Floor 'Unknown'
[2026-07-15 00:28:20] Tag Change: ID '00E2004717890068217CDB01' -> Floor 'Unknown'
[2026-07-15 00:28:20] Tag Change: ID '00E200471753406821797F01' -> Floor 'Unknown'
[2026-07-15 00:28:21] Tag Change: ID '00E2004717884068217CCF01' -> Floor 'Unknown'
[2026-07-15 00:28:21] Tag Change: ID '00E20047178B0068217CFB01' -> Floor 'Unknown'
[2026-07-15 00:28:22] Tag Change: ID '00E200471756C0682179B701' -> Floor 'Unknown'
[2026-07-15 00:28:23] Tag Change: ID '00E200471785C068217CA701' -> Floor 'Unknown'
[2026-07-15 00:28:23] Tag Change: ID '00E2004717888068217CD301' -> Floor 'Unknown'
[2026-07-15 00:28:24] Tag Change: ID '00E200471751C06821796701' -> Floor 'Unknown'
[2026-07-15 00:28:25] Tag Change: ID '00E20047178E0068217D2B01' -> Floor 'Unknown'
[2026-07-15 00:28:25] Tag Change: ID '00E20047178CC068217D1701' -> Floor 'Unknown'
[2026-07-15 00:28:26] Tag Change: ID '00E20047174AC0682178F701' -> Floor 'Unknown'
[2026-07-15 00:28:26] Tag Change: ID '00E2004717914068217D5F01' -> Floor 'Unknown'
[2026-07-15 00:28:27] Tag Change: ID '00E2004718B7F068218FCA01' -> Floor 'Unknown'
[2026-07-15 00:28:27] Tag Change: ID '00E200471748C0682178D701' -> Floor 'Unknown'
[2026-07-15 00:28:28] Tag Change: ID '00E2004718B5F068218FAA01' -> Floor 'Unknown'
[2026-07-15 00:28:29] Tag Change: ID '00E2004718B5B068218FA601' -> Floor 'Unknown'
[2026-07-15 00:28:29] Tag Change: ID '00E20047175580682179A301' -> Floor 'Unknown'
[2026-07-15 00:28:30] Tag Change: ID '00E20047189E0068218E2B01' -> Floor 'Unknown'
[2026-07-15 00:28:30] Tag Change: ID '00E2004718978068218DC301' -> Floor 'Unknown'
[2026-07-15 00:28:30] Tag Change: ID '00E20047174E806821793301' -> Floor 'Unknown'
[2026-07-15 00:28:31] Tag Change: ID '00E20047142DF06821472A01' -> Floor 'Unknown'
[2026-07-15 00:28:32] Tag Change: ID '00E2004714C5B0682150A601' -> Floor 'Unknown'
[2026-07-15 00:28:32] Tag Change: ID '00E200471752006821796B01' -> Floor 'Unknown'
[2026-07-15 00:28:33] Tag Change: ID '00E2004714C970682150E201' -> Floor 'Unknown'
[2026-07-15 00:28:34] Tag Change: ID '00E2004717800068217C4B01' -> Floor 'Unknown'
[2026-07-15 00:28:34] Tag Change: ID '00E20047174D006821791B01' -> Floor 'Unknown'
[2026-07-15 00:28:35] Tag Change: ID '00E2004714D1F06821516A01' -> Floor 'Unknown'
[2026-07-15 00:28:35] Tag Change: ID '00E2004714D1B06821516601' -> Floor 'Unknown'
[2026-07-15 00:28:36] Tag Change: ID '00E20047174580682178A301' -> Floor 'Unknown'
[2026-07-15 00:28:37] Tag Change: ID '00E20047142E306821472E01' -> Floor 'Unknown'
[2026-07-15 00:28:37] Tag Change: ID '00E2004714CAF0682150FA01' -> Floor 'Unknown'
[2026-07-15 00:28:37] Tag Change: ID '00E20047177F7068217C4201' -> Floor 'Unknown'
[2026-07-15 00:28:38] Tag Change: ID '00E2004714AD3068214F1E01' -> Floor 'Unknown'
[2026-07-15 00:28:39] Tag Change: ID '00E2004714D3306821517E01' -> Floor 'Unknown'
[2026-07-15 00:28:39] Tag Change: ID '00E200471763C068217A8701' -> Floor 'Unknown'
[2026-07-15 00:28:40] Tag Change: ID '00E2004718C7B0682190C601' -> Floor 'Unknown'
[2026-07-15 00:28:42] Tag Change: ID '00E2004714AEB068214F3601' -> Floor 'Unknown'
[2026-07-15 00:28:42] Tag Change: ID '00E20047175C4068217A0F01' -> Floor 'Unknown'
[2026-07-15 00:32:19] Tag Change: ID '00E2004714AEB068214F3601' -> Floor 'Unknown'
[2026-07-15 00:32:19] Tag flapping: suppressed 43 repeated tag-change log lines in the last 254s
[2026-07-15 00:32:20] Tag Change: ID '00E2004718C7B0682190C601' -> Floor 'Unknown'
[2026-07-15 00:32:21] Tag Change: ID '00E200471763C068217A8701' -> Floor 'Unknown'
[2026-07-15 00:32:22] Tag Change: ID '00E2004714D3306821517E01' -> Floor 'Unknown'
[2026-07-15 00:32:23] Tag Change: ID '00E2004714AD3068214F1E01' -> Floor 'Unknown'
[2026-07-15 00:32:23] Tag Change: ID '00E20047177F7068217C4201' -> Floor 'Unknown'
[2026-07-15 00:32:24] Tag Change: ID '00E2004714CAF0682150FA01' -> Floor 'Unknown'
[2026-07-15 00:32:24] Tag Change: ID '00E20047142E306821472E01' -> Floor 'Unknown'
[2026-07-15 00:32:25] Tag Change: ID '00E20047174580682178A301' -> Floor 'Unknown'
[2026-07-15 00:32:25] Tag Change: ID '00E2004714D1B06821516601' -> Floor 'Unknown'
[2026-07-15 00:32:26] Tag Change: ID '00E2004714D1F06821516A01' -> Floor 'Unknown'
[2026-07-15 00:32:27] Tag Change: ID '00E20047174D006821791B01' -> Floor 'Unknown'
[2026-07-15 00:32:27] Tag Change: ID '00E2004717800068217C4B01' -> Floor 'Unknown'
[2026-07-15 00:32:27] Tag Change: ID '00E2004714C970682150E201' -> Floor 'Unknown'
[2026-07-15 00:32:28] Tag Change: ID '00E200471752006821796B01' -> Floor 'Unknown'
[2026-07-15 00:32:29] Tag Change: ID '00E2004714C5B0682150A601' -> Floor 'Unknown'
[2026-07-15 00:32:29] Tag Change: ID '00E20047142DF06821472A01' -> Floor 'Unknown'
[2026-07-15 00:32:30] Tag Change: ID '00E20047174E806821793301' -> Floor 'Unknown'
[2026-07-15 00:32:30] Tag Change: ID '00E2004718978068218DC301' -> Floor 'Unknown'
[2026-07-15 00:32:31] Tag Change: ID '00E20047189E0068218E2B01' -> Floor 'Unknown'
[2026-07-15 00:32:32] Tag Change: ID '00E20047175580682179A301' -> Floor 'Unknown'
[2026-07-15 00:32:32] Tag Change: ID '00E2004718B5B068218FA601' -> Floor 'Unknown'
[2026-07-15 00:32:32] Tag Change: ID '00E2004718B5F068218FAA01' -> Floor 'Unknown'
[2026-07-15 00:32:33] Tag Change: ID '00E200471748C0682178D701' -> Floor 'Unknown'
[2026-07-15 00:32:34] Tag Change: ID '00E2004718B7F068218FCA01' -> Floor 'Unknown'
[2026-07-15 00:32:34] Tag Change: ID '00E2004717914068217D5F01' -> Floor 'Unknown'
[2026-07-15 00:32:35] Tag Change: ID '00E20047174AC0682178F701' -> Floor 'Unknown'
[2026-07-15 00:32:36] Tag Change: ID '00E20047178CC068217D1701' -> Floor 'Unknown'
[2026-07-15 00:32:36] Tag Change: ID '00E20047178E0068217D2B01' -> Floor 'Unknown'
[2026-07-15 00:32:37] Tag Change: ID '00E200471751C06821796701' -> Floor 'Unknown'
[2026-07-15 00:32:39] Tag Change: ID '00E2004717888068217CD301' -> Floor 'Unknown'
[2026-07-15 00:33:27] Tag Change: ID '00E20047174D006821791B01' -> Floor 'Unknown'
[2026-07-15 00:33:28] Tag Change: ID '00E2004714D1F06821516A01' -> Floor 'Unknown'
[2026-07-15 00:33:28] Tag Change: ID '00E2004714D1B06821516601' -> Floor 'Unknown'
[2026-07-15 00:33:29] Tag Change: ID '00E20047174580682178A301' -> Floor 'Unknown'
[2026-07-15 00:33:29] Tag Change: ID '00E20047142E306821472E01' -> Floor 'Unknown'
[2026-07-15 00:33:30] Tag Change: ID '00E2004714CAF0682150FA01' -> Floor 'Unknown'
[2026-07-15 00:33:30] Tag Change: ID '00E20047177F7068217C4201' -> Floor 'Unknown'
[2026-07-15 00:33:31] Tag Change: ID '00E2004714AD3068214F1E01' -> Floor 'Unknown'
[2026-07-15 00:33:31] Tag Change: ID '00E2004714D3306821517E01' -> Floor 'Unknown'
[2026-07-15 00:33:32] Tag Change: ID '00E200471763C068217A8701' -> Floor 'Unknown'
[2026-07-15 00:33:32] Tag flapping: suppressed 24 repeated tag-change log lines in the last 60s
[2026-07-15 00:33:33] Tag Change: ID '00E2004718C7B0682190C601' -> Floor 'Unknown'
[2026-07-15 00:33:35] Tag Change: ID '00E2004714AEB068214F3601' -> Floor 'Unknown'
[2026-07-15 00:33:35] Tag Change: ID '00E20047175C4068217A0F01' -> Floor 'Unknown'
[2026-07-15 00:38:59] Tag Change: ID '00E2004714AEB068214F3601' -> Floor 'Unknown'
[2026-07-15 00:39:01] Tag Change: ID '00E2004718C7B0682190C601' -> Floor 'Unknown'
[2026-07-15 00:39:02] Tag Change: ID '00E200471763C068217A8701' -> Floor 'Unknown'
[2026-07-15 00:39:02] Tag Change: ID '00E2004714D3306821517E01' -> Floor 'Unknown'
[2026-07-15 00:39:03] Tag Change: ID '00E2004714AD3068214F1E01' -> Floor 'Unknown'
[2026-07-15 00:39:04] Tag Change: ID '00E20047177F7068217C4201' -> Floor 'Unknown'
[2026-07-15 00:39:04] Tag Change: ID '00E2004714CAF0682150FA01' -> Floor 'Unknown'
[2026-07-15 00:39:05] Tag Change: ID '00E20047142E306821472E01' -> Floor 'Unknown'
[2026-07-15 00:39:06] Tag Change: ID '00E20047174580682178A301' -> Floor 'Unknown'
[2026-07-15 00:39:06] Tag Change: ID '00E2004714D1B06821516601' -> Floor 'Unknown'
[2026-07-15 00:39:06] Tag Change: ID '00E2004714D1F06821516A01' -> Floor 'Unknown'
[2026-07-15 00:39:07] Tag Change: ID '00E20047174D006821791B01' -> Floor 'Unknown'
[2026-07-15 00:39:08] Tag Change: ID '00E2004717800068217C4B01' -> Floor 'Unknown'
[2026-07-15 00:39:08] Tag Change: ID '00E2004714C970682150E201' -> Floor 'Unknown'
[2026-07-15 00:39:09] Tag Change: ID '00E200471752006821796B01' -> Floor 'Unknown'
[2026-07-15 00:39:09] Tag Change: ID '00E2004714C5B0682150A601' -> Floor 'Unknown'
[2026-07-15 00:39:10] Tag Change: ID '00E20047142DF06821472A01' -> Floor 'Unknown'
[2026-07-15 00:39:11] Tag Change: ID '00E20047174E806821793301' -> Floor 'Unknown'
[2026-07-15 00:39:11] Tag Change: ID '00E2004718978068218DC301' -> Floor 'Unknown'
[2026-07-15 00:39:11] Tag Change: ID '00E20047189E0068218E2B01' -> Floor 'Unknown'
[2026-07-15 00:39:12] Tag Change: ID '00E20047175580682179A301' -> Floor 'Unknown'
[2026-07-15 00:39:13] Tag Change: ID '00E2004718B5B068218FA601' -> Floor 'Unknown'
[2026-07-15 00:39:13] Tag Change: ID '00E2004718B5F068218FAA01' -> Floor 'Unknown'
[2026-07-15 00:39:14] Tag Change: ID '00E200471748C0682178D701' -> Floor 'Unknown'
[2026-07-15 00:39:14] Tag Change: ID '00E2004718B7F068218FCA01' -> Floor 'Unknown'
[2026-07-15 00:39:15] Tag Change: ID '00E2004717914068217D5F01' -> Floor 'Unknown'
[2026-07-15 00:39:15] Tag Change: ID '00E20047174AC0682178F701' -> Floor 'Unknown'
[2026-07-15 00:39:16] Tag Change: ID '00E20047178CC068217D1701' -> Floor 'Unknown'
[2026-07-15 00:39:16] Tag Change: ID '00E20047178E0068217D2B01' -> Floor 'Unknown'
[2026-07-15 00:39:18] Tag Change: ID '00E200471751C06821796701' -> Floor 'Unknown'
[2026-07-15 00:39:20] Tag Change: ID '00E2004717888068217CD301' -> Floor 'Unknown'
[2026-07-15 00:40:04] Tag flapping: suppressed 22 repeated tag-change log lines in the last 60s
[2026-07-15 00:40:07] Tag Change: ID '00E2004714D1F06821516A01' -> Floor 'Unknown'
[2026-07-15 00:40:07] Tag Change: ID '00E2004714D1B06821516601' -> Floor 'Unknown'
[2026-07-15 00:40:08] Tag Change: ID '00E20047174580682178A301' -> Floor 'Unknown'
[2026-07-15 00:40:09] Tag Change: ID '00E20047142E306821472E01' -> Floor 'Unknown'
[2026-07-15 00:40:09] Tag Change: ID '00E2004714CAF0682150FA01' -> Floor 'Unknown'
[2026-07-15 00:40:10] Tag Change: ID '00E20047177F7068217C4201' -> Floor 'Unknown'
[2026-07-15 00:40:11] Tag Change: ID '00E2004714AD3068214F1E01' -> Floor 'Unknown'
[2026-07-15 00:40:11] Tag Change: ID '00E2004714D3306821517E01' -> Floor 'Unknown'
[2026-07-15 00:40:11] Tag Change: ID '00E200471763C068217A8701' -> Floor 'Unknown'
[2026-07-15 00:40:12] Tag Change: ID '00E2004718C7B0682190C601' -> Floor 'Unknown'
[2026-07-15 00:40:14] Tag Change: ID '00E2004714AEB068214F3601' -> Floor 'Unknown'
[2026-07-15 00:40:15] Tag Change: ID '00E20047175C4068217A0F01' -> Floor 'Unknown'
[2026-07-15 01:02:53] Tag Change: ID '00E2004714AEB068214F3601' -> Floor 'Unknown'
[2026-07-15 01:02:53] Tag flapping: suppressed 3 repeated tag-change log lines in the last 1367s
[2026-07-15 01:02:55] Tag Change: ID '00E2004718C7B0682190C601' -> Floor 'Unknown'
[2026-07-15 01:02:56] Tag Change: ID '00E200471763C068217A8701' -> Floor 'Unknown'
[2026-07-15 01:02:57] Tag Change: ID '00E2004714D3306821517E01' -> Floor 'Unknown'
[2026-07-15 01:02:57] Tag Change: ID '00E2004714AD3068214F1E01' -> Floor 'Unknown'
[2026-07-15 01:02:58] Tag Change: ID '00E20047177F7068217C4201' -> Floor 'Unknown'
[2026-07-15 01:02:59] Tag Change: ID '00E2004714CAF0682150FA01' -> Floor 'Unknown'
[2026-07-15 01:02:59] Tag Change: ID '00E20047142E306821472E01' -> Floor 'Unknown'
[2026-07-15 01:03:00] Tag Change: ID '00E20047174580682178A301' -> Floor 'Unknown'
[2026-07-15 01:03:00] Tag Change: ID '00E2004714D1B06821516601' -> Floor 'Unknown'
[2026-07-15 01:03:01] Tag Change: ID '00E2004714D1F06821516A01' -> Floor 'Unknown'
[2026-07-15 01:03:01] Tag Change: ID '00E20047174D006821791B01' -> Floor 'Unknown'
[2026-07-15 01:03:02] Tag Change: ID '00E2004717800068217C4B01' -> Floor 'Unknown'
[2026-07-15 01:03:02] Tag Change: ID '00E2004714C970682150E201' -> Floor 'Unknown'
[2026-07-15 01:03:03] Tag Change: ID '00E200471752006821796B01' -> Floor 'Unknown'
[2026-07-15 01:03:04] Tag Change: ID '00E2004714C5B0682150A601' -> Floor 'Unknown'
[2026-07-15 01:03:04] Tag Change: ID '00E20047142DF06821472A01' -> Floor 'Unknown'
[2026-07-15 01:03:05] Tag Change: ID '00E20047174E806821793301' -> Floor 'Unknown'
[2026-07-15 01:03:05] Tag Change: ID '00E2004718978068218DC301' -> Floor 'Unknown'
[2026-07-15 01:03:06] Tag Change: ID '00E20047189E0068218E2B01' -> Floor 'Unknown'
[2026-07-15 01:03:07] Tag Change: ID '00E20047175580682179A301' -> Floor 'Unknown'
[2026-07-15 01:03:07] Tag Change: ID '00E2004718B5B068218FA601' -> Floor 'Unknown'
[2026-07-15 01:03:07] Tag Change: ID '00E2004718B5F068218FAA01' -> Floor 'Unknown'
[2026-07-15 01:03:08] Tag Change: ID '00E200471748C0682178D701' -> Floor 'Unknown'
[2026-07-15 01:03:09] Tag Change: ID '00E2004718B7F068218FCA01' -> Floor 'Unknown'
[2026-07-15 01:03:09] Tag Change: ID '00E2004717914068217D5F01' -> Floor 'Unknown'
[2026-07-15 01:03:10] Tag Change: ID '00E20047174AC0682178F701' -> Floor 'Unknown'
[2026-07-15 01:03:10] Tag Change: ID '00E20047178CC068217D1701' -> Floor 'Unknown'
[2026-07-15 01:03:10] Tag Change: ID '00E20047178E0068217D2B01' -> Floor 'Unknown'
[2026-07-15 01:03:12] Tag Change: ID '00E200471751C06821796701' -> Floor 'Unknown'
[2026-07-15 01:03:12] Tag Change: ID '00E2004717888068217CD301' -> Floor 'Unknown'
[2026-07-15 01:03:13] Tag Change: ID '00E200471785C068217CA701' -> Floor 'Unknown'
[2026-07-15 01:03:13] Tag Change: ID '00E200471756C0682179B701' -> Floor 'Unknown'
[2026-07-15 01:03:14] Tag Change: ID '00E20047178B0068217CFB01' -> Floor 'Unknown'
[2026-07-15 01:03:14] Tag Change: ID '00E2004717884068217CCF01' -> Floor 'Unknown'
[2026-07-15 01:03:15] Tag Change: ID '00E200471753406821797F01' -> Floor 'Unknown'
[2026-07-15 01:03:15] Tag Change: ID '00E2004717890068217CDB01' -> Floor 'Unknown'
[2026-07-15 01:03:16] Tag Change: ID '00E2004717854068217C9F01' -> Floor 'Unknown'
[2026-07-15 01:03:17] Tag Change: ID '00E2004718A14068218E5F01' -> Floor 'Unknown'
[2026-07-15 01:03:17] Tag Change: ID '00E2004714AA3068214EEE01' -> Floor 'Unknown'
[2026-07-15 01:03:18] Tag Change: ID '00E2004714ADF068214F2A01' -> Floor 'Unknown'
[2026-07-15 01:03:18] Tag Change: ID '00E2004718B63068218FAE01' -> Floor 'Unknown'
[2026-07-15 01:03:19] Tag Change: ID '00E2004714C4706821509201' -> Floor 'Unknown'
[2026-07-15 01:03:19] Tag Change: ID '00E2004714B1B068214F6601' -> Floor 'Unknown'
[2026-07-15 01:03:20] Tag Change: ID '00E2004718A54068218E9F01' -> Floor 'Unknown'
[2026-07-15 01:03:20] Tag Change: ID '00E2004714ACB068214F1601' -> Floor 'Unknown'
[2026-07-15 01:03:21] Tag Change: ID '00E2004714B1F068214F6A01' -> Floor 'Unknown'
[2026-07-15 01:03:22] Tag Change: ID '00E2004718A74068218EBF01' -> Floor 'Unknown'
[2026-07-15 01:03:22] Tag Change: ID '00E2004714B13068214F5E01' -> Floor 'Unknown'
[2026-07-15 01:03:22] Tag Change: ID '00E2004714AAF068214EFA01' -> Floor 'Unknown'
[2026-07-15 01:03:23] Tag Change: ID '00E2004718A70068218EBB01' -> Floor 'Unknown'
[2026-07-15 01:03:24] Tag Change: ID '00E2004714BF306821503E01' -> Floor 'Unknown'
[2026-07-15 01:03:24] Tag Change: ID '00E2004714A5B068214EA601' -> Floor 'Unknown'
[2026-07-15 01:03:25] Tag Change: ID '00E20047149AB068214DF601' -> Floor 'Unknown'
[2026-07-15 01:03:25] Tag Change: ID '00E2004718998068218DE301' -> Floor 'Unknown'
[2026-07-15 01:03:26] Tag Change: ID '00E2004714987068214DD201' -> Floor 'Unknown'
[2026-07-15 01:03:27] Tag Change: ID '00E20047149B3068214DFE01' -> Floor 'Unknown'
[2026-07-15 01:03:27] Tag Change: ID '00E20047189C0068218E0B01' -> Floor 'Unknown'
[2026-07-15 01:03:28] Tag Change: ID '00E20047149CB068214E1601' -> Floor 'Unknown'
[2026-07-15 01:03:28] Tag Change: ID '00E2004718A28068218E7301' -> Floor 'Unknown'
[2026-07-15 01:03:28] Tag Change: ID '00E2004714A3B068214E8601' -> Floor 'Unknown'
[2026-07-15 01:03:29] Tag Change: ID '00E200471432F06821477A01' -> Floor 'Unknown'
[2026-07-15 01:03:29] Tag Change: ID '00E2004718AA4068218EEF01' -> Floor 'Unknown'
[2026-07-15 01:03:30] Tag Change: ID '00E2004714C830682150CE01' -> Floor 'Unknown'
[2026-07-15 01:03:31] Tag Change: ID '00E2004714A1F068214E6A01' -> Floor 'Unknown'
[2026-07-15 01:03:31] Tag Change: ID '00E2004717820068217C6B01' -> Floor 'Unknown'
[2026-07-15 01:03:32] Tag Change: ID '00E2004714A07068214E5201' -> Floor 'Unknown'
[2026-07-15 01:03:32] Tag Change: ID '00E2004714A8F068214EDA01' -> Floor 'Unknown'
[2026-07-15 01:03:33] Tag Change: ID '00E20047149B7068214E0201' -> Floor 'Unknown'
[2026-07-15 01:03:33] Tag Change: ID '00E20047142EB06821473601' -> Floor 'Unknown'
[2026-07-15 01:03:34] Tag Change: ID '00E2004714CCB06821511601' -> Floor 'Unknown'
[2026-07-15 01:03:34] Tag Change: ID '00E2004714C8F0682150DA01' -> Floor 'Unknown'
[2026-07-15 01:03:35] Tag Change: ID '00E2004718A50068218E9B01' -> Floor 'Unknown'
[2026-07-15 01:03:35] Tag Change: ID '00E2004714BFB06821504601' -> Floor 'Unknown'
[2026-07-15 01:03:36] Tag Change: ID '00E200471433B06821478601' -> Floor 'Unknown'
[2026-07-15 01:03:36] Tag Change: ID '00E2004714CA30682150EE01' -> Floor 'Unknown'
[2026-07-15 01:03:37] Tag Change: ID '00E200471788C068217CD701' -> Floor 'Unknown'
[2026-07-15 01:04:17] Tag flapping: suppressed 18 repeated tag-change log lines in the last 73s
[2026-07-15 01:04:27] Tag Change: ID '00E2004714987068214DD201' -> Floor 'Unknown'
[2026-07-15 01:04:28] Tag Change: ID '00E20047149AB068214DF601' -> Floor 'Unknown'
[2026-07-15 01:04:28] Tag Change: ID '00E2004718998068218DE301' -> Floor 'Unknown'
[2026-07-15 01:04:29] Tag Change: ID '00E2004714A5B068214EA601' -> Floor 'Unknown'
[2026-07-15 01:04:29] Tag Change: ID '00E2004714BF306821503E01' -> Floor 'Unknown'
[2026-07-15 01:04:30] Tag Change: ID '00E2004718A70068218EBB01' -> Floor 'Unknown'
[2026-07-15 01:04:30] Tag Change: ID '00E2004714AAF068214EFA01' -> Floor 'Unknown'
[2026-07-15 01:04:31] Tag Change: ID '00E2004714B13068214F5E01' -> Floor 'Unknown'
[2026-07-15 01:04:31] Tag Change: ID '00E2004718A74068218EBF01' -> Floor 'Unknown'
[2026-07-15 01:04:32] Tag Change: ID '00E2004714B1F068214F6A01' -> Floor 'Unknown'
[2026-07-15 01:04:33] Tag Change: ID '00E2004714ACB068214F1601' -> Floor 'Unknown'
[2026-07-15 01:04:33] Tag Change: ID '00E2004718A54068218E9F01' -> Floor 'Unknown'
[2026-07-15 01:04:34] Tag Change: ID '00E2004714B1B068214F6601' -> Floor 'Unknown'
[2026-07-15 01:04:34] Tag Change: ID '00E2004714C4706821509201' -> Floor 'Unknown'
[2026-07-15 01:04:35] Tag Change: ID '00E2004718B63068218FAE01' -> Floor 'Unknown'
[2026-07-15 01:04:36] Tag Change: ID '00E2004714ADF068214F2A01' -> Floor 'Unknown'
[2026-07-15 01:04:36] Tag Change: ID '00E2004714AA3068214EEE01' -> Floor 'Unknown'
[2026-07-15 01:04:36] Tag Change: ID '00E2004718A14068218E5F01' -> Floor 'Unknown'
[2026-07-15 01:04:37] Tag Change: ID '00E2004717854068217C9F01' -> Floor 'Unknown'
[2026-07-15 01:04:38] Tag Change: ID '00E2004717890068217CDB01' -> Floor 'Unknown'
[2026-07-15 01:04:38] Tag Change: ID '00E200471753406821797F01' -> Floor 'Unknown'
[2026-07-15 01:04:39] Tag Change: ID '00E2004717884068217CCF01' -> Floor 'Unknown'
[2026-07-15 01:04:39] Tag Change: ID '00E20047178B0068217CFB01' -> Floor 'Unknown'
[2026-07-15 01:04:40] Tag Change: ID '00E200471756C0682179B701' -> Floor 'Unknown'
[2026-07-15 01:04:41] Tag Change: ID '00E200471785C068217CA701' -> Floor 'Unknown'
[2026-07-15 01:04:41] Tag Change: ID '00E2004717888068217CD301' -> Floor 'Unknown'
[2026-07-15 01:04:41] Tag Change: ID '00E200471751C06821796701' -> Floor 'Unknown'
[2026-07-15 01:04:42] Tag Change: ID '00E20047178E0068217D2B01' -> Floor 'Unknown'
[2026-07-15 01:04:43] Tag Change: ID '00E20047178CC068217D1701' -> Floor 'Unknown'
[2026-07-15 01:04:44] Tag Change: ID '00E20047174AC0682178F701' -> Floor 'Unknown'
[2026-07-15 01:04:44] Tag Change: ID '00E2004717914068217D5F01' -> Floor 'Unknown'
[2026-07-15 01:04:44] Tag Change: ID '00E2004718B7F068218FCA01' -> Floor 'Unknown'
[2026-07-15 01:04:45] Tag Change: ID '00E200471748C0682178D701' -> Floor 'Unknown'
[2026-07-15 01:04:46] Tag Change: ID '00E2004718B5F068218FAA01' -> Floor 'Unknown'
[2026-07-15 01:04:46] Tag Change: ID '00E2004718B5B068218FA601' -> Floor 'Unknown'
[2026-07-15 01:04:47] Tag Change: ID '00E20047175580682179A301' -> Floor 'Unknown'
[2026-07-15 01:04:47] Tag Change: ID '00E20047189E0068218E2B01' -> Floor 'Unknown'
[2026-07-15 01:04:48] Tag Change: ID '00E2004718978068218DC301' -> Floor 'Unknown'
[2026-07-15 01:04:48] Tag Change: ID '00E20047174E806821793301' -> Floor 'Unknown'
[2026-07-15 01:04:49] Tag Change: ID '00E20047142DF06821472A01' -> Floor 'Unknown'
[2026-07-15 01:04:50] Tag Change: ID '00E2004714C5B0682150A601' -> Floor 'Unknown'
[2026-07-15 01:04:50] Tag Change: ID '00E200471752006821796B01' -> Floor 'Unknown'
[2026-07-15 01:04:51] Tag Change: ID '00E2004714C970682150E201' -> Floor 'Unknown'
[2026-07-15 01:04:51] Tag Change: ID '00E2004717800068217C4B01' -> Floor 'Unknown'
[2026-07-15 01:04:52] Tag Change: ID '00E20047174D006821791B01' -> Floor 'Unknown'
[2026-07-15 01:04:53] Tag Change: ID '00E2004714D1F06821516A01' -> Floor 'Unknown'
[2026-07-15 01:04:53] Tag Change: ID '00E2004714D1B06821516601' -> Floor 'Unknown'
[2026-07-15 01:04:53] Tag Change: ID '00E20047174580682178A301' -> Floor 'Unknown'
[2026-07-15 01:04:54] Tag Change: ID '00E20047142E306821472E01' -> Floor 'Unknown'
[2026-07-15 01:04:55] Tag Change: ID '00E2004714CAF0682150FA01' -> Floor 'Unknown'
[2026-07-15 01:04:55] Tag Change: ID '00E20047177F7068217C4201' -> Floor 'Unknown'
[2026-07-15 01:04:56] Tag Change: ID '00E2004714D3306821517E01' -> Floor 'Unknown'
[2026-07-15 01:04:57] Tag Change: ID '00E200471763C068217A8701' -> Floor 'Unknown'
[2026-07-15 01:04:58] Tag Change: ID '00E2004718C7B0682190C601' -> Floor 'Unknown'
[2026-07-15 01:04:59] Tag Change: ID '00E2004714AEB068214F3601' -> Floor 'Unknown'
[2026-07-15 01:05:00] Tag Change: ID '00E20047175C4068217A0F01' -> Floor 'Unknown'
[2026-07-15 01:36:25] Tag Change: ID '00E2004714AEB068214F3601' -> Floor 'Unknown'
[2026-07-15 01:36:25] Tag flapping: suppressed 23 repeated tag-change log lines in the last 1927s
[2026-07-15 01:36:27] Tag Change: ID '00E2004718C7B0682190C601' -> Floor 'Unknown'
[2026-07-15 01:36:28] Tag Change: ID '00E200471763C068217A8701' -> Floor 'Unknown'
[2026-07-15 01:36:28] Tag Change: ID '00E2004714D3306821517E01' -> Floor 'Unknown'
[2026-07-15 01:36:29] Tag Change: ID '00E2004714AD3068214F1E01' -> Floor 'Unknown'
[2026-07-15 01:36:30] Tag Change: ID '00E20047177F7068217C4201' -> Floor 'Unknown'
[2026-07-15 01:36:30] Tag Change: ID '00E2004714CAF0682150FA01' -> Floor 'Unknown'
[2026-07-15 01:36:31] Tag Change: ID '00E20047142E306821472E01' -> Floor 'Unknown'
[2026-07-15 01:36:31] Tag Change: ID '00E20047174580682178A301' -> Floor 'Unknown'
[2026-07-15 01:36:32] Tag Change: ID '00E2004714D1B06821516601' -> Floor 'Unknown'
[2026-07-15 01:36:32] Tag Change: ID '00E2004714D1F06821516A01' -> Floor 'Unknown'
[2026-07-15 01:36:33] Tag Change: ID '00E20047174D006821791B01' -> Floor 'Unknown'
[2026-07-15 01:36:34] Tag Change: ID '00E2004717800068217C4B01' -> Floor 'Unknown'
[2026-07-15 01:36:34] Tag Change: ID '00E2004714C970682150E201' -> Floor 'Unknown'
[2026-07-15 01:36:35] Tag Change: ID '00E200471752006821796B01' -> Floor 'Unknown'
[2026-07-15 01:36:35] Tag Change: ID '00E2004714C5B0682150A601' -> Floor 'Unknown'
[2026-07-15 01:36:36] Tag Change: ID '00E20047142DF06821472A01' -> Floor 'Unknown'
[2026-07-15 01:36:37] Tag Change: ID '00E20047174E806821793301' -> Floor 'Unknown'
[2026-07-15 01:36:37] Tag Change: ID '00E2004718978068218DC301' -> Floor 'Unknown'
[2026-07-15 01:36:37] Tag Change: ID '00E20047189E0068218E2B01' -> Floor 'Unknown'
[2026-07-15 01:36:38] Tag Change: ID '00E20047175580682179A301' -> Floor 'Unknown'
[2026-07-15 01:36:38] Tag Change: ID '00E2004718B5B068218FA601' -> Floor 'Unknown'
[2026-07-15 01:36:39] Tag Change: ID '00E2004718B5F068218FAA01' -> Floor 'Unknown'
[2026-07-15 01:36:40] Tag Change: ID '00E200471748C0682178D701' -> Floor 'Unknown'
[2026-07-15 01:36:40] Tag Change: ID '00E2004718B7F068218FCA01' -> Floor 'Unknown'
[2026-07-15 01:36:41] Tag Change: ID '00E2004717914068217D5F01' -> Floor 'Unknown'
[2026-07-15 01:36:41] Tag Change: ID '00E20047174AC0682178F701' -> Floor 'Unknown'
[2026-07-15 01:36:42] Tag Change: ID '00E20047178CC068217D1701' -> Floor 'Unknown'
[2026-07-15 01:36:42] Tag Change: ID '00E20047178E0068217D2B01' -> Floor 'Unknown'
[2026-07-15 01:36:44] Tag Change: ID '00E200471751C06821796701' -> Floor 'Unknown'
[2026-07-15 01:36:46] Tag Change: ID '00E2004717888068217CD301' -> Floor 'Unknown'
[2026-07-15 01:37:20] Tag Change: ID '00E20047175C4068217A0F01' -> Floor 'Unknown'
[2026-07-15 01:37:45] Tag Change: ID '00E2004714AEB068214F3601' -> Floor 'Unknown'
[2026-07-15 01:37:45] Tag flapping: suppressed 38 repeated tag-change log lines in the last 75s
[2026-07-15 01:37:46] Tag Change: ID '00E2004718C7B0682190C601' -> Floor 'Unknown'
[2026-07-15 01:37:47] Tag Change: ID '00E200471763C068217A8701' -> Floor 'Unknown'
[2026-07-15 01:37:48] Tag Change: ID '00E2004714D3306821517E01' -> Floor 'Unknown'
[2026-07-15 01:37:49] Tag Change: ID '00E2004714AD3068214F1E01' -> Floor 'Unknown'
[2026-07-15 01:37:49] Tag Change: ID '00E20047177F7068217C4201' -> Floor 'Unknown'
[2026-07-15 01:37:50] Tag Change: ID '00E2004714CAF0682150FA01' -> Floor 'Unknown'
[2026-07-15 01:37:50] Tag Change: ID '00E20047142E306821472E01' -> Floor 'Unknown'
[2026-07-15 01:37:51] Tag Change: ID '00E20047174580682178A301' -> Floor 'Unknown'
[2026-07-15 01:37:52] Tag Change: ID '00E2004714D1B06821516601' -> Floor 'Unknown'
[2026-07-15 01:37:52] Tag Change: ID '00E2004714D1F06821516A01' -> Floor 'Unknown'
[2026-07-15 01:37:53] Tag Change: ID '00E20047174D006821791B01' -> Floor 'Unknown'
[2026-07-15 01:37:53] Tag Change: ID '00E2004717800068217C4B01' -> Floor 'Unknown'
[2026-07-15 01:37:54] Tag Change: ID '00E2004714C970682150E201' -> Floor 'Unknown'
[2026-07-15 01:37:55] Tag Change: ID '00E200471752006821796B01' -> Floor 'Unknown'
[2026-07-15 01:37:55] Tag Change: ID '00E2004714C5B0682150A601' -> Floor 'Unknown'
[2026-07-15 01:37:55] Tag Change: ID '00E20047142DF06821472A01' -> Floor 'Unknown'
[2026-07-15 01:37:56] Tag Change: ID '00E20047174E806821793301' -> Floor 'Unknown'
[2026-07-15 01:37:56] Tag Change: ID '00E2004718978068218DC301' -> Floor 'Unknown'
[2026-07-15 01:37:57] Tag Change: ID '00E20047189E0068218E2B01' -> Floor 'Unknown'
[2026-07-15 01:37:58] Tag Change: ID '00E20047175580682179A301' -> Floor 'Unknown'
[2026-07-15 01:37:58] Tag Change: ID '00E2004718B5B068218FA601' -> Floor 'Unknown'
[2026-07-15 01:37:59] Tag Change: ID '00E2004718B5F068218FAA01' -> Floor 'Unknown'
[2026-07-15 01:37:59] Tag Change: ID '00E200471748C0682178D701' -> Floor 'Unknown'
[2026-07-15 01:38:00] Tag Change: ID '00E2004718B7F068218FCA01' -> Floor 'Unknown'
[2026-07-15 01:38:00] Tag Change: ID '00E2004717914068217D5F01' -> Floor 'Unknown'
[2026-07-15 01:38:01] Tag Change: ID '00E20047174AC0682178F701' -> Floor 'Unknown'
[2026-07-15 01:38:02] Tag Change: ID '00E20047178CC068217D1701' -> Floor 'Unknown'
[2026-07-15 01:38:02] Tag Change: ID '00E20047178E0068217D2B01' -> Floor 'Unknown'
[2026-07-15 01:38:03] Tag Change: ID '00E200471751C06821796701' -> Floor 'Unknown'
[2026-07-15 01:38:03] Tag Change: ID '00E2004717888068217CD301' -> Floor 'Unknown'
[2026-07-15 01:38:04] Tag Change: ID '00E200471756C0682179B701' -> Floor 'Unknown'
[2026-07-15 01:38:05] Tag Change: ID '00E20047178B0068217CFB01' -> Floor 'Unknown'
[2026-07-15 01:38:06] Tag Change: ID '00E2004717884068217CCF01' -> Floor 'Unknown'
[2026-07-15 01:38:06] Tag Change: ID '00E200471753406821797F01' -> Floor 'Unknown'
[2026-07-15 01:38:07] Tag Change: ID '00E2004717890068217CDB01' -> Floor 'Unknown'
[2026-07-15 01:38:07] Tag Change: ID '00E2004717854068217C9F01' -> Floor 'Unknown'
[2026-07-15 01:38:08] Tag Change: ID '00E2004718A14068218E5F01' -> Floor 'Unknown'
[2026-07-15 01:38:09] Tag Change: ID '00E2004714AA3068214EEE01' -> Floor 'Unknown'
[2026-07-15 01:38:09] Tag Change: ID '00E2004714ADF068214F2A01' -> Floor 'Unknown'
[2026-07-15 01:38:10] Tag Change: ID '00E2004718B63068218FAE01' -> Floor 'Unknown'
[2026-07-15 01:38:10] Tag Change: ID '00E2004714C4706821509201' -> Floor 'Unknown'
[2026-07-15 01:38:10] Tag Change: ID '00E2004714B1B068214F6601' -> Floor 'Unknown'
[2026-07-15 01:38:11] Tag Change: ID '00E2004718A54068218E9F01' -> Floor 'Unknown'
[2026-07-15 01:38:12] Tag Change: ID '00E2004714ACB068214F1601' -> Floor 'Unknown'
[2026-07-15 01:38:12] Tag Change: ID '00E2004714B1F068214F6A01' -> Floor 'Unknown'
[2026-07-15 01:38:13] Tag Change: ID '00E2004718A74068218EBF01' -> Floor 'Unknown'
[2026-07-15 01:38:13] Tag Change: ID '00E2004714B13068214F5E01' -> Floor 'Unknown'
[2026-07-15 01:38:14] Tag Change: ID '00E2004714AAF068214EFA01' -> Floor 'Unknown'
[2026-07-15 01:38:14] Tag Change: ID '00E2004718A70068218EBB01' -> Floor 'Unknown'
[2026-07-15 01:38:15] Tag Change: ID '00E2004714BF306821503E01' -> Floor 'Unknown'
[2026-07-15 01:38:16] Tag Change: ID '00E2004714A5B068214EA601' -> Floor 'Unknown'
[2026-07-15 01:38:17] Tag Change: ID '00E20047149AB068214DF601' -> Floor 'Unknown'
[2026-07-15 01:38:17] Tag Change: ID '00E2004718998068218DE301' -> Floor 'Unknown'
[2026-07-15 01:38:55] Tag flapping: suppressed 236 repeated tag-change log lines in the last 60s
[2026-07-15 01:39:06] Tag Change: ID '00E200471753406821797F01' -> Floor 'Unknown'
[2026-07-15 01:39:07] Tag Change: ID '00E2004717884068217CCF01' -> Floor 'Unknown'
[2026-07-15 01:39:07] Tag Change: ID '00E20047178B0068217CFB01' -> Floor 'Unknown'
[2026-07-15 01:39:08] Tag Change: ID '00E200471756C0682179B701' -> Floor 'Unknown'
[2026-07-15 01:39:09] Tag Change: ID '00E200471785C068217CA701' -> Floor 'Unknown'
[2026-07-15 01:39:09] Tag Change: ID '00E2004717888068217CD301' -> Floor 'Unknown'
[2026-07-15 01:39:10] Tag Change: ID '00E200471751C06821796701' -> Floor 'Unknown'
[2026-07-15 01:39:10] Tag Change: ID '00E20047178E0068217D2B01' -> Floor 'Unknown'
[2026-07-15 01:39:11] Tag Change: ID '00E20047178CC068217D1701' -> Floor 'Unknown'
[2026-07-15 01:39:12] Tag Change: ID '00E20047174AC0682178F701' -> Floor 'Unknown'
[2026-07-15 01:39:12] Tag Change: ID '00E2004717914068217D5F01' -> Floor 'Unknown'
[2026-07-15 01:39:12] Tag Change: ID '00E2004718B7F068218FCA01' -> Floor 'Unknown'
[2026-07-15 01:39:13] Tag Change: ID '00E200471748C0682178D701' -> Floor 'Unknown'
[2026-07-15 01:39:14] Tag Change: ID '00E2004718B5F068218FAA01' -> Floor 'Unknown'
[2026-07-15 01:39:14] Tag Change: ID '00E2004718B5B068218FA601' -> Floor 'Unknown'
[2026-07-15 01:39:14] Tag Change: ID '00E20047175580682179A301' -> Floor 'Unknown'
[2026-07-15 01:39:16] Tag Change: ID '00E20047189E0068218E2B01' -> Floor 'Unknown'
[2026-07-15 01:39:16] Tag Change: ID '00E2004718978068218DC301' -> Floor 'Unknown'
[2026-07-15 01:39:16] Tag Change: ID '00E20047174E806821793301' -> Floor 'Unknown'
[2026-07-15 01:39:17] Tag Change: ID '00E20047142DF06821472A01' -> Floor 'Unknown'
[2026-07-15 01:39:18] Tag Change: ID '00E2004714C5B0682150A601' -> Floor 'Unknown'
[2026-07-15 01:39:18] Tag Change: ID '00E200471752006821796B01' -> Floor 'Unknown'
[2026-07-15 01:39:19] Tag Change: ID '00E2004714C970682150E201' -> Floor 'Unknown'
[2026-07-15 01:39:19] Tag Change: ID '00E2004717800068217C4B01' -> Floor 'Unknown'
[2026-07-15 01:39:20] Tag Change: ID '00E20047174D006821791B01' -> Floor 'Unknown'
[2026-07-15 01:39:21] Tag Change: ID '00E2004714D1F06821516A01' -> Floor 'Unknown'
[2026-07-15 01:39:21] Tag Change: ID '00E2004714D1B06821516601' -> Floor 'Unknown'
[2026-07-15 01:39:21] Tag Change: ID '00E20047174580682178A301' -> Floor 'Unknown'
[2026-07-15 01:39:22] Tag Change: ID '00E20047142E306821472E01' -> Floor 'Unknown'
[2026-07-15 01:39:23] Tag Change: ID '00E2004714CAF0682150FA01' -> Floor 'Unknown'
[2026-07-15 01:39:23] Tag Change: ID '00E20047177F7068217C4201' -> Floor 'Unknown'
[2026-07-15 01:39:24] Tag Change: ID '00E2004714AD3068214F1E01' -> Floor 'Unknown'
[2026-07-15 01:39:24] Tag Change: ID '00E2004714D3306821517E01' -> Floor 'Unknown'
[2026-07-15 01:39:25] Tag Change: ID '00E200471763C068217A8701' -> Floor 'Unknown'
[2026-07-15 01:39:26] Tag Change: ID '00E2004718C7B0682190C601' -> Floor 'Unknown'
[2026-07-15 01:39:28] Tag Change: ID '00E2004714AEB068214F3601' -> Floor 'Unknown'
[2026-07-15 01:39:28] Tag Change: ID '00E20047175C4068217A0F01' -> Floor 'Unknown'
[2026-07-15 03:40:24] Tag Change: ID '00E2004714AEB068214F3601' -> Floor 'Unknown'
[2026-07-15 03:40:24] Tag flapping: suppressed 27 repeated tag-change log lines in the last 7288s
[2026-07-15 03:40:25] Tag Change: ID '00E2004718C7B0682190C601' -> Floor 'Unknown'
[2026-07-15 03:40:26] Tag Change: ID '00E200471763C068217A8701' -> Floor 'Unknown'
[2026-07-15 03:40:27] Tag Change: ID '00E2004714D3306821517E01' -> Floor 'Unknown'
[2026-07-15 03:40:27] Tag Change: ID '00E2004714AD3068214F1E01' -> Floor 'Unknown'
[2026-07-15 03:40:28] Tag Change: ID '00E20047177F7068217C4201' -> Floor 'Unknown'
[2026-07-15 03:40:29] Tag Change: ID '00E2004714CAF0682150FA01' -> Floor 'Unknown'
[2026-07-15 03:40:29] Tag Change: ID '00E20047142E306821472E01' -> Floor 'Unknown'
[2026-07-15 03:40:30] Tag Change: ID '00E20047174580682178A301' -> Floor 'Unknown'
[2026-07-15 03:40:30] Tag Change: ID '00E2004714D1B06821516601' -> Floor 'Unknown'
[2026-07-15 03:40:31] Tag Change: ID '00E2004714D1F06821516A01' -> Floor 'Unknown'
[2026-07-15 03:40:32] Tag Change: ID '00E20047174D006821791B01' -> Floor 'Unknown'
[2026-07-15 03:40:32] Tag Change: ID '00E2004717800068217C4B01' -> Floor 'Unknown'
[2026-07-15 03:40:32] Tag Change: ID '00E2004714C970682150E201' -> Floor 'Unknown'
[2026-07-15 03:40:33] Tag Change: ID '00E200471752006821796B01' -> Floor 'Unknown'
[2026-07-15 03:40:34] Tag Change: ID '00E2004714C5B0682150A601' -> Floor 'Unknown'
[2026-07-15 03:40:34] Tag Change: ID '00E20047142DF06821472A01' -> Floor 'Unknown'
[2026-07-15 03:40:35] Tag Change: ID '00E20047174E806821793301' -> Floor 'Unknown'
[2026-07-15 03:40:35] Tag Change: ID '00E2004718978068218DC301' -> Floor 'Unknown'
[2026-07-15 03:40:36] Tag Change: ID '00E20047189E0068218E2B01' -> Floor 'Unknown'
[2026-07-15 03:40:37] Tag Change: ID '00E20047175580682179A301' -> Floor 'Unknown'
[2026-07-15 03:40:37] Tag Change: ID '00E2004718B5B068218FA601' -> Floor 'Unknown'
[2026-07-15 03:40:38] Tag Change: ID '00E2004718B5F068218FAA01' -> Floor 'Unknown'
[2026-07-15 03:40:38] Tag Change: ID '00E200471748C0682178D701' -> Floor 'Unknown'
[2026-07-15 03:40:39] Tag Change: ID '00E2004718B7F068218FCA01' -> Floor 'Unknown'
[2026-07-15 03:40:39] Tag Change: ID '00E2004717914068217D5F01' -> Floor 'Unknown'
[2026-07-15 03:40:40] Tag Change: ID '00E20047174AC0682178F701' -> Floor 'Unknown'
[2026-07-15 03:40:41] Tag Change: ID '00E20047178CC068217D1701' -> Floor 'Unknown'
[2026-07-15 03:40:41] Tag Change: ID '00E20047178E0068217D2B01' -> Floor 'Unknown'
[2026-07-15 03:40:42] Tag Change: ID '00E200471751C06821796701' -> Floor 'Unknown'
[2026-07-15 03:40:42] Tag Change: ID '00E2004717888068217CD301' -> Floor 'Unknown'
[2026-07-15 03:40:43] Tag Change: ID '00E200471785C068217CA701' -> Floor 'Unknown'
[2026-07-15 03:40:43] Tag Change: ID '00E200471756C0682179B701' -> Floor 'Unknown'
[2026-07-15 03:40:44] Tag Change: ID '00E20047178B0068217CFB01' -> Floor 'Unknown'
[2026-07-15 03:40:44] Tag Change: ID '00E2004717884068217CCF01' -> Floor 'Unknown'
[2026-07-15 03:40:45] Tag Change: ID '00E200471753406821797F01' -> Floor 'Unknown'
[2026-07-15 03:40:46] Tag Change: ID '00E2004717890068217CDB01' -> Floor 'Unknown'
[2026-07-15 03:40:46] Tag Change: ID '00E2004717854068217C9F01' -> Floor 'Unknown'
[2026-07-15 03:40:47] Tag Change: ID '00E2004718A14068218E5F01' -> Floor 'Unknown'
[2026-07-15 03:40:47] Tag Change: ID '00E2004714AA3068214EEE01' -> Floor 'Unknown'
[2026-07-15 03:40:48] Tag Change: ID '00E2004714ADF068214F2A01' -> Floor 'Unknown'
[2026-07-15 03:40:49] Tag Change: ID '00E2004718B63068218FAE01' -> Floor 'Unknown'
[2026-07-15 03:40:49] Tag Change: ID '00E2004714C4706821509201' -> Floor 'Unknown'
[2026-07-15 03:40:49] Tag Change: ID '00E2004714B1B068214F6601' -> Floor 'Unknown'
[2026-07-15 03:40:50] Tag Change: ID '00E2004718A54068218E9F01' -> Floor 'Unknown'
[2026-07-15 03:40:51] Tag Change: ID '00E2004714ACB068214F1601' -> Floor 'Unknown'
[2026-07-15 03:41:11] Tag Change: ID '00E2004714B1F068214F6A01' -> Floor 'Unknown'
[2026-07-15 03:41:12] Tag Change: ID '00E2004718A74068218EBF01' -> Floor 'Unknown'
[2026-07-15 03:41:13] Tag Change: ID '00E2004714B13068214F5E01' -> Floor 'Unknown'
[2026-07-15 03:41:13] Tag Change: ID '00E2004714AAF068214EFA01' -> Floor 'Unknown'
[2026-07-15 03:41:13] Tag Change: ID '00E2004718A70068218EBB01' -> Floor 'Unknown'
[2026-07-15 03:41:14] Tag Change: ID '00E2004714BF306821503E01' -> Floor 'Unknown'
[2026-07-15 03:41:15] Tag Change: ID '00E2004714A5B068214EA601' -> Floor 'Unknown'
[2026-07-15 03:41:16] Tag Change: ID '00E20047149AB068214DF601' -> Floor 'Unknown'
[2026-07-15 03:41:16] Tag Change: ID '00E2004718998068218DE301' -> Floor 'Unknown'
[2026-07-15 03:41:17] Tag Change: ID '00E2004714987068214DD201' -> Floor 'Unknown'
[2026-07-15 03:41:17] Tag Change: ID '00E20047149B3068214DFE01' -> Floor 'Unknown'
[2026-07-15 03:41:17] Tag Change: ID '00E20047189C0068218E0B01' -> Floor 'Unknown'
[2026-07-15 03:41:18] Tag Change: ID '00E20047149CB068214E1601' -> Floor 'Unknown'
[2026-07-15 03:41:18] Tag Change: ID '00E2004718A28068218E7301' -> Floor 'Unknown'
[2026-07-15 03:41:19] Tag Change: ID '00E2004714A3B068214E8601' -> Floor 'Unknown'
[2026-07-15 03:41:19] Tag Change: ID '00E200471432F06821477A01' -> Floor 'Unknown'
[2026-07-15 03:41:20] Tag Change: ID '00E2004718AA4068218EEF01' -> Floor 'Unknown'
[2026-07-15 03:41:21] Tag Change: ID '00E2004714C830682150CE01' -> Floor 'Unknown'
[2026-07-15 03:41:39] Tag flapping: suppressed 14 repeated tag-change log lines in the last 71s
[2026-07-15 03:41:49] Tag Change: ID '00E2004714B1B068214F6601' -> Floor 'Unknown'
[2026-07-15 03:41:50] Tag Change: ID '00E2004714C4706821509201' -> Floor 'Unknown'
[2026-07-15 03:41:50] Tag Change: ID '00E2004718B63068218FAE01' -> Floor 'Unknown'
[2026-07-15 03:41:51] Tag Change: ID '00E2004714ADF068214F2A01' -> Floor 'Unknown'
[2026-07-15 03:41:51] Tag Change: ID '00E2004718A14068218E5F01' -> Floor 'Unknown'
[2026-07-15 03:41:51] Tag Change: ID '00E2004714AA3068214EEE01' -> Floor 'Unknown'
[2026-07-15 03:41:53] Tag Change: ID '00E2004717854068217C9F01' -> Floor 'Unknown'
[2026-07-15 03:41:53] Tag Change: ID '00E2004717890068217CDB01' -> Floor 'Unknown'
[2026-07-15 03:41:54] Tag Change: ID '00E200471753406821797F01' -> Floor 'Unknown'
[2026-07-15 03:41:54] Tag Change: ID '00E2004717884068217CCF01' -> Floor 'Unknown'
[2026-07-15 03:41:55] Tag Change: ID '00E20047178B0068217CFB01' -> Floor 'Unknown'
[2026-07-15 03:41:56] Tag Change: ID '00E200471756C0682179B701' -> Floor 'Unknown'
[2026-07-15 03:41:57] Tag Change: ID '00E2004717888068217CD301' -> Floor 'Unknown'
[2026-07-15 03:41:57] Tag Change: ID '00E200471751C06821796701' -> Floor 'Unknown'
[2026-07-15 03:41:58] Tag Change: ID '00E20047178E0068217D2B01' -> Floor 'Unknown'
[2026-07-15 03:41:58] Tag Change: ID '00E20047178CC068217D1701' -> Floor 'Unknown'
[2026-07-15 03:41:59] Tag Change: ID '00E20047174AC0682178F701' -> Floor 'Unknown'
[2026-07-15 03:41:59] Tag Change: ID '00E2004717914068217D5F01' -> Floor 'Unknown'
[2026-07-15 03:42:00] Tag Change: ID '00E2004718B7F068218FCA01' -> Floor 'Unknown'
[2026-07-15 03:42:00] Tag Change: ID '00E200471748C0682178D701' -> Floor 'Unknown'
[2026-07-15 03:42:01] Tag Change: ID '00E2004718B5F068218FAA01' -> Floor 'Unknown'
[2026-07-15 03:42:02] Tag Change: ID '00E2004718B5B068218FA601' -> Floor 'Unknown'
[2026-07-15 03:42:02] Tag Change: ID '00E20047175580682179A301' -> Floor 'Unknown'
[2026-07-15 03:42:03] Tag Change: ID '00E20047189E0068218E2B01' -> Floor 'Unknown'
[2026-07-15 03:42:03] Tag Change: ID '00E2004718978068218DC301' -> Floor 'Unknown'
[2026-07-15 03:42:04] Tag Change: ID '00E20047174E806821793301' -> Floor 'Unknown'
[2026-07-15 03:42:04] Tag Change: ID '00E20047142DF06821472A01' -> Floor 'Unknown'
[2026-07-15 03:42:05] Tag Change: ID '00E2004714C5B0682150A601' -> Floor 'Unknown'
[2026-07-15 03:42:05] Tag Change: ID '00E200471752006821796B01' -> Floor 'Unknown'
[2026-07-15 03:42:06] Tag Change: ID '00E2004714C970682150E201' -> Floor 'Unknown'
[2026-07-15 03:42:07] Tag Change: ID '00E2004717800068217C4B01' -> Floor 'Unknown'
[2026-07-15 03:42:07] Tag Change: ID '00E20047174D006821791B01' -> Floor 'Unknown'
[2026-07-15 03:42:08] Tag Change: ID '00E2004714D1F06821516A01' -> Floor 'Unknown'
[2026-07-15 03:42:08] Tag Change: ID '00E2004714D1B06821516601' -> Floor 'Unknown'
[2026-07-15 03:42:09] Tag Change: ID '00E20047174580682178A301' -> Floor 'Unknown'
[2026-07-15 03:42:09] Tag Change: ID '00E20047142E306821472E01' -> Floor 'Unknown'
[2026-07-15 03:42:10] Tag Change: ID '00E2004714CAF0682150FA01' -> Floor 'Unknown'
[2026-07-15 03:42:11] Tag Change: ID '00E20047177F7068217C4201' -> Floor 'Unknown'
[2026-07-15 03:42:11] Tag Change: ID '00E2004714AD3068214F1E01' -> Floor 'Unknown'
[2026-07-15 03:42:12] Tag Change: ID '00E2004714D3306821517E01' -> Floor 'Unknown'
[2026-07-15 03:42:12] Tag Change: ID '00E200471763C068217A8701' -> Floor 'Unknown'
[2026-07-15 03:42:13] Tag Change: ID '00E2004718C7B0682190C601' -> Floor 'Unknown'
[2026-07-15 03:42:15] Tag Change: ID '00E2004714AEB068214F3601' -> Floor 'Unknown'
[2026-07-15 03:42:16] Tag Change: ID '00E20047175C4068217A0F01' -> Floor 'Unknown'
[2026-07-15 05:57:36] Tag Change: ID '00E2004714AEB068214F3601' -> Floor 'Unknown'
[2026-07-15 05:57:36] Tag flapping: suppressed 29 repeated tag-change log lines in the last 8156s
[2026-07-15 05:57:37] Tag Change: ID '00E2004718C7B0682190C601' -> Floor 'Unknown'
[2026-07-15 05:57:38] Tag Change: ID '00E200471763C068217A8701' -> Floor 'Unknown'
[2026-07-15 05:57:39] Tag Change: ID '00E2004714D3306821517E01' -> Floor 'Unknown'
[2026-07-15 05:57:40] Tag Change: ID '00E2004714AD3068214F1E01' -> Floor 'Unknown'
[2026-07-15 05:57:40] Tag Change: ID '00E20047177F7068217C4201' -> Floor 'Unknown'
[2026-07-15 05:57:41] Tag Change: ID '00E2004714CAF0682150FA01' -> Floor 'Unknown'
[2026-07-15 05:57:41] Tag Change: ID '00E20047142E306821472E01' -> Floor 'Unknown'
[2026-07-15 05:57:42] Tag Change: ID '00E20047174580682178A301' -> Floor 'Unknown'
[2026-07-15 05:57:42] Tag Change: ID '00E2004714D1B06821516601' -> Floor 'Unknown'
[2026-07-15 05:57:43] Tag Change: ID '00E2004714D1F06821516A01' -> Floor 'Unknown'
[2026-07-15 05:57:44] Tag Change: ID '00E20047174D006821791B01' -> Floor 'Unknown'
[2026-07-15 05:57:44] Tag Change: ID '00E2004717800068217C4B01' -> Floor 'Unknown'
[2026-07-15 05:57:44] Tag Change: ID '00E2004714C970682150E201' -> Floor 'Unknown'
[2026-07-15 05:57:45] Tag Change: ID '00E200471752006821796B01' -> Floor 'Unknown'
[2026-07-15 05:57:46] Tag Change: ID '00E2004714C5B0682150A601' -> Floor 'Unknown'
[2026-07-15 05:57:46] Tag Change: ID '00E20047142DF06821472A01' -> Floor 'Unknown'
[2026-07-15 05:57:47] Tag Change: ID '00E20047174E806821793301' -> Floor 'Unknown'
[2026-07-15 05:57:47] Tag Change: ID '00E2004718978068218DC301' -> Floor 'Unknown'
[2026-07-15 05:57:48] Tag Change: ID '00E20047189E0068218E2B01' -> Floor 'Unknown'
[2026-07-15 05:57:49] Tag Change: ID '00E20047175580682179A301' -> Floor 'Unknown'
[2026-07-15 05:57:50] Tag Change: ID '00E2004718B5B068218FA601' -> Floor 'Unknown'
[2026-07-15 05:58:19] Tag Change: ID '00E20047175C4068217A0F01' -> Floor 'Unknown'
[2026-07-15 06:07:10] Tag Change: ID '00E2004714AEB068214F3601' -> Floor 'Unknown'
[2026-07-15 06:07:10] Tag flapping: suppressed 27 repeated tag-change log lines in the last 559s
[2026-07-15 06:07:11] Tag Change: ID '00E2004718C7B0682190C601' -> Floor 'Unknown'
[2026-07-15 06:07:12] Tag Change: ID '00E200471763C068217A8701' -> Floor 'Unknown'
[2026-07-15 06:07:13] Tag Change: ID '00E2004714D3306821517E01' -> Floor 'Unknown'
[2026-07-15 06:07:13] Tag Change: ID '00E2004714AD3068214F1E01' -> Floor 'Unknown'
[2026-07-15 06:07:14] Tag Change: ID '00E20047177F7068217C4201' -> Floor 'Unknown'
[2026-07-15 06:07:14] Tag Change: ID '00E2004714CAF0682150FA01' -> Floor 'Unknown'
[2026-07-15 06:07:15] Tag Change: ID '00E20047142E306821472E01' -> Floor 'Unknown'
[2026-07-15 06:07:16] Tag Change: ID '00E20047174580682178A301' -> Floor 'Unknown'
[2026-07-15 06:07:16] Tag Change: ID '00E2004714D1B06821516601' -> Floor 'Unknown'
[2026-07-15 06:07:17] Tag Change: ID '00E2004714D1F06821516A01' -> Floor 'Unknown'
[2026-07-15 06:07:18] Tag Change: ID '00E20047174D006821791B01' -> Floor 'Unknown'
[2026-07-15 06:07:18] Tag Change: ID '00E2004717800068217C4B01' -> Floor 'Unknown'
[2026-07-15 06:07:18] Tag Change: ID '00E2004714C970682150E201' -> Floor 'Unknown'
[2026-07-15 06:07:19] Tag Change: ID '00E200471752006821796B01' -> Floor 'Unknown'
[2026-07-15 06:07:20] Tag Change: ID '00E2004714C5B0682150A601' -> Floor 'Unknown'
[2026-07-15 06:07:20] Tag Change: ID '00E20047142DF06821472A01' -> Floor 'Unknown'
[2026-07-15 06:07:21] Tag Change: ID '00E20047174E806821793301' -> Floor 'Unknown'
[2026-07-15 06:07:21] Tag Change: ID '00E2004718978068218DC301' -> Floor 'Unknown'
[2026-07-15 06:07:22] Tag Change: ID '00E20047189E0068218E2B01' -> Floor 'Unknown'
[2026-07-15 06:07:23] Tag Change: ID '00E20047175580682179A301' -> Floor 'Unknown'
[2026-07-15 06:07:23] Tag Change: ID '00E2004718B5B068218FA601' -> Floor 'Unknown'
[2026-07-15 06:07:23] Tag Change: ID '00E2004718B5F068218FAA01' -> Floor 'Unknown'
[2026-07-15 06:07:24] Tag Change: ID '00E200471748C0682178D701' -> Floor 'Unknown'
[2026-07-15 06:07:25] Tag Change: ID '00E2004718B7F068218FCA01' -> Floor 'Unknown'
[2026-07-15 06:07:25] Tag Change: ID '00E2004717914068217D5F01' -> Floor 'Unknown'
[2026-07-15 06:07:26] Tag Change: ID '00E20047174AC0682178F701' -> Floor 'Unknown'
[2026-07-15 06:07:26] Tag Change: ID '00E20047178CC068217D1701' -> Floor 'Unknown'
[2026-07-15 06:07:27] Tag Change: ID '00E20047178E0068217D2B01' -> Floor 'Unknown'
[2026-07-15 06:07:28] Tag Change: ID '00E200471751C06821796701' -> Floor 'Unknown'
[2026-07-15 06:07:28] Tag Change: ID '00E2004717888068217CD301' -> Floor 'Unknown'
[2026-07-15 06:07:29] Tag Change: ID '00E200471785C068217CA701' -> Floor 'Unknown'
[2026-07-15 06:07:29] Tag Change: ID '00E200471756C0682179B701' -> Floor 'Unknown'
[2026-07-15 06:07:30] Tag Change: ID '00E20047178B0068217CFB01' -> Floor 'Unknown'
[2026-07-15 06:07:30] Tag Change: ID '00E2004717884068217CCF01' -> Floor 'Unknown'
[2026-07-15 06:07:31] Tag Change: ID '00E200471753406821797F01' -> Floor 'Unknown'
[2026-07-15 06:07:31] Tag Change: ID '00E2004717890068217CDB01' -> Floor 'Unknown'
[2026-07-15 06:07:32] Tag Change: ID '00E2004717854068217C9F01' -> Floor 'Unknown'
[2026-07-15 06:07:33] Tag Change: ID '00E2004718A14068218E5F01' -> Floor 'Unknown'
[2026-07-15 06:07:33] Tag Change: ID '00E2004714AA3068214EEE01' -> Floor 'Unknown'
[2026-07-15 06:07:34] Tag Change: ID '00E2004714ADF068214F2A01' -> Floor 'Unknown'
[2026-07-15 06:07:34] Tag Change: ID '00E2004718B63068218FAE01' -> Floor 'Unknown'
[2026-07-15 06:07:35] Tag Change: ID '00E2004714C4706821509201' -> Floor 'Unknown'
[2026-07-15 06:07:35] Tag Change: ID '00E2004714B1B068214F6601' -> Floor 'Unknown'
[2026-07-15 06:07:36] Tag Change: ID '00E2004718A54068218E9F01' -> Floor 'Unknown'
[2026-07-15 06:07:36] Tag Change: ID '00E2004714ACB068214F1601' -> Floor 'Unknown'
[2026-07-15 06:07:37] Tag Change: ID '00E2004714B1F068214F6A01' -> Floor 'Unknown'
[2026-07-15 06:07:38] Tag Change: ID '00E2004718A74068218EBF01' -> Floor 'Unknown'
[2026-07-15 06:07:38] Tag Change: ID '00E2004714B13068214F5E01' -> Floor 'Unknown'
[2026-07-15 06:07:38] Tag Change: ID '00E2004714AAF068214EFA01' -> Floor 'Unknown'
[2026-07-15 06:07:39] Tag Change: ID '00E2004718A70068218EBB01' -> Floor 'Unknown'
[2026-07-15 06:07:40] Tag Change: ID '00E2004714BF306821503E01' -> Floor 'Unknown'
[2026-07-15 06:07:40] Tag Change: ID '00E2004714A5B068214EA601' -> Floor 'Unknown'
[2026-07-15 06:07:41] Tag Change: ID '00E2004718998068218DE301' -> Floor 'Unknown'
[2026-07-15 06:07:41] Tag Change: ID '00E20047149AB068214DF601' -> Floor 'Unknown'
[2026-07-15 06:07:42] Tag Change: ID '00E2004714987068214DD201' -> Floor 'Unknown'
[2026-07-15 06:07:43] Tag Change: ID '00E20047189C0068218E0B01' -> Floor 'Unknown'
[2026-07-15 06:07:43] Tag Change: ID '00E20047149B3068214DFE01' -> Floor 'Unknown'
[2026-07-15 06:07:44] Tag Change: ID '00E20047149CB068214E1601' -> Floor 'Unknown'
[2026-07-15 06:07:44] Tag Change: ID '00E2004718A28068218E7301' -> Floor 'Unknown'
[2026-07-15 06:07:45] Tag Change: ID '00E2004714A3B068214E8601' -> Floor 'Unknown'
[2026-07-15 06:07:45] Tag Change: ID '00E200471432F06821477A01' -> Floor 'Unknown'
[2026-07-15 06:07:46] Tag Change: ID '00E2004718AA4068218EEF01' -> Floor 'Unknown'
[2026-07-15 06:07:46] Tag Change: ID '00E2004714C830682150CE01' -> Floor 'Unknown'
[2026-07-15 06:07:47] Tag Change: ID '00E2004714A1F068214E6A01' -> Floor 'Unknown'
[2026-07-15 06:07:47] Tag Change: ID '00E2004717820068217C6B01' -> Floor 'Unknown'
[2026-07-15 06:07:48] Tag Change: ID '00E2004714A07068214E5201' -> Floor 'Unknown'
[2026-07-15 06:07:48] Tag Change: ID '00E2004714A8F068214EDA01' -> Floor 'Unknown'
[2026-07-15 06:07:49] Tag Change: ID '00E20047149B7068214E0201' -> Floor 'Unknown'
[2026-07-15 06:07:49] Tag Change: ID '00E20047142EB06821473601' -> Floor 'Unknown'
[2026-07-15 06:07:50] Tag Change: ID '00E2004714CCB06821511601' -> Floor 'Unknown'
[2026-07-15 06:07:50] Tag Change: ID '00E2004714C8F0682150DA01' -> Floor 'Unknown'
[2026-07-15 06:07:51] Tag Change: ID '00E2004718A50068218E9B01' -> Floor 'Unknown'
[2026-07-15 06:07:51] Tag Change: ID '00E2004714BFB06821504601' -> Floor 'Unknown'
[2026-07-15 06:07:52] Tag Change: ID '00E200471433B06821478601' -> Floor 'Unknown'
[2026-07-15 06:07:52] Tag Change: ID '00E2004714CA30682150EE01' -> Floor 'Unknown'
[2026-07-15 06:07:53] Tag Change: ID '00E200471788C068217CD701' -> Floor 'Unknown'
[2026-07-15 06:07:53] Tag Change: ID '00E2004714CF706821514201' -> Floor 'Unknown'
[2026-07-15 06:07:54] Tag Change: ID '00E2004718C5306821909E01' -> Floor 'Unknown'
[2026-07-15 06:07:54] Tag Change: ID '00E2004714B87068214FD201' -> Floor 'Unknown'
[2026-07-15 06:07:55] Tag Change: ID '00E2004714C3B06821508601' -> Floor 'Unknown'
[2026-07-15 06:07:56] Tag Change: ID '00E200471430306821474E01' -> Floor 'Unknown'
[2026-07-15 06:07:57] Tag Change: ID '00E2004714C1F06821506A01' -> Floor 'Unknown'
[2026-07-15 06:08:51] Tag flapping: suppressed 7 repeated tag-change log lines in the last 96s
[2026-07-15 06:08:54] Tag Change: ID '00E2004714CF706821514201' -> Floor 'Unknown'
[2026-07-15 06:08:54] Tag Change: ID '00E200471788C068217CD701' -> Floor 'Unknown'
[2026-07-15 06:08:55] Tag Change: ID '00E2004714CA30682150EE01' -> Floor 'Unknown'
[2026-07-15 06:08:55] Tag Change: ID '00E200471433B06821478601' -> Floor 'Unknown'
[2026-07-15 06:08:56] Tag Change: ID '00E2004714BFB06821504601' -> Floor 'Unknown'
[2026-07-15 06:08:56] Tag Change: ID '00E2004718A50068218E9B01' -> Floor 'Unknown'
[2026-07-15 06:08:57] Tag Change: ID '00E2004714C8F0682150DA01' -> Floor 'Unknown'
[2026-07-15 06:08:57] Tag Change: ID '00E2004714CCB06821511601' -> Floor 'Unknown'
[2026-07-15 06:08:58] Tag Change: ID '00E20047142EB06821473601' -> Floor 'Unknown'
[2026-07-15 06:08:58] Tag Change: ID '00E20047149B7068214E0201' -> Floor 'Unknown'
[2026-07-15 06:08:59] Tag Change: ID '00E2004714A8F068214EDA01' -> Floor 'Unknown'
[2026-07-15 06:08:59] Tag Change: ID '00E2004714A07068214E5201' -> Floor 'Unknown'
[2026-07-15 06:09:00] Tag Change: ID '00E2004717820068217C6B01' -> Floor 'Unknown'
[2026-07-15 06:09:00] Tag Change: ID '00E2004714A1F068214E6A01' -> Floor 'Unknown'
[2026-07-15 06:09:01] Tag Change: ID '00E2004714C830682150CE01' -> Floor 'Unknown'
[2026-07-15 06:09:01] Tag Change: ID '00E2004718AA4068218EEF01' -> Floor 'Unknown'
[2026-07-15 06:09:02] Tag Change: ID '00E200471432F06821477A01' -> Floor 'Unknown'
[2026-07-15 06:09:02] Tag Change: ID '00E2004714A3B068214E8601' -> Floor 'Unknown'
[2026-07-15 06:09:03] Tag Change: ID '00E2004718A28068218E7301' -> Floor 'Unknown'
[2026-07-15 06:09:04] Tag Change: ID '00E20047149CB068214E1601' -> Floor 'Unknown'
[2026-07-15 06:09:04] Tag Change: ID '00E20047149B3068214DFE01' -> Floor 'Unknown'
[2026-07-15 06:09:04] Tag Change: ID '00E20047189C0068218E0B01' -> Floor 'Unknown'
[2026-07-15 06:09:05] Tag Change: ID '00E2004714987068214DD201' -> Floor 'Unknown'
[2026-07-15 06:09:06] Tag Change: ID '00E20047149AB068214DF601' -> Floor 'Unknown'
[2026-07-15 06:09:06] Tag Change: ID '00E2004718998068218DE301' -> Floor 'Unknown'
[2026-07-15 06:09:07] Tag Change: ID '00E2004714A5B068214EA601' -> Floor 'Unknown'
[2026-07-15 06:09:07] Tag Change: ID '00E2004714BF306821503E01' -> Floor 'Unknown'
[2026-07-15 06:09:08] Tag Change: ID '00E2004718A70068218EBB01' -> Floor 'Unknown'
[2026-07-15 06:09:09] Tag Change: ID '00E2004714AAF068214EFA01' -> Floor 'Unknown'
[2026-07-15 06:09:09] Tag Change: ID '00E2004714B13068214F5E01' -> Floor 'Unknown'
[2026-07-15 06:09:09] Tag Change: ID '00E2004718A74068218EBF01' -> Floor 'Unknown'
[2026-07-15 06:09:10] Tag Change: ID '00E2004714B1F068214F6A01' -> Floor 'Unknown'
[2026-07-15 06:09:11] Tag Change: ID '00E2004714ACB068214F1601' -> Floor 'Unknown'
[2026-07-15 06:09:11] Tag Change: ID '00E2004718A54068218E9F01' -> Floor 'Unknown'
[2026-07-15 06:09:12] Tag Change: ID '00E2004714B1B068214F6601' -> Floor 'Unknown'
[2026-07-15 06:09:12] Tag Change: ID '00E2004714C4706821509201' -> Floor 'Unknown'
[2026-07-15 06:09:13] Tag Change: ID '00E2004718B63068218FAE01' -> Floor 'Unknown'
[2026-07-15 06:09:14] Tag Change: ID '00E2004714ADF068214F2A01' -> Floor 'Unknown'
[2026-07-15 06:09:14] Tag Change: ID '00E2004718A14068218E5F01' -> Floor 'Unknown'
[2026-07-15 06:09:14] Tag Change: ID '00E2004714AA3068214EEE01' -> Floor 'Unknown'
[2026-07-15 06:09:15] Tag Change: ID '00E2004717854068217C9F01' -> Floor 'Unknown'
[2026-07-15 06:09:16] Tag Change: ID '00E2004717890068217CDB01' -> Floor 'Unknown'
[2026-07-15 06:09:16] Tag Change: ID '00E200471753406821797F01' -> Floor 'Unknown'
[2026-07-15 06:09:17] Tag Change: ID '00E2004717884068217CCF01' -> Floor 'Unknown'
[2026-07-15 06:09:17] Tag Change: ID '00E20047178B0068217CFB01' -> Floor 'Unknown'
[2026-07-15 06:09:18] Tag Change: ID '00E200471756C0682179B701' -> Floor 'Unknown'
[2026-07-15 06:09:19] Tag Change: ID '00E200471785C068217CA701' -> Floor 'Unknown'
[2026-07-15 06:09:19] Tag Change: ID '00E2004717888068217CD301' -> Floor 'Unknown'
[2026-07-15 06:09:19] Tag Change: ID '00E200471751C06821796701' -> Floor 'Unknown'
[2026-07-15 06:09:20] Tag Change: ID '00E20047178E0068217D2B01' -> Floor 'Unknown'
[2026-07-15 06:09:21] Tag Change: ID '00E20047178CC068217D1701' -> Floor 'Unknown'
[2026-07-15 06:09:21] Tag Change: ID '00E20047174AC0682178F701' -> Floor 'Unknown'
[2026-07-15 06:09:22] Tag Change: ID '00E2004717914068217D5F01' -> Floor 'Unknown'
[2026-07-15 06:09:22] Tag Change: ID '00E2004718B7F068218FCA01' -> Floor 'Unknown'
[2026-07-15 06:09:23] Tag Change: ID '00E200471748C0682178D701' -> Floor 'Unknown'
[2026-07-15 06:09:24] Tag Change: ID '00E2004718B5F068218FAA01' -> Floor 'Unknown'
[2026-07-15 06:09:24] Tag Change: ID '00E2004718B5B068218FA601' -> Floor 'Unknown'
[2026-07-15 06:09:24] Tag Change: ID '00E20047175580682179A301' -> Floor 'Unknown'
[2026-07-15 06:09:25] Tag Change: ID '00E20047189E0068218E2B01' -> Floor 'Unknown'
[2026-07-15 06:09:26] Tag Change: ID '00E2004718978068218DC301' -> Floor 'Unknown'
[2026-07-15 06:09:26] Tag Change: ID '00E20047174E806821793301' -> Floor 'Unknown'
[2026-07-15 06:09:27] Tag Change: ID '00E20047142DF06821472A01' -> Floor 'Unknown'
[2026-07-15 06:09:28] Tag Change: ID '00E2004714C5B0682150A601' -> Floor 'Unknown'
[2026-07-15 06:09:28] Tag Change: ID '00E200471752006821796B01' -> Floor 'Unknown'
[2026-07-15 06:09:29] Tag Change: ID '00E2004714C970682150E201' -> Floor 'Unknown'
[2026-07-15 06:09:29] Tag Change: ID '00E2004717800068217C4B01' -> Floor 'Unknown'
[2026-07-15 06:09:29] Tag Change: ID '00E20047174D006821791B01' -> Floor 'Unknown'
[2026-07-15 06:09:30] Tag Change: ID '00E2004714D1F06821516A01' -> Floor 'Unknown'
[2026-07-15 06:09:31] Tag Change: ID '00E2004714D1B06821516601' -> Floor 'Unknown'
[2026-07-15 06:09:31] Tag Change: ID '00E20047174580682178A301' -> Floor 'Unknown'
[2026-07-15 06:09:32] Tag Change: ID '00E20047142E306821472E01' -> Floor 'Unknown'
[2026-07-15 06:09:33] Tag Change: ID '00E2004714CAF0682150FA01' -> Floor 'Unknown'
[2026-07-15 06:09:33] Tag Change: ID '00E20047177F7068217C4201' -> Floor 'Unknown'
[2026-07-15 06:09:34] Tag Change: ID '00E2004714AD3068214F1E01' -> Floor 'Unknown'
[2026-07-15 06:09:34] Tag Change: ID '00E2004714D3306821517E01' -> Floor 'Unknown'
[2026-07-15 06:09:35] Tag Change: ID '00E200471763C068217A8701' -> Floor 'Unknown'
[2026-07-15 06:09:36] Tag Change: ID '00E2004718C7B0682190C601' -> Floor 'Unknown'
[2026-07-15 06:09:37] Tag Change: ID '00E2004714AEB068214F3601' -> Floor 'Unknown'
[2026-07-15 06:09:38] Tag Change: ID '00E20047175C4068217A0F01' -> Floor 'Unknown'
[2026-07-15 06:16:48] Tag Change: ID '00E2004714AEB068214F3601' -> Floor 'Unknown'
[2026-07-15 06:16:48] Tag flapping: suppressed 22 repeated tag-change log lines in the last 475s
[2026-07-15 06:16:50] Tag Change: ID '00E2004718C7B0682190C601' -> Floor 'Unknown'
[2026-07-15 06:16:51] Tag Change: ID '00E200471763C068217A8701' -> Floor 'Unknown'
[2026-07-15 06:16:52] Tag Change: ID '00E2004714D3306821517E01' -> Floor 'Unknown'
[2026-07-15 06:16:52] Tag Change: ID '00E2004714AD3068214F1E01' -> Floor 'Unknown'
[2026-07-15 06:16:53] Tag Change: ID '00E20047177F7068217C4201' -> Floor 'Unknown'
[2026-07-15 06:16:53] Tag Change: ID '00E2004714CAF0682150FA01' -> Floor 'Unknown'
[2026-07-15 06:16:54] Tag Change: ID '00E20047142E306821472E01' -> Floor 'Unknown'
[2026-07-15 06:16:55] Tag Change: ID '00E20047174580682178A301' -> Floor 'Unknown'
[2026-07-15 06:16:55] Tag Change: ID '00E2004714D1B06821516601' -> Floor 'Unknown'
[2026-07-15 06:16:55] Tag Change: ID '00E2004714D1F06821516A01' -> Floor 'Unknown'
[2026-07-15 06:16:56] Tag Change: ID '00E20047174D006821791B01' -> Floor 'Unknown'
[2026-07-15 06:16:57] Tag Change: ID '00E2004717800068217C4B01' -> Floor 'Unknown'
[2026-07-15 06:16:57] Tag Change: ID '00E2004714C970682150E201' -> Floor 'Unknown'
[2026-07-15 06:16:58] Tag Change: ID '00E200471752006821796B01' -> Floor 'Unknown'
[2026-07-15 06:16:58] Tag Change: ID '00E2004714C5B0682150A601' -> Floor 'Unknown'
[2026-07-15 06:16:59] Tag Change: ID '00E20047142DF06821472A01' -> Floor 'Unknown'
[2026-07-15 06:17:00] Tag Change: ID '00E20047174E806821793301' -> Floor 'Unknown'
[2026-07-15 06:17:00] Tag Change: ID '00E2004718978068218DC301' -> Floor 'Unknown'
[2026-07-15 06:17:00] Tag Change: ID '00E20047189E0068218E2B01' -> Floor 'Unknown'
[2026-07-15 06:17:02] Tag Change: ID '00E20047175580682179A301' -> Floor 'Unknown'
[2026-07-15 06:17:02] Tag Change: ID '00E2004718B5B068218FA601' -> Floor 'Unknown'
[2026-07-15 06:17:51] Tag Change: ID '00E200471763C068217A8701' -> Floor 'Unknown'
[2026-07-15 06:17:52] Tag Change: ID '00E2004718C7B0682190C601' -> Floor 'Unknown'
[2026-07-15 06:17:54] Tag Change: ID '00E2004714AEB068214F3601' -> Floor 'Unknown'
[2026-07-15 06:17:54] Tag flapping: suppressed 26 repeated tag-change log lines in the last 60s
[2026-07-15 06:17:55] Tag Change: ID '00E20047175C4068217A0F01' -> Floor 'Unknown'
[2026-07-15 06:19:38] Tag Change: ID '00E2004714AEB068214F3601' -> Floor 'Unknown'
[2026-07-15 06:19:40] Tag Change: ID '00E2004718C7B0682190C601' -> Floor 'Unknown'
[2026-07-15 06:19:41] Tag Change: ID '00E200471763C068217A8701' -> Floor 'Unknown'
[2026-07-15 06:19:42] Tag Change: ID '00E2004714D3306821517E01' -> Floor 'Unknown'
[2026-07-15 06:19:42] Tag Change: ID '00E2004714AD3068214F1E01' -> Floor 'Unknown'
[2026-07-15 06:19:43] Tag Change: ID '00E20047177F7068217C4201' -> Floor 'Unknown'
[2026-07-15 06:19:43] Tag Change: ID '00E2004714CAF0682150FA01' -> Floor 'Unknown'
[2026-07-15 06:19:44] Tag Change: ID '00E20047142E306821472E01' -> Floor 'Unknown'
[2026-07-15 06:19:45] Tag Change: ID '00E20047174580682178A301' -> Floor 'Unknown'
[2026-07-15 06:19:45] Tag Change: ID '00E2004714D1B06821516601' -> Floor 'Unknown'
[2026-07-15 06:19:45] Tag Change: ID '00E2004714D1F06821516A01' -> Floor 'Unknown'
[2026-07-15 06:19:46] Tag Change: ID '00E20047174D006821791B01' -> Floor 'Unknown'
[2026-07-15 06:19:47] Tag Change: ID '00E2004717800068217C4B01' -> Floor 'Unknown'
[2026-07-15 06:19:47] Tag Change: ID '00E2004714C970682150E201' -> Floor 'Unknown'
[2026-07-15 06:19:48] Tag Change: ID '00E200471752006821796B01' -> Floor 'Unknown'
[2026-07-15 06:19:48] Tag Change: ID '00E2004714C5B0682150A601' -> Floor 'Unknown'
[2026-07-15 06:19:49] Tag Change: ID '00E20047142DF06821472A01' -> Floor 'Unknown'
[2026-07-15 06:19:50] Tag Change: ID '00E20047174E806821793301' -> Floor 'Unknown'
[2026-07-15 06:19:50] Tag Change: ID '00E2004718978068218DC301' -> Floor 'Unknown'
[2026-07-15 06:19:50] Tag Change: ID '00E20047189E0068218E2B01' -> Floor 'Unknown'
[2026-07-15 06:19:51] Tag Change: ID '00E20047175580682179A301' -> Floor 'Unknown'
[2026-07-15 06:19:52] Tag Change: ID '00E2004718B5B068218FA601' -> Floor 'Unknown'
[2026-07-15 06:19:52] Tag Change: ID '00E2004718B5F068218FAA01' -> Floor 'Unknown'
[2026-07-15 06:19:53] Tag Change: ID '00E200471748C0682178D701' -> Floor 'Unknown'
[2026-07-15 06:19:53] Tag Change: ID '00E2004718B7F068218FCA01' -> Floor 'Unknown'
[2026-07-15 06:19:54] Tag Change: ID '00E2004717914068217D5F01' -> Floor 'Unknown'
[2026-07-15 06:19:54] Tag Change: ID '00E20047174AC0682178F701' -> Floor 'Unknown'
[2026-07-15 06:19:55] Tag Change: ID '00E20047178CC068217D1701' -> Floor 'Unknown'
[2026-07-15 06:19:55] Tag Change: ID '00E20047178E0068217D2B01' -> Floor 'Unknown'
[2026-07-15 06:19:56] Tag Change: ID '00E200471751C06821796701' -> Floor 'Unknown'
[2026-07-15 06:19:57] Tag Change: ID '00E2004717888068217CD301' -> Floor 'Unknown'
[2026-07-15 06:19:57] Tag Change: ID '00E200471785C068217CA701' -> Floor 'Unknown'
[2026-07-15 06:19:58] Tag Change: ID '00E200471756C0682179B701' -> Floor 'Unknown'
[2026-07-15 06:19:59] Tag Change: ID '00E20047178B0068217CFB01' -> Floor 'Unknown'
[2026-07-15 06:20:37] Tag Change: ID '00E20047175C4068217A0F01' -> Floor 'Unknown'
[2026-07-15 06:23:11] Tag Change: ID '00E2004714AEB068214F3601' -> Floor 'Unknown'
[2026-07-15 06:23:11] Tag flapping: suppressed 39 repeated tag-change log lines in the last 174s
[2026-07-15 06:23:13] Tag Change: ID '00E2004718C7B0682190C601' -> Floor 'Unknown'
[2026-07-15 06:23:14] Tag Change: ID '00E200471763C068217A8701' -> Floor 'Unknown'
[2026-07-15 06:23:14] Tag Change: ID '00E2004714D3306821517E01' -> Floor 'Unknown'
[2026-07-15 06:23:15] Tag Change: ID '00E2004714AD3068214F1E01' -> Floor 'Unknown'
[2026-07-15 06:23:16] Tag Change: ID '00E20047177F7068217C4201' -> Floor 'Unknown'
[2026-07-15 06:23:16] Tag Change: ID '00E2004714CAF0682150FA01' -> Floor 'Unknown'
[2026-07-15 06:23:16] Tag Change: ID '00E20047142E306821472E01' -> Floor 'Unknown'
[2026-07-15 06:23:17] Tag Change: ID '00E20047174580682178A301' -> Floor 'Unknown'
[2026-07-15 06:23:18] Tag Change: ID '00E2004714D1B06821516601' -> Floor 'Unknown'
[2026-07-15 06:23:18] Tag Change: ID '00E2004714D1F06821516A01' -> Floor 'Unknown'
[2026-07-15 06:23:19] Tag Change: ID '00E20047174D006821791B01' -> Floor 'Unknown'
[2026-07-15 06:23:19] Tag Change: ID '00E2004717800068217C4B01' -> Floor 'Unknown'
[2026-07-15 06:23:20] Tag Change: ID '00E2004714C970682150E201' -> Floor 'Unknown'
[2026-07-15 06:23:21] Tag Change: ID '00E200471752006821796B01' -> Floor 'Unknown'
[2026-07-15 06:23:21] Tag Change: ID '00E2004714C5B0682150A601' -> Floor 'Unknown'
[2026-07-15 06:23:22] Tag Change: ID '00E20047142DF06821472A01' -> Floor 'Unknown'
[2026-07-15 06:23:22] Tag Change: ID '00E20047174E806821793301' -> Floor 'Unknown'
[2026-07-15 06:23:23] Tag Change: ID '00E2004718978068218DC301' -> Floor 'Unknown'
[2026-07-15 06:23:23] Tag Change: ID '00E20047189E0068218E2B01' -> Floor 'Unknown'
[2026-07-15 06:23:24] Tag Change: ID '00E20047175580682179A301' -> Floor 'Unknown'
[2026-07-15 06:23:25] Tag Change: ID '00E2004718B5B068218FA601' -> Floor 'Unknown'
[2026-07-15 06:24:33] Tag Change: ID '00E2004714AEB068214F3601' -> Floor 'Unknown'
[2026-07-15 06:24:33] Tag flapping: suppressed 32 repeated tag-change log lines in the last 71s
[2026-07-15 06:24:34] Tag Change: ID '00E20047175C4068217A0F01' -> Floor 'Unknown'
[2026-07-15 06:36:25] Tag Change: ID '00E2004714AEB068214F3601' -> Floor 'Unknown'
[2026-07-15 06:36:27] Tag Change: ID '00E2004718C7B0682190C601' -> Floor 'Unknown'
[2026-07-15 06:36:28] Tag Change: ID '00E200471763C068217A8701' -> Floor 'Unknown'
[2026-07-15 06:36:28] Tag Change: ID '00E2004714D3306821517E01' -> Floor 'Unknown'
[2026-07-15 06:36:29] Tag Change: ID '00E2004714AD3068214F1E01' -> Floor 'Unknown'
[2026-07-15 06:36:30] Tag Change: ID '00E20047177F7068217C4201' -> Floor 'Unknown'
[2026-07-15 06:36:30] Tag Change: ID '00E2004714CAF0682150FA01' -> Floor 'Unknown'
[2026-07-15 06:36:30] Tag Change: ID '00E20047142E306821472E01' -> Floor 'Unknown'
[2026-07-15 06:36:31] Tag Change: ID '00E20047174580682178A301' -> Floor 'Unknown'
[2026-07-15 06:36:32] Tag Change: ID '00E2004714D1B06821516601' -> Floor 'Unknown'
[2026-07-15 06:36:32] Tag Change: ID '00E2004714D1F06821516A01' -> Floor 'Unknown'
[2026-07-15 06:36:33] Tag Change: ID '00E20047174D006821791B01' -> Floor 'Unknown'
[2026-07-15 06:36:33] Tag Change: ID '00E2004717800068217C4B01' -> Floor 'Unknown'
[2026-07-15 06:36:34] Tag Change: ID '00E2004714C970682150E201' -> Floor 'Unknown'
[2026-07-15 06:36:35] Tag Change: ID '00E200471752006821796B01' -> Floor 'Unknown'
[2026-07-15 06:36:35] Tag Change: ID '00E2004714C5B0682150A601' -> Floor 'Unknown'
[2026-07-15 06:36:36] Tag Change: ID '00E20047142DF06821472A01' -> Floor 'Unknown'
[2026-07-15 06:36:37] Tag Change: ID '00E20047174E806821793301' -> Floor 'Unknown'
[2026-07-15 06:36:37] Tag Change: ID '00E2004718978068218DC301' -> Floor 'Unknown'
[2026-07-15 06:36:37] Tag Change: ID '00E20047189E0068218E2B01' -> Floor 'Unknown'
[2026-07-15 06:36:38] Tag Change: ID '00E20047175580682179A301' -> Floor 'Unknown'
[2026-07-15 06:36:38] Tag Change: ID '00E2004718B5B068218FA601' -> Floor 'Unknown'
[2026-07-15 06:36:39] Tag Change: ID '00E2004718B5F068218FAA01' -> Floor 'Unknown'
[2026-07-15 06:36:40] Tag Change: ID '00E200471748C0682178D701' -> Floor 'Unknown'
[2026-07-15 06:36:40] Tag Change: ID '00E2004718B7F068218FCA01' -> Floor 'Unknown'
[2026-07-15 06:36:41] Tag Change: ID '00E2004717914068217D5F01' -> Floor 'Unknown'
[2026-07-15 06:36:41] Tag Change: ID '00E20047174AC0682178F701' -> Floor 'Unknown'
[2026-07-15 06:36:42] Tag Change: ID '00E20047178CC068217D1701' -> Floor 'Unknown'
[2026-07-15 06:36:42] Tag Change: ID '00E20047178E0068217D2B01' -> Floor 'Unknown'
[2026-07-15 06:36:44] Tag Change: ID '00E200471751C06821796701' -> Floor 'Unknown'
[2026-07-15 06:36:46] Tag Change: ID '00E2004717888068217CD301' -> Floor 'Unknown'
[2026-07-15 06:37:20] Tag Change: ID '00E20047175C4068217A0F01' -> Floor 'Unknown'
[2026-07-15 06:48:50] Tag Change: ID '00E2004714AEB068214F3601' -> Floor 'Unknown'
[2026-07-15 06:48:50] Tag flapping: suppressed 33 repeated tag-change log lines in the last 734s
[2026-07-15 06:48:52] Tag Change: ID '00E2004718C7B0682190C601' -> Floor 'Unknown'
[2026-07-15 06:48:53] Tag Change: ID '00E200471763C068217A8701' -> Floor 'Unknown'
[2026-07-15 06:48:53] Tag Change: ID '00E2004714D3306821517E01' -> Floor 'Unknown'
[2026-07-15 06:48:54] Tag Change: ID '00E2004714AD3068214F1E01' -> Floor 'Unknown'
[2026-07-15 06:48:55] Tag Change: ID '00E20047177F7068217C4201' -> Floor 'Unknown'
[2026-07-15 06:48:55] Tag Change: ID '00E2004714CAF0682150FA01' -> Floor 'Unknown'
[2026-07-15 06:49:18] Tag Change: ID '00E20047175C4068217A0F01' -> Floor 'Unknown'
[2026-07-15 06:50:37] Tag Change: ID '00E2004714AEB068214F3601' -> Floor 'Unknown'
[2026-07-15 06:50:37] Tag flapping: suppressed 10 repeated tag-change log lines in the last 101s
[2026-07-15 06:50:38] Tag Change: ID '00E2004718C7B0682190C601' -> Floor 'Unknown'
[2026-07-15 06:50:40] Tag Change: ID '00E200471763C068217A8701' -> Floor 'Unknown'
[2026-07-15 06:50:40] Tag Change: ID '00E2004714D3306821517E01' -> Floor 'Unknown'
[2026-07-15 06:50:41] Tag Change: ID '00E2004714AD3068214F1E01' -> Floor 'Unknown'
[2026-07-15 06:50:41] Tag Change: ID '00E20047177F7068217C4201' -> Floor 'Unknown'
[2026-07-15 06:50:42] Tag Change: ID '00E2004714CAF0682150FA01' -> Floor 'Unknown'
[2026-07-15 06:50:42] Tag Change: ID '00E20047142E306821472E01' -> Floor 'Unknown'
[2026-07-15 06:50:43] Tag Change: ID '00E20047174580682178A301' -> Floor 'Unknown'
[2026-07-15 06:50:44] Tag Change: ID '00E2004714D1B06821516601' -> Floor 'Unknown'
[2026-07-15 06:50:44] Tag Change: ID '00E2004714D1F06821516A01' -> Floor 'Unknown'
[2026-07-15 06:50:45] Tag Change: ID '00E20047174D006821791B01' -> Floor 'Unknown'
[2026-07-15 06:50:45] Tag Change: ID '00E2004717800068217C4B01' -> Floor 'Unknown'
[2026-07-15 06:50:46] Tag Change: ID '00E2004714C970682150E201' -> Floor 'Unknown'
[2026-07-15 06:50:47] Tag Change: ID '00E200471752006821796B01' -> Floor 'Unknown'
[2026-07-15 06:50:47] Tag Change: ID '00E2004714C5B0682150A601' -> Floor 'Unknown'
[2026-07-15 06:50:48] Tag Change: ID '00E20047142DF06821472A01' -> Floor 'Unknown'
[2026-07-15 06:50:48] Tag Change: ID '00E20047174E806821793301' -> Floor 'Unknown'
[2026-07-15 06:50:49] Tag Change: ID '00E2004718978068218DC301' -> Floor 'Unknown'
[2026-07-15 06:50:49] Tag Change: ID '00E20047189E0068218E2B01' -> Floor 'Unknown'
[2026-07-15 06:50:50] Tag Change: ID '00E20047175580682179A301' -> Floor 'Unknown'
[2026-07-15 06:50:50] Tag Change: ID '00E2004718B5B068218FA601' -> Floor 'Unknown'
[2026-07-15 06:50:51] Tag Change: ID '00E2004718B5F068218FAA01' -> Floor 'Unknown'
[2026-07-15 06:50:52] Tag Change: ID '00E200471748C0682178D701' -> Floor 'Unknown'
[2026-07-15 06:50:52] Tag Change: ID '00E2004718B7F068218FCA01' -> Floor 'Unknown'
[2026-07-15 06:50:52] Tag Change: ID '00E2004717914068217D5F01' -> Floor 'Unknown'
[2026-07-15 06:50:53] Tag Change: ID '00E20047174AC0682178F701' -> Floor 'Unknown'
[2026-07-15 06:50:54] Tag Change: ID '00E20047178CC068217D1701' -> Floor 'Unknown'
[2026-07-15 06:50:54] Tag Change: ID '00E20047178E0068217D2B01' -> Floor 'Unknown'
[2026-07-15 06:50:55] Tag Change: ID '00E200471751C06821796701' -> Floor 'Unknown'
[2026-07-15 06:50:56] Tag Change: ID '00E2004717888068217CD301' -> Floor 'Unknown'
[2026-07-15 06:50:56] Tag Change: ID '00E200471785C068217CA701' -> Floor 'Unknown'
[2026-07-15 06:50:56] Tag Change: ID '00E200471756C0682179B701' -> Floor 'Unknown'
[2026-07-15 06:50:57] Tag Change: ID '00E20047178B0068217CFB01' -> Floor 'Unknown'
[2026-07-15 06:50:57] Tag Change: ID '00E2004717884068217CCF01' -> Floor 'Unknown'
[2026-07-15 06:50:58] Tag Change: ID '00E200471753406821797F01' -> Floor 'Unknown'
[2026-07-15 06:50:59] Tag Change: ID '00E2004717890068217CDB01' -> Floor 'Unknown'
[2026-07-15 06:50:59] Tag Change: ID '00E2004717854068217C9F01' -> Floor 'Unknown'
[2026-07-15 06:51:01] Tag Change: ID '00E2004718A14068218E5F01' -> Floor 'Unknown'
[2026-07-15 06:51:01] Tag Change: ID '00E2004714AA3068214EEE01' -> Floor 'Unknown'
[2026-07-15 06:51:01] Tag Change: ID '00E2004714ADF068214F2A01' -> Floor 'Unknown'
[2026-07-15 06:51:02] Tag Change: ID '00E2004718B63068218FAE01' -> Floor 'Unknown'
[2026-07-15 06:51:02] Tag Change: ID '00E2004714C4706821509201' -> Floor 'Unknown'
[2026-07-15 06:51:02] Tag Change: ID '00E2004714B1B068214F6601' -> Floor 'Unknown'
[2026-07-15 06:51:03] Tag Change: ID '00E2004718A54068218E9F01' -> Floor 'Unknown'
[2026-07-15 06:51:04] Tag Change: ID '00E2004714ACB068214F1601' -> Floor 'Unknown'
[2026-07-15 06:51:04] Tag Change: ID '00E2004714B1F068214F6A01' -> Floor 'Unknown'
[2026-07-15 06:51:05] Tag Change: ID '00E2004718A74068218EBF01' -> Floor 'Unknown'
[2026-07-15 06:51:05] Tag Change: ID '00E2004714B13068214F5E01' -> Floor 'Unknown'
[2026-07-15 06:51:06] Tag Change: ID '00E2004714AAF068214EFA01' -> Floor 'Unknown'
[2026-07-15 06:51:07] Tag Change: ID '00E2004718A70068218EBB01' -> Floor 'Unknown'
[2026-07-15 06:51:07] Tag Change: ID '00E2004714BF306821503E01' -> Floor 'Unknown'
[2026-07-15 06:51:08] Tag Change: ID '00E2004714A5B068214EA601' -> Floor 'Unknown'
[2026-07-15 06:51:09] Tag Change: ID '00E20047149AB068214DF601' -> Floor 'Unknown'
[2026-07-15 06:51:10] Tag Change: ID '00E2004714987068214DD201' -> Floor 'Unknown'
[2026-07-15 06:51:10] Tag Change: ID '00E20047189C0068218E0B01' -> Floor 'Unknown'
[2026-07-15 06:51:10] Tag Change: ID '00E20047149B3068214DFE01' -> Floor 'Unknown'
[2026-07-15 06:51:11] Tag Change: ID '00E20047149CB068214E1601' -> Floor 'Unknown'
[2026-07-15 06:51:11] Tag Change: ID '00E2004718A28068218E7301' -> Floor 'Unknown'
[2026-07-15 06:51:12] Tag Change: ID '00E2004714A3B068214E8601' -> Floor 'Unknown'
[2026-07-15 06:51:13] Tag Change: ID '00E200471432F06821477A01' -> Floor 'Unknown'
[2026-07-15 06:51:13] Tag Change: ID '00E2004718AA4068218EEF01' -> Floor 'Unknown'
[2026-07-15 06:51:14] Tag Change: ID '00E2004714C830682150CE01' -> Floor 'Unknown'
[2026-07-15 06:51:40] Tag Change: ID '00E2004718998068218DE301' -> Floor 'Unknown'
[2026-07-15 06:51:42] Tag flapping: suppressed 28 repeated tag-change log lines in the last 60s
[2026-07-15 06:51:54] Tag Change: ID '00E20047178CC068217D1701' -> Floor 'Unknown'
[2026-07-15 06:51:55] Tag Change: ID '00E20047174AC0682178F701' -> Floor 'Unknown'
[2026-07-15 06:51:56] Tag Change: ID '00E2004717914068217D5F01' -> Floor 'Unknown'
[2026-07-15 06:51:56] Tag Change: ID '00E2004718B7F068218FCA01' -> Floor 'Unknown'
[2026-07-15 06:51:56] Tag Change: ID '00E200471748C0682178D701' -> Floor 'Unknown'
[2026-07-15 06:51:57] Tag Change: ID '00E2004718B5F068218FAA01' -> Floor 'Unknown'
[2026-07-15 06:51:58] Tag Change: ID '00E2004718B5B068218FA601' -> Floor 'Unknown'
[2026-07-15 06:51:58] Tag Change: ID '00E20047175580682179A301' -> Floor 'Unknown'
[2026-07-15 06:51:59] Tag Change: ID '00E20047189E0068218E2B01' -> Floor 'Unknown'
[2026-07-15 06:51:59] Tag Change: ID '00E2004718978068218DC301' -> Floor 'Unknown'
[2026-07-15 06:52:00] Tag Change: ID '00E20047174E806821793301' -> Floor 'Unknown'
[2026-07-15 06:52:01] Tag Change: ID '00E20047142DF06821472A01' -> Floor 'Unknown'
[2026-07-15 06:52:01] Tag Change: ID '00E2004714C5B0682150A601' -> Floor 'Unknown'
[2026-07-15 06:52:01] Tag Change: ID '00E200471752006821796B01' -> Floor 'Unknown'
[2026-07-15 06:52:03] Tag Change: ID '00E2004714C970682150E201' -> Floor 'Unknown'
[2026-07-15 06:52:03] Tag Change: ID '00E2004717800068217C4B01' -> Floor 'Unknown'
[2026-07-15 06:52:03] Tag Change: ID '00E20047174D006821791B01' -> Floor 'Unknown'
[2026-07-15 06:52:04] Tag Change: ID '00E2004714D1F06821516A01' -> Floor 'Unknown'
[2026-07-15 06:52:04] Tag Change: ID '00E2004714D1B06821516601' -> Floor 'Unknown'
[2026-07-15 06:52:05] Tag Change: ID '00E20047174580682178A301' -> Floor 'Unknown'
[2026-07-15 06:52:06] Tag Change: ID '00E20047142E306821472E01' -> Floor 'Unknown'
[2026-07-15 06:52:06] Tag Change: ID '00E2004714CAF0682150FA01' -> Floor 'Unknown'
[2026-07-15 06:52:06] Tag Change: ID '00E20047177F7068217C4201' -> Floor 'Unknown'
[2026-07-15 06:52:08] Tag Change: ID '00E2004714AD3068214F1E01' -> Floor 'Unknown'
[2026-07-15 06:52:08] Tag Change: ID '00E2004714D3306821517E01' -> Floor 'Unknown'
[2026-07-15 06:52:08] Tag Change: ID '00E200471763C068217A8701' -> Floor 'Unknown'
[2026-07-15 06:52:09] Tag Change: ID '00E2004718C7B0682190C601' -> Floor 'Unknown'
[2026-07-15 06:52:11] Tag Change: ID '00E2004714AEB068214F3601' -> Floor 'Unknown'
[2026-07-15 06:52:11] Tag Change: ID '00E20047175C4068217A0F01' -> Floor 'Unknown'
[2026-07-15 06:58:57] Tag Change: ID '00E2004714AEB068214F3601' -> Floor 'Unknown'
[2026-07-15 06:58:57] Tag flapping: suppressed 34 repeated tag-change log lines in the last 434s
[2026-07-15 06:58:59] Tag Change: ID '00E2004718C7B0682190C601' -> Floor 'Unknown'
[2026-07-15 06:59:00] Tag Change: ID '00E200471763C068217A8701' -> Floor 'Unknown'
[2026-07-15 06:59:01] Tag Change: ID '00E2004714D3306821517E01' -> Floor 'Unknown'
[2026-07-15 06:59:01] Tag Change: ID '00E2004714AD3068214F1E01' -> Floor 'Unknown'
[2026-07-15 06:59:02] Tag Change: ID '00E20047177F7068217C4201' -> Floor 'Unknown'
[2026-07-15 06:59:02] Tag Change: ID '00E2004714CAF0682150FA01' -> Floor 'Unknown'
[2026-07-15 06:59:03] Tag Change: ID '00E20047142E306821472E01' -> Floor 'Unknown'
[2026-07-15 06:59:04] Tag Change: ID '00E20047174580682178A301' -> Floor 'Unknown'
[2026-07-15 06:59:04] Tag Change: ID '00E2004714D1B06821516601' -> Floor 'Unknown'
[2026-07-15 06:59:04] Tag Change: ID '00E2004714D1F06821516A01' -> Floor 'Unknown'
[2026-07-15 06:59:05] Tag Change: ID '00E20047174D006821791B01' -> Floor 'Unknown'
[2026-07-15 06:59:06] Tag Change: ID '00E2004717800068217C4B01' -> Floor 'Unknown'
[2026-07-15 06:59:06] Tag Change: ID '00E2004714C970682150E201' -> Floor 'Unknown'
[2026-07-15 06:59:07] Tag Change: ID '00E200471752006821796B01' -> Floor 'Unknown'
[2026-07-15 06:59:07] Tag Change: ID '00E2004714C5B0682150A601' -> Floor 'Unknown'
[2026-07-15 06:59:08] Tag Change: ID '00E20047142DF06821472A01' -> Floor 'Unknown'
[2026-07-15 06:59:09] Tag Change: ID '00E20047174E806821793301' -> Floor 'Unknown'
[2026-07-15 06:59:09] Tag Change: ID '00E2004718978068218DC301' -> Floor 'Unknown'
[2026-07-15 06:59:09] Tag Change: ID '00E20047189E0068218E2B01' -> Floor 'Unknown'
[2026-07-15 06:59:10] Tag Change: ID '00E20047175580682179A301' -> Floor 'Unknown'
[2026-07-15 06:59:11] Tag Change: ID '00E2004718B5B068218FA601' -> Floor 'Unknown'
[2026-07-15 06:59:11] Tag Change: ID '00E2004718B5F068218FAA01' -> Floor 'Unknown'
[2026-07-15 06:59:12] Tag Change: ID '00E200471748C0682178D701' -> Floor 'Unknown'
[2026-07-15 06:59:12] Tag Change: ID '00E2004718B7F068218FCA01' -> Floor 'Unknown'
[2026-07-15 06:59:13] Tag Change: ID '00E2004717914068217D5F01' -> Floor 'Unknown'
[2026-07-15 06:59:13] Tag Change: ID '00E20047174AC0682178F701' -> Floor 'Unknown'
[2026-07-15 06:59:14] Tag Change: ID '00E20047178CC068217D1701' -> Floor 'Unknown'
[2026-07-15 06:59:14] Tag Change: ID '00E20047178E0068217D2B01' -> Floor 'Unknown'
[2026-07-15 06:59:16] Tag Change: ID '00E200471751C06821796701' -> Floor 'Unknown'
[2026-07-15 06:59:18] Tag Change: ID '00E2004717888068217CD301' -> Floor 'Unknown'
[2026-07-15 06:59:52] Tag Change: ID '00E20047175C4068217A0F01' -> Floor 'Unknown'
[2026-07-15 07:04:49] Tag Change: ID '00E2004714AEB068214F3601' -> Floor 'Unknown'
[2026-07-15 07:04:49] Tag flapping: suppressed 32 repeated tag-change log lines in the last 341s
[2026-07-15 07:04:51] Tag Change: ID '00E2004718C7B0682190C601' -> Floor 'Unknown'
[2026-07-15 07:04:52] Tag Change: ID '00E200471763C068217A8701' -> Floor 'Unknown'
[2026-07-15 07:04:52] Tag Change: ID '00E2004714D3306821517E01' -> Floor 'Unknown'
[2026-07-15 07:04:53] Tag Change: ID '00E2004714AD3068214F1E01' -> Floor 'Unknown'
[2026-07-15 07:04:53] Tag Change: ID '00E20047177F7068217C4201' -> Floor 'Unknown'
[2026-07-15 07:04:54] Tag Change: ID '00E2004714CAF0682150FA01' -> Floor 'Unknown'
[2026-07-15 07:04:54] Tag Change: ID '00E20047142E306821472E01' -> Floor 'Unknown'
[2026-07-15 07:04:55] Tag Change: ID '00E20047174580682178A301' -> Floor 'Unknown'
[2026-07-15 07:04:56] Tag Change: ID '00E2004714D1B06821516601' -> Floor 'Unknown'
[2026-07-15 07:04:56] Tag Change: ID '00E2004714D1F06821516A01' -> Floor 'Unknown'
[2026-07-15 07:04:57] Tag Change: ID '00E20047174D006821791B01' -> Floor 'Unknown'
[2026-07-15 07:04:57] Tag Change: ID '00E2004717800068217C4B01' -> Floor 'Unknown'
[2026-07-15 07:04:58] Tag Change: ID '00E2004714C970682150E201' -> Floor 'Unknown'
[2026-07-15 07:04:59] Tag Change: ID '00E200471752006821796B01' -> Floor 'Unknown'
[2026-07-15 07:04:59] Tag Change: ID '00E2004714C5B0682150A601' -> Floor 'Unknown'
[2026-07-15 07:05:00] Tag Change: ID '00E20047142DF06821472A01' -> Floor 'Unknown'
[2026-07-15 07:05:00] Tag Change: ID '00E20047174E806821793301' -> Floor 'Unknown'
[2026-07-15 07:05:01] Tag Change: ID '00E2004718978068218DC301' -> Floor 'Unknown'
[2026-07-15 07:05:01] Tag Change: ID '00E20047189E0068218E2B01' -> Floor 'Unknown'
[2026-07-15 07:05:02] Tag Change: ID '00E20047175580682179A301' -> Floor 'Unknown'
[2026-07-15 07:05:02] Tag Change: ID '00E2004718B5B068218FA601' -> Floor 'Unknown'
[2026-07-15 07:05:03] Tag Change: ID '00E2004718B5F068218FAA01' -> Floor 'Unknown'
[2026-07-15 07:05:04] Tag Change: ID '00E200471748C0682178D701' -> Floor 'Unknown'
[2026-07-15 07:05:04] Tag Change: ID '00E2004718B7F068218FCA01' -> Floor 'Unknown'
[2026-07-15 07:05:04] Tag Change: ID '00E2004717914068217D5F01' -> Floor 'Unknown'
[2026-07-15 07:05:05] Tag Change: ID '00E20047174AC0682178F701' -> Floor 'Unknown'
[2026-07-15 07:05:06] Tag Change: ID '00E20047178CC068217D1701' -> Floor 'Unknown'
[2026-07-15 07:05:06] Tag Change: ID '00E20047178E0068217D2B01' -> Floor 'Unknown'
[2026-07-15 07:05:07] Tag Change: ID '00E200471751C06821796701' -> Floor 'Unknown'
[2026-07-15 07:05:08] Tag Change: ID '00E2004717888068217CD301' -> Floor 'Unknown'
[2026-07-15 07:05:08] Tag Change: ID '00E200471785C068217CA701' -> Floor 'Unknown'
[2026-07-15 07:05:08] Tag Change: ID '00E200471756C0682179B701' -> Floor 'Unknown'
[2026-07-15 07:05:09] Tag Change: ID '00E20047178B0068217CFB01' -> Floor 'Unknown'
[2026-07-15 07:05:10] Tag Change: ID '00E2004717884068217CCF01' -> Floor 'Unknown'
[2026-07-15 07:05:10] Tag Change: ID '00E200471753406821797F01' -> Floor 'Unknown'
[2026-07-15 07:05:11] Tag Change: ID '00E2004717890068217CDB01' -> Floor 'Unknown'
[2026-07-15 07:05:11] Tag Change: ID '00E2004717854068217C9F01' -> Floor 'Unknown'
[2026-07-15 07:05:12] Tag Change: ID '00E2004718A14068218E5F01' -> Floor 'Unknown'
[2026-07-15 07:05:13] Tag Change: ID '00E2004714AA3068214EEE01' -> Floor 'Unknown'
[2026-07-15 07:05:13] Tag Change: ID '00E2004714ADF068214F2A01' -> Floor 'Unknown'
[2026-07-15 07:05:14] Tag Change: ID '00E2004718B63068218FAE01' -> Floor 'Unknown'
[2026-07-15 07:05:14] Tag Change: ID '00E2004714C4706821509201' -> Floor 'Unknown'
[2026-07-15 07:05:15] Tag Change: ID '00E2004714B1B068214F6601' -> Floor 'Unknown'
[2026-07-15 07:05:15] Tag Change: ID '00E2004718A54068218E9F01' -> Floor 'Unknown'
[2026-07-15 07:05:16] Tag Change: ID '00E2004714ACB068214F1601' -> Floor 'Unknown'
[2026-07-15 07:05:16] Tag Change: ID '00E2004714B1F068214F6A01' -> Floor 'Unknown'
[2026-07-15 07:05:17] Tag Change: ID '00E2004718A74068218EBF01' -> Floor 'Unknown'
[2026-07-15 07:05:18] Tag Change: ID '00E2004714B13068214F5E01' -> Floor 'Unknown'
[2026-07-15 07:05:18] Tag Change: ID '00E2004714AAF068214EFA01' -> Floor 'Unknown'
[2026-07-15 07:05:19] Tag Change: ID '00E2004718A70068218EBB01' -> Floor 'Unknown'
[2026-07-15 07:05:19] Tag Change: ID '00E2004714BF306821503E01' -> Floor 'Unknown'
[2026-07-15 07:05:20] Tag Change: ID '00E2004714A5B068214EA601' -> Floor 'Unknown'
[2026-07-15 07:05:21] Tag Change: ID '00E20047149AB068214DF601' -> Floor 'Unknown'
[2026-07-15 07:05:21] Tag Change: ID '00E2004718998068218DE301' -> Floor 'Unknown'
[2026-07-15 07:05:22] Tag Change: ID '00E2004714987068214DD201' -> Floor 'Unknown'
[2026-07-15 07:05:22] Tag Change: ID '00E20047189C0068218E0B01' -> Floor 'Unknown'
[2026-07-15 07:05:23] Tag Change: ID '00E20047149B3068214DFE01' -> Floor 'Unknown'
[2026-07-15 07:05:23] Tag Change: ID '00E20047149CB068214E1601' -> Floor 'Unknown'
[2026-07-15 07:05:24] Tag Change: ID '00E2004718A28068218E7301' -> Floor 'Unknown'
[2026-07-15 07:05:25] Tag Change: ID '00E2004714A3B068214E8601' -> Floor 'Unknown'
[2026-07-15 07:06:00] Tag flapping: suppressed 52 repeated tag-change log lines in the last 60s
[2026-07-15 07:06:03] Tag Change: ID '00E2004718B5F068218FAA01' -> Floor 'Unknown'
[2026-07-15 07:06:04] Tag Change: ID '00E20047175580682179A301' -> Floor 'Unknown'
[2026-07-15 07:06:04] Tag Change: ID '00E2004718B5B068218FA601' -> Floor 'Unknown'
[2026-07-15 07:06:05] Tag Change: ID '00E20047189E0068218E2B01' -> Floor 'Unknown'
[2026-07-15 07:06:06] Tag Change: ID '00E2004718978068218DC301' -> Floor 'Unknown'
[2026-07-15 07:06:06] Tag Change: ID '00E20047174E806821793301' -> Floor 'Unknown'
[2026-07-15 07:06:07] Tag Change: ID '00E20047142DF06821472A01' -> Floor 'Unknown'
[2026-07-15 07:06:07] Tag Change: ID '00E2004714C5B0682150A601' -> Floor 'Unknown'
[2026-07-15 07:06:07] Tag Change: ID '00E200471752006821796B01' -> Floor 'Unknown'
[2026-07-15 07:06:09] Tag Change: ID '00E2004714C970682150E201' -> Floor 'Unknown'
[2026-07-15 07:06:09] Tag Change: ID '00E2004717800068217C4B01' -> Floor 'Unknown'
[2026-07-15 07:06:09] Tag Change: ID '00E20047174D006821791B01' -> Floor 'Unknown'
[2026-07-15 07:06:10] Tag Change: ID '00E2004714D1F06821516A01' -> Floor 'Unknown'
[2026-07-15 07:06:11] Tag Change: ID '00E2004714D1B06821516601' -> Floor 'Unknown'
[2026-07-15 07:06:11] Tag Change: ID '00E20047174580682178A301' -> Floor 'Unknown'
[2026-07-15 07:06:12] Tag Change: ID '00E20047142E306821472E01' -> Floor 'Unknown'
[2026-07-15 07:06:12] Tag Change: ID '00E2004714CAF0682150FA01' -> Floor 'Unknown'
[2026-07-15 07:06:13] Tag Change: ID '00E20047177F7068217C4201' -> Floor 'Unknown'
[2026-07-15 07:06:14] Tag Change: ID '00E2004714AD3068214F1E01' -> Floor 'Unknown'
[2026-07-15 07:06:14] Tag Change: ID '00E2004714D3306821517E01' -> Floor 'Unknown'
[2026-07-15 07:06:14] Tag Change: ID '00E200471763C068217A8701' -> Floor 'Unknown'
[2026-07-15 07:06:15] Tag Change: ID '00E2004718C7B0682190C601' -> Floor 'Unknown'
[2026-07-15 07:06:17] Tag Change: ID '00E2004714AEB068214F3601' -> Floor 'Unknown'
[2026-07-15 07:06:17] Tag Change: ID '00E20047175C4068217A0F01' -> Floor 'Unknown'
[2026-07-15 07:14:14] Tag Change: ID '00E2004714AEB068214F3601' -> Floor 'Unknown'
[2026-07-15 07:14:14] Tag flapping: suppressed 10 repeated tag-change log lines in the last 493s
[2026-07-15 07:14:16] Tag Change: ID '00E2004718C7B0682190C601' -> Floor 'Unknown'
[2026-07-15 07:14:17] Tag Change: ID '00E200471763C068217A8701' -> Floor 'Unknown'
[2026-07-15 07:14:17] Tag Change: ID '00E2004714D3306821517E01' -> Floor 'Unknown'
[2026-07-15 07:14:18] Tag Change: ID '00E2004714AD3068214F1E01' -> Floor 'Unknown'
[2026-07-15 07:14:19] Tag Change: ID '00E20047177F7068217C4201' -> Floor 'Unknown'
[2026-07-15 07:14:19] Tag Change: ID '00E2004714CAF0682150FA01' -> Floor 'Unknown'
[2026-07-15 07:14:19] Tag Change: ID '00E20047142E306821472E01' -> Floor 'Unknown'
[2026-07-15 07:14:21] Tag Change: ID '00E20047174580682178A301' -> Floor 'Unknown'
[2026-07-15 07:14:21] Tag Change: ID '00E2004714D1B06821516601' -> Floor 'Unknown'
[2026-07-15 07:14:21] Tag Change: ID '00E2004714D1F06821516A01' -> Floor 'Unknown'
[2026-07-15 07:14:22] Tag Change: ID '00E20047174D006821791B01' -> Floor 'Unknown'
[2026-07-15 07:14:22] Tag Change: ID '00E2004717800068217C4B01' -> Floor 'Unknown'
[2026-07-15 07:14:23] Tag Change: ID '00E2004714C970682150E201' -> Floor 'Unknown'
[2026-07-15 07:14:24] Tag Change: ID '00E200471752006821796B01' -> Floor 'Unknown'
[2026-07-15 07:14:24] Tag Change: ID '00E2004714C5B0682150A601' -> Floor 'Unknown'
[2026-07-15 07:14:25] Tag Change: ID '00E20047142DF06821472A01' -> Floor 'Unknown'
[2026-07-15 07:14:26] Tag Change: ID '00E20047174E806821793301' -> Floor 'Unknown'
[2026-07-15 07:14:26] Tag Change: ID '00E2004718978068218DC301' -> Floor 'Unknown'
[2026-07-15 07:14:26] Tag Change: ID '00E20047189E0068218E2B01' -> Floor 'Unknown'
[2026-07-15 07:14:27] Tag Change: ID '00E20047175580682179A301' -> Floor 'Unknown'
[2026-07-15 07:14:27] Tag Change: ID '00E2004718B5B068218FA601' -> Floor 'Unknown'
[2026-07-15 07:14:28] Tag Change: ID '00E2004718B5F068218FAA01' -> Floor 'Unknown'
[2026-07-15 07:14:29] Tag Change: ID '00E200471748C0682178D701' -> Floor 'Unknown'
[2026-07-15 07:14:29] Tag Change: ID '00E2004718B7F068218FCA01' -> Floor 'Unknown'
[2026-07-15 07:14:30] Tag Change: ID '00E2004717914068217D5F01' -> Floor 'Unknown'
[2026-07-15 07:14:30] Tag Change: ID '00E20047174AC0682178F701' -> Floor 'Unknown'
[2026-07-15 07:14:31] Tag Change: ID '00E20047178CC068217D1701' -> Floor 'Unknown'
[2026-07-15 07:14:31] Tag Change: ID '00E20047178E0068217D2B01' -> Floor 'Unknown'
[2026-07-15 07:14:32] Tag Change: ID '00E200471751C06821796701' -> Floor 'Unknown'
[2026-07-15 07:14:33] Tag Change: ID '00E2004717888068217CD301' -> Floor 'Unknown'
[2026-07-15 07:14:33] Tag Change: ID '00E200471785C068217CA701' -> Floor 'Unknown'
[2026-07-15 07:14:34] Tag Change: ID '00E200471756C0682179B701' -> Floor 'Unknown'
[2026-07-15 07:14:34] Tag Change: ID '00E20047178B0068217CFB01' -> Floor 'Unknown'
[2026-07-15 07:14:35] Tag Change: ID '00E2004717884068217CCF01' -> Floor 'Unknown'
[2026-07-15 07:14:35] Tag Change: ID '00E200471753406821797F01' -> Floor 'Unknown'
[2026-07-15 07:14:36] Tag Change: ID '00E2004717890068217CDB01' -> Floor 'Unknown'
[2026-07-15 07:14:36] Tag Change: ID '00E2004717854068217C9F01' -> Floor 'Unknown'
[2026-07-15 07:14:38] Tag Change: ID '00E2004718A14068218E5F01' -> Floor 'Unknown'
[2026-07-15 07:14:38] Tag Change: ID '00E2004714AA3068214EEE01' -> Floor 'Unknown'
[2026-07-15 07:14:38] Tag Change: ID '00E2004714ADF068214F2A01' -> Floor 'Unknown'
[2026-07-15 07:14:39] Tag Change: ID '00E2004718B63068218FAE01' -> Floor 'Unknown'
[2026-07-15 07:14:39] Tag Change: ID '00E2004714C4706821509201' -> Floor 'Unknown'
[2026-07-15 07:14:40] Tag Change: ID '00E2004714B1B068214F6601' -> Floor 'Unknown'
[2026-07-15 07:14:41] Tag Change: ID '00E2004718A54068218E9F01' -> Floor 'Unknown'
[2026-07-15 07:14:41] Tag Change: ID '00E2004714ACB068214F1601' -> Floor 'Unknown'
[2026-07-15 07:14:41] Tag Change: ID '00E2004714B1F068214F6A01' -> Floor 'Unknown'
[2026-07-15 07:14:43] Tag Change: ID '00E2004718A74068218EBF01' -> Floor 'Unknown'
[2026-07-15 07:14:43] Tag Change: ID '00E2004714B13068214F5E01' -> Floor 'Unknown'
[2026-07-15 07:14:43] Tag Change: ID '00E2004714AAF068214EFA01' -> Floor 'Unknown'
[2026-07-15 07:14:44] Tag Change: ID '00E2004718A70068218EBB01' -> Floor 'Unknown'
[2026-07-15 07:14:44] Tag Change: ID '00E2004714BF306821503E01' -> Floor 'Unknown'
[2026-07-15 07:14:45] Tag Change: ID '00E2004714A5B068214EA601' -> Floor 'Unknown'
[2026-07-15 07:14:46] Tag Change: ID '00E2004718998068218DE301' -> Floor 'Unknown'
[2026-07-15 07:14:46] Tag Change: ID '00E20047149AB068214DF601' -> Floor 'Unknown'
[2026-07-15 07:14:47] Tag Change: ID '00E2004714987068214DD201' -> Floor 'Unknown'
[2026-07-15 07:14:47] Tag Change: ID '00E20047189C0068218E0B01' -> Floor 'Unknown'
[2026-07-15 07:14:48] Tag Change: ID '00E20047149B3068214DFE01' -> Floor 'Unknown'
[2026-07-15 07:14:48] Tag Change: ID '00E20047149CB068214E1601' -> Floor 'Unknown'
[2026-07-15 07:14:49] Tag Change: ID '00E2004718A28068218E7301' -> Floor 'Unknown'
[2026-07-15 07:14:49] Tag Change: ID '00E2004714A3B068214E8601' -> Floor 'Unknown'
[2026-07-15 07:14:50] Tag Change: ID '00E200471432F06821477A01' -> Floor 'Unknown'
[2026-07-15 07:14:50] Tag Change: ID '00E2004718AA4068218EEF01' -> Floor 'Unknown'
[2026-07-15 07:14:51] Tag Change: ID '00E2004714C830682150CE01' -> Floor 'Unknown'
[2026-07-15 07:14:51] Tag Change: ID '00E2004714A1F068214E6A01' -> Floor 'Unknown'
[2026-07-15 07:14:52] Tag Change: ID '00E2004717820068217C6B01' -> Floor 'Unknown'
[2026-07-15 07:14:53] Tag Change: ID '00E2004714A07068214E5201' -> Floor 'Unknown'
[2026-07-15 07:15:43] Tag flapping: suppressed 6 repeated tag-change log lines in the last 66s
[2026-07-15 07:15:47] Tag Change: ID '00E20047189C0068218E0B01' -> Floor 'Unknown'
[2026-07-15 07:15:48] Tag Change: ID '00E20047149B3068214DFE01' -> Floor 'Unknown'
[2026-07-15 07:15:48] Tag Change: ID '00E2004714987068214DD201' -> Floor 'Unknown'
[2026-07-15 07:15:49] Tag Change: ID '00E20047149AB068214DF601' -> Floor 'Unknown'
[2026-07-15 07:15:49] Tag Change: ID '00E2004718998068218DE301' -> Floor 'Unknown'
[2026-07-15 07:15:50] Tag Change: ID '00E2004714A5B068214EA601' -> Floor 'Unknown'
[2026-07-15 07:15:50] Tag Change: ID '00E2004714BF306821503E01' -> Floor 'Unknown'
[2026-07-15 07:15:51] Tag Change: ID '00E2004718A70068218EBB01' -> Floor 'Unknown'
[2026-07-15 07:15:52] Tag Change: ID '00E2004714AAF068214EFA01' -> Floor 'Unknown'
[2026-07-15 07:15:52] Tag Change: ID '00E2004714B13068214F5E01' -> Floor 'Unknown'
[2026-07-15 07:15:52] Tag Change: ID '00E2004718A74068218EBF01' -> Floor 'Unknown'
[2026-07-15 07:15:53] Tag Change: ID '00E2004714B1F068214F6A01' -> Floor 'Unknown'
[2026-07-15 07:15:54] Tag Change: ID '00E2004714ACB068214F1601' -> Floor 'Unknown'
[2026-07-15 07:15:54] Tag Change: ID '00E2004718A54068218E9F01' -> Floor 'Unknown'
[2026-07-15 07:15:55] Tag Change: ID '00E2004714B1B068214F6601' -> Floor 'Unknown'
[2026-07-15 07:15:55] Tag Change: ID '00E2004714C4706821509201' -> Floor 'Unknown'
[2026-07-15 07:15:56] Tag Change: ID '00E2004718B63068218FAE01' -> Floor 'Unknown'
[2026-07-15 07:15:57] Tag Change: ID '00E2004714ADF068214F2A01' -> Floor 'Unknown'
[2026-07-15 07:15:57] Tag Change: ID '00E2004714AA3068214EEE01' -> Floor 'Unknown'
[2026-07-15 07:15:57] Tag Change: ID '00E2004718A14068218E5F01' -> Floor 'Unknown'
[2026-07-15 07:15:58] Tag Change: ID '00E2004717854068217C9F01' -> Floor 'Unknown'
[2026-07-15 07:15:59] Tag Change: ID '00E2004717890068217CDB01' -> Floor 'Unknown'
[2026-07-15 07:15:59] Tag Change: ID '00E200471753406821797F01' -> Floor 'Unknown'
[2026-07-15 07:16:00] Tag Change: ID '00E2004717884068217CCF01' -> Floor 'Unknown'
[2026-07-15 07:16:00] Tag Change: ID '00E20047178B0068217CFB01' -> Floor 'Unknown'
[2026-07-15 07:16:01] Tag Change: ID '00E200471756C0682179B701' -> Floor 'Unknown'
[2026-07-15 07:16:02] Tag Change: ID '00E200471785C068217CA701' -> Floor 'Unknown'
[2026-07-15 07:16:02] Tag Change: ID '00E2004717888068217CD301' -> Floor 'Unknown'
[2026-07-15 07:16:02] Tag Change: ID '00E200471751C06821796701' -> Floor 'Unknown'
[2026-07-15 07:16:03] Tag Change: ID '00E20047178E0068217D2B01' -> Floor 'Unknown'
[2026-07-15 07:16:04] Tag Change: ID '00E20047178CC068217D1701' -> Floor 'Unknown'
[2026-07-15 07:16:05] Tag Change: ID '00E20047174AC0682178F701' -> Floor 'Unknown'
[2026-07-15 07:16:05] Tag Change: ID '00E2004717914068217D5F01' -> Floor 'Unknown'
[2026-07-15 07:16:05] Tag Change: ID '00E2004718B7F068218FCA01' -> Floor 'Unknown'
[2026-07-15 07:16:06] Tag Change: ID '00E200471748C0682178D701' -> Floor 'Unknown'
[2026-07-15 07:16:07] Tag Change: ID '00E2004718B5F068218FAA01' -> Floor 'Unknown'
[2026-07-15 07:16:07] Tag Change: ID '00E2004718B5B068218FA601' -> Floor 'Unknown'
[2026-07-15 07:16:07] Tag Change: ID '00E20047175580682179A301' -> Floor 'Unknown'
[2026-07-15 07:16:09] Tag Change: ID '00E20047189E0068218E2B01' -> Floor 'Unknown'
[2026-07-15 07:16:09] Tag Change: ID '00E2004718978068218DC301' -> Floor 'Unknown'
[2026-07-15 07:16:09] Tag Change: ID '00E20047174E806821793301' -> Floor 'Unknown'
[2026-07-15 07:16:10] Tag Change: ID '00E20047142DF06821472A01' -> Floor 'Unknown'
[2026-07-15 07:16:11] Tag Change: ID '00E2004714C5B0682150A601' -> Floor 'Unknown'
[2026-07-15 07:16:11] Tag Change: ID '00E200471752006821796B01' -> Floor 'Unknown'
[2026-07-15 07:16:12] Tag Change: ID '00E2004714C970682150E201' -> Floor 'Unknown'
[2026-07-15 07:16:12] Tag Change: ID '00E2004717800068217C4B01' -> Floor 'Unknown'
[2026-07-15 07:16:13] Tag Change: ID '00E20047174D006821791B01' -> Floor 'Unknown'
[2026-07-15 07:16:14] Tag Change: ID '00E2004714D1F06821516A01' -> Floor 'Unknown'
[2026-07-15 07:16:14] Tag Change: ID '00E2004714D1B06821516601' -> Floor 'Unknown'
[2026-07-15 07:16:15] Tag Change: ID '00E20047174580682178A301' -> Floor 'Unknown'
[2026-07-15 07:16:15] Tag Change: ID '00E20047142E306821472E01' -> Floor 'Unknown'
[2026-07-15 07:16:16] Tag Change: ID '00E2004714CAF0682150FA01' -> Floor 'Unknown'
[2026-07-15 07:16:16] Tag Change: ID '00E20047177F7068217C4201' -> Floor 'Unknown'
[2026-07-15 07:16:17] Tag Change: ID '00E2004714AD3068214F1E01' -> Floor 'Unknown'
[2026-07-15 07:16:17] Tag Change: ID '00E2004714D3306821517E01' -> Floor 'Unknown'
[2026-07-15 07:16:18] Tag Change: ID '00E200471763C068217A8701' -> Floor 'Unknown'
[2026-07-15 07:16:19] Tag Change: ID '00E2004718C7B0682190C601' -> Floor 'Unknown'
[2026-07-15 07:16:20] Tag Change: ID '00E2004714AEB068214F3601' -> Floor 'Unknown'
[2026-07-15 07:16:21] Tag Change: ID '00E20047175C4068217A0F01' -> Floor 'Unknown'
[2026-07-15 07:33:31] Tag Change: ID '00E2004714AEB068214F3601' -> Floor 'Unknown'
[2026-07-15 07:33:31] Tag flapping: suppressed 23 repeated tag-change log lines in the last 1067s
[2026-07-15 07:33:32] Tag Change: ID '00E2004718C7B0682190C601' -> Floor 'Unknown'
[2026-07-15 07:33:33] Tag Change: ID '00E200471763C068217A8701' -> Floor 'Unknown'
[2026-07-15 07:33:33] Tag Change: ID '00E2004714D3306821517E01' -> Floor 'Unknown'
[2026-07-15 07:33:34] Tag Change: ID '00E2004714AD3068214F1E01' -> Floor 'Unknown'
[2026-07-15 07:33:35] Tag Change: ID '00E20047177F7068217C4201' -> Floor 'Unknown'
[2026-07-15 07:33:35] Tag Change: ID '00E2004714CAF0682150FA01' -> Floor 'Unknown'
[2026-07-15 07:33:36] Tag Change: ID '00E20047142E306821472E01' -> Floor 'Unknown'
[2026-07-15 07:33:37] Tag Change: ID '00E20047174580682178A301' -> Floor 'Unknown'
[2026-07-15 07:33:37] Tag Change: ID '00E2004714D1B06821516601' -> Floor 'Unknown'
[2026-07-15 07:33:37] Tag Change: ID '00E2004714D1F06821516A01' -> Floor 'Unknown'
[2026-07-15 07:33:38] Tag Change: ID '00E20047174D006821791B01' -> Floor 'Unknown'
[2026-07-15 07:33:39] Tag Change: ID '00E2004717800068217C4B01' -> Floor 'Unknown'
[2026-07-15 07:33:39] Tag Change: ID '00E2004714C970682150E201' -> Floor 'Unknown'
[2026-07-15 07:33:40] Tag Change: ID '00E200471752006821796B01' -> Floor 'Unknown'
[2026-07-15 07:33:40] Tag Change: ID '00E2004714C5B0682150A601' -> Floor 'Unknown'
[2026-07-15 07:33:41] Tag Change: ID '00E20047142DF06821472A01' -> Floor 'Unknown'
[2026-07-15 07:33:42] Tag Change: ID '00E20047174E806821793301' -> Floor 'Unknown'
[2026-07-15 07:33:42] Tag Change: ID '00E2004718978068218DC301' -> Floor 'Unknown'
[2026-07-15 07:33:42] Tag Change: ID '00E20047189E0068218E2B01' -> Floor 'Unknown'
[2026-07-15 07:33:43] Tag Change: ID '00E20047175580682179A301' -> Floor 'Unknown'
[2026-07-15 07:33:44] Tag Change: ID '00E2004718B5B068218FA601' -> Floor 'Unknown'
[2026-07-15 07:33:44] Tag Change: ID '00E2004718B5F068218FAA01' -> Floor 'Unknown'
[2026-07-15 07:33:45] Tag Change: ID '00E200471748C0682178D701' -> Floor 'Unknown'
[2026-07-15 07:33:45] Tag Change: ID '00E2004718B7F068218FCA01' -> Floor 'Unknown'
[2026-07-15 07:33:46] Tag Change: ID '00E2004717914068217D5F01' -> Floor 'Unknown'
[2026-07-15 07:33:46] Tag Change: ID '00E20047174AC0682178F701' -> Floor 'Unknown'
[2026-07-15 07:33:47] Tag Change: ID '00E20047178CC068217D1701' -> Floor 'Unknown'
[2026-07-15 07:33:47] Tag Change: ID '00E20047178E0068217D2B01' -> Floor 'Unknown'
[2026-07-15 07:33:48] Tag Change: ID '00E200471751C06821796701' -> Floor 'Unknown'
[2026-07-15 07:33:49] Tag Change: ID '00E2004717888068217CD301' -> Floor 'Unknown'
[2026-07-15 07:33:49] Tag Change: ID '00E200471785C068217CA701' -> Floor 'Unknown'
[2026-07-15 07:33:50] Tag Change: ID '00E200471756C0682179B701' -> Floor 'Unknown'
[2026-07-15 07:33:50] Tag Change: ID '00E20047178B0068217CFB01' -> Floor 'Unknown'
[2026-07-15 07:33:51] Tag Change: ID '00E2004717884068217CCF01' -> Floor 'Unknown'
[2026-07-15 07:33:52] Tag Change: ID '00E200471753406821797F01' -> Floor 'Unknown'
[2026-07-15 07:33:52] Tag Change: ID '00E2004717890068217CDB01' -> Floor 'Unknown'
[2026-07-15 07:33:52] Tag Change: ID '00E2004717854068217C9F01' -> Floor 'Unknown'
[2026-07-15 07:33:54] Tag Change: ID '00E2004718A14068218E5F01' -> Floor 'Unknown'
[2026-07-15 07:33:54] Tag Change: ID '00E2004714AA3068214EEE01' -> Floor 'Unknown'
[2026-07-15 07:33:54] Tag Change: ID '00E2004714ADF068214F2A01' -> Floor 'Unknown'
[2026-07-15 07:33:55] Tag Change: ID '00E2004718B63068218FAE01' -> Floor 'Unknown'
[2026-07-15 07:33:56] Tag Change: ID '00E2004714C4706821509201' -> Floor 'Unknown'
[2026-07-15 07:34:45] Tag Change: ID '00E200471748C0682178D701' -> Floor 'Unknown'
[2026-07-15 07:34:46] Tag Change: ID '00E2004718B5F068218FAA01' -> Floor 'Unknown'
[2026-07-15 07:34:46] Tag Change: ID '00E2004718B5B068218FA601' -> Floor 'Unknown'
[2026-07-15 07:34:47] Tag Change: ID '00E20047175580682179A301' -> Floor 'Unknown'
[2026-07-15 07:34:48] Tag Change: ID '00E20047189E0068218E2B01' -> Floor 'Unknown'
[2026-07-15 07:34:48] Tag Change: ID '00E2004718978068218DC301' -> Floor 'Unknown'
[2026-07-15 07:34:48] Tag Change: ID '00E20047174E806821793301' -> Floor 'Unknown'
[2026-07-15 07:34:49] Tag Change: ID '00E20047142DF06821472A01' -> Floor 'Unknown'
[2026-07-15 07:34:50] Tag Change: ID '00E2004714C5B0682150A601' -> Floor 'Unknown'
[2026-07-15 07:34:50] Tag Change: ID '00E200471752006821796B01' -> Floor 'Unknown'
[2026-07-15 07:34:51] Tag Change: ID '00E2004714C970682150E201' -> Floor 'Unknown'
[2026-07-15 07:34:51] Tag Change: ID '00E2004717800068217C4B01' -> Floor 'Unknown'
[2026-07-15 07:34:51] Tag flapping: suppressed 311 repeated tag-change log lines in the last 60s
[2026-07-15 07:34:52] Tag Change: ID '00E20047174D006821791B01' -> Floor 'Unknown'
[2026-07-15 07:34:53] Tag Change: ID '00E2004714D1F06821516A01' -> Floor 'Unknown'
[2026-07-15 07:34:53] Tag Change: ID '00E2004714D1B06821516601' -> Floor 'Unknown'
[2026-07-15 07:34:53] Tag Change: ID '00E20047174580682178A301' -> Floor 'Unknown'
[2026-07-15 07:34:54] Tag Change: ID '00E20047142E306821472E01' -> Floor 'Unknown'
[2026-07-15 07:34:55] Tag Change: ID '00E2004714CAF0682150FA01' -> Floor 'Unknown'
[2026-07-15 07:34:55] Tag Change: ID '00E20047177F7068217C4201' -> Floor 'Unknown'
[2026-07-15 07:34:56] Tag Change: ID '00E2004714AD3068214F1E01' -> Floor 'Unknown'
[2026-07-15 07:34:56] Tag Change: ID '00E2004714D3306821517E01' -> Floor 'Unknown'
[2026-07-15 07:34:57] Tag Change: ID '00E200471763C068217A8701' -> Floor 'Unknown'
[2026-07-15 07:34:58] Tag Change: ID '00E2004718C7B0682190C601' -> Floor 'Unknown'
[2026-07-15 07:34:59] Tag Change: ID '00E2004714AEB068214F3601' -> Floor 'Unknown'
[2026-07-15 07:35:00] Tag Change: ID '00E20047175C4068217A0F01' -> Floor 'Unknown'
[2026-07-15 07:43:24] Tag Change: ID '00E2004714AEB068214F3601' -> Floor 'Unknown'
[2026-07-15 07:43:24] Tag flapping: suppressed 4 repeated tag-change log lines in the last 512s
[2026-07-15 07:43:26] Tag Change: ID '00E2004718C7B0682190C601' -> Floor 'Unknown'
[2026-07-15 07:43:27] Tag Change: ID '00E200471763C068217A8701' -> Floor 'Unknown'
[2026-07-15 07:43:27] Tag Change: ID '00E2004714D3306821517E01' -> Floor 'Unknown'
[2026-07-15 07:43:28] Tag Change: ID '00E2004714AD3068214F1E01' -> Floor 'Unknown'
[2026-07-15 07:43:29] Tag Change: ID '00E20047177F7068217C4201' -> Floor 'Unknown'
[2026-07-15 07:43:29] Tag Change: ID '00E2004714CAF0682150FA01' -> Floor 'Unknown'
[2026-07-15 07:43:29] Tag Change: ID '00E20047142E306821472E01' -> Floor 'Unknown'
[2026-07-15 07:43:30] Tag Change: ID '00E20047174580682178A301' -> Floor 'Unknown'
[2026-07-15 07:43:31] Tag Change: ID '00E2004714D1B06821516601' -> Floor 'Unknown'
[2026-07-15 07:43:31] Tag Change: ID '00E2004714D1F06821516A01' -> Floor 'Unknown'
[2026-07-15 07:43:32] Tag Change: ID '00E20047174D006821791B01' -> Floor 'Unknown'
[2026-07-15 07:43:32] Tag Change: ID '00E2004717800068217C4B01' -> Floor 'Unknown'
[2026-07-15 07:43:33] Tag Change: ID '00E2004714C970682150E201' -> Floor 'Unknown'
[2026-07-15 07:43:34] Tag Change: ID '00E200471752006821796B01' -> Floor 'Unknown'
[2026-07-15 07:43:34] Tag Change: ID '00E2004714C5B0682150A601' -> Floor 'Unknown'
[2026-07-15 07:43:35] Tag Change: ID '00E20047142DF06821472A01' -> Floor 'Unknown'
[2026-07-15 07:43:35] Tag Change: ID '00E20047174E806821793301' -> Floor 'Unknown'
[2026-07-15 07:43:36] Tag Change: ID '00E2004718978068218DC301' -> Floor 'Unknown'
[2026-07-15 07:43:36] Tag Change: ID '00E20047189E0068218E2B01' -> Floor 'Unknown'
[2026-07-15 07:43:37] Tag Change: ID '00E20047175580682179A301' -> Floor 'Unknown'
[2026-07-15 07:43:37] Tag Change: ID '00E2004718B5B068218FA601' -> Floor 'Unknown'
[2026-07-15 07:43:38] Tag Change: ID '00E2004718B5F068218FAA01' -> Floor 'Unknown'
[2026-07-15 07:43:39] Tag Change: ID '00E200471748C0682178D701' -> Floor 'Unknown'
[2026-07-15 07:43:39] Tag Change: ID '00E2004718B7F068218FCA01' -> Floor 'Unknown'
[2026-07-15 07:43:40] Tag Change: ID '00E2004717914068217D5F01' -> Floor 'Unknown'
[2026-07-15 07:43:40] Tag Change: ID '00E20047174AC0682178F701' -> Floor 'Unknown'
[2026-07-15 07:43:41] Tag Change: ID '00E20047178CC068217D1701' -> Floor 'Unknown'
[2026-07-15 07:43:41] Tag Change: ID '00E20047178E0068217D2B01' -> Floor 'Unknown'
[2026-07-15 07:43:43] Tag Change: ID '00E200471751C06821796701' -> Floor 'Unknown'
[2026-07-15 07:43:45] Tag Change: ID '00E2004717888068217CD301' -> Floor 'Unknown'
[2026-07-15 07:44:19] Tag Change: ID '00E20047175C4068217A0F01' -> Floor 'Unknown'
[2026-07-15 07:50:42] Tag Change: ID '00E2004714AEB068214F3601' -> Floor 'Unknown'
[2026-07-15 07:50:42] Tag flapping: suppressed 39 repeated tag-change log lines in the last 428s
[2026-07-15 07:50:45] Tag Change: ID '00E2004718C7B0682190C601' -> Floor 'Unknown'
[2026-07-15 07:51:00] Tag Change: ID '00E200471763C068217A8701' -> Floor 'Unknown'
[2026-07-15 07:51:00] Tag Change: ID '00E2004714D3306821517E01' -> Floor 'Unknown'
[2026-07-15 07:51:01] Tag Change: ID '00E2004714AD3068214F1E01' -> Floor 'Unknown'
[2026-07-15 07:51:02] Tag Change: ID '00E20047177F7068217C4201' -> Floor 'Unknown'
[2026-07-15 07:51:02] Tag Change: ID '00E2004714CAF0682150FA01' -> Floor 'Unknown'
[2026-07-15 07:51:03] Tag Change: ID '00E20047142E306821472E01' -> Floor 'Unknown'
[2026-07-15 07:51:04] Tag Change: ID '00E20047174580682178A301' -> Floor 'Unknown'
[2026-07-15 07:51:04] Tag Change: ID '00E2004714D1B06821516601' -> Floor 'Unknown'
[2026-07-15 07:51:04] Tag Change: ID '00E2004714D1F06821516A01' -> Floor 'Unknown'
[2026-07-15 07:51:05] Tag Change: ID '00E20047174D006821791B01' -> Floor 'Unknown'
[2026-07-15 07:51:06] Tag Change: ID '00E2004717800068217C4B01' -> Floor 'Unknown'
[2026-07-15 07:51:06] Tag Change: ID '00E2004714C970682150E201' -> Floor 'Unknown'
[2026-07-15 07:51:07] Tag Change: ID '00E200471752006821796B01' -> Floor 'Unknown'
[2026-07-15 07:51:07] Tag Change: ID '00E2004714C5B0682150A601' -> Floor 'Unknown'
[2026-07-15 07:51:08] Tag Change: ID '00E20047142DF06821472A01' -> Floor 'Unknown'
[2026-07-15 07:51:09] Tag Change: ID '00E20047174E806821793301' -> Floor 'Unknown'
[2026-07-15 07:51:09] Tag Change: ID '00E2004718978068218DC301' -> Floor 'Unknown'
[2026-07-15 07:51:09] Tag Change: ID '00E20047189E0068218E2B01' -> Floor 'Unknown'
[2026-07-15 07:51:11] Tag Change: ID '00E20047175580682179A301' -> Floor 'Unknown'
[2026-07-15 07:51:11] Tag Change: ID '00E2004718B5B068218FA601' -> Floor 'Unknown'
[2026-07-15 07:52:01] Tag Change: ID '00E200471763C068217A8701' -> Floor 'Unknown'
[2026-07-15 07:52:02] Tag Change: ID '00E2004718C7B0682190C601' -> Floor 'Unknown'
[2026-07-15 07:52:03] Tag Change: ID '00E2004714AEB068214F3601' -> Floor 'Unknown'
[2026-07-15 07:52:04] Tag Change: ID '00E20047175C4068217A0F01' -> Floor 'Unknown'
[2026-07-15 07:57:42] Tag Change: ID '00E2004714AEB068214F3601' -> Floor 'Unknown'
[2026-07-15 07:57:42] Tag flapping: suppressed 26 repeated tag-change log lines in the last 394s
[2026-07-15 07:57:43] Tag Change: ID '00E2004718C7B0682190C601' -> Floor 'Unknown'
[2026-07-15 07:57:45] Tag Change: ID '00E200471763C068217A8701' -> Floor 'Unknown'
[2026-07-15 07:57:45] Tag Change: ID '00E2004714D3306821517E01' -> Floor 'Unknown'
[2026-07-15 07:57:46] Tag Change: ID '00E2004714AD3068214F1E01' -> Floor 'Unknown'
[2026-07-15 07:57:47] Tag Change: ID '00E20047177F7068217C4201' -> Floor 'Unknown'
[2026-07-15 07:57:47] Tag Change: ID '00E2004714CAF0682150FA01' -> Floor 'Unknown'
[2026-07-15 07:57:47] Tag Change: ID '00E20047142E306821472E01' -> Floor 'Unknown'
[2026-07-15 07:57:48] Tag Change: ID '00E20047174580682178A301' -> Floor 'Unknown'
[2026-07-15 07:57:49] Tag Change: ID '00E2004714D1B06821516601' -> Floor 'Unknown'
[2026-07-15 07:57:49] Tag Change: ID '00E2004714D1F06821516A01' -> Floor 'Unknown'
[2026-07-15 07:57:50] Tag Change: ID '00E20047174D006821791B01' -> Floor 'Unknown'
[2026-07-15 07:57:50] Tag Change: ID '00E2004717800068217C4B01' -> Floor 'Unknown'
[2026-07-15 07:57:51] Tag Change: ID '00E2004714C970682150E201' -> Floor 'Unknown'
[2026-07-15 07:57:52] Tag Change: ID '00E200471752006821796B01' -> Floor 'Unknown'
[2026-07-15 07:57:52] Tag Change: ID '00E2004714C5B0682150A601' -> Floor 'Unknown'
[2026-07-15 07:57:52] Tag Change: ID '00E20047142DF06821472A01' -> Floor 'Unknown'
[2026-07-15 07:57:53] Tag Change: ID '00E20047174E806821793301' -> Floor 'Unknown'
[2026-07-15 07:57:54] Tag Change: ID '00E2004718978068218DC301' -> Floor 'Unknown'
[2026-07-15 07:57:54] Tag Change: ID '00E20047189E0068218E2B01' -> Floor 'Unknown'
[2026-07-15 07:57:55] Tag Change: ID '00E20047175580682179A301' -> Floor 'Unknown'
[2026-07-15 07:57:56] Tag Change: ID '00E2004718B5B068218FA601' -> Floor 'Unknown'
[2026-07-15 07:58:25] Tag Change: ID '00E20047175C4068217A0F01' -> Floor 'Unknown'
[2026-07-15 08:05:50] Tag Change: ID '00E2004714AEB068214F3601' -> Floor 'Unknown'
[2026-07-15 08:05:50] Tag flapping: suppressed 33 repeated tag-change log lines in the last 484s
[2026-07-15 08:05:51] Tag Change: ID '00E2004718C7B0682190C601' -> Floor 'Unknown'
[2026-07-15 08:05:52] Tag Change: ID '00E200471763C068217A8701' -> Floor 'Unknown'
[2026-07-15 08:05:53] Tag Change: ID '00E2004714D3306821517E01' -> Floor 'Unknown'
[2026-07-15 08:05:54] Tag Change: ID '00E2004714AD3068214F1E01' -> Floor 'Unknown'
[2026-07-15 08:05:54] Tag Change: ID '00E20047177F7068217C4201' -> Floor 'Unknown'
[2026-07-15 08:05:55] Tag Change: ID '00E2004714CAF0682150FA01' -> Floor 'Unknown'
[2026-07-15 08:05:55] Tag Change: ID '00E20047142E306821472E01' -> Floor 'Unknown'
[2026-07-15 08:05:56] Tag Change: ID '00E20047174580682178A301' -> Floor 'Unknown'
[2026-07-15 08:05:57] Tag Change: ID '00E2004714D1B06821516601' -> Floor 'Unknown'
[2026-07-15 08:05:57] Tag Change: ID '00E2004714D1F06821516A01' -> Floor 'Unknown'
[2026-07-15 08:05:58] Tag Change: ID '00E20047174D006821791B01' -> Floor 'Unknown'
[2026-07-15 08:05:58] Tag Change: ID '00E2004717800068217C4B01' -> Floor 'Unknown'
[2026-07-15 08:05:59] Tag Change: ID '00E2004714C970682150E201' -> Floor 'Unknown'
[2026-07-15 08:06:00] Tag Change: ID '00E200471752006821796B01' -> Floor 'Unknown'
[2026-07-15 08:06:00] Tag Change: ID '00E2004714C5B0682150A601' -> Floor 'Unknown'
[2026-07-15 08:06:00] Tag Change: ID '00E20047142DF06821472A01' -> Floor 'Unknown'
[2026-07-15 08:06:01] Tag Change: ID '00E20047174E806821793301' -> Floor 'Unknown'
[2026-07-15 08:06:02] Tag Change: ID '00E2004718978068218DC301' -> Floor 'Unknown'
[2026-07-15 08:06:02] Tag Change: ID '00E20047189E0068218E2B01' -> Floor 'Unknown'
[2026-07-15 08:06:03] Tag Change: ID '00E20047175580682179A301' -> Floor 'Unknown'
[2026-07-15 08:06:03] Tag Change: ID '00E2004718B5B068218FA601' -> Floor 'Unknown'
[2026-07-15 08:06:04] Tag Change: ID '00E2004718B5F068218FAA01' -> Floor 'Unknown'
[2026-07-15 08:06:05] Tag Change: ID '00E200471748C0682178D701' -> Floor 'Unknown'
[2026-07-15 08:06:05] Tag Change: ID '00E2004718B7F068218FCA01' -> Floor 'Unknown'
[2026-07-15 08:06:05] Tag Change: ID '00E2004717914068217D5F01' -> Floor 'Unknown'
[2026-07-15 08:06:06] Tag Change: ID '00E20047174AC0682178F701' -> Floor 'Unknown'
[2026-07-15 08:06:07] Tag Change: ID '00E20047178CC068217D1701' -> Floor 'Unknown'
[2026-07-15 08:06:07] Tag Change: ID '00E20047178E0068217D2B01' -> Floor 'Unknown'
[2026-07-15 08:06:08] Tag Change: ID '00E200471751C06821796701' -> Floor 'Unknown'
[2026-07-15 08:06:10] Tag Change: ID '00E2004717888068217CD301' -> Floor 'Unknown'
[2026-07-15 08:11:00] Tag Change: ID '00E200471751C06821796701' -> Floor 'Unknown'
[2026-07-15 08:11:00] Tag flapping: suppressed 2 repeated tag-change log lines in the last 296s
[2026-07-15 08:11:01] Tag Change: ID '00E20047178E0068217D2B01' -> Floor 'Unknown'
[2026-07-15 08:11:02] Tag Change: ID '00E20047178CC068217D1701' -> Floor 'Unknown'
[2026-07-15 08:11:02] Tag Change: ID '00E20047174AC0682178F701' -> Floor 'Unknown'
[2026-07-15 08:11:03] Tag Change: ID '00E2004717914068217D5F01' -> Floor 'Unknown'
[2026-07-15 08:11:03] Tag Change: ID '00E2004718B7F068218FCA01' -> Floor 'Unknown'
[2026-07-15 08:11:04] Tag Change: ID '00E200471748C0682178D701' -> Floor 'Unknown'
[2026-07-15 08:11:05] Tag Change: ID '00E2004718B5F068218FAA01' -> Floor 'Unknown'
[2026-07-15 08:11:05] Tag Change: ID '00E2004718B5B068218FA601' -> Floor 'Unknown'
[2026-07-15 08:11:05] Tag Change: ID '00E20047175580682179A301' -> Floor 'Unknown'
[2026-07-15 08:11:06] Tag Change: ID '00E20047189E0068218E2B01' -> Floor 'Unknown'
[2026-07-15 08:11:07] Tag Change: ID '00E2004718978068218DC301' -> Floor 'Unknown'
[2026-07-15 08:11:07] Tag Change: ID '00E20047174E806821793301' -> Floor 'Unknown'
[2026-07-15 08:11:08] Tag Change: ID '00E20047142DF06821472A01' -> Floor 'Unknown'
[2026-07-15 08:11:08] Tag Change: ID '00E2004714C5B0682150A601' -> Floor 'Unknown'
[2026-07-15 08:11:09] Tag Change: ID '00E200471752006821796B01' -> Floor 'Unknown'
[2026-07-15 08:11:10] Tag Change: ID '00E2004714C970682150E201' -> Floor 'Unknown'
[2026-07-15 08:11:10] Tag Change: ID '00E2004717800068217C4B01' -> Floor 'Unknown'
[2026-07-15 08:11:10] Tag Change: ID '00E20047174D006821791B01' -> Floor 'Unknown'
[2026-07-15 08:11:11] Tag Change: ID '00E2004714D1F06821516A01' -> Floor 'Unknown'
[2026-07-15 08:11:12] Tag Change: ID '00E2004714D1B06821516601' -> Floor 'Unknown'
[2026-07-15 08:11:12] Tag Change: ID '00E20047174580682178A301' -> Floor 'Unknown'
[2026-07-15 08:11:13] Tag Change: ID '00E20047142E306821472E01' -> Floor 'Unknown'
[2026-07-15 08:11:14] Tag Change: ID '00E2004714CAF0682150FA01' -> Floor 'Unknown'
[2026-07-15 08:11:14] Tag Change: ID '00E20047177F7068217C4201' -> Floor 'Unknown'
[2026-07-15 08:11:15] Tag Change: ID '00E2004714D3306821517E01' -> Floor 'Unknown'
[2026-07-15 08:11:16] Tag Change: ID '00E200471763C068217A8701' -> Floor 'Unknown'
[2026-07-15 08:11:17] Tag Change: ID '00E2004718C7B0682190C601' -> Floor 'Unknown'
[2026-07-15 08:11:18] Tag Change: ID '00E2004714AEB068214F3601' -> Floor 'Unknown'
[2026-07-15 08:11:19] Tag Change: ID '00E20047175C4068217A0F01' -> Floor 'Unknown'
[2026-07-15 08:11:42] Tag Change: ID '00E2004714AD3068214F1E01' -> Floor 'Unknown'
[2026-07-15 08:11:59] Tag Change: ID '00E2004717888068217CD301' -> Floor 'Unknown'
[2026-07-15 08:12:36] Tag Change: ID '00E200471751C06821796701' -> Floor 'Unknown'
[2026-07-15 08:12:36] Tag flapping: suppressed 35 repeated tag-change log lines in the last 94s
[2026-07-15 08:12:38] Tag Change: ID '00E20047178E0068217D2B01' -> Floor 'Unknown'
[2026-07-15 08:12:38] Tag Change: ID '00E20047178CC068217D1701' -> Floor 'Unknown'
[2026-07-15 08:12:39] Tag Change: ID '00E20047174AC0682178F701' -> Floor 'Unknown'
[2026-07-15 08:12:39] Tag Change: ID '00E2004717914068217D5F01' -> Floor 'Unknown'
[2026-07-15 08:12:40] Tag Change: ID '00E2004718B7F068218FCA01' -> Floor 'Unknown'
[2026-07-15 08:12:40] Tag Change: ID '00E200471748C0682178D701' -> Floor 'Unknown'
[2026-07-15 08:12:41] Tag Change: ID '00E2004718B5F068218FAA01' -> Floor 'Unknown'
[2026-07-15 08:12:42] Tag Change: ID '00E2004718B5B068218FA601' -> Floor 'Unknown'
[2026-07-15 08:12:42] Tag Change: ID '00E20047175580682179A301' -> Floor 'Unknown'
[2026-07-15 08:12:43] Tag Change: ID '00E20047189E0068218E2B01' -> Floor 'Unknown'
[2026-07-15 08:12:43] Tag Change: ID '00E2004718978068218DC301' -> Floor 'Unknown'
[2026-07-15 08:12:44] Tag Change: ID '00E20047174E806821793301' -> Floor 'Unknown'
[2026-07-15 08:12:44] Tag Change: ID '00E20047142DF06821472A01' -> Floor 'Unknown'
[2026-07-15 08:12:45] Tag Change: ID '00E2004714C5B0682150A601' -> Floor 'Unknown'
[2026-07-15 08:12:45] Tag Change: ID '00E200471752006821796B01' -> Floor 'Unknown'
[2026-07-15 08:12:46] Tag Change: ID '00E2004714C970682150E201' -> Floor 'Unknown'
[2026-07-15 08:12:47] Tag Change: ID '00E2004717800068217C4B01' -> Floor 'Unknown'
[2026-07-15 08:12:47] Tag Change: ID '00E20047174D006821791B01' -> Floor 'Unknown'
[2026-07-15 08:12:48] Tag Change: ID '00E2004714D1F06821516A01' -> Floor 'Unknown'
[2026-07-15 08:12:48] Tag Change: ID '00E2004714D1B06821516601' -> Floor 'Unknown'
[2026-07-15 08:12:49] Tag Change: ID '00E20047174580682178A301' -> Floor 'Unknown'
[2026-07-15 08:12:49] Tag Change: ID '00E20047142E306821472E01' -> Floor 'Unknown'
[2026-07-15 08:12:50] Tag Change: ID '00E2004714CAF0682150FA01' -> Floor 'Unknown'
[2026-07-15 08:12:50] Tag Change: ID '00E20047177F7068217C4201' -> Floor 'Unknown'
[2026-07-15 08:12:51] Tag Change: ID '00E2004714AD3068214F1E01' -> Floor 'Unknown'
[2026-07-15 08:12:52] Tag Change: ID '00E2004714D3306821517E01' -> Floor 'Unknown'
[2026-07-15 08:12:52] Tag Change: ID '00E200471763C068217A8701' -> Floor 'Unknown'
[2026-07-15 08:12:53] Tag Change: ID '00E2004718C7B0682190C601' -> Floor 'Unknown'
[2026-07-15 08:12:55] Tag Change: ID '00E2004714AEB068214F3601' -> Floor 'Unknown'
[2026-07-15 08:12:56] Tag Change: ID '00E20047175C4068217A0F01' -> Floor 'Unknown'
[2026-07-15 08:15:03] Tag Change: ID '00E2004714AEB068214F3601' -> Floor 'Unknown'
[2026-07-15 08:15:04] Tag Change: ID '00E2004718C7B0682190C601' -> Floor 'Unknown'
[2026-07-15 08:15:05] Tag Change: ID '00E200471763C068217A8701' -> Floor 'Unknown'
[2026-07-15 08:15:05] Tag Change: ID '00E2004714D3306821517E01' -> Floor 'Unknown'
[2026-07-15 08:15:06] Tag Change: ID '00E2004714AD3068214F1E01' -> Floor 'Unknown'
[2026-07-15 08:15:07] Tag Change: ID '00E20047177F7068217C4201' -> Floor 'Unknown'
[2026-07-15 08:15:07] Tag Change: ID '00E2004714CAF0682150FA01' -> Floor 'Unknown'
[2026-07-15 08:15:08] Tag Change: ID '00E20047142E306821472E01' -> Floor 'Unknown'
[2026-07-15 08:15:09] Tag Change: ID '00E20047174580682178A301' -> Floor 'Unknown'
[2026-07-15 08:15:09] Tag Change: ID '00E2004714D1B06821516601' -> Floor 'Unknown'
[2026-07-15 08:15:09] Tag Change: ID '00E2004714D1F06821516A01' -> Floor 'Unknown'
[2026-07-15 08:15:10] Tag Change: ID '00E20047174D006821791B01' -> Floor 'Unknown'
[2026-07-15 08:15:11] Tag Change: ID '00E2004717800068217C4B01' -> Floor 'Unknown'
[2026-07-15 08:15:11] Tag Change: ID '00E2004714C970682150E201' -> Floor 'Unknown'
[2026-07-15 08:15:12] Tag Change: ID '00E200471752006821796B01' -> Floor 'Unknown'
[2026-07-15 08:15:12] Tag Change: ID '00E2004714C5B0682150A601' -> Floor 'Unknown'
[2026-07-15 08:15:13] Tag Change: ID '00E20047142DF06821472A01' -> Floor 'Unknown'
[2026-07-15 08:15:14] Tag Change: ID '00E20047174E806821793301' -> Floor 'Unknown'
[2026-07-15 08:15:14] Tag Change: ID '00E2004718978068218DC301' -> Floor 'Unknown'
[2026-07-15 08:15:14] Tag Change: ID '00E20047189E0068218E2B01' -> Floor 'Unknown'
[2026-07-15 08:15:15] Tag Change: ID '00E20047175580682179A301' -> Floor 'Unknown'
[2026-07-15 08:15:16] Tag Change: ID '00E2004718B5B068218FA601' -> Floor 'Unknown'
[2026-07-15 08:15:16] Tag Change: ID '00E2004718B5F068218FAA01' -> Floor 'Unknown'
[2026-07-15 08:15:17] Tag Change: ID '00E200471748C0682178D701' -> Floor 'Unknown'
[2026-07-15 08:15:17] Tag Change: ID '00E2004718B7F068218FCA01' -> Floor 'Unknown'
[2026-07-15 08:15:18] Tag Change: ID '00E2004717914068217D5F01' -> Floor 'Unknown'
[2026-07-15 08:15:18] Tag Change: ID '00E20047174AC0682178F701' -> Floor 'Unknown'
[2026-07-15 08:15:19] Tag Change: ID '00E20047178CC068217D1701' -> Floor 'Unknown'
[2026-07-15 08:15:19] Tag Change: ID '00E20047178E0068217D2B01' -> Floor 'Unknown'
[2026-07-15 08:15:20] Tag Change: ID '00E200471751C06821796701' -> Floor 'Unknown'
[2026-07-15 08:15:21] Tag Change: ID '00E2004717888068217CD301' -> Floor 'Unknown'
[2026-07-15 08:15:21] Tag Change: ID '00E200471785C068217CA701' -> Floor 'Unknown'
[2026-07-15 08:15:22] Tag Change: ID '00E200471756C0682179B701' -> Floor 'Unknown'
[2026-07-15 08:15:22] Tag Change: ID '00E20047178B0068217CFB01' -> Floor 'Unknown'
[2026-07-15 08:15:23] Tag Change: ID '00E2004717884068217CCF01' -> Floor 'Unknown'
[2026-07-15 08:15:24] Tag Change: ID '00E200471753406821797F01' -> Floor 'Unknown'
[2026-07-15 08:15:24] Tag Change: ID '00E2004717890068217CDB01' -> Floor 'Unknown'
[2026-07-15 08:15:24] Tag Change: ID '00E2004717854068217C9F01' -> Floor 'Unknown'
[2026-07-15 08:15:26] Tag Change: ID '00E2004718A14068218E5F01' -> Floor 'Unknown'
[2026-07-15 08:15:26] Tag Change: ID '00E2004714AA3068214EEE01' -> Floor 'Unknown'
[2026-07-15 08:15:26] Tag Change: ID '00E2004714ADF068214F2A01' -> Floor 'Unknown'
[2026-07-15 08:15:27] Tag Change: ID '00E2004718B63068218FAE01' -> Floor 'Unknown'
[2026-07-15 08:15:27] Tag Change: ID '00E2004714C4706821509201' -> Floor 'Unknown'
[2026-07-15 08:15:28] Tag Change: ID '00E2004714B1B068214F6601' -> Floor 'Unknown'
[2026-07-15 08:15:29] Tag Change: ID '00E2004718A54068218E9F01' -> Floor 'Unknown'
[2026-07-15 08:15:29] Tag Change: ID '00E2004714ACB068214F1601' -> Floor 'Unknown'
[2026-07-15 08:15:30] Tag Change: ID '00E2004714B1F068214F6A01' -> Floor 'Unknown'
[2026-07-15 08:15:31] Tag Change: ID '00E2004718A74068218EBF01' -> Floor 'Unknown'
[2026-07-15 08:15:31] Tag Change: ID '00E2004714B13068214F5E01' -> Floor 'Unknown'
[2026-07-15 08:15:31] Tag Change: ID '00E2004714AAF068214EFA01' -> Floor 'Unknown'
[2026-07-15 08:15:32] Tag Change: ID '00E2004718A70068218EBB01' -> Floor 'Unknown'
[2026-07-15 08:15:32] Tag Change: ID '00E2004714BF306821503E01' -> Floor 'Unknown'
[2026-07-15 08:15:33] Tag Change: ID '00E2004714A5B068214EA601' -> Floor 'Unknown'
[2026-07-15 08:15:34] Tag Change: ID '00E20047149AB068214DF601' -> Floor 'Unknown'
[2026-07-15 08:15:34] Tag Change: ID '00E2004718998068218DE301' -> Floor 'Unknown'
[2026-07-15 08:15:35] Tag Change: ID '00E2004714987068214DD201' -> Floor 'Unknown'
[2026-07-15 08:15:36] Tag Change: ID '00E20047189C0068218E0B01' -> Floor 'Unknown'
[2026-07-15 08:15:36] Tag Change: ID '00E20047149B3068214DFE01' -> Floor 'Unknown'
[2026-07-15 08:15:36] Tag Change: ID '00E20047149CB068214E1601' -> Floor 'Unknown'
[2026-07-15 08:15:37] Tag Change: ID '00E2004718A28068218E7301' -> Floor 'Unknown'
[2026-07-15 08:15:37] Tag Change: ID '00E2004714A3B068214E8601' -> Floor 'Unknown'
[2026-07-15 08:15:38] Tag Change: ID '00E200471432F06821477A01' -> Floor 'Unknown'
[2026-07-15 08:15:38] Tag Change: ID '00E2004718AA4068218EEF01' -> Floor 'Unknown'
[2026-07-15 08:15:40] Tag Change: ID '00E2004714C830682150CE01' -> Floor 'Unknown'
[2026-07-15 08:16:20] Tag flapping: suppressed 19 repeated tag-change log lines in the last 67s
[2026-07-15 08:16:29] Tag Change: ID '00E2004714ACB068214F1601' -> Floor 'Unknown'
[2026-07-15 08:16:30] Tag Change: ID '00E2004718A54068218E9F01' -> Floor 'Unknown'
[2026-07-15 08:16:31] Tag Change: ID '00E2004714B1B068214F6601' -> Floor 'Unknown'
[2026-07-15 08:16:31] Tag Change: ID '00E2004714C4706821509201' -> Floor 'Unknown'
[2026-07-15 08:16:31] Tag Change: ID '00E2004718B63068218FAE01' -> Floor 'Unknown'
[2026-07-15 08:16:32] Tag Change: ID '00E2004714ADF068214F2A01' -> Floor 'Unknown'
[2026-07-15 08:16:33] Tag Change: ID '00E2004718A14068218E5F01' -> Floor 'Unknown'
[2026-07-15 08:16:33] Tag Change: ID '00E2004714AA3068214EEE01' -> Floor 'Unknown'
[2026-07-15 08:16:34] Tag Change: ID '00E2004717854068217C9F01' -> Floor 'Unknown'
[2026-07-15 08:16:34] Tag Change: ID '00E2004717890068217CDB01' -> Floor 'Unknown'
[2026-07-15 08:16:35] Tag Change: ID '00E200471753406821797F01' -> Floor 'Unknown'
[2026-07-15 08:16:36] Tag Change: ID '00E2004717884068217CCF01' -> Floor 'Unknown'
[2026-07-15 08:16:36] Tag Change: ID '00E20047178B0068217CFB01' -> Floor 'Unknown'
[2026-07-15 08:16:37] Tag Change: ID '00E200471756C0682179B701' -> Floor 'Unknown'
[2026-07-15 08:16:37] Tag Change: ID '00E200471785C068217CA701' -> Floor 'Unknown'
[2026-07-15 08:16:38] Tag Change: ID '00E2004717888068217CD301' -> Floor 'Unknown'
[2026-07-15 08:16:38] Tag Change: ID '00E200471751C06821796701' -> Floor 'Unknown'
[2026-07-15 08:16:39] Tag Change: ID '00E20047178E0068217D2B01' -> Floor 'Unknown'
[2026-07-15 08:16:40] Tag Change: ID '00E20047178CC068217D1701' -> Floor 'Unknown'
[2026-07-15 08:16:40] Tag Change: ID '00E20047174AC0682178F701' -> Floor 'Unknown'
[2026-07-15 08:16:41] Tag Change: ID '00E2004717914068217D5F01' -> Floor 'Unknown'
[2026-07-15 08:16:41] Tag Change: ID '00E2004718B7F068218FCA01' -> Floor 'Unknown'
[2026-07-15 08:16:42] Tag Change: ID '00E200471748C0682178D701' -> Floor 'Unknown'
[2026-07-15 08:16:42] Tag Change: ID '00E2004718B5F068218FAA01' -> Floor 'Unknown'
[2026-07-15 08:16:43] Tag Change: ID '00E2004718B5B068218FA601' -> Floor 'Unknown'
[2026-07-15 08:16:43] Tag Change: ID '00E20047175580682179A301' -> Floor 'Unknown'
[2026-07-15 08:16:44] Tag Change: ID '00E20047189E0068218E2B01' -> Floor 'Unknown'
[2026-07-15 08:16:45] Tag Change: ID '00E2004718978068218DC301' -> Floor 'Unknown'
[2026-07-15 08:16:45] Tag Change: ID '00E20047174E806821793301' -> Floor 'Unknown'
[2026-07-15 08:16:46] Tag Change: ID '00E20047142DF06821472A01' -> Floor 'Unknown'
[2026-07-15 08:16:46] Tag Change: ID '00E2004714C5B0682150A601' -> Floor 'Unknown'
[2026-07-15 08:16:46] Tag Change: ID '00E200471752006821796B01' -> Floor 'Unknown'
[2026-07-15 08:16:48] Tag Change: ID '00E2004714C970682150E201' -> Floor 'Unknown'
[2026-07-15 08:16:48] Tag Change: ID '00E2004717800068217C4B01' -> Floor 'Unknown'
[2026-07-15 08:16:48] Tag Change: ID '00E20047174D006821791B01' -> Floor 'Unknown'
[2026-07-15 08:16:49] Tag Change: ID '00E2004714D1F06821516A01' -> Floor 'Unknown'
[2026-07-15 08:16:50] Tag Change: ID '00E2004714D1B06821516601' -> Floor 'Unknown'
[2026-07-15 08:16:50] Tag Change: ID '00E20047174580682178A301' -> Floor 'Unknown'
[2026-07-15 08:16:51] Tag Change: ID '00E20047142E306821472E01' -> Floor 'Unknown'
[2026-07-15 08:16:51] Tag Change: ID '00E2004714CAF0682150FA01' -> Floor 'Unknown'
[2026-07-15 08:16:52] Tag Change: ID '00E20047177F7068217C4201' -> Floor 'Unknown'
[2026-07-15 08:16:52] Tag Change: ID '00E2004714AD3068214F1E01' -> Floor 'Unknown'
[2026-07-15 08:16:53] Tag Change: ID '00E2004714D3306821517E01' -> Floor 'Unknown'
[2026-07-15 08:16:53] Tag Change: ID '00E200471763C068217A8701' -> Floor 'Unknown'
[2026-07-15 08:16:54] Tag Change: ID '00E2004718C7B0682190C601' -> Floor 'Unknown'
[2026-07-15 08:16:56] Tag Change: ID '00E2004714AEB068214F3601' -> Floor 'Unknown'
[2026-07-15 08:16:56] Tag Change: ID '00E20047175C4068217A0F01' -> Floor 'Unknown'
[2026-07-15 08:27:57] Tag Change: ID '00E2004714AEB068214F3601' -> Floor 'Unknown'
[2026-07-15 08:27:57] Tag flapping: suppressed 28 repeated tag-change log lines in the last 696s
[2026-07-15 08:27:58] Tag Change: ID '00E2004718C7B0682190C601' -> Floor 'Unknown'
[2026-07-15 08:27:59] Tag Change: ID '00E200471763C068217A8701' -> Floor 'Unknown'
[2026-07-15 08:28:00] Tag Change: ID '00E2004714D3306821517E01' -> Floor 'Unknown'
[2026-07-15 08:28:01] Tag Change: ID '00E2004714AD3068214F1E01' -> Floor 'Unknown'
[2026-07-15 08:28:01] Tag Change: ID '00E20047177F7068217C4201' -> Floor 'Unknown'
[2026-07-15 08:28:02] Tag Change: ID '00E2004714CAF0682150FA01' -> Floor 'Unknown'
[2026-07-15 08:28:02] Tag Change: ID '00E20047142E306821472E01' -> Floor 'Unknown'
[2026-07-15 08:28:03] Tag Change: ID '00E20047174580682178A301' -> Floor 'Unknown'
[2026-07-15 08:28:04] Tag Change: ID '00E2004714D1B06821516601' -> Floor 'Unknown'
[2026-07-15 08:28:04] Tag Change: ID '00E2004714D1F06821516A01' -> Floor 'Unknown'
[2026-07-15 08:28:05] Tag Change: ID '00E20047174D006821791B01' -> Floor 'Unknown'
[2026-07-15 08:28:05] Tag Change: ID '00E2004717800068217C4B01' -> Floor 'Unknown'
[2026-07-15 08:28:06] Tag Change: ID '00E2004714C970682150E201' -> Floor 'Unknown'
[2026-07-15 08:28:06] Tag Change: ID '00E200471752006821796B01' -> Floor 'Unknown'
[2026-07-15 08:28:07] Tag Change: ID '00E2004714C5B0682150A601' -> Floor 'Unknown'
[2026-07-15 08:28:07] Tag Change: ID '00E20047142DF06821472A01' -> Floor 'Unknown'
[2026-07-15 08:28:08] Tag Change: ID '00E20047174E806821793301' -> Floor 'Unknown'
[2026-07-15 08:28:08] Tag Change: ID '00E2004718978068218DC301' -> Floor 'Unknown'
[2026-07-15 08:28:09] Tag Change: ID '00E20047189E0068218E2B01' -> Floor 'Unknown'
[2026-07-15 08:28:10] Tag Change: ID '00E20047175580682179A301' -> Floor 'Unknown'
[2026-07-15 08:28:10] Tag Change: ID '00E2004718B5B068218FA601' -> Floor 'Unknown'
[2026-07-15 08:28:11] Tag Change: ID '00E2004718B5F068218FAA01' -> Floor 'Unknown'
[2026-07-15 08:28:11] Tag Change: ID '00E200471748C0682178D701' -> Floor 'Unknown'
[2026-07-15 08:28:12] Tag Change: ID '00E2004718B7F068218FCA01' -> Floor 'Unknown'
[2026-07-15 08:28:12] Tag Change: ID '00E2004717914068217D5F01' -> Floor 'Unknown'
[2026-07-15 08:28:13] Tag Change: ID '00E20047174AC0682178F701' -> Floor 'Unknown'
[2026-07-15 08:28:14] Tag Change: ID '00E20047178CC068217D1701' -> Floor 'Unknown'
[2026-07-15 08:28:14] Tag Change: ID '00E20047178E0068217D2B01' -> Floor 'Unknown'
[2026-07-15 08:28:15] Tag Change: ID '00E200471751C06821796701' -> Floor 'Unknown'
[2026-07-15 08:28:15] Tag Change: ID '00E2004717888068217CD301' -> Floor 'Unknown'
[2026-07-15 08:28:16] Tag Change: ID '00E200471785C068217CA701' -> Floor 'Unknown'
[2026-07-15 08:28:16] Tag Change: ID '00E200471756C0682179B701' -> Floor 'Unknown'
[2026-07-15 08:28:17] Tag Change: ID '00E20047178B0068217CFB01' -> Floor 'Unknown'
[2026-07-15 08:28:18] Tag Change: ID '00E2004717884068217CCF01' -> Floor 'Unknown'
[2026-07-15 08:28:18] Tag Change: ID '00E200471753406821797F01' -> Floor 'Unknown'
[2026-07-15 08:28:19] Tag Change: ID '00E2004717890068217CDB01' -> Floor 'Unknown'
[2026-07-15 08:28:19] Tag Change: ID '00E2004717854068217C9F01' -> Floor 'Unknown'
[2026-07-15 08:28:20] Tag Change: ID '00E2004718A14068218E5F01' -> Floor 'Unknown'
[2026-07-15 08:28:21] Tag Change: ID '00E2004714AA3068214EEE01' -> Floor 'Unknown'
[2026-07-15 08:28:21] Tag Change: ID '00E2004714ADF068214F2A01' -> Floor 'Unknown'
[2026-07-15 08:28:22] Tag Change: ID '00E2004718B63068218FAE01' -> Floor 'Unknown'
[2026-07-15 08:28:22] Tag Change: ID '00E2004714C4706821509201' -> Floor 'Unknown'
[2026-07-15 08:28:22] Tag Change: ID '00E2004714B1B068214F6601' -> Floor 'Unknown'
[2026-07-15 08:28:23] Tag Change: ID '00E2004718A54068218E9F01' -> Floor 'Unknown'
[2026-07-15 08:28:24] Tag Change: ID '00E2004714ACB068214F1601' -> Floor 'Unknown'
[2026-07-15 08:28:24] Tag Change: ID '00E2004714B1F068214F6A01' -> Floor 'Unknown'
[2026-07-15 08:28:25] Tag Change: ID '00E2004718A74068218EBF01' -> Floor 'Unknown'
[2026-07-15 08:28:25] Tag Change: ID '00E2004714B13068214F5E01' -> Floor 'Unknown'
[2026-07-15 08:28:26] Tag Change: ID '00E2004714AAF068214EFA01' -> Floor 'Unknown'
[2026-07-15 08:28:26] Tag Change: ID '00E2004718A70068218EBB01' -> Floor 'Unknown'
[2026-07-15 08:28:27] Tag Change: ID '00E2004714BF306821503E01' -> Floor 'Unknown'
[2026-07-15 08:28:27] Tag Change: ID '00E2004714A5B068214EA601' -> Floor 'Unknown'
[2026-07-15 08:28:29] Tag Change: ID '00E20047149AB068214DF601' -> Floor 'Unknown'
[2026-07-15 08:28:30] Tag Change: ID '00E2004714987068214DD201' -> Floor 'Unknown'
[2026-07-15 08:28:31] Tag Change: ID '00E20047189C0068218E0B01' -> Floor 'Unknown'
[2026-07-15 08:28:31] Tag Change: ID '00E20047149B3068214DFE01' -> Floor 'Unknown'
[2026-07-15 08:29:09] Tag flapping: suppressed 273 repeated tag-change log lines in the last 60s
[2026-07-15 08:29:11] Tag Change: ID '00E2004718998068218DE301' -> Floor 'Unknown'
[2026-07-15 08:29:21] Tag Change: ID '00E2004717854068217C9F01' -> Floor 'Unknown'
[2026-07-15 08:29:21] Tag Change: ID '00E2004717890068217CDB01' -> Floor 'Unknown'
[2026-07-15 08:29:21] Tag Change: ID '00E200471753406821797F01' -> Floor 'Unknown'
[2026-07-15 08:29:22] Tag Change: ID '00E2004717884068217CCF01' -> Floor 'Unknown'
[2026-07-15 08:29:22] Tag Change: ID '00E20047178B0068217CFB01' -> Floor 'Unknown'
[2026-07-15 08:29:23] Tag Change: ID '00E200471756C0682179B701' -> Floor 'Unknown'
[2026-07-15 08:29:24] Tag Change: ID '00E200471785C068217CA701' -> Floor 'Unknown'
[2026-07-15 08:29:24] Tag Change: ID '00E2004717888068217CD301' -> Floor 'Unknown'
[2026-07-15 08:29:25] Tag Change: ID '00E200471751C06821796701' -> Floor 'Unknown'
[2026-07-15 08:29:25] Tag Change: ID '00E20047178E0068217D2B01' -> Floor 'Unknown'
[2026-07-15 08:29:26] Tag Change: ID '00E20047178CC068217D1701' -> Floor 'Unknown'
[2026-07-15 08:29:27] Tag Change: ID '00E20047174AC0682178F701' -> Floor 'Unknown'
[2026-07-15 08:29:27] Tag Change: ID '00E2004717914068217D5F01' -> Floor 'Unknown'
[2026-07-15 08:29:28] Tag Change: ID '00E2004718B7F068218FCA01' -> Floor 'Unknown'
[2026-07-15 08:29:28] Tag Change: ID '00E200471748C0682178D701' -> Floor 'Unknown'
[2026-07-15 08:29:29] Tag Change: ID '00E2004718B5F068218FAA01' -> Floor 'Unknown'
[2026-07-15 08:29:29] Tag Change: ID '00E2004718B5B068218FA601' -> Floor 'Unknown'
[2026-07-15 08:29:30] Tag Change: ID '00E20047175580682179A301' -> Floor 'Unknown'
[2026-07-15 08:29:31] Tag Change: ID '00E20047189E0068218E2B01' -> Floor 'Unknown'
[2026-07-15 08:29:31] Tag Change: ID '00E2004718978068218DC301' -> Floor 'Unknown'
[2026-07-15 08:29:31] Tag Change: ID '00E20047174E806821793301' -> Floor 'Unknown'
[2026-07-15 08:29:32] Tag Change: ID '00E20047142DF06821472A01' -> Floor 'Unknown'
[2026-07-15 08:29:33] Tag Change: ID '00E2004714C5B0682150A601' -> Floor 'Unknown'
[2026-07-15 08:29:33] Tag Change: ID '00E200471752006821796B01' -> Floor 'Unknown'
[2026-07-15 08:29:34] Tag Change: ID '00E2004714C970682150E201' -> Floor 'Unknown'
[2026-07-15 08:29:34] Tag Change: ID '00E2004717800068217C4B01' -> Floor 'Unknown'
[2026-07-15 08:29:35] Tag Change: ID '00E20047174D006821791B01' -> Floor 'Unknown'
[2026-07-15 08:29:36] Tag Change: ID '00E2004714D1F06821516A01' -> Floor 'Unknown'
[2026-07-15 08:29:36] Tag Change: ID '00E2004714D1B06821516601' -> Floor 'Unknown'
[2026-07-15 08:29:36] Tag Change: ID '00E20047174580682178A301' -> Floor 'Unknown'
[2026-07-15 08:29:37] Tag Change: ID '00E20047142E306821472E01' -> Floor 'Unknown'
[2026-07-15 08:29:38] Tag Change: ID '00E2004714CAF0682150FA01' -> Floor 'Unknown'
[2026-07-15 08:29:38] Tag Change: ID '00E20047177F7068217C4201' -> Floor 'Unknown'
[2026-07-15 08:29:39] Tag Change: ID '00E2004714AD3068214F1E01' -> Floor 'Unknown'
[2026-07-15 08:29:39] Tag Change: ID '00E2004714D3306821517E01' -> Floor 'Unknown'
[2026-07-15 08:29:40] Tag Change: ID '00E200471763C068217A8701' -> Floor 'Unknown'
[2026-07-15 08:29:41] Tag Change: ID '00E2004718C7B0682190C601' -> Floor 'Unknown'
[2026-07-15 08:29:43] Tag Change: ID '00E2004714AEB068214F3601' -> Floor 'Unknown'
[2026-07-15 08:29:43] Tag Change: ID '00E20047175C4068217A0F01' -> Floor 'Unknown'
[2026-07-15 08:30:09] Tag flapping: suppressed 35 repeated tag-change log lines in the last 60s
[2026-07-15 08:30:27] Tag Change: ID '00E2004717888068217CD301' -> Floor 'Unknown'
[2026-07-15 08:30:43] Tag Change: ID '00E200471785C068217CA701' -> Floor 'Unknown'
[2026-07-15 08:30:43] Tag Change: ID '00E200471756C0682179B701' -> Floor 'Unknown'
[2026-07-15 08:30:44] Tag Change: ID '00E20047178B0068217CFB01' -> Floor 'Unknown'
[2026-07-15 08:30:45] Tag Change: ID '00E2004717884068217CCF01' -> Floor 'Unknown'
[2026-07-15 08:30:45] Tag Change: ID '00E200471753406821797F01' -> Floor 'Unknown'
[2026-07-15 08:30:46] Tag Change: ID '00E2004717890068217CDB01' -> Floor 'Unknown'
[2026-07-15 08:30:46] Tag Change: ID '00E2004717854068217C9F01' -> Floor 'Unknown'
[2026-07-15 08:30:48] Tag Change: ID '00E2004718A14068218E5F01' -> Floor 'Unknown'
[2026-07-15 08:30:48] Tag Change: ID '00E2004714AA3068214EEE01' -> Floor 'Unknown'
[2026-07-15 08:30:48] Tag Change: ID '00E2004714ADF068214F2A01' -> Floor 'Unknown'
[2026-07-15 08:30:49] Tag Change: ID '00E2004718B63068218FAE01' -> Floor 'Unknown'
[2026-07-15 08:30:49] Tag Change: ID '00E2004714C4706821509201' -> Floor 'Unknown'
[2026-07-15 08:30:50] Tag Change: ID '00E2004714B1B068214F6601' -> Floor 'Unknown'
[2026-07-15 08:30:51] Tag Change: ID '00E2004718A54068218E9F01' -> Floor 'Unknown'
[2026-07-15 08:30:51] Tag Change: ID '00E2004714ACB068214F1601' -> Floor 'Unknown'
[2026-07-15 08:30:51] Tag Change: ID '00E2004714B1F068214F6A01' -> Floor 'Unknown'
[2026-07-15 08:30:53] Tag Change: ID '00E2004718A74068218EBF01' -> Floor 'Unknown'
[2026-07-15 08:30:53] Tag Change: ID '00E2004714B13068214F5E01' -> Floor 'Unknown'
[2026-07-15 08:30:53] Tag Change: ID '00E2004714AAF068214EFA01' -> Floor 'Unknown'
[2026-07-15 08:30:54] Tag Change: ID '00E2004718A70068218EBB01' -> Floor 'Unknown'
[2026-07-15 08:30:54] Tag Change: ID '00E2004714BF306821503E01' -> Floor 'Unknown'
[2026-07-15 08:30:55] Tag Change: ID '00E2004714A5B068214EA601' -> Floor 'Unknown'
[2026-07-15 08:30:56] Tag Change: ID '00E20047149AB068214DF601' -> Floor 'Unknown'
[2026-07-15 08:30:56] Tag Change: ID '00E2004718998068218DE301' -> Floor 'Unknown'
[2026-07-15 08:30:57] Tag Change: ID '00E2004714987068214DD201' -> Floor 'Unknown'
[2026-07-15 08:30:57] Tag Change: ID '00E20047189C0068218E0B01' -> Floor 'Unknown'
[2026-07-15 08:30:57] Tag Change: ID '00E20047149B3068214DFE01' -> Floor 'Unknown'
[2026-07-15 08:30:58] Tag Change: ID '00E20047149CB068214E1601' -> Floor 'Unknown'
[2026-07-15 08:30:59] Tag Change: ID '00E2004718A28068218E7301' -> Floor 'Unknown'
[2026-07-15 08:30:59] Tag Change: ID '00E2004714A3B068214E8601' -> Floor 'Unknown'
[2026-07-15 08:31:00] Tag Change: ID '00E200471432F06821477A01' -> Floor 'Unknown'
[2026-07-15 08:31:00] Tag Change: ID '00E2004718AA4068218EEF01' -> Floor 'Unknown'
[2026-07-15 08:31:01] Tag Change: ID '00E2004714C830682150CE01' -> Floor 'Unknown'
[2026-07-15 08:31:01] Tag Change: ID '00E2004714A1F068214E6A01' -> Floor 'Unknown'
[2026-07-15 08:31:02] Tag Change: ID '00E2004717820068217C6B01' -> Floor 'Unknown'
[2026-07-15 08:31:03] Tag Change: ID '00E2004714A07068214E5201' -> Floor 'Unknown'
[2026-07-15 08:31:52] Tag flapping: suppressed 38 repeated tag-change log lines in the last 101s
[2026-07-15 08:31:57] Tag Change: ID '00E2004714987068214DD201' -> Floor 'Unknown'
[2026-07-15 08:31:58] Tag Change: ID '00E20047149AB068214DF601' -> Floor 'Unknown'
[2026-07-15 08:31:59] Tag Change: ID '00E2004714A5B068214EA601' -> Floor 'Unknown'
[2026-07-15 08:31:59] Tag Change: ID '00E2004714BF306821503E01' -> Floor 'Unknown'
[2026-07-15 08:32:00] Tag Change: ID '00E2004718A70068218EBB01' -> Floor 'Unknown'
[2026-07-15 08:32:00] Tag Change: ID '00E2004714AAF068214EFA01' -> Floor 'Unknown'
[2026-07-15 08:32:01] Tag Change: ID '00E2004714B13068214F5E01' -> Floor 'Unknown'
[2026-07-15 08:32:01] Tag Change: ID '00E2004718A74068218EBF01' -> Floor 'Unknown'
[2026-07-15 08:32:02] Tag Change: ID '00E2004714B1F068214F6A01' -> Floor 'Unknown'
[2026-07-15 08:32:03] Tag Change: ID '00E2004714ACB068214F1601' -> Floor 'Unknown'
[2026-07-15 08:32:03] Tag Change: ID '00E2004718A54068218E9F01' -> Floor 'Unknown'
[2026-07-15 08:32:04] Tag Change: ID '00E2004714B1B068214F6601' -> Floor 'Unknown'
[2026-07-15 08:32:04] Tag Change: ID '00E2004714C4706821509201' -> Floor 'Unknown'
[2026-07-15 08:32:05] Tag Change: ID '00E2004718B63068218FAE01' -> Floor 'Unknown'
[2026-07-15 08:32:06] Tag Change: ID '00E2004714ADF068214F2A01' -> Floor 'Unknown'
[2026-07-15 08:32:06] Tag Change: ID '00E2004718A14068218E5F01' -> Floor 'Unknown'
[2026-07-15 08:32:06] Tag Change: ID '00E2004714AA3068214EEE01' -> Floor 'Unknown'
[2026-07-15 08:32:07] Tag Change: ID '00E2004717854068217C9F01' -> Floor 'Unknown'
[2026-07-15 08:32:08] Tag Change: ID '00E200471753406821797F01' -> Floor 'Unknown'
[2026-07-15 08:32:08] Tag Change: ID '00E2004717890068217CDB01' -> Floor 'Unknown'
[2026-07-15 08:32:09] Tag Change: ID '00E2004717884068217CCF01' -> Floor 'Unknown'
[2026-07-15 08:32:09] Tag Change: ID '00E20047178B0068217CFB01' -> Floor 'Unknown'
[2026-07-15 08:32:10] Tag Change: ID '00E200471756C0682179B701' -> Floor 'Unknown'
[2026-07-15 08:32:11] Tag Change: ID '00E200471785C068217CA701' -> Floor 'Unknown'
[2026-07-15 08:32:11] Tag Change: ID '00E2004717888068217CD301' -> Floor 'Unknown'
[2026-07-15 08:32:11] Tag Change: ID '00E200471751C06821796701' -> Floor 'Unknown'
[2026-07-15 08:32:12] Tag Change: ID '00E20047178E0068217D2B01' -> Floor 'Unknown'
[2026-07-15 08:32:13] Tag Change: ID '00E20047178CC068217D1701' -> Floor 'Unknown'
[2026-07-15 08:32:13] Tag Change: ID '00E20047174AC0682178F701' -> Floor 'Unknown'
[2026-07-15 08:32:14] Tag Change: ID '00E2004717914068217D5F01' -> Floor 'Unknown'
[2026-07-15 08:32:14] Tag Change: ID '00E2004718B7F068218FCA01' -> Floor 'Unknown'
[2026-07-15 08:32:15] Tag Change: ID '00E200471748C0682178D701' -> Floor 'Unknown'
[2026-07-15 08:32:16] Tag Change: ID '00E2004718B5F068218FAA01' -> Floor 'Unknown'
[2026-07-15 08:32:16] Tag Change: ID '00E2004718B5B068218FA601' -> Floor 'Unknown'
[2026-07-15 08:32:17] Tag Change: ID '00E20047175580682179A301' -> Floor 'Unknown'
[2026-07-15 08:32:17] Tag Change: ID '00E20047189E0068218E2B01' -> Floor 'Unknown'
[2026-07-15 08:32:18] Tag Change: ID '00E2004718978068218DC301' -> Floor 'Unknown'
[2026-07-15 08:32:18] Tag Change: ID '00E20047174E806821793301' -> Floor 'Unknown'
[2026-07-15 08:32:19] Tag Change: ID '00E20047142DF06821472A01' -> Floor 'Unknown'
[2026-07-15 08:32:20] Tag Change: ID '00E2004714C5B0682150A601' -> Floor 'Unknown'
[2026-07-15 08:32:20] Tag Change: ID '00E200471752006821796B01' -> Floor 'Unknown'
[2026-07-15 08:32:21] Tag Change: ID '00E2004714C970682150E201' -> Floor 'Unknown'
[2026-07-15 08:32:21] Tag Change: ID '00E2004717800068217C4B01' -> Floor 'Unknown'
[2026-07-15 08:32:22] Tag Change: ID '00E20047174D006821791B01' -> Floor 'Unknown'
[2026-07-15 08:32:22] Tag Change: ID '00E2004714D1F06821516A01' -> Floor 'Unknown'
[2026-07-15 08:32:23] Tag Change: ID '00E2004714D1B06821516601' -> Floor 'Unknown'
[2026-07-15 08:32:23] Tag Change: ID '00E20047174580682178A301' -> Floor 'Unknown'
[2026-07-15 08:32:24] Tag Change: ID '00E20047142E306821472E01' -> Floor 'Unknown'
[2026-07-15 08:32:25] Tag Change: ID '00E2004714CAF0682150FA01' -> Floor 'Unknown'
[2026-07-15 08:32:25] Tag Change: ID '00E20047177F7068217C4201' -> Floor 'Unknown'
[2026-07-15 08:32:26] Tag Change: ID '00E2004714AD3068214F1E01' -> Floor 'Unknown'
[2026-07-15 08:32:26] Tag Change: ID '00E2004714D3306821517E01' -> Floor 'Unknown'
[2026-07-15 08:32:27] Tag Change: ID '00E200471763C068217A8701' -> Floor 'Unknown'
[2026-07-15 08:32:28] Tag Change: ID '00E2004718C7B0682190C601' -> Floor 'Unknown'
[2026-07-15 08:32:29] Tag Change: ID '00E2004714AEB068214F3601' -> Floor 'Unknown'
[2026-07-15 08:32:30] Tag Change: ID '00E20047175C4068217A0F01' -> Floor 'Unknown'
[2026-07-15 08:36:49] Tag Change: ID '00E2004714AEB068214F3601' -> Floor 'Unknown'
[2026-07-15 08:36:49] Tag flapping: suppressed 19 repeated tag-change log lines in the last 296s
[2026-07-15 08:36:51] Tag Change: ID '00E2004718C7B0682190C601' -> Floor 'Unknown'
[2026-07-15 08:36:52] Tag Change: ID '00E200471763C068217A8701' -> Floor 'Unknown'
[2026-07-15 08:36:52] Tag Change: ID '00E2004714D3306821517E01' -> Floor 'Unknown'
[2026-07-15 08:36:53] Tag Change: ID '00E2004714AD3068214F1E01' -> Floor 'Unknown'
[2026-07-15 08:36:54] Tag Change: ID '00E20047177F7068217C4201' -> Floor 'Unknown'
[2026-07-15 08:36:54] Tag Change: ID '00E2004714CAF0682150FA01' -> Floor 'Unknown'
[2026-07-15 08:36:55] Tag Change: ID '00E20047142E306821472E01' -> Floor 'Unknown'
[2026-07-15 08:36:56] Tag Change: ID '00E20047174580682178A301' -> Floor 'Unknown'
[2026-07-15 08:36:56] Tag Change: ID '00E2004714D1B06821516601' -> Floor 'Unknown'
[2026-07-15 08:36:56] Tag Change: ID '00E2004714D1F06821516A01' -> Floor 'Unknown'
[2026-07-15 08:36:57] Tag Change: ID '00E20047174D006821791B01' -> Floor 'Unknown'
[2026-07-15 08:36:58] Tag Change: ID '00E2004717800068217C4B01' -> Floor 'Unknown'
[2026-07-15 08:36:58] Tag Change: ID '00E2004714C970682150E201' -> Floor 'Unknown'
[2026-07-15 08:36:59] Tag Change: ID '00E200471752006821796B01' -> Floor 'Unknown'
[2026-07-15 08:36:59] Tag Change: ID '00E2004714C5B0682150A601' -> Floor 'Unknown'
[2026-07-15 08:37:00] Tag Change: ID '00E20047142DF06821472A01' -> Floor 'Unknown'
[2026-07-15 08:37:01] Tag Change: ID '00E20047174E806821793301' -> Floor 'Unknown'
[2026-07-15 08:37:02] Tag Change: ID '00E2004718978068218DC301' -> Floor 'Unknown'
[2026-07-15 08:37:18] Tag Change: ID '00E20047189E0068218E2B01' -> Floor 'Unknown'
[2026-07-15 08:37:19] Tag Change: ID '00E20047175580682179A301' -> Floor 'Unknown'
[2026-07-15 08:37:20] Tag Change: ID '00E2004718B5B068218FA601' -> Floor 'Unknown'
[2026-07-15 08:37:20] Tag Change: ID '00E2004718B5F068218FAA01' -> Floor 'Unknown'
[2026-07-15 08:37:21] Tag Change: ID '00E200471748C0682178D701' -> Floor 'Unknown'
[2026-07-15 08:37:21] Tag Change: ID '00E2004718B7F068218FCA01' -> Floor 'Unknown'
[2026-07-15 08:37:22] Tag Change: ID '00E2004717914068217D5F01' -> Floor 'Unknown'
[2026-07-15 08:37:22] Tag Change: ID '00E20047174AC0682178F701' -> Floor 'Unknown'
[2026-07-15 08:37:23] Tag Change: ID '00E20047178CC068217D1701' -> Floor 'Unknown'
[2026-07-15 08:37:24] Tag Change: ID '00E20047178E0068217D2B01' -> Floor 'Unknown'
[2026-07-15 08:37:25] Tag Change: ID '00E200471751C06821796701' -> Floor 'Unknown'
[2026-07-15 08:37:25] Tag Change: ID '00E2004717888068217CD301' -> Floor 'Unknown'
[2026-07-15 08:37:25] Tag Change: ID '00E200471785C068217CA701' -> Floor 'Unknown'
[2026-07-15 08:37:26] Tag Change: ID '00E200471756C0682179B701' -> Floor 'Unknown'
[2026-07-15 08:37:27] Tag Change: ID '00E20047178B0068217CFB01' -> Floor 'Unknown'
[2026-07-15 08:37:27] Tag Change: ID '00E2004717884068217CCF01' -> Floor 'Unknown'
[2026-07-15 08:37:28] Tag Change: ID '00E200471753406821797F01' -> Floor 'Unknown'
[2026-07-15 08:37:28] Tag Change: ID '00E2004717890068217CDB01' -> Floor 'Unknown'
[2026-07-15 08:37:28] Tag Change: ID '00E2004717854068217C9F01' -> Floor 'Unknown'
[2026-07-15 08:37:31] Tag Change: ID '00E2004718A14068218E5F01' -> Floor 'Unknown'
[2026-07-15 08:37:59] Tag Change: ID '00E2004714C5B0682150A601' -> Floor 'Unknown'
[2026-07-15 08:38:00] Tag Change: ID '00E200471752006821796B01' -> Floor 'Unknown'
[2026-07-15 08:38:01] Tag Change: ID '00E2004714C970682150E201' -> Floor 'Unknown'
[2026-07-15 08:38:01] Tag Change: ID '00E2004717800068217C4B01' -> Floor 'Unknown'
[2026-07-15 08:38:01] Tag Change: ID '00E20047174D006821791B01' -> Floor 'Unknown'
[2026-07-15 08:38:02] Tag Change: ID '00E2004714D1F06821516A01' -> Floor 'Unknown'
[2026-07-15 08:38:02] Tag flapping: suppressed 38 repeated tag-change log lines in the last 60s
[2026-07-15 08:38:03] Tag Change: ID '00E2004714D1B06821516601' -> Floor 'Unknown'
[2026-07-15 08:38:03] Tag Change: ID '00E20047174580682178A301' -> Floor 'Unknown'
[2026-07-15 08:38:04] Tag Change: ID '00E20047142E306821472E01' -> Floor 'Unknown'
[2026-07-15 08:38:04] Tag Change: ID '00E2004714CAF0682150FA01' -> Floor 'Unknown'
[2026-07-15 08:38:05] Tag Change: ID '00E20047177F7068217C4201' -> Floor 'Unknown'
[2026-07-15 08:38:06] Tag Change: ID '00E2004714AD3068214F1E01' -> Floor 'Unknown'
[2026-07-15 08:38:06] Tag Change: ID '00E2004714D3306821517E01' -> Floor 'Unknown'
[2026-07-15 08:38:07] Tag Change: ID '00E200471763C068217A8701' -> Floor 'Unknown'
[2026-07-15 08:38:08] Tag Change: ID '00E2004718C7B0682190C601' -> Floor 'Unknown'
[2026-07-15 08:38:09] Tag Change: ID '00E2004714AEB068214F3601' -> Floor 'Unknown'
[2026-07-15 08:38:10] Tag Change: ID '00E20047175C4068217A0F01' -> Floor 'Unknown'
[2026-07-15 08:49:10] Tag Change: ID '00E2004714AEB068214F3601' -> Floor 'Unknown'
[2026-07-15 08:49:10] Tag flapping: suppressed 2 repeated tag-change log lines in the last 667s
[2026-07-15 08:49:12] Tag Change: ID '00E2004718C7B0682190C601' -> Floor 'Unknown'
[2026-07-15 08:49:13] Tag Change: ID '00E200471763C068217A8701' -> Floor 'Unknown'
[2026-07-15 08:49:13] Tag Change: ID '00E2004714D3306821517E01' -> Floor 'Unknown'
[2026-07-15 08:49:14] Tag Change: ID '00E2004714AD3068214F1E01' -> Floor 'Unknown'
[2026-07-15 08:49:15] Tag Change: ID '00E20047177F7068217C4201' -> Floor 'Unknown'
[2026-07-15 08:49:15] Tag Change: ID '00E2004714CAF0682150FA01' -> Floor 'Unknown'
[2026-07-15 08:49:37] Tag Change: ID '00E20047175C4068217A0F01' -> Floor 'Unknown'
[2026-07-15 08:50:14] Tag Change: ID '00E2004714AEB068214F3601' -> Floor 'Unknown'
[2026-07-15 08:50:16] Tag Change: ID '00E2004718C7B0682190C601' -> Floor 'Unknown'
[2026-07-15 08:50:16] Tag flapping: suppressed 14 repeated tag-change log lines in the last 60s
[2026-07-15 08:50:17] Tag Change: ID '00E200471763C068217A8701' -> Floor 'Unknown'
[2026-07-15 08:50:17] Tag Change: ID '00E2004714D3306821517E01' -> Floor 'Unknown'
[2026-07-15 08:50:18] Tag Change: ID '00E2004714AD3068214F1E01' -> Floor 'Unknown'
[2026-07-15 08:50:19] Tag Change: ID '00E20047177F7068217C4201' -> Floor 'Unknown'
[2026-07-15 08:50:19] Tag Change: ID '00E2004714CAF0682150FA01' -> Floor 'Unknown'
[2026-07-15 08:50:20] Tag Change: ID '00E20047142E306821472E01' -> Floor 'Unknown'
[2026-07-15 08:50:21] Tag Change: ID '00E20047174580682178A301' -> Floor 'Unknown'
[2026-07-15 08:50:21] Tag Change: ID '00E2004714D1B06821516601' -> Floor 'Unknown'
[2026-07-15 08:50:21] Tag Change: ID '00E2004714D1F06821516A01' -> Floor 'Unknown'
[2026-07-15 08:50:22] Tag Change: ID '00E20047174D006821791B01' -> Floor 'Unknown'
[2026-07-15 08:50:23] Tag Change: ID '00E2004717800068217C4B01' -> Floor 'Unknown'
[2026-07-15 08:50:23] Tag Change: ID '00E2004714C970682150E201' -> Floor 'Unknown'
[2026-07-15 08:50:24] Tag Change: ID '00E200471752006821796B01' -> Floor 'Unknown'
[2026-07-15 08:50:24] Tag Change: ID '00E2004714C5B0682150A601' -> Floor 'Unknown'
[2026-07-15 08:50:25] Tag Change: ID '00E20047142DF06821472A01' -> Floor 'Unknown'
[2026-07-15 08:50:26] Tag Change: ID '00E20047174E806821793301' -> Floor 'Unknown'
[2026-07-15 08:50:26] Tag Change: ID '00E2004718978068218DC301' -> Floor 'Unknown'
[2026-07-15 08:50:26] Tag Change: ID '00E20047189E0068218E2B01' -> Floor 'Unknown'
[2026-07-15 08:50:27] Tag Change: ID '00E20047175580682179A301' -> Floor 'Unknown'
[2026-07-15 08:50:28] Tag Change: ID '00E2004718B5B068218FA601' -> Floor 'Unknown'
[2026-07-15 08:50:28] Tag Change: ID '00E2004718B5F068218FAA01' -> Floor 'Unknown'
[2026-07-15 08:50:29] Tag Change: ID '00E200471748C0682178D701' -> Floor 'Unknown'
[2026-07-15 08:50:29] Tag Change: ID '00E2004718B7F068218FCA01' -> Floor 'Unknown'
[2026-07-15 08:50:30] Tag Change: ID '00E2004717914068217D5F01' -> Floor 'Unknown'
[2026-07-15 08:50:30] Tag Change: ID '00E20047174AC0682178F701' -> Floor 'Unknown'
[2026-07-15 08:50:31] Tag Change: ID '00E20047178CC068217D1701' -> Floor 'Unknown'
[2026-07-15 08:50:31] Tag Change: ID '00E20047178E0068217D2B01' -> Floor 'Unknown'
[2026-07-15 08:50:32] Tag Change: ID '00E200471751C06821796701' -> Floor 'Unknown'
[2026-07-15 08:50:33] Tag Change: ID '00E2004717888068217CD301' -> Floor 'Unknown'
[2026-07-15 08:50:33] Tag Change: ID '00E200471785C068217CA701' -> Floor 'Unknown'
[2026-07-15 08:50:34] Tag Change: ID '00E200471756C0682179B701' -> Floor 'Unknown'
[2026-07-15 08:50:34] Tag Change: ID '00E20047178B0068217CFB01' -> Floor 'Unknown'
[2026-07-15 08:50:35] Tag Change: ID '00E2004717884068217CCF01' -> Floor 'Unknown'
[2026-07-15 08:50:36] Tag Change: ID '00E200471753406821797F01' -> Floor 'Unknown'
[2026-07-15 08:50:36] Tag Change: ID '00E2004717890068217CDB01' -> Floor 'Unknown'
[2026-07-15 08:50:36] Tag Change: ID '00E2004717854068217C9F01' -> Floor 'Unknown'
[2026-07-15 08:50:38] Tag Change: ID '00E2004718A14068218E5F01' -> Floor 'Unknown'
[2026-07-15 08:50:38] Tag Change: ID '00E2004714AA3068214EEE01' -> Floor 'Unknown'
[2026-07-15 08:50:38] Tag Change: ID '00E2004714ADF068214F2A01' -> Floor 'Unknown'
[2026-07-15 08:50:39] Tag Change: ID '00E2004718B63068218FAE01' -> Floor 'Unknown'
[2026-07-15 08:50:40] Tag Change: ID '00E2004714C4706821509201' -> Floor 'Unknown'
[2026-07-15 08:51:18] Tag Change: ID '00E2004714AD3068214F1E01' -> Floor 'Unknown'
[2026-07-15 08:51:18] Tag Change: ID '00E2004714D3306821517E01' -> Floor 'Unknown'
[2026-07-15 08:51:19] Tag Change: ID '00E200471763C068217A8701' -> Floor 'Unknown'
[2026-07-15 08:51:20] Tag Change: ID '00E2004718C7B0682190C601' -> Floor 'Unknown'
[2026-07-15 08:51:22] Tag Change: ID '00E2004714AEB068214F3601' -> Floor 'Unknown'
[2026-07-15 08:51:22] Tag Change: ID '00E20047175C4068217A0F01' -> Floor 'Unknown'
[2026-07-15 08:52:01] Tag flapping: suppressed 156 repeated tag-change log lines in the last 91s
[2026-07-15 08:52:06] Tag Change: ID '00E20047177F7068217C4201' -> Floor 'Unknown'
[2026-07-15 08:52:06] Tag Change: ID '00E2004714CAF0682150FA01' -> Floor 'Unknown'
[2026-07-15 08:52:46] Tag Change: ID '00E2004714AD3068214F1E01' -> Floor 'Unknown'
[2026-07-15 08:52:46] Tag Change: ID '00E2004714D3306821517E01' -> Floor 'Unknown'
[2026-07-15 08:52:47] Tag Change: ID '00E200471763C068217A8701' -> Floor 'Unknown'
[2026-07-15 08:52:48] Tag Change: ID '00E2004718C7B0682190C601' -> Floor 'Unknown'
[2026-07-15 08:52:50] Tag Change: ID '00E2004714AEB068214F3601' -> Floor 'Unknown'
[2026-07-15 08:52:50] Tag Change: ID '00E20047175C4068217A0F01' -> Floor 'Unknown'
[2026-07-15 09:06:19] Tag Change: ID '00E2004714AEB068214F3601' -> Floor 'Unknown'
[2026-07-15 09:06:19] Tag flapping: suppressed 15 repeated tag-change log lines in the last 856s
[2026-07-15 09:06:20] Tag Change: ID '00E2004718C7B0682190C601' -> Floor 'Unknown'
[2026-07-15 09:06:22] Tag Change: ID '00E200471763C068217A8701' -> Floor 'Unknown'
[2026-07-15 09:06:22] Tag Change: ID '00E2004714D3306821517E01' -> Floor 'Unknown'
[2026-07-15 09:06:23] Tag Change: ID '00E2004714AD3068214F1E01' -> Floor 'Unknown'
[2026-07-15 09:06:24] Tag Change: ID '00E20047177F7068217C4201' -> Floor 'Unknown'
[2026-07-15 09:06:25] Tag Change: ID '00E2004714CAF0682150FA01' -> Floor 'Unknown'
[2026-07-15 09:06:48] Tag Change: ID '00E20047175C4068217A0F01' -> Floor 'Unknown'
[2026-07-15 09:08:42] Tag Change: ID '00E2004714AEB068214F3601' -> Floor 'Unknown'
[2026-07-15 09:08:42] Tag flapping: suppressed 8 repeated tag-change log lines in the last 137s
[2026-07-15 09:08:43] Tag Change: ID '00E2004718C7B0682190C601' -> Floor 'Unknown'
[2026-07-15 09:08:45] Tag Change: ID '00E200471763C068217A8701' -> Floor 'Unknown'
[2026-07-15 09:08:45] Tag Change: ID '00E2004714D3306821517E01' -> Floor 'Unknown'
[2026-07-15 09:08:46] Tag Change: ID '00E2004714AD3068214F1E01' -> Floor 'Unknown'
[2026-07-15 09:08:46] Tag Change: ID '00E20047177F7068217C4201' -> Floor 'Unknown'
[2026-07-15 09:08:47] Tag Change: ID '00E2004714CAF0682150FA01' -> Floor 'Unknown'
[2026-07-15 09:08:47] Tag Change: ID '00E20047142E306821472E01' -> Floor 'Unknown'
[2026-07-15 09:08:48] Tag Change: ID '00E20047174580682178A301' -> Floor 'Unknown'
[2026-07-15 09:08:49] Tag Change: ID '00E2004714D1B06821516601' -> Floor 'Unknown'
[2026-07-15 09:08:49] Tag Change: ID '00E2004714D1F06821516A01' -> Floor 'Unknown'
[2026-07-15 09:08:50] Tag Change: ID '00E20047174D006821791B01' -> Floor 'Unknown'
[2026-07-15 09:08:50] Tag Change: ID '00E2004717800068217C4B01' -> Floor 'Unknown'
[2026-07-15 09:08:51] Tag Change: ID '00E2004714C970682150E201' -> Floor 'Unknown'
[2026-07-15 09:08:52] Tag Change: ID '00E200471752006821796B01' -> Floor 'Unknown'
[2026-07-15 09:08:52] Tag Change: ID '00E2004714C5B0682150A601' -> Floor 'Unknown'
[2026-07-15 09:08:52] Tag Change: ID '00E20047142DF06821472A01' -> Floor 'Unknown'
[2026-07-15 09:08:53] Tag Change: ID '00E20047174E806821793301' -> Floor 'Unknown'
[2026-07-15 09:08:53] Tag Change: ID '00E2004718978068218DC301' -> Floor 'Unknown'
[2026-07-15 09:08:54] Tag Change: ID '00E20047189E0068218E2B01' -> Floor 'Unknown'
[2026-07-15 09:08:55] Tag Change: ID '00E20047175580682179A301' -> Floor 'Unknown'
[2026-07-15 09:08:55] Tag Change: ID '00E2004718B5B068218FA601' -> Floor 'Unknown'
[2026-07-15 09:08:56] Tag Change: ID '00E2004718B5F068218FAA01' -> Floor 'Unknown'
[2026-07-15 09:08:56] Tag Change: ID '00E200471748C0682178D701' -> Floor 'Unknown'
[2026-07-15 09:08:57] Tag Change: ID '00E2004718B7F068218FCA01' -> Floor 'Unknown'
[2026-07-15 09:08:57] Tag Change: ID '00E2004717914068217D5F01' -> Floor 'Unknown'
[2026-07-15 09:08:58] Tag Change: ID '00E20047174AC0682178F701' -> Floor 'Unknown'
[2026-07-15 09:08:59] Tag Change: ID '00E20047178CC068217D1701' -> Floor 'Unknown'
[2026-07-15 09:08:59] Tag Change: ID '00E20047178E0068217D2B01' -> Floor 'Unknown'
[2026-07-15 09:09:00] Tag Change: ID '00E200471751C06821796701' -> Floor 'Unknown'
[2026-07-15 09:09:00] Tag Change: ID '00E2004717888068217CD301' -> Floor 'Unknown'
[2026-07-15 09:09:01] Tag Change: ID '00E200471785C068217CA701' -> Floor 'Unknown'
[2026-07-15 09:09:01] Tag Change: ID '00E200471756C0682179B701' -> Floor 'Unknown'
[2026-07-15 09:09:02] Tag Change: ID '00E20047178B0068217CFB01' -> Floor 'Unknown'
[2026-07-15 09:09:02] Tag Change: ID '00E2004717884068217CCF01' -> Floor 'Unknown'
[2026-07-15 09:09:03] Tag Change: ID '00E200471753406821797F01' -> Floor 'Unknown'
[2026-07-15 09:09:04] Tag Change: ID '00E2004717890068217CDB01' -> Floor 'Unknown'
[2026-07-15 09:09:04] Tag Change: ID '00E2004717854068217C9F01' -> Floor 'Unknown'
[2026-07-15 09:09:05] Tag Change: ID '00E2004718A14068218E5F01' -> Floor 'Unknown'
[2026-07-15 09:09:05] Tag Change: ID '00E2004714AA3068214EEE01' -> Floor 'Unknown'
[2026-07-15 09:09:06] Tag Change: ID '00E2004714ADF068214F2A01' -> Floor 'Unknown'
[2026-07-15 09:09:07] Tag Change: ID '00E2004718B63068218FAE01' -> Floor 'Unknown'
[2026-07-15 09:09:07] Tag Change: ID '00E2004714C4706821509201' -> Floor 'Unknown'
[2026-07-15 09:09:07] Tag Change: ID '00E2004714B1B068214F6601' -> Floor 'Unknown'
[2026-07-15 09:09:08] Tag Change: ID '00E2004718A54068218E9F01' -> Floor 'Unknown'
[2026-07-15 09:09:09] Tag Change: ID '00E2004714ACB068214F1601' -> Floor 'Unknown'
[2026-07-15 09:09:09] Tag Change: ID '00E2004714B1F068214F6A01' -> Floor 'Unknown'
[2026-07-15 09:09:10] Tag Change: ID '00E2004718A74068218EBF01' -> Floor 'Unknown'
[2026-07-15 09:09:11] Tag Change: ID '00E2004714B13068214F5E01' -> Floor 'Unknown'
[2026-07-15 09:09:11] Tag Change: ID '00E2004714AAF068214EFA01' -> Floor 'Unknown'
[2026-07-15 09:09:11] Tag Change: ID '00E2004718A70068218EBB01' -> Floor 'Unknown'
[2026-07-15 09:09:12] Tag Change: ID '00E2004714BF306821503E01' -> Floor 'Unknown'
[2026-07-15 09:09:13] Tag Change: ID '00E2004714A5B068214EA601' -> Floor 'Unknown'
[2026-07-15 09:09:14] Tag Change: ID '00E2004718998068218DE301' -> Floor 'Unknown'
[2026-07-15 09:09:14] Tag Change: ID '00E20047149AB068214DF601' -> Floor 'Unknown'
[2026-07-15 09:09:15] Tag Change: ID '00E2004714987068214DD201' -> Floor 'Unknown'
[2026-07-15 09:09:15] Tag Change: ID '00E20047189C0068218E0B01' -> Floor 'Unknown'
[2026-07-15 09:09:15] Tag Change: ID '00E20047149B3068214DFE01' -> Floor 'Unknown'
[2026-07-15 09:09:16] Tag Change: ID '00E20047149CB068214E1601' -> Floor 'Unknown'
[2026-07-15 09:09:16] Tag Change: ID '00E2004718A28068218E7301' -> Floor 'Unknown'
[2026-07-15 09:09:17] Tag Change: ID '00E2004714A3B068214E8601' -> Floor 'Unknown'
[2026-07-15 09:09:17] Tag Change: ID '00E200471432F06821477A01' -> Floor 'Unknown'
[2026-07-15 09:09:18] Tag Change: ID '00E2004718AA4068218EEF01' -> Floor 'Unknown'
[2026-07-15 09:09:18] Tag Change: ID '00E2004714C830682150CE01' -> Floor 'Unknown'
[2026-07-15 09:09:19] Tag Change: ID '00E2004714A1F068214E6A01' -> Floor 'Unknown'
[2026-07-15 09:09:20] Tag Change: ID '00E2004717820068217C6B01' -> Floor 'Unknown'
[2026-07-15 09:09:21] Tag Change: ID '00E2004714A07068214E5201' -> Floor 'Unknown'
[2026-07-15 09:09:59] Tag flapping: suppressed 10 repeated tag-change log lines in the last 69s
[2026-07-15 09:10:10] Tag Change: ID '00E2004714B1F068214F6A01' -> Floor 'Unknown'
[2026-07-15 09:10:10] Tag Change: ID '00E2004714ACB068214F1601' -> Floor 'Unknown'
[2026-07-15 09:10:11] Tag Change: ID '00E2004718A54068218E9F01' -> Floor 'Unknown'
[2026-07-15 09:10:12] Tag Change: ID '00E2004714B1B068214F6601' -> Floor 'Unknown'
[2026-07-15 09:10:12] Tag Change: ID '00E2004714C4706821509201' -> Floor 'Unknown'
[2026-07-15 09:10:12] Tag Change: ID '00E2004718B63068218FAE01' -> Floor 'Unknown'
[2026-07-15 09:10:13] Tag Change: ID '00E2004714ADF068214F2A01' -> Floor 'Unknown'
[2026-07-15 09:10:13] Tag Change: ID '00E2004714AA3068214EEE01' -> Floor 'Unknown'
[2026-07-15 09:10:14] Tag Change: ID '00E2004718A14068218E5F01' -> Floor 'Unknown'
[2026-07-15 09:10:15] Tag Change: ID '00E2004717854068217C9F01' -> Floor 'Unknown'
[2026-07-15 09:10:16] Tag Change: ID '00E2004717890068217CDB01' -> Floor 'Unknown'
[2026-07-15 09:10:16] Tag Change: ID '00E200471753406821797F01' -> Floor 'Unknown'
[2026-07-15 09:10:17] Tag Change: ID '00E2004717884068217CCF01' -> Floor 'Unknown'
[2026-07-15 09:10:17] Tag Change: ID '00E20047178B0068217CFB01' -> Floor 'Unknown'
[2026-07-15 09:10:18] Tag Change: ID '00E200471756C0682179B701' -> Floor 'Unknown'
[2026-07-15 09:10:18] Tag Change: ID '00E200471785C068217CA701' -> Floor 'Unknown'
[2026-07-15 09:10:19] Tag Change: ID '00E2004717888068217CD301' -> Floor 'Unknown'
[2026-07-15 09:10:19] Tag Change: ID '00E200471751C06821796701' -> Floor 'Unknown'
[2026-07-15 09:10:20] Tag Change: ID '00E20047178E0068217D2B01' -> Floor 'Unknown'
[2026-07-15 09:10:21] Tag Change: ID '00E20047178CC068217D1701' -> Floor 'Unknown'
[2026-07-15 09:10:21] Tag Change: ID '00E20047174AC0682178F701' -> Floor 'Unknown'
[2026-07-15 09:10:22] Tag Change: ID '00E2004717914068217D5F01' -> Floor 'Unknown'
[2026-07-15 09:10:22] Tag Change: ID '00E2004718B7F068218FCA01' -> Floor 'Unknown'
[2026-07-15 09:10:23] Tag Change: ID '00E200471748C0682178D701' -> Floor 'Unknown'
[2026-07-15 09:10:23] Tag Change: ID '00E2004718B5F068218FAA01' -> Floor 'Unknown'
[2026-07-15 09:10:24] Tag Change: ID '00E2004718B5B068218FA601' -> Floor 'Unknown'
[2026-07-15 09:10:24] Tag Change: ID '00E20047175580682179A301' -> Floor 'Unknown'
[2026-07-15 09:10:25] Tag Change: ID '00E20047189E0068218E2B01' -> Floor 'Unknown'
[2026-07-15 09:10:26] Tag Change: ID '00E2004718978068218DC301' -> Floor 'Unknown'
[2026-07-15 09:10:26] Tag Change: ID '00E20047174E806821793301' -> Floor 'Unknown'
[2026-07-15 09:10:27] Tag Change: ID '00E20047142DF06821472A01' -> Floor 'Unknown'
[2026-07-15 09:10:27] Tag Change: ID '00E2004714C5B0682150A601' -> Floor 'Unknown'
[2026-07-15 09:10:28] Tag Change: ID '00E200471752006821796B01' -> Floor 'Unknown'
[2026-07-15 09:10:29] Tag Change: ID '00E2004714C970682150E201' -> Floor 'Unknown'
[2026-07-15 09:10:29] Tag Change: ID '00E2004717800068217C4B01' -> Floor 'Unknown'
[2026-07-15 09:10:29] Tag Change: ID '00E20047174D006821791B01' -> Floor 'Unknown'
[2026-07-15 09:10:30] Tag Change: ID '00E2004714D1F06821516A01' -> Floor 'Unknown'
[2026-07-15 09:10:31] Tag Change: ID '00E2004714D1B06821516601' -> Floor 'Unknown'
[2026-07-15 09:10:31] Tag Change: ID '00E20047174580682178A301' -> Floor 'Unknown'
[2026-07-15 09:10:32] Tag Change: ID '00E20047142E306821472E01' -> Floor 'Unknown'
[2026-07-15 09:10:32] Tag Change: ID '00E2004714CAF0682150FA01' -> Floor 'Unknown'
[2026-07-15 09:10:33] Tag Change: ID '00E20047177F7068217C4201' -> Floor 'Unknown'
[2026-07-15 09:10:34] Tag Change: ID '00E2004714AD3068214F1E01' -> Floor 'Unknown'
[2026-07-15 09:10:34] Tag Change: ID '00E2004714D3306821517E01' -> Floor 'Unknown'
[2026-07-15 09:10:34] Tag Change: ID '00E200471763C068217A8701' -> Floor 'Unknown'
[2026-07-15 09:10:36] Tag Change: ID '00E2004718C7B0682190C601' -> Floor 'Unknown'
[2026-07-15 09:10:37] Tag Change: ID '00E2004714AEB068214F3601' -> Floor 'Unknown'
[2026-07-15 09:10:38] Tag Change: ID '00E20047175C4068217A0F01' -> Floor 'Unknown'
[2026-07-15 09:26:33] Tag Change: ID '00E2004714AEB068214F3601' -> Floor 'Unknown'
[2026-07-15 09:26:33] Tag flapping: suppressed 32 repeated tag-change log lines in the last 993s
[2026-07-15 09:26:35] Tag Change: ID '00E2004718C7B0682190C601' -> Floor 'Unknown'
[2026-07-15 09:26:36] Tag Change: ID '00E200471763C068217A8701' -> Floor 'Unknown'
[2026-07-15 09:26:37] Tag Change: ID '00E2004714D3306821517E01' -> Floor 'Unknown'
[2026-07-15 09:26:37] Tag Change: ID '00E2004714AD3068214F1E01' -> Floor 'Unknown'
[2026-07-15 09:26:38] Tag Change: ID '00E20047177F7068217C4201' -> Floor 'Unknown'
[2026-07-15 09:26:38] Tag Change: ID '00E2004714CAF0682150FA01' -> Floor 'Unknown'
[2026-07-15 09:26:39] Tag Change: ID '00E20047142E306821472E01' -> Floor 'Unknown'
[2026-07-15 09:26:40] Tag Change: ID '00E20047174580682178A301' -> Floor 'Unknown'
[2026-07-15 09:26:40] Tag Change: ID '00E2004714D1B06821516601' -> Floor 'Unknown'
[2026-07-15 09:26:41] Tag Change: ID '00E2004714D1F06821516A01' -> Floor 'Unknown'
[2026-07-15 09:26:42] Tag Change: ID '00E20047174D006821791B01' -> Floor 'Unknown'
[2026-07-15 09:26:42] Tag Change: ID '00E2004717800068217C4B01' -> Floor 'Unknown'
[2026-07-15 09:26:42] Tag Change: ID '00E2004714C970682150E201' -> Floor 'Unknown'
[2026-07-15 09:26:43] Tag Change: ID '00E200471752006821796B01' -> Floor 'Unknown'
[2026-07-15 09:26:43] Tag Change: ID '00E2004714C5B0682150A601' -> Floor 'Unknown'
[2026-07-15 09:26:44] Tag Change: ID '00E20047142DF06821472A01' -> Floor 'Unknown'
[2026-07-15 09:26:45] Tag Change: ID '00E20047174E806821793301' -> Floor 'Unknown'
[2026-07-15 09:26:45] Tag Change: ID '00E2004718978068218DC301' -> Floor 'Unknown'
[2026-07-15 09:26:45] Tag Change: ID '00E20047189E0068218E2B01' -> Floor 'Unknown'
[2026-07-15 09:26:47] Tag Change: ID '00E20047175580682179A301' -> Floor 'Unknown'
[2026-07-15 09:26:47] Tag Change: ID '00E2004718B5B068218FA601' -> Floor 'Unknown'
[2026-07-15 09:26:47] Tag Change: ID '00E2004718B5F068218FAA01' -> Floor 'Unknown'
[2026-07-15 09:26:48] Tag Change: ID '00E200471748C0682178D701' -> Floor 'Unknown'
[2026-07-15 09:26:48] Tag Change: ID '00E2004718B7F068218FCA01' -> Floor 'Unknown'
[2026-07-15 09:26:49] Tag Change: ID '00E2004717914068217D5F01' -> Floor 'Unknown'
[2026-07-15 09:26:49] Tag Change: ID '00E20047174AC0682178F701' -> Floor 'Unknown'
[2026-07-15 09:26:50] Tag Change: ID '00E20047178CC068217D1701' -> Floor 'Unknown'
[2026-07-15 09:26:51] Tag Change: ID '00E20047178E0068217D2B01' -> Floor 'Unknown'
[2026-07-15 09:26:52] Tag Change: ID '00E200471751C06821796701' -> Floor 'Unknown'
[2026-07-15 09:26:54] Tag Change: ID '00E2004717888068217CD301' -> Floor 'Unknown'
[2026-07-15 09:27:30] Tag Change: ID '00E20047175C4068217A0F01' -> Floor 'Unknown'
[2026-07-15 09:44:57] Tag Change: ID '00E2004714AEB068214F3601' -> Floor 'Unknown'
[2026-07-15 09:44:57] Tag flapping: suppressed 40 repeated tag-change log lines in the last 1090s
[2026-07-15 09:45:00] Tag Change: ID '00E2004718C7B0682190C601' -> Floor 'Unknown'
[2026-07-15 09:45:45] Tag Change: ID '00E20047175C4068217A0F01' -> Floor 'Unknown'
[2026-07-15 09:52:09] Tag Change: ID '00E2004714AEB068214F3601' -> Floor 'Unknown'
[2026-07-15 09:52:09] Tag flapping: suppressed 1 repeated tag-change log lines in the last 384s
[2026-07-15 09:52:10] Tag Change: ID '00E2004718C7B0682190C601' -> Floor 'Unknown'
[2026-07-15 09:52:11] Tag Change: ID '00E200471763C068217A8701' -> Floor 'Unknown'
[2026-07-15 09:52:12] Tag Change: ID '00E2004714D3306821517E01' -> Floor 'Unknown'
[2026-07-15 09:52:13] Tag Change: ID '00E2004714AD3068214F1E01' -> Floor 'Unknown'
[2026-07-15 09:52:13] Tag Change: ID '00E20047177F7068217C4201' -> Floor 'Unknown'
[2026-07-15 09:52:14] Tag Change: ID '00E2004714CAF0682150FA01' -> Floor 'Unknown'
[2026-07-15 09:52:14] Tag Change: ID '00E20047142E306821472E01' -> Floor 'Unknown'
[2026-07-15 09:52:15] Tag Change: ID '00E20047174580682178A301' -> Floor 'Unknown'
[2026-07-15 09:52:15] Tag Change: ID '00E2004714D1B06821516601' -> Floor 'Unknown'
[2026-07-15 09:52:16] Tag Change: ID '00E2004714D1F06821516A01' -> Floor 'Unknown'
[2026-07-15 09:52:17] Tag Change: ID '00E20047174D006821791B01' -> Floor 'Unknown'
[2026-07-15 09:52:17] Tag Change: ID '00E2004717800068217C4B01' -> Floor 'Unknown'
[2026-07-15 09:52:17] Tag Change: ID '00E2004714C970682150E201' -> Floor 'Unknown'
[2026-07-15 09:52:18] Tag Change: ID '00E200471752006821796B01' -> Floor 'Unknown'
[2026-07-15 09:52:19] Tag Change: ID '00E2004714C5B0682150A601' -> Floor 'Unknown'
[2026-07-15 09:52:19] Tag Change: ID '00E20047142DF06821472A01' -> Floor 'Unknown'
[2026-07-15 09:52:20] Tag Change: ID '00E20047174E806821793301' -> Floor 'Unknown'
[2026-07-15 09:52:20] Tag Change: ID '00E2004718978068218DC301' -> Floor 'Unknown'
[2026-07-15 09:52:21] Tag Change: ID '00E20047189E0068218E2B01' -> Floor 'Unknown'
[2026-07-15 09:52:22] Tag Change: ID '00E20047175580682179A301' -> Floor 'Unknown'
[2026-07-15 09:52:23] Tag Change: ID '00E2004718B5B068218FA601' -> Floor 'Unknown'
[2026-07-15 09:53:17] Tag Change: ID '00E20047174D006821791B01' -> Floor 'Unknown'
[2026-07-15 09:53:18] Tag Change: ID '00E2004714D1F06821516A01' -> Floor 'Unknown'
[2026-07-15 09:53:19] Tag Change: ID '00E2004714D1B06821516601' -> Floor 'Unknown'
[2026-07-15 09:53:19] Tag Change: ID '00E20047174580682178A301' -> Floor 'Unknown'
[2026-07-15 09:53:20] Tag Change: ID '00E20047142E306821472E01' -> Floor 'Unknown'
[2026-07-15 09:53:20] Tag Change: ID '00E2004714CAF0682150FA01' -> Floor 'Unknown'
[2026-07-15 09:53:21] Tag Change: ID '00E20047177F7068217C4201' -> Floor 'Unknown'
[2026-07-15 09:53:22] Tag Change: ID '00E2004714AD3068214F1E01' -> Floor 'Unknown'
[2026-07-15 09:53:22] Tag Change: ID '00E2004714D3306821517E01' -> Floor 'Unknown'
[2026-07-15 09:53:22] Tag Change: ID '00E200471763C068217A8701' -> Floor 'Unknown'
[2026-07-15 09:53:24] Tag Change: ID '00E2004718C7B0682190C601' -> Floor 'Unknown'
[2026-07-15 09:53:25] Tag Change: ID '00E2004714AEB068214F3601' -> Floor 'Unknown'
[2026-07-15 09:53:26] Tag Change: ID '00E20047175C4068217A0F01' -> Floor 'Unknown'
[2026-07-15 09:53:44] Tag Change: ID '00E2004717800068217C4B01' -> Floor 'Unknown'
[2026-07-15 10:02:52] Tag Change: ID '00E2004714AEB068214F3601' -> Floor 'Unknown'
[2026-07-15 10:02:52] Tag flapping: suppressed 110 repeated tag-change log lines in the last 580s
[2026-07-15 10:02:53] Tag Change: ID '00E2004718C7B0682190C601' -> Floor 'Unknown'
[2026-07-15 10:02:54] Tag Change: ID '00E200471763C068217A8701' -> Floor 'Unknown'
[2026-07-15 10:02:55] Tag Change: ID '00E2004714D3306821517E01' -> Floor 'Unknown'
[2026-07-15 10:02:56] Tag Change: ID '00E2004714AD3068214F1E01' -> Floor 'Unknown'
[2026-07-15 10:02:56] Tag Change: ID '00E20047177F7068217C4201' -> Floor 'Unknown'
[2026-07-15 10:02:57] Tag Change: ID '00E2004714CAF0682150FA01' -> Floor 'Unknown'
[2026-07-15 10:02:57] Tag Change: ID '00E20047142E306821472E01' -> Floor 'Unknown'
[2026-07-15 10:02:58] Tag Change: ID '00E20047174580682178A301' -> Floor 'Unknown'
[2026-07-15 10:02:58] Tag Change: ID '00E2004714D1B06821516601' -> Floor 'Unknown'
[2026-07-15 10:02:59] Tag Change: ID '00E2004714D1F06821516A01' -> Floor 'Unknown'
[2026-07-15 10:03:00] Tag Change: ID '00E20047174D006821791B01' -> Floor 'Unknown'
[2026-07-15 10:03:00] Tag Change: ID '00E2004717800068217C4B01' -> Floor 'Unknown'
[2026-07-15 10:03:01] Tag Change: ID '00E2004714C970682150E201' -> Floor 'Unknown'
[2026-07-15 10:03:01] Tag Change: ID '00E200471752006821796B01' -> Floor 'Unknown'
[2026-07-15 10:03:02] Tag Change: ID '00E2004714C5B0682150A601' -> Floor 'Unknown'
[2026-07-15 10:03:02] Tag Change: ID '00E20047142DF06821472A01' -> Floor 'Unknown'
[2026-07-15 10:03:03] Tag Change: ID '00E20047174E806821793301' -> Floor 'Unknown'
[2026-07-15 10:03:03] Tag Change: ID '00E2004718978068218DC301' -> Floor 'Unknown'
[2026-07-15 10:03:04] Tag Change: ID '00E20047189E0068218E2B01' -> Floor 'Unknown'
[2026-07-15 10:03:05] Tag Change: ID '00E20047175580682179A301' -> Floor 'Unknown'
[2026-07-15 10:03:05] Tag Change: ID '00E2004718B5B068218FA601' -> Floor 'Unknown'
[2026-07-15 10:03:06] Tag Change: ID '00E2004718B5F068218FAA01' -> Floor 'Unknown'
[2026-07-15 10:03:06] Tag Change: ID '00E200471748C0682178D701' -> Floor 'Unknown'
[2026-07-15 10:03:07] Tag Change: ID '00E2004718B7F068218FCA01' -> Floor 'Unknown'
[2026-07-15 10:03:07] Tag Change: ID '00E2004717914068217D5F01' -> Floor 'Unknown'
[2026-07-15 10:03:08] Tag Change: ID '00E20047174AC0682178F701' -> Floor 'Unknown'
[2026-07-15 10:03:09] Tag Change: ID '00E20047178CC068217D1701' -> Floor 'Unknown'
[2026-07-15 10:03:09] Tag Change: ID '00E20047178E0068217D2B01' -> Floor 'Unknown'
[2026-07-15 10:03:10] Tag Change: ID '00E200471751C06821796701' -> Floor 'Unknown'
[2026-07-15 10:03:10] Tag Change: ID '00E2004717888068217CD301' -> Floor 'Unknown'
[2026-07-15 10:03:11] Tag Change: ID '00E200471785C068217CA701' -> Floor 'Unknown'
[2026-07-15 10:03:11] Tag Change: ID '00E200471756C0682179B701' -> Floor 'Unknown'
[2026-07-15 10:03:12] Tag Change: ID '00E20047178B0068217CFB01' -> Floor 'Unknown'
[2026-07-15 10:03:12] Tag Change: ID '00E2004717884068217CCF01' -> Floor 'Unknown'
[2026-07-15 10:03:13] Tag Change: ID '00E200471753406821797F01' -> Floor 'Unknown'
[2026-07-15 10:03:14] Tag Change: ID '00E2004717890068217CDB01' -> Floor 'Unknown'
[2026-07-15 10:03:14] Tag Change: ID '00E2004717854068217C9F01' -> Floor 'Unknown'
[2026-07-15 10:03:15] Tag Change: ID '00E2004718A14068218E5F01' -> Floor 'Unknown'
[2026-07-15 10:03:15] Tag Change: ID '00E2004714AA3068214EEE01' -> Floor 'Unknown'
[2026-07-15 10:03:16] Tag Change: ID '00E2004714ADF068214F2A01' -> Floor 'Unknown'
[2026-07-15 10:03:17] Tag Change: ID '00E2004718B63068218FAE01' -> Floor 'Unknown'
[2026-07-15 10:03:17] Tag Change: ID '00E2004714C4706821509201' -> Floor 'Unknown'
[2026-07-15 10:03:17] Tag Change: ID '00E2004714B1B068214F6601' -> Floor 'Unknown'
[2026-07-15 10:03:18] Tag Change: ID '00E2004718A54068218E9F01' -> Floor 'Unknown'
[2026-07-15 10:03:19] Tag Change: ID '00E2004714ACB068214F1601' -> Floor 'Unknown'
[2026-07-15 10:03:19] Tag Change: ID '00E2004714B1F068214F6A01' -> Floor 'Unknown'
[2026-07-15 10:03:20] Tag Change: ID '00E2004718A74068218EBF01' -> Floor 'Unknown'
[2026-07-15 10:03:20] Tag Change: ID '00E2004714B13068214F5E01' -> Floor 'Unknown'
[2026-07-15 10:03:21] Tag Change: ID '00E2004714AAF068214EFA01' -> Floor 'Unknown'
[2026-07-15 10:03:21] Tag Change: ID '00E2004718A70068218EBB01' -> Floor 'Unknown'
[2026-07-15 10:03:22] Tag Change: ID '00E2004714BF306821503E01' -> Floor 'Unknown'
[2026-07-15 10:03:22] Tag Change: ID '00E2004714A5B068214EA601' -> Floor 'Unknown'
[2026-07-15 10:03:23] Tag Change: ID '00E2004718998068218DE301' -> Floor 'Unknown'
[2026-07-15 10:03:24] Tag Change: ID '00E20047149AB068214DF601' -> Floor 'Unknown'
[2026-07-15 10:03:25] Tag Change: ID '00E2004714987068214DD201' -> Floor 'Unknown'
[2026-07-15 10:03:25] Tag Change: ID '00E20047189C0068218E0B01' -> Floor 'Unknown'
[2026-07-15 10:03:25] Tag Change: ID '00E20047149B3068214DFE01' -> Floor 'Unknown'
[2026-07-15 10:03:26] Tag Change: ID '00E20047149CB068214E1601' -> Floor 'Unknown'
[2026-07-15 10:03:26] Tag Change: ID '00E2004718A28068218E7301' -> Floor 'Unknown'
[2026-07-15 10:03:27] Tag Change: ID '00E2004714A3B068214E8601' -> Floor 'Unknown'
[2026-07-15 10:03:27] Tag Change: ID '00E200471432F06821477A01' -> Floor 'Unknown'
[2026-07-15 10:03:28] Tag Change: ID '00E2004718AA4068218EEF01' -> Floor 'Unknown'
[2026-07-15 10:03:28] Tag Change: ID '00E2004714C830682150CE01' -> Floor 'Unknown'
[2026-07-15 10:03:29] Tag Change: ID '00E2004714A1F068214E6A01' -> Floor 'Unknown'
[2026-07-15 10:03:30] Tag Change: ID '00E2004717820068217C6B01' -> Floor 'Unknown'
[2026-07-15 10:03:31] Tag Change: ID '00E2004714A07068214E5201' -> Floor 'Unknown'
[2026-07-15 10:04:02] Tag flapping: suppressed 55 repeated tag-change log lines in the last 60s
[2026-07-15 10:04:19] Tag Change: ID '00E2004714B1B068214F6601' -> Floor 'Unknown'
[2026-07-15 10:04:19] Tag Change: ID '00E2004714C4706821509201' -> Floor 'Unknown'
[2026-07-15 10:04:20] Tag Change: ID '00E2004718B63068218FAE01' -> Floor 'Unknown'
[2026-07-15 10:04:21] Tag Change: ID '00E2004714ADF068214F2A01' -> Floor 'Unknown'
[2026-07-15 10:04:21] Tag Change: ID '00E2004718A14068218E5F01' -> Floor 'Unknown'
[2026-07-15 10:04:21] Tag Change: ID '00E2004714AA3068214EEE01' -> Floor 'Unknown'
[2026-07-15 10:04:22] Tag Change: ID '00E2004717854068217C9F01' -> Floor 'Unknown'
[2026-07-15 10:04:23] Tag Change: ID '00E200471753406821797F01' -> Floor 'Unknown'
[2026-07-15 10:04:23] Tag Change: ID '00E2004717890068217CDB01' -> Floor 'Unknown'
[2026-07-15 10:04:24] Tag Change: ID '00E2004717884068217CCF01' -> Floor 'Unknown'
[2026-07-15 10:04:24] Tag Change: ID '00E20047178B0068217CFB01' -> Floor 'Unknown'
[2026-07-15 10:04:25] Tag Change: ID '00E200471756C0682179B701' -> Floor 'Unknown'
[2026-07-15 10:04:26] Tag Change: ID '00E200471785C068217CA701' -> Floor 'Unknown'
[2026-07-15 10:04:26] Tag Change: ID '00E2004717888068217CD301' -> Floor 'Unknown'
[2026-07-15 10:04:26] Tag Change: ID '00E200471751C06821796701' -> Floor 'Unknown'
[2026-07-15 10:04:27] Tag Change: ID '00E20047178E0068217D2B01' -> Floor 'Unknown'
[2026-07-15 10:04:28] Tag Change: ID '00E20047178CC068217D1701' -> Floor 'Unknown'
[2026-07-15 10:04:29] Tag Change: ID '00E20047174AC0682178F701' -> Floor 'Unknown'
[2026-07-15 10:04:29] Tag Change: ID '00E2004717914068217D5F01' -> Floor 'Unknown'
[2026-07-15 10:04:30] Tag Change: ID '00E2004718B7F068218FCA01' -> Floor 'Unknown'
[2026-07-15 10:04:30] Tag Change: ID '00E200471748C0682178D701' -> Floor 'Unknown'
[2026-07-15 10:04:31] Tag Change: ID '00E2004718B5F068218FAA01' -> Floor 'Unknown'
[2026-07-15 10:04:31] Tag Change: ID '00E2004718B5B068218FA601' -> Floor 'Unknown'
[2026-07-15 10:04:32] Tag Change: ID '00E20047175580682179A301' -> Floor 'Unknown'
[2026-07-15 10:04:32] Tag Change: ID '00E20047189E0068218E2B01' -> Floor 'Unknown'
[2026-07-15 10:04:33] Tag Change: ID '00E2004718978068218DC301' -> Floor 'Unknown'
[2026-07-15 10:04:33] Tag Change: ID '00E20047174E806821793301' -> Floor 'Unknown'
[2026-07-15 10:04:34] Tag Change: ID '00E20047142DF06821472A01' -> Floor 'Unknown'
[2026-07-15 10:04:35] Tag Change: ID '00E2004714C5B0682150A601' -> Floor 'Unknown'
[2026-07-15 10:04:35] Tag Change: ID '00E200471752006821796B01' -> Floor 'Unknown'
[2026-07-15 10:04:36] Tag Change: ID '00E2004714C970682150E201' -> Floor 'Unknown'
[2026-07-15 10:04:36] Tag Change: ID '00E2004717800068217C4B01' -> Floor 'Unknown'
[2026-07-15 10:04:37] Tag Change: ID '00E20047174D006821791B01' -> Floor 'Unknown'
[2026-07-15 10:04:38] Tag Change: ID '00E2004714D1F06821516A01' -> Floor 'Unknown'
[2026-07-15 10:04:38] Tag Change: ID '00E2004714D1B06821516601' -> Floor 'Unknown'
[2026-07-15 10:04:38] Tag Change: ID '00E20047174580682178A301' -> Floor 'Unknown'
[2026-07-15 10:04:39] Tag Change: ID '00E20047142E306821472E01' -> Floor 'Unknown'
[2026-07-15 10:04:40] Tag Change: ID '00E2004714CAF0682150FA01' -> Floor 'Unknown'
[2026-07-15 10:04:40] Tag Change: ID '00E20047177F7068217C4201' -> Floor 'Unknown'
[2026-07-15 10:04:41] Tag Change: ID '00E2004714AD3068214F1E01' -> Floor 'Unknown'
[2026-07-15 10:04:41] Tag Change: ID '00E2004714D3306821517E01' -> Floor 'Unknown'
[2026-07-15 10:04:42] Tag Change: ID '00E200471763C068217A8701' -> Floor 'Unknown'
[2026-07-15 10:04:43] Tag Change: ID '00E2004718C7B0682190C601' -> Floor 'Unknown'
[2026-07-15 10:04:44] Tag Change: ID '00E2004714AEB068214F3601' -> Floor 'Unknown'
[2026-07-15 10:04:45] Tag Change: ID '00E20047175C4068217A0F01' -> Floor 'Unknown'
[2026-07-15 10:10:54] Tag Change: ID '00E2004714AEB068214F3601' -> Floor 'Unknown'
[2026-07-15 10:10:54] Tag flapping: suppressed 112 repeated tag-change log lines in the last 411s
[2026-07-15 10:10:55] Tag Change: ID '00E2004718C7B0682190C601' -> Floor 'Unknown'
[2026-07-15 10:10:56] Tag Change: ID '00E200471763C068217A8701' -> Floor 'Unknown'
[2026-07-15 10:10:57] Tag Change: ID '00E2004714D3306821517E01' -> Floor 'Unknown'
[2026-07-15 10:10:58] Tag Change: ID '00E2004714AD3068214F1E01' -> Floor 'Unknown'
[2026-07-15 10:10:58] Tag Change: ID '00E20047177F7068217C4201' -> Floor 'Unknown'
[2026-07-15 10:10:59] Tag Change: ID '00E2004714CAF0682150FA01' -> Floor 'Unknown'
[2026-07-15 10:10:59] Tag Change: ID '00E20047142E306821472E01' -> Floor 'Unknown'
[2026-07-15 10:11:00] Tag Change: ID '00E20047174580682178A301' -> Floor 'Unknown'
[2026-07-15 10:11:00] Tag Change: ID '00E2004714D1B06821516601' -> Floor 'Unknown'
[2026-07-15 10:11:01] Tag Change: ID '00E2004714D1F06821516A01' -> Floor 'Unknown'
[2026-07-15 10:11:02] Tag Change: ID '00E20047174D006821791B01' -> Floor 'Unknown'
[2026-07-15 10:11:02] Tag Change: ID '00E2004717800068217C4B01' -> Floor 'Unknown'
[2026-07-15 10:11:03] Tag Change: ID '00E2004714C970682150E201' -> Floor 'Unknown'
[2026-07-15 10:11:03] Tag Change: ID '00E200471752006821796B01' -> Floor 'Unknown'
[2026-07-15 10:11:04] Tag Change: ID '00E2004714C5B0682150A601' -> Floor 'Unknown'
[2026-07-15 10:11:04] Tag Change: ID '00E20047142DF06821472A01' -> Floor 'Unknown'
[2026-07-15 10:11:05] Tag Change: ID '00E20047174E806821793301' -> Floor 'Unknown'
[2026-07-15 10:11:05] Tag Change: ID '00E2004718978068218DC301' -> Floor 'Unknown'
[2026-07-15 10:11:06] Tag Change: ID '00E20047189E0068218E2B01' -> Floor 'Unknown'
[2026-07-15 10:11:07] Tag Change: ID '00E20047175580682179A301' -> Floor 'Unknown'
[2026-07-15 10:11:07] Tag Change: ID '00E2004718B5B068218FA601' -> Floor 'Unknown'
[2026-07-15 10:11:08] Tag Change: ID '00E2004718B5F068218FAA01' -> Floor 'Unknown'
[2026-07-15 10:11:08] Tag Change: ID '00E200471748C0682178D701' -> Floor 'Unknown'
[2026-07-15 10:11:09] Tag Change: ID '00E2004718B7F068218FCA01' -> Floor 'Unknown'
[2026-07-15 10:11:09] Tag Change: ID '00E2004717914068217D5F01' -> Floor 'Unknown'
[2026-07-15 10:11:10] Tag Change: ID '00E20047174AC0682178F701' -> Floor 'Unknown'
[2026-07-15 10:11:11] Tag Change: ID '00E20047178CC068217D1701' -> Floor 'Unknown'
[2026-07-15 10:11:11] Tag Change: ID '00E20047178E0068217D2B01' -> Floor 'Unknown'
[2026-07-15 10:11:12] Tag Change: ID '00E200471751C06821796701' -> Floor 'Unknown'
[2026-07-15 10:11:12] Tag Change: ID '00E2004717888068217CD301' -> Floor 'Unknown'
[2026-07-15 10:11:13] Tag Change: ID '00E200471785C068217CA701' -> Floor 'Unknown'
[2026-07-15 10:11:13] Tag Change: ID '00E200471756C0682179B701' -> Floor 'Unknown'
[2026-07-15 10:11:14] Tag Change: ID '00E20047178B0068217CFB01' -> Floor 'Unknown'
[2026-07-15 10:11:15] Tag Change: ID '00E2004717884068217CCF01' -> Floor 'Unknown'
[2026-07-15 10:11:15] Tag Change: ID '00E200471753406821797F01' -> Floor 'Unknown'
[2026-07-15 10:11:16] Tag Change: ID '00E2004717890068217CDB01' -> Floor 'Unknown'
[2026-07-15 10:11:16] Tag Change: ID '00E2004717854068217C9F01' -> Floor 'Unknown'
[2026-07-15 10:11:17] Tag Change: ID '00E2004718A14068218E5F01' -> Floor 'Unknown'
[2026-07-15 10:11:17] Tag Change: ID '00E2004714AA3068214EEE01' -> Floor 'Unknown'
[2026-07-15 10:11:18] Tag Change: ID '00E2004714ADF068214F2A01' -> Floor 'Unknown'
[2026-07-15 10:11:19] Tag Change: ID '00E2004718B63068218FAE01' -> Floor 'Unknown'
[2026-07-15 10:11:19] Tag Change: ID '00E2004714C4706821509201' -> Floor 'Unknown'
[2026-07-15 10:11:19] Tag Change: ID '00E2004714B1B068214F6601' -> Floor 'Unknown'
[2026-07-15 10:11:20] Tag Change: ID '00E2004718A54068218E9F01' -> Floor 'Unknown'
[2026-07-15 10:11:21] Tag Change: ID '00E2004714ACB068214F1601' -> Floor 'Unknown'
[2026-07-15 10:11:21] Tag Change: ID '00E2004714B1F068214F6A01' -> Floor 'Unknown'
[2026-07-15 10:11:22] Tag Change: ID '00E2004718A74068218EBF01' -> Floor 'Unknown'
[2026-07-15 10:11:22] Tag Change: ID '00E2004714B13068214F5E01' -> Floor 'Unknown'
[2026-07-15 10:11:23] Tag Change: ID '00E2004714AAF068214EFA01' -> Floor 'Unknown'
[2026-07-15 10:11:23] Tag Change: ID '00E2004718A70068218EBB01' -> Floor 'Unknown'
[2026-07-15 10:11:24] Tag Change: ID '00E2004714BF306821503E01' -> Floor 'Unknown'
[2026-07-15 10:11:24] Tag Change: ID '00E2004714A5B068214EA601' -> Floor 'Unknown'
[2026-07-15 10:11:25] Tag Change: ID '00E20047149AB068214DF601' -> Floor 'Unknown'
[2026-07-15 10:11:26] Tag Change: ID '00E2004718998068218DE301' -> Floor 'Unknown'
[2026-07-15 10:11:27] Tag Change: ID '00E2004714987068214DD201' -> Floor 'Unknown'
[2026-07-15 10:11:27] Tag Change: ID '00E20047189C0068218E0B01' -> Floor 'Unknown'
[2026-07-15 10:11:27] Tag Change: ID '00E20047149B3068214DFE01' -> Floor 'Unknown'
[2026-07-15 10:11:28] Tag Change: ID '00E20047149CB068214E1601' -> Floor 'Unknown'
[2026-07-15 10:11:28] Tag Change: ID '00E2004718A28068218E7301' -> Floor 'Unknown'
[2026-07-15 10:11:30] Tag Change: ID '00E2004714A3B068214E8601' -> Floor 'Unknown'
[2026-07-15 10:12:07] Tag flapping: suppressed 10 repeated tag-change log lines in the last 66s
[2026-07-15 10:12:18] Tag Change: ID '00E2004714ADF068214F2A01' -> Floor 'Unknown'
[2026-07-15 10:12:18] Tag Change: ID '00E2004718A14068218E5F01' -> Floor 'Unknown'
[2026-07-15 10:12:19] Tag Change: ID '00E2004714AA3068214EEE01' -> Floor 'Unknown'
[2026-07-15 10:12:20] Tag Change: ID '00E2004717854068217C9F01' -> Floor 'Unknown'
[2026-07-15 10:12:20] Tag Change: ID '00E2004717890068217CDB01' -> Floor 'Unknown'
[2026-07-15 10:12:21] Tag Change: ID '00E200471753406821797F01' -> Floor 'Unknown'
[2026-07-15 10:12:22] Tag Change: ID '00E2004717884068217CCF01' -> Floor 'Unknown'
[2026-07-15 10:12:22] Tag Change: ID '00E20047178B0068217CFB01' -> Floor 'Unknown'
[2026-07-15 10:12:23] Tag Change: ID '00E200471756C0682179B701' -> Floor 'Unknown'
[2026-07-15 10:12:23] Tag Change: ID '00E200471785C068217CA701' -> Floor 'Unknown'
[2026-07-15 10:12:24] Tag Change: ID '00E2004717888068217CD301' -> Floor 'Unknown'
[2026-07-15 10:12:24] Tag Change: ID '00E200471751C06821796701' -> Floor 'Unknown'
[2026-07-15 10:12:25] Tag Change: ID '00E20047178E0068217D2B01' -> Floor 'Unknown'
[2026-07-15 10:12:26] Tag Change: ID '00E20047178CC068217D1701' -> Floor 'Unknown'
[2026-07-15 10:12:26] Tag Change: ID '00E20047174AC0682178F701' -> Floor 'Unknown'
[2026-07-15 10:12:27] Tag Change: ID '00E2004717914068217D5F01' -> Floor 'Unknown'
[2026-07-15 10:12:27] Tag Change: ID '00E2004718B7F068218FCA01' -> Floor 'Unknown'
[2026-07-15 10:12:27] Tag Change: ID '00E200471748C0682178D701' -> Floor 'Unknown'
[2026-07-15 10:12:28] Tag Change: ID '00E2004718B5F068218FAA01' -> Floor 'Unknown'
[2026-07-15 10:12:29] Tag Change: ID '00E20047175580682179A301' -> Floor 'Unknown'
[2026-07-15 10:12:29] Tag Change: ID '00E2004718B5B068218FA601' -> Floor 'Unknown'
[2026-07-15 10:12:30] Tag Change: ID '00E20047189E0068218E2B01' -> Floor 'Unknown'
[2026-07-15 10:12:30] Tag Change: ID '00E2004718978068218DC301' -> Floor 'Unknown'
[2026-07-15 10:12:31] Tag Change: ID '00E20047174E806821793301' -> Floor 'Unknown'
[2026-07-15 10:12:32] Tag Change: ID '00E20047142DF06821472A01' -> Floor 'Unknown'
[2026-07-15 10:12:32] Tag Change: ID '00E2004714C5B0682150A601' -> Floor 'Unknown'
[2026-07-15 10:12:32] Tag Change: ID '00E200471752006821796B01' -> Floor 'Unknown'
[2026-07-15 10:12:33] Tag Change: ID '00E2004714C970682150E201' -> Floor 'Unknown'
[2026-07-15 10:12:34] Tag Change: ID '00E2004717800068217C4B01' -> Floor 'Unknown'
[2026-07-15 10:12:34] Tag Change: ID '00E20047174D006821791B01' -> Floor 'Unknown'
[2026-07-15 10:12:35] Tag Change: ID '00E2004714D1F06821516A01' -> Floor 'Unknown'
[2026-07-15 10:12:35] Tag Change: ID '00E2004714D1B06821516601' -> Floor 'Unknown'
[2026-07-15 10:12:36] Tag Change: ID '00E20047174580682178A301' -> Floor 'Unknown'
[2026-07-15 10:12:37] Tag Change: ID '00E20047142E306821472E01' -> Floor 'Unknown'
[2026-07-15 10:12:37] Tag Change: ID '00E2004714CAF0682150FA01' -> Floor 'Unknown'
[2026-07-15 10:12:38] Tag Change: ID '00E20047177F7068217C4201' -> Floor 'Unknown'
[2026-07-15 10:12:39] Tag Change: ID '00E2004714D3306821517E01' -> Floor 'Unknown'
[2026-07-15 10:12:39] Tag Change: ID '00E200471763C068217A8701' -> Floor 'Unknown'
[2026-07-15 10:12:41] Tag Change: ID '00E2004718C7B0682190C601' -> Floor 'Unknown'
[2026-07-15 10:12:42] Tag Change: ID '00E2004714AEB068214F3601' -> Floor 'Unknown'
[2026-07-15 10:12:43] Tag Change: ID '00E20047175C4068217A0F01' -> Floor 'Unknown'
[2026-07-15 10:15:10] Tag Change: ID '00E2004714AEB068214F3601' -> Floor 'Unknown'
[2026-07-15 10:15:10] Tag flapping: suppressed 31 repeated tag-change log lines in the last 181s
[2026-07-15 10:15:11] Tag Change: ID '00E2004718C7B0682190C601' -> Floor 'Unknown'
[2026-07-15 10:15:12] Tag Change: ID '00E200471763C068217A8701' -> Floor 'Unknown'
[2026-07-15 10:15:13] Tag Change: ID '00E2004714D3306821517E01' -> Floor 'Unknown'
[2026-07-15 10:15:14] Tag Change: ID '00E2004714AD3068214F1E01' -> Floor 'Unknown'
[2026-07-15 10:15:14] Tag Change: ID '00E20047177F7068217C4201' -> Floor 'Unknown'
[2026-07-15 10:15:14] Tag Change: ID '00E2004714CAF0682150FA01' -> Floor 'Unknown'
[2026-07-15 10:15:15] Tag Change: ID '00E20047142E306821472E01' -> Floor 'Unknown'
[2026-07-15 10:15:16] Tag Change: ID '00E20047174580682178A301' -> Floor 'Unknown'
[2026-07-15 10:15:16] Tag Change: ID '00E2004714D1B06821516601' -> Floor 'Unknown'
[2026-07-15 10:15:17] Tag Change: ID '00E2004714D1F06821516A01' -> Floor 'Unknown'
[2026-07-15 10:15:18] Tag Change: ID '00E20047174D006821791B01' -> Floor 'Unknown'
[2026-07-15 10:15:18] Tag Change: ID '00E2004717800068217C4B01' -> Floor 'Unknown'
[2026-07-15 10:15:18] Tag Change: ID '00E2004714C970682150E201' -> Floor 'Unknown'
[2026-07-15 10:15:19] Tag Change: ID '00E200471752006821796B01' -> Floor 'Unknown'
[2026-07-15 10:15:20] Tag Change: ID '00E2004714C5B0682150A601' -> Floor 'Unknown'
[2026-07-15 10:15:20] Tag Change: ID '00E20047142DF06821472A01' -> Floor 'Unknown'
[2026-07-15 10:15:21] Tag Change: ID '00E20047174E806821793301' -> Floor 'Unknown'
[2026-07-15 10:15:21] Tag Change: ID '00E2004718978068218DC301' -> Floor 'Unknown'
[2026-07-15 10:15:22] Tag Change: ID '00E20047189E0068218E2B01' -> Floor 'Unknown'
[2026-07-15 10:15:23] Tag Change: ID '00E20047175580682179A301' -> Floor 'Unknown'
[2026-07-15 10:15:23] Tag Change: ID '00E2004718B5B068218FA601' -> Floor 'Unknown'
[2026-07-15 10:15:23] Tag Change: ID '00E2004718B5F068218FAA01' -> Floor 'Unknown'
[2026-07-15 10:15:24] Tag Change: ID '00E200471748C0682178D701' -> Floor 'Unknown'
[2026-07-15 10:15:25] Tag Change: ID '00E2004718B7F068218FCA01' -> Floor 'Unknown'
[2026-07-15 10:15:25] Tag Change: ID '00E2004717914068217D5F01' -> Floor 'Unknown'
[2026-07-15 10:15:26] Tag Change: ID '00E20047174AC0682178F701' -> Floor 'Unknown'
[2026-07-15 10:15:26] Tag Change: ID '00E20047178CC068217D1701' -> Floor 'Unknown'
[2026-07-15 10:15:27] Tag Change: ID '00E20047178E0068217D2B01' -> Floor 'Unknown'
[2026-07-15 10:15:28] Tag Change: ID '00E200471751C06821796701' -> Floor 'Unknown'
[2026-07-15 10:15:28] Tag Change: ID '00E2004717888068217CD301' -> Floor 'Unknown'
[2026-07-15 10:15:29] Tag Change: ID '00E200471785C068217CA701' -> Floor 'Unknown'
[2026-07-15 10:15:29] Tag Change: ID '00E200471756C0682179B701' -> Floor 'Unknown'
[2026-07-15 10:15:30] Tag Change: ID '00E20047178B0068217CFB01' -> Floor 'Unknown'
[2026-07-15 10:15:30] Tag Change: ID '00E2004717884068217CCF01' -> Floor 'Unknown'
[2026-07-15 10:15:31] Tag Change: ID '00E200471753406821797F01' -> Floor 'Unknown'
[2026-07-15 10:15:31] Tag Change: ID '00E2004717890068217CDB01' -> Floor 'Unknown'
[2026-07-15 10:15:32] Tag Change: ID '00E2004717854068217C9F01' -> Floor 'Unknown'
[2026-07-15 10:15:33] Tag Change: ID '00E2004718A14068218E5F01' -> Floor 'Unknown'
[2026-07-15 10:15:33] Tag Change: ID '00E2004714AA3068214EEE01' -> Floor 'Unknown'
[2026-07-15 10:15:34] Tag Change: ID '00E2004714ADF068214F2A01' -> Floor 'Unknown'
[2026-07-15 10:15:35] Tag Change: ID '00E2004718B63068218FAE01' -> Floor 'Unknown'
[2026-07-15 10:15:35] Tag Change: ID '00E2004714C4706821509201' -> Floor 'Unknown'
[2026-07-15 10:15:35] Tag Change: ID '00E2004714B1B068214F6601' -> Floor 'Unknown'
[2026-07-15 10:15:36] Tag Change: ID '00E2004718A54068218E9F01' -> Floor 'Unknown'
[2026-07-15 10:15:36] Tag Change: ID '00E2004714ACB068214F1601' -> Floor 'Unknown'
[2026-07-15 10:15:37] Tag Change: ID '00E2004714B1F068214F6A01' -> Floor 'Unknown'
[2026-07-15 10:15:38] Tag Change: ID '00E2004718A74068218EBF01' -> Floor 'Unknown'
[2026-07-15 10:15:38] Tag Change: ID '00E2004714B13068214F5E01' -> Floor 'Unknown'
[2026-07-15 10:15:39] Tag Change: ID '00E2004714AAF068214EFA01' -> Floor 'Unknown'
[2026-07-15 10:15:39] Tag Change: ID '00E2004718A70068218EBB01' -> Floor 'Unknown'
[2026-07-15 10:15:40] Tag Change: ID '00E2004714BF306821503E01' -> Floor 'Unknown'
[2026-07-15 10:15:40] Tag Change: ID '00E2004714A5B068214EA601' -> Floor 'Unknown'
[2026-07-15 10:15:41] Tag Change: ID '00E20047149AB068214DF601' -> Floor 'Unknown'
[2026-07-15 10:15:42] Tag Change: ID '00E2004714987068214DD201' -> Floor 'Unknown'
[2026-07-15 10:15:43] Tag Change: ID '00E20047149B3068214DFE01' -> Floor 'Unknown'
[2026-07-15 10:15:43] Tag Change: ID '00E20047189C0068218E0B01' -> Floor 'Unknown'
[2026-07-15 10:15:44] Tag Change: ID '00E20047149CB068214E1601' -> Floor 'Unknown'
[2026-07-15 10:15:44] Tag Change: ID '00E2004718A28068218E7301' -> Floor 'Unknown'
[2026-07-15 10:15:45] Tag Change: ID '00E2004714A3B068214E8601' -> Floor 'Unknown'
[2026-07-15 10:15:45] Tag Change: ID '00E200471432F06821477A01' -> Floor 'Unknown'
[2026-07-15 10:15:46] Tag Change: ID '00E2004718AA4068218EEF01' -> Floor 'Unknown'
[2026-07-15 10:15:46] Tag Change: ID '00E2004714C830682150CE01' -> Floor 'Unknown'
[2026-07-15 10:15:47] Tag Change: ID '00E2004714A1F068214E6A01' -> Floor 'Unknown'
[2026-07-15 10:15:47] Tag Change: ID '00E2004717820068217C6B01' -> Floor 'Unknown'
[2026-07-15 10:15:48] Tag Change: ID '00E2004714A07068214E5201' -> Floor 'Unknown'
[2026-07-15 10:15:48] Tag Change: ID '00E2004714A8F068214EDA01' -> Floor 'Unknown'
[2026-07-15 10:15:49] Tag Change: ID '00E20047149B7068214E0201' -> Floor 'Unknown'
[2026-07-15 10:15:49] Tag Change: ID '00E20047142EB06821473601' -> Floor 'Unknown'
[2026-07-15 10:15:50] Tag Change: ID '00E2004714CCB06821511601' -> Floor 'Unknown'
[2026-07-15 10:15:50] Tag Change: ID '00E2004714C8F0682150DA01' -> Floor 'Unknown'
[2026-07-15 10:15:51] Tag Change: ID '00E2004718A50068218E9B01' -> Floor 'Unknown'
[2026-07-15 10:15:51] Tag Change: ID '00E2004714BFB06821504601' -> Floor 'Unknown'
[2026-07-15 10:15:52] Tag Change: ID '00E200471433B06821478601' -> Floor 'Unknown'
[2026-07-15 10:15:52] Tag Change: ID '00E2004714CA30682150EE01' -> Floor 'Unknown'
[2026-07-15 10:15:53] Tag Change: ID '00E200471788C068217CD701' -> Floor 'Unknown'
[2026-07-15 10:15:53] Tag Change: ID '00E2004714CF706821514201' -> Floor 'Unknown'
[2026-07-15 10:15:54] Tag Change: ID '00E2004718C5306821909E01' -> Floor 'Unknown'
[2026-07-15 10:15:54] Tag Change: ID '00E2004714B87068214FD201' -> Floor 'Unknown'
[2026-07-15 10:15:55] Tag Change: ID '00E2004714C3B06821508601' -> Floor 'Unknown'
[2026-07-15 10:15:56] Tag Change: ID '00E200471430306821474E01' -> Floor 'Unknown'
[2026-07-15 10:15:57] Tag Change: ID '00E2004714C1F06821506A01' -> Floor 'Unknown'
[2026-07-15 10:16:50] Tag flapping: suppressed 21 repeated tag-change log lines in the last 90s
[2026-07-15 10:16:53] Tag Change: ID '00E200471788C068217CD701' -> Floor 'Unknown'
[2026-07-15 10:16:54] Tag Change: ID '00E2004714CA30682150EE01' -> Floor 'Unknown'
[2026-07-15 10:16:54] Tag Change: ID '00E200471433B06821478601' -> Floor 'Unknown'
[2026-07-15 10:16:55] Tag Change: ID '00E2004714BFB06821504601' -> Floor 'Unknown'
[2026-07-15 10:16:55] Tag Change: ID '00E2004718A50068218E9B01' -> Floor 'Unknown'
[2026-07-15 10:16:55] Tag Change: ID '00E2004714C8F0682150DA01' -> Floor 'Unknown'
[2026-07-15 10:16:56] Tag Change: ID '00E2004714CCB06821511601' -> Floor 'Unknown'
[2026-07-15 10:16:57] Tag Change: ID '00E20047142EB06821473601' -> Floor 'Unknown'
[2026-07-15 10:16:57] Tag Change: ID '00E20047149B7068214E0201' -> Floor 'Unknown'
[2026-07-15 10:16:58] Tag Change: ID '00E2004714A8F068214EDA01' -> Floor 'Unknown'
[2026-07-15 10:16:58] Tag Change: ID '00E2004714A07068214E5201' -> Floor 'Unknown'
[2026-07-15 10:16:59] Tag Change: ID '00E2004717820068217C6B01' -> Floor 'Unknown'
[2026-07-15 10:16:59] Tag Change: ID '00E2004714A1F068214E6A01' -> Floor 'Unknown'
[2026-07-15 10:17:00] Tag Change: ID '00E2004714C830682150CE01' -> Floor 'Unknown'
[2026-07-15 10:17:00] Tag Change: ID '00E2004718AA4068218EEF01' -> Floor 'Unknown'
[2026-07-15 10:17:01] Tag Change: ID '00E200471432F06821477A01' -> Floor 'Unknown'
[2026-07-15 10:17:01] Tag Change: ID '00E2004714A3B068214E8601' -> Floor 'Unknown'
[2026-07-15 10:17:02] Tag Change: ID '00E2004718A28068218E7301' -> Floor 'Unknown'
[2026-07-15 10:17:02] Tag Change: ID '00E20047149CB068214E1601' -> Floor 'Unknown'
[2026-07-15 10:17:03] Tag Change: ID '00E20047149B3068214DFE01' -> Floor 'Unknown'
[2026-07-15 10:17:03] Tag Change: ID '00E20047189C0068218E0B01' -> Floor 'Unknown'
[2026-07-15 10:17:03] Tag Change: ID '00E2004714987068214DD201' -> Floor 'Unknown'
[2026-07-15 10:17:04] Tag Change: ID '00E20047149AB068214DF601' -> Floor 'Unknown'
[2026-07-15 10:17:05] Tag Change: ID '00E2004718998068218DE301' -> Floor 'Unknown'
[2026-07-15 10:17:05] Tag Change: ID '00E2004714A5B068214EA601' -> Floor 'Unknown'
[2026-07-15 10:17:06] Tag Change: ID '00E2004714BF306821503E01' -> Floor 'Unknown'
[2026-07-15 10:17:07] Tag Change: ID '00E2004718A70068218EBB01' -> Floor 'Unknown'
[2026-07-15 10:17:07] Tag Change: ID '00E2004714AAF068214EFA01' -> Floor 'Unknown'
[2026-07-15 10:17:08] Tag Change: ID '00E2004714B13068214F5E01' -> Floor 'Unknown'
[2026-07-15 10:17:08] Tag Change: ID '00E2004718A74068218EBF01' -> Floor 'Unknown'
[2026-07-15 10:17:09] Tag Change: ID '00E2004714B1F068214F6A01' -> Floor 'Unknown'
[2026-07-15 10:17:09] Tag Change: ID '00E2004714ACB068214F1601' -> Floor 'Unknown'
[2026-07-15 10:17:10] Tag Change: ID '00E2004718A54068218E9F01' -> Floor 'Unknown'
[2026-07-15 10:17:11] Tag Change: ID '00E2004714B1B068214F6601' -> Floor 'Unknown'
[2026-07-15 10:17:11] Tag Change: ID '00E2004714C4706821509201' -> Floor 'Unknown'
[2026-07-15 10:17:11] Tag Change: ID '00E2004718B63068218FAE01' -> Floor 'Unknown'
[2026-07-15 10:17:12] Tag Change: ID '00E2004714ADF068214F2A01' -> Floor 'Unknown'
[2026-07-15 10:17:13] Tag Change: ID '00E2004714AA3068214EEE01' -> Floor 'Unknown'
[2026-07-15 10:17:13] Tag Change: ID '00E2004718A14068218E5F01' -> Floor 'Unknown'
[2026-07-15 10:17:14] Tag Change: ID '00E2004717854068217C9F01' -> Floor 'Unknown'
[2026-07-15 10:17:15] Tag Change: ID '00E2004717890068217CDB01' -> Floor 'Unknown'
[2026-07-15 10:17:15] Tag Change: ID '00E200471753406821797F01' -> Floor 'Unknown'
[2026-07-15 10:17:16] Tag Change: ID '00E2004717884068217CCF01' -> Floor 'Unknown'
[2026-07-15 10:17:16] Tag Change: ID '00E20047178B0068217CFB01' -> Floor 'Unknown'
[2026-07-15 10:17:17] Tag Change: ID '00E200471756C0682179B701' -> Floor 'Unknown'
[2026-07-15 10:17:17] Tag Change: ID '00E200471785C068217CA701' -> Floor 'Unknown'
[2026-07-15 10:17:18] Tag Change: ID '00E2004717888068217CD301' -> Floor 'Unknown'
[2026-07-15 10:17:18] Tag Change: ID '00E200471751C06821796701' -> Floor 'Unknown'
[2026-07-15 10:17:19] Tag Change: ID '00E20047178E0068217D2B01' -> Floor 'Unknown'
[2026-07-15 10:17:20] Tag Change: ID '00E20047178CC068217D1701' -> Floor 'Unknown'
[2026-07-15 10:17:20] Tag Change: ID '00E20047174AC0682178F701' -> Floor 'Unknown'
[2026-07-15 10:17:21] Tag Change: ID '00E2004717914068217D5F01' -> Floor 'Unknown'
[2026-07-15 10:17:21] Tag Change: ID '00E2004718B7F068218FCA01' -> Floor 'Unknown'
[2026-07-15 10:17:22] Tag Change: ID '00E200471748C0682178D701' -> Floor 'Unknown'
[2026-07-15 10:17:22] Tag Change: ID '00E2004718B5F068218FAA01' -> Floor 'Unknown'
[2026-07-15 10:17:23] Tag Change: ID '00E2004718B5B068218FA601' -> Floor 'Unknown'
[2026-07-15 10:17:23] Tag Change: ID '00E20047175580682179A301' -> Floor 'Unknown'
[2026-07-15 10:17:24] Tag Change: ID '00E20047189E0068218E2B01' -> Floor 'Unknown'
[2026-07-15 10:17:25] Tag Change: ID '00E2004718978068218DC301' -> Floor 'Unknown'
[2026-07-15 10:17:25] Tag Change: ID '00E20047174E806821793301' -> Floor 'Unknown'
[2026-07-15 10:17:26] Tag Change: ID '00E20047142DF06821472A01' -> Floor 'Unknown'
[2026-07-15 10:17:26] Tag Change: ID '00E2004714C5B0682150A601' -> Floor 'Unknown'
[2026-07-15 10:17:26] Tag Change: ID '00E200471752006821796B01' -> Floor 'Unknown'
[2026-07-15 10:17:28] Tag Change: ID '00E2004714C970682150E201' -> Floor 'Unknown'
[2026-07-15 10:17:28] Tag Change: ID '00E2004717800068217C4B01' -> Floor 'Unknown'
[2026-07-15 10:17:28] Tag Change: ID '00E20047174D006821791B01' -> Floor 'Unknown'
[2026-07-15 10:17:29] Tag Change: ID '00E2004714D1F06821516A01' -> Floor 'Unknown'
[2026-07-15 10:17:30] Tag Change: ID '00E2004714D1B06821516601' -> Floor 'Unknown'
[2026-07-15 10:17:30] Tag Change: ID '00E20047174580682178A301' -> Floor 'Unknown'
[2026-07-15 10:17:31] Tag Change: ID '00E20047142E306821472E01' -> Floor 'Unknown'
[2026-07-15 10:17:31] Tag Change: ID '00E2004714CAF0682150FA01' -> Floor 'Unknown'
[2026-07-15 10:17:32] Tag Change: ID '00E20047177F7068217C4201' -> Floor 'Unknown'
[2026-07-15 10:17:33] Tag Change: ID '00E2004714AD3068214F1E01' -> Floor 'Unknown'
[2026-07-15 10:17:33] Tag Change: ID '00E2004714D3306821517E01' -> Floor 'Unknown'
[2026-07-15 10:17:34] Tag Change: ID '00E200471763C068217A8701' -> Floor 'Unknown'
[2026-07-15 10:17:34] Tag Change: ID '00E2004718C7B0682190C601' -> Floor 'Unknown'
[2026-07-15 10:17:36] Tag Change: ID '00E2004714AEB068214F3601' -> Floor 'Unknown'
[2026-07-15 10:17:37] Tag Change: ID '00E20047175C4068217A0F01' -> Floor 'Unknown'
[2026-07-15 10:17:56] Tag flapping: suppressed 18 repeated tag-change log lines in the last 64s
[2026-07-15 10:22:10] Tag Change: ID '00E2004714AEB068214F3601' -> Floor 'Unknown'
[2026-07-15 10:22:10] Tag flapping: suppressed 19 repeated tag-change log lines in the last 252s
[2026-07-15 10:22:12] Tag Change: ID '00E2004718C7B0682190C601' -> Floor 'Unknown'
[2026-07-15 10:22:13] Tag Change: ID '00E200471763C068217A8701' -> Floor 'Unknown'
[2026-07-15 10:22:13] Tag Change: ID '00E2004714D3306821517E01' -> Floor 'Unknown'
[2026-07-15 10:22:14] Tag Change: ID '00E2004714AD3068214F1E01' -> Floor 'Unknown'
[2026-07-15 10:22:15] Tag Change: ID '00E20047177F7068217C4201' -> Floor 'Unknown'
[2026-07-15 10:22:15] Tag Change: ID '00E2004714CAF0682150FA01' -> Floor 'Unknown'
[2026-07-15 10:22:16] Tag Change: ID '00E20047142E306821472E01' -> Floor 'Unknown'
[2026-07-15 10:22:17] Tag Change: ID '00E20047174580682178A301' -> Floor 'Unknown'
[2026-07-15 10:22:17] Tag Change: ID '00E2004714D1B06821516601' -> Floor 'Unknown'
[2026-07-15 10:22:17] Tag Change: ID '00E2004714D1F06821516A01' -> Floor 'Unknown'
[2026-07-15 10:22:18] Tag Change: ID '00E20047174D006821791B01' -> Floor 'Unknown'
[2026-07-15 10:22:18] Tag Change: ID '00E2004717800068217C4B01' -> Floor 'Unknown'
[2026-07-15 10:22:19] Tag Change: ID '00E2004714C970682150E201' -> Floor 'Unknown'
[2026-07-15 10:22:20] Tag Change: ID '00E200471752006821796B01' -> Floor 'Unknown'
[2026-07-15 10:22:20] Tag Change: ID '00E2004714C5B0682150A601' -> Floor 'Unknown'
[2026-07-15 10:22:21] Tag Change: ID '00E20047142DF06821472A01' -> Floor 'Unknown'
[2026-07-15 10:22:22] Tag Change: ID '00E20047174E806821793301' -> Floor 'Unknown'
[2026-07-15 10:22:22] Tag Change: ID '00E2004718978068218DC301' -> Floor 'Unknown'
[2026-07-15 10:22:22] Tag Change: ID '00E20047189E0068218E2B01' -> Floor 'Unknown'
[2026-07-15 10:22:23] Tag Change: ID '00E20047175580682179A301' -> Floor 'Unknown'
[2026-07-15 10:22:23] Tag Change: ID '00E2004718B5B068218FA601' -> Floor 'Unknown'
[2026-07-15 10:22:24] Tag Change: ID '00E2004718B5F068218FAA01' -> Floor 'Unknown'
[2026-07-15 10:22:25] Tag Change: ID '00E200471748C0682178D701' -> Floor 'Unknown'
[2026-07-15 10:22:25] Tag Change: ID '00E2004718B7F068218FCA01' -> Floor 'Unknown'
[2026-07-15 10:22:26] Tag Change: ID '00E2004717914068217D5F01' -> Floor 'Unknown'
[2026-07-15 10:22:26] Tag Change: ID '00E20047174AC0682178F701' -> Floor 'Unknown'
[2026-07-15 10:22:27] Tag Change: ID '00E20047178CC068217D1701' -> Floor 'Unknown'
[2026-07-15 10:22:27] Tag Change: ID '00E20047178E0068217D2B01' -> Floor 'Unknown'
[2026-07-15 10:22:29] Tag Change: ID '00E200471751C06821796701' -> Floor 'Unknown'
[2026-07-15 10:22:31] Tag Change: ID '00E2004717888068217CD301' -> Floor 'Unknown'
[2026-07-15 10:22:45] Tag Change: ID '00E200471785C068217CA701' -> Floor 'Unknown'
[2026-07-15 10:22:46] Tag Change: ID '00E200471756C0682179B701' -> Floor 'Unknown'
[2026-07-15 10:22:46] Tag Change: ID '00E20047178B0068217CFB01' -> Floor 'Unknown'
[2026-07-15 10:22:47] Tag Change: ID '00E2004717884068217CCF01' -> Floor 'Unknown'
[2026-07-15 10:22:48] Tag Change: ID '00E200471753406821797F01' -> Floor 'Unknown'
[2026-07-15 10:22:48] Tag Change: ID '00E2004717890068217CDB01' -> Floor 'Unknown'
[2026-07-15 10:22:49] Tag Change: ID '00E2004717854068217C9F01' -> Floor 'Unknown'
[2026-07-15 10:22:50] Tag Change: ID '00E2004718A14068218E5F01' -> Floor 'Unknown'
[2026-07-15 10:22:50] Tag Change: ID '00E2004714AA3068214EEE01' -> Floor 'Unknown'
[2026-07-15 10:22:50] Tag Change: ID '00E2004714ADF068214F2A01' -> Floor 'Unknown'
[2026-07-15 10:22:51] Tag Change: ID '00E2004718B63068218FAE01' -> Floor 'Unknown'
[2026-07-15 10:22:52] Tag Change: ID '00E2004714C4706821509201' -> Floor 'Unknown'
[2026-07-15 10:22:52] Tag Change: ID '00E2004714B1B068214F6601' -> Floor 'Unknown'
[2026-07-15 10:22:53] Tag Change: ID '00E2004718A54068218E9F01' -> Floor 'Unknown'
[2026-07-15 10:22:54] Tag Change: ID '00E2004714ACB068214F1601' -> Floor 'Unknown'
[2026-07-15 10:23:44] Tag flapping: suppressed 14 repeated tag-change log lines in the last 83s
[2026-07-15 10:23:49] Tag Change: ID '00E2004717854068217C9F01' -> Floor 'Unknown'
[2026-07-15 10:23:49] Tag Change: ID '00E2004717890068217CDB01' -> Floor 'Unknown'
[2026-07-15 10:23:50] Tag Change: ID '00E200471753406821797F01' -> Floor 'Unknown'
[2026-07-15 10:23:51] Tag Change: ID '00E2004717884068217CCF01' -> Floor 'Unknown'
[2026-07-15 10:23:51] Tag Change: ID '00E20047178B0068217CFB01' -> Floor 'Unknown'
[2026-07-15 10:23:52] Tag Change: ID '00E200471756C0682179B701' -> Floor 'Unknown'
[2026-07-15 10:23:52] Tag Change: ID '00E200471785C068217CA701' -> Floor 'Unknown'
[2026-07-15 10:23:53] Tag Change: ID '00E2004717888068217CD301' -> Floor 'Unknown'
[2026-07-15 10:23:53] Tag Change: ID '00E200471751C06821796701' -> Floor 'Unknown'
[2026-07-15 10:23:54] Tag Change: ID '00E20047178E0068217D2B01' -> Floor 'Unknown'
[2026-07-15 10:23:55] Tag Change: ID '00E20047178CC068217D1701' -> Floor 'Unknown'
[2026-07-15 10:23:55] Tag Change: ID '00E20047174AC0682178F701' -> Floor 'Unknown'
[2026-07-15 10:23:56] Tag Change: ID '00E2004717914068217D5F01' -> Floor 'Unknown'
[2026-07-15 10:23:56] Tag Change: ID '00E2004718B7F068218FCA01' -> Floor 'Unknown'
[2026-07-15 10:23:57] Tag Change: ID '00E200471748C0682178D701' -> Floor 'Unknown'
[2026-07-15 10:23:57] Tag Change: ID '00E2004718B5F068218FAA01' -> Floor 'Unknown'
[2026-07-15 10:23:58] Tag Change: ID '00E2004718B5B068218FA601' -> Floor 'Unknown'
[2026-07-15 10:23:58] Tag Change: ID '00E20047175580682179A301' -> Floor 'Unknown'
[2026-07-15 10:23:59] Tag Change: ID '00E20047189E0068218E2B01' -> Floor 'Unknown'
[2026-07-15 10:24:00] Tag Change: ID '00E2004718978068218DC301' -> Floor 'Unknown'
[2026-07-15 10:24:00] Tag Change: ID '00E20047174E806821793301' -> Floor 'Unknown'
[2026-07-15 10:24:01] Tag Change: ID '00E20047142DF06821472A01' -> Floor 'Unknown'
[2026-07-15 10:24:01] Tag Change: ID '00E2004714C5B0682150A601' -> Floor 'Unknown'
[2026-07-15 10:24:01] Tag Change: ID '00E200471752006821796B01' -> Floor 'Unknown'
[2026-07-15 10:24:03] Tag Change: ID '00E2004714C970682150E201' -> Floor 'Unknown'
[2026-07-15 10:24:03] Tag Change: ID '00E2004717800068217C4B01' -> Floor 'Unknown'
[2026-07-15 10:24:03] Tag Change: ID '00E20047174D006821791B01' -> Floor 'Unknown'
[2026-07-15 10:24:04] Tag Change: ID '00E2004714D1F06821516A01' -> Floor 'Unknown'
[2026-07-15 10:24:05] Tag Change: ID '00E2004714D1B06821516601' -> Floor 'Unknown'
[2026-07-15 10:24:05] Tag Change: ID '00E20047174580682178A301' -> Floor 'Unknown'
[2026-07-15 10:24:06] Tag Change: ID '00E20047142E306821472E01' -> Floor 'Unknown'
[2026-07-15 10:24:06] Tag Change: ID '00E2004714CAF0682150FA01' -> Floor 'Unknown'
[2026-07-15 10:24:07] Tag Change: ID '00E20047177F7068217C4201' -> Floor 'Unknown'
[2026-07-15 10:24:08] Tag Change: ID '00E2004714AD3068214F1E01' -> Floor 'Unknown'
[2026-07-15 10:24:08] Tag Change: ID '00E2004714D3306821517E01' -> Floor 'Unknown'
[2026-07-15 10:24:08] Tag Change: ID '00E200471763C068217A8701' -> Floor 'Unknown'
[2026-07-15 10:24:09] Tag Change: ID '00E2004718C7B0682190C601' -> Floor 'Unknown'
[2026-07-15 10:24:11] Tag Change: ID '00E2004714AEB068214F3601' -> Floor 'Unknown'
[2026-07-15 10:24:12] Tag Change: ID '00E20047175C4068217A0F01' -> Floor 'Unknown'
[2026-07-15 10:27:43] Tag Change: ID '00E2004714AEB068214F3601' -> Floor 'Unknown'
[2026-07-15 10:27:43] Tag flapping: suppressed 21 repeated tag-change log lines in the last 236s
[2026-07-15 10:27:44] Tag Change: ID '00E2004718C7B0682190C601' -> Floor 'Unknown'
[2026-07-15 10:27:45] Tag Change: ID '00E200471763C068217A8701' -> Floor 'Unknown'
[2026-07-15 10:27:46] Tag Change: ID '00E2004714D3306821517E01' -> Floor 'Unknown'
[2026-07-15 10:27:46] Tag Change: ID '00E2004714AD3068214F1E01' -> Floor 'Unknown'
[2026-07-15 10:27:47] Tag Change: ID '00E20047177F7068217C4201' -> Floor 'Unknown'
[2026-07-15 10:27:47] Tag Change: ID '00E2004714CAF0682150FA01' -> Floor 'Unknown'
[2026-07-15 10:27:48] Tag Change: ID '00E20047142E306821472E01' -> Floor 'Unknown'
[2026-07-15 10:27:49] Tag Change: ID '00E20047174580682178A301' -> Floor 'Unknown'
[2026-07-15 10:27:49] Tag Change: ID '00E2004714D1B06821516601' -> Floor 'Unknown'
[2026-07-15 10:27:50] Tag Change: ID '00E2004714D1F06821516A01' -> Floor 'Unknown'
[2026-07-15 10:27:51] Tag Change: ID '00E20047174D006821791B01' -> Floor 'Unknown'
[2026-07-15 10:27:51] Tag Change: ID '00E2004717800068217C4B01' -> Floor 'Unknown'
[2026-07-15 10:27:51] Tag Change: ID '00E2004714C970682150E201' -> Floor 'Unknown'
[2026-07-15 10:27:52] Tag Change: ID '00E200471752006821796B01' -> Floor 'Unknown'
[2026-07-15 10:27:53] Tag Change: ID '00E2004714C5B0682150A601' -> Floor 'Unknown'
[2026-07-15 10:27:53] Tag Change: ID '00E20047142DF06821472A01' -> Floor 'Unknown'
[2026-07-15 10:27:54] Tag Change: ID '00E20047174E806821793301' -> Floor 'Unknown'
[2026-07-15 10:27:55] Tag Change: ID '00E2004718978068218DC301' -> Floor 'Unknown'
[2026-07-15 10:28:45] Tag Change: ID '00E2004714AEB068214F3601' -> Floor 'Unknown'
[2026-07-15 10:28:46] Tag Change: ID '00E20047175C4068217A0F01' -> Floor 'Unknown'
[2026-07-15 10:33:54] Tag Change: ID '00E2004714AEB068214F3601' -> Floor 'Unknown'
[2026-07-15 10:33:54] Tag flapping: suppressed 21 repeated tag-change log lines in the last 359s
[2026-07-15 10:33:56] Tag Change: ID '00E2004718C7B0682190C601' -> Floor 'Unknown'
[2026-07-15 10:33:57] Tag Change: ID '00E200471763C068217A8701' -> Floor 'Unknown'
[2026-07-15 10:33:57] Tag Change: ID '00E2004714D3306821517E01' -> Floor 'Unknown'
[2026-07-15 10:33:58] Tag Change: ID '00E2004714AD3068214F1E01' -> Floor 'Unknown'
[2026-07-15 10:33:59] Tag Change: ID '00E20047177F7068217C4201' -> Floor 'Unknown'
[2026-07-15 10:33:59] Tag Change: ID '00E2004714CAF0682150FA01' -> Floor 'Unknown'
[2026-07-15 10:33:59] Tag Change: ID '00E20047142E306821472E01' -> Floor 'Unknown'
[2026-07-15 10:34:00] Tag Change: ID '00E20047174580682178A301' -> Floor 'Unknown'
[2026-07-15 10:34:01] Tag Change: ID '00E2004714D1B06821516601' -> Floor 'Unknown'
[2026-07-15 10:34:01] Tag Change: ID '00E2004714D1F06821516A01' -> Floor 'Unknown'
[2026-07-15 10:34:02] Tag Change: ID '00E20047174D006821791B01' -> Floor 'Unknown'
[2026-07-15 10:34:02] Tag Change: ID '00E2004717800068217C4B01' -> Floor 'Unknown'
[2026-07-15 10:34:03] Tag Change: ID '00E2004714C970682150E201' -> Floor 'Unknown'
[2026-07-15 10:34:04] Tag Change: ID '00E200471752006821796B01' -> Floor 'Unknown'
[2026-07-15 10:34:04] Tag Change: ID '00E2004714C5B0682150A601' -> Floor 'Unknown'
[2026-07-15 10:34:05] Tag Change: ID '00E20047142DF06821472A01' -> Floor 'Unknown'
[2026-07-15 10:34:06] Tag Change: ID '00E20047174E806821793301' -> Floor 'Unknown'
[2026-07-15 10:34:07] Tag Change: ID '00E2004718978068218DC301' -> Floor 'Unknown'
[2026-07-15 10:34:24] Tag Change: ID '00E20047189E0068218E2B01' -> Floor 'Unknown'
[2026-07-15 10:34:26] Tag Change: ID '00E20047175580682179A301' -> Floor 'Unknown'
[2026-07-15 10:34:26] Tag Change: ID '00E2004718B5B068218FA601' -> Floor 'Unknown'
[2026-07-15 10:34:26] Tag Change: ID '00E2004718B5F068218FAA01' -> Floor 'Unknown'
[2026-07-15 10:34:27] Tag Change: ID '00E200471748C0682178D701' -> Floor 'Unknown'
[2026-07-15 10:34:28] Tag Change: ID '00E2004718B7F068218FCA01' -> Floor 'Unknown'
[2026-07-15 10:34:28] Tag Change: ID '00E2004717914068217D5F01' -> Floor 'Unknown'
[2026-07-15 10:34:29] Tag Change: ID '00E20047174AC0682178F701' -> Floor 'Unknown'
[2026-07-15 10:34:30] Tag Change: ID '00E20047178E0068217D2B01' -> Floor 'Unknown'
[2026-07-15 10:34:31] Tag Change: ID '00E200471751C06821796701' -> Floor 'Unknown'
[2026-07-15 10:34:31] Tag Change: ID '00E2004717888068217CD301' -> Floor 'Unknown'
[2026-07-15 10:34:32] Tag Change: ID '00E200471785C068217CA701' -> Floor 'Unknown'
[2026-07-15 10:34:32] Tag Change: ID '00E200471756C0682179B701' -> Floor 'Unknown'
[2026-07-15 10:34:33] Tag Change: ID '00E20047178B0068217CFB01' -> Floor 'Unknown'
[2026-07-15 10:34:33] Tag Change: ID '00E2004717884068217CCF01' -> Floor 'Unknown'
[2026-07-15 10:34:34] Tag Change: ID '00E200471753406821797F01' -> Floor 'Unknown'
[2026-07-15 10:34:34] Tag Change: ID '00E2004717890068217CDB01' -> Floor 'Unknown'
[2026-07-15 10:34:35] Tag Change: ID '00E2004717854068217C9F01' -> Floor 'Unknown'
[2026-07-15 10:34:36] Tag Change: ID '00E2004718A14068218E5F01' -> Floor 'Unknown'
[2026-07-15 10:34:36] Tag Change: ID '00E2004714AA3068214EEE01' -> Floor 'Unknown'
[2026-07-15 10:34:37] Tag Change: ID '00E2004714ADF068214F2A01' -> Floor 'Unknown'
[2026-07-15 10:34:37] Tag Change: ID '00E2004718B63068218FAE01' -> Floor 'Unknown'
[2026-07-15 10:34:38] Tag Change: ID '00E2004714C4706821509201' -> Floor 'Unknown'
[2026-07-15 10:34:38] Tag Change: ID '00E2004714B1B068214F6601' -> Floor 'Unknown'
[2026-07-15 10:34:39] Tag Change: ID '00E2004718A54068218E9F01' -> Floor 'Unknown'
[2026-07-15 10:34:39] Tag Change: ID '00E2004714ACB068214F1601' -> Floor 'Unknown'
[2026-07-15 10:34:40] Tag Change: ID '00E2004714B1F068214F6A01' -> Floor 'Unknown'
[2026-07-15 10:34:41] Tag Change: ID '00E2004718A74068218EBF01' -> Floor 'Unknown'
[2026-07-15 10:34:41] Tag Change: ID '00E2004714B13068214F5E01' -> Floor 'Unknown'
[2026-07-15 10:34:42] Tag Change: ID '00E2004714AAF068214EFA01' -> Floor 'Unknown'
[2026-07-15 10:34:42] Tag Change: ID '00E2004718A70068218EBB01' -> Floor 'Unknown'
[2026-07-15 10:34:43] Tag Change: ID '00E2004714BF306821503E01' -> Floor 'Unknown'
[2026-07-15 10:34:43] Tag Change: ID '00E2004714A5B068214EA601' -> Floor 'Unknown'
[2026-07-15 10:34:44] Tag Change: ID '00E2004718998068218DE301' -> Floor 'Unknown'
[2026-07-15 10:34:44] Tag Change: ID '00E20047149AB068214DF601' -> Floor 'Unknown'
[2026-07-15 10:34:45] Tag Change: ID '00E2004714987068214DD201' -> Floor 'Unknown'
[2026-07-15 10:34:46] Tag Change: ID '00E20047149B3068214DFE01' -> Floor 'Unknown'
[2026-07-15 10:34:46] Tag Change: ID '00E20047189C0068218E0B01' -> Floor 'Unknown'
[2026-07-15 10:34:47] Tag Change: ID '00E20047149CB068214E1601' -> Floor 'Unknown'
[2026-07-15 10:34:47] Tag Change: ID '00E2004718A28068218E7301' -> Floor 'Unknown'
[2026-07-15 10:34:49] Tag Change: ID '00E2004714A3B068214E8601' -> Floor 'Unknown'
[2026-07-15 10:36:47] Tag Change: ID '00E2004718A28068218E7301' -> Floor 'Unknown'
[2026-07-15 10:36:47] Tag flapping: suppressed 11 repeated tag-change log lines in the last 159s
[2026-07-15 10:36:47] Tag Change: ID '00E20047149CB068214E1601' -> Floor 'Unknown'
[2026-07-15 10:36:48] Tag Change: ID '00E20047189C0068218E0B01' -> Floor 'Unknown'
[2026-07-15 10:36:48] Tag Change: ID '00E20047149B3068214DFE01' -> Floor 'Unknown'
[2026-07-15 10:36:49] Tag Change: ID '00E2004714987068214DD201' -> Floor 'Unknown'
[2026-07-15 10:36:50] Tag Change: ID '00E20047149AB068214DF601' -> Floor 'Unknown'
[2026-07-15 10:36:51] Tag Change: ID '00E2004714A5B068214EA601' -> Floor 'Unknown'
[2026-07-15 10:36:51] Tag Change: ID '00E2004714BF306821503E01' -> Floor 'Unknown'
[2026-07-15 10:36:52] Tag Change: ID '00E2004718A70068218EBB01' -> Floor 'Unknown'
[2026-07-15 10:36:53] Tag Change: ID '00E2004714AAF068214EFA01' -> Floor 'Unknown'
[2026-07-15 10:36:53] Tag Change: ID '00E2004714B13068214F5E01' -> Floor 'Unknown'
[2026-07-15 10:36:53] Tag Change: ID '00E2004718A74068218EBF01' -> Floor 'Unknown'
[2026-07-15 10:36:54] Tag Change: ID '00E2004714B1F068214F6A01' -> Floor 'Unknown'
[2026-07-15 10:36:55] Tag Change: ID '00E2004714ACB068214F1601' -> Floor 'Unknown'
[2026-07-15 10:36:55] Tag Change: ID '00E2004718A54068218E9F01' -> Floor 'Unknown'
[2026-07-15 10:36:56] Tag Change: ID '00E2004714B1B068214F6601' -> Floor 'Unknown'
[2026-07-15 10:36:56] Tag Change: ID '00E2004714C4706821509201' -> Floor 'Unknown'
[2026-07-15 10:36:57] Tag Change: ID '00E2004718B63068218FAE01' -> Floor 'Unknown'
[2026-07-15 10:36:57] Tag Change: ID '00E2004714ADF068214F2A01' -> Floor 'Unknown'
[2026-07-15 10:36:58] Tag Change: ID '00E2004718A14068218E5F01' -> Floor 'Unknown'
[2026-07-15 10:36:58] Tag Change: ID '00E2004714AA3068214EEE01' -> Floor 'Unknown'
[2026-07-15 10:36:59] Tag Change: ID '00E2004717854068217C9F01' -> Floor 'Unknown'
[2026-07-15 10:37:00] Tag Change: ID '00E200471753406821797F01' -> Floor 'Unknown'
[2026-07-15 10:37:00] Tag Change: ID '00E2004717890068217CDB01' -> Floor 'Unknown'
[2026-07-15 10:37:01] Tag Change: ID '00E2004717884068217CCF01' -> Floor 'Unknown'
[2026-07-15 10:37:01] Tag Change: ID '00E20047178B0068217CFB01' -> Floor 'Unknown'
[2026-07-15 10:37:02] Tag Change: ID '00E200471756C0682179B701' -> Floor 'Unknown'
[2026-07-15 10:37:03] Tag Change: ID '00E200471785C068217CA701' -> Floor 'Unknown'
[2026-07-15 10:37:03] Tag Change: ID '00E2004717888068217CD301' -> Floor 'Unknown'
[2026-07-15 10:37:03] Tag Change: ID '00E200471751C06821796701' -> Floor 'Unknown'
[2026-07-15 10:37:04] Tag Change: ID '00E20047178E0068217D2B01' -> Floor 'Unknown'
[2026-07-15 10:37:05] Tag Change: ID '00E20047178CC068217D1701' -> Floor 'Unknown'
[2026-07-15 10:37:06] Tag Change: ID '00E20047174AC0682178F701' -> Floor 'Unknown'
[2026-07-15 10:37:06] Tag Change: ID '00E2004717914068217D5F01' -> Floor 'Unknown'
[2026-07-15 10:37:06] Tag Change: ID '00E2004718B7F068218FCA01' -> Floor 'Unknown'
[2026-07-15 10:37:07] Tag Change: ID '00E200471748C0682178D701' -> Floor 'Unknown'
[2026-07-15 10:37:07] Tag Change: ID '00E2004718B5F068218FAA01' -> Floor 'Unknown'
[2026-07-15 10:37:08] Tag Change: ID '00E2004718B5B068218FA601' -> Floor 'Unknown'
[2026-07-15 10:37:08] Tag Change: ID '00E20047175580682179A301' -> Floor 'Unknown'
[2026-07-15 10:37:09] Tag Change: ID '00E20047189E0068218E2B01' -> Floor 'Unknown'
[2026-07-15 10:37:10] Tag Change: ID '00E2004718978068218DC301' -> Floor 'Unknown'
[2026-07-15 10:37:10] Tag Change: ID '00E20047174E806821793301' -> Floor 'Unknown'
[2026-07-15 10:37:11] Tag Change: ID '00E20047142DF06821472A01' -> Floor 'Unknown'
[2026-07-15 10:37:11] Tag Change: ID '00E2004714C5B0682150A601' -> Floor 'Unknown'
[2026-07-15 10:37:12] Tag Change: ID '00E200471752006821796B01' -> Floor 'Unknown'
[2026-07-15 10:37:13] Tag Change: ID '00E2004714C970682150E201' -> Floor 'Unknown'
[2026-07-15 10:37:13] Tag Change: ID '00E2004717800068217C4B01' -> Floor 'Unknown'
[2026-07-15 10:37:13] Tag Change: ID '00E20047174D006821791B01' -> Floor 'Unknown'
[2026-07-15 10:37:14] Tag Change: ID '00E2004714D1F06821516A01' -> Floor 'Unknown'
[2026-07-15 10:37:15] Tag Change: ID '00E2004714D1B06821516601' -> Floor 'Unknown'
[2026-07-15 10:37:15] Tag Change: ID '00E20047174580682178A301' -> Floor 'Unknown'
[2026-07-15 10:37:16] Tag Change: ID '00E20047142E306821472E01' -> Floor 'Unknown'
[2026-07-15 10:37:17] Tag Change: ID '00E2004714CAF0682150FA01' -> Floor 'Unknown'
[2026-07-15 10:37:17] Tag Change: ID '00E20047177F7068217C4201' -> Floor 'Unknown'
[2026-07-15 10:37:18] Tag Change: ID '00E2004714AD3068214F1E01' -> Floor 'Unknown'
[2026-07-15 10:37:18] Tag Change: ID '00E2004714D3306821517E01' -> Floor 'Unknown'
[2026-07-15 10:37:19] Tag Change: ID '00E200471763C068217A8701' -> Floor 'Unknown'
[2026-07-15 10:37:20] Tag Change: ID '00E2004718C7B0682190C601' -> Floor 'Unknown'
[2026-07-15 10:37:22] Tag Change: ID '00E2004714AEB068214F3601' -> Floor 'Unknown'
[2026-07-15 10:37:22] Tag Change: ID '00E20047175C4068217A0F01' -> Floor 'Unknown'
[2026-07-15 10:37:49] Tag flapping: suppressed 30 repeated tag-change log lines in the last 60s
[2026-07-15 10:38:11] Tag Change: ID '00E20047174E806821793301' -> Floor 'Unknown'
[2026-07-15 10:38:11] Tag Change: ID '00E2004718978068218DC301' -> Floor 'Unknown'
[2026-07-15 10:38:12] Tag Change: ID '00E20047142DF06821472A01' -> Floor 'Unknown'
[2026-07-15 10:38:13] Tag Change: ID '00E2004714C5B0682150A601' -> Floor 'Unknown'
[2026-07-15 10:38:13] Tag Change: ID '00E200471752006821796B01' -> Floor 'Unknown'
[2026-07-15 10:38:14] Tag Change: ID '00E2004714C970682150E201' -> Floor 'Unknown'
[2026-07-15 10:38:14] Tag Change: ID '00E2004717800068217C4B01' -> Floor 'Unknown'
[2026-07-15 10:38:15] Tag Change: ID '00E20047174D006821791B01' -> Floor 'Unknown'
[2026-07-15 10:38:16] Tag Change: ID '00E2004714D1F06821516A01' -> Floor 'Unknown'
[2026-07-15 10:38:16] Tag Change: ID '00E2004714D1B06821516601' -> Floor 'Unknown'
[2026-07-15 10:38:16] Tag Change: ID '00E20047174580682178A301' -> Floor 'Unknown'
[2026-07-15 10:38:17] Tag Change: ID '00E20047142E306821472E01' -> Floor 'Unknown'
[2026-07-15 10:38:18] Tag Change: ID '00E2004714CAF0682150FA01' -> Floor 'Unknown'
[2026-07-15 10:38:18] Tag Change: ID '00E20047177F7068217C4201' -> Floor 'Unknown'
[2026-07-15 10:38:19] Tag Change: ID '00E2004714AD3068214F1E01' -> Floor 'Unknown'
[2026-07-15 10:38:19] Tag Change: ID '00E2004714D3306821517E01' -> Floor 'Unknown'
[2026-07-15 10:38:20] Tag Change: ID '00E200471763C068217A8701' -> Floor 'Unknown'
[2026-07-15 10:38:21] Tag Change: ID '00E2004718C7B0682190C601' -> Floor 'Unknown'
[2026-07-15 10:38:23] Tag Change: ID '00E2004714AEB068214F3601' -> Floor 'Unknown'
[2026-07-15 10:38:23] Tag Change: ID '00E20047175C4068217A0F01' -> Floor 'Unknown'
[2026-07-15 12:27:54] --- Smart Elevator Tracker (Secured) --- ID: B
[2026-07-15 12:27:54] Status URL: https://nitzaelev-default-rtdb.europe-west1.firebasedatabase.app/elevators/B.json
[2026-07-15 12:27:54] Logs URL: https://nitzaelev-default-rtdb.europe-west1.firebasedatabase.app/logs/B.json
[2026-07-15 12:29:44] --- Smart Elevator Tracker (Secured) --- ID: B
[2026-07-15 12:29:44] Status URL: https://nitzaelev-default-rtdb.europe-west1.firebasedatabase.app/elevators/B.json
[2026-07-15 12:29:44] Logs URL: https://nitzaelev-default-rtdb.europe-west1.firebasedatabase.app/logs/B.json
