2026-09-23 00:02:22 [INFO] shabbat_detector.cycle_analyzer: Cycle aborted: returned to BOTTOM without reaching TOP
2026-09-23 00:07:32 [INFO] shabbat_detector.hebcal_gate: Hebcal refreshed: candles=1790349180.0 havdalah=1790439720.0
2026-09-23 00:07:32 [INFO] shabbat_detector.cycle_analyzer: Elevator idle 425s - resetting cycle (was in _Phase.LEG_ONE)
2026-09-23 00:10:01 [INFO] shabbat_detector.cycle_analyzer: Cycle aborted: returned to BOTTOM without reaching TOP
2026-09-23 00:12:01 [INFO] shabbat_detector.cycle_analyzer: Cycle aborted: returned to BOTTOM without reaching TOP
2026-09-23 00:20:36 [INFO] shabbat_detector.hebcal_gate: Hebcal refreshed: candles=1790349180.0 havdalah=1790439720.0
2026-09-23 00:21:36 [INFO] shabbat_detector.firebase_client: SSE stream connecting: https://nitzaelev-default-rtdb.europe-west1.firebasedatabase.app/settings.json
2026-09-23 00:21:48 [INFO] shabbat_detector.cycle_analyzer: Cycle aborted: returned to BOTTOM without reaching TOP
2026-09-23 00:30:10 [INFO] shabbat_detector.firebase_client: SSE stream connecting: https://nitzaelev-default-rtdb.europe-west1.firebasedatabase.app/settings.json
2026-09-23 00:43:33 [INFO] shabbat_detector.hebcal_gate: Hebcal refreshed: candles=1790349180.0 havdalah=1790439720.0
2026-09-23 00:43:33 [INFO] shabbat_detector.cycle_analyzer: Elevator idle 1363s - resetting cycle (was in _Phase.LEG_ONE)
2026-09-23 00:45:48 [INFO] shabbat_detector.cycle_analyzer: Cycle aborted: returned to BOTTOM without reaching TOP
2026-09-23 00:50:50 [INFO] shabbat_detector.cycle_analyzer: Cycle aborted: returned to BOTTOM without reaching TOP
2026-09-23 01:02:32 [INFO] shabbat_detector.hebcal_gate: Hebcal refreshed: candles=1790349180.0 havdalah=1790439720.0
2026-09-23 01:02:32 [INFO] shabbat_detector.cycle_analyzer: Elevator idle 818s - resetting cycle (was in _Phase.LEG_ONE)
2026-09-23 01:06:31 [INFO] shabbat_detector.cycle_analyzer: Cycle aborted: returned to BOTTOM without reaching TOP
2026-09-23 01:08:58 [INFO] shabbat_detector.cycle_analyzer: Cycle aborted: returned to BOTTOM without reaching TOP
2026-09-23 01:12:38 [INFO] shabbat_detector.hebcal_gate: Hebcal refreshed: candles=1790349180.0 havdalah=1790439720.0
2026-09-23 01:15:56 [INFO] shabbat_detector.cycle_analyzer: Cycle aborted: returned to BOTTOM without reaching TOP
2026-09-23 01:30:42 [INFO] shabbat_detector.hebcal_gate: Hebcal refreshed: candles=1790349180.0 havdalah=1790439720.0
2026-09-23 01:30:42 [INFO] shabbat_detector.cycle_analyzer: Elevator idle 943s - resetting cycle (was in _Phase.LEG_ONE)
2026-09-23 01:33:08 [INFO] shabbat_detector.cycle_analyzer: Cycle aborted: returned to BOTTOM without reaching TOP
2026-09-23 01:42:35 [INFO] shabbat_detector.hebcal_gate: Hebcal refreshed: candles=1790349180.0 havdalah=1790439720.0
2026-09-23 01:42:35 [INFO] shabbat_detector.cycle_analyzer: Elevator idle 622s - resetting cycle (was in _Phase.LEG_ONE)
2026-09-23 01:46:32 [INFO] shabbat_detector.cycle_analyzer: Cycle aborted: returned to BOTTOM without reaching TOP
2026-09-23 02:09:26 [INFO] shabbat_detector.hebcal_gate: Hebcal refreshed: candles=1790349180.0 havdalah=1790439720.0
2026-09-23 02:09:26 [INFO] shabbat_detector.cycle_analyzer: Elevator idle 1520s - resetting cycle (was in _Phase.LEG_ONE)
2026-09-23 02:12:54 [INFO] shabbat_detector.cycle_analyzer: Cycle aborted: returned to BOTTOM without reaching TOP
2026-09-23 03:17:51 [INFO] shabbat_detector.hebcal_gate: Hebcal refreshed: candles=1790349180.0 havdalah=1790439720.0
2026-09-23 03:17:51 [INFO] shabbat_detector.cycle_analyzer: Elevator idle 3983s - resetting cycle (was in _Phase.LEG_ONE)
2026-09-23 03:20:07 [INFO] shabbat_detector.cycle_analyzer: Cycle aborted: returned to BOTTOM without reaching TOP
2026-09-23 04:03:44 [INFO] shabbat_detector.hebcal_gate: Hebcal refreshed: candles=1790349180.0 havdalah=1790439720.0
2026-09-23 04:03:44 [INFO] shabbat_detector.cycle_analyzer: Elevator idle 2644s - resetting cycle (was in _Phase.LEG_ONE)
2026-09-23 04:06:06 [INFO] shabbat_detector.cycle_analyzer: Cycle aborted: returned to BOTTOM without reaching TOP
2026-09-23 04:22:17 [INFO] shabbat_detector.schedule_windows: Schedule windows refreshed: 5 start(s), 2 end(s) (geo=294071, diaspora=True)
2026-09-23 04:46:52 [INFO] shabbat_detector.hebcal_gate: Hebcal refreshed: candles=1790349180.0 havdalah=1790439720.0
2026-09-23 04:46:52 [INFO] shabbat_detector.cycle_analyzer: Elevator idle 2464s - resetting cycle (was in _Phase.LEG_ONE)
2026-09-23 04:48:22 [INFO] shabbat_detector.cycle_analyzer: Cycle aborted: returned to BOTTOM without reaching TOP
2026-09-23 06:20:28 [INFO] shabbat_detector.hebcal_gate: Hebcal refreshed: candles=1790349180.0 havdalah=1790439720.0
2026-09-23 06:20:28 [INFO] shabbat_detector.cycle_analyzer: Elevator idle 5613s - resetting cycle (was in _Phase.LEG_ONE)
2026-09-23 06:22:53 [INFO] shabbat_detector.cycle_analyzer: Cycle aborted: returned to BOTTOM without reaching TOP
2026-09-23 06:44:05 [INFO] shabbat_detector.hebcal_gate: Hebcal refreshed: candles=1790349180.0 havdalah=1790439720.0
2026-09-23 06:44:05 [INFO] shabbat_detector.cycle_analyzer: Elevator idle 1359s - resetting cycle (was in _Phase.LEG_ONE)
2026-09-23 06:45:03 [INFO] shabbat_detector.cycle_analyzer: Cycle aborted: returned to BOTTOM without reaching TOP
2026-09-23 07:25:09 [INFO] shabbat_detector.hebcal_gate: Hebcal refreshed: candles=1790349180.0 havdalah=1790439720.0
2026-09-23 07:25:09 [INFO] shabbat_detector.cycle_analyzer: Elevator idle 2431s - resetting cycle (was in _Phase.LEG_ONE)
2026-09-23 07:27:56 [INFO] shabbat_detector.cycle_analyzer: Cycle aborted: returned to BOTTOM without reaching TOP
2026-09-23 07:32:16 [INFO] shabbat_detector.cycle_analyzer: Cycle aborted: returned to BOTTOM without reaching TOP
2026-09-23 07:35:49 [INFO] shabbat_detector.hebcal_gate: Hebcal refreshed: candles=1790349180.0 havdalah=1790439720.0
2026-09-23 07:39:46 [INFO] shabbat_detector.cycle_analyzer: Cycle aborted: returned to BOTTOM without reaching TOP
2026-09-23 07:53:42 [INFO] shabbat_detector.hebcal_gate: Hebcal refreshed: candles=1790349180.0 havdalah=1790439720.0
2026-09-23 07:53:42 [INFO] shabbat_detector.cycle_analyzer: Elevator idle 952s - resetting cycle (was in _Phase.LEG_ONE)
2026-09-23 07:56:42 [INFO] shabbat_detector.cycle_analyzer: Cycle aborted: returned to BOTTOM without reaching TOP
2026-09-23 08:01:53 [INFO] shabbat_detector.cycle_analyzer: Cycle aborted: returned to BOTTOM without reaching TOP
2026-09-23 08:03:40 [INFO] shabbat_detector.hebcal_gate: Hebcal refreshed: candles=1790349180.0 havdalah=1790439720.0
2026-09-23 08:06:49 [INFO] shabbat_detector.cycle_analyzer: Cycle aborted: returned to BOTTOM without reaching TOP
2026-09-23 08:12:20 [INFO] shabbat_detector.cycle_analyzer: Cycle aborted: returned to BOTTOM without reaching TOP
2026-09-23 08:21:17 [INFO] shabbat_detector.hebcal_gate: Hebcal refreshed: candles=1790349180.0 havdalah=1790439720.0
2026-09-23 08:21:17 [INFO] shabbat_detector.cycle_analyzer: Elevator idle 625s - resetting cycle (was in _Phase.LEG_ONE)
2026-09-23 08:24:33 [INFO] shabbat_detector.cycle_analyzer: Cycle aborted: returned to BOTTOM without reaching TOP
2026-09-23 08:25:41 [INFO] shabbat_detector.cycle_analyzer: Cycle aborted: returned to BOTTOM without reaching TOP
2026-09-23 08:28:55 [INFO] shabbat_detector.cycle_analyzer: Cycle aborted: returned to BOTTOM without reaching TOP
2026-09-23 08:30:36 [INFO] shabbat_detector.cycle_analyzer: Cycle aborted: returned to BOTTOM without reaching TOP
2026-09-23 08:41:05 [INFO] shabbat_detector.hebcal_gate: Hebcal refreshed: candles=1790349180.0 havdalah=1790439720.0
2026-09-23 08:41:05 [INFO] shabbat_detector.cycle_analyzer: Elevator idle 655s - resetting cycle (was in _Phase.LEG_ONE)
2026-09-23 08:42:26 [INFO] shabbat_detector.cycle_analyzer: Cycle aborted: returned to BOTTOM without reaching TOP
2026-09-23 08:45:19 [INFO] shabbat_detector.cycle_analyzer: Cycle complete: 172s, up_stops=['26'], down_stops=['21']
2026-09-23 08:45:19 [INFO] shabbat_detector.fsm: [B] DetectorState.CANDIDATE_SHABBAT → DetectorState.NORMAL
2026-09-23 08:45:19 [INFO] detector: SHABBAT TRANSITION CANDIDATE_SHABBAT -> NORMAL (masked by override=auto, source=schedule) | סיבה: מחזור לא תאם — עצירות לא חוקיות בעלייה: ['26']; כיסוי קומות חלקי (עלייה 0%, ירידה 7%); 2 חריגות טיימינג
2026-09-23 08:49:47 [INFO] shabbat_detector.cycle_analyzer: Cycle aborted: returned to BOTTOM without reaching TOP
2026-09-23 08:49:47 [INFO] shabbat_detector.fsm: [B] DetectorState.NORMAL → DetectorState.CANDIDATE_SHABBAT
2026-09-23 08:49:47 [INFO] detector: SHABBAT TRANSITION NORMAL -> CANDIDATE_SHABBAT (masked by override=auto, source=schedule) | סיבה: מחזור אפשרי החל — ממתין להשלמה
2026-09-23 08:54:10 [INFO] shabbat_detector.hebcal_gate: Hebcal refreshed: candles=1790349180.0 havdalah=1790439720.0
2026-09-23 08:55:11 [INFO] shabbat_detector.cycle_analyzer: Cycle aborted: returned to BOTTOM without reaching TOP
2026-09-23 09:03:35 [INFO] shabbat_detector.cycle_analyzer: Cycle aborted: returned to BOTTOM without reaching TOP
2026-09-23 09:04:47 [INFO] shabbat_detector.hebcal_gate: Hebcal refreshed: candles=1790349180.0 havdalah=1790439720.0
2026-09-23 09:06:49 [INFO] shabbat_detector.cycle_analyzer: Cycle aborted: returned to BOTTOM without reaching TOP
2026-09-23 09:10:43 [INFO] shabbat_detector.cycle_analyzer: Cycle aborted: returned to BOTTOM without reaching TOP
2026-09-23 09:14:14 [INFO] shabbat_detector.cycle_analyzer: Cycle aborted: returned to BOTTOM without reaching TOP
2026-09-23 09:15:38 [INFO] shabbat_detector.hebcal_gate: Hebcal refreshed: candles=1790349180.0 havdalah=1790439720.0
2026-09-23 09:16:51 [INFO] shabbat_detector.cycle_analyzer: Cycle aborted: returned to BOTTOM without reaching TOP
2026-09-23 09:18:31 [INFO] shabbat_detector.cycle_analyzer: Cycle aborted: returned to BOTTOM without reaching TOP
2026-09-23 09:23:13 [INFO] shabbat_detector.cycle_analyzer: Cycle aborted: returned to BOTTOM without reaching TOP
2026-09-23 09:25:38 [INFO] shabbat_detector.hebcal_gate: Hebcal refreshed: candles=1790349180.0 havdalah=1790439720.0
2026-09-23 09:28:39 [INFO] shabbat_detector.cycle_analyzer: Cycle aborted: returned to BOTTOM without reaching TOP
2026-09-23 09:31:04 [INFO] shabbat_detector.cycle_analyzer: Cycle aborted: returned to BOTTOM without reaching TOP
2026-09-23 09:41:35 [INFO] shabbat_detector.hebcal_gate: Hebcal refreshed: candles=1790349180.0 havdalah=1790439720.0
2026-09-23 09:41:35 [INFO] shabbat_detector.cycle_analyzer: Elevator idle 686s - resetting cycle (was in _Phase.LEG_ONE)
2026-09-23 09:46:04 [INFO] shabbat_detector.cycle_analyzer: Cycle aborted: returned to BOTTOM without reaching TOP
2026-09-23 09:51:36 [INFO] shabbat_detector.cycle_analyzer: Cycle aborted: returned to BOTTOM without reaching TOP
2026-09-23 09:54:19 [INFO] shabbat_detector.hebcal_gate: Hebcal refreshed: candles=1790349180.0 havdalah=1790439720.0
2026-09-23 09:57:14 [INFO] shabbat_detector.cycle_analyzer: Cycle aborted: returned to BOTTOM without reaching TOP
2026-09-23 10:05:21 [INFO] shabbat_detector.hebcal_gate: Hebcal refreshed: candles=1790349180.0 havdalah=1790439720.0
2026-09-23 10:05:21 [INFO] shabbat_detector.cycle_analyzer: Elevator idle 515s - resetting cycle (was in _Phase.LEG_ONE)
2026-09-23 10:08:06 [INFO] shabbat_detector.cycle_analyzer: Cycle aborted: returned to BOTTOM without reaching TOP
2026-09-23 10:11:08 [INFO] shabbat_detector.cycle_analyzer: Cycle aborted: returned to BOTTOM without reaching TOP
2026-09-23 10:15:52 [INFO] shabbat_detector.hebcal_gate: Hebcal refreshed: candles=1790349180.0 havdalah=1790439720.0
2026-09-23 10:18:48 [INFO] shabbat_detector.cycle_analyzer: Cycle aborted: returned to BOTTOM without reaching TOP
2026-09-23 10:19:57 [INFO] shabbat_detector.cycle_analyzer: Cycle aborted: returned to BOTTOM without reaching TOP
2026-09-23 10:22:18 [INFO] shabbat_detector.schedule_windows: Schedule windows refreshed: 5 start(s), 2 end(s) (geo=294071, diaspora=True)
2026-09-23 10:25:10 [INFO] shabbat_detector.cycle_analyzer: Cycle aborted: returned to BOTTOM without reaching TOP
2026-09-23 10:26:27 [INFO] shabbat_detector.hebcal_gate: Hebcal refreshed: candles=1790349180.0 havdalah=1790439720.0
2026-09-23 10:27:38 [INFO] shabbat_detector.cycle_analyzer: Cycle aborted: returned to BOTTOM without reaching TOP
2026-09-23 10:32:13 [INFO] shabbat_detector.cycle_analyzer: Cycle aborted: returned to BOTTOM without reaching TOP
2026-09-23 10:35:27 [INFO] shabbat_detector.cycle_analyzer: Cycle aborted: returned to BOTTOM without reaching TOP
2026-09-23 10:37:19 [INFO] shabbat_detector.hebcal_gate: Hebcal refreshed: candles=1790349180.0 havdalah=1790439720.0
2026-09-23 10:40:27 [INFO] shabbat_detector.cycle_analyzer: Cycle aborted: returned to BOTTOM without reaching TOP
2026-09-23 10:46:13 [INFO] shabbat_detector.cycle_analyzer: Cycle aborted: returned to BOTTOM without reaching TOP
2026-09-23 10:48:59 [INFO] shabbat_detector.hebcal_gate: Hebcal refreshed: candles=1790349180.0 havdalah=1790439720.0
2026-09-23 10:50:50 [INFO] shabbat_detector.cycle_analyzer: Cycle aborted: returned to BOTTOM without reaching TOP
2026-09-23 10:57:51 [INFO] shabbat_detector.cycle_analyzer: Cycle aborted: returned to BOTTOM without reaching TOP
2026-09-23 10:59:59 [INFO] shabbat_detector.hebcal_gate: Hebcal refreshed: candles=1790349180.0 havdalah=1790439720.0
2026-09-23 11:02:21 [INFO] shabbat_detector.cycle_analyzer: Cycle aborted: returned to BOTTOM without reaching TOP
2026-09-23 11:09:59 [INFO] shabbat_detector.hebcal_gate: Hebcal refreshed: candles=1790349180.0 havdalah=1790439720.0
2026-09-23 11:10:53 [INFO] shabbat_detector.cycle_analyzer: Cycle aborted: returned to BOTTOM without reaching TOP
2026-09-23 11:13:40 [INFO] shabbat_detector.cycle_analyzer: Cycle aborted: returned to BOTTOM without reaching TOP
2026-09-23 11:18:12 [INFO] shabbat_detector.cycle_analyzer: Cycle aborted: returned to BOTTOM without reaching TOP
2026-09-23 11:20:52 [INFO] shabbat_detector.hebcal_gate: Hebcal refreshed: candles=1790349180.0 havdalah=1790439720.0
2026-09-23 11:25:04 [INFO] shabbat_detector.cycle_analyzer: Cycle aborted: returned to BOTTOM without reaching TOP
2026-09-23 11:26:56 [INFO] shabbat_detector.cycle_analyzer: Cycle aborted: returned to BOTTOM without reaching TOP
2026-09-23 11:31:19 [INFO] shabbat_detector.cycle_analyzer: Cycle aborted: returned to BOTTOM without reaching TOP
2026-09-23 11:34:51 [INFO] shabbat_detector.hebcal_gate: Hebcal refreshed: candles=1790349180.0 havdalah=1790439720.0
2026-09-23 11:39:38 [INFO] shabbat_detector.cycle_analyzer: Cycle aborted: returned to BOTTOM without reaching TOP
2026-09-23 11:45:07 [INFO] shabbat_detector.hebcal_gate: Hebcal refreshed: candles=1790349180.0 havdalah=1790439720.0
2026-09-23 11:47:26 [INFO] shabbat_detector.cycle_analyzer: Cycle aborted: returned to BOTTOM without reaching TOP
2026-09-23 11:51:58 [INFO] shabbat_detector.cycle_analyzer: Cycle aborted: returned to BOTTOM without reaching TOP
2026-09-23 11:53:25 [INFO] shabbat_detector.cycle_analyzer: Cycle aborted: returned to BOTTOM without reaching TOP
2026-09-23 12:11:15 [INFO] shabbat_detector.hebcal_gate: Hebcal refreshed: candles=1790349180.0 havdalah=1790439720.0
2026-09-23 12:11:15 [INFO] shabbat_detector.cycle_analyzer: Elevator idle 1128s - resetting cycle (was in _Phase.LEG_ONE)
2026-09-23 12:14:35 [INFO] shabbat_detector.cycle_analyzer: Cycle aborted: returned to BOTTOM without reaching TOP
2026-09-23 12:20:31 [INFO] shabbat_detector.cycle_analyzer: Cycle aborted: returned to BOTTOM without reaching TOP
2026-09-23 12:21:24 [INFO] shabbat_detector.hebcal_gate: Hebcal refreshed: candles=1790349180.0 havdalah=1790439720.0
2026-09-23 12:23:34 [INFO] shabbat_detector.cycle_analyzer: Cycle aborted: returned to BOTTOM without reaching TOP
2026-09-23 12:28:32 [INFO] shabbat_detector.cycle_analyzer: Cycle aborted: returned to BOTTOM without reaching TOP
2026-09-23 12:32:05 [INFO] shabbat_detector.cycle_analyzer: Cycle aborted: returned to BOTTOM without reaching TOP
2026-09-23 12:33:24 [INFO] shabbat_detector.hebcal_gate: Hebcal refreshed: candles=1790349180.0 havdalah=1790439720.0
2026-09-23 12:35:47 [INFO] shabbat_detector.cycle_analyzer: Cycle aborted: returned to BOTTOM without reaching TOP
2026-09-23 12:37:00 [INFO] shabbat_detector.cycle_analyzer: Cycle aborted: returned to BOTTOM without reaching TOP
2026-09-23 12:40:11 [INFO] shabbat_detector.cycle_analyzer: Cycle aborted: returned to BOTTOM without reaching TOP
2026-09-23 12:46:23 [INFO] shabbat_detector.hebcal_gate: Hebcal refreshed: candles=1790349180.0 havdalah=1790439720.0
2026-09-23 12:46:23 [INFO] shabbat_detector.cycle_analyzer: Elevator idle 430s - resetting cycle (was in _Phase.LEG_ONE)
2026-09-23 12:49:37 [INFO] shabbat_detector.cycle_analyzer: Cycle aborted: returned to BOTTOM without reaching TOP
2026-09-23 12:54:29 [INFO] shabbat_detector.cycle_analyzer: Cycle aborted: returned to BOTTOM without reaching TOP
2026-09-23 12:58:27 [INFO] shabbat_detector.hebcal_gate: Hebcal refreshed: candles=1790349180.0 havdalah=1790439720.0
2026-09-23 13:00:45 [INFO] shabbat_detector.cycle_analyzer: Cycle aborted: returned to BOTTOM without reaching TOP
2026-09-23 13:04:03 [INFO] shabbat_detector.cycle_analyzer: Cycle aborted: returned to BOTTOM without reaching TOP
2026-09-23 13:09:56 [INFO] shabbat_detector.hebcal_gate: Hebcal refreshed: candles=1790349180.0 havdalah=1790439720.0
2026-09-23 13:09:56 [INFO] shabbat_detector.cycle_analyzer: Elevator idle 438s - resetting cycle (was in _Phase.LEG_ONE)
2026-09-23 13:12:34 [INFO] shabbat_detector.cycle_analyzer: Cycle aborted: returned to BOTTOM without reaching TOP
2026-09-23 13:14:57 [INFO] shabbat_detector.cycle_analyzer: Cycle aborted: returned to BOTTOM without reaching TOP
2026-09-23 13:16:33 [INFO] shabbat_detector.cycle_analyzer: Cycle aborted: returned to BOTTOM without reaching TOP
2026-09-23 13:18:20 [INFO] shabbat_detector.cycle_analyzer: Cycle aborted: returned to BOTTOM without reaching TOP
2026-09-23 13:19:54 [INFO] shabbat_detector.hebcal_gate: Hebcal refreshed: candles=1790349180.0 havdalah=1790439720.0
2026-09-23 13:20:32 [INFO] shabbat_detector.cycle_analyzer: Cycle aborted: returned to BOTTOM without reaching TOP
2026-09-23 13:27:05 [INFO] shabbat_detector.cycle_analyzer: Cycle aborted: returned to BOTTOM without reaching TOP
2026-09-23 13:28:52 [INFO] shabbat_detector.cycle_analyzer: Cycle aborted: returned to BOTTOM without reaching TOP
2026-09-23 13:29:49 [INFO] shabbat_detector.cycle_analyzer: Cycle aborted: returned to BOTTOM without reaching TOP
2026-09-23 13:29:59 [INFO] shabbat_detector.hebcal_gate: Hebcal refreshed: candles=1790349180.0 havdalah=1790439720.0
2026-09-23 13:32:29 [INFO] shabbat_detector.cycle_analyzer: Cycle aborted: returned to BOTTOM without reaching TOP
2026-09-23 13:39:57 [INFO] shabbat_detector.hebcal_gate: Hebcal refreshed: candles=1790349180.0 havdalah=1790439720.0
2026-09-23 13:41:18 [INFO] shabbat_detector.cycle_analyzer: Cycle aborted: returned to BOTTOM without reaching TOP
2026-09-23 13:43:04 [INFO] shabbat_detector.cycle_analyzer: Cycle aborted: returned to BOTTOM without reaching TOP
2026-09-23 13:45:15 [INFO] shabbat_detector.cycle_analyzer: Cycle aborted: returned to BOTTOM without reaching TOP
2026-09-23 13:50:00 [INFO] shabbat_detector.hebcal_gate: Hebcal refreshed: candles=1790349180.0 havdalah=1790439720.0
2026-09-23 13:50:28 [INFO] shabbat_detector.cycle_analyzer: Cycle aborted: returned to BOTTOM without reaching TOP
2026-09-23 13:54:04 [INFO] shabbat_detector.cycle_analyzer: Cycle recovered (missed TOP-terminal read): 157s, up_stops=['26'], down_stops=[]
2026-09-23 13:54:04 [INFO] shabbat_detector.fsm: [B] DetectorState.CANDIDATE_SHABBAT → DetectorState.NORMAL
2026-09-23 13:54:04 [INFO] detector: SHABBAT TRANSITION CANDIDATE_SHABBAT -> NORMAL (masked by override=auto, source=schedule) | סיבה: מחזור לא תאם — עצירות לא חוקיות בעלייה: ['26']; כיסוי קומות חלקי (עלייה 0%, ירידה 0%); 1 חריגות טיימינג
2026-09-23 13:55:44 [INFO] shabbat_detector.cycle_analyzer: Cycle aborted: returned to BOTTOM without reaching TOP
2026-09-23 13:55:44 [INFO] shabbat_detector.fsm: [B] DetectorState.NORMAL → DetectorState.CANDIDATE_SHABBAT
2026-09-23 13:55:44 [INFO] detector: SHABBAT TRANSITION NORMAL -> CANDIDATE_SHABBAT (masked by override=auto, source=schedule) | סיבה: מחזור אפשרי החל — ממתין להשלמה
2026-09-23 13:59:16 [INFO] shabbat_detector.cycle_analyzer: Cycle aborted: returned to BOTTOM without reaching TOP
2026-09-23 14:00:00 [INFO] shabbat_detector.hebcal_gate: Hebcal refreshed: candles=1790349180.0 havdalah=1790439720.0
2026-09-23 14:01:43 [INFO] shabbat_detector.cycle_analyzer: Cycle aborted: returned to BOTTOM without reaching TOP
2026-09-23 14:03:03 [INFO] shabbat_detector.cycle_analyzer: Cycle aborted: returned to BOTTOM without reaching TOP
2026-09-23 14:05:56 [INFO] shabbat_detector.cycle_analyzer: Cycle aborted: returned to BOTTOM without reaching TOP
2026-09-23 14:12:01 [INFO] shabbat_detector.hebcal_gate: Hebcal refreshed: candles=1790349180.0 havdalah=1790439720.0
2026-09-23 14:15:16 [INFO] shabbat_detector.cycle_analyzer: Cycle aborted: returned to BOTTOM without reaching TOP
2026-09-23 14:17:33 [INFO] shabbat_detector.cycle_analyzer: Cycle aborted: returned to BOTTOM without reaching TOP
2026-09-23 14:20:12 [INFO] shabbat_detector.cycle_analyzer: Cycle aborted: returned to BOTTOM without reaching TOP
2026-09-23 14:22:03 [INFO] shabbat_detector.hebcal_gate: Hebcal refreshed: candles=1790349180.0 havdalah=1790439720.0
2026-09-23 14:28:05 [INFO] shabbat_detector.cycle_analyzer: Cycle aborted: returned to BOTTOM without reaching TOP
2026-09-23 14:31:26 [INFO] shabbat_detector.cycle_analyzer: Cycle aborted: returned to BOTTOM without reaching TOP
2026-09-23 14:32:29 [INFO] shabbat_detector.hebcal_gate: Hebcal refreshed: candles=1790349180.0 havdalah=1790439720.0
2026-09-23 14:33:36 [INFO] shabbat_detector.cycle_analyzer: Cycle aborted: returned to BOTTOM without reaching TOP
2026-09-23 14:36:55 [INFO] shabbat_detector.cycle_analyzer: Cycle aborted: returned to BOTTOM without reaching TOP
2026-09-23 14:42:37 [INFO] shabbat_detector.hebcal_gate: Hebcal refreshed: candles=1790349180.0 havdalah=1790439720.0
2026-09-23 14:43:56 [INFO] shabbat_detector.cycle_analyzer: Cycle aborted: returned to BOTTOM without reaching TOP
2026-09-23 14:46:44 [INFO] shabbat_detector.cycle_analyzer: Cycle aborted: returned to BOTTOM without reaching TOP
2026-09-23 14:49:54 [INFO] shabbat_detector.cycle_analyzer: Cycle aborted: returned to BOTTOM without reaching TOP
2026-09-23 14:53:05 [INFO] shabbat_detector.cycle_analyzer: Cycle aborted: returned to BOTTOM without reaching TOP
2026-09-23 14:56:49 [INFO] shabbat_detector.hebcal_gate: Hebcal refreshed: candles=1790349180.0 havdalah=1790439720.0
2026-09-23 14:58:08 [INFO] shabbat_detector.cycle_analyzer: Cycle aborted: returned to BOTTOM without reaching TOP
2026-09-23 15:00:22 [INFO] shabbat_detector.cycle_analyzer: Cycle aborted: returned to BOTTOM without reaching TOP
2026-09-23 15:03:24 [INFO] shabbat_detector.cycle_analyzer: Cycle aborted: returned to BOTTOM without reaching TOP
2026-09-23 15:08:07 [INFO] shabbat_detector.hebcal_gate: Hebcal refreshed: candles=1790349180.0 havdalah=1790439720.0
2026-09-23 15:11:17 [INFO] shabbat_detector.cycle_analyzer: Cycle aborted: returned to BOTTOM without reaching TOP
2026-09-23 15:19:39 [INFO] shabbat_detector.hebcal_gate: Hebcal refreshed: candles=1790349180.0 havdalah=1790439720.0
2026-09-23 15:19:39 [INFO] shabbat_detector.cycle_analyzer: Elevator idle 619s - resetting cycle (was in _Phase.LEG_ONE)
2026-09-23 15:22:43 [INFO] shabbat_detector.cycle_analyzer: Cycle aborted: returned to BOTTOM without reaching TOP
2026-09-23 15:27:12 [INFO] shabbat_detector.cycle_analyzer: Cycle aborted: returned to BOTTOM without reaching TOP
2026-09-23 15:28:20 [INFO] shabbat_detector.cycle_analyzer: Cycle aborted: returned to BOTTOM without reaching TOP
2026-09-23 15:32:11 [INFO] shabbat_detector.hebcal_gate: Hebcal refreshed: candles=1790349180.0 havdalah=1790439720.0
2026-09-23 15:33:54 [INFO] shabbat_detector.cycle_analyzer: Cycle aborted: returned to BOTTOM without reaching TOP
2026-09-23 15:37:49 [INFO] shabbat_detector.cycle_analyzer: Cycle aborted: returned to BOTTOM without reaching TOP
2026-09-23 15:41:56 [INFO] shabbat_detector.cycle_analyzer: Cycle aborted: returned to BOTTOM without reaching TOP
2026-09-23 15:49:07 [INFO] shabbat_detector.hebcal_gate: Hebcal refreshed: candles=1790349180.0 havdalah=1790439720.0
2026-09-23 15:49:07 [INFO] shabbat_detector.cycle_analyzer: Elevator idle 460s - resetting cycle (was in _Phase.LEG_ONE)
2026-09-23 15:55:38 [INFO] shabbat_detector.cycle_analyzer: Cycle aborted: returned to BOTTOM without reaching TOP
2026-09-23 15:59:52 [INFO] shabbat_detector.hebcal_gate: Hebcal refreshed: candles=1790349180.0 havdalah=1790439720.0
2026-09-23 16:03:20 [INFO] shabbat_detector.cycle_analyzer: Cycle aborted: returned to BOTTOM without reaching TOP
2026-09-23 16:09:19 [INFO] shabbat_detector.cycle_analyzer: Elevator idle 477s - resetting cycle (was in _Phase.LEG_ONE)
2026-09-23 16:14:02 [INFO] shabbat_detector.hebcal_gate: Hebcal refreshed: candles=1790349180.0 havdalah=1790439720.0
2026-09-23 16:16:37 [INFO] shabbat_detector.cycle_analyzer: Cycle recovered (missed TOP-terminal read): 403s, up_stops=['5', '18', '26'], down_stops=[]
2026-09-23 16:16:37 [INFO] shabbat_detector.fsm: [B] DetectorState.CANDIDATE_SHABBAT → DetectorState.NORMAL
2026-09-23 16:16:37 [INFO] detector: SHABBAT TRANSITION CANDIDATE_SHABBAT -> NORMAL (masked by override=auto, source=schedule) | סיבה: מחזור לא תאם — עצירות לא חוקיות בעלייה: ['18', '26', '5']; כיסוי קומות חלקי (עלייה 0%, ירידה 0%); 3 חריגות טיימינג
2026-09-23 16:20:16 [INFO] shabbat_detector.cycle_analyzer: Cycle aborted: returned to BOTTOM without reaching TOP
2026-09-23 16:20:16 [INFO] shabbat_detector.fsm: [B] DetectorState.NORMAL → DetectorState.CANDIDATE_SHABBAT
2026-09-23 16:20:16 [INFO] detector: SHABBAT TRANSITION NORMAL -> CANDIDATE_SHABBAT (masked by override=auto, source=schedule) | סיבה: מחזור אפשרי החל — ממתין להשלמה
2026-09-23 16:22:00 [INFO] shabbat_detector.cycle_analyzer: Cycle aborted: returned to BOTTOM without reaching TOP
2026-09-23 16:22:19 [INFO] shabbat_detector.schedule_windows: Schedule windows refreshed: 5 start(s), 2 end(s) (geo=294071, diaspora=True)
2026-09-23 16:24:48 [INFO] shabbat_detector.hebcal_gate: Hebcal refreshed: candles=1790349180.0 havdalah=1790439720.0
2026-09-23 16:26:49 [INFO] shabbat_detector.cycle_analyzer: Cycle aborted: returned to BOTTOM without reaching TOP
2026-09-23 16:30:48 [INFO] shabbat_detector.cycle_analyzer: Cycle aborted: returned to BOTTOM without reaching TOP
2026-09-23 16:34:53 [INFO] shabbat_detector.cycle_analyzer: Cycle aborted: returned to BOTTOM without reaching TOP
2026-09-23 16:36:39 [INFO] shabbat_detector.hebcal_gate: Hebcal refreshed: candles=1790349180.0 havdalah=1790439720.0
2026-09-23 16:39:32 [INFO] shabbat_detector.cycle_analyzer: Cycle aborted: returned to BOTTOM without reaching TOP
2026-09-23 16:42:13 [INFO] shabbat_detector.cycle_analyzer: Cycle aborted: returned to BOTTOM without reaching TOP
2026-09-23 16:44:49 [INFO] shabbat_detector.cycle_analyzer: Cycle aborted: returned to BOTTOM without reaching TOP
2026-09-23 16:47:00 [INFO] shabbat_detector.hebcal_gate: Hebcal refreshed: candles=1790349180.0 havdalah=1790439720.0
2026-09-23 16:50:03 [INFO] shabbat_detector.cycle_analyzer: Cycle recovered (missed TOP-terminal read): 313s, up_stops=['26'], down_stops=[]
2026-09-23 16:50:03 [INFO] shabbat_detector.fsm: [B] DetectorState.CANDIDATE_SHABBAT → DetectorState.NORMAL
2026-09-23 16:50:03 [INFO] detector: SHABBAT TRANSITION CANDIDATE_SHABBAT -> NORMAL (masked by override=auto, source=schedule) | סיבה: מחזור לא תאם — עצירות לא חוקיות בעלייה: ['26']; כיסוי קומות חלקי (עלייה 0%, ירידה 0%); 1 חריגות טיימינג
2026-09-23 17:00:58 [INFO] shabbat_detector.hebcal_gate: Hebcal refreshed: candles=1790349180.0 havdalah=1790439720.0
2026-09-23 17:00:58 [INFO] shabbat_detector.cycle_analyzer: Elevator idle 714s - resetting cycle (was in _Phase.LEG_ONE)
2026-09-23 17:03:13 [INFO] shabbat_detector.cycle_analyzer: Cycle aborted: returned to BOTTOM without reaching TOP
2026-09-23 17:03:13 [INFO] shabbat_detector.fsm: [B] DetectorState.NORMAL → DetectorState.CANDIDATE_SHABBAT
2026-09-23 17:03:13 [INFO] detector: SHABBAT TRANSITION NORMAL -> CANDIDATE_SHABBAT (masked by override=auto, source=schedule) | סיבה: מחזור אפשרי החל — ממתין להשלמה
2026-09-23 17:05:45 [INFO] shabbat_detector.cycle_analyzer: Cycle aborted: returned to BOTTOM without reaching TOP
2026-09-23 17:11:05 [INFO] shabbat_detector.hebcal_gate: Hebcal refreshed: candles=1790349180.0 havdalah=1790439720.0
2026-09-23 17:11:51 [INFO] shabbat_detector.cycle_analyzer: Cycle aborted: returned to BOTTOM without reaching TOP
2026-09-23 17:18:28 [INFO] shabbat_detector.cycle_analyzer: Cycle recovered (missed TOP-terminal read): 300s, up_stops=['26'], down_stops=['16']
2026-09-23 17:18:28 [INFO] shabbat_detector.fsm: [B] DetectorState.CANDIDATE_SHABBAT → DetectorState.NORMAL
2026-09-23 17:18:28 [INFO] detector: SHABBAT TRANSITION CANDIDATE_SHABBAT -> NORMAL (masked by override=auto, source=schedule) | סיבה: מחזור לא תאם — עצירות לא חוקיות בעלייה: ['26']; עצירות לא חוקיות בירידה: ['16']; כיסוי קומות חלקי (עלייה 0%, ירידה 0%); 2 חריגות טיימינג
2026-09-23 17:35:19 [INFO] shabbat_detector.hebcal_gate: Hebcal refreshed: candles=1790349180.0 havdalah=1790439720.0
2026-09-23 17:35:19 [INFO] shabbat_detector.cycle_analyzer: Elevator idle 1128s - resetting cycle (was in _Phase.LEG_ONE)
2026-09-23 17:38:42 [INFO] shabbat_detector.cycle_analyzer: Cycle aborted: returned to BOTTOM without reaching TOP
2026-09-23 17:38:42 [INFO] shabbat_detector.fsm: [B] DetectorState.NORMAL → DetectorState.CANDIDATE_SHABBAT
2026-09-23 17:38:42 [INFO] detector: SHABBAT TRANSITION NORMAL -> CANDIDATE_SHABBAT (masked by override=auto, source=schedule) | סיבה: מחזור אפשרי החל — ממתין להשלמה
2026-09-23 17:40:05 [INFO] shabbat_detector.cycle_analyzer: Cycle aborted: returned to BOTTOM without reaching TOP
2026-09-23 17:44:47 [INFO] shabbat_detector.cycle_analyzer: Cycle aborted: returned to BOTTOM without reaching TOP
2026-09-23 17:45:35 [INFO] shabbat_detector.hebcal_gate: Hebcal refreshed: candles=1790349180.0 havdalah=1790439720.0
2026-09-23 17:48:49 [INFO] shabbat_detector.cycle_analyzer: Cycle aborted: returned to BOTTOM without reaching TOP
2026-09-23 17:51:56 [INFO] shabbat_detector.cycle_analyzer: Cycle aborted: returned to BOTTOM without reaching TOP
2026-09-23 17:53:45 [INFO] shabbat_detector.cycle_analyzer: Cycle aborted: returned to BOTTOM without reaching TOP
2026-09-23 17:56:28 [INFO] shabbat_detector.cycle_analyzer: Cycle aborted: returned to BOTTOM without reaching TOP
2026-09-23 17:57:14 [INFO] shabbat_detector.hebcal_gate: Hebcal refreshed: candles=1790349180.0 havdalah=1790439720.0
2026-09-23 17:58:26 [INFO] shabbat_detector.cycle_analyzer: Cycle aborted: returned to BOTTOM without reaching TOP
2026-09-23 18:07:58 [INFO] shabbat_detector.hebcal_gate: Hebcal refreshed: candles=1790349180.0 havdalah=1790439720.0
2026-09-23 18:10:33 [INFO] shabbat_detector.cycle_analyzer: Cycle aborted: returned to BOTTOM without reaching TOP
2026-09-23 18:13:54 [INFO] shabbat_detector.cycle_analyzer: Cycle aborted: returned to BOTTOM without reaching TOP
2026-09-23 18:19:30 [INFO] shabbat_detector.hebcal_gate: Hebcal refreshed: candles=1790349180.0 havdalah=1790439720.0
2026-09-23 18:21:40 [INFO] shabbat_detector.cycle_analyzer: Cycle aborted: returned to BOTTOM without reaching TOP
2026-09-23 18:23:56 [INFO] shabbat_detector.cycle_analyzer: Cycle aborted: returned to BOTTOM without reaching TOP
2026-09-23 18:24:57 [INFO] shabbat_detector.cycle_analyzer: Cycle aborted: returned to BOTTOM without reaching TOP
2026-09-23 18:27:52 [INFO] shabbat_detector.cycle_analyzer: Cycle aborted: returned to BOTTOM without reaching TOP
2026-09-23 18:32:21 [INFO] shabbat_detector.hebcal_gate: Hebcal refreshed: candles=1790349180.0 havdalah=1790439720.0
2026-09-23 18:36:27 [INFO] shabbat_detector.cycle_analyzer: Cycle aborted: returned to BOTTOM without reaching TOP
2026-09-23 18:42:33 [INFO] shabbat_detector.hebcal_gate: Hebcal refreshed: candles=1790349180.0 havdalah=1790439720.0
2026-09-23 18:43:25 [INFO] shabbat_detector.cycle_analyzer: Cycle aborted: returned to BOTTOM without reaching TOP
2026-09-23 18:45:19 [INFO] shabbat_detector.cycle_analyzer: Cycle aborted: returned to BOTTOM without reaching TOP
2026-09-23 18:48:17 [INFO] shabbat_detector.cycle_analyzer: Cycle aborted: returned to BOTTOM without reaching TOP
2026-09-23 18:50:46 [INFO] shabbat_detector.cycle_analyzer: Cycle aborted: returned to BOTTOM without reaching TOP
2026-09-23 18:52:32 [INFO] shabbat_detector.hebcal_gate: Hebcal refreshed: candles=1790349180.0 havdalah=1790439720.0
2026-09-23 18:53:58 [INFO] shabbat_detector.cycle_analyzer: Cycle aborted: returned to BOTTOM without reaching TOP
2026-09-23 18:55:16 [INFO] shabbat_detector.cycle_analyzer: Cycle aborted: returned to BOTTOM without reaching TOP
2026-09-23 18:57:05 [INFO] shabbat_detector.cycle_analyzer: Cycle aborted: returned to BOTTOM without reaching TOP
2026-09-23 19:00:14 [INFO] shabbat_detector.cycle_analyzer: Cycle aborted: returned to BOTTOM without reaching TOP
2026-09-23 19:03:32 [INFO] shabbat_detector.cycle_analyzer: Cycle aborted: returned to BOTTOM without reaching TOP
2026-09-23 19:03:37 [INFO] shabbat_detector.hebcal_gate: Hebcal refreshed: candles=1790349180.0 havdalah=1790439720.0
2026-09-23 19:05:10 [INFO] shabbat_detector.cycle_analyzer: Cycle aborted: returned to BOTTOM without reaching TOP
2026-09-23 19:16:38 [INFO] shabbat_detector.hebcal_gate: Hebcal refreshed: candles=1790349180.0 havdalah=1790439720.0
2026-09-23 19:16:38 [INFO] shabbat_detector.cycle_analyzer: Elevator idle 715s - resetting cycle (was in _Phase.LEG_ONE)
2026-09-23 19:21:36 [INFO] shabbat_detector.cycle_analyzer: Cycle aborted: returned to BOTTOM without reaching TOP
2026-09-23 19:22:38 [INFO] shabbat_detector.cycle_analyzer: Cycle aborted: returned to BOTTOM without reaching TOP
2026-09-23 19:26:13 [INFO] shabbat_detector.cycle_analyzer: Cycle aborted: returned to BOTTOM without reaching TOP
2026-09-23 19:27:29 [INFO] shabbat_detector.hebcal_gate: Hebcal refreshed: candles=1790349180.0 havdalah=1790439720.0
2026-09-23 19:32:28 [INFO] shabbat_detector.cycle_analyzer: Cycle aborted: returned to BOTTOM without reaching TOP
2026-09-23 19:36:17 [INFO] shabbat_detector.cycle_analyzer: Cycle aborted: returned to BOTTOM without reaching TOP
2026-09-23 19:41:05 [INFO] shabbat_detector.hebcal_gate: Hebcal refreshed: candles=1790349180.0 havdalah=1790439720.0
2026-09-23 19:42:15 [INFO] shabbat_detector.cycle_analyzer: Cycle aborted: returned to BOTTOM without reaching TOP
2026-09-23 19:51:40 [INFO] shabbat_detector.cycle_analyzer: Cycle aborted: returned to BOTTOM without reaching TOP
2026-09-23 19:52:01 [INFO] shabbat_detector.hebcal_gate: Hebcal refreshed: candles=1790349180.0 havdalah=1790439720.0
2026-09-23 19:53:28 [INFO] shabbat_detector.cycle_analyzer: Cycle aborted: returned to BOTTOM without reaching TOP
2026-09-23 19:57:55 [INFO] shabbat_detector.cycle_analyzer: Cycle aborted: returned to BOTTOM without reaching TOP
2026-09-23 20:03:51 [INFO] shabbat_detector.cycle_analyzer: Cycle aborted: returned to BOTTOM without reaching TOP
2026-09-23 20:04:02 [INFO] shabbat_detector.hebcal_gate: Hebcal refreshed: candles=1790349180.0 havdalah=1790439720.0
2026-09-23 20:05:59 [INFO] shabbat_detector.cycle_analyzer: Cycle aborted: returned to BOTTOM without reaching TOP
2026-09-23 20:07:12 [INFO] shabbat_detector.cycle_analyzer: Cycle aborted: returned to BOTTOM without reaching TOP
2026-09-23 20:14:33 [INFO] shabbat_detector.hebcal_gate: Hebcal refreshed: candles=1790349180.0 havdalah=1790439720.0
2026-09-23 20:15:30 [INFO] shabbat_detector.cycle_analyzer: Cycle aborted: returned to BOTTOM without reaching TOP
2026-09-23 20:22:26 [INFO] shabbat_detector.cycle_analyzer: Elevator idle 444s - resetting cycle (was in _Phase.LEG_ONE)
2026-09-23 20:24:53 [INFO] shabbat_detector.hebcal_gate: Hebcal refreshed: candles=1790349180.0 havdalah=1790439720.0
2026-09-23 20:24:53 [INFO] shabbat_detector.cycle_analyzer: Cycle aborted: returned to BOTTOM without reaching TOP
2026-09-23 20:27:15 [INFO] shabbat_detector.cycle_analyzer: Cycle aborted: returned to BOTTOM without reaching TOP
2026-09-23 20:30:22 [INFO] shabbat_detector.cycle_analyzer: Cycle aborted: returned to BOTTOM without reaching TOP
2026-09-23 20:32:24 [INFO] shabbat_detector.cycle_analyzer: Cycle aborted: returned to BOTTOM without reaching TOP
2026-09-23 20:35:15 [INFO] shabbat_detector.cycle_analyzer: Cycle aborted: returned to BOTTOM without reaching TOP
2026-09-23 20:35:18 [INFO] shabbat_detector.hebcal_gate: Hebcal refreshed: candles=1790349180.0 havdalah=1790439720.0
2026-09-23 20:37:24 [INFO] shabbat_detector.cycle_analyzer: Cycle aborted: returned to BOTTOM without reaching TOP
2026-09-23 20:38:51 [INFO] shabbat_detector.cycle_analyzer: Cycle aborted: returned to BOTTOM without reaching TOP
2026-09-23 20:40:21 [INFO] shabbat_detector.cycle_analyzer: Cycle aborted: returned to BOTTOM without reaching TOP
2026-09-23 20:46:10 [INFO] shabbat_detector.hebcal_gate: Hebcal refreshed: candles=1790349180.0 havdalah=1790439720.0
2026-09-23 20:49:39 [INFO] shabbat_detector.cycle_analyzer: Cycle aborted: returned to BOTTOM without reaching TOP
2026-09-23 20:55:27 [INFO] shabbat_detector.cycle_analyzer: Cycle aborted: returned to BOTTOM without reaching TOP
2026-09-23 21:01:20 [INFO] shabbat_detector.hebcal_gate: Hebcal refreshed: candles=1790349180.0 havdalah=1790439720.0
2026-09-23 21:04:16 [INFO] shabbat_detector.cycle_analyzer: Cycle aborted: returned to BOTTOM without reaching TOP
2026-09-23 21:08:26 [INFO] shabbat_detector.cycle_analyzer: Cycle aborted: returned to BOTTOM without reaching TOP
2026-09-23 21:11:31 [INFO] shabbat_detector.cycle_analyzer: Cycle aborted: returned to BOTTOM without reaching TOP
2026-09-23 21:15:44 [INFO] shabbat_detector.hebcal_gate: Hebcal refreshed: candles=1790349180.0 havdalah=1790439720.0
2026-09-23 21:18:43 [INFO] shabbat_detector.cycle_analyzer: Cycle aborted: returned to BOTTOM without reaching TOP
2026-09-23 21:21:20 [INFO] shabbat_detector.cycle_analyzer: Cycle aborted: returned to BOTTOM without reaching TOP
2026-09-23 21:24:34 [INFO] shabbat_detector.cycle_analyzer: Cycle aborted: returned to BOTTOM without reaching TOP
2026-09-23 21:26:18 [INFO] shabbat_detector.hebcal_gate: Hebcal refreshed: candles=1790349180.0 havdalah=1790439720.0
2026-09-23 21:34:01 [INFO] shabbat_detector.cycle_analyzer: Elevator idle 432s - resetting cycle (was in _Phase.LEG_ONE)
2026-09-23 21:37:26 [INFO] shabbat_detector.hebcal_gate: Hebcal refreshed: candles=1790349180.0 havdalah=1790439720.0
2026-09-23 21:37:26 [INFO] shabbat_detector.cycle_analyzer: Cycle aborted: returned to BOTTOM without reaching TOP
2026-09-23 21:41:53 [INFO] shabbat_detector.cycle_analyzer: Cycle aborted: returned to BOTTOM without reaching TOP
2026-09-23 21:43:00 [INFO] shabbat_detector.cycle_analyzer: Cycle aborted: returned to BOTTOM without reaching TOP
2026-09-23 21:45:46 [INFO] shabbat_detector.cycle_analyzer: Cycle aborted: returned to BOTTOM without reaching TOP
2026-09-23 21:51:04 [INFO] shabbat_detector.hebcal_gate: Hebcal refreshed: candles=1790349180.0 havdalah=1790439720.0
2026-09-23 21:51:04 [INFO] shabbat_detector.cycle_analyzer: Elevator idle 433s - resetting cycle (was in _Phase.LEG_ONE)
2026-09-23 21:56:16 [INFO] shabbat_detector.cycle_analyzer: Cycle aborted: returned to BOTTOM without reaching TOP
2026-09-23 22:01:30 [INFO] shabbat_detector.hebcal_gate: Hebcal refreshed: candles=1790349180.0 havdalah=1790439720.0
2026-09-23 22:03:35 [INFO] shabbat_detector.cycle_analyzer: Cycle aborted: returned to BOTTOM without reaching TOP
2026-09-23 22:04:54 [INFO] shabbat_detector.cycle_analyzer: Cycle aborted: returned to BOTTOM without reaching TOP
2026-09-23 22:07:54 [INFO] shabbat_detector.cycle_analyzer: Cycle aborted: returned to BOTTOM without reaching TOP
2026-09-23 22:22:20 [INFO] shabbat_detector.schedule_windows: Schedule windows refreshed: 5 start(s), 2 end(s) (geo=294071, diaspora=True)
2026-09-23 22:23:10 [INFO] shabbat_detector.hebcal_gate: Hebcal refreshed: candles=1790349180.0 havdalah=1790439720.0
2026-09-23 22:23:10 [INFO] shabbat_detector.cycle_analyzer: Elevator idle 973s - resetting cycle (was in _Phase.LEG_ONE)
2026-09-23 22:26:20 [INFO] shabbat_detector.cycle_analyzer: Cycle aborted: returned to BOTTOM without reaching TOP
2026-09-23 22:34:00 [INFO] shabbat_detector.hebcal_gate: Hebcal refreshed: candles=1790349180.0 havdalah=1790439720.0
2026-09-23 22:34:00 [INFO] shabbat_detector.cycle_analyzer: Elevator idle 489s - resetting cycle (was in _Phase.LEG_ONE)
2026-09-23 22:34:47 [INFO] shabbat_detector.cycle_analyzer: Cycle aborted: returned to BOTTOM without reaching TOP
2026-09-23 22:38:08 [INFO] shabbat_detector.cycle_analyzer: Cycle aborted: returned to BOTTOM without reaching TOP
2026-09-23 22:43:33 [INFO] shabbat_detector.hebcal_gate: Hebcal refreshed: candles=1790349180.0 havdalah=1790439720.0
2026-09-23 22:44:35 [INFO] shabbat_detector.cycle_analyzer: Cycle aborted: returned to BOTTOM without reaching TOP
2026-09-23 22:47:00 [INFO] shabbat_detector.cycle_analyzer: Cycle aborted: returned to BOTTOM without reaching TOP
2026-09-23 22:48:00 [INFO] shabbat_detector.cycle_analyzer: Cycle aborted: returned to BOTTOM without reaching TOP
2026-09-23 22:50:40 [INFO] shabbat_detector.cycle_analyzer: Cycle aborted: returned to BOTTOM without reaching TOP
2026-09-23 22:59:21 [INFO] shabbat_detector.hebcal_gate: Hebcal refreshed: candles=1790349180.0 havdalah=1790439720.0
2026-09-23 22:59:21 [INFO] shabbat_detector.cycle_analyzer: Elevator idle 609s - resetting cycle (was in _Phase.LEG_ONE)
2026-09-23 23:00:34 [INFO] shabbat_detector.cycle_analyzer: Cycle aborted: returned to BOTTOM without reaching TOP
2026-09-23 23:01:57 [INFO] shabbat_detector.cycle_analyzer: Cycle aborted: returned to BOTTOM without reaching TOP
2026-09-23 23:06:45 [INFO] shabbat_detector.cycle_analyzer: Cycle aborted: returned to BOTTOM without reaching TOP
2026-09-23 23:09:22 [INFO] shabbat_detector.hebcal_gate: Hebcal refreshed: candles=1790349180.0 havdalah=1790439720.0
2026-09-23 23:10:17 [INFO] shabbat_detector.cycle_analyzer: Cycle aborted: returned to BOTTOM without reaching TOP
2026-09-23 23:13:08 [INFO] shabbat_detector.cycle_analyzer: Cycle aborted: returned to BOTTOM without reaching TOP
2026-09-23 23:15:33 [INFO] shabbat_detector.cycle_analyzer: Cycle aborted: returned to BOTTOM without reaching TOP
2026-09-23 23:18:17 [INFO] shabbat_detector.cycle_analyzer: Cycle aborted: returned to BOTTOM without reaching TOP
2026-09-23 23:20:19 [INFO] shabbat_detector.cycle_analyzer: Cycle aborted: returned to BOTTOM without reaching TOP
2026-09-23 23:21:07 [INFO] shabbat_detector.hebcal_gate: Hebcal refreshed: candles=1790349180.0 havdalah=1790439720.0
2026-09-23 23:22:04 [INFO] shabbat_detector.cycle_analyzer: Cycle aborted: returned to BOTTOM without reaching TOP
2026-09-23 23:24:55 [INFO] shabbat_detector.cycle_analyzer: Cycle aborted: returned to BOTTOM without reaching TOP
2026-09-23 23:31:48 [INFO] shabbat_detector.hebcal_gate: Hebcal refreshed: candles=1790349180.0 havdalah=1790439720.0
2026-09-23 23:31:48 [INFO] shabbat_detector.cycle_analyzer: Elevator idle 530s - resetting cycle (was in _Phase.LEG_ONE)
2026-09-23 23:34:40 [INFO] shabbat_detector.cycle_analyzer: Cycle aborted: returned to BOTTOM without reaching TOP
2026-09-23 23:36:33 [INFO] shabbat_detector.cycle_analyzer: Cycle aborted: returned to BOTTOM without reaching TOP
2026-09-23 23:38:09 [INFO] shabbat_detector.cycle_analyzer: Cycle aborted: returned to BOTTOM without reaching TOP
2026-09-23 23:40:26 [INFO] shabbat_detector.cycle_analyzer: Cycle aborted: returned to BOTTOM without reaching TOP
2026-09-23 23:42:40 [INFO] shabbat_detector.cycle_analyzer: Cycle aborted: returned to BOTTOM without reaching TOP
2026-09-23 23:42:42 [INFO] shabbat_detector.hebcal_gate: Hebcal refreshed: candles=1790349180.0 havdalah=1790439720.0
2026-09-23 23:43:13 [INFO] shabbat_detector.cycle_analyzer: Cycle aborted: returned to BOTTOM without reaching TOP
2026-09-23 23:46:40 [INFO] shabbat_detector.cycle_analyzer: Cycle aborted: returned to BOTTOM without reaching TOP
2026-09-23 23:53:51 [INFO] shabbat_detector.cycle_analyzer: Cycle aborted: returned to BOTTOM without reaching TOP
2026-09-24 00:24:04 [INFO] shabbat_detector.hebcal_gate: Hebcal refreshed: candles=1790349180.0 havdalah=1790439720.0
2026-09-24 00:24:04 [INFO] shabbat_detector.cycle_analyzer: Elevator idle 1901s - resetting cycle (was in _Phase.LEG_ONE)
2026-09-24 00:25:24 [INFO] shabbat_detector.cycle_analyzer: Cycle aborted: returned to BOTTOM without reaching TOP
2026-09-24 00:29:23 [INFO] shabbat_detector.cycle_analyzer: Cycle aborted: returned to BOTTOM without reaching TOP
2026-09-24 00:35:23 [INFO] shabbat_detector.hebcal_gate: Hebcal refreshed: candles=1790349180.0 havdalah=1790439720.0
2026-09-24 00:39:12 [INFO] shabbat_detector.cycle_analyzer: Cycle complete: 619s, up_stops=['19'], down_stops=['19']
2026-09-24 00:39:12 [INFO] shabbat_detector.fsm: [B] DetectorState.CANDIDATE_SHABBAT → DetectorState.NORMAL
2026-09-24 00:39:12 [INFO] detector: SHABBAT TRANSITION CANDIDATE_SHABBAT -> NORMAL (masked by override=auto, source=schedule) | סיבה: מחזור לא תאם — עצירות לא חוקיות בעלייה: ['19']; כיסוי קומות חלקי (עלייה 0%, ירידה 7%); 1 חריגות טיימינג
2026-09-24 00:54:55 [INFO] shabbat_detector.hebcal_gate: Hebcal refreshed: candles=1790349180.0 havdalah=1790439720.0
2026-09-24 00:54:55 [INFO] shabbat_detector.cycle_analyzer: Elevator idle 972s - resetting cycle (was in _Phase.LEG_ONE)
2026-09-24 00:57:41 [INFO] shabbat_detector.cycle_analyzer: Cycle aborted: returned to BOTTOM without reaching TOP
2026-09-24 00:57:41 [INFO] shabbat_detector.fsm: [B] DetectorState.NORMAL → DetectorState.CANDIDATE_SHABBAT
2026-09-24 00:57:41 [INFO] detector: SHABBAT TRANSITION NORMAL -> CANDIDATE_SHABBAT (masked by override=auto, source=schedule) | סיבה: מחזור אפשרי החל — ממתין להשלמה
2026-09-24 01:08:15 [INFO] shabbat_detector.hebcal_gate: Hebcal refreshed: candles=1790349180.0 havdalah=1790439720.0
2026-09-24 01:08:15 [INFO] shabbat_detector.cycle_analyzer: Elevator idle 751s - resetting cycle (was in _Phase.LEG_ONE)
2026-09-24 01:12:21 [INFO] shabbat_detector.cycle_analyzer: Cycle aborted: returned to BOTTOM without reaching TOP
2026-09-24 01:15:16 [INFO] shabbat_detector.cycle_analyzer: Cycle aborted: returned to BOTTOM without reaching TOP
2026-09-24 01:25:46 [INFO] shabbat_detector.hebcal_gate: Hebcal refreshed: candles=1790349180.0 havdalah=1790439720.0
2026-09-24 01:25:46 [INFO] shabbat_detector.cycle_analyzer: Elevator idle 687s - resetting cycle (was in _Phase.LEG_ONE)
2026-09-24 01:29:38 [INFO] shabbat_detector.cycle_analyzer: Cycle aborted: returned to BOTTOM without reaching TOP
2026-09-24 01:44:51 [INFO] shabbat_detector.hebcal_gate: Hebcal refreshed: candles=1790349180.0 havdalah=1790439720.0
2026-09-24 01:44:51 [INFO] shabbat_detector.cycle_analyzer: Elevator idle 1031s - resetting cycle (was in _Phase.LEG_ONE)
2026-09-24 01:47:24 [INFO] shabbat_detector.cycle_analyzer: Cycle aborted: returned to BOTTOM without reaching TOP
2026-09-24 02:00:35 [INFO] shabbat_detector.hebcal_gate: Hebcal refreshed: candles=1790349180.0 havdalah=1790439720.0
2026-09-24 02:00:35 [INFO] shabbat_detector.cycle_analyzer: Elevator idle 879s - resetting cycle (was in _Phase.LEG_ONE)
2026-09-24 02:04:29 [INFO] shabbat_detector.cycle_analyzer: Cycle aborted: returned to BOTTOM without reaching TOP
2026-09-24 02:27:05 [INFO] shabbat_detector.hebcal_gate: Hebcal refreshed: candles=1790349180.0 havdalah=1790439720.0
2026-09-24 02:27:05 [INFO] shabbat_detector.cycle_analyzer: Elevator idle 1446s - resetting cycle (was in _Phase.LEG_ONE)
2026-09-24 02:30:06 [INFO] shabbat_detector.cycle_analyzer: Cycle aborted: returned to BOTTOM without reaching TOP
2026-09-24 02:37:40 [INFO] shabbat_detector.hebcal_gate: Hebcal refreshed: candles=1790349180.0 havdalah=1790439720.0
2026-09-24 02:37:40 [INFO] shabbat_detector.cycle_analyzer: Elevator idle 600s - resetting cycle (was in _Phase.LEG_ONE)
2026-09-24 02:40:08 [INFO] shabbat_detector.cycle_analyzer: Cycle aborted: returned to BOTTOM without reaching TOP
2026-09-24 03:30:16 [INFO] shabbat_detector.hebcal_gate: Hebcal refreshed: candles=1790349180.0 havdalah=1790439720.0
2026-09-24 03:30:16 [INFO] shabbat_detector.cycle_analyzer: Elevator idle 3033s - resetting cycle (was in _Phase.LEG_ONE)
2026-09-24 03:32:32 [INFO] shabbat_detector.cycle_analyzer: Cycle aborted: returned to BOTTOM without reaching TOP
2026-09-24 04:02:51 [INFO] shabbat_detector.hebcal_gate: Hebcal refreshed: candles=1790349180.0 havdalah=1790439720.0
2026-09-24 04:02:51 [INFO] shabbat_detector.cycle_analyzer: Elevator idle 1846s - resetting cycle (was in _Phase.LEG_ONE)
2026-09-24 04:06:08 [INFO] shabbat_detector.cycle_analyzer: Cycle aborted: returned to BOTTOM without reaching TOP
2026-09-24 04:22:22 [INFO] shabbat_detector.schedule_windows: Schedule windows refreshed: 5 start(s), 2 end(s) (geo=294071, diaspora=True)
2026-09-24 04:29:53 [INFO] shabbat_detector.firebase_client: SSE stream connecting: https://nitzaelev-default-rtdb.europe-west1.firebasedatabase.app/elevator_configs/B.json
2026-09-24 04:31:53 [INFO] detector: Config updated remotely (keys=['AUTO_LEARN_CONFIG', 'BOTTOM_FLOOR', 'DISPLAY_NAME', 'FLOOR_WAITS', 'SHABBAT_ACTIVE', 'SHABBAT_BREAK_ACTIVE', 'SHABBAT_DETECTOR', 'SHABBAT_MODE', 'STOPPING_FLOORS', 'STOPPING_FLOORS_DOWN', 'STOPPING_FLOORS_UP', 'TIME_PASS_FLOOR', 'TIME_PER_FLOOR', 'TOP_FLOOR', 'VISIBLE_FLOORS', 'secret_key'])
2026-09-24 04:34:52 [WARNING] shabbat_detector.firebase_client: Elevator stream reconnecting in 2s
2026-09-24 04:34:54 [INFO] shabbat_detector.firebase_client: SSE stream connecting: https://nitzaelev-default-rtdb.europe-west1.firebasedatabase.app/elevators/B.json
2026-09-24 05:24:46 [INFO] shabbat_detector.hebcal_gate: Hebcal refreshed: candles=1790349180.0 havdalah=1790439720.0
2026-09-24 05:24:46 [INFO] shabbat_detector.cycle_analyzer: Elevator idle 4806s - resetting cycle (was in _Phase.LEG_ONE)
2026-09-24 05:28:24 [INFO] shabbat_detector.cycle_analyzer: Cycle aborted: returned to BOTTOM without reaching TOP
2026-09-24 06:10:11 [INFO] shabbat_detector.hebcal_gate: Hebcal refreshed: candles=1790349180.0 havdalah=1790439720.0
2026-09-24 06:10:11 [INFO] shabbat_detector.cycle_analyzer: Elevator idle 2623s - resetting cycle (was in _Phase.LEG_ONE)
2026-09-24 06:12:48 [INFO] shabbat_detector.cycle_analyzer: Cycle aborted: returned to BOTTOM without reaching TOP
2026-09-24 06:15:47 [INFO] shabbat_detector.cycle_analyzer: Cycle aborted: returned to BOTTOM without reaching TOP
2026-09-24 06:48:37 [INFO] shabbat_detector.hebcal_gate: Hebcal refreshed: candles=1790349180.0 havdalah=1790439720.0
2026-09-24 06:48:37 [INFO] shabbat_detector.cycle_analyzer: Elevator idle 2086s - resetting cycle (was in _Phase.LEG_ONE)
2026-09-24 06:51:03 [INFO] shabbat_detector.cycle_analyzer: Cycle aborted: returned to BOTTOM without reaching TOP
2026-09-24 06:56:41 [INFO] shabbat_detector.cycle_analyzer: Elevator idle 454s - resetting cycle (was in _Phase.LEG_ONE)
2026-09-24 06:57:40 [INFO] shabbat_detector.cycle_analyzer: Cycle aborted: returned to BOTTOM without reaching TOP
2026-09-24 07:25:06 [INFO] shabbat_detector.hebcal_gate: Hebcal refreshed: candles=1790349180.0 havdalah=1790439720.0
2026-09-24 07:25:06 [INFO] shabbat_detector.cycle_analyzer: Elevator idle 1672s - resetting cycle (was in _Phase.LEG_ONE)
2026-09-24 07:27:44 [INFO] shabbat_detector.cycle_analyzer: Cycle aborted: returned to BOTTOM without reaching TOP
2026-09-24 07:49:19 [INFO] shabbat_detector.hebcal_gate: Hebcal refreshed: candles=1790349180.0 havdalah=1790439720.0
2026-09-24 07:49:19 [INFO] shabbat_detector.cycle_analyzer: Elevator idle 1413s - resetting cycle (was in _Phase.LEG_ONE)
2026-09-24 07:57:24 [INFO] shabbat_detector.cycle_analyzer: Cycle aborted: returned to BOTTOM without reaching TOP
2026-09-24 08:00:42 [INFO] shabbat_detector.cycle_analyzer: Cycle aborted: returned to BOTTOM without reaching TOP
2026-09-24 08:02:21 [INFO] shabbat_detector.hebcal_gate: Hebcal refreshed: candles=1790349180.0 havdalah=1790439720.0
2026-09-24 08:07:55 [INFO] shabbat_detector.cycle_analyzer: Cycle aborted: returned to BOTTOM without reaching TOP
2026-09-24 08:10:57 [INFO] shabbat_detector.cycle_analyzer: Cycle aborted: returned to BOTTOM without reaching TOP
2026-09-24 08:12:52 [INFO] shabbat_detector.hebcal_gate: Hebcal refreshed: candles=1790349180.0 havdalah=1790439720.0
2026-09-24 08:12:52 [INFO] shabbat_detector.cycle_analyzer: Cycle aborted: returned to BOTTOM without reaching TOP
2026-09-24 08:15:10 [INFO] shabbat_detector.cycle_analyzer: Cycle aborted: returned to BOTTOM without reaching TOP
2026-09-24 08:23:48 [INFO] shabbat_detector.hebcal_gate: Hebcal refreshed: candles=1790349180.0 havdalah=1790439720.0
2026-09-24 08:23:48 [INFO] shabbat_detector.cycle_analyzer: Elevator idle 494s - resetting cycle (was in _Phase.LEG_ONE)
2026-09-24 08:38:34 [INFO] shabbat_detector.hebcal_gate: Hebcal refreshed: candles=1790349180.0 havdalah=1790439720.0
2026-09-24 08:38:34 [INFO] shabbat_detector.cycle_analyzer: Elevator idle 863s - resetting cycle (was in _Phase.LEG_ONE)
2026-09-24 08:41:50 [INFO] shabbat_detector.cycle_analyzer: Cycle aborted: returned to BOTTOM without reaching TOP
2026-09-24 08:48:23 [INFO] shabbat_detector.cycle_analyzer: Cycle aborted: returned to BOTTOM without reaching TOP
2026-09-24 08:51:01 [INFO] shabbat_detector.hebcal_gate: Hebcal refreshed: candles=1790349180.0 havdalah=1790439720.0
2026-09-24 08:54:07 [INFO] shabbat_detector.cycle_analyzer: Cycle aborted: returned to BOTTOM without reaching TOP
2026-09-24 09:00:49 [INFO] shabbat_detector.cycle_analyzer: Cycle aborted: returned to BOTTOM without reaching TOP
2026-09-24 09:11:48 [INFO] shabbat_detector.hebcal_gate: Hebcal refreshed: candles=1790349180.0 havdalah=1790439720.0
2026-09-24 09:11:48 [INFO] shabbat_detector.cycle_analyzer: Elevator idle 687s - resetting cycle (was in _Phase.LEG_ONE)
2026-09-24 09:14:51 [INFO] shabbat_detector.cycle_analyzer: Cycle complete: 126s, up_stops=['26'], down_stops=[]
2026-09-24 09:14:51 [INFO] shabbat_detector.fsm: [B] DetectorState.CANDIDATE_SHABBAT → DetectorState.NORMAL
2026-09-24 09:14:51 [INFO] detector: SHABBAT TRANSITION CANDIDATE_SHABBAT -> NORMAL (masked by override=auto, source=schedule) | סיבה: מחזור לא תאם — עצירות לא חוקיות בעלייה: ['26']; כיסוי קומות חלקי (עלייה 0%, ירידה 0%); 1 חריגות טיימינג
2026-09-24 09:18:22 [INFO] shabbat_detector.cycle_analyzer: Cycle aborted: returned to BOTTOM without reaching TOP
2026-09-24 09:18:22 [INFO] shabbat_detector.fsm: [B] DetectorState.NORMAL → DetectorState.CANDIDATE_SHABBAT
2026-09-24 09:18:22 [INFO] detector: SHABBAT TRANSITION NORMAL -> CANDIDATE_SHABBAT (masked by override=auto, source=schedule) | סיבה: מחזור אפשרי החל — ממתין להשלמה
2026-09-24 09:20:25 [INFO] shabbat_detector.cycle_analyzer: Cycle aborted: returned to BOTTOM without reaching TOP
2026-09-24 09:21:48 [INFO] shabbat_detector.hebcal_gate: Hebcal refreshed: candles=1790349180.0 havdalah=1790439720.0
2026-09-24 09:24:04 [INFO] shabbat_detector.cycle_analyzer: Cycle aborted: returned to BOTTOM without reaching TOP
2026-09-24 09:29:37 [INFO] shabbat_detector.cycle_analyzer: Elevator idle 449s - resetting cycle (was in _Phase.LEG_ONE)
2026-09-24 09:31:56 [INFO] shabbat_detector.cycle_analyzer: Cycle aborted: returned to BOTTOM without reaching TOP
2026-09-24 09:32:01 [INFO] shabbat_detector.hebcal_gate: Hebcal refreshed: candles=1790349180.0 havdalah=1790439720.0
2026-09-24 09:34:24 [INFO] shabbat_detector.cycle_analyzer: Cycle aborted: returned to BOTTOM without reaching TOP
2026-09-24 09:37:58 [INFO] shabbat_detector.cycle_analyzer: Cycle aborted: returned to BOTTOM without reaching TOP
2026-09-24 09:41:59 [INFO] shabbat_detector.hebcal_gate: Hebcal refreshed: candles=1790349180.0 havdalah=1790439720.0
2026-09-24 09:42:32 [INFO] shabbat_detector.cycle_analyzer: Cycle aborted: returned to BOTTOM without reaching TOP
2026-09-24 09:55:48 [INFO] shabbat_detector.hebcal_gate: Hebcal refreshed: candles=1790349180.0 havdalah=1790439720.0
2026-09-24 09:55:48 [INFO] shabbat_detector.cycle_analyzer: Elevator idle 823s - resetting cycle (was in _Phase.LEG_ONE)
2026-09-24 09:58:28 [INFO] shabbat_detector.cycle_analyzer: Cycle aborted: returned to BOTTOM without reaching TOP
2026-09-24 10:00:36 [INFO] shabbat_detector.cycle_analyzer: Cycle aborted: returned to BOTTOM without reaching TOP
2026-09-24 10:01:31 [INFO] shabbat_detector.cycle_analyzer: Cycle aborted: returned to BOTTOM without reaching TOP
2026-09-24 10:04:57 [INFO] shabbat_detector.cycle_analyzer: Cycle recovered (missed TOP-terminal read): 176s, up_stops=['26'], down_stops=[]
2026-09-24 10:04:57 [INFO] shabbat_detector.fsm: [B] DetectorState.CANDIDATE_SHABBAT → DetectorState.NORMAL
2026-09-24 10:04:57 [INFO] detector: SHABBAT TRANSITION CANDIDATE_SHABBAT -> NORMAL (masked by override=auto, source=schedule) | סיבה: מחזור לא תאם — עצירות לא חוקיות בעלייה: ['26']; כיסוי קומות חלקי (עלייה 0%, ירידה 0%); 1 חריגות טיימינג
2026-09-24 10:05:48 [INFO] shabbat_detector.hebcal_gate: Hebcal refreshed: candles=1790349180.0 havdalah=1790439720.0
2026-09-24 10:08:04 [INFO] shabbat_detector.cycle_analyzer: Cycle aborted: returned to BOTTOM without reaching TOP
2026-09-24 10:08:04 [INFO] shabbat_detector.fsm: [B] DetectorState.NORMAL → DetectorState.CANDIDATE_SHABBAT
2026-09-24 10:08:04 [INFO] detector: SHABBAT TRANSITION NORMAL -> CANDIDATE_SHABBAT (masked by override=auto, source=schedule) | סיבה: מחזור אפשרי החל — ממתין להשלמה
2026-09-24 10:11:53 [INFO] shabbat_detector.cycle_analyzer: Cycle aborted: returned to BOTTOM without reaching TOP
2026-09-24 10:16:42 [INFO] shabbat_detector.cycle_analyzer: Cycle complete: 259s, up_stops=['25'], down_stops=['2']
2026-09-24 10:16:42 [INFO] shabbat_detector.fsm: [B] DetectorState.CANDIDATE_SHABBAT → DetectorState.NORMAL
2026-09-24 10:16:42 [INFO] detector: SHABBAT TRANSITION CANDIDATE_SHABBAT -> NORMAL (masked by override=auto, source=schedule) | סיבה: מחזור לא תאם — עצירות לא חוקיות בירידה: ['2']; כיסוי קומות חלקי (עלייה 14%, ירידה 0%); 2 חריגות טיימינג
2026-09-24 10:17:11 [INFO] shabbat_detector.hebcal_gate: Hebcal refreshed: candles=1790349180.0 havdalah=1790439720.0
2026-09-24 10:18:41 [INFO] shabbat_detector.cycle_analyzer: Cycle aborted: returned to BOTTOM without reaching TOP
2026-09-24 10:18:41 [INFO] shabbat_detector.fsm: [B] DetectorState.NORMAL → DetectorState.CANDIDATE_SHABBAT
2026-09-24 10:18:41 [INFO] detector: SHABBAT TRANSITION NORMAL -> CANDIDATE_SHABBAT (masked by override=auto, source=schedule) | סיבה: מחזור אפשרי החל — ממתין להשלמה
2026-09-24 10:21:05 [INFO] shabbat_detector.cycle_analyzer: Cycle aborted: returned to BOTTOM without reaching TOP
2026-09-24 10:22:23 [INFO] shabbat_detector.schedule_windows: Schedule windows refreshed: 5 start(s), 2 end(s) (geo=294071, diaspora=True)
2026-09-24 10:28:42 [INFO] shabbat_detector.cycle_analyzer: Cycle complete: 337s, up_stops=['22'], down_stops=[]
2026-09-24 10:28:42 [INFO] shabbat_detector.fsm: [B] DetectorState.CANDIDATE_SHABBAT → DetectorState.NORMAL
2026-09-24 10:28:42 [INFO] detector: SHABBAT TRANSITION CANDIDATE_SHABBAT -> NORMAL (masked by override=auto, source=schedule) | סיבה: מחזור לא תאם — עצירות לא חוקיות בעלייה: ['22']; כיסוי קומות חלקי (עלייה 0%, ירידה 0%); 1 חריגות טיימינג
2026-09-24 10:29:50 [INFO] shabbat_detector.hebcal_gate: Hebcal refreshed: candles=1790349180.0 havdalah=1790439720.0
2026-09-24 10:32:09 [INFO] shabbat_detector.cycle_analyzer: Cycle aborted: returned to BOTTOM without reaching TOP
2026-09-24 10:32:09 [INFO] shabbat_detector.fsm: [B] DetectorState.NORMAL → DetectorState.CANDIDATE_SHABBAT
2026-09-24 10:32:09 [INFO] detector: SHABBAT TRANSITION NORMAL -> CANDIDATE_SHABBAT (masked by override=auto, source=schedule) | סיבה: מחזור אפשרי החל — ממתין להשלמה
2026-09-24 10:36:15 [INFO] shabbat_detector.cycle_analyzer: Cycle aborted: returned to BOTTOM without reaching TOP
2026-09-24 10:42:56 [INFO] shabbat_detector.hebcal_gate: Hebcal refreshed: candles=1790349180.0 havdalah=1790439720.0
2026-09-24 10:42:56 [INFO] shabbat_detector.cycle_analyzer: Elevator idle 427s - resetting cycle (was in _Phase.LEG_ONE)
2026-09-24 10:44:42 [INFO] shabbat_detector.cycle_analyzer: Cycle aborted: returned to BOTTOM without reaching TOP
2026-09-24 10:52:42 [INFO] shabbat_detector.cycle_analyzer: Elevator idle 536s - resetting cycle (was in _Phase.LEG_ONE)
2026-09-24 10:53:09 [INFO] shabbat_detector.hebcal_gate: Hebcal refreshed: candles=1790349180.0 havdalah=1790439720.0
2026-09-24 10:53:46 [INFO] shabbat_detector.cycle_analyzer: Cycle aborted: returned to BOTTOM without reaching TOP
2026-09-24 10:55:14 [INFO] shabbat_detector.cycle_analyzer: Cycle aborted: returned to BOTTOM without reaching TOP
2026-09-24 10:58:00 [INFO] shabbat_detector.cycle_analyzer: Cycle aborted: returned to BOTTOM without reaching TOP
2026-09-24 11:01:10 [INFO] shabbat_detector.cycle_analyzer: Cycle aborted: returned to BOTTOM without reaching TOP
2026-09-24 11:03:33 [INFO] shabbat_detector.cycle_analyzer: Cycle aborted: returned to BOTTOM without reaching TOP
2026-09-24 11:05:50 [INFO] shabbat_detector.hebcal_gate: Hebcal refreshed: candles=1790349180.0 havdalah=1790439720.0
2026-09-24 11:07:41 [INFO] shabbat_detector.cycle_analyzer: Cycle aborted: returned to BOTTOM without reaching TOP
2026-09-24 11:16:23 [INFO] shabbat_detector.hebcal_gate: Hebcal refreshed: candles=1790349180.0 havdalah=1790439720.0
2026-09-24 11:16:23 [INFO] shabbat_detector.cycle_analyzer: Elevator idle 609s - resetting cycle (was in _Phase.LEG_ONE)
2026-09-24 11:18:36 [INFO] shabbat_detector.cycle_analyzer: Cycle aborted: returned to BOTTOM without reaching TOP
2026-09-24 11:21:04 [INFO] shabbat_detector.cycle_analyzer: Cycle aborted: returned to BOTTOM without reaching TOP
2026-09-24 11:25:25 [INFO] shabbat_detector.cycle_analyzer: Cycle aborted: returned to BOTTOM without reaching TOP
2026-09-24 11:26:24 [INFO] shabbat_detector.hebcal_gate: Hebcal refreshed: candles=1790349180.0 havdalah=1790439720.0
2026-09-24 11:28:23 [INFO] shabbat_detector.cycle_analyzer: Cycle aborted: returned to BOTTOM without reaching TOP
2026-09-24 11:31:21 [INFO] shabbat_detector.cycle_analyzer: Cycle aborted: returned to BOTTOM without reaching TOP
2026-09-24 11:35:01 [INFO] shabbat_detector.cycle_analyzer: Cycle aborted: returned to BOTTOM without reaching TOP
2026-09-24 11:36:28 [INFO] shabbat_detector.hebcal_gate: Hebcal refreshed: candles=1790349180.0 havdalah=1790439720.0
2026-09-24 11:38:23 [INFO] shabbat_detector.cycle_analyzer: Cycle aborted: returned to BOTTOM without reaching TOP
2026-09-24 11:43:02 [INFO] shabbat_detector.cycle_analyzer: Cycle aborted: returned to BOTTOM without reaching TOP
2026-09-24 11:45:13 [INFO] shabbat_detector.cycle_analyzer: Cycle aborted: returned to BOTTOM without reaching TOP
2026-09-24 11:46:12 [INFO] shabbat_detector.cycle_analyzer: Cycle aborted: returned to BOTTOM without reaching TOP
2026-09-24 11:46:36 [INFO] shabbat_detector.hebcal_gate: Hebcal refreshed: candles=1790349180.0 havdalah=1790439720.0
2026-09-24 11:49:21 [INFO] shabbat_detector.cycle_analyzer: Cycle aborted: returned to BOTTOM without reaching TOP
2026-09-24 11:52:58 [INFO] shabbat_detector.cycle_analyzer: Cycle aborted: returned to BOTTOM without reaching TOP
2026-09-24 11:57:06 [INFO] shabbat_detector.hebcal_gate: Hebcal refreshed: candles=1790349180.0 havdalah=1790439720.0
2026-09-24 11:57:06 [INFO] shabbat_detector.cycle_analyzer: Cycle aborted: returned to BOTTOM without reaching TOP
2026-09-24 12:03:36 [INFO] shabbat_detector.cycle_analyzer: Cycle aborted: returned to BOTTOM without reaching TOP
2026-09-24 12:06:55 [INFO] shabbat_detector.hebcal_gate: Hebcal refreshed: candles=1790349180.0 havdalah=1790439720.0
2026-09-24 12:09:11 [INFO] shabbat_detector.cycle_analyzer: Cycle aborted: returned to BOTTOM without reaching TOP
2026-09-24 12:12:35 [INFO] shabbat_detector.cycle_analyzer: Cycle aborted: returned to BOTTOM without reaching TOP
2026-09-24 12:17:07 [INFO] shabbat_detector.hebcal_gate: Hebcal refreshed: candles=1790349180.0 havdalah=1790439720.0
2026-09-24 12:19:23 [INFO] shabbat_detector.cycle_analyzer: Cycle aborted: returned to BOTTOM without reaching TOP
2026-09-24 12:30:31 [INFO] shabbat_detector.hebcal_gate: Hebcal refreshed: candles=1790349180.0 havdalah=1790439720.0
2026-09-24 12:30:31 [INFO] shabbat_detector.cycle_analyzer: Elevator idle 786s - resetting cycle (was in _Phase.LEG_ONE)
2026-09-24 12:33:31 [INFO] shabbat_detector.cycle_analyzer: Cycle aborted: returned to BOTTOM without reaching TOP
2026-09-24 12:39:09 [INFO] shabbat_detector.cycle_analyzer: Elevator idle 456s - resetting cycle (was in _Phase.LEG_ONE)
2026-09-24 12:47:07 [INFO] shabbat_detector.hebcal_gate: Hebcal refreshed: candles=1790349180.0 havdalah=1790439720.0
2026-09-24 12:47:07 [INFO] shabbat_detector.cycle_analyzer: Elevator idle 438s - resetting cycle (was in _Phase.LEG_ONE)
2026-09-24 12:49:55 [INFO] shabbat_detector.cycle_analyzer: Cycle aborted: returned to BOTTOM without reaching TOP
2026-09-24 13:02:55 [INFO] shabbat_detector.hebcal_gate: Hebcal refreshed: candles=1790349180.0 havdalah=1790439720.0
2026-09-24 13:02:55 [INFO] shabbat_detector.cycle_analyzer: Elevator idle 807s - resetting cycle (was in _Phase.LEG_ONE)
2026-09-24 13:05:46 [INFO] shabbat_detector.cycle_analyzer: Cycle aborted: returned to BOTTOM without reaching TOP
2026-09-24 13:10:38 [INFO] shabbat_detector.cycle_analyzer: Cycle aborted: returned to BOTTOM without reaching TOP
2026-09-24 13:13:05 [INFO] shabbat_detector.hebcal_gate: Hebcal refreshed: candles=1790349180.0 havdalah=1790439720.0
2026-09-24 13:14:46 [INFO] shabbat_detector.cycle_analyzer: Cycle complete: 259s, up_stops=[], down_stops=['9']
2026-09-24 13:14:46 [INFO] shabbat_detector.fsm: [B] DetectorState.CANDIDATE_SHABBAT → DetectorState.NORMAL
2026-09-24 13:14:46 [INFO] detector: SHABBAT TRANSITION CANDIDATE_SHABBAT -> NORMAL (masked by override=auto, source=schedule) | סיבה: מחזור לא תאם — כיסוי קומות חלקי (עלייה 0%, ירידה 7%); 1 חריגות טיימינג
2026-09-24 13:19:07 [INFO] shabbat_detector.cycle_analyzer: Cycle aborted: returned to BOTTOM without reaching TOP
2026-09-24 13:19:07 [INFO] shabbat_detector.fsm: [B] DetectorState.NORMAL → DetectorState.CANDIDATE_SHABBAT
2026-09-24 13:19:07 [INFO] detector: SHABBAT TRANSITION NORMAL -> CANDIDATE_SHABBAT (masked by override=auto, source=schedule) | סיבה: מחזור אפשרי החל — ממתין להשלמה
2026-09-24 13:24:43 [INFO] shabbat_detector.hebcal_gate: Hebcal refreshed: candles=1790349180.0 havdalah=1790439720.0
2026-09-24 13:27:59 [INFO] shabbat_detector.cycle_analyzer: Cycle aborted: returned to BOTTOM without reaching TOP
2026-09-24 13:30:23 [INFO] shabbat_detector.cycle_analyzer: Cycle aborted: returned to BOTTOM without reaching TOP
2026-09-24 13:33:30 [INFO] shabbat_detector.cycle_analyzer: Cycle aborted: returned to BOTTOM without reaching TOP
2026-09-24 13:34:43 [INFO] shabbat_detector.hebcal_gate: Hebcal refreshed: candles=1790349180.0 havdalah=1790439720.0
2026-09-24 13:37:14 [INFO] shabbat_detector.cycle_analyzer: Cycle aborted: returned to BOTTOM without reaching TOP
2026-09-24 13:39:26 [INFO] shabbat_detector.cycle_analyzer: Cycle aborted: returned to BOTTOM without reaching TOP
2026-09-24 13:42:20 [INFO] shabbat_detector.cycle_analyzer: Cycle aborted: returned to BOTTOM without reaching TOP
2026-09-24 13:44:43 [INFO] shabbat_detector.hebcal_gate: Hebcal refreshed: candles=1790349180.0 havdalah=1790439720.0
2026-09-24 13:46:26 [INFO] shabbat_detector.cycle_analyzer: Cycle aborted: returned to BOTTOM without reaching TOP
2026-09-24 13:48:05 [INFO] shabbat_detector.cycle_analyzer: Cycle aborted: returned to BOTTOM without reaching TOP
2026-09-24 13:53:53 [INFO] shabbat_detector.cycle_analyzer: Cycle aborted: returned to BOTTOM without reaching TOP
2026-09-24 13:56:14 [INFO] shabbat_detector.hebcal_gate: Hebcal refreshed: candles=1790349180.0 havdalah=1790439720.0
2026-09-24 13:58:10 [INFO] shabbat_detector.cycle_analyzer: Cycle aborted: returned to BOTTOM without reaching TOP
2026-09-24 14:01:19 [INFO] shabbat_detector.cycle_analyzer: Cycle aborted: returned to BOTTOM without reaching TOP
2026-09-24 14:06:16 [INFO] shabbat_detector.hebcal_gate: Hebcal refreshed: candles=1790349180.0 havdalah=1790439720.0
2026-09-24 14:10:25 [INFO] shabbat_detector.cycle_analyzer: Cycle aborted: returned to BOTTOM without reaching TOP
2026-09-24 14:21:15 [INFO] shabbat_detector.hebcal_gate: Hebcal refreshed: candles=1790349180.0 havdalah=1790439720.0
2026-09-24 14:21:15 [INFO] shabbat_detector.cycle_analyzer: Elevator idle 769s - resetting cycle (was in _Phase.LEG_ONE)
2026-09-24 14:23:07 [INFO] shabbat_detector.cycle_analyzer: Cycle aborted: returned to BOTTOM without reaching TOP
2026-09-24 14:27:06 [INFO] shabbat_detector.cycle_analyzer: Cycle complete: 179s, up_stops=['7'], down_stops=[]
2026-09-24 14:27:06 [INFO] shabbat_detector.fsm: [B] DetectorState.CANDIDATE_SHABBAT → DetectorState.NORMAL
2026-09-24 14:27:06 [INFO] detector: SHABBAT TRANSITION CANDIDATE_SHABBAT -> NORMAL (masked by override=auto, source=schedule) | סיבה: מחזור לא תאם — עצירות לא חוקיות בעלייה: ['7']; כיסוי קומות חלקי (עלייה 0%, ירידה 0%); 1 חריגות טיימינג
2026-09-24 14:28:13 [INFO] shabbat_detector.cycle_analyzer: Cycle aborted: returned to BOTTOM without reaching TOP
2026-09-24 14:28:13 [INFO] shabbat_detector.fsm: [B] DetectorState.NORMAL → DetectorState.CANDIDATE_SHABBAT
2026-09-24 14:28:13 [INFO] detector: SHABBAT TRANSITION NORMAL -> CANDIDATE_SHABBAT (masked by override=auto, source=schedule) | סיבה: מחזור אפשרי החל — ממתין להשלמה
2026-09-24 14:29:17 [INFO] shabbat_detector.cycle_analyzer: Cycle aborted: returned to BOTTOM without reaching TOP
2026-09-24 14:31:11 [INFO] shabbat_detector.cycle_analyzer: Cycle aborted: returned to BOTTOM without reaching TOP
2026-09-24 14:31:16 [INFO] shabbat_detector.hebcal_gate: Hebcal refreshed: candles=1790349180.0 havdalah=1790439720.0
2026-09-24 14:33:27 [INFO] shabbat_detector.cycle_analyzer: Cycle aborted: returned to BOTTOM without reaching TOP
2026-09-24 14:35:22 [INFO] shabbat_detector.cycle_analyzer: Cycle aborted: returned to BOTTOM without reaching TOP
2026-09-24 14:36:52 [INFO] shabbat_detector.cycle_analyzer: Cycle aborted: returned to BOTTOM without reaching TOP
2026-09-24 14:38:32 [INFO] shabbat_detector.cycle_analyzer: Cycle aborted: returned to BOTTOM without reaching TOP
2026-09-24 14:41:35 [INFO] shabbat_detector.cycle_analyzer: Cycle aborted: returned to BOTTOM without reaching TOP
2026-09-24 14:46:00 [INFO] shabbat_detector.hebcal_gate: Hebcal refreshed: candles=1790349180.0 havdalah=1790439720.0
2026-09-24 14:50:04 [INFO] shabbat_detector.cycle_analyzer: Cycle aborted: returned to BOTTOM without reaching TOP
2026-09-24 14:56:54 [INFO] shabbat_detector.hebcal_gate: Hebcal refreshed: candles=1790349180.0 havdalah=1790439720.0
2026-09-24 14:56:54 [INFO] shabbat_detector.cycle_analyzer: Elevator idle 528s - resetting cycle (was in _Phase.LEG_ONE)
2026-09-24 14:58:27 [INFO] shabbat_detector.cycle_analyzer: Cycle aborted: returned to BOTTOM without reaching TOP
2026-09-24 15:05:08 [INFO] shabbat_detector.cycle_analyzer: Cycle aborted: returned to BOTTOM without reaching TOP
2026-09-24 15:20:13 [INFO] shabbat_detector.hebcal_gate: Hebcal refreshed: candles=1790349180.0 havdalah=1790439720.0
2026-09-24 15:20:13 [INFO] shabbat_detector.cycle_analyzer: Elevator idle 963s - resetting cycle (was in _Phase.LEG_ONE)
2026-09-24 15:29:17 [INFO] shabbat_detector.cycle_analyzer: Elevator idle 495s - resetting cycle (was in _Phase.LEG_ONE)
2026-09-24 15:44:22 [INFO] shabbat_detector.hebcal_gate: Hebcal refreshed: candles=1790349180.0 havdalah=1790439720.0
2026-09-24 15:44:22 [INFO] shabbat_detector.cycle_analyzer: Elevator idle 856s - resetting cycle (was in _Phase.LEG_ONE)
2026-09-24 15:46:29 [INFO] shabbat_detector.cycle_analyzer: Cycle aborted: returned to BOTTOM without reaching TOP
2026-09-24 15:59:35 [INFO] shabbat_detector.hebcal_gate: Hebcal refreshed: candles=1790349180.0 havdalah=1790439720.0
2026-09-24 15:59:35 [INFO] shabbat_detector.cycle_analyzer: Elevator idle 844s - resetting cycle (was in _Phase.LEG_ONE)
2026-09-24 16:01:13 [INFO] shabbat_detector.cycle_analyzer: Cycle aborted: returned to BOTTOM without reaching TOP
2026-09-24 16:06:04 [INFO] shabbat_detector.cycle_analyzer: Cycle aborted: returned to BOTTOM without reaching TOP
2026-09-24 16:13:53 [INFO] shabbat_detector.hebcal_gate: Hebcal refreshed: candles=1790349180.0 havdalah=1790439720.0
2026-09-24 16:13:53 [INFO] shabbat_detector.cycle_analyzer: Elevator idle 494s - resetting cycle (was in _Phase.LEG_ONE)
2026-09-24 16:16:08 [INFO] shabbat_detector.cycle_analyzer: Cycle aborted: returned to BOTTOM without reaching TOP
2026-09-24 16:17:59 [INFO] shabbat_detector.cycle_analyzer: Cycle aborted: returned to BOTTOM without reaching TOP
2026-09-24 16:20:24 [INFO] shabbat_detector.cycle_analyzer: Cycle aborted: returned to BOTTOM without reaching TOP
2026-09-24 16:22:24 [INFO] shabbat_detector.schedule_windows: Schedule windows refreshed: 5 start(s), 2 end(s) (geo=294071, diaspora=True)
2026-09-24 16:24:13 [INFO] shabbat_detector.cycle_analyzer: Cycle aborted: returned to BOTTOM without reaching TOP
2026-09-24 16:25:26 [INFO] shabbat_detector.hebcal_gate: Hebcal refreshed: candles=1790349180.0 havdalah=1790439720.0
2026-09-24 16:32:29 [INFO] shabbat_detector.cycle_analyzer: Cycle aborted: returned to BOTTOM without reaching TOP
2026-09-24 16:51:45 [INFO] shabbat_detector.hebcal_gate: Hebcal refreshed: candles=1790349180.0 havdalah=1790439720.0
2026-09-24 16:51:45 [INFO] shabbat_detector.cycle_analyzer: Elevator idle 1183s - resetting cycle (was in _Phase.LEG_ONE)
2026-09-24 16:54:22 [INFO] shabbat_detector.cycle_analyzer: Cycle aborted: returned to BOTTOM without reaching TOP
2026-09-24 16:57:21 [INFO] shabbat_detector.cycle_analyzer: Cycle aborted: returned to BOTTOM without reaching TOP
2026-09-24 16:58:49 [INFO] shabbat_detector.cycle_analyzer: Cycle aborted: returned to BOTTOM without reaching TOP
2026-09-24 17:01:39 [INFO] shabbat_detector.cycle_analyzer: Cycle aborted: returned to BOTTOM without reaching TOP
2026-09-24 17:02:25 [INFO] shabbat_detector.hebcal_gate: Hebcal refreshed: candles=1790349180.0 havdalah=1790439720.0
2026-09-24 17:10:40 [INFO] shabbat_detector.cycle_analyzer: Cycle aborted: returned to BOTTOM without reaching TOP
2026-09-24 17:12:25 [INFO] shabbat_detector.hebcal_gate: Hebcal refreshed: candles=1790349180.0 havdalah=1790439720.0
2026-09-24 17:13:00 [INFO] shabbat_detector.cycle_analyzer: Cycle aborted: returned to BOTTOM without reaching TOP
2026-09-24 17:15:52 [INFO] shabbat_detector.cycle_analyzer: Cycle aborted: returned to BOTTOM without reaching TOP
2026-09-24 17:17:12 [INFO] shabbat_detector.cycle_analyzer: Cycle aborted: returned to BOTTOM without reaching TOP
2026-09-24 17:18:14 [INFO] shabbat_detector.cycle_analyzer: Cycle aborted: returned to BOTTOM without reaching TOP
2026-09-24 17:23:46 [INFO] shabbat_detector.cycle_analyzer: Cycle aborted: returned to BOTTOM without reaching TOP
2026-09-24 17:24:39 [INFO] shabbat_detector.hebcal_gate: Hebcal refreshed: candles=1790349180.0 havdalah=1790439720.0
2026-09-24 17:30:41 [INFO] shabbat_detector.cycle_analyzer: Cycle aborted: returned to BOTTOM without reaching TOP
2026-09-24 17:34:38 [INFO] shabbat_detector.hebcal_gate: Hebcal refreshed: candles=1790349180.0 havdalah=1790439720.0
2026-09-24 17:37:47 [INFO] shabbat_detector.cycle_analyzer: Cycle aborted: returned to BOTTOM without reaching TOP
2026-09-24 17:45:50 [INFO] shabbat_detector.hebcal_gate: Hebcal refreshed: candles=1790349180.0 havdalah=1790439720.0
2026-09-24 17:45:50 [INFO] shabbat_detector.cycle_analyzer: Elevator idle 598s - resetting cycle (was in _Phase.LEG_ONE)
2026-09-24 17:49:05 [INFO] shabbat_detector.cycle_analyzer: Cycle aborted: returned to BOTTOM without reaching TOP
2026-09-24 17:51:48 [INFO] shabbat_detector.cycle_analyzer: Cycle aborted: returned to BOTTOM without reaching TOP
2026-09-24 17:54:09 [INFO] shabbat_detector.cycle_analyzer: Cycle aborted: returned to BOTTOM without reaching TOP
2026-09-24 17:55:30 [INFO] shabbat_detector.cycle_analyzer: Cycle aborted: returned to BOTTOM without reaching TOP
2026-09-24 17:55:49 [INFO] shabbat_detector.hebcal_gate: Hebcal refreshed: candles=1790349180.0 havdalah=1790439720.0
2026-09-24 17:59:00 [INFO] shabbat_detector.cycle_analyzer: Cycle aborted: returned to BOTTOM without reaching TOP
2026-09-24 18:03:59 [INFO] shabbat_detector.cycle_analyzer: Cycle aborted: returned to BOTTOM without reaching TOP
2026-09-24 18:07:30 [INFO] shabbat_detector.hebcal_gate: Hebcal refreshed: candles=1790349180.0 havdalah=1790439720.0
2026-09-24 18:09:09 [INFO] shabbat_detector.cycle_analyzer: Cycle aborted: returned to BOTTOM without reaching TOP
2026-09-24 18:14:04 [INFO] shabbat_detector.cycle_analyzer: Cycle aborted: returned to BOTTOM without reaching TOP
2026-09-24 18:14:59 [INFO] shabbat_detector.cycle_analyzer: Cycle aborted: returned to BOTTOM without reaching TOP
2026-09-24 18:18:24 [INFO] shabbat_detector.cycle_analyzer: Cycle aborted: returned to BOTTOM without reaching TOP
2026-09-24 18:18:42 [INFO] shabbat_detector.hebcal_gate: Hebcal refreshed: candles=1790349180.0 havdalah=1790439720.0
2026-09-24 18:21:20 [INFO] shabbat_detector.cycle_analyzer: Cycle aborted: returned to BOTTOM without reaching TOP
2026-09-24 18:26:21 [INFO] shabbat_detector.cycle_analyzer: Cycle aborted: returned to BOTTOM without reaching TOP
2026-09-24 18:28:34 [INFO] shabbat_detector.cycle_analyzer: Cycle aborted: returned to BOTTOM without reaching TOP
2026-09-24 18:29:37 [INFO] shabbat_detector.cycle_analyzer: Cycle aborted: returned to BOTTOM without reaching TOP
2026-09-24 18:29:39 [INFO] shabbat_detector.hebcal_gate: Hebcal refreshed: candles=1790349180.0 havdalah=1790439720.0
2026-09-24 18:33:11 [INFO] shabbat_detector.cycle_analyzer: Cycle aborted: returned to BOTTOM without reaching TOP
2026-09-24 18:39:14 [INFO] shabbat_detector.cycle_analyzer: Elevator idle 451s - resetting cycle (was in _Phase.LEG_ONE)
2026-09-24 18:40:02 [INFO] shabbat_detector.hebcal_gate: Hebcal refreshed: candles=1790349180.0 havdalah=1790439720.0
2026-09-24 18:42:06 [INFO] shabbat_detector.cycle_analyzer: Cycle aborted: returned to BOTTOM without reaching TOP
2026-09-24 18:44:25 [INFO] shabbat_detector.cycle_analyzer: Cycle aborted: returned to BOTTOM without reaching TOP
2026-09-24 18:47:22 [INFO] shabbat_detector.cycle_analyzer: Cycle aborted: returned to BOTTOM without reaching TOP
2026-09-24 18:50:02 [INFO] shabbat_detector.hebcal_gate: Hebcal refreshed: candles=1790349180.0 havdalah=1790439720.0
2026-09-24 18:51:16 [INFO] shabbat_detector.cycle_analyzer: Cycle aborted: returned to BOTTOM without reaching TOP
2026-09-24 18:53:21 [INFO] shabbat_detector.cycle_analyzer: Cycle aborted: returned to BOTTOM without reaching TOP
2026-09-24 18:54:57 [INFO] shabbat_detector.cycle_analyzer: Cycle aborted: returned to BOTTOM without reaching TOP
2026-09-24 18:57:20 [INFO] shabbat_detector.cycle_analyzer: Cycle aborted: returned to BOTTOM without reaching TOP
2026-09-24 19:00:36 [INFO] shabbat_detector.hebcal_gate: Hebcal refreshed: candles=1790349180.0 havdalah=1790439720.0
2026-09-24 19:03:57 [INFO] shabbat_detector.cycle_analyzer: Cycle aborted: returned to BOTTOM without reaching TOP
2026-09-24 19:05:04 [INFO] shabbat_detector.cycle_analyzer: Cycle aborted: returned to BOTTOM without reaching TOP
2026-09-24 19:07:35 [INFO] shabbat_detector.cycle_analyzer: Cycle aborted: returned to BOTTOM without reaching TOP
2026-09-24 19:10:42 [INFO] shabbat_detector.cycle_analyzer: Cycle aborted: returned to BOTTOM without reaching TOP
2026-09-24 19:10:44 [INFO] shabbat_detector.hebcal_gate: Hebcal refreshed: candles=1790349180.0 havdalah=1790439720.0
2026-09-24 19:19:36 [INFO] shabbat_detector.cycle_analyzer: Cycle aborted: returned to BOTTOM without reaching TOP
2026-09-24 19:23:49 [INFO] shabbat_detector.hebcal_gate: Hebcal refreshed: candles=1790349180.0 havdalah=1790439720.0
2026-09-24 19:26:25 [INFO] shabbat_detector.cycle_analyzer: Cycle aborted: returned to BOTTOM without reaching TOP
2026-09-24 19:31:19 [INFO] shabbat_detector.cycle_analyzer: Cycle aborted: returned to BOTTOM without reaching TOP
2026-09-24 19:37:04 [INFO] shabbat_detector.hebcal_gate: Hebcal refreshed: candles=1790349180.0 havdalah=1790439720.0
2026-09-24 19:37:04 [INFO] shabbat_detector.cycle_analyzer: Elevator idle 431s - resetting cycle (was in _Phase.LEG_ONE)
2026-09-24 19:38:55 [INFO] shabbat_detector.cycle_analyzer: Cycle aborted: returned to BOTTOM without reaching TOP
2026-09-24 19:43:06 [INFO] shabbat_detector.cycle_analyzer: Cycle aborted: returned to BOTTOM without reaching TOP
2026-09-24 19:47:02 [INFO] shabbat_detector.cycle_analyzer: Cycle aborted: returned to BOTTOM without reaching TOP
2026-09-24 19:53:41 [INFO] shabbat_detector.hebcal_gate: Hebcal refreshed: candles=1790349180.0 havdalah=1790439720.0
2026-09-24 19:53:41 [INFO] shabbat_detector.cycle_analyzer: Elevator idle 435s - resetting cycle (was in _Phase.LEG_ONE)
2026-09-24 19:53:41 [INFO] shabbat_detector.cycle_analyzer: Cycle aborted: returned to BOTTOM without reaching TOP
2026-09-24 19:59:23 [INFO] shabbat_detector.cycle_analyzer: Cycle aborted: returned to BOTTOM without reaching TOP
2026-09-24 20:01:53 [INFO] shabbat_detector.cycle_analyzer: Cycle aborted: returned to BOTTOM without reaching TOP
2026-09-24 20:03:58 [INFO] shabbat_detector.hebcal_gate: Hebcal refreshed: candles=1790349180.0 havdalah=1790439720.0
2026-09-24 20:06:29 [INFO] shabbat_detector.cycle_analyzer: Cycle aborted: returned to BOTTOM without reaching TOP
2026-09-24 20:08:19 [INFO] shabbat_detector.cycle_analyzer: Cycle aborted: returned to BOTTOM without reaching TOP
2026-09-24 20:22:14 [INFO] shabbat_detector.hebcal_gate: Hebcal refreshed: candles=1790349180.0 havdalah=1790439720.0
2026-09-24 20:22:14 [INFO] shabbat_detector.cycle_analyzer: Elevator idle 860s - resetting cycle (was in _Phase.LEG_ONE)
2026-09-24 20:23:37 [INFO] shabbat_detector.cycle_analyzer: Cycle aborted: returned to BOTTOM without reaching TOP
2026-09-24 20:30:33 [INFO] shabbat_detector.cycle_analyzer: Cycle aborted: returned to BOTTOM without reaching TOP
2026-09-24 20:32:22 [INFO] shabbat_detector.cycle_analyzer: Cycle aborted: returned to BOTTOM without reaching TOP
2026-09-24 20:32:24 [INFO] shabbat_detector.hebcal_gate: Hebcal refreshed: candles=1790349180.0 havdalah=1790439720.0
2026-09-24 20:36:18 [INFO] shabbat_detector.cycle_analyzer: Cycle aborted: returned to BOTTOM without reaching TOP
2026-09-24 20:39:14 [INFO] shabbat_detector.cycle_analyzer: Cycle aborted: returned to BOTTOM without reaching TOP
2026-09-24 20:42:42 [INFO] shabbat_detector.cycle_analyzer: Cycle aborted: returned to BOTTOM without reaching TOP
2026-09-24 20:54:01 [INFO] shabbat_detector.hebcal_gate: Hebcal refreshed: candles=1790349180.0 havdalah=1790439720.0
2026-09-24 20:54:01 [INFO] shabbat_detector.cycle_analyzer: Elevator idle 736s - resetting cycle (was in _Phase.LEG_ONE)
2026-09-24 21:01:41 [INFO] shabbat_detector.cycle_analyzer: Elevator idle 430s - resetting cycle (was in _Phase.LEG_ONE)
2026-09-24 21:04:13 [INFO] shabbat_detector.hebcal_gate: Hebcal refreshed: candles=1790349180.0 havdalah=1790439720.0
2026-09-24 21:06:20 [INFO] shabbat_detector.cycle_analyzer: Cycle aborted: returned to BOTTOM without reaching TOP
2026-09-24 21:10:56 [INFO] shabbat_detector.cycle_analyzer: Cycle aborted: returned to BOTTOM without reaching TOP
2026-09-24 21:13:16 [INFO] shabbat_detector.cycle_analyzer: Cycle aborted: returned to BOTTOM without reaching TOP
2026-09-24 21:15:42 [INFO] shabbat_detector.hebcal_gate: Hebcal refreshed: candles=1790349180.0 havdalah=1790439720.0
2026-09-24 21:15:42 [INFO] shabbat_detector.cycle_analyzer: Cycle aborted: returned to BOTTOM without reaching TOP
2026-09-24 21:17:49 [INFO] shabbat_detector.cycle_analyzer: Cycle aborted: returned to BOTTOM without reaching TOP
2026-09-24 21:20:21 [INFO] shabbat_detector.cycle_analyzer: Cycle aborted: returned to BOTTOM without reaching TOP
2026-09-24 21:21:28 [INFO] shabbat_detector.cycle_analyzer: Cycle aborted: returned to BOTTOM without reaching TOP
2026-09-24 21:24:18 [INFO] shabbat_detector.hebcal_gate: Hebcal refreshed: candles=1790349180.0 havdalah=1790439720.0
2026-09-24 21:32:44 [INFO] shabbat_detector.cycle_analyzer: Elevator idle 452s - resetting cycle (was in _Phase.LEG_ONE)
2026-09-24 21:36:17 [INFO] shabbat_detector.hebcal_gate: Hebcal refreshed: candles=1790349180.0 havdalah=1790439720.0
2026-09-24 21:37:39 [INFO] shabbat_detector.cycle_analyzer: Cycle aborted: returned to BOTTOM without reaching TOP
2026-09-24 21:38:49 [INFO] shabbat_detector.cycle_analyzer: Cycle aborted: returned to BOTTOM without reaching TOP
2026-09-24 21:41:20 [INFO] shabbat_detector.cycle_analyzer: Cycle aborted: returned to BOTTOM without reaching TOP
2026-09-24 21:51:51 [INFO] shabbat_detector.hebcal_gate: Hebcal refreshed: candles=1790349180.0 havdalah=1790439720.0
2026-09-24 21:54:44 [INFO] shabbat_detector.cycle_analyzer: Cycle recovered (missed TOP-terminal read): 835s, up_stops=['26'], down_stops=['19']
2026-09-24 21:54:44 [INFO] shabbat_detector.fsm: [B] DetectorState.CANDIDATE_SHABBAT → DetectorState.NORMAL
2026-09-24 21:54:44 [INFO] detector: SHABBAT TRANSITION CANDIDATE_SHABBAT -> NORMAL (masked by override=auto, source=schedule) | סיבה: מחזור לא תאם — עצירות לא חוקיות בעלייה: ['26']; כיסוי קומות חלקי (עלייה 0%, ירידה 7%); 2 חריגות טיימינג
2026-09-24 21:58:14 [INFO] shabbat_detector.cycle_analyzer: Cycle aborted: returned to BOTTOM without reaching TOP
2026-09-24 21:58:14 [INFO] shabbat_detector.fsm: [B] DetectorState.NORMAL → DetectorState.CANDIDATE_SHABBAT
2026-09-24 21:58:14 [INFO] detector: SHABBAT TRANSITION NORMAL -> CANDIDATE_SHABBAT (masked by override=auto, source=schedule) | סיבה: מחזור אפשרי החל — ממתין להשלמה
2026-09-24 22:02:22 [INFO] shabbat_detector.hebcal_gate: Hebcal refreshed: candles=1790349180.0 havdalah=1790439720.0
2026-09-24 22:06:35 [INFO] shabbat_detector.cycle_analyzer: Cycle aborted: returned to BOTTOM without reaching TOP
2026-09-24 22:12:12 [INFO] shabbat_detector.cycle_analyzer: Cycle aborted: returned to BOTTOM without reaching TOP
2026-09-24 22:15:51 [INFO] shabbat_detector.hebcal_gate: Hebcal refreshed: candles=1790349180.0 havdalah=1790439720.0
2026-09-24 22:21:43 [INFO] shabbat_detector.cycle_analyzer: Cycle aborted: returned to BOTTOM without reaching TOP
2026-09-24 22:22:25 [INFO] shabbat_detector.schedule_windows: Schedule windows refreshed: 5 start(s), 2 end(s) (geo=294071, diaspora=True)
2026-09-24 22:25:52 [INFO] shabbat_detector.hebcal_gate: Hebcal refreshed: candles=1790349180.0 havdalah=1790439720.0
2026-09-24 22:27:29 [INFO] shabbat_detector.cycle_analyzer: Cycle aborted: returned to BOTTOM without reaching TOP
2026-09-24 22:30:09 [INFO] shabbat_detector.cycle_analyzer: Cycle aborted: returned to BOTTOM without reaching TOP
2026-09-24 22:34:03 [INFO] shabbat_detector.cycle_analyzer: Cycle aborted: returned to BOTTOM without reaching TOP
2026-09-24 22:35:53 [INFO] shabbat_detector.hebcal_gate: Hebcal refreshed: candles=1790349180.0 havdalah=1790439720.0
2026-09-24 22:38:03 [INFO] shabbat_detector.cycle_analyzer: Cycle aborted: returned to BOTTOM without reaching TOP
2026-09-24 22:42:07 [INFO] shabbat_detector.cycle_analyzer: Cycle recovered (missed TOP-terminal read): 204s, up_stops=['26'], down_stops=[]
2026-09-24 22:42:07 [INFO] shabbat_detector.fsm: [B] DetectorState.CANDIDATE_SHABBAT → DetectorState.NORMAL
2026-09-24 22:42:07 [INFO] detector: SHABBAT TRANSITION CANDIDATE_SHABBAT -> NORMAL (masked by override=auto, source=schedule) | סיבה: מחזור לא תאם — עצירות לא חוקיות בעלייה: ['26']; כיסוי קומות חלקי (עלייה 0%, ירידה 0%); 1 חריגות טיימינג
2026-09-24 22:45:49 [INFO] shabbat_detector.cycle_analyzer: Cycle aborted: returned to BOTTOM without reaching TOP
2026-09-24 22:45:49 [INFO] shabbat_detector.fsm: [B] DetectorState.NORMAL → DetectorState.CANDIDATE_SHABBAT
2026-09-24 22:45:49 [INFO] detector: SHABBAT TRANSITION NORMAL -> CANDIDATE_SHABBAT (masked by override=auto, source=schedule) | סיבה: מחזור אפשרי החל — ממתין להשלמה
2026-09-24 22:46:23 [INFO] shabbat_detector.hebcal_gate: Hebcal refreshed: candles=1790349180.0 havdalah=1790439720.0
2026-09-24 22:48:39 [INFO] shabbat_detector.cycle_analyzer: Cycle aborted: returned to BOTTOM without reaching TOP
2026-09-24 22:51:49 [INFO] shabbat_detector.cycle_analyzer: Cycle aborted: returned to BOTTOM without reaching TOP
2026-09-24 22:57:10 [INFO] shabbat_detector.cycle_analyzer: Cycle recovered (missed TOP-terminal read): 291s, up_stops=['25', '26'], down_stops=['18', '6']
2026-09-24 22:57:10 [INFO] shabbat_detector.fsm: [B] DetectorState.CANDIDATE_SHABBAT → DetectorState.NORMAL
2026-09-24 22:57:10 [INFO] detector: SHABBAT TRANSITION CANDIDATE_SHABBAT -> NORMAL (masked by override=auto, source=schedule) | סיבה: מחזור לא תאם — עצירות לא חוקיות בעלייה: ['26']; עצירות לא חוקיות בירידה: ['6']; כיסוי קומות חלקי (עלייה 14%, ירידה 7%); 4 חריגות טיימינג
2026-09-24 23:10:26 [INFO] shabbat_detector.hebcal_gate: Hebcal refreshed: candles=1790349180.0 havdalah=1790439720.0
2026-09-24 23:10:27 [INFO] shabbat_detector.cycle_analyzer: Elevator idle 915s - resetting cycle (was in _Phase.LEG_ONE)
2026-09-24 23:12:59 [INFO] shabbat_detector.cycle_analyzer: Cycle aborted: returned to BOTTOM without reaching TOP
2026-09-24 23:12:59 [INFO] shabbat_detector.fsm: [B] DetectorState.NORMAL → DetectorState.CANDIDATE_SHABBAT
2026-09-24 23:12:59 [INFO] detector: SHABBAT TRANSITION NORMAL -> CANDIDATE_SHABBAT (masked by override=auto, source=schedule) | סיבה: מחזור אפשרי החל — ממתין להשלמה
2026-09-24 23:18:17 [INFO] shabbat_detector.cycle_analyzer: Cycle aborted: returned to BOTTOM without reaching TOP
2026-09-24 23:22:52 [INFO] shabbat_detector.hebcal_gate: Hebcal refreshed: candles=1790349180.0 havdalah=1790439720.0
2026-09-24 23:29:16 [INFO] shabbat_detector.cycle_analyzer: Cycle aborted: returned to BOTTOM without reaching TOP
2026-09-24 23:32:11 [INFO] shabbat_detector.cycle_analyzer: Cycle aborted: returned to BOTTOM without reaching TOP
2026-09-24 23:32:54 [INFO] shabbat_detector.hebcal_gate: Hebcal refreshed: candles=1790349180.0 havdalah=1790439720.0
2026-09-24 23:35:00 [INFO] shabbat_detector.cycle_analyzer: Cycle aborted: returned to BOTTOM without reaching TOP
2026-09-24 23:36:54 [INFO] shabbat_detector.cycle_analyzer: Cycle aborted: returned to BOTTOM without reaching TOP
2026-09-24 23:37:56 [INFO] shabbat_detector.cycle_analyzer: Cycle aborted: returned to BOTTOM without reaching TOP
2026-09-24 23:39:28 [INFO] shabbat_detector.cycle_analyzer: Cycle aborted: returned to BOTTOM without reaching TOP
2026-09-24 23:40:07 [INFO] shabbat_detector.cycle_analyzer: Cycle aborted: returned to BOTTOM without reaching TOP
2026-09-24 23:44:04 [INFO] shabbat_detector.cycle_analyzer: Cycle aborted: returned to BOTTOM without reaching TOP
2026-09-24 23:45:33 [INFO] shabbat_detector.hebcal_gate: Hebcal refreshed: candles=1790349180.0 havdalah=1790439720.0
2026-09-24 23:48:21 [INFO] shabbat_detector.cycle_analyzer: Cycle aborted: returned to BOTTOM without reaching TOP
2026-09-24 23:53:30 [INFO] shabbat_detector.cycle_analyzer: Cycle aborted: returned to BOTTOM without reaching TOP
2026-09-24 23:55:33 [INFO] shabbat_detector.hebcal_gate: Hebcal refreshed: candles=1790349180.0 havdalah=1790439720.0
2026-09-24 23:56:47 [INFO] shabbat_detector.cycle_analyzer: Cycle aborted: returned to BOTTOM without reaching TOP
2026-09-25 00:01:11 [INFO] shabbat_detector.cycle_analyzer: Cycle aborted: returned to BOTTOM without reaching TOP
2026-09-25 00:05:52 [INFO] shabbat_detector.hebcal_gate: Hebcal refreshed: candles=1790349180.0 havdalah=1790439720.0
2026-09-25 00:07:38 [INFO] shabbat_detector.cycle_analyzer: Cycle aborted: returned to BOTTOM without reaching TOP
2026-09-25 00:18:46 [INFO] shabbat_detector.hebcal_gate: Hebcal refreshed: candles=1790349180.0 havdalah=1790439720.0
2026-09-25 00:18:46 [INFO] shabbat_detector.cycle_analyzer: Elevator idle 756s - resetting cycle (was in _Phase.LEG_ONE)
2026-09-25 00:22:25 [INFO] shabbat_detector.cycle_analyzer: Cycle aborted: returned to BOTTOM without reaching TOP
2026-09-25 00:28:45 [INFO] shabbat_detector.cycle_analyzer: Cycle aborted: returned to BOTTOM without reaching TOP
2026-09-25 00:30:52 [INFO] shabbat_detector.hebcal_gate: Hebcal refreshed: candles=1790349180.0 havdalah=1790439720.0
2026-09-25 00:33:21 [INFO] shabbat_detector.cycle_analyzer: Cycle aborted: returned to BOTTOM without reaching TOP
2026-09-25 00:35:53 [INFO] shabbat_detector.cycle_analyzer: Cycle aborted: returned to BOTTOM without reaching TOP
2026-09-25 00:41:25 [INFO] shabbat_detector.hebcal_gate: Hebcal refreshed: candles=1790349180.0 havdalah=1790439720.0
2026-09-25 00:42:19 [INFO] shabbat_detector.cycle_analyzer: Cycle aborted: returned to BOTTOM without reaching TOP
2026-09-25 00:57:14 [INFO] shabbat_detector.hebcal_gate: Hebcal refreshed: candles=1790349180.0 havdalah=1790439720.0
2026-09-25 00:57:14 [INFO] shabbat_detector.cycle_analyzer: Elevator idle 923s - resetting cycle (was in _Phase.LEG_ONE)
2026-09-25 01:00:34 [INFO] shabbat_detector.cycle_analyzer: Cycle aborted: returned to BOTTOM without reaching TOP
2026-09-25 01:02:59 [INFO] shabbat_detector.cycle_analyzer: Cycle aborted: returned to BOTTOM without reaching TOP
2026-09-25 01:06:35 [INFO] shabbat_detector.cycle_analyzer: Cycle aborted: returned to BOTTOM without reaching TOP
2026-09-25 01:12:46 [INFO] shabbat_detector.hebcal_gate: Hebcal refreshed: candles=1790349180.0 havdalah=1790439720.0
2026-09-25 01:12:46 [INFO] shabbat_detector.cycle_analyzer: Elevator idle 457s - resetting cycle (was in _Phase.LEG_ONE)
2026-09-25 01:15:52 [INFO] shabbat_detector.cycle_analyzer: Cycle aborted: returned to BOTTOM without reaching TOP
2026-09-25 01:54:31 [INFO] shabbat_detector.hebcal_gate: Hebcal refreshed: candles=1790349180.0 havdalah=1790439720.0
2026-09-25 01:54:31 [INFO] shabbat_detector.cycle_analyzer: Elevator idle 2376s - resetting cycle (was in _Phase.LEG_ONE)
2026-09-25 01:58:05 [INFO] shabbat_detector.cycle_analyzer: Cycle aborted: returned to BOTTOM without reaching TOP
2026-09-25 02:01:02 [INFO] shabbat_detector.firebase_client: SSE stream connecting: https://nitzaelev-default-rtdb.europe-west1.firebasedatabase.app/settings.json
2026-09-25 02:11:57 [INFO] shabbat_detector.firebase_client: SSE stream connecting: https://nitzaelev-default-rtdb.europe-west1.firebasedatabase.app/elevator_configs/B.json
2026-09-25 02:13:57 [INFO] detector: Config updated remotely (keys=['AUTO_LEARN_CONFIG', 'BOTTOM_FLOOR', 'DISPLAY_NAME', 'FLOOR_WAITS', 'SHABBAT_ACTIVE', 'SHABBAT_BREAK_ACTIVE', 'SHABBAT_DETECTOR', 'SHABBAT_MODE', 'STOPPING_FLOORS', 'STOPPING_FLOORS_DOWN', 'STOPPING_FLOORS_UP', 'TIME_PASS_FLOOR', 'TIME_PER_FLOOR', 'TOP_FLOOR', 'VISIBLE_FLOORS', 'secret_key'])
2026-09-25 02:22:19 [INFO] shabbat_detector.hebcal_gate: Hebcal refreshed: candles=1790349180.0 havdalah=1790439720.0
2026-09-25 02:22:19 [INFO] shabbat_detector.cycle_analyzer: Elevator idle 1541s - resetting cycle (was in _Phase.LEG_ONE)
2026-09-25 02:25:15 [INFO] shabbat_detector.cycle_analyzer: Cycle aborted: returned to BOTTOM without reaching TOP
2026-09-25 02:32:03 [INFO] shabbat_detector.cycle_analyzer: Cycle aborted: returned to BOTTOM without reaching TOP
2026-09-25 03:22:12 [INFO] shabbat_detector.hebcal_gate: Hebcal refreshed: candles=1790349180.0 havdalah=1790439720.0
2026-09-25 03:22:12 [INFO] shabbat_detector.cycle_analyzer: Elevator idle 3065s - resetting cycle (was in _Phase.LEG_ONE)
2026-09-25 03:25:10 [INFO] shabbat_detector.cycle_analyzer: Cycle aborted: returned to BOTTOM without reaching TOP
2026-09-25 04:22:26 [INFO] shabbat_detector.schedule_windows: Schedule windows refreshed: 5 start(s), 2 end(s) (geo=294071, diaspora=True)
2026-09-25 04:31:29 [INFO] shabbat_detector.hebcal_gate: Hebcal refreshed: candles=1790349180.0 havdalah=1790439720.0
2026-09-25 04:31:29 [INFO] shabbat_detector.cycle_analyzer: Elevator idle 4007s - resetting cycle (was in _Phase.LEG_ONE)
2026-09-25 04:34:09 [INFO] shabbat_detector.cycle_analyzer: Cycle aborted: returned to BOTTOM without reaching TOP
2026-09-25 05:08:55 [WARNING] shabbat_detector.firebase_client: Elevator stream reconnecting in 1s
2026-09-25 05:08:56 [INFO] shabbat_detector.firebase_client: SSE stream connecting: https://nitzaelev-default-rtdb.europe-west1.firebasedatabase.app/elevators/B.json
2026-09-25 05:32:02 [INFO] shabbat_detector.hebcal_gate: Hebcal refreshed: candles=1790349180.0 havdalah=1790439720.0
2026-09-25 05:32:02 [INFO] shabbat_detector.cycle_analyzer: Elevator idle 3559s - resetting cycle (was in _Phase.LEG_ONE)
2026-09-25 05:35:42 [INFO] shabbat_detector.cycle_analyzer: Cycle aborted: returned to BOTTOM without reaching TOP
2026-09-25 06:43:02 [INFO] shabbat_detector.hebcal_gate: Hebcal refreshed: candles=1790349180.0 havdalah=1790439720.0
2026-09-25 06:43:02 [INFO] shabbat_detector.cycle_analyzer: Elevator idle 4155s - resetting cycle (was in _Phase.LEG_ONE)
2026-09-25 06:45:56 [INFO] shabbat_detector.cycle_analyzer: Cycle aborted: returned to BOTTOM without reaching TOP
2026-09-25 06:49:24 [INFO] shabbat_detector.cycle_analyzer: Cycle aborted: returned to BOTTOM without reaching TOP
2026-09-25 06:56:36 [INFO] shabbat_detector.hebcal_gate: Hebcal refreshed: candles=1790349180.0 havdalah=1790439720.0
2026-09-25 06:56:36 [INFO] shabbat_detector.cycle_analyzer: Elevator idle 519s - resetting cycle (was in _Phase.LEG_ONE)
2026-09-25 06:57:43 [INFO] shabbat_detector.cycle_analyzer: Cycle aborted: returned to BOTTOM without reaching TOP
2026-09-25 07:04:44 [INFO] shabbat_detector.cycle_analyzer: Elevator idle 449s - resetting cycle (was in _Phase.LEG_ONE)
2026-09-25 07:07:19 [INFO] shabbat_detector.cycle_analyzer: Cycle aborted: returned to BOTTOM without reaching TOP
2026-09-25 07:34:43 [INFO] shabbat_detector.hebcal_gate: Hebcal refreshed: candles=1790349180.0 havdalah=1790439720.0
2026-09-25 07:34:43 [INFO] shabbat_detector.cycle_analyzer: Elevator idle 1760s - resetting cycle (was in _Phase.LEG_ONE)
2026-09-25 07:41:30 [INFO] shabbat_detector.cycle_analyzer: Cycle aborted: returned to BOTTOM without reaching TOP
2026-09-25 07:55:29 [INFO] shabbat_detector.hebcal_gate: Hebcal refreshed: candles=1790349180.0 havdalah=1790439720.0
2026-09-25 07:55:29 [INFO] shabbat_detector.cycle_analyzer: Elevator idle 926s - resetting cycle (was in _Phase.LEG_ONE)
2026-09-25 07:59:31 [INFO] shabbat_detector.cycle_analyzer: Cycle complete: 193s, up_stops=['22'], down_stops=['14']
2026-09-25 07:59:31 [INFO] shabbat_detector.fsm: [B] DetectorState.CANDIDATE_SHABBAT → DetectorState.NORMAL
2026-09-25 07:59:31 [INFO] detector: SHABBAT TRANSITION CANDIDATE_SHABBAT -> NORMAL (masked by override=auto, source=schedule) | סיבה: מחזור לא תאם — עצירות לא חוקיות בעלייה: ['22']; כיסוי קומות חלקי (עלייה 0%, ירידה 7%); 2 חריגות טיימינג
2026-09-25 08:02:11 [INFO] shabbat_detector.cycle_analyzer: Cycle aborted: returned to BOTTOM without reaching TOP
2026-09-25 08:02:11 [INFO] shabbat_detector.fsm: [B] DetectorState.NORMAL → DetectorState.CANDIDATE_SHABBAT
2026-09-25 08:02:11 [INFO] detector: SHABBAT TRANSITION NORMAL -> CANDIDATE_SHABBAT (masked by override=auto, source=schedule) | סיבה: מחזור אפשרי החל — ממתין להשלמה
2026-09-25 08:06:06 [INFO] shabbat_detector.cycle_analyzer: Cycle aborted: returned to BOTTOM without reaching TOP
2026-09-25 08:10:28 [INFO] shabbat_detector.hebcal_gate: Hebcal refreshed: candles=1790349180.0 havdalah=1790439720.0
2026-09-25 08:12:42 [INFO] shabbat_detector.cycle_analyzer: Cycle aborted: returned to BOTTOM without reaching TOP
2026-09-25 08:14:48 [INFO] shabbat_detector.cycle_analyzer: Cycle aborted: returned to BOTTOM without reaching TOP
2026-09-25 08:23:59 [INFO] shabbat_detector.hebcal_gate: Hebcal refreshed: candles=1790349180.0 havdalah=1790439720.0
2026-09-25 08:23:59 [INFO] shabbat_detector.cycle_analyzer: Elevator idle 581s - resetting cycle (was in _Phase.LEG_ONE)
2026-09-25 08:30:35 [INFO] shabbat_detector.cycle_analyzer: Cycle aborted: returned to BOTTOM without reaching TOP
2026-09-25 08:41:19 [INFO] shabbat_detector.hebcal_gate: Hebcal refreshed: candles=1790349180.0 havdalah=1790439720.0
2026-09-25 08:41:19 [INFO] shabbat_detector.cycle_analyzer: Elevator idle 761s - resetting cycle (was in _Phase.LEG_ONE)
2026-09-25 08:43:17 [INFO] shabbat_detector.cycle_analyzer: Cycle aborted: returned to BOTTOM without reaching TOP
2026-09-25 08:45:44 [INFO] shabbat_detector.cycle_analyzer: Cycle aborted: returned to BOTTOM without reaching TOP
2026-09-25 09:00:38 [INFO] shabbat_detector.hebcal_gate: Hebcal refreshed: candles=1790349180.0 havdalah=1790439720.0
2026-09-25 09:00:38 [INFO] shabbat_detector.cycle_analyzer: Elevator idle 922s - resetting cycle (was in _Phase.LEG_ONE)
2026-09-25 09:02:31 [INFO] shabbat_detector.cycle_analyzer: Cycle aborted: returned to BOTTOM without reaching TOP
2026-09-25 09:06:36 [INFO] shabbat_detector.cycle_analyzer: Cycle aborted: returned to BOTTOM without reaching TOP
2026-09-25 09:14:26 [INFO] shabbat_detector.hebcal_gate: Hebcal refreshed: candles=1790349180.0 havdalah=1790439720.0
2026-09-25 09:14:26 [INFO] shabbat_detector.cycle_analyzer: Elevator idle 496s - resetting cycle (was in _Phase.LEG_ONE)
2026-09-25 09:18:13 [INFO] shabbat_detector.cycle_analyzer: Cycle aborted: returned to BOTTOM without reaching TOP
2026-09-25 09:21:19 [INFO] shabbat_detector.cycle_analyzer: Cycle aborted: returned to BOTTOM without reaching TOP
2026-09-25 09:25:33 [INFO] shabbat_detector.hebcal_gate: Hebcal refreshed: candles=1790349180.0 havdalah=1790439720.0
2026-09-25 09:27:55 [INFO] shabbat_detector.cycle_analyzer: Cycle aborted: returned to BOTTOM without reaching TOP
2026-09-25 09:30:12 [INFO] shabbat_detector.cycle_analyzer: Cycle aborted: returned to BOTTOM without reaching TOP
2026-09-25 09:33:19 [INFO] shabbat_detector.cycle_analyzer: Cycle aborted: returned to BOTTOM without reaching TOP
2026-09-25 09:37:18 [INFO] shabbat_detector.hebcal_gate: Hebcal refreshed: candles=1790349180.0 havdalah=1790439720.0
2026-09-25 09:39:52 [INFO] shabbat_detector.cycle_analyzer: Cycle aborted: returned to BOTTOM without reaching TOP
2026-09-25 09:47:22 [INFO] shabbat_detector.hebcal_gate: Hebcal refreshed: candles=1790349180.0 havdalah=1790439720.0
2026-09-25 09:47:22 [INFO] shabbat_detector.cycle_analyzer: Elevator idle 567s - resetting cycle (was in _Phase.LEG_ONE)
2026-09-25 09:50:40 [INFO] shabbat_detector.cycle_analyzer: Cycle aborted: returned to BOTTOM without reaching TOP
2026-09-25 09:53:18 [INFO] shabbat_detector.cycle_analyzer: Cycle aborted: returned to BOTTOM without reaching TOP
2026-09-25 09:57:24 [INFO] shabbat_detector.hebcal_gate: Hebcal refreshed: candles=1790349180.0 havdalah=1790439720.0
2026-09-25 09:57:54 [INFO] shabbat_detector.cycle_analyzer: Cycle aborted: returned to BOTTOM without reaching TOP
2026-09-25 10:00:51 [INFO] shabbat_detector.cycle_analyzer: Cycle aborted: returned to BOTTOM without reaching TOP
2026-09-25 10:04:35 [INFO] shabbat_detector.cycle_analyzer: Cycle aborted: returned to BOTTOM without reaching TOP
2026-09-25 10:08:06 [INFO] shabbat_detector.hebcal_gate: Hebcal refreshed: candles=1790349180.0 havdalah=1790439720.0
2026-09-25 10:11:36 [INFO] shabbat_detector.cycle_analyzer: Cycle aborted: returned to BOTTOM without reaching TOP
2026-09-25 10:16:17 [INFO] shabbat_detector.cycle_analyzer: Cycle aborted: returned to BOTTOM without reaching TOP
2026-09-25 10:22:12 [INFO] shabbat_detector.hebcal_gate: Hebcal refreshed: candles=1790349180.0 havdalah=1790439720.0
2026-09-25 10:22:12 [INFO] shabbat_detector.cycle_analyzer: Elevator idle 470s - resetting cycle (was in _Phase.LEG_ONE)
2026-09-25 10:22:28 [INFO] shabbat_detector.schedule_windows: Schedule windows refreshed: 5 start(s), 2 end(s) (geo=294071, diaspora=True)
2026-09-25 10:24:02 [INFO] shabbat_detector.cycle_analyzer: Cycle aborted: returned to BOTTOM without reaching TOP
2026-09-25 10:31:18 [INFO] shabbat_detector.cycle_analyzer: Elevator idle 462s - resetting cycle (was in _Phase.LEG_ONE)
2026-09-25 10:33:47 [INFO] shabbat_detector.hebcal_gate: Hebcal refreshed: candles=1790349180.0 havdalah=1790439720.0
2026-09-25 10:34:14 [INFO] shabbat_detector.cycle_analyzer: Cycle aborted: returned to BOTTOM without reaching TOP
2026-09-25 10:35:27 [INFO] shabbat_detector.cycle_analyzer: Cycle aborted: returned to BOTTOM without reaching TOP
2026-09-25 10:36:52 [INFO] shabbat_detector.cycle_analyzer: Cycle aborted: returned to BOTTOM without reaching TOP
2026-09-25 10:38:45 [INFO] shabbat_detector.cycle_analyzer: Cycle aborted: returned to BOTTOM without reaching TOP
2026-09-25 10:40:43 [INFO] shabbat_detector.cycle_analyzer: Cycle aborted: returned to BOTTOM without reaching TOP
2026-09-25 10:44:22 [INFO] shabbat_detector.cycle_analyzer: Cycle aborted: returned to BOTTOM without reaching TOP
2026-09-25 10:51:08 [INFO] shabbat_detector.hebcal_gate: Hebcal refreshed: candles=1790349180.0 havdalah=1790439720.0
2026-09-25 10:51:08 [INFO] shabbat_detector.cycle_analyzer: Elevator idle 525s - resetting cycle (was in _Phase.LEG_ONE)
2026-09-25 10:54:23 [INFO] shabbat_detector.cycle_analyzer: Cycle aborted: returned to BOTTOM without reaching TOP
2026-09-25 10:56:45 [INFO] shabbat_detector.cycle_analyzer: Cycle aborted: returned to BOTTOM without reaching TOP
2026-09-25 11:01:37 [INFO] shabbat_detector.hebcal_gate: Hebcal refreshed: candles=1790349180.0 havdalah=1790439720.0
2026-09-25 11:01:37 [INFO] shabbat_detector.cycle_analyzer: Cycle aborted: returned to BOTTOM without reaching TOP
2026-09-25 11:07:35 [INFO] shabbat_detector.cycle_analyzer: Cycle complete: 356s, up_stops=['26'], down_stops=['22', '18', '6', '5', '6', '5']
2026-09-25 11:07:35 [INFO] shabbat_detector.fsm: [B] DetectorState.CANDIDATE_SHABBAT → DetectorState.NORMAL
2026-09-25 11:07:35 [INFO] detector: SHABBAT TRANSITION CANDIDATE_SHABBAT -> NORMAL (masked by override=auto, source=schedule) | סיבה: מחזור לא תאם — עצירות לא חוקיות בעלייה: ['26']; עצירות לא חוקיות בירידה: ['6']; כיסוי קומות חלקי (עלייה 0%, ירידה 21%); קפיצות-אחורה (עלייה 0, ירידה 1); חזרות על קומות (עלייה 0, ירידה 2); 4 חריגות טיימינג
2026-09-25 11:10:12 [INFO] shabbat_detector.cycle_analyzer: Cycle aborted: returned to BOTTOM without reaching TOP
2026-09-25 11:10:12 [INFO] shabbat_detector.fsm: [B] DetectorState.NORMAL → DetectorState.CANDIDATE_SHABBAT
2026-09-25 11:10:12 [INFO] detector: SHABBAT TRANSITION NORMAL -> CANDIDATE_SHABBAT (masked by override=auto, source=schedule) | סיבה: מחזור אפשרי החל — ממתין להשלמה
2026-09-25 11:11:09 [INFO] shabbat_detector.hebcal_gate: Hebcal refreshed: candles=1790349180.0 havdalah=1790439720.0
2026-09-25 11:13:33 [INFO] shabbat_detector.cycle_analyzer: Cycle aborted: returned to BOTTOM without reaching TOP
2026-09-25 11:15:47 [INFO] shabbat_detector.cycle_analyzer: Cycle aborted: returned to BOTTOM without reaching TOP
2026-09-25 11:18:00 [INFO] shabbat_detector.cycle_analyzer: Cycle aborted: returned to BOTTOM without reaching TOP
2026-09-25 11:20:46 [INFO] shabbat_detector.cycle_analyzer: Cycle aborted: returned to BOTTOM without reaching TOP
2026-09-25 11:21:21 [INFO] shabbat_detector.hebcal_gate: Hebcal refreshed: candles=1790349180.0 havdalah=1790439720.0
2026-09-25 11:21:55 [INFO] shabbat_detector.cycle_analyzer: Cycle aborted: returned to BOTTOM without reaching TOP
2026-09-25 11:23:33 [INFO] shabbat_detector.cycle_analyzer: Cycle aborted: returned to BOTTOM without reaching TOP
2026-09-25 11:25:21 [INFO] shabbat_detector.cycle_analyzer: Cycle aborted: returned to BOTTOM without reaching TOP
2026-09-25 11:26:34 [INFO] shabbat_detector.cycle_analyzer: Cycle aborted: returned to BOTTOM without reaching TOP
2026-09-25 11:34:13 [INFO] shabbat_detector.hebcal_gate: Hebcal refreshed: candles=1790349180.0 havdalah=1790439720.0
2026-09-25 11:34:13 [INFO] shabbat_detector.cycle_analyzer: Elevator idle 485s - resetting cycle (was in _Phase.LEG_ONE)
2026-09-25 11:36:14 [INFO] shabbat_detector.cycle_analyzer: Cycle aborted: returned to BOTTOM without reaching TOP
2026-09-25 11:38:47 [INFO] shabbat_detector.cycle_analyzer: Cycle aborted: returned to BOTTOM without reaching TOP
2026-09-25 11:40:36 [INFO] shabbat_detector.cycle_analyzer: Cycle aborted: returned to BOTTOM without reaching TOP
2026-09-25 11:42:07 [INFO] shabbat_detector.cycle_analyzer: Cycle aborted: returned to BOTTOM without reaching TOP
2026-09-25 11:43:58 [INFO] shabbat_detector.cycle_analyzer: Cycle aborted: returned to BOTTOM without reaching TOP
2026-09-25 11:44:12 [INFO] shabbat_detector.hebcal_gate: Hebcal refreshed: candles=1790349180.0 havdalah=1790439720.0
2026-09-25 11:47:28 [INFO] shabbat_detector.cycle_analyzer: Cycle aborted: returned to BOTTOM without reaching TOP
2026-09-25 11:50:30 [INFO] shabbat_detector.cycle_analyzer: Cycle aborted: returned to BOTTOM without reaching TOP
2026-09-25 11:55:16 [INFO] shabbat_detector.hebcal_gate: Hebcal refreshed: candles=1790349180.0 havdalah=1790439720.0
2026-09-25 11:57:03 [INFO] shabbat_detector.cycle_analyzer: Cycle aborted: returned to BOTTOM without reaching TOP
2026-09-25 11:59:57 [INFO] shabbat_detector.cycle_analyzer: Cycle aborted: returned to BOTTOM without reaching TOP
2026-09-25 12:02:12 [INFO] shabbat_detector.cycle_analyzer: Cycle aborted: returned to BOTTOM without reaching TOP
2026-09-25 12:05:49 [INFO] shabbat_detector.cycle_analyzer: Cycle aborted: returned to BOTTOM without reaching TOP
2026-09-25 12:09:32 [INFO] shabbat_detector.hebcal_gate: Hebcal refreshed: candles=1790349180.0 havdalah=1790439720.0
2026-09-25 12:12:28 [INFO] shabbat_detector.cycle_analyzer: Cycle aborted: returned to BOTTOM without reaching TOP
2026-09-25 12:20:30 [INFO] shabbat_detector.hebcal_gate: Hebcal refreshed: candles=1790349180.0 havdalah=1790439720.0
2026-09-25 12:20:30 [INFO] shabbat_detector.cycle_analyzer: Elevator idle 489s - resetting cycle (was in _Phase.LEG_ONE)
2026-09-25 12:21:16 [INFO] shabbat_detector.cycle_analyzer: Cycle aborted: returned to BOTTOM without reaching TOP
2026-09-25 12:22:43 [INFO] shabbat_detector.cycle_analyzer: Cycle aborted: returned to BOTTOM without reaching TOP
2026-09-25 12:28:40 [INFO] shabbat_detector.cycle_analyzer: Cycle aborted: returned to BOTTOM without reaching TOP
2026-09-25 12:34:39 [INFO] shabbat_detector.hebcal_gate: Hebcal refreshed: candles=1790349180.0 havdalah=1790439720.0
2026-09-25 12:36:14 [INFO] shabbat_detector.cycle_analyzer: Cycle aborted: returned to BOTTOM without reaching TOP
2026-09-25 12:38:18 [INFO] shabbat_detector.cycle_analyzer: Cycle aborted: returned to BOTTOM without reaching TOP
2026-09-25 12:38:56 [INFO] shabbat_detector.firebase_client: SSE stream connecting: https://nitzaelev-default-rtdb.europe-west1.firebasedatabase.app/elevator_configs/B.json
2026-09-25 12:40:56 [INFO] detector: Config updated remotely (keys=['AUTO_LEARN_CONFIG', 'BOTTOM_FLOOR', 'DISPLAY_NAME', 'FLOOR_WAITS', 'SHABBAT_ACTIVE', 'SHABBAT_BREAK_ACTIVE', 'SHABBAT_DETECTOR', 'SHABBAT_MODE', 'STOPPING_FLOORS', 'STOPPING_FLOORS_DOWN', 'STOPPING_FLOORS_UP', 'TIME_PASS_FLOOR', 'TIME_PER_FLOOR', 'TOP_FLOOR', 'VISIBLE_FLOORS', 'secret_key'])
2026-09-25 12:44:35 [INFO] shabbat_detector.cycle_analyzer: Cycle aborted: returned to BOTTOM without reaching TOP
2026-09-25 12:44:37 [INFO] shabbat_detector.hebcal_gate: Hebcal refreshed: candles=1790349180.0 havdalah=1790439720.0
2026-09-25 12:47:57 [INFO] shabbat_detector.cycle_analyzer: Cycle aborted: returned to BOTTOM without reaching TOP
2026-09-25 12:52:02 [INFO] shabbat_detector.cycle_analyzer: Cycle aborted: returned to BOTTOM without reaching TOP
2026-09-25 12:54:20 [INFO] shabbat_detector.cycle_analyzer: Cycle aborted: returned to BOTTOM without reaching TOP
2026-09-25 12:55:20 [INFO] shabbat_detector.hebcal_gate: Hebcal refreshed: candles=1790349180.0 havdalah=1790439720.0
2026-09-25 12:56:55 [INFO] shabbat_detector.cycle_analyzer: Cycle aborted: returned to BOTTOM without reaching TOP
2026-09-25 13:02:06 [INFO] shabbat_detector.cycle_analyzer: Cycle aborted: returned to BOTTOM without reaching TOP
2026-09-25 13:05:45 [INFO] shabbat_detector.hebcal_gate: Hebcal refreshed: candles=1790349180.0 havdalah=1790439720.0
2026-09-25 13:13:32 [INFO] shabbat_detector.cycle_analyzer: Cycle complete: 669s, up_stops=['1', '2', '3', '4', '5', '6', '7', '8', '9', '10', '11', '12', '13', '14', '15', '16', '17', '18', '19', '20', '21', '22', '23', '24', '25', '26'], down_stops=['18', '1']
2026-09-25 13:13:32 [INFO] shabbat_detector.fsm: [B] DetectorState.CANDIDATE_SHABBAT → DetectorState.NORMAL
2026-09-25 13:13:32 [INFO] detector: SHABBAT TRANSITION CANDIDATE_SHABBAT -> NORMAL (masked by override=auto, source=schedule) | סיבה: מחזור לא תאם — עצירות לא חוקיות בעלייה: ['1', '11', '12', '14', '15', '17', '18', '19', '20', '21', '22', '23', '24', '26', '3', '4', '5', '7', '9']; כיסוי קומות חלקי (עלייה 100%, ירידה 14%); 26 חריגות טיימינג
2026-09-25 13:14:28 [INFO] shabbat_detector.cycle_analyzer: Cycle aborted: returned to BOTTOM without reaching TOP
2026-09-25 13:14:28 [INFO] shabbat_detector.fsm: [B] DetectorState.NORMAL → DetectorState.CANDIDATE_SHABBAT
2026-09-25 13:14:28 [INFO] detector: SHABBAT TRANSITION NORMAL -> CANDIDATE_SHABBAT (masked by override=auto, source=schedule) | סיבה: מחזור אפשרי החל — ממתין להשלמה
2026-09-25 13:17:59 [INFO] shabbat_detector.hebcal_gate: Hebcal refreshed: candles=1790349180.0 havdalah=1790439720.0
2026-09-25 13:22:12 [INFO] shabbat_detector.cycle_analyzer: Cycle aborted: returned to BOTTOM without reaching TOP
2026-09-25 13:31:03 [INFO] shabbat_detector.hebcal_gate: Hebcal refreshed: candles=1790349180.0 havdalah=1790439720.0
2026-09-25 13:32:45 [INFO] shabbat_detector.cycle_analyzer: Cycle aborted: returned to BOTTOM without reaching TOP
2026-09-25 13:34:27 [INFO] shabbat_detector.cycle_analyzer: Cycle aborted: returned to BOTTOM without reaching TOP
2026-09-25 13:38:46 [INFO] shabbat_detector.cycle_analyzer: Cycle aborted: returned to BOTTOM without reaching TOP
2026-09-25 13:39:48 [INFO] shabbat_detector.hebcal_gate: Hebcal refreshed: candles=1790349180.0 havdalah=1790439720.0
2026-09-25 13:40:50 [INFO] shabbat_detector.cycle_analyzer: Cycle aborted: returned to BOTTOM without reaching TOP
2026-09-25 13:43:18 [INFO] shabbat_detector.cycle_analyzer: Cycle aborted: returned to BOTTOM without reaching TOP
2026-09-25 13:46:55 [INFO] shabbat_detector.cycle_analyzer: Cycle aborted: returned to BOTTOM without reaching TOP
2026-09-25 13:52:02 [INFO] shabbat_detector.hebcal_gate: Hebcal refreshed: candles=1790349180.0 havdalah=1790439720.0
2026-09-25 13:54:46 [INFO] shabbat_detector.cycle_analyzer: Cycle aborted: returned to BOTTOM without reaching TOP
2026-09-25 13:57:30 [INFO] shabbat_detector.cycle_analyzer: Cycle aborted: returned to BOTTOM without reaching TOP
2026-09-25 14:00:59 [INFO] shabbat_detector.cycle_analyzer: Cycle aborted: returned to BOTTOM without reaching TOP
2026-09-25 14:05:04 [INFO] shabbat_detector.hebcal_gate: Hebcal refreshed: candles=1790349180.0 havdalah=1790439720.0
2026-09-25 14:07:02 [INFO] shabbat_detector.cycle_analyzer: Cycle recovered (missed TOP-terminal read): 390s, up_stops=['26'], down_stops=['10']
2026-09-25 14:07:02 [INFO] shabbat_detector.fsm: [B] DetectorState.CANDIDATE_SHABBAT → DetectorState.NORMAL
2026-09-25 14:07:02 [INFO] detector: SHABBAT TRANSITION CANDIDATE_SHABBAT -> NORMAL (masked by override=auto, source=schedule) | סיבה: מחזור לא תאם — עצירות לא חוקיות בעלייה: ['26']; עצירות לא חוקיות בירידה: ['10']; כיסוי קומות חלקי (עלייה 0%, ירידה 0%); 2 חריגות טיימינג
2026-09-25 14:13:14 [INFO] shabbat_detector.cycle_analyzer: Cycle aborted: returned to BOTTOM without reaching TOP
2026-09-25 14:13:14 [INFO] shabbat_detector.fsm: [B] DetectorState.NORMAL → DetectorState.CANDIDATE_SHABBAT
2026-09-25 14:13:14 [INFO] detector: SHABBAT TRANSITION NORMAL -> CANDIDATE_SHABBAT (masked by override=auto, source=schedule) | סיבה: מחזור אפשרי החל — ממתין להשלמה
2026-09-25 14:15:42 [INFO] shabbat_detector.hebcal_gate: Hebcal refreshed: candles=1790349180.0 havdalah=1790439720.0
2026-09-25 14:16:57 [INFO] shabbat_detector.cycle_analyzer: Cycle aborted: returned to BOTTOM without reaching TOP
2026-09-25 14:18:00 [INFO] shabbat_detector.cycle_analyzer: Cycle aborted: returned to BOTTOM without reaching TOP
2026-09-25 14:20:18 [INFO] shabbat_detector.cycle_analyzer: Cycle aborted: returned to BOTTOM without reaching TOP
2026-09-25 14:22:40 [INFO] shabbat_detector.cycle_analyzer: Cycle aborted: returned to BOTTOM without reaching TOP
2026-09-25 14:28:55 [INFO] shabbat_detector.hebcal_gate: Hebcal refreshed: candles=1790349180.0 havdalah=1790439720.0
2026-09-25 14:31:20 [INFO] shabbat_detector.cycle_analyzer: Cycle aborted: returned to BOTTOM without reaching TOP
2026-09-25 14:34:12 [INFO] shabbat_detector.cycle_analyzer: Cycle aborted: returned to BOTTOM without reaching TOP
2026-09-25 14:37:44 [INFO] shabbat_detector.cycle_analyzer: Cycle aborted: returned to BOTTOM without reaching TOP
2026-09-25 14:39:43 [INFO] shabbat_detector.hebcal_gate: Hebcal refreshed: candles=1790349180.0 havdalah=1790439720.0
2026-09-25 14:40:46 [INFO] shabbat_detector.cycle_analyzer: Cycle aborted: returned to BOTTOM without reaching TOP
2026-09-25 14:42:57 [INFO] shabbat_detector.cycle_analyzer: Cycle aborted: returned to BOTTOM without reaching TOP
2026-09-25 14:46:34 [INFO] shabbat_detector.cycle_analyzer: Cycle aborted: returned to BOTTOM without reaching TOP
2026-09-25 14:48:51 [INFO] shabbat_detector.cycle_analyzer: Cycle aborted: returned to BOTTOM without reaching TOP
2026-09-25 14:51:28 [INFO] shabbat_detector.hebcal_gate: Hebcal refreshed: candles=1790349180.0 havdalah=1790439720.0
2026-09-25 14:55:54 [INFO] shabbat_detector.cycle_analyzer: Cycle aborted: returned to BOTTOM without reaching TOP
2026-09-25 14:59:43 [INFO] shabbat_detector.cycle_analyzer: Cycle aborted: returned to BOTTOM without reaching TOP
2026-09-25 15:04:26 [INFO] shabbat_detector.hebcal_gate: Hebcal refreshed: candles=1790349180.0 havdalah=1790439720.0
2026-09-25 15:04:26 [INFO] shabbat_detector.cycle_analyzer: Cycle aborted: returned to BOTTOM without reaching TOP
2026-09-25 15:10:26 [INFO] shabbat_detector.cycle_analyzer: Elevator idle 506s - resetting cycle (was in _Phase.LEG_ONE)
2026-09-25 15:12:09 [INFO] shabbat_detector.cycle_analyzer: Cycle aborted: returned to BOTTOM without reaching TOP
2026-09-25 15:12:10 [INFO] shabbat_detector.hebcal_gate: Hebcal refreshed: candles=1790349180.0 havdalah=1790439720.0
2026-09-25 15:13:20 [INFO] shabbat_detector.cycle_analyzer: Cycle aborted: returned to BOTTOM without reaching TOP
2026-09-25 15:15:54 [INFO] shabbat_detector.cycle_analyzer: Cycle aborted: returned to BOTTOM without reaching TOP
2026-09-25 15:17:15 [INFO] shabbat_detector.cycle_analyzer: Cycle aborted: returned to BOTTOM without reaching TOP
2026-09-25 15:21:58 [INFO] shabbat_detector.cycle_analyzer: Cycle aborted: returned to BOTTOM without reaching TOP
2026-09-25 15:22:26 [INFO] shabbat_detector.hebcal_gate: Hebcal refreshed: candles=1790349180.0 havdalah=1790439720.0
2026-09-25 15:23:34 [INFO] shabbat_detector.cycle_analyzer: Cycle aborted: returned to BOTTOM without reaching TOP
2026-09-25 15:25:32 [INFO] shabbat_detector.cycle_analyzer: Cycle aborted: returned to BOTTOM without reaching TOP
2026-09-25 15:31:15 [INFO] shabbat_detector.cycle_analyzer: Cycle aborted: returned to BOTTOM without reaching TOP
2026-09-25 15:32:40 [INFO] shabbat_detector.hebcal_gate: Hebcal refreshed: candles=1790349180.0 havdalah=1790439720.0
2026-09-25 15:33:17 [INFO] shabbat_detector.cycle_analyzer: Cycle aborted: returned to BOTTOM without reaching TOP
2026-09-25 15:35:39 [INFO] shabbat_detector.cycle_analyzer: Cycle aborted: returned to BOTTOM without reaching TOP
2026-09-25 15:37:27 [INFO] shabbat_detector.cycle_analyzer: Cycle aborted: returned to BOTTOM without reaching TOP
2026-09-25 15:39:00 [INFO] shabbat_detector.cycle_analyzer: Cycle aborted: returned to BOTTOM without reaching TOP
2026-09-25 15:41:50 [INFO] shabbat_detector.cycle_analyzer: Cycle aborted: returned to BOTTOM without reaching TOP
2026-09-25 15:43:21 [INFO] shabbat_detector.hebcal_gate: Hebcal refreshed: candles=1790349180.0 havdalah=1790439720.0
2026-09-25 15:44:48 [INFO] shabbat_detector.cycle_analyzer: Cycle aborted: returned to BOTTOM without reaching TOP
2026-09-25 15:48:03 [INFO] shabbat_detector.cycle_analyzer: Cycle aborted: returned to BOTTOM without reaching TOP
2026-09-25 15:48:45 [INFO] shabbat_detector.cycle_analyzer: Cycle aborted: returned to BOTTOM without reaching TOP
2026-09-25 15:51:32 [INFO] shabbat_detector.cycle_analyzer: Cycle aborted: returned to BOTTOM without reaching TOP
2026-09-25 15:55:10 [INFO] shabbat_detector.cycle_analyzer: Cycle aborted: returned to BOTTOM without reaching TOP
2026-09-25 15:58:09 [INFO] shabbat_detector.hebcal_gate: Hebcal refreshed: candles=1790349180.0 havdalah=1790439720.0
2026-09-25 15:59:44 [INFO] shabbat_detector.cycle_analyzer: Cycle aborted: returned to BOTTOM without reaching TOP
2026-09-25 16:02:12 [INFO] shabbat_detector.cycle_analyzer: Cycle aborted: returned to BOTTOM without reaching TOP
2026-09-25 16:04:12 [INFO] shabbat_detector.cycle_analyzer: Cycle aborted: returned to BOTTOM without reaching TOP
2026-09-25 16:07:48 [INFO] shabbat_detector.cycle_analyzer: Cycle aborted: returned to BOTTOM without reaching TOP
2026-09-25 16:08:10 [INFO] shabbat_detector.hebcal_gate: Hebcal refreshed: candles=1790349180.0 havdalah=1790439720.0
2026-09-25 16:10:31 [INFO] shabbat_detector.cycle_analyzer: Cycle aborted: returned to BOTTOM without reaching TOP
2026-09-25 16:13:03 [INFO] shabbat_detector.cycle_analyzer: Cycle aborted: returned to BOTTOM without reaching TOP
2026-09-25 16:16:08 [INFO] shabbat_detector.cycle_analyzer: Cycle aborted: returned to BOTTOM without reaching TOP
2026-09-25 16:17:57 [INFO] shabbat_detector.cycle_analyzer: Cycle aborted: returned to BOTTOM without reaching TOP
2026-09-25 16:18:54 [INFO] shabbat_detector.hebcal_gate: Hebcal refreshed: candles=1790349180.0 havdalah=1790439720.0
2026-09-25 16:21:38 [INFO] shabbat_detector.cycle_analyzer: Cycle aborted: returned to BOTTOM without reaching TOP
2026-09-25 16:22:29 [INFO] shabbat_detector.schedule_windows: Schedule windows refreshed: 5 start(s), 2 end(s) (geo=294071, diaspora=True)
2026-09-25 16:28:06 [INFO] shabbat_detector.cycle_analyzer: Cycle aborted: returned to BOTTOM without reaching TOP
2026-09-25 16:29:04 [INFO] shabbat_detector.hebcal_gate: Hebcal refreshed: candles=1790349180.0 havdalah=1790439720.0
2026-09-25 16:31:17 [INFO] shabbat_detector.cycle_analyzer: Cycle aborted: returned to BOTTOM without reaching TOP
2026-09-25 16:34:35 [INFO] shabbat_detector.cycle_analyzer: Cycle aborted: returned to BOTTOM without reaching TOP
2026-09-25 16:37:34 [INFO] shabbat_detector.cycle_analyzer: Cycle aborted: returned to BOTTOM without reaching TOP
2026-09-25 16:39:14 [INFO] shabbat_detector.cycle_analyzer: Cycle aborted: returned to BOTTOM without reaching TOP
2026-09-25 16:39:16 [INFO] shabbat_detector.hebcal_gate: Hebcal refreshed: candles=1790349180.0 havdalah=1790439720.0
2026-09-25 16:41:48 [INFO] shabbat_detector.cycle_analyzer: Cycle aborted: returned to BOTTOM without reaching TOP
2026-09-25 16:45:04 [INFO] shabbat_detector.cycle_analyzer: Cycle aborted: returned to BOTTOM without reaching TOP
2026-09-25 16:49:23 [INFO] shabbat_detector.hebcal_gate: Hebcal refreshed: candles=1790349180.0 havdalah=1790439720.0
2026-09-25 16:50:25 [INFO] shabbat_detector.cycle_analyzer: Cycle aborted: returned to BOTTOM without reaching TOP
2026-09-25 16:52:18 [INFO] shabbat_detector.cycle_analyzer: Cycle aborted: returned to BOTTOM without reaching TOP
2026-09-25 16:54:05 [INFO] shabbat_detector.cycle_analyzer: Cycle aborted: returned to BOTTOM without reaching TOP
2026-09-25 16:59:16 [INFO] shabbat_detector.cycle_analyzer: Cycle aborted: returned to BOTTOM without reaching TOP
2026-09-25 16:59:22 [INFO] shabbat_detector.hebcal_gate: Hebcal refreshed: candles=1790349180.0 havdalah=1790439720.0
2026-09-25 17:01:38 [INFO] shabbat_detector.cycle_analyzer: Cycle aborted: returned to BOTTOM without reaching TOP
2026-09-25 17:03:52 [INFO] shabbat_detector.cycle_analyzer: Cycle aborted: returned to BOTTOM without reaching TOP
2026-09-25 17:09:00 [INFO] shabbat_detector.cycle_analyzer: Cycle aborted: returned to BOTTOM without reaching TOP
2026-09-25 17:10:07 [INFO] shabbat_detector.hebcal_gate: Hebcal refreshed: candles=1790349180.0 havdalah=1790439720.0
2026-09-25 17:11:27 [INFO] shabbat_detector.cycle_analyzer: Cycle aborted: returned to BOTTOM without reaching TOP
2026-09-25 17:16:56 [INFO] shabbat_detector.cycle_analyzer: Cycle aborted: returned to BOTTOM without reaching TOP
2026-09-25 17:20:41 [INFO] shabbat_detector.cycle_analyzer: Cycle aborted: returned to BOTTOM without reaching TOP
2026-09-25 17:24:52 [INFO] shabbat_detector.hebcal_gate: Hebcal refreshed: candles=1790349180.0 havdalah=1790439720.0
2026-09-25 17:26:03 [INFO] shabbat_detector.cycle_analyzer: Cycle aborted: returned to BOTTOM without reaching TOP
2026-09-25 17:30:52 [INFO] shabbat_detector.cycle_analyzer: Cycle aborted: returned to BOTTOM without reaching TOP
2026-09-25 17:34:59 [INFO] shabbat_detector.cycle_analyzer: Cycle aborted: returned to BOTTOM without reaching TOP
2026-09-25 17:35:02 [INFO] shabbat_detector.hebcal_gate: Hebcal refreshed: candles=1790349180.0 havdalah=1790439720.0
2026-09-25 17:38:39 [INFO] shabbat_detector.cycle_analyzer: Cycle aborted: returned to BOTTOM without reaching TOP
2026-09-25 17:43:32 [INFO] shabbat_detector.cycle_analyzer: Cycle aborted: returned to BOTTOM without reaching TOP
2026-09-25 17:45:35 [INFO] shabbat_detector.hebcal_gate: Hebcal refreshed: candles=1790349180.0 havdalah=1790439720.0
2026-09-25 17:46:42 [INFO] shabbat_detector.cycle_analyzer: Cycle aborted: returned to BOTTOM without reaching TOP
2026-09-25 17:49:23 [INFO] shabbat_detector.cycle_analyzer: Cycle aborted: returned to BOTTOM without reaching TOP
2026-09-25 17:54:21 [INFO] shabbat_detector.cycle_analyzer: Cycle aborted: returned to BOTTOM without reaching TOP
2026-09-25 18:00:47 [INFO] shabbat_detector.hebcal_gate: Hebcal refreshed: candles=1790349180.0 havdalah=1790439720.0
2026-09-25 18:00:47 [INFO] shabbat_detector.cycle_analyzer: Elevator idle 473s - resetting cycle (was in _Phase.LEG_ONE)
2026-09-25 18:02:47 [INFO] shabbat_detector.cycle_analyzer: Cycle aborted: returned to BOTTOM without reaching TOP
2026-09-25 18:05:21 [INFO] shabbat_detector.cycle_analyzer: Cycle aborted: returned to BOTTOM without reaching TOP
2026-09-25 18:06:58 [INFO] shabbat_detector.cycle_analyzer: Cycle aborted: returned to BOTTOM without reaching TOP
2026-09-25 18:10:32 [INFO] shabbat_detector.cycle_analyzer: Cycle aborted: returned to BOTTOM without reaching TOP
2026-09-25 18:10:58 [INFO] shabbat_detector.hebcal_gate: Hebcal refreshed: candles=1790349180.0 havdalah=1790439720.0
2026-09-25 18:12:29 [INFO] detector: SCHEDULE TRANSITION: SHABBAT_ACTIVE := True | סיבה: כניסה למצב שבת לפי לוח זמנים - 20 דק' לפני הדלקת נרות
2026-09-25 18:13:21 [INFO] shabbat_detector.cycle_analyzer: Cycle aborted: returned to BOTTOM without reaching TOP
2026-09-25 18:13:59 [INFO] detector: Config updated remotely (keys=['SHABBAT_ACTIVE', 'SHABBAT_DETECTOR'])
2026-09-25 18:14:36 [INFO] shabbat_detector.cycle_analyzer: Cycle aborted: returned to BOTTOM without reaching TOP
2026-09-25 18:16:01 [INFO] shabbat_detector.cycle_analyzer: Cycle aborted: returned to BOTTOM without reaching TOP
2026-09-25 18:19:18 [INFO] shabbat_detector.cycle_analyzer: Cycle aborted: returned to BOTTOM without reaching TOP
2026-09-25 18:21:27 [INFO] shabbat_detector.hebcal_gate: Hebcal refreshed: candles=1790349180.0 havdalah=1790439720.0
2026-09-25 18:25:03 [INFO] shabbat_detector.cycle_analyzer: Cycle aborted: returned to BOTTOM without reaching TOP
2026-09-25 18:31:37 [INFO] shabbat_detector.hebcal_gate: Hebcal refreshed: candles=1790349180.0 havdalah=1790439720.0
2026-09-25 18:37:43 [INFO] shabbat_detector.cycle_analyzer: Cycle aborted: returned to BOTTOM without reaching TOP
2026-09-25 18:41:10 [INFO] shabbat_detector.hebcal_gate: Hebcal refreshed: candles=1790349180.0 havdalah=1790439720.0
2026-09-25 18:49:34 [INFO] shabbat_detector.cycle_analyzer: Cycle aborted: returned to BOTTOM without reaching TOP
2026-09-25 18:51:29 [INFO] shabbat_detector.hebcal_gate: Hebcal refreshed: candles=1790349180.0 havdalah=1790439720.0
2026-09-25 19:01:56 [INFO] shabbat_detector.cycle_analyzer: Cycle aborted: returned to BOTTOM without reaching TOP
2026-09-25 19:02:29 [INFO] shabbat_detector.hebcal_gate: Hebcal refreshed: candles=1790349180.0 havdalah=1790439720.0
2026-09-25 19:12:27 [INFO] shabbat_detector.hebcal_gate: Hebcal refreshed: candles=1790349180.0 havdalah=1790439720.0
2026-09-25 19:14:02 [INFO] shabbat_detector.cycle_analyzer: Cycle aborted: returned to BOTTOM without reaching TOP
2026-09-25 19:22:57 [INFO] shabbat_detector.hebcal_gate: Hebcal refreshed: candles=1790349180.0 havdalah=1790439720.0
2026-09-25 19:26:13 [INFO] shabbat_detector.cycle_analyzer: Cycle aborted: returned to BOTTOM without reaching TOP
2026-09-25 19:33:18 [INFO] shabbat_detector.hebcal_gate: Hebcal refreshed: candles=1790349180.0 havdalah=1790439720.0
2026-09-25 19:37:33 [INFO] shabbat_detector.cycle_analyzer: Cycle aborted: returned to BOTTOM without reaching TOP
2026-09-25 19:44:00 [INFO] shabbat_detector.hebcal_gate: Hebcal refreshed: candles=1790349180.0 havdalah=1790439720.0
2026-09-25 19:51:17 [INFO] shabbat_detector.cycle_analyzer: Cycle aborted: returned to BOTTOM without reaching TOP
2026-09-25 19:53:48 [INFO] shabbat_detector.hebcal_gate: Hebcal refreshed: candles=1790349180.0 havdalah=1790439720.0
2026-09-25 20:04:19 [INFO] shabbat_detector.cycle_analyzer: Cycle aborted: returned to BOTTOM without reaching TOP
2026-09-25 20:04:21 [INFO] shabbat_detector.hebcal_gate: Hebcal refreshed: candles=1790349180.0 havdalah=1790439720.0
2026-09-25 20:14:36 [INFO] shabbat_detector.hebcal_gate: Hebcal refreshed: candles=1790349180.0 havdalah=1790439720.0
2026-09-25 20:15:39 [INFO] shabbat_detector.cycle_analyzer: Cycle aborted: returned to BOTTOM without reaching TOP
2026-09-25 20:25:36 [INFO] shabbat_detector.hebcal_gate: Hebcal refreshed: candles=1790349180.0 havdalah=1790439720.0
2026-09-25 20:29:17 [INFO] shabbat_detector.cycle_analyzer: Cycle aborted: returned to BOTTOM without reaching TOP
2026-09-25 20:36:14 [INFO] shabbat_detector.hebcal_gate: Hebcal refreshed: candles=1790349180.0 havdalah=1790439720.0
2026-09-25 20:41:06 [INFO] shabbat_detector.cycle_analyzer: Cycle aborted: returned to BOTTOM without reaching TOP
2026-09-25 20:46:39 [INFO] shabbat_detector.hebcal_gate: Hebcal refreshed: candles=1790349180.0 havdalah=1790439720.0
2026-09-25 20:53:25 [INFO] shabbat_detector.cycle_analyzer: Cycle aborted: returned to BOTTOM without reaching TOP
2026-09-25 20:56:00 [INFO] shabbat_detector.hebcal_gate: Hebcal refreshed: candles=1790349180.0 havdalah=1790439720.0
2026-09-25 21:05:03 [INFO] shabbat_detector.cycle_analyzer: Cycle aborted: returned to BOTTOM without reaching TOP
2026-09-25 21:06:55 [INFO] shabbat_detector.hebcal_gate: Hebcal refreshed: candles=1790349180.0 havdalah=1790439720.0
2026-09-25 21:16:39 [INFO] shabbat_detector.hebcal_gate: Hebcal refreshed: candles=1790349180.0 havdalah=1790439720.0
2026-09-25 21:17:41 [INFO] shabbat_detector.cycle_analyzer: Cycle aborted: returned to BOTTOM without reaching TOP
2026-09-25 21:27:06 [INFO] shabbat_detector.hebcal_gate: Hebcal refreshed: candles=1790349180.0 havdalah=1790439720.0
2026-09-25 21:31:35 [INFO] shabbat_detector.cycle_analyzer: Cycle aborted: returned to BOTTOM without reaching TOP
2026-09-25 21:37:39 [INFO] shabbat_detector.hebcal_gate: Hebcal refreshed: candles=1790349180.0 havdalah=1790439720.0
2026-09-25 21:43:27 [INFO] shabbat_detector.cycle_analyzer: Cycle aborted: returned to BOTTOM without reaching TOP
2026-09-25 21:47:37 [INFO] shabbat_detector.hebcal_gate: Hebcal refreshed: candles=1790349180.0 havdalah=1790439720.0
2026-09-25 21:56:37 [INFO] shabbat_detector.cycle_analyzer: Cycle aborted: returned to BOTTOM without reaching TOP
2026-09-25 21:58:05 [INFO] shabbat_detector.hebcal_gate: Hebcal refreshed: candles=1790349180.0 havdalah=1790439720.0
2026-09-25 22:09:15 [INFO] shabbat_detector.cycle_analyzer: Cycle aborted: returned to BOTTOM without reaching TOP
2026-09-25 22:09:36 [INFO] shabbat_detector.hebcal_gate: Hebcal refreshed: candles=1790349180.0 havdalah=1790439720.0
2026-09-25 22:19:52 [INFO] shabbat_detector.hebcal_gate: Hebcal refreshed: candles=1790349180.0 havdalah=1790439720.0
2026-09-25 22:21:53 [INFO] shabbat_detector.cycle_analyzer: Cycle aborted: returned to BOTTOM without reaching TOP
2026-09-25 22:22:30 [INFO] shabbat_detector.schedule_windows: Schedule windows refreshed: 5 start(s), 2 end(s) (geo=294071, diaspora=True)
2026-09-25 22:30:18 [INFO] shabbat_detector.hebcal_gate: Hebcal refreshed: candles=1790349180.0 havdalah=1790439720.0
2026-09-25 22:33:32 [INFO] shabbat_detector.cycle_analyzer: Cycle aborted: returned to BOTTOM without reaching TOP
2026-09-25 22:40:22 [INFO] shabbat_detector.hebcal_gate: Hebcal refreshed: candles=1790349180.0 havdalah=1790439720.0
2026-09-25 22:47:09 [INFO] shabbat_detector.cycle_analyzer: Cycle aborted: returned to BOTTOM without reaching TOP
2026-09-25 22:50:14 [INFO] shabbat_detector.hebcal_gate: Hebcal refreshed: candles=1790349180.0 havdalah=1790439720.0
2026-09-25 22:59:47 [INFO] shabbat_detector.cycle_analyzer: Cycle aborted: returned to BOTTOM without reaching TOP
2026-09-25 23:00:42 [INFO] shabbat_detector.hebcal_gate: Hebcal refreshed: candles=1790349180.0 havdalah=1790439720.0
2026-09-25 23:12:44 [INFO] shabbat_detector.hebcal_gate: Hebcal refreshed: candles=1790349180.0 havdalah=1790439720.0
2026-09-25 23:12:44 [INFO] shabbat_detector.cycle_analyzer: Cycle aborted: returned to BOTTOM without reaching TOP
2026-09-25 23:21:24 [INFO] shabbat_detector.hebcal_gate: Hebcal refreshed: candles=1790349180.0 havdalah=1790439720.0
2026-09-25 23:24:03 [INFO] shabbat_detector.cycle_analyzer: Cycle aborted: returned to BOTTOM without reaching TOP
2026-09-25 23:31:53 [INFO] shabbat_detector.hebcal_gate: Hebcal refreshed: candles=1790349180.0 havdalah=1790439720.0
2026-09-25 23:37:40 [INFO] shabbat_detector.cycle_analyzer: Cycle aborted: returned to BOTTOM without reaching TOP
2026-09-25 23:41:27 [INFO] shabbat_detector.hebcal_gate: Hebcal refreshed: candles=1790349180.0 havdalah=1790439720.0
2026-09-25 23:49:30 [INFO] shabbat_detector.cycle_analyzer: Cycle aborted: returned to BOTTOM without reaching TOP
2026-09-25 23:51:43 [INFO] shabbat_detector.hebcal_gate: Hebcal refreshed: candles=1790349180.0 havdalah=1790439720.0
2026-09-26 00:02:05 [INFO] shabbat_detector.cycle_analyzer: Cycle aborted: returned to BOTTOM without reaching TOP
2026-09-26 00:02:38 [INFO] shabbat_detector.hebcal_gate: Hebcal refreshed: candles=1790349180.0 havdalah=1790439720.0
2026-09-26 00:12:23 [INFO] shabbat_detector.hebcal_gate: Hebcal refreshed: candles=1790349180.0 havdalah=1790439720.0
2026-09-26 00:14:44 [INFO] shabbat_detector.cycle_analyzer: Cycle aborted: returned to BOTTOM without reaching TOP
2026-09-26 00:22:54 [INFO] shabbat_detector.hebcal_gate: Hebcal refreshed: candles=1790349180.0 havdalah=1790439720.0
2026-09-26 00:27:23 [INFO] shabbat_detector.cycle_analyzer: Cycle aborted: returned to BOTTOM without reaching TOP
2026-09-26 00:32:58 [INFO] shabbat_detector.hebcal_gate: Hebcal refreshed: candles=1790349180.0 havdalah=1790439720.0
2026-09-26 00:40:02 [INFO] shabbat_detector.cycle_analyzer: Cycle aborted: returned to BOTTOM without reaching TOP
2026-09-26 00:42:50 [INFO] shabbat_detector.hebcal_gate: Hebcal refreshed: candles=1790349180.0 havdalah=1790439720.0
2026-09-26 00:52:23 [INFO] shabbat_detector.cycle_analyzer: Cycle aborted: returned to BOTTOM without reaching TOP
2026-09-26 00:53:18 [INFO] shabbat_detector.hebcal_gate: Hebcal refreshed: candles=1790349180.0 havdalah=1790439720.0
2026-09-26 01:05:04 [INFO] shabbat_detector.hebcal_gate: Hebcal refreshed: candles=1790349180.0 havdalah=1790439720.0
2026-09-26 01:05:04 [INFO] shabbat_detector.cycle_analyzer: Cycle aborted: returned to BOTTOM without reaching TOP
2026-09-26 01:14:01 [INFO] shabbat_detector.hebcal_gate: Hebcal refreshed: candles=1790349180.0 havdalah=1790439720.0
2026-09-26 01:16:40 [INFO] shabbat_detector.cycle_analyzer: Cycle aborted: returned to BOTTOM without reaching TOP
2026-09-26 01:24:32 [INFO] shabbat_detector.hebcal_gate: Hebcal refreshed: candles=1790349180.0 havdalah=1790439720.0
2026-09-26 01:30:37 [INFO] shabbat_detector.cycle_analyzer: Cycle aborted: returned to BOTTOM without reaching TOP
2026-09-26 01:34:06 [INFO] shabbat_detector.hebcal_gate: Hebcal refreshed: candles=1790349180.0 havdalah=1790439720.0
2026-09-26 01:43:15 [INFO] shabbat_detector.cycle_analyzer: Cycle aborted: returned to BOTTOM without reaching TOP
2026-09-26 01:44:54 [INFO] shabbat_detector.hebcal_gate: Hebcal refreshed: candles=1790349180.0 havdalah=1790439720.0
2026-09-26 01:54:36 [INFO] shabbat_detector.cycle_analyzer: Cycle aborted: returned to BOTTOM without reaching TOP
2026-09-26 01:56:27 [INFO] shabbat_detector.hebcal_gate: Hebcal refreshed: candles=1790349180.0 havdalah=1790439720.0
2026-09-26 02:06:14 [INFO] shabbat_detector.hebcal_gate: Hebcal refreshed: candles=1790349180.0 havdalah=1790439720.0
2026-09-26 02:07:14 [INFO] shabbat_detector.cycle_analyzer: Cycle aborted: returned to BOTTOM without reaching TOP
2026-09-26 03:01:21 [WARNING] shabbat_detector.firebase_client: Elevator stream reconnecting in 1s
2026-09-26 03:01:23 [INFO] shabbat_detector.firebase_client: SSE stream connecting: https://nitzaelev-default-rtdb.europe-west1.firebasedatabase.app/elevators/B.json
2026-09-26 03:02:18 [INFO] shabbat_detector.firebase_client: SSE stream connecting: https://nitzaelev-default-rtdb.europe-west1.firebasedatabase.app/elevator_configs/B.json
2026-09-26 03:02:30 [INFO] shabbat_detector.firebase_client: SSE stream connecting: https://nitzaelev-default-rtdb.europe-west1.firebasedatabase.app/settings.json
2026-09-26 03:04:18 [INFO] detector: Config updated remotely (keys=['AUTO_LEARN_CONFIG', 'BOTTOM_FLOOR', 'DISPLAY_NAME', 'FLOOR_WAITS', 'SHABBAT_ACTIVE', 'SHABBAT_BREAK_ACTIVE', 'SHABBAT_DETECTOR', 'SHABBAT_MODE', 'STOPPING_FLOORS', 'STOPPING_FLOORS_DOWN', 'STOPPING_FLOORS_UP', 'TIME_PASS_FLOOR', 'TIME_PER_FLOOR', 'TOP_FLOOR', 'VISIBLE_FLOORS', 'secret_key'])
2026-09-26 04:03:06 [WARNING] shabbat_detector.firebase_client: Elevator stream reconnecting in 4s
2026-09-26 04:03:10 [INFO] shabbat_detector.firebase_client: SSE stream connecting: https://nitzaelev-default-rtdb.europe-west1.firebasedatabase.app/elevators/B.json
2026-09-26 04:22:31 [INFO] shabbat_detector.schedule_windows: Schedule windows refreshed: 5 start(s), 2 end(s) (geo=294071, diaspora=True)
2026-09-26 06:00:52 [INFO] shabbat_detector.hebcal_gate: Hebcal refreshed: candles=1790349180.0 havdalah=1790439720.0
2026-09-26 06:00:52 [INFO] shabbat_detector.cycle_analyzer: Elevator idle 14045s - resetting cycle (was in _Phase.LEG_ONE)
2026-09-26 06:11:07 [INFO] shabbat_detector.hebcal_gate: Hebcal refreshed: candles=1790349180.0 havdalah=1790439720.0
2026-09-26 06:12:40 [INFO] shabbat_detector.cycle_analyzer: Cycle aborted: returned to BOTTOM without reaching TOP
2026-09-26 06:21:34 [INFO] shabbat_detector.hebcal_gate: Hebcal refreshed: candles=1790349180.0 havdalah=1790439720.0
2026-09-26 06:24:46 [INFO] shabbat_detector.cycle_analyzer: Cycle aborted: returned to BOTTOM without reaching TOP
2026-09-26 06:32:07 [INFO] shabbat_detector.hebcal_gate: Hebcal refreshed: candles=1790349180.0 havdalah=1790439720.0
2026-09-26 06:38:23 [INFO] shabbat_detector.cycle_analyzer: Cycle aborted: returned to BOTTOM without reaching TOP
2026-09-26 06:42:02 [INFO] shabbat_detector.hebcal_gate: Hebcal refreshed: candles=1790349180.0 havdalah=1790439720.0
2026-09-26 06:51:02 [INFO] shabbat_detector.cycle_analyzer: Cycle aborted: returned to BOTTOM without reaching TOP
2026-09-26 06:53:00 [INFO] shabbat_detector.hebcal_gate: Hebcal refreshed: candles=1790349180.0 havdalah=1790439720.0
2026-09-26 07:03:41 [INFO] shabbat_detector.cycle_analyzer: Cycle aborted: returned to BOTTOM without reaching TOP
2026-09-26 07:04:01 [INFO] shabbat_detector.hebcal_gate: Hebcal refreshed: candles=1790349180.0 havdalah=1790439720.0
2026-09-26 07:14:17 [INFO] shabbat_detector.hebcal_gate: Hebcal refreshed: candles=1790349180.0 havdalah=1790439720.0
2026-09-26 07:15:47 [INFO] shabbat_detector.cycle_analyzer: Cycle aborted: returned to BOTTOM without reaching TOP
2026-09-26 07:24:43 [INFO] shabbat_detector.hebcal_gate: Hebcal refreshed: candles=1790349180.0 havdalah=1790439720.0
2026-09-26 07:27:54 [INFO] shabbat_detector.cycle_analyzer: Cycle aborted: returned to BOTTOM without reaching TOP
2026-09-26 07:35:15 [INFO] shabbat_detector.hebcal_gate: Hebcal refreshed: candles=1790349180.0 havdalah=1790439720.0
2026-09-26 07:41:02 [INFO] shabbat_detector.cycle_analyzer: Cycle aborted: returned to BOTTOM without reaching TOP
2026-09-26 07:45:13 [INFO] shabbat_detector.hebcal_gate: Hebcal refreshed: candles=1790349180.0 havdalah=1790439720.0
2026-09-26 07:53:11 [INFO] shabbat_detector.cycle_analyzer: Cycle aborted: returned to BOTTOM without reaching TOP
2026-09-26 07:56:09 [INFO] shabbat_detector.hebcal_gate: Hebcal refreshed: candles=1790349180.0 havdalah=1790439720.0
2026-09-26 08:06:18 [INFO] shabbat_detector.cycle_analyzer: Cycle aborted: returned to BOTTOM without reaching TOP
2026-09-26 08:07:39 [INFO] shabbat_detector.hebcal_gate: Hebcal refreshed: candles=1790349180.0 havdalah=1790439720.0
2026-09-26 08:17:28 [INFO] shabbat_detector.hebcal_gate: Hebcal refreshed: candles=1790349180.0 havdalah=1790439720.0
2026-09-26 08:18:59 [INFO] shabbat_detector.cycle_analyzer: Cycle aborted: returned to BOTTOM without reaching TOP
2026-09-26 08:28:02 [INFO] shabbat_detector.hebcal_gate: Hebcal refreshed: candles=1790349180.0 havdalah=1790439720.0
2026-09-26 08:32:15 [INFO] shabbat_detector.cycle_analyzer: Cycle aborted: returned to BOTTOM without reaching TOP
2026-09-26 08:38:08 [INFO] shabbat_detector.hebcal_gate: Hebcal refreshed: candles=1790349180.0 havdalah=1790439720.0
2026-09-26 08:45:14 [INFO] shabbat_detector.cycle_analyzer: Cycle aborted: returned to BOTTOM without reaching TOP
2026-09-26 08:48:02 [INFO] shabbat_detector.hebcal_gate: Hebcal refreshed: candles=1790349180.0 havdalah=1790439720.0
2026-09-26 08:57:30 [INFO] shabbat_detector.cycle_analyzer: Cycle aborted: returned to BOTTOM without reaching TOP
2026-09-26 08:58:25 [INFO] shabbat_detector.hebcal_gate: Hebcal refreshed: candles=1790349180.0 havdalah=1790439720.0
2026-09-26 09:10:09 [INFO] shabbat_detector.hebcal_gate: Hebcal refreshed: candles=1790349180.0 havdalah=1790439720.0
2026-09-26 09:10:09 [INFO] shabbat_detector.cycle_analyzer: Cycle aborted: returned to BOTTOM without reaching TOP
2026-09-26 09:19:06 [INFO] shabbat_detector.hebcal_gate: Hebcal refreshed: candles=1790349180.0 havdalah=1790439720.0
2026-09-26 09:23:08 [INFO] shabbat_detector.cycle_analyzer: Cycle aborted: returned to BOTTOM without reaching TOP
2026-09-26 09:29:38 [INFO] shabbat_detector.hebcal_gate: Hebcal refreshed: candles=1790349180.0 havdalah=1790439720.0
2026-09-26 09:34:56 [INFO] shabbat_detector.cycle_analyzer: Cycle aborted: returned to BOTTOM without reaching TOP
2026-09-26 09:39:16 [INFO] shabbat_detector.hebcal_gate: Hebcal refreshed: candles=1790349180.0 havdalah=1790439720.0
2026-09-26 09:48:14 [INFO] shabbat_detector.cycle_analyzer: Cycle aborted: returned to BOTTOM without reaching TOP
2026-09-26 09:49:41 [INFO] shabbat_detector.hebcal_gate: Hebcal refreshed: candles=1790349180.0 havdalah=1790439720.0
2026-09-26 10:01:16 [INFO] shabbat_detector.cycle_analyzer: Cycle aborted: returned to BOTTOM without reaching TOP
2026-09-26 10:01:18 [INFO] shabbat_detector.hebcal_gate: Hebcal refreshed: candles=1790349180.0 havdalah=1790439720.0
2026-09-26 10:11:33 [INFO] shabbat_detector.hebcal_gate: Hebcal refreshed: candles=1790349180.0 havdalah=1790439720.0
2026-09-26 10:13:37 [INFO] shabbat_detector.cycle_analyzer: Cycle aborted: returned to BOTTOM without reaching TOP
2026-09-26 10:22:02 [INFO] shabbat_detector.hebcal_gate: Hebcal refreshed: candles=1790349180.0 havdalah=1790439720.0
2026-09-26 10:22:33 [INFO] shabbat_detector.schedule_windows: Schedule windows refreshed: 5 start(s), 2 end(s) (geo=294071, diaspora=True)
2026-09-26 10:25:15 [INFO] shabbat_detector.cycle_analyzer: Cycle aborted: returned to BOTTOM without reaching TOP
2026-09-26 10:32:34 [INFO] shabbat_detector.hebcal_gate: Hebcal refreshed: candles=1790349180.0 havdalah=1790439720.0
2026-09-26 10:37:50 [INFO] shabbat_detector.cycle_analyzer: Cycle aborted: returned to BOTTOM without reaching TOP
2026-09-26 10:42:33 [INFO] shabbat_detector.hebcal_gate: Hebcal refreshed: candles=1790349180.0 havdalah=1790439720.0
2026-09-26 10:51:35 [INFO] shabbat_detector.cycle_analyzer: Cycle aborted: returned to BOTTOM without reaching TOP
2026-09-26 10:52:16 [INFO] shabbat_detector.hebcal_gate: Hebcal refreshed: candles=1790349180.0 havdalah=1790439720.0
2026-09-26 11:02:33 [INFO] shabbat_detector.hebcal_gate: Hebcal refreshed: candles=1790349180.0 havdalah=1790439720.0
2026-09-26 11:04:34 [INFO] shabbat_detector.cycle_analyzer: Cycle aborted: returned to BOTTOM without reaching TOP
2026-09-26 11:12:59 [INFO] shabbat_detector.hebcal_gate: Hebcal refreshed: candles=1790349180.0 havdalah=1790439720.0
2026-09-26 11:16:43 [INFO] shabbat_detector.cycle_analyzer: Cycle aborted: returned to BOTTOM without reaching TOP
2026-09-26 11:23:33 [INFO] shabbat_detector.hebcal_gate: Hebcal refreshed: candles=1790349180.0 havdalah=1790439720.0
2026-09-26 11:29:50 [INFO] shabbat_detector.cycle_analyzer: Cycle aborted: returned to BOTTOM without reaching TOP
2026-09-26 11:32:55 [INFO] shabbat_detector.hebcal_gate: Hebcal refreshed: candles=1790349180.0 havdalah=1790439720.0
2026-09-26 11:41:36 [INFO] shabbat_detector.cycle_analyzer: Cycle aborted: returned to BOTTOM without reaching TOP
2026-09-26 11:43:48 [INFO] shabbat_detector.hebcal_gate: Hebcal refreshed: candles=1790349180.0 havdalah=1790439720.0
2026-09-26 11:53:28 [INFO] shabbat_detector.cycle_analyzer: Cycle aborted: returned to BOTTOM without reaching TOP
2026-09-26 11:54:18 [INFO] shabbat_detector.hebcal_gate: Hebcal refreshed: candles=1790349180.0 havdalah=1790439720.0
2026-09-26 12:04:30 [INFO] shabbat_detector.hebcal_gate: Hebcal refreshed: candles=1790349180.0 havdalah=1790439720.0
2026-09-26 12:05:35 [INFO] shabbat_detector.cycle_analyzer: Cycle aborted: returned to BOTTOM without reaching TOP
2026-09-26 12:14:46 [INFO] shabbat_detector.hebcal_gate: Hebcal refreshed: candles=1790349180.0 havdalah=1790439720.0
2026-09-26 12:16:53 [INFO] shabbat_detector.cycle_analyzer: Cycle aborted: returned to BOTTOM without reaching TOP
2026-09-26 12:25:18 [INFO] shabbat_detector.hebcal_gate: Hebcal refreshed: candles=1790349180.0 havdalah=1790439720.0
2026-09-26 12:30:06 [INFO] shabbat_detector.cycle_analyzer: Cycle aborted: returned to BOTTOM without reaching TOP
2026-09-26 12:34:56 [INFO] shabbat_detector.hebcal_gate: Hebcal refreshed: candles=1790349180.0 havdalah=1790439720.0
2026-09-26 12:42:42 [INFO] shabbat_detector.cycle_analyzer: Cycle aborted: returned to BOTTOM without reaching TOP
2026-09-26 12:45:12 [INFO] shabbat_detector.hebcal_gate: Hebcal refreshed: candles=1790349180.0 havdalah=1790439720.0
2026-09-26 12:55:20 [INFO] shabbat_detector.cycle_analyzer: Cycle aborted: returned to BOTTOM without reaching TOP
2026-09-26 12:56:10 [INFO] shabbat_detector.hebcal_gate: Hebcal refreshed: candles=1790349180.0 havdalah=1790439720.0
2026-09-26 13:06:24 [INFO] shabbat_detector.hebcal_gate: Hebcal refreshed: candles=1790349180.0 havdalah=1790439720.0
2026-09-26 13:08:45 [INFO] shabbat_detector.cycle_analyzer: Cycle aborted: returned to BOTTOM without reaching TOP
2026-09-26 13:17:23 [INFO] shabbat_detector.hebcal_gate: Hebcal refreshed: candles=1790349180.0 havdalah=1790439720.0
2026-09-26 13:21:23 [INFO] shabbat_detector.cycle_analyzer: Cycle aborted: returned to BOTTOM without reaching TOP
2026-09-26 13:27:26 [INFO] shabbat_detector.hebcal_gate: Hebcal refreshed: candles=1790349180.0 havdalah=1790439720.0
2026-09-26 13:33:13 [INFO] shabbat_detector.cycle_analyzer: Cycle aborted: returned to BOTTOM without reaching TOP
2026-09-26 13:37:23 [INFO] shabbat_detector.hebcal_gate: Hebcal refreshed: candles=1790349180.0 havdalah=1790439720.0
2026-09-26 13:45:22 [INFO] shabbat_detector.cycle_analyzer: Cycle aborted: returned to BOTTOM without reaching TOP
2026-09-26 13:48:21 [INFO] shabbat_detector.hebcal_gate: Hebcal refreshed: candles=1790349180.0 havdalah=1790439720.0
2026-09-26 13:58:01 [INFO] shabbat_detector.cycle_analyzer: Cycle aborted: returned to BOTTOM without reaching TOP
2026-09-26 13:59:51 [INFO] shabbat_detector.hebcal_gate: Hebcal refreshed: candles=1790349180.0 havdalah=1790439720.0
2026-09-26 14:09:36 [INFO] shabbat_detector.hebcal_gate: Hebcal refreshed: candles=1790349180.0 havdalah=1790439720.0
2026-09-26 14:10:38 [INFO] shabbat_detector.cycle_analyzer: Cycle aborted: returned to BOTTOM without reaching TOP
2026-09-26 14:20:04 [INFO] shabbat_detector.hebcal_gate: Hebcal refreshed: candles=1790349180.0 havdalah=1790439720.0
2026-09-26 14:23:18 [INFO] shabbat_detector.cycle_analyzer: Cycle aborted: returned to BOTTOM without reaching TOP
2026-09-26 14:30:08 [INFO] shabbat_detector.hebcal_gate: Hebcal refreshed: candles=1790349180.0 havdalah=1790439720.0
2026-09-26 14:36:26 [INFO] shabbat_detector.cycle_analyzer: Cycle aborted: returned to BOTTOM without reaching TOP
2026-09-26 14:40:03 [INFO] shabbat_detector.hebcal_gate: Hebcal refreshed: candles=1790349180.0 havdalah=1790439720.0
2026-09-26 14:49:35 [INFO] shabbat_detector.cycle_analyzer: Cycle aborted: returned to BOTTOM without reaching TOP
2026-09-26 14:50:29 [INFO] shabbat_detector.hebcal_gate: Hebcal refreshed: candles=1790349180.0 havdalah=1790439720.0
2026-09-26 15:01:19 [INFO] shabbat_detector.hebcal_gate: Hebcal refreshed: candles=1790349180.0 havdalah=1790439720.0
2026-09-26 15:01:19 [INFO] shabbat_detector.cycle_analyzer: Cycle aborted: returned to BOTTOM without reaching TOP
2026-09-26 15:11:03 [INFO] shabbat_detector.hebcal_gate: Hebcal refreshed: candles=1790349180.0 havdalah=1790439720.0
2026-09-26 15:13:38 [INFO] shabbat_detector.cycle_analyzer: Cycle aborted: returned to BOTTOM without reaching TOP
2026-09-26 15:21:03 [INFO] shabbat_detector.hebcal_gate: Hebcal refreshed: candles=1790349180.0 havdalah=1790439720.0
2026-09-26 15:24:48 [INFO] shabbat_detector.cycle_analyzer: Cycle aborted: returned to BOTTOM without reaching TOP
2026-09-26 15:31:48 [INFO] shabbat_detector.hebcal_gate: Hebcal refreshed: candles=1790349180.0 havdalah=1790439720.0
2026-09-26 15:38:35 [INFO] shabbat_detector.cycle_analyzer: Cycle aborted: returned to BOTTOM without reaching TOP
2026-09-26 15:41:38 [INFO] shabbat_detector.hebcal_gate: Hebcal refreshed: candles=1790349180.0 havdalah=1790439720.0
2026-09-26 15:50:45 [INFO] shabbat_detector.cycle_analyzer: Cycle aborted: returned to BOTTOM without reaching TOP
2026-09-26 15:52:35 [INFO] shabbat_detector.hebcal_gate: Hebcal refreshed: candles=1790349180.0 havdalah=1790439720.0
2026-09-26 16:02:21 [INFO] shabbat_detector.hebcal_gate: Hebcal refreshed: candles=1790349180.0 havdalah=1790439720.0
2026-09-26 16:03:53 [INFO] shabbat_detector.cycle_analyzer: Cycle aborted: returned to BOTTOM without reaching TOP
2026-09-26 16:12:47 [INFO] shabbat_detector.hebcal_gate: Hebcal refreshed: candles=1790349180.0 havdalah=1790439720.0
2026-09-26 16:17:02 [INFO] shabbat_detector.cycle_analyzer: Cycle aborted: returned to BOTTOM without reaching TOP
2026-09-26 16:22:34 [INFO] shabbat_detector.schedule_windows: Schedule windows refreshed: 5 start(s), 2 end(s) (geo=294071, diaspora=True)
2026-09-26 16:22:51 [INFO] shabbat_detector.hebcal_gate: Hebcal refreshed: candles=1790349180.0 havdalah=1790439720.0
2026-09-26 16:28:37 [INFO] shabbat_detector.cycle_analyzer: Cycle aborted: returned to BOTTOM without reaching TOP
2026-09-26 16:32:42 [INFO] shabbat_detector.hebcal_gate: Hebcal refreshed: candles=1790349180.0 havdalah=1790439720.0
2026-09-26 16:42:40 [INFO] shabbat_detector.cycle_analyzer: Cycle aborted: returned to BOTTOM without reaching TOP
2026-09-26 16:43:12 [INFO] shabbat_detector.hebcal_gate: Hebcal refreshed: candles=1790349180.0 havdalah=1790439720.0
2026-09-26 16:53:03 [INFO] shabbat_detector.hebcal_gate: Hebcal refreshed: candles=1790349180.0 havdalah=1790439720.0
2026-09-26 16:55:05 [INFO] shabbat_detector.cycle_analyzer: Cycle aborted: returned to BOTTOM without reaching TOP
2026-09-26 17:03:30 [INFO] shabbat_detector.hebcal_gate: Hebcal refreshed: candles=1790349180.0 havdalah=1790439720.0
2026-09-26 17:06:50 [INFO] shabbat_detector.cycle_analyzer: Cycle aborted: returned to BOTTOM without reaching TOP
2026-09-26 17:13:53 [INFO] shabbat_detector.hebcal_gate: Hebcal refreshed: candles=1790349180.0 havdalah=1790439720.0
2026-09-26 17:19:10 [INFO] shabbat_detector.cycle_analyzer: Cycle aborted: returned to BOTTOM without reaching TOP
2026-09-26 17:23:33 [INFO] shabbat_detector.hebcal_gate: Hebcal refreshed: candles=1790349180.0 havdalah=1790439720.0
2026-09-26 17:32:07 [INFO] shabbat_detector.cycle_analyzer: Cycle aborted: returned to BOTTOM without reaching TOP
2026-09-26 17:33:49 [INFO] shabbat_detector.hebcal_gate: Hebcal refreshed: candles=1790349180.0 havdalah=1790439720.0
2026-09-26 17:43:30 [INFO] shabbat_detector.cycle_analyzer: Cycle aborted: returned to BOTTOM without reaching TOP
2026-09-26 17:45:19 [INFO] shabbat_detector.hebcal_gate: Hebcal refreshed: candles=1790349180.0 havdalah=1790439720.0
2026-09-26 17:55:03 [INFO] shabbat_detector.hebcal_gate: Hebcal refreshed: candles=1790349180.0 havdalah=1790439720.0
2026-09-26 17:57:06 [INFO] shabbat_detector.cycle_analyzer: Cycle aborted: returned to BOTTOM without reaching TOP
2026-09-26 18:05:31 [INFO] shabbat_detector.hebcal_gate: Hebcal refreshed: candles=1790349180.0 havdalah=1790439720.0
2026-09-26 18:08:44 [INFO] shabbat_detector.cycle_analyzer: Cycle aborted: returned to BOTTOM without reaching TOP
2026-09-26 18:15:46 [INFO] shabbat_detector.hebcal_gate: Hebcal refreshed: candles=1790349180.0 havdalah=1790439720.0
2026-09-26 18:20:33 [INFO] shabbat_detector.cycle_analyzer: Cycle aborted: returned to BOTTOM without reaching TOP
2026-09-26 18:25:25 [INFO] shabbat_detector.hebcal_gate: Hebcal refreshed: candles=1790349180.0 havdalah=1790439720.0
2026-09-26 18:32:43 [INFO] shabbat_detector.cycle_analyzer: Cycle aborted: returned to BOTTOM without reaching TOP
2026-09-26 18:36:11 [INFO] shabbat_detector.hebcal_gate: Hebcal refreshed: candles=1790349180.0 havdalah=1790439720.0
2026-09-26 18:46:20 [INFO] shabbat_detector.cycle_analyzer: Cycle aborted: returned to BOTTOM without reaching TOP
2026-09-26 18:46:41 [INFO] shabbat_detector.hebcal_gate: Hebcal refreshed: candles=1790349180.0 havdalah=1790439720.0
2026-09-26 18:56:56 [INFO] shabbat_detector.hebcal_gate: Hebcal refreshed: candles=1790349180.0 havdalah=1790439720.0
2026-09-26 18:57:59 [INFO] shabbat_detector.cycle_analyzer: Cycle aborted: returned to BOTTOM without reaching TOP
2026-09-26 19:07:25 [INFO] shabbat_detector.hebcal_gate: Hebcal refreshed: candles=1790349180.0 havdalah=1790439720.0
2026-09-26 19:11:55 [INFO] shabbat_detector.cycle_analyzer: Cycle aborted: returned to BOTTOM without reaching TOP
2026-09-26 19:18:26 [INFO] shabbat_detector.hebcal_gate: Hebcal refreshed: candles=1790349180.0 havdalah=1790439720.0
2026-09-26 19:23:17 [INFO] shabbat_detector.cycle_analyzer: Cycle aborted: returned to BOTTOM without reaching TOP
2026-09-26 19:27:54 [INFO] shabbat_detector.hebcal_gate: Hebcal refreshed: candles=1790349180.0 havdalah=1790439720.0
2026-09-26 19:35:57 [INFO] shabbat_detector.cycle_analyzer: Cycle aborted: returned to BOTTOM without reaching TOP
2026-09-26 19:37:50 [INFO] shabbat_detector.hebcal_gate: Hebcal refreshed: candles=1790349180.0 havdalah=1790439720.0
2026-09-26 19:38:04 [INFO] detector: SCHEDULE TRANSITION: SHABBAT_ACTIVE := False | סיבה: יציאה ממצב שבת לפי לוח זמנים - 30 דק' אחרי הבדלה
2026-09-26 19:38:34 [INFO] detector: Config updated remotely (keys=['SHABBAT_ACTIVE', 'SHABBAT_DETECTOR'])
2026-09-26 19:49:36 [INFO] shabbat_detector.hebcal_gate: Hebcal refreshed: candles=1790349180.0 havdalah=1790439720.0
2026-09-26 19:49:36 [INFO] shabbat_detector.cycle_analyzer: Cycle aborted: returned to BOTTOM without reaching TOP
2026-09-26 19:58:38 [INFO] shabbat_detector.hebcal_gate: Hebcal refreshed: candles=1790349180.0 havdalah=1790439720.0
2026-09-26 20:02:40 [INFO] shabbat_detector.cycle_analyzer: Cycle aborted: returned to BOTTOM without reaching TOP
2026-09-26 20:09:12 [INFO] shabbat_detector.hebcal_gate: Hebcal refreshed: candles=1790349180.0 havdalah=1790439720.0
2026-09-26 20:15:18 [INFO] shabbat_detector.cycle_analyzer: Cycle aborted: returned to BOTTOM without reaching TOP
2026-09-26 20:18:46 [INFO] shabbat_detector.hebcal_gate: Hebcal refreshed: candles=1790349180.0 havdalah=1790439720.0
2026-09-26 20:27:08 [INFO] shabbat_detector.cycle_analyzer: Cycle aborted: returned to BOTTOM without reaching TOP
2026-09-26 20:29:05 [INFO] shabbat_detector.hebcal_gate: Hebcal refreshed: candles=1790349180.0 havdalah=1790439720.0
2026-09-26 20:40:16 [INFO] shabbat_detector.cycle_analyzer: Cycle aborted: returned to BOTTOM without reaching TOP
2026-09-26 20:40:37 [INFO] shabbat_detector.hebcal_gate: Hebcal refreshed: candles=1790349180.0 havdalah=1790439720.0
2026-09-26 20:50:50 [INFO] shabbat_detector.hebcal_gate: Hebcal refreshed: candles=1790349180.0 havdalah=1790439720.0
2026-09-26 20:52:54 [INFO] shabbat_detector.cycle_analyzer: Cycle aborted: returned to BOTTOM without reaching TOP
2026-09-26 21:01:18 [INFO] shabbat_detector.hebcal_gate: Hebcal refreshed: candles=1790349180.0 havdalah=1790439720.0
2026-09-26 21:04:33 [INFO] shabbat_detector.cycle_analyzer: Cycle aborted: returned to BOTTOM without reaching TOP
2026-09-26 21:11:56 [INFO] shabbat_detector.hebcal_gate: Hebcal refreshed: candles=1790349180.0 havdalah=1790439720.0
2026-09-26 21:18:30 [INFO] shabbat_detector.cycle_analyzer: Cycle aborted: returned to BOTTOM without reaching TOP
2026-09-26 21:21:18 [INFO] shabbat_detector.hebcal_gate: Hebcal refreshed: candles=1790349180.0 havdalah=1790439720.0
2026-09-26 21:30:22 [INFO] shabbat_detector.cycle_analyzer: Cycle aborted: returned to BOTTOM without reaching TOP
2026-09-26 21:31:46 [INFO] shabbat_detector.hebcal_gate: Hebcal refreshed: candles=1790349180.0 havdalah=1790439720.0
2026-09-26 21:43:48 [INFO] shabbat_detector.hebcal_gate: Hebcal refreshed: candles=1790349180.0 havdalah=1790439720.0
2026-09-26 21:43:48 [INFO] shabbat_detector.cycle_analyzer: Cycle aborted: returned to BOTTOM without reaching TOP
2026-09-26 21:52:27 [INFO] shabbat_detector.hebcal_gate: Hebcal refreshed: candles=1790349180.0 havdalah=1790439720.0
2026-09-26 21:55:39 [INFO] shabbat_detector.cycle_analyzer: Cycle aborted: returned to BOTTOM without reaching TOP
2026-09-26 22:03:00 [INFO] shabbat_detector.hebcal_gate: Hebcal refreshed: candles=1790349180.0 havdalah=1790439720.0
2026-09-26 22:08:49 [INFO] shabbat_detector.cycle_analyzer: Cycle aborted: returned to BOTTOM without reaching TOP
2026-09-26 22:12:35 [INFO] shabbat_detector.hebcal_gate: Hebcal refreshed: candles=1790349180.0 havdalah=1790439720.0
2026-09-26 22:20:26 [INFO] shabbat_detector.cycle_analyzer: Cycle aborted: returned to BOTTOM without reaching TOP
2026-09-26 22:22:35 [INFO] shabbat_detector.schedule_windows: Schedule windows refreshed: 5 start(s), 2 end(s) (geo=294071, diaspora=True)
2026-09-26 22:22:54 [INFO] shabbat_detector.hebcal_gate: Hebcal refreshed: candles=1790349180.0 havdalah=1790439720.0
2026-09-26 22:33:35 [INFO] shabbat_detector.cycle_analyzer: Cycle aborted: returned to BOTTOM without reaching TOP
2026-09-26 22:34:57 [INFO] shabbat_detector.hebcal_gate: Hebcal refreshed: candles=1790349180.0 havdalah=1790439720.0
2026-09-26 22:44:45 [INFO] shabbat_detector.hebcal_gate: Hebcal refreshed: candles=1790349180.0 havdalah=1790439720.0
2026-09-26 22:45:44 [INFO] shabbat_detector.cycle_analyzer: Cycle aborted: returned to BOTTOM without reaching TOP
2026-09-26 22:55:19 [INFO] shabbat_detector.hebcal_gate: Hebcal refreshed: candles=1790349180.0 havdalah=1790439720.0
2026-09-26 22:59:52 [INFO] shabbat_detector.cycle_analyzer: Cycle aborted: returned to BOTTOM without reaching TOP
2026-09-26 23:05:26 [INFO] shabbat_detector.hebcal_gate: Hebcal refreshed: candles=1790349180.0 havdalah=1790439720.0
2026-09-26 23:11:43 [INFO] shabbat_detector.cycle_analyzer: Cycle aborted: returned to BOTTOM without reaching TOP
2026-09-26 23:15:21 [INFO] shabbat_detector.hebcal_gate: Hebcal refreshed: candles=1790349180.0 havdalah=1790439720.0
2026-09-26 23:24:24 [INFO] shabbat_detector.cycle_analyzer: Cycle aborted: returned to BOTTOM without reaching TOP
2026-09-26 23:25:48 [INFO] shabbat_detector.hebcal_gate: Hebcal refreshed: candles=1790349180.0 havdalah=1790439720.0
2026-09-26 23:36:33 [INFO] shabbat_detector.hebcal_gate: Hebcal refreshed: candles=1790349180.0 havdalah=1790439720.0
2026-09-26 23:36:33 [INFO] shabbat_detector.cycle_analyzer: Cycle aborted: returned to BOTTOM without reaching TOP
2026-09-26 23:40:05 [INFO] detector: SCHEDULE TRANSITION: SHABBAT_ACTIVE := True | סיבה: כניסה למצב שבת לפי לוח זמנים - 20 דק' לפני הדלקת נרות
2026-09-26 23:42:05 [INFO] detector: Config updated remotely (keys=['SHABBAT_ACTIVE', 'SHABBAT_DETECTOR'])
2026-09-26 23:47:01 [INFO] shabbat_detector.hebcal_gate: Hebcal refreshed: candles=1790349180.0 havdalah=1790439720.0
2026-09-26 23:50:09 [INFO] shabbat_detector.cycle_analyzer: Cycle aborted: returned to BOTTOM without reaching TOP
2026-09-26 23:57:01 [INFO] shabbat_detector.hebcal_gate: Hebcal refreshed: candles=1790349180.0 havdalah=1790439720.0
2026-09-27 00:01:49 [INFO] shabbat_detector.cycle_analyzer: Cycle aborted: returned to BOTTOM without reaching TOP
2026-09-27 00:06:33 [INFO] shabbat_detector.hebcal_gate: Hebcal refreshed: candles=1790349180.0 havdalah=1790439720.0
2026-09-27 00:14:57 [INFO] shabbat_detector.cycle_analyzer: Cycle aborted: returned to BOTTOM without reaching TOP
2026-09-27 00:16:54 [INFO] shabbat_detector.hebcal_gate: Hebcal refreshed: candles=1790349180.0 havdalah=1790439720.0
2026-09-27 00:27:06 [INFO] shabbat_detector.cycle_analyzer: Cycle aborted: returned to BOTTOM without reaching TOP
2026-09-27 00:28:57 [INFO] shabbat_detector.hebcal_gate: Hebcal refreshed: candles=1790349180.0 havdalah=1790439720.0
2026-09-27 00:38:42 [INFO] shabbat_detector.hebcal_gate: Hebcal refreshed: candles=1790349180.0 havdalah=1790439720.0
2026-09-27 00:40:43 [INFO] shabbat_detector.cycle_analyzer: Cycle aborted: returned to BOTTOM without reaching TOP
2026-09-27 00:49:09 [INFO] shabbat_detector.hebcal_gate: Hebcal refreshed: candles=1790349180.0 havdalah=1790439720.0
2026-09-27 00:51:55 [INFO] shabbat_detector.cycle_analyzer: Cycle aborted: returned to BOTTOM without reaching TOP
2026-09-27 00:59:16 [INFO] shabbat_detector.hebcal_gate: Hebcal refreshed: candles=1790349180.0 havdalah=1790439720.0
2026-09-27 01:06:02 [INFO] shabbat_detector.cycle_analyzer: Cycle aborted: returned to BOTTOM without reaching TOP
2026-09-27 01:09:10 [INFO] shabbat_detector.hebcal_gate: Hebcal refreshed: candles=1790349180.0 havdalah=1790439720.0
2026-09-27 01:17:41 [INFO] shabbat_detector.cycle_analyzer: Cycle aborted: returned to BOTTOM without reaching TOP
2026-09-27 01:19:34 [INFO] shabbat_detector.hebcal_gate: Hebcal refreshed: candles=1790349180.0 havdalah=1790439720.0
2026-09-27 01:31:20 [INFO] shabbat_detector.hebcal_gate: Hebcal refreshed: candles=1790349180.0 havdalah=1790439720.0
2026-09-27 01:31:20 [INFO] shabbat_detector.cycle_analyzer: Cycle aborted: returned to BOTTOM without reaching TOP
2026-09-27 01:40:18 [INFO] shabbat_detector.hebcal_gate: Hebcal refreshed: candles=1790349180.0 havdalah=1790439720.0
2026-09-27 01:43:27 [INFO] shabbat_detector.cycle_analyzer: Cycle aborted: returned to BOTTOM without reaching TOP
2026-09-27 01:51:18 [INFO] shabbat_detector.hebcal_gate: Hebcal refreshed: candles=1790349180.0 havdalah=1790439720.0
2026-09-27 01:55:37 [INFO] shabbat_detector.cycle_analyzer: Cycle aborted: returned to BOTTOM without reaching TOP
2026-09-27 02:00:21 [INFO] shabbat_detector.hebcal_gate: Hebcal refreshed: candles=1790349180.0 havdalah=1790439720.0
2026-09-27 02:09:15 [INFO] shabbat_detector.cycle_analyzer: Cycle aborted: returned to BOTTOM without reaching TOP
2026-09-27 03:17:28 [INFO] shabbat_detector.firebase_client: SSE stream connecting: https://nitzaelev-default-rtdb.europe-west1.firebasedatabase.app/elevator_configs/B.json
2026-09-27 03:19:28 [INFO] detector: Config updated remotely (keys=['AUTO_LEARN_CONFIG', 'BOTTOM_FLOOR', 'DISPLAY_NAME', 'FLOOR_WAITS', 'SHABBAT_ACTIVE', 'SHABBAT_BREAK_ACTIVE', 'SHABBAT_DETECTOR', 'SHABBAT_MODE', 'STOPPING_FLOORS', 'STOPPING_FLOORS_DOWN', 'STOPPING_FLOORS_UP', 'TIME_PASS_FLOOR', 'TIME_PER_FLOOR', 'TOP_FLOOR', 'VISIBLE_FLOORS', 'secret_key'])
2026-09-27 04:05:24 [INFO] shabbat_detector.firebase_client: SSE stream connecting: https://nitzaelev-default-rtdb.europe-west1.firebasedatabase.app/elevator_configs/B.json
2026-09-27 04:07:24 [INFO] detector: Config updated remotely (keys=['AUTO_LEARN_CONFIG', 'BOTTOM_FLOOR', 'DISPLAY_NAME', 'FLOOR_WAITS', 'SHABBAT_ACTIVE', 'SHABBAT_BREAK_ACTIVE', 'SHABBAT_DETECTOR', 'SHABBAT_MODE', 'STOPPING_FLOORS', 'STOPPING_FLOORS_DOWN', 'STOPPING_FLOORS_UP', 'TIME_PASS_FLOOR', 'TIME_PER_FLOOR', 'TOP_FLOOR', 'VISIBLE_FLOORS', 'secret_key'])
2026-09-27 04:22:37 [INFO] shabbat_detector.schedule_windows: Schedule windows refreshed: 5 start(s), 2 end(s) (geo=294071, diaspora=True)
2026-09-27 06:01:17 [INFO] shabbat_detector.hebcal_gate: Hebcal refreshed: candles=1790349180.0 havdalah=1790439720.0
2026-09-27 06:01:17 [INFO] shabbat_detector.cycle_analyzer: Elevator idle 13979s - resetting cycle (was in _Phase.LEG_ONE)
2026-09-27 06:11:00 [INFO] shabbat_detector.hebcal_gate: Hebcal refreshed: candles=1790349180.0 havdalah=1790439720.0
2026-09-27 06:12:03 [INFO] shabbat_detector.cycle_analyzer: Cycle aborted: returned to BOTTOM without reaching TOP
2026-09-27 06:21:29 [INFO] shabbat_detector.hebcal_gate: Hebcal refreshed: candles=1790349180.0 havdalah=1790439720.0
2026-09-27 06:25:59 [INFO] shabbat_detector.cycle_analyzer: Cycle aborted: returned to BOTTOM without reaching TOP
2026-09-27 06:32:01 [INFO] shabbat_detector.hebcal_gate: Hebcal refreshed: candles=1790349180.0 havdalah=1790439720.0
2026-09-27 06:37:49 [INFO] shabbat_detector.cycle_analyzer: Cycle aborted: returned to BOTTOM without reaching TOP
2026-09-27 06:41:55 [INFO] shabbat_detector.hebcal_gate: Hebcal refreshed: candles=1790349180.0 havdalah=1790439720.0
2026-09-27 06:49:53 [INFO] shabbat_detector.cycle_analyzer: Cycle aborted: returned to BOTTOM without reaching TOP
2026-09-27 06:52:51 [INFO] shabbat_detector.hebcal_gate: Hebcal refreshed: candles=1790349180.0 havdalah=1790439720.0
2026-09-27 07:03:50 [INFO] shabbat_detector.cycle_analyzer: Cycle aborted: returned to BOTTOM without reaching TOP
2026-09-27 07:04:23 [INFO] shabbat_detector.hebcal_gate: Hebcal refreshed: candles=1790349180.0 havdalah=1790439720.0
2026-09-27 07:14:06 [INFO] shabbat_detector.hebcal_gate: Hebcal refreshed: candles=1790349180.0 havdalah=1790439720.0
2026-09-27 07:15:09 [INFO] shabbat_detector.cycle_analyzer: Cycle aborted: returned to BOTTOM without reaching TOP
2026-09-27 07:25:04 [INFO] shabbat_detector.hebcal_gate: Hebcal refreshed: candles=1790349180.0 havdalah=1790439720.0
2026-09-27 07:28:46 [INFO] shabbat_detector.cycle_analyzer: Cycle aborted: returned to BOTTOM without reaching TOP
2026-09-27 07:35:36 [INFO] shabbat_detector.hebcal_gate: Hebcal refreshed: candles=1790349180.0 havdalah=1790439720.0
2026-09-27 07:41:42 [INFO] shabbat_detector.cycle_analyzer: Cycle aborted: returned to BOTTOM without reaching TOP
2026-09-27 07:45:03 [INFO] shabbat_detector.hebcal_gate: Hebcal refreshed: candles=1790349180.0 havdalah=1790439720.0
2026-09-27 07:54:20 [INFO] shabbat_detector.cycle_analyzer: Cycle aborted: returned to BOTTOM without reaching TOP
2026-09-27 07:55:59 [INFO] shabbat_detector.hebcal_gate: Hebcal refreshed: candles=1790349180.0 havdalah=1790439720.0
2026-09-27 08:05:39 [INFO] shabbat_detector.cycle_analyzer: Cycle aborted: returned to BOTTOM without reaching TOP
2026-09-27 08:07:31 [INFO] shabbat_detector.hebcal_gate: Hebcal refreshed: candles=1790349180.0 havdalah=1790439720.0
2026-09-27 08:17:14 [INFO] shabbat_detector.hebcal_gate: Hebcal refreshed: candles=1790349180.0 havdalah=1790439720.0
2026-09-27 08:18:17 [INFO] shabbat_detector.cycle_analyzer: Cycle aborted: returned to BOTTOM without reaching TOP
2026-09-27 08:27:43 [INFO] shabbat_detector.hebcal_gate: Hebcal refreshed: candles=1790349180.0 havdalah=1790439720.0
2026-09-27 08:32:12 [INFO] shabbat_detector.cycle_analyzer: Cycle aborted: returned to BOTTOM without reaching TOP
2026-09-27 08:38:13 [INFO] shabbat_detector.hebcal_gate: Hebcal refreshed: candles=1790349180.0 havdalah=1790439720.0
2026-09-27 08:43:30 [INFO] shabbat_detector.cycle_analyzer: Cycle aborted: returned to BOTTOM without reaching TOP
2026-09-27 08:48:07 [INFO] shabbat_detector.hebcal_gate: Hebcal refreshed: candles=1790349180.0 havdalah=1790439720.0
2026-09-27 08:56:07 [INFO] shabbat_detector.cycle_analyzer: Cycle aborted: returned to BOTTOM without reaching TOP
2026-09-27 08:59:04 [INFO] shabbat_detector.hebcal_gate: Hebcal refreshed: candles=1790349180.0 havdalah=1790439720.0
2026-09-27 09:09:15 [INFO] shabbat_detector.cycle_analyzer: Cycle aborted: returned to BOTTOM without reaching TOP
2026-09-27 09:10:06 [INFO] shabbat_detector.hebcal_gate: Hebcal refreshed: candles=1790349180.0 havdalah=1790439720.0
2026-09-27 09:20:23 [INFO] shabbat_detector.hebcal_gate: Hebcal refreshed: candles=1790349180.0 havdalah=1790439720.0
2026-09-27 09:21:27 [INFO] shabbat_detector.cycle_analyzer: Cycle aborted: returned to BOTTOM without reaching TOP
2026-09-27 09:30:49 [INFO] shabbat_detector.hebcal_gate: Hebcal refreshed: candles=1790349180.0 havdalah=1790439720.0
2026-09-27 09:34:03 [INFO] shabbat_detector.cycle_analyzer: Cycle aborted: returned to BOTTOM without reaching TOP
2026-09-27 09:40:55 [INFO] shabbat_detector.hebcal_gate: Hebcal refreshed: candles=1790349180.0 havdalah=1790439720.0
2026-09-27 09:46:42 [INFO] shabbat_detector.cycle_analyzer: Cycle aborted: returned to BOTTOM without reaching TOP
2026-09-27 09:50:50 [INFO] shabbat_detector.hebcal_gate: Hebcal refreshed: candles=1790349180.0 havdalah=1790439720.0
2026-09-27 10:00:20 [INFO] shabbat_detector.cycle_analyzer: Cycle aborted: returned to BOTTOM without reaching TOP
2026-09-27 10:01:14 [INFO] shabbat_detector.hebcal_gate: Hebcal refreshed: candles=1790349180.0 havdalah=1790439720.0
2026-09-27 10:12:58 [INFO] shabbat_detector.hebcal_gate: Hebcal refreshed: candles=1790349180.0 havdalah=1790439720.0
2026-09-27 10:12:58 [INFO] shabbat_detector.cycle_analyzer: Cycle aborted: returned to BOTTOM without reaching TOP
2026-09-27 10:21:56 [INFO] shabbat_detector.hebcal_gate: Hebcal refreshed: candles=1790349180.0 havdalah=1790439720.0
2026-09-27 10:22:38 [INFO] shabbat_detector.schedule_windows: Schedule windows refreshed: 5 start(s), 2 end(s) (geo=294071, diaspora=True)
2026-09-27 10:24:36 [INFO] shabbat_detector.cycle_analyzer: Cycle aborted: returned to BOTTOM without reaching TOP
2026-09-27 10:32:25 [INFO] shabbat_detector.hebcal_gate: Hebcal refreshed: candles=1790349180.0 havdalah=1790439720.0
2026-09-27 10:37:13 [INFO] shabbat_detector.cycle_analyzer: Cycle aborted: returned to BOTTOM without reaching TOP
2026-09-27 10:41:59 [INFO] shabbat_detector.hebcal_gate: Hebcal refreshed: candles=1790349180.0 havdalah=1790439720.0
