[2026-07-15 00:00:28] Tag Change: ID '00E2004718990068218DDB01' -> Floor '27'
[2026-07-15 00:00:28] Tag Change: ID '00E20047175FC068217A4701' -> Floor '27'
[2026-07-15 00:00:31] Tag flapping: suppressed 390 repeated tag-change log lines in the last 60s
[2026-07-15 00:01:28] Tag Change: ID '00E2004718990068218DDB01' -> Floor '27'
[2026-07-15 00:01:28] Tag Change: ID '00E20047175FC068217A4701' -> Floor '27'
[2026-07-15 00:01:31] Tag flapping: suppressed 415 repeated tag-change log lines in the last 60s
[2026-07-15 00:02:28] Tag Change: ID '00E20047175FC068217A4701' -> Floor '27'
[2026-07-15 00:02:28] Tag Change: ID '00E2004718990068218DDB01' -> Floor '27'
[2026-07-15 00:02:32] Tag flapping: suppressed 403 repeated tag-change log lines in the last 60s
[2026-07-15 00:03:28] Tag Change: ID '00E20047175FC068217A4701' -> Floor '27'
[2026-07-15 00:03:28] Tag Change: ID '00E2004718990068218DDB01' -> Floor '27'
[2026-07-15 00:03:32] Tag flapping: suppressed 391 repeated tag-change log lines in the last 60s
[2026-07-15 00:04:28] Tag Change: ID '00E20047175FC068217A4701' -> Floor '27'
[2026-07-15 00:04:28] Tag Change: ID '00E2004718990068218DDB01' -> Floor '27'
[2026-07-15 00:04:33] Tag flapping: suppressed 411 repeated tag-change log lines in the last 60s
[2026-07-15 00:05:28] Tag Change: ID '00E20047175FC068217A4701' -> Floor '27'
[2026-07-15 00:05:28] Tag Change: ID '00E2004718990068218DDB01' -> Floor '27'
[2026-07-15 00:05:33] Tag flapping: suppressed 400 repeated tag-change log lines in the last 60s
[2026-07-15 00:06:28] Tag Change: ID '00E20047175FC068217A4701' -> Floor '27'
[2026-07-15 00:06:29] Tag Change: ID '00E2004718990068218DDB01' -> Floor '27'
[2026-07-15 00:06:33] Tag flapping: suppressed 404 repeated tag-change log lines in the last 60s
[2026-07-15 00:07:29] Tag Change: ID '00E2004718990068218DDB01' -> Floor '27'
[2026-07-15 00:07:29] Tag Change: ID '00E20047175FC068217A4701' -> Floor '27'
[2026-07-15 00:07:33] Tag flapping: suppressed 390 repeated tag-change log lines in the last 60s
[2026-07-15 00:08:29] Tag Change: ID '00E2004718990068218DDB01' -> Floor '27'
[2026-07-15 00:08:29] Tag Change: ID '00E20047175FC068217A4701' -> Floor '27'
[2026-07-15 00:08:34] Tag flapping: suppressed 420 repeated tag-change log lines in the last 60s
[2026-07-15 00:09:29] Tag Change: ID '00E2004718990068218DDB01' -> Floor '27'
[2026-07-15 00:09:29] Tag Change: ID '00E20047175FC068217A4701' -> Floor '27'
[2026-07-15 00:09:34] Tag flapping: suppressed 374 repeated tag-change log lines in the last 60s
[2026-07-15 00:10:29] Tag Change: ID '00E2004718990068218DDB01' -> Floor '27'
[2026-07-15 00:10:30] Tag Change: ID '00E20047175FC068217A4701' -> Floor '27'
[2026-07-15 00:10:34] Tag flapping: suppressed 392 repeated tag-change log lines in the last 60s
[2026-07-15 00:11:20] Tag Change: ID '00E20047189BC068218E0701' -> Floor '27'
[2026-07-15 00:11:21] Tag Change: ID '00E20047175AC0682179F701' -> Floor '26'
[2026-07-15 00:11:23] Tag Change: ID '00E20047177F3068217C3E01' -> Floor '25'
[2026-07-15 00:11:24] Tag Change: ID '00E2004718A0C068218E5701' -> Floor '24'
[2026-07-15 00:11:24] Tag Change: ID '00E2004717608068217A5301' -> Floor '24'
[2026-07-15 00:11:24] Status Updated: Floor '24'
[2026-07-15 00:11:25] Tag Change: ID '00E2004717644068217A8F01' -> Floor '23'
[2026-07-15 00:11:25] Tag Change: ID '00E2004718A98068218EE301' -> Floor '23'
[2026-07-15 00:11:26] Status Updated: Floor '23'
[2026-07-15 00:11:28] Tag Change: ID '00E20047175800682179CB01' -> Floor '22'
[2026-07-15 00:11:28] Tag Change: ID '00E2004718B87068218FD201' -> Floor '22'
[2026-07-15 00:11:29] Status Updated: Floor '22'
[2026-07-15 00:11:34] Tag flapping: suppressed 349 repeated tag-change log lines in the last 60s
[2026-07-15 00:12:26] Tag Change: ID '00E2004717644068217A8F01' -> Floor '23'
[2026-07-15 00:12:26] Status Updated: Floor '23'
[2026-07-15 00:12:28] Tag Change: ID '00E2004718A0C068218E5701' -> Floor '24'
[2026-07-15 00:12:29] Tag Change: ID '00E20047177F3068217C3E01' -> Floor '25'
[2026-07-15 00:12:32] Tag Change: ID '00E20047175AC0682179F701' -> Floor '26'
[2026-07-15 00:12:32] Status Updated: Floor '26'
[2026-07-15 00:12:32] Tag Change: ID '00E200471894C068218D9701' -> Floor '26'
[2026-07-15 00:12:35] Tag flapping: suppressed 356 repeated tag-change log lines in the last 60s
[2026-07-15 00:12:48] Tag Change: ID '00E2004717608068217A5301' -> Floor '24'
[2026-07-15 00:12:48] Status Updated: Floor '24'
[2026-07-15 00:12:50] Tag Change: ID '00E2004718B87068218FD201' -> Floor '22'
[2026-07-15 00:12:52] Tag Change: ID '00E2004718BB706821900201' -> Floor '21'
[2026-07-15 00:12:52] Tag Change: ID '00E20047175F0068217A3B01' -> Floor '21'
[2026-07-15 00:12:52] Status Updated: Floor '21'
[2026-07-15 00:12:53] Tag Change: ID '00E20047179B8068217E0301' -> Floor '20'
[2026-07-15 00:12:53] Tag Change: ID '00E2004718BC306821900E01' -> Floor '20'
[2026-07-15 00:12:53] Status Updated: Floor '20'
[2026-07-15 00:12:54] Tag Change: ID '00E200471797C068217DC701' -> Floor '19'
[2026-07-15 00:12:56] Tag Change: ID '00E2004717AF0068217F3B01' -> Floor '18'
[2026-07-15 00:12:57] Tag Change: ID '00E2004717D4106821818C01' -> Floor '17'
[2026-07-15 00:12:57] Tag Change: ID '00E20047173A40682177EF01' -> Floor '17'
[2026-07-15 00:12:57] Status Updated: Floor '17'
[2026-07-15 00:12:58] Tag Change: ID '00E20047173FC06821784701' -> Floor '16'
[2026-07-15 00:12:58] Status Updated: Floor '16'
[2026-07-15 00:13:00] Tag Change: ID '00E20047179A4068217DEF01' -> Floor '15'
[2026-07-15 00:13:01] Tag Change: ID '00E2004717DB506821820001' -> Floor '14'
[2026-07-15 00:13:01] Status Updated: Floor '14'
[2026-07-15 00:13:02] Tag Change: ID '00E20047179AC068217DF701' -> Floor '13'
[2026-07-15 00:13:04] Tag Change: ID '00E2004717DF906821824401' -> Floor '12'
[2026-07-15 00:13:04] Tag Change: ID '00E20047173640682177AF01' -> Floor '12'
[2026-07-15 00:13:04] Status Updated: Floor '12'
[2026-07-15 00:13:05] Tag Change: ID '00E20047173800682177CB01' -> Floor '11'
[2026-07-15 00:13:05] Status Updated: Floor '11'
[2026-07-15 00:13:06] Tag Change: ID '00E20047177B8068217C0301' -> Floor '10'
[2026-07-15 00:13:07] Status Updated: Floor '10'
[2026-07-15 00:13:08] Tag Change: ID '00E2004717ED506821832001' -> Floor '9'
[2026-07-15 00:13:08] Status Updated: Floor '9'
[2026-07-15 00:13:09] Tag Change: ID '00E2004717940068217D8B01' -> Floor '8'
[2026-07-15 00:13:11] Tag Change: ID '00E20047179B0068217DFB01' -> Floor '7'
[2026-07-15 00:13:12] Tag Change: ID '00E2004717B0C068217F5701' -> Floor '6'
[2026-07-15 00:13:13] Tag Change: ID '00E200471783C068217C8701' -> Floor '5'
[2026-07-15 00:13:14] Status Updated: Floor '5'
[2026-07-15 00:13:15] Tag Change: ID '00E20047173CC06821781701' -> Floor '4'
[2026-07-15 00:13:15] Status Updated: Floor '4'
[2026-07-15 00:13:16] Tag Change: ID '00E2004717834068217C7F01' -> Floor '3'
[2026-07-15 00:13:18] Tag Change: ID '00E20047173B00682177FB01' -> Floor '2'
[2026-07-15 00:13:19] Tag Change: ID '00E2004717E0506821825001' -> Floor '1'
[2026-07-15 00:13:20] Tag Change: ID '00E20047177F8068217C4301' -> Floor '0'
[2026-07-15 00:13:23] Tag Change: ID '00E20047173F006821783B01' -> Floor '0'
[2026-07-15 00:13:23] Status Updated: Floor '0'
[2026-07-15 00:13:24] Tag Change: ID '00E2004717818068217C6301' -> Floor '0'
[2026-07-15 00:13:35] Tag flapping: suppressed 146 repeated tag-change log lines in the last 60s
[2026-07-15 00:14:36] Tag Change: ID '00E20047173F006821783B01' -> Floor '0'
[2026-07-15 00:14:36] Tag flapping: suppressed 96 repeated tag-change log lines in the last 60s
[2026-07-15 00:14:37] Tag Change: ID '00E20047177F8068217C4301' -> Floor '0'
[2026-07-15 00:14:38] Tag Change: ID '00E2004717E0506821825001' -> Floor '1'
[2026-07-15 00:14:40] Tag Change: ID '00E2004717D650682181B001' -> Floor '2'
[2026-07-15 00:14:41] Tag Change: ID '00E2004717834068217C7F01' -> Floor '3'
[2026-07-15 00:14:43] Tag Change: ID '00E20047173CC06821781701' -> Floor '4'
[2026-07-15 00:14:44] Tag Change: ID '00E20047173A80682177F301' -> Floor '5'
[2026-07-15 00:14:47] Tag Change: ID '00E20047179B0068217DFB01' -> Floor '7'
[2026-07-15 00:14:48] Tag Change: ID '00E2004717940068217D8B01' -> Floor '8'
[2026-07-15 00:14:48] Tag Change: ID '00E2004717ED906821832400' -> Floor '8'
[2026-07-15 00:14:48] Status Updated: Floor '8'
[2026-07-15 00:14:49] Tag Change: ID '00E2004717ED506821832001' -> Floor '9'
[2026-07-15 00:14:51] Tag Change: ID '00E20047177B8068217C0301' -> Floor '10'
[2026-07-15 00:14:52] Tag Change: ID '00E20047173800682177CB01' -> Floor '11'
[2026-07-15 00:14:52] Status Updated: Floor '11'
[2026-07-15 00:14:54] Tag Change: ID '00E20047173640682177AF01' -> Floor '12'
[2026-07-15 00:14:54] Tag Change: ID '00E2004717DF906821824401' -> Floor '12'
[2026-07-15 00:14:54] Status Updated: Floor '12'
[2026-07-15 00:14:55] Tag Change: ID '00E20047179AC068217DF701' -> Floor '13'
[2026-07-15 00:14:56] Tag Change: ID '00E2004717DB506821820001' -> Floor '14'
[2026-07-15 00:14:57] Status Updated: Floor '14'
[2026-07-15 00:14:58] Tag Change: ID '00E20047179A4068217DEF01' -> Floor '15'
[2026-07-15 00:14:58] Status Updated: Floor '15'
[2026-07-15 00:14:59] Tag Change: ID '00E20047173FC06821784701' -> Floor '16'
[2026-07-15 00:15:01] Tag Change: ID '00E20047173A40682177EF01' -> Floor '17'
[2026-07-15 00:15:03] Tag Change: ID '00E200471797C068217DC701' -> Floor '19'
[2026-07-15 00:15:03] Tag Change: ID '00E2004718C1706821906201' -> Floor '19'
[2026-07-15 00:15:03] Status Updated: Floor '19'
[2026-07-15 00:15:04] Tag Change: ID '00E20047179B8068217E0301' -> Floor '20'
[2026-07-15 00:15:05] Status Updated: Floor '20'
[2026-07-15 00:15:06] Tag Change: ID '00E2004718BB706821900201' -> Floor '21'
[2026-07-15 00:15:07] Tag Change: ID '00E2004718B87068218FD201' -> Floor '22'
[2026-07-15 00:15:08] Tag Change: ID '00E2004717644068217A8F01' -> Floor '23'
[2026-07-15 00:15:08] Tag Change: ID '00E2004718A98068218EE301' -> Floor '23'
[2026-07-15 00:15:09] Status Updated: Floor '23'
[2026-07-15 00:15:10] Tag Change: ID '00E2004718A0C068218E5701' -> Floor '24'
[2026-07-15 00:15:10] Tag Change: ID '00E2004717608068217A5301' -> Floor '24'
[2026-07-15 00:15:10] Status Updated: Floor '24'
[2026-07-15 00:15:11] Tag Change: ID '00E20047177F3068217C3E01' -> Floor '25'
[2026-07-15 00:15:13] Tag Change: ID '00E200471894C068218D9701' -> Floor '26'
[2026-07-15 00:15:13] Tag Change: ID '00E20047175AC0682179F701' -> Floor '26'
[2026-07-15 00:15:13] Status Updated: Floor '26'
[2026-07-15 00:15:14] Tag Change: ID '00E20047189BC068218E0701' -> Floor '27'
[2026-07-15 00:15:15] Tag Change: ID '00E20047175FC068217A4701' -> Floor '27'
[2026-07-15 00:15:16] Status Updated: Floor '27'
[2026-07-15 00:15:16] Tag Change: ID '00E2004718990068218DDB01' -> Floor '27'
[2026-07-15 00:16:16] Tag Change: ID '00E20047175FC068217A4701' -> Floor '27'
[2026-07-15 00:16:16] Tag flapping: suppressed 402 repeated tag-change log lines in the last 60s
[2026-07-15 00:16:16] Tag Change: ID '00E2004718990068218DDB01' -> Floor '27'
[2026-07-15 00:17:16] Tag Change: ID '00E20047175FC068217A4701' -> Floor '27'
[2026-07-15 00:17:16] Tag flapping: suppressed 436 repeated tag-change log lines in the last 60s
[2026-07-15 00:17:16] Tag Change: ID '00E2004718990068218DDB01' -> Floor '27'
[2026-07-15 00:18:16] Tag Change: ID '00E2004718990068218DDB01' -> Floor '27'
[2026-07-15 00:18:17] Tag Change: ID '00E20047175FC068217A4701' -> Floor '27'
[2026-07-15 00:18:17] Tag flapping: suppressed 411 repeated tag-change log lines in the last 60s
[2026-07-15 00:19:16] Tag Change: ID '00E2004718990068218DDB01' -> Floor '27'
[2026-07-15 00:19:17] Tag Change: ID '00E20047175FC068217A4701' -> Floor '27'
[2026-07-15 00:19:17] Tag flapping: suppressed 438 repeated tag-change log lines in the last 60s
[2026-07-15 00:20:16] Tag Change: ID '00E2004718990068218DDB01' -> Floor '27'
[2026-07-15 00:20:17] Tag Change: ID '00E20047175FC068217A4701' -> Floor '27'
[2026-07-15 00:20:17] Tag flapping: suppressed 414 repeated tag-change log lines in the last 60s
[2026-07-15 00:21:17] Tag Change: ID '00E2004718990068218DDB01' -> Floor '27'
[2026-07-15 00:21:17] Tag Change: ID '00E20047175FC068217A4701' -> Floor '27'
[2026-07-15 00:21:18] Tag flapping: suppressed 374 repeated tag-change log lines in the last 60s
[2026-07-15 00:22:17] Tag Change: ID '00E2004718990068218DDB01' -> Floor '27'
[2026-07-15 00:22:17] Tag Change: ID '00E20047175FC068217A4701' -> Floor '27'
[2026-07-15 00:22:18] Tag flapping: suppressed 415 repeated tag-change log lines in the last 60s
[2026-07-15 00:23:17] Tag Change: ID '00E2004718990068218DDB01' -> Floor '27'
[2026-07-15 00:23:17] Tag Change: ID '00E20047175FC068217A4701' -> Floor '27'
[2026-07-15 00:23:18] Tag flapping: suppressed 368 repeated tag-change log lines in the last 60s
[2026-07-15 00:24:17] Tag Change: ID '00E2004718990068218DDB01' -> Floor '27'
[2026-07-15 00:24:18] Tag Change: ID '00E20047175FC068217A4701' -> Floor '27'
[2026-07-15 00:24:19] Tag flapping: suppressed 369 repeated tag-change log lines in the last 60s
[2026-07-15 00:25:17] Tag Change: ID '00E2004718990068218DDB01' -> Floor '27'
[2026-07-15 00:25:18] Tag Change: ID '00E20047175FC068217A4701' -> Floor '27'
[2026-07-15 00:25:19] Tag flapping: suppressed 415 repeated tag-change log lines in the last 60s
[2026-07-15 00:26:17] Tag Change: ID '00E2004718990068218DDB01' -> Floor '27'
[2026-07-15 00:26:18] Tag Change: ID '00E20047175FC068217A4701' -> Floor '27'
[2026-07-15 00:26:19] Tag flapping: suppressed 418 repeated tag-change log lines in the last 60s
[2026-07-15 00:27:17] Tag Change: ID '00E2004718990068218DDB01' -> Floor '27'
[2026-07-15 00:27:18] Tag Change: ID '00E20047175FC068217A4701' -> Floor '27'
[2026-07-15 00:27:19] Tag flapping: suppressed 374 repeated tag-change log lines in the last 60s
[2026-07-15 00:28:18] Tag Change: ID '00E2004718990068218DDB01' -> Floor '27'
[2026-07-15 00:28:18] Tag Change: ID '00E20047175FC068217A4701' -> Floor '27'
[2026-07-15 00:28:19] Tag flapping: suppressed 407 repeated tag-change log lines in the last 60s
[2026-07-15 00:29:18] Tag Change: ID '00E2004718990068218DDB01' -> Floor '27'
[2026-07-15 00:29:18] Tag Change: ID '00E20047175FC068217A4701' -> Floor '27'
[2026-07-15 00:29:19] Tag flapping: suppressed 396 repeated tag-change log lines in the last 60s
[2026-07-15 00:30:18] Tag Change: ID '00E2004718990068218DDB01' -> Floor '27'
[2026-07-15 00:30:18] Tag Change: ID '00E20047175FC068217A4701' -> Floor '27'
[2026-07-15 00:30:20] Tag flapping: suppressed 396 repeated tag-change log lines in the last 60s
[2026-07-15 00:31:18] Tag Change: ID '00E2004718990068218DDB01' -> Floor '27'
[2026-07-15 00:31:18] Tag Change: ID '00E20047175FC068217A4701' -> Floor '27'
[2026-07-15 00:31:20] Tag flapping: suppressed 398 repeated tag-change log lines in the last 60s
[2026-07-15 00:32:19] Tag Change: ID '00E20047175FC068217A4701' -> Floor '27'
[2026-07-15 00:32:19] Tag Change: ID '00E2004718990068218DDB01' -> Floor '27'
[2026-07-15 00:32:20] Tag flapping: suppressed 426 repeated tag-change log lines in the last 60s
[2026-07-15 00:33:19] Tag Change: ID '00E20047175FC068217A4701' -> Floor '27'
[2026-07-15 00:33:19] Tag Change: ID '00E2004718990068218DDB01' -> Floor '27'
[2026-07-15 00:33:20] Tag flapping: suppressed 374 repeated tag-change log lines in the last 60s
[2026-07-15 00:34:19] Tag Change: ID '00E20047175FC068217A4701' -> Floor '27'
[2026-07-15 00:34:19] Tag Change: ID '00E2004718990068218DDB01' -> Floor '27'
[2026-07-15 00:34:20] Tag flapping: suppressed 404 repeated tag-change log lines in the last 60s
[2026-07-15 00:35:19] Tag Change: ID '00E20047175FC068217A4701' -> Floor '27'
[2026-07-15 00:35:19] Tag Change: ID '00E2004718990068218DDB01' -> Floor '27'
[2026-07-15 00:35:21] Tag flapping: suppressed 399 repeated tag-change log lines in the last 60s
[2026-07-15 00:36:19] Tag Change: ID '00E20047175FC068217A4701' -> Floor '27'
[2026-07-15 00:36:19] Tag Change: ID '00E2004718990068218DDB01' -> Floor '27'
[2026-07-15 00:36:21] Tag flapping: suppressed 382 repeated tag-change log lines in the last 60s
[2026-07-15 00:37:19] Tag Change: ID '00E20047175FC068217A4701' -> Floor '27'
[2026-07-15 00:37:19] Tag Change: ID '00E2004718990068218DDB01' -> Floor '27'
[2026-07-15 00:37:22] Tag flapping: suppressed 395 repeated tag-change log lines in the last 60s
[2026-07-15 00:38:19] Tag Change: ID '00E20047175FC068217A4701' -> Floor '27'
[2026-07-15 00:38:20] Tag Change: ID '00E2004718990068218DDB01' -> Floor '27'
[2026-07-15 00:38:22] Tag flapping: suppressed 416 repeated tag-change log lines in the last 60s
[2026-07-15 00:39:19] Tag Change: ID '00E20047175FC068217A4701' -> Floor '27'
[2026-07-15 00:39:20] Tag Change: ID '00E2004718990068218DDB01' -> Floor '27'
[2026-07-15 00:39:22] Tag flapping: suppressed 405 repeated tag-change log lines in the last 60s
[2026-07-15 00:40:20] Tag Change: ID '00E20047175FC068217A4701' -> Floor '27'
[2026-07-15 00:40:20] Tag Change: ID '00E2004718990068218DDB01' -> Floor '27'
[2026-07-15 00:40:22] Tag flapping: suppressed 395 repeated tag-change log lines in the last 60s
[2026-07-15 00:41:20] Tag Change: ID '00E20047175FC068217A4701' -> Floor '27'
[2026-07-15 00:41:20] Tag Change: ID '00E2004718990068218DDB01' -> Floor '27'
[2026-07-15 00:41:22] Tag flapping: suppressed 437 repeated tag-change log lines in the last 60s
[2026-07-15 00:42:20] Tag Change: ID '00E20047175FC068217A4701' -> Floor '27'
[2026-07-15 00:42:21] Tag Change: ID '00E2004718990068218DDB01' -> Floor '27'
[2026-07-15 00:42:23] Tag flapping: suppressed 405 repeated tag-change log lines in the last 60s
[2026-07-15 00:43:20] Tag Change: ID '00E20047175FC068217A4701' -> Floor '27'
[2026-07-15 00:43:21] Tag Change: ID '00E2004718990068218DDB01' -> Floor '27'
[2026-07-15 00:43:23] Tag flapping: suppressed 429 repeated tag-change log lines in the last 60s
[2026-07-15 00:44:20] Tag Change: ID '00E20047175FC068217A4701' -> Floor '27'
[2026-07-15 00:44:21] Tag Change: ID '00E2004718990068218DDB01' -> Floor '27'
[2026-07-15 00:44:24] Tag flapping: suppressed 417 repeated tag-change log lines in the last 60s
[2026-07-15 00:45:20] Tag Change: ID '00E20047175FC068217A4701' -> Floor '27'
[2026-07-15 00:45:21] Tag Change: ID '00E2004718990068218DDB01' -> Floor '27'
[2026-07-15 00:45:24] Tag flapping: suppressed 411 repeated tag-change log lines in the last 60s
[2026-07-15 00:46:20] Tag Change: ID '00E20047175FC068217A4701' -> Floor '27'
[2026-07-15 00:46:21] Tag Change: ID '00E2004718990068218DDB01' -> Floor '27'
[2026-07-15 00:46:24] Tag flapping: suppressed 402 repeated tag-change log lines in the last 60s
[2026-07-15 00:47:20] Tag Change: ID '00E20047175FC068217A4701' -> Floor '27'
[2026-07-15 00:47:21] Tag Change: ID '00E2004718990068218DDB01' -> Floor '27'
[2026-07-15 00:47:24] Tag flapping: suppressed 389 repeated tag-change log lines in the last 60s
[2026-07-15 00:48:20] Tag Change: ID '00E20047175FC068217A4701' -> Floor '27'
[2026-07-15 00:48:21] Tag Change: ID '00E2004718990068218DDB01' -> Floor '27'
[2026-07-15 00:48:24] Tag flapping: suppressed 399 repeated tag-change log lines in the last 60s
[2026-07-15 00:49:21] Tag Change: ID '00E20047175FC068217A4701' -> Floor '27'
[2026-07-15 00:49:21] Tag Change: ID '00E2004718990068218DDB01' -> Floor '27'
[2026-07-15 00:49:25] Tag flapping: suppressed 415 repeated tag-change log lines in the last 60s
[2026-07-15 00:50:21] Tag Change: ID '00E20047175FC068217A4701' -> Floor '27'
[2026-07-15 00:50:21] Tag Change: ID '00E2004718990068218DDB01' -> Floor '27'
[2026-07-15 00:50:25] Tag flapping: suppressed 404 repeated tag-change log lines in the last 60s
[2026-07-15 00:51:21] Tag Change: ID '00E20047175FC068217A4701' -> Floor '27'
[2026-07-15 00:51:21] Tag Change: ID '00E2004718990068218DDB01' -> Floor '27'
[2026-07-15 00:51:25] Tag flapping: suppressed 421 repeated tag-change log lines in the last 60s
[2026-07-15 00:52:21] Tag Change: ID '00E20047175FC068217A4701' -> Floor '27'
[2026-07-15 00:52:21] Tag Change: ID '00E2004718990068218DDB01' -> Floor '27'
[2026-07-15 00:52:25] Tag flapping: suppressed 414 repeated tag-change log lines in the last 60s
[2026-07-15 00:53:21] Tag Change: ID '00E20047175FC068217A4701' -> Floor '27'
[2026-07-15 00:53:22] Tag Change: ID '00E2004718990068218DDB01' -> Floor '27'
[2026-07-15 00:53:26] Tag flapping: suppressed 408 repeated tag-change log lines in the last 60s
[2026-07-15 00:54:21] Tag Change: ID '00E20047175FC068217A4701' -> Floor '27'
[2026-07-15 00:54:22] Tag Change: ID '00E2004718990068218DDB01' -> Floor '27'
[2026-07-15 00:54:26] Tag flapping: suppressed 397 repeated tag-change log lines in the last 60s
[2026-07-15 00:55:22] Tag Change: ID '00E20047175FC068217A4701' -> Floor '27'
[2026-07-15 00:55:23] Tag Change: ID '00E2004718990068218DDB01' -> Floor '27'
[2026-07-15 00:55:27] Tag flapping: suppressed 390 repeated tag-change log lines in the last 60s
[2026-07-15 00:56:22] Tag Change: ID '00E20047175FC068217A4701' -> Floor '27'
[2026-07-15 00:56:23] Tag Change: ID '00E2004718990068218DDB01' -> Floor '27'
[2026-07-15 00:56:27] Tag flapping: suppressed 411 repeated tag-change log lines in the last 60s
[2026-07-15 00:57:22] Tag Change: ID '00E20047175FC068217A4701' -> Floor '27'
[2026-07-15 00:57:23] Tag Change: ID '00E2004718990068218DDB01' -> Floor '27'
[2026-07-15 00:57:27] Tag flapping: suppressed 393 repeated tag-change log lines in the last 60s
[2026-07-15 00:58:22] Tag Change: ID '00E20047175FC068217A4701' -> Floor '27'
[2026-07-15 00:58:23] Tag Change: ID '00E2004718990068218DDB01' -> Floor '27'
[2026-07-15 00:58:27] Tag flapping: suppressed 426 repeated tag-change log lines in the last 60s
[2026-07-15 00:59:23] Tag Change: ID '00E20047175FC068217A4701' -> Floor '27'
[2026-07-15 00:59:23] Tag Change: ID '00E2004718990068218DDB01' -> Floor '27'
[2026-07-15 00:59:27] Tag flapping: suppressed 406 repeated tag-change log lines in the last 60s
[2026-07-15 01:00:23] Tag Change: ID '00E20047175FC068217A4701' -> Floor '27'
[2026-07-15 01:00:23] Tag Change: ID '00E2004718990068218DDB01' -> Floor '27'
[2026-07-15 01:00:27] Tag flapping: suppressed 403 repeated tag-change log lines in the last 60s
[2026-07-15 01:01:23] Tag Change: ID '00E20047175FC068217A4701' -> Floor '27'
[2026-07-15 01:01:23] Tag Change: ID '00E2004718990068218DDB01' -> Floor '27'
[2026-07-15 01:01:28] Tag flapping: suppressed 405 repeated tag-change log lines in the last 60s
[2026-07-15 01:02:23] Tag Change: ID '00E20047175FC068217A4701' -> Floor '27'
[2026-07-15 01:02:23] Tag Change: ID '00E2004718990068218DDB01' -> Floor '27'
[2026-07-15 01:02:28] Tag flapping: suppressed 394 repeated tag-change log lines in the last 60s
[2026-07-15 01:03:23] Tag Change: ID '00E20047175FC068217A4701' -> Floor '27'
[2026-07-15 01:03:24] Tag Change: ID '00E2004718990068218DDB01' -> Floor '27'
[2026-07-15 01:03:28] Tag flapping: suppressed 414 repeated tag-change log lines in the last 60s
[2026-07-15 01:04:24] Tag Change: ID '00E20047175FC068217A4701' -> Floor '27'
[2026-07-15 01:04:24] Tag Change: ID '00E2004718990068218DDB01' -> Floor '27'
[2026-07-15 01:04:28] Tag flapping: suppressed 386 repeated tag-change log lines in the last 60s
[2026-07-15 01:05:24] Tag Change: ID '00E20047175FC068217A4701' -> Floor '27'
[2026-07-15 01:05:24] Tag Change: ID '00E2004718990068218DDB01' -> Floor '27'
[2026-07-15 01:05:28] Tag flapping: suppressed 426 repeated tag-change log lines in the last 60s
[2026-07-15 01:06:24] Tag Change: ID '00E20047175FC068217A4701' -> Floor '27'
[2026-07-15 01:06:25] Tag Change: ID '00E2004718990068218DDB01' -> Floor '27'
[2026-07-15 01:06:29] Tag flapping: suppressed 399 repeated tag-change log lines in the last 60s
[2026-07-15 01:07:24] Tag Change: ID '00E20047175FC068217A4701' -> Floor '27'
[2026-07-15 01:07:25] Tag Change: ID '00E2004718990068218DDB01' -> Floor '27'
[2026-07-15 01:07:29] Tag flapping: suppressed 412 repeated tag-change log lines in the last 60s
[2026-07-15 01:08:25] Tag Change: ID '00E20047175FC068217A4701' -> Floor '27'
[2026-07-15 01:08:25] Tag Change: ID '00E2004718990068218DDB01' -> Floor '27'
[2026-07-15 01:08:29] Tag flapping: suppressed 393 repeated tag-change log lines in the last 60s
[2026-07-15 01:09:25] Tag Change: ID '00E20047175FC068217A4701' -> Floor '27'
[2026-07-15 01:09:25] Tag Change: ID '00E2004718990068218DDB01' -> Floor '27'
[2026-07-15 01:09:29] Tag flapping: suppressed 415 repeated tag-change log lines in the last 60s
[2026-07-15 01:10:25] Tag Change: ID '00E20047175FC068217A4701' -> Floor '27'
[2026-07-15 01:10:25] Tag Change: ID '00E2004718990068218DDB01' -> Floor '27'
[2026-07-15 01:10:30] Tag flapping: suppressed 393 repeated tag-change log lines in the last 60s
[2026-07-15 01:11:25] Tag Change: ID '00E20047175FC068217A4701' -> Floor '27'
[2026-07-15 01:11:25] Tag Change: ID '00E2004718990068218DDB01' -> Floor '27'
[2026-07-15 01:11:30] Tag flapping: suppressed 388 repeated tag-change log lines in the last 60s
[2026-07-15 01:12:25] Tag Change: ID '00E20047175FC068217A4701' -> Floor '27'
[2026-07-15 01:12:26] Tag Change: ID '00E2004718990068218DDB01' -> Floor '27'
[2026-07-15 01:12:30] Tag flapping: suppressed 404 repeated tag-change log lines in the last 60s
[2026-07-15 01:13:26] Tag Change: ID '00E20047175FC068217A4701' -> Floor '27'
[2026-07-15 01:13:26] Tag Change: ID '00E2004718990068218DDB01' -> Floor '27'
[2026-07-15 01:13:31] Tag flapping: suppressed 423 repeated tag-change log lines in the last 60s
[2026-07-15 01:14:26] Tag Change: ID '00E20047175FC068217A4701' -> Floor '27'
[2026-07-15 01:14:26] Tag Change: ID '00E2004718990068218DDB01' -> Floor '27'
[2026-07-15 01:14:31] Tag flapping: suppressed 422 repeated tag-change log lines in the last 60s
[2026-07-15 01:15:26] Tag Change: ID '00E2004718990068218DDB01' -> Floor '27'
[2026-07-15 01:15:26] Tag Change: ID '00E20047175FC068217A4701' -> Floor '27'
[2026-07-15 01:15:31] Tag flapping: suppressed 378 repeated tag-change log lines in the last 60s
[2026-07-15 01:16:26] Tag Change: ID '00E2004718990068218DDB01' -> Floor '27'
[2026-07-15 01:16:26] Tag Change: ID '00E20047175FC068217A4701' -> Floor '27'
[2026-07-15 01:16:31] Tag flapping: suppressed 397 repeated tag-change log lines in the last 60s
[2026-07-15 01:17:26] Tag Change: ID '00E2004718990068218DDB01' -> Floor '27'
[2026-07-15 01:17:26] Tag Change: ID '00E20047175FC068217A4701' -> Floor '27'
[2026-07-15 01:17:32] Tag flapping: suppressed 402 repeated tag-change log lines in the last 60s
[2026-07-15 01:18:26] Tag Change: ID '00E2004718990068218DDB01' -> Floor '27'
[2026-07-15 01:18:27] Tag Change: ID '00E20047175FC068217A4701' -> Floor '27'
[2026-07-15 01:18:32] Tag flapping: suppressed 372 repeated tag-change log lines in the last 60s
[2026-07-15 01:19:27] Tag Change: ID '00E2004718990068218DDB01' -> Floor '27'
[2026-07-15 01:19:27] Tag Change: ID '00E20047175FC068217A4701' -> Floor '27'
[2026-07-15 01:19:32] Tag flapping: suppressed 427 repeated tag-change log lines in the last 60s
[2026-07-15 01:20:27] Tag Change: ID '00E2004718990068218DDB01' -> Floor '27'
[2026-07-15 01:20:27] Tag Change: ID '00E20047175FC068217A4701' -> Floor '27'
[2026-07-15 01:20:32] Tag flapping: suppressed 418 repeated tag-change log lines in the last 60s
[2026-07-15 01:21:27] Tag Change: ID '00E2004718990068218DDB01' -> Floor '27'
[2026-07-15 01:21:27] Tag Change: ID '00E20047175FC068217A4701' -> Floor '27'
[2026-07-15 01:21:33] Tag flapping: suppressed 403 repeated tag-change log lines in the last 60s
[2026-07-15 01:22:27] Tag Change: ID '00E20047175FC068217A4701' -> Floor '27'
[2026-07-15 01:22:27] Tag Change: ID '00E2004718990068218DDB01' -> Floor '27'
[2026-07-15 01:22:33] Tag flapping: suppressed 396 repeated tag-change log lines in the last 60s
[2026-07-15 01:23:27] Tag Change: ID '00E20047175FC068217A4701' -> Floor '27'
[2026-07-15 01:23:28] Tag Change: ID '00E2004718990068218DDB01' -> Floor '27'
[2026-07-15 01:23:33] Tag flapping: suppressed 429 repeated tag-change log lines in the last 60s
[2026-07-15 01:24:28] Tag Change: ID '00E20047175FC068217A4701' -> Floor '27'
[2026-07-15 01:24:28] Tag Change: ID '00E2004718990068218DDB01' -> Floor '27'
[2026-07-15 01:24:34] Tag flapping: suppressed 447 repeated tag-change log lines in the last 60s
[2026-07-15 01:25:28] Tag Change: ID '00E20047175FC068217A4701' -> Floor '27'
[2026-07-15 01:25:28] Tag Change: ID '00E2004718990068218DDB01' -> Floor '27'
[2026-07-15 01:25:34] Tag flapping: suppressed 413 repeated tag-change log lines in the last 60s
[2026-07-15 01:26:28] Tag Change: ID '00E2004718990068218DDB01' -> Floor '27'
[2026-07-15 01:26:28] Tag Change: ID '00E20047175FC068217A4701' -> Floor '27'
[2026-07-15 01:26:35] Tag flapping: suppressed 397 repeated tag-change log lines in the last 60s
[2026-07-15 01:27:28] Tag Change: ID '00E2004718990068218DDB01' -> Floor '27'
[2026-07-15 01:27:28] Tag Change: ID '00E20047175FC068217A4701' -> Floor '27'
[2026-07-15 01:27:35] Tag flapping: suppressed 422 repeated tag-change log lines in the last 60s
[2026-07-15 01:28:28] Tag Change: ID '00E2004718990068218DDB01' -> Floor '27'
[2026-07-15 01:28:28] Tag Change: ID '00E20047175FC068217A4701' -> Floor '27'
[2026-07-15 01:28:35] Tag flapping: suppressed 413 repeated tag-change log lines in the last 60s
[2026-07-15 01:29:28] Tag Change: ID '00E2004718990068218DDB01' -> Floor '27'
[2026-07-15 01:29:28] Tag Change: ID '00E20047175FC068217A4701' -> Floor '27'
[2026-07-15 01:29:35] Tag flapping: suppressed 410 repeated tag-change log lines in the last 60s
[2026-07-15 01:30:28] Tag Change: ID '00E20047175FC068217A4701' -> Floor '27'
[2026-07-15 01:30:28] Tag Change: ID '00E2004718990068218DDB01' -> Floor '27'
[2026-07-15 01:30:36] Tag flapping: suppressed 395 repeated tag-change log lines in the last 60s
[2026-07-15 01:31:28] Tag Change: ID '00E2004718990068218DDB01' -> Floor '27'
[2026-07-15 01:31:28] Tag Change: ID '00E20047175FC068217A4701' -> Floor '27'
[2026-07-15 01:31:36] Tag flapping: suppressed 396 repeated tag-change log lines in the last 60s
[2026-07-15 01:32:29] Tag Change: ID '00E20047175FC068217A4701' -> Floor '27'
[2026-07-15 01:32:29] Tag Change: ID '00E2004718990068218DDB01' -> Floor '27'
[2026-07-15 01:32:36] Tag flapping: suppressed 411 repeated tag-change log lines in the last 60s
[2026-07-15 01:33:29] Tag Change: ID '00E20047175FC068217A4701' -> Floor '27'
[2026-07-15 01:33:29] Tag Change: ID '00E2004718990068218DDB01' -> Floor '27'
[2026-07-15 01:33:36] Tag flapping: suppressed 397 repeated tag-change log lines in the last 60s
[2026-07-15 01:34:29] Tag Change: ID '00E20047175FC068217A4701' -> Floor '27'
[2026-07-15 01:34:29] Tag Change: ID '00E2004718990068218DDB01' -> Floor '27'
[2026-07-15 01:34:37] Tag flapping: suppressed 421 repeated tag-change log lines in the last 60s
[2026-07-15 01:35:29] Tag Change: ID '00E20047175FC068217A4701' -> Floor '27'
[2026-07-15 01:35:29] Tag Change: ID '00E2004718990068218DDB01' -> Floor '27'
[2026-07-15 01:35:37] Tag flapping: suppressed 394 repeated tag-change log lines in the last 60s
[2026-07-15 01:36:29] Tag Change: ID '00E20047175FC068217A4701' -> Floor '27'
[2026-07-15 01:36:30] Tag Change: ID '00E2004718990068218DDB01' -> Floor '27'
[2026-07-15 01:36:37] Tag flapping: suppressed 415 repeated tag-change log lines in the last 60s
[2026-07-15 01:37:29] Tag Change: ID '00E20047175FC068217A4701' -> Floor '27'
[2026-07-15 01:37:30] Tag Change: ID '00E2004718990068218DDB01' -> Floor '27'
[2026-07-15 01:37:38] Tag flapping: suppressed 390 repeated tag-change log lines in the last 60s
[2026-07-15 01:38:29] Tag Change: ID '00E20047175FC068217A4701' -> Floor '27'
[2026-07-15 01:38:30] Tag Change: ID '00E2004718990068218DDB01' -> Floor '27'
[2026-07-15 01:38:38] Tag flapping: suppressed 372 repeated tag-change log lines in the last 60s
[2026-07-15 01:39:29] Tag Change: ID '00E20047175FC068217A4701' -> Floor '27'
[2026-07-15 01:39:30] Tag Change: ID '00E2004718990068218DDB01' -> Floor '27'
[2026-07-15 01:39:38] Tag flapping: suppressed 386 repeated tag-change log lines in the last 60s
[2026-07-15 01:40:30] Tag Change: ID '00E20047175FC068217A4701' -> Floor '27'
[2026-07-15 01:40:30] Tag Change: ID '00E2004718990068218DDB01' -> Floor '27'
[2026-07-15 01:40:38] Tag flapping: suppressed 410 repeated tag-change log lines in the last 60s
[2026-07-15 01:41:30] Tag Change: ID '00E20047175FC068217A4701' -> Floor '27'
[2026-07-15 01:41:30] Tag Change: ID '00E2004718990068218DDB01' -> Floor '27'
[2026-07-15 01:41:38] Tag flapping: suppressed 401 repeated tag-change log lines in the last 60s
[2026-07-15 01:42:30] Tag Change: ID '00E20047175FC068217A4701' -> Floor '27'
[2026-07-15 01:42:30] Tag Change: ID '00E2004718990068218DDB01' -> Floor '27'
[2026-07-15 01:42:38] Tag flapping: suppressed 416 repeated tag-change log lines in the last 60s
[2026-07-15 01:43:30] Tag Change: ID '00E20047175FC068217A4701' -> Floor '27'
[2026-07-15 01:43:31] Tag Change: ID '00E2004718990068218DDB01' -> Floor '27'
[2026-07-15 01:43:39] Tag flapping: suppressed 417 repeated tag-change log lines in the last 60s
[2026-07-15 01:44:31] Tag Change: ID '00E20047175FC068217A4701' -> Floor '27'
[2026-07-15 01:44:31] Tag Change: ID '00E2004718990068218DDB01' -> Floor '27'
[2026-07-15 01:44:39] Tag flapping: suppressed 410 repeated tag-change log lines in the last 60s
[2026-07-15 01:45:31] Tag Change: ID '00E20047175FC068217A4701' -> Floor '27'
[2026-07-15 01:45:31] Tag Change: ID '00E2004718990068218DDB01' -> Floor '27'
[2026-07-15 01:45:39] Tag flapping: suppressed 394 repeated tag-change log lines in the last 60s
[2026-07-15 01:46:31] Tag Change: ID '00E20047175FC068217A4701' -> Floor '27'
[2026-07-15 01:46:31] Tag Change: ID '00E2004718990068218DDB01' -> Floor '27'
[2026-07-15 01:46:39] Tag flapping: suppressed 418 repeated tag-change log lines in the last 60s
[2026-07-15 01:47:31] Tag Change: ID '00E20047175FC068217A4701' -> Floor '27'
[2026-07-15 01:47:31] Tag Change: ID '00E2004718990068218DDB01' -> Floor '27'
[2026-07-15 01:47:39] Tag flapping: suppressed 404 repeated tag-change log lines in the last 60s
[2026-07-15 01:48:31] Tag Change: ID '00E2004718990068218DDB01' -> Floor '27'
[2026-07-15 01:48:31] Tag Change: ID '00E20047175FC068217A4701' -> Floor '27'
[2026-07-15 01:48:40] Tag flapping: suppressed 383 repeated tag-change log lines in the last 60s
[2026-07-15 01:49:31] Tag Change: ID '00E20047175FC068217A4701' -> Floor '27'
[2026-07-15 01:49:32] Tag Change: ID '00E2004718990068218DDB01' -> Floor '27'
[2026-07-15 01:49:40] Tag flapping: suppressed 402 repeated tag-change log lines in the last 60s
[2026-07-15 01:50:32] Tag Change: ID '00E20047175FC068217A4701' -> Floor '27'
[2026-07-15 01:50:32] Tag Change: ID '00E2004718990068218DDB01' -> Floor '27'
[2026-07-15 01:50:40] Tag flapping: suppressed 396 repeated tag-change log lines in the last 60s
[2026-07-15 01:51:32] Tag Change: ID '00E2004718990068218DDB01' -> Floor '27'
[2026-07-15 01:51:32] Tag Change: ID '00E20047175FC068217A4701' -> Floor '27'
[2026-07-15 01:51:40] Tag flapping: suppressed 409 repeated tag-change log lines in the last 60s
[2026-07-15 01:52:32] Tag Change: ID '00E2004718990068218DDB01' -> Floor '27'
[2026-07-15 01:52:32] Tag Change: ID '00E20047175FC068217A4701' -> Floor '27'
[2026-07-15 01:52:41] Tag flapping: suppressed 406 repeated tag-change log lines in the last 60s
[2026-07-15 01:53:32] Tag Change: ID '00E2004718990068218DDB01' -> Floor '27'
[2026-07-15 01:53:32] Tag Change: ID '00E20047175FC068217A4701' -> Floor '27'
[2026-07-15 01:53:41] Tag flapping: suppressed 401 repeated tag-change log lines in the last 60s
[2026-07-15 01:54:32] Tag Change: ID '00E2004718990068218DDB01' -> Floor '27'
[2026-07-15 01:54:33] Tag Change: ID '00E20047175FC068217A4701' -> Floor '27'
[2026-07-15 01:54:41] Tag flapping: suppressed 405 repeated tag-change log lines in the last 60s
[2026-07-15 01:55:33] Tag Change: ID '00E2004718990068218DDB01' -> Floor '27'
[2026-07-15 01:55:33] Tag Change: ID '00E20047175FC068217A4701' -> Floor '27'
[2026-07-15 01:55:42] Tag flapping: suppressed 402 repeated tag-change log lines in the last 60s
[2026-07-15 01:56:33] Tag Change: ID '00E2004718990068218DDB01' -> Floor '27'
[2026-07-15 01:56:33] Tag Change: ID '00E20047175FC068217A4701' -> Floor '27'
[2026-07-15 01:56:42] Tag flapping: suppressed 400 repeated tag-change log lines in the last 60s
[2026-07-15 01:57:33] Tag Change: ID '00E2004718990068218DDB01' -> Floor '27'
[2026-07-15 01:57:33] Tag Change: ID '00E20047175FC068217A4701' -> Floor '27'
[2026-07-15 01:57:42] Tag flapping: suppressed 417 repeated tag-change log lines in the last 60s
[2026-07-15 01:58:33] Tag Change: ID '00E20047175FC068217A4701' -> Floor '27'
[2026-07-15 01:58:33] Tag Change: ID '00E2004718990068218DDB01' -> Floor '27'
[2026-07-15 01:58:42] Tag flapping: suppressed 401 repeated tag-change log lines in the last 60s
[2026-07-15 01:59:33] Tag Change: ID '00E20047175FC068217A4701' -> Floor '27'
[2026-07-15 01:59:34] Tag Change: ID '00E2004718990068218DDB01' -> Floor '27'
[2026-07-15 01:59:42] Tag flapping: suppressed 416 repeated tag-change log lines in the last 60s
[2026-07-15 02:00:34] Tag Change: ID '00E20047175FC068217A4701' -> Floor '27'
[2026-07-15 02:00:34] Tag Change: ID '00E2004718990068218DDB01' -> Floor '27'
[2026-07-15 02:00:42] Tag flapping: suppressed 413 repeated tag-change log lines in the last 60s
[2026-07-15 02:01:34] Tag Change: ID '00E20047175FC068217A4701' -> Floor '27'
[2026-07-15 02:01:34] Tag Change: ID '00E2004718990068218DDB01' -> Floor '27'
[2026-07-15 02:01:43] Tag flapping: suppressed 406 repeated tag-change log lines in the last 60s
[2026-07-15 02:02:34] Tag Change: ID '00E20047175FC068217A4701' -> Floor '27'
[2026-07-15 02:02:34] Tag Change: ID '00E2004718990068218DDB01' -> Floor '27'
[2026-07-15 02:02:43] Tag flapping: suppressed 415 repeated tag-change log lines in the last 60s
[2026-07-15 02:03:34] Tag Change: ID '00E20047175FC068217A4701' -> Floor '27'
[2026-07-15 02:03:35] Tag Change: ID '00E2004718990068218DDB01' -> Floor '27'
[2026-07-15 02:03:43] Tag flapping: suppressed 423 repeated tag-change log lines in the last 60s
[2026-07-15 02:04:34] Tag Change: ID '00E20047175FC068217A4701' -> Floor '27'
[2026-07-15 02:04:35] Tag Change: ID '00E2004718990068218DDB01' -> Floor '27'
[2026-07-15 02:04:44] Tag flapping: suppressed 403 repeated tag-change log lines in the last 60s
[2026-07-15 02:05:35] Tag Change: ID '00E20047175FC068217A4701' -> Floor '27'
[2026-07-15 02:05:35] Tag Change: ID '00E2004718990068218DDB01' -> Floor '27'
[2026-07-15 02:05:44] Tag flapping: suppressed 400 repeated tag-change log lines in the last 60s
[2026-07-15 02:06:35] Tag Change: ID '00E20047175FC068217A4701' -> Floor '27'
[2026-07-15 02:06:35] Tag Change: ID '00E2004718990068218DDB01' -> Floor '27'
[2026-07-15 02:06:45] Tag flapping: suppressed 384 repeated tag-change log lines in the last 60s
[2026-07-15 02:07:35] Tag Change: ID '00E20047175FC068217A4701' -> Floor '27'
[2026-07-15 02:07:36] Tag Change: ID '00E2004718990068218DDB01' -> Floor '27'
[2026-07-15 02:07:45] Tag flapping: suppressed 401 repeated tag-change log lines in the last 60s
[2026-07-15 02:08:35] Tag Change: ID '00E20047175FC068217A4701' -> Floor '27'
[2026-07-15 02:08:36] Tag Change: ID '00E2004718990068218DDB01' -> Floor '27'
[2026-07-15 02:08:45] Tag flapping: suppressed 438 repeated tag-change log lines in the last 60s
[2026-07-15 02:09:35] Tag Change: ID '00E20047175FC068217A4701' -> Floor '27'
[2026-07-15 02:09:36] Tag Change: ID '00E2004718990068218DDB01' -> Floor '27'
[2026-07-15 02:09:45] Tag flapping: suppressed 419 repeated tag-change log lines in the last 60s
[2026-07-15 02:10:35] Tag Change: ID '00E20047175FC068217A4701' -> Floor '27'
[2026-07-15 02:10:36] Tag Change: ID '00E2004718990068218DDB01' -> Floor '27'
[2026-07-15 02:10:45] Tag flapping: suppressed 392 repeated tag-change log lines in the last 60s
[2026-07-15 02:11:35] Tag Change: ID '00E20047175FC068217A4701' -> Floor '27'
[2026-07-15 02:11:36] Tag Change: ID '00E2004718990068218DDB01' -> Floor '27'
[2026-07-15 02:11:46] Tag flapping: suppressed 404 repeated tag-change log lines in the last 60s
[2026-07-15 02:12:35] Tag Change: ID '00E20047175FC068217A4701' -> Floor '27'
[2026-07-15 02:12:37] Tag Change: ID '00E2004718990068218DDB01' -> Floor '27'
[2026-07-15 02:12:46] Tag flapping: suppressed 400 repeated tag-change log lines in the last 60s
[2026-07-15 02:13:35] Tag Change: ID '00E20047175FC068217A4701' -> Floor '27'
[2026-07-15 02:13:37] Tag Change: ID '00E2004718990068218DDB01' -> Floor '27'
[2026-07-15 02:13:46] Tag flapping: suppressed 402 repeated tag-change log lines in the last 60s
[2026-07-15 02:14:36] Tag Change: ID '00E20047175FC068217A4701' -> Floor '27'
[2026-07-15 02:14:37] Tag Change: ID '00E2004718990068218DDB01' -> Floor '27'
[2026-07-15 02:14:46] Tag flapping: suppressed 405 repeated tag-change log lines in the last 60s
[2026-07-15 02:15:36] Tag Change: ID '00E20047175FC068217A4701' -> Floor '27'
[2026-07-15 02:15:37] Tag Change: ID '00E2004718990068218DDB01' -> Floor '27'
[2026-07-15 02:15:47] Tag flapping: suppressed 380 repeated tag-change log lines in the last 60s
[2026-07-15 02:16:37] Tag Change: ID '00E20047175FC068217A4701' -> Floor '27'
[2026-07-15 02:16:37] Tag Change: ID '00E2004718990068218DDB01' -> Floor '27'
[2026-07-15 02:16:47] Tag flapping: suppressed 402 repeated tag-change log lines in the last 60s
[2026-07-15 02:17:37] Tag Change: ID '00E20047175FC068217A4701' -> Floor '27'
[2026-07-15 02:17:37] Tag Change: ID '00E2004718990068218DDB01' -> Floor '27'
[2026-07-15 02:17:47] Tag flapping: suppressed 397 repeated tag-change log lines in the last 60s
[2026-07-15 02:18:37] Tag Change: ID '00E20047175FC068217A4701' -> Floor '27'
[2026-07-15 02:18:37] Tag Change: ID '00E2004718990068218DDB01' -> Floor '27'
[2026-07-15 02:18:48] Tag flapping: suppressed 392 repeated tag-change log lines in the last 60s
[2026-07-15 02:19:37] Tag Change: ID '00E20047175FC068217A4701' -> Floor '27'
[2026-07-15 02:19:38] Tag Change: ID '00E2004718990068218DDB01' -> Floor '27'
[2026-07-15 02:19:48] Tag flapping: suppressed 414 repeated tag-change log lines in the last 60s
[2026-07-15 02:20:37] Tag Change: ID '00E20047175FC068217A4701' -> Floor '27'
[2026-07-15 02:20:38] Tag Change: ID '00E2004718990068218DDB01' -> Floor '27'
[2026-07-15 02:20:49] Tag flapping: suppressed 424 repeated tag-change log lines in the last 60s
[2026-07-15 02:21:37] Tag Change: ID '00E20047175FC068217A4701' -> Floor '27'
[2026-07-15 02:21:38] Tag Change: ID '00E2004718990068218DDB01' -> Floor '27'
[2026-07-15 02:21:49] Tag flapping: suppressed 393 repeated tag-change log lines in the last 60s
[2026-07-15 02:22:38] Tag Change: ID '00E20047175FC068217A4701' -> Floor '27'
[2026-07-15 02:22:38] Tag Change: ID '00E2004718990068218DDB01' -> Floor '27'
[2026-07-15 02:22:50] Tag flapping: suppressed 403 repeated tag-change log lines in the last 60s
[2026-07-15 02:23:38] Tag Change: ID '00E20047175FC068217A4701' -> Floor '27'
[2026-07-15 02:23:38] Tag Change: ID '00E2004718990068218DDB01' -> Floor '27'
[2026-07-15 02:23:50] Tag flapping: suppressed 406 repeated tag-change log lines in the last 60s
[2026-07-15 02:24:38] Tag Change: ID '00E20047175FC068217A4701' -> Floor '27'
[2026-07-15 02:24:38] Tag Change: ID '00E2004718990068218DDB01' -> Floor '27'
[2026-07-15 02:24:50] Tag flapping: suppressed 402 repeated tag-change log lines in the last 60s
[2026-07-15 02:25:38] Tag Change: ID '00E20047175FC068217A4701' -> Floor '27'
[2026-07-15 02:25:39] Tag Change: ID '00E2004718990068218DDB01' -> Floor '27'
[2026-07-15 02:25:50] Tag flapping: suppressed 376 repeated tag-change log lines in the last 60s
[2026-07-15 02:26:38] Tag Change: ID '00E20047175FC068217A4701' -> Floor '27'
[2026-07-15 02:26:39] Tag Change: ID '00E2004718990068218DDB01' -> Floor '27'
[2026-07-15 02:26:50] Tag flapping: suppressed 391 repeated tag-change log lines in the last 60s
[2026-07-15 02:27:39] Tag Change: ID '00E20047175FC068217A4701' -> Floor '27'
[2026-07-15 02:27:39] Tag Change: ID '00E2004718990068218DDB01' -> Floor '27'
[2026-07-15 02:27:51] Tag flapping: suppressed 412 repeated tag-change log lines in the last 60s
[2026-07-15 02:28:39] Tag Change: ID '00E20047175FC068217A4701' -> Floor '27'
[2026-07-15 02:28:39] Tag Change: ID '00E2004718990068218DDB01' -> Floor '27'
[2026-07-15 02:28:52] Tag flapping: suppressed 406 repeated tag-change log lines in the last 60s
[2026-07-15 02:29:39] Tag Change: ID '00E20047175FC068217A4701' -> Floor '27'
[2026-07-15 02:29:39] Tag Change: ID '00E2004718990068218DDB01' -> Floor '27'
[2026-07-15 02:29:52] Tag flapping: suppressed 401 repeated tag-change log lines in the last 60s
[2026-07-15 02:30:39] Tag Change: ID '00E20047175FC068217A4701' -> Floor '27'
[2026-07-15 02:30:39] Tag Change: ID '00E2004718990068218DDB01' -> Floor '27'
[2026-07-15 02:30:53] Tag flapping: suppressed 400 repeated tag-change log lines in the last 60s
[2026-07-15 02:31:39] Tag Change: ID '00E20047175FC068217A4701' -> Floor '27'
[2026-07-15 02:31:39] Tag Change: ID '00E2004718990068218DDB01' -> Floor '27'
[2026-07-15 02:31:53] Tag flapping: suppressed 404 repeated tag-change log lines in the last 60s
[2026-07-15 02:32:40] Tag Change: ID '00E2004718990068218DDB01' -> Floor '27'
[2026-07-15 02:32:40] Tag Change: ID '00E20047175FC068217A4701' -> Floor '27'
[2026-07-15 02:32:53] Tag flapping: suppressed 414 repeated tag-change log lines in the last 60s
[2026-07-15 02:33:40] Tag Change: ID '00E2004718990068218DDB01' -> Floor '27'
[2026-07-15 02:33:40] Tag Change: ID '00E20047175FC068217A4701' -> Floor '27'
[2026-07-15 02:33:53] Tag flapping: suppressed 412 repeated tag-change log lines in the last 60s
[2026-07-15 02:34:40] Tag Change: ID '00E2004718990068218DDB01' -> Floor '27'
[2026-07-15 02:34:40] Tag Change: ID '00E20047175FC068217A4701' -> Floor '27'
[2026-07-15 02:34:53] Tag flapping: suppressed 404 repeated tag-change log lines in the last 60s
[2026-07-15 02:35:40] Tag Change: ID '00E2004718990068218DDB01' -> Floor '27'
[2026-07-15 02:35:41] Tag Change: ID '00E20047175FC068217A4701' -> Floor '27'
[2026-07-15 02:35:54] Tag flapping: suppressed 415 repeated tag-change log lines in the last 60s
[2026-07-15 02:36:40] Tag Change: ID '00E2004718990068218DDB01' -> Floor '27'
[2026-07-15 02:36:41] Tag Change: ID '00E20047175FC068217A4701' -> Floor '27'
[2026-07-15 02:36:54] Tag flapping: suppressed 409 repeated tag-change log lines in the last 60s
[2026-07-15 02:37:40] Tag Change: ID '00E2004718990068218DDB01' -> Floor '27'
[2026-07-15 02:37:41] Tag Change: ID '00E20047175FC068217A4701' -> Floor '27'
[2026-07-15 02:37:54] Tag flapping: suppressed 392 repeated tag-change log lines in the last 60s
[2026-07-15 02:38:41] Tag Change: ID '00E2004718990068218DDB01' -> Floor '27'
[2026-07-15 02:38:41] Tag Change: ID '00E20047175FC068217A4701' -> Floor '27'
[2026-07-15 02:38:54] Tag flapping: suppressed 420 repeated tag-change log lines in the last 60s
[2026-07-15 02:39:41] Tag Change: ID '00E2004718990068218DDB01' -> Floor '27'
[2026-07-15 02:39:41] Tag Change: ID '00E20047175FC068217A4701' -> Floor '27'
[2026-07-15 02:39:55] Tag flapping: suppressed 420 repeated tag-change log lines in the last 60s
[2026-07-15 02:40:41] Tag Change: ID '00E2004718990068218DDB01' -> Floor '27'
[2026-07-15 02:40:41] Tag Change: ID '00E20047175FC068217A4701' -> Floor '27'
[2026-07-15 02:40:55] Tag flapping: suppressed 416 repeated tag-change log lines in the last 60s
[2026-07-15 02:41:41] Tag Change: ID '00E2004718990068218DDB01' -> Floor '27'
[2026-07-15 02:41:42] Tag Change: ID '00E20047175FC068217A4701' -> Floor '27'
[2026-07-15 02:41:55] Tag flapping: suppressed 387 repeated tag-change log lines in the last 60s
[2026-07-15 02:42:41] Tag Change: ID '00E2004718990068218DDB01' -> Floor '27'
[2026-07-15 02:42:42] Tag Change: ID '00E20047175FC068217A4701' -> Floor '27'
[2026-07-15 02:42:56] Tag flapping: suppressed 385 repeated tag-change log lines in the last 60s
[2026-07-15 02:43:41] Tag Change: ID '00E2004718990068218DDB01' -> Floor '27'
[2026-07-15 02:43:42] Tag Change: ID '00E20047175FC068217A4701' -> Floor '27'
[2026-07-15 02:43:56] Tag flapping: suppressed 419 repeated tag-change log lines in the last 60s
[2026-07-15 02:44:42] Tag Change: ID '00E2004718990068218DDB01' -> Floor '27'
[2026-07-15 02:44:42] Tag Change: ID '00E20047175FC068217A4701' -> Floor '27'
[2026-07-15 02:44:56] Tag flapping: suppressed 410 repeated tag-change log lines in the last 60s
[2026-07-15 02:45:42] Tag Change: ID '00E2004718990068218DDB01' -> Floor '27'
[2026-07-15 02:45:43] Tag Change: ID '00E20047175FC068217A4701' -> Floor '27'
[2026-07-15 02:45:56] Tag flapping: suppressed 433 repeated tag-change log lines in the last 60s
[2026-07-15 02:46:42] Tag Change: ID '00E2004718990068218DDB01' -> Floor '27'
[2026-07-15 02:46:43] Tag Change: ID '00E20047175FC068217A4701' -> Floor '27'
[2026-07-15 02:46:56] Tag flapping: suppressed 395 repeated tag-change log lines in the last 60s
[2026-07-15 02:47:42] Tag Change: ID '00E2004718990068218DDB01' -> Floor '27'
[2026-07-15 02:47:43] Tag Change: ID '00E20047175FC068217A4701' -> Floor '27'
[2026-07-15 02:47:57] Tag flapping: suppressed 403 repeated tag-change log lines in the last 60s
[2026-07-15 02:48:42] Tag Change: ID '00E2004718990068218DDB01' -> Floor '27'
[2026-07-15 02:48:43] Tag Change: ID '00E20047175FC068217A4701' -> Floor '27'
[2026-07-15 02:48:57] Tag flapping: suppressed 390 repeated tag-change log lines in the last 60s
[2026-07-15 02:49:42] Tag Change: ID '00E2004718990068218DDB01' -> Floor '27'
[2026-07-15 02:49:43] Tag Change: ID '00E20047175FC068217A4701' -> Floor '27'
[2026-07-15 02:49:57] Tag flapping: suppressed 411 repeated tag-change log lines in the last 60s
[2026-07-15 02:50:43] Tag Change: ID '00E2004718990068218DDB01' -> Floor '27'
[2026-07-15 02:50:43] Tag Change: ID '00E20047175FC068217A4701' -> Floor '27'
[2026-07-15 02:50:57] Tag flapping: suppressed 400 repeated tag-change log lines in the last 60s
[2026-07-15 02:51:43] Tag Change: ID '00E2004718990068218DDB01' -> Floor '27'
[2026-07-15 02:51:44] Tag Change: ID '00E20047175FC068217A4701' -> Floor '27'
[2026-07-15 02:51:58] Tag flapping: suppressed 431 repeated tag-change log lines in the last 60s
[2026-07-15 02:52:43] Tag Change: ID '00E2004718990068218DDB01' -> Floor '27'
[2026-07-15 02:52:44] Tag Change: ID '00E20047175FC068217A4701' -> Floor '27'
[2026-07-15 02:52:58] Tag flapping: suppressed 401 repeated tag-change log lines in the last 60s
[2026-07-15 02:53:43] Tag Change: ID '00E2004718990068218DDB01' -> Floor '27'
[2026-07-15 02:53:45] Tag Change: ID '00E20047175FC068217A4701' -> Floor '27'
[2026-07-15 02:53:59] Tag flapping: suppressed 387 repeated tag-change log lines in the last 60s
[2026-07-15 02:54:44] Tag Change: ID '00E2004718990068218DDB01' -> Floor '27'
[2026-07-15 02:54:45] Tag Change: ID '00E20047175FC068217A4701' -> Floor '27'
[2026-07-15 02:54:59] Tag flapping: suppressed 402 repeated tag-change log lines in the last 60s
[2026-07-15 02:55:44] Tag Change: ID '00E2004718990068218DDB01' -> Floor '27'
[2026-07-15 02:55:45] Tag Change: ID '00E20047175FC068217A4701' -> Floor '27'
[2026-07-15 02:55:59] Tag flapping: suppressed 404 repeated tag-change log lines in the last 60s
[2026-07-15 02:56:44] Tag Change: ID '00E2004718990068218DDB01' -> Floor '27'
[2026-07-15 02:56:45] Tag Change: ID '00E20047175FC068217A4701' -> Floor '27'
[2026-07-15 02:56:59] Tag flapping: suppressed 383 repeated tag-change log lines in the last 60s
[2026-07-15 02:57:45] Tag Change: ID '00E2004718990068218DDB01' -> Floor '27'
[2026-07-15 02:57:45] Tag Change: ID '00E20047175FC068217A4701' -> Floor '27'
[2026-07-15 02:58:00] Tag flapping: suppressed 406 repeated tag-change log lines in the last 60s
[2026-07-15 02:58:45] Tag Change: ID '00E2004718990068218DDB01' -> Floor '27'
[2026-07-15 02:58:45] Tag Change: ID '00E20047175FC068217A4701' -> Floor '27'
[2026-07-15 02:59:00] Tag flapping: suppressed 385 repeated tag-change log lines in the last 60s
[2026-07-15 02:59:45] Tag Change: ID '00E2004718990068218DDB01' -> Floor '27'
[2026-07-15 02:59:46] Tag Change: ID '00E20047175FC068217A4701' -> Floor '27'
[2026-07-15 03:00:00] Tag flapping: suppressed 418 repeated tag-change log lines in the last 60s
[2026-07-15 03:00:45] Tag Change: ID '00E2004718990068218DDB01' -> Floor '27'
[2026-07-15 03:00:46] Tag Change: ID '00E20047175FC068217A4701' -> Floor '27'
[2026-07-15 03:01:00] Tag flapping: suppressed 401 repeated tag-change log lines in the last 60s
[2026-07-15 03:01:45] Tag Change: ID '00E2004718990068218DDB01' -> Floor '27'
[2026-07-15 03:01:46] Tag Change: ID '00E20047175FC068217A4701' -> Floor '27'
[2026-07-15 03:02:01] Tag flapping: suppressed 413 repeated tag-change log lines in the last 60s
[2026-07-15 03:02:45] Tag Change: ID '00E2004718990068218DDB01' -> Floor '27'
[2026-07-15 03:02:46] Tag Change: ID '00E20047175FC068217A4701' -> Floor '27'
[2026-07-15 03:03:01] Tag flapping: suppressed 414 repeated tag-change log lines in the last 60s
[2026-07-15 03:03:45] Tag Change: ID '00E2004718990068218DDB01' -> Floor '27'
[2026-07-15 03:03:46] Tag Change: ID '00E20047175FC068217A4701' -> Floor '27'
[2026-07-15 03:04:01] Tag flapping: suppressed 415 repeated tag-change log lines in the last 60s
[2026-07-15 03:04:46] Tag Change: ID '00E2004718990068218DDB01' -> Floor '27'
[2026-07-15 03:04:47] Tag Change: ID '00E20047175FC068217A4701' -> Floor '27'
[2026-07-15 03:05:01] Tag flapping: suppressed 411 repeated tag-change log lines in the last 60s
[2026-07-15 03:05:46] Tag Change: ID '00E2004718990068218DDB01' -> Floor '27'
[2026-07-15 03:05:47] Tag Change: ID '00E20047175FC068217A4701' -> Floor '27'
[2026-07-15 03:06:02] Tag flapping: suppressed 411 repeated tag-change log lines in the last 60s
[2026-07-15 03:06:46] Tag Change: ID '00E2004718990068218DDB01' -> Floor '27'
[2026-07-15 03:06:47] Tag Change: ID '00E20047175FC068217A4701' -> Floor '27'
[2026-07-15 03:07:02] Tag flapping: suppressed 404 repeated tag-change log lines in the last 60s
[2026-07-15 03:07:46] Tag Change: ID '00E2004718990068218DDB01' -> Floor '27'
[2026-07-15 03:07:47] Tag Change: ID '00E20047175FC068217A4701' -> Floor '27'
[2026-07-15 03:08:02] Tag flapping: suppressed 391 repeated tag-change log lines in the last 60s
[2026-07-15 03:08:47] Tag Change: ID '00E2004718990068218DDB01' -> Floor '27'
[2026-07-15 03:08:47] Tag Change: ID '00E20047175FC068217A4701' -> Floor '27'
[2026-07-15 03:09:03] Tag flapping: suppressed 414 repeated tag-change log lines in the last 60s
[2026-07-15 03:09:47] Tag Change: ID '00E2004718990068218DDB01' -> Floor '27'
[2026-07-15 03:09:47] Tag Change: ID '00E20047175FC068217A4701' -> Floor '27'
[2026-07-15 03:10:03] Tag flapping: suppressed 404 repeated tag-change log lines in the last 60s
[2026-07-15 03:10:47] Tag Change: ID '00E2004718990068218DDB01' -> Floor '27'
[2026-07-15 03:10:48] Tag Change: ID '00E20047175FC068217A4701' -> Floor '27'
[2026-07-15 03:11:03] Tag flapping: suppressed 404 repeated tag-change log lines in the last 60s
[2026-07-15 03:11:47] Tag Change: ID '00E2004718990068218DDB01' -> Floor '27'
[2026-07-15 03:11:48] Tag Change: ID '00E20047175FC068217A4701' -> Floor '27'
[2026-07-15 03:12:03] Tag flapping: suppressed 424 repeated tag-change log lines in the last 60s
[2026-07-15 03:12:47] Tag Change: ID '00E2004718990068218DDB01' -> Floor '27'
[2026-07-15 03:12:48] Tag Change: ID '00E20047175FC068217A4701' -> Floor '27'
[2026-07-15 03:13:04] Tag flapping: suppressed 402 repeated tag-change log lines in the last 60s
[2026-07-15 03:13:48] Tag Change: ID '00E2004718990068218DDB01' -> Floor '27'
[2026-07-15 03:13:48] Tag Change: ID '00E20047175FC068217A4701' -> Floor '27'
[2026-07-15 03:14:04] Tag flapping: suppressed 433 repeated tag-change log lines in the last 60s
[2026-07-15 03:14:48] Tag Change: ID '00E2004718990068218DDB01' -> Floor '27'
[2026-07-15 03:14:48] Tag Change: ID '00E20047175FC068217A4701' -> Floor '27'
[2026-07-15 03:15:04] Tag flapping: suppressed 400 repeated tag-change log lines in the last 60s
[2026-07-15 03:15:48] Tag Change: ID '00E2004718990068218DDB01' -> Floor '27'
[2026-07-15 03:15:48] Tag Change: ID '00E20047175FC068217A4701' -> Floor '27'
[2026-07-15 03:16:05] Tag flapping: suppressed 375 repeated tag-change log lines in the last 60s
[2026-07-15 03:16:48] Tag Change: ID '00E2004718990068218DDB01' -> Floor '27'
[2026-07-15 03:16:49] Tag Change: ID '00E20047175FC068217A4701' -> Floor '27'
[2026-07-15 03:17:05] Tag flapping: suppressed 402 repeated tag-change log lines in the last 60s
[2026-07-15 03:17:48] Tag Change: ID '00E2004718990068218DDB01' -> Floor '27'
[2026-07-15 03:17:49] Tag Change: ID '00E20047175FC068217A4701' -> Floor '27'
[2026-07-15 03:18:05] Tag flapping: suppressed 404 repeated tag-change log lines in the last 60s
[2026-07-15 03:18:48] Tag Change: ID '00E2004718990068218DDB01' -> Floor '27'
[2026-07-15 03:18:49] Tag Change: ID '00E20047175FC068217A4701' -> Floor '27'
[2026-07-15 03:19:06] Tag flapping: suppressed 412 repeated tag-change log lines in the last 60s
[2026-07-15 03:19:48] Tag Change: ID '00E2004718990068218DDB01' -> Floor '27'
[2026-07-15 03:19:49] Tag Change: ID '00E20047175FC068217A4701' -> Floor '27'
[2026-07-15 03:20:06] Tag flapping: suppressed 389 repeated tag-change log lines in the last 60s
[2026-07-15 03:20:49] Tag Change: ID '00E2004718990068218DDB01' -> Floor '27'
[2026-07-15 03:20:50] Tag Change: ID '00E20047175FC068217A4701' -> Floor '27'
[2026-07-15 03:21:07] Tag flapping: suppressed 393 repeated tag-change log lines in the last 60s
[2026-07-15 03:21:49] Tag Change: ID '00E2004718990068218DDB01' -> Floor '27'
[2026-07-15 03:21:50] Tag Change: ID '00E20047175FC068217A4701' -> Floor '27'
[2026-07-15 03:22:07] Tag flapping: suppressed 398 repeated tag-change log lines in the last 60s
[2026-07-15 03:22:49] Tag Change: ID '00E2004718990068218DDB01' -> Floor '27'
[2026-07-15 03:22:50] Tag Change: ID '00E20047175FC068217A4701' -> Floor '27'
[2026-07-15 03:23:07] Tag flapping: suppressed 390 repeated tag-change log lines in the last 60s
[2026-07-15 03:23:49] Tag Change: ID '00E2004718990068218DDB01' -> Floor '27'
[2026-07-15 03:23:51] Tag Change: ID '00E20047175FC068217A4701' -> Floor '27'
[2026-07-15 03:24:08] Tag flapping: suppressed 380 repeated tag-change log lines in the last 60s
[2026-07-15 03:24:49] Tag Change: ID '00E2004718990068218DDB01' -> Floor '27'
[2026-07-15 03:24:51] Tag Change: ID '00E20047175FC068217A4701' -> Floor '27'
[2026-07-15 03:25:08] Tag flapping: suppressed 403 repeated tag-change log lines in the last 60s
[2026-07-15 03:25:49] Tag Change: ID '00E2004718990068218DDB01' -> Floor '27'
[2026-07-15 03:25:51] Tag Change: ID '00E20047175FC068217A4701' -> Floor '27'
[2026-07-15 03:26:08] Tag flapping: suppressed 403 repeated tag-change log lines in the last 60s
[2026-07-15 03:26:50] Tag Change: ID '00E2004718990068218DDB01' -> Floor '27'
[2026-07-15 03:26:51] Tag Change: ID '00E20047175FC068217A4701' -> Floor '27'
[2026-07-15 03:27:08] Tag flapping: suppressed 424 repeated tag-change log lines in the last 60s
[2026-07-15 03:27:50] Tag Change: ID '00E2004718990068218DDB01' -> Floor '27'
[2026-07-15 03:27:51] Tag Change: ID '00E20047175FC068217A4701' -> Floor '27'
[2026-07-15 03:28:09] Tag flapping: suppressed 411 repeated tag-change log lines in the last 60s
[2026-07-15 03:28:50] Tag Change: ID '00E2004718990068218DDB01' -> Floor '27'
[2026-07-15 03:28:51] Tag Change: ID '00E20047175FC068217A4701' -> Floor '27'
[2026-07-15 03:29:09] Tag flapping: suppressed 428 repeated tag-change log lines in the last 60s
[2026-07-15 03:29:50] Tag Change: ID '00E2004718990068218DDB01' -> Floor '27'
[2026-07-15 03:29:52] Tag Change: ID '00E20047175FC068217A4701' -> Floor '27'
[2026-07-15 03:30:09] Tag flapping: suppressed 384 repeated tag-change log lines in the last 60s
[2026-07-15 03:30:50] Tag Change: ID '00E2004718990068218DDB01' -> Floor '27'
[2026-07-15 03:30:52] Tag Change: ID '00E20047175FC068217A4701' -> Floor '27'
[2026-07-15 03:31:10] Tag flapping: suppressed 403 repeated tag-change log lines in the last 60s
[2026-07-15 03:31:50] Tag Change: ID '00E2004718990068218DDB01' -> Floor '27'
[2026-07-15 03:31:52] Tag Change: ID '00E20047175FC068217A4701' -> Floor '27'
[2026-07-15 03:32:10] Tag flapping: suppressed 397 repeated tag-change log lines in the last 60s
[2026-07-15 03:32:51] Tag Change: ID '00E2004718990068218DDB01' -> Floor '27'
[2026-07-15 03:32:52] Tag Change: ID '00E20047175FC068217A4701' -> Floor '27'
[2026-07-15 03:33:10] Tag flapping: suppressed 400 repeated tag-change log lines in the last 60s
[2026-07-15 03:33:51] Tag Change: ID '00E2004718990068218DDB01' -> Floor '27'
[2026-07-15 03:33:53] Tag Change: ID '00E20047175FC068217A4701' -> Floor '27'
[2026-07-15 03:34:10] Tag flapping: suppressed 366 repeated tag-change log lines in the last 60s
[2026-07-15 03:34:51] Tag Change: ID '00E2004718990068218DDB01' -> Floor '27'
[2026-07-15 03:34:53] Tag Change: ID '00E20047175FC068217A4701' -> Floor '27'
[2026-07-15 03:35:11] Tag flapping: suppressed 421 repeated tag-change log lines in the last 60s
[2026-07-15 03:35:52] Tag Change: ID '00E2004718990068218DDB01' -> Floor '27'
[2026-07-15 03:35:53] Tag Change: ID '00E20047175FC068217A4701' -> Floor '27'
[2026-07-15 03:36:11] Tag flapping: suppressed 396 repeated tag-change log lines in the last 60s
[2026-07-15 03:36:53] Tag Change: ID '00E2004718990068218DDB01' -> Floor '27'
[2026-07-15 03:36:53] Tag Change: ID '00E20047175FC068217A4701' -> Floor '27'
[2026-07-15 03:37:11] Tag flapping: suppressed 404 repeated tag-change log lines in the last 60s
[2026-07-15 03:37:53] Tag Change: ID '00E2004718990068218DDB01' -> Floor '27'
[2026-07-15 03:37:53] Tag Change: ID '00E20047175FC068217A4701' -> Floor '27'
[2026-07-15 03:38:12] Tag flapping: suppressed 408 repeated tag-change log lines in the last 60s
[2026-07-15 03:38:53] Tag Change: ID '00E2004718990068218DDB01' -> Floor '27'
[2026-07-15 03:38:53] Tag Change: ID '00E20047175FC068217A4701' -> Floor '27'
[2026-07-15 03:39:12] Tag flapping: suppressed 398 repeated tag-change log lines in the last 60s
[2026-07-15 03:39:53] Tag Change: ID '00E2004718990068218DDB01' -> Floor '27'
[2026-07-15 03:39:53] Tag Change: ID '00E20047175FC068217A4701' -> Floor '27'
[2026-07-15 03:40:12] Tag flapping: suppressed 398 repeated tag-change log lines in the last 60s
[2026-07-15 03:40:53] Tag Change: ID '00E2004718990068218DDB01' -> Floor '27'
[2026-07-15 03:40:53] Tag Change: ID '00E20047175FC068217A4701' -> Floor '27'
[2026-07-15 03:41:12] Tag flapping: suppressed 398 repeated tag-change log lines in the last 60s
[2026-07-15 03:41:54] Tag Change: ID '00E20047175FC068217A4701' -> Floor '27'
[2026-07-15 03:41:54] Tag Change: ID '00E2004718990068218DDB01' -> Floor '27'
[2026-07-15 03:42:13] Tag flapping: suppressed 376 repeated tag-change log lines in the last 60s
[2026-07-15 03:42:54] Tag Change: ID '00E20047175FC068217A4701' -> Floor '27'
[2026-07-15 03:42:54] Tag Change: ID '00E2004718990068218DDB01' -> Floor '27'
[2026-07-15 03:43:13] Tag flapping: suppressed 430 repeated tag-change log lines in the last 60s
[2026-07-15 03:43:54] Tag Change: ID '00E20047175FC068217A4701' -> Floor '27'
[2026-07-15 03:43:54] Tag Change: ID '00E2004718990068218DDB01' -> Floor '27'
[2026-07-15 03:44:13] Tag flapping: suppressed 392 repeated tag-change log lines in the last 60s
[2026-07-15 03:44:54] Tag Change: ID '00E2004718990068218DDB01' -> Floor '27'
[2026-07-15 03:44:54] Tag Change: ID '00E20047175FC068217A4701' -> Floor '27'
[2026-07-15 03:45:14] Tag flapping: suppressed 401 repeated tag-change log lines in the last 60s
[2026-07-15 03:45:54] Tag Change: ID '00E2004718990068218DDB01' -> Floor '27'
[2026-07-15 03:45:55] Tag Change: ID '00E20047175FC068217A4701' -> Floor '27'
[2026-07-15 03:46:14] Tag flapping: suppressed 407 repeated tag-change log lines in the last 60s
[2026-07-15 03:46:54] Tag Change: ID '00E2004718990068218DDB01' -> Floor '27'
[2026-07-15 03:46:55] Tag Change: ID '00E20047175FC068217A4701' -> Floor '27'
[2026-07-15 03:47:14] Tag flapping: suppressed 404 repeated tag-change log lines in the last 60s
[2026-07-15 03:47:54] Tag Change: ID '00E2004718990068218DDB01' -> Floor '27'
[2026-07-15 03:47:55] Tag Change: ID '00E20047175FC068217A4701' -> Floor '27'
[2026-07-15 03:48:14] Tag flapping: suppressed 389 repeated tag-change log lines in the last 60s
[2026-07-15 03:48:55] Tag Change: ID '00E2004718990068218DDB01' -> Floor '27'
[2026-07-15 03:48:56] Tag Change: ID '00E20047175FC068217A4701' -> Floor '27'
[2026-07-15 03:49:15] Tag flapping: suppressed 391 repeated tag-change log lines in the last 60s
[2026-07-15 03:49:55] Tag Change: ID '00E2004718990068218DDB01' -> Floor '27'
[2026-07-15 03:49:56] Tag Change: ID '00E20047175FC068217A4701' -> Floor '27'
[2026-07-15 03:50:15] Tag flapping: suppressed 399 repeated tag-change log lines in the last 60s
[2026-07-15 03:50:55] Tag Change: ID '00E2004718990068218DDB01' -> Floor '27'
[2026-07-15 03:50:56] Tag Change: ID '00E20047175FC068217A4701' -> Floor '27'
[2026-07-15 03:51:15] Tag flapping: suppressed 395 repeated tag-change log lines in the last 60s
[2026-07-15 03:51:55] Tag Change: ID '00E2004718990068218DDB01' -> Floor '27'
[2026-07-15 03:51:56] Tag Change: ID '00E20047175FC068217A4701' -> Floor '27'
[2026-07-15 03:52:15] Tag flapping: suppressed 388 repeated tag-change log lines in the last 60s
[2026-07-15 03:52:56] Tag Change: ID '00E2004718990068218DDB01' -> Floor '27'
[2026-07-15 03:52:56] Tag Change: ID '00E20047175FC068217A4701' -> Floor '27'
[2026-07-15 03:53:15] Tag flapping: suppressed 407 repeated tag-change log lines in the last 60s
[2026-07-15 03:53:56] Tag Change: ID '00E2004718990068218DDB01' -> Floor '27'
[2026-07-15 03:53:56] Tag Change: ID '00E20047175FC068217A4701' -> Floor '27'
[2026-07-15 03:54:16] Tag flapping: suppressed 406 repeated tag-change log lines in the last 60s
[2026-07-15 03:54:56] Tag Change: ID '00E2004718990068218DDB01' -> Floor '27'
[2026-07-15 03:54:57] Tag Change: ID '00E20047175FC068217A4701' -> Floor '27'
[2026-07-15 03:55:16] Tag flapping: suppressed 430 repeated tag-change log lines in the last 60s
[2026-07-15 03:55:56] Tag Change: ID '00E2004718990068218DDB01' -> Floor '27'
[2026-07-15 03:55:57] Tag Change: ID '00E20047175FC068217A4701' -> Floor '27'
[2026-07-15 03:56:16] Tag flapping: suppressed 391 repeated tag-change log lines in the last 60s
[2026-07-15 03:56:56] Tag Change: ID '00E2004718990068218DDB01' -> Floor '27'
[2026-07-15 03:56:57] Tag Change: ID '00E20047175FC068217A4701' -> Floor '27'
[2026-07-15 03:57:16] Tag flapping: suppressed 406 repeated tag-change log lines in the last 60s
[2026-07-15 03:57:56] Tag Change: ID '00E2004718990068218DDB01' -> Floor '27'
[2026-07-15 03:57:57] Tag Change: ID '00E20047175FC068217A4701' -> Floor '27'
[2026-07-15 03:58:16] Tag flapping: suppressed 397 repeated tag-change log lines in the last 60s
[2026-07-15 03:58:56] Tag Change: ID '00E2004718990068218DDB01' -> Floor '27'
[2026-07-15 03:58:57] Tag Change: ID '00E20047175FC068217A4701' -> Floor '27'
[2026-07-15 03:59:17] Tag flapping: suppressed 380 repeated tag-change log lines in the last 60s
[2026-07-15 03:59:57] Tag Change: ID '00E2004718990068218DDB01' -> Floor '27'
[2026-07-15 03:59:57] Tag Change: ID '00E20047175FC068217A4701' -> Floor '27'
[2026-07-15 04:00:17] Tag flapping: suppressed 400 repeated tag-change log lines in the last 60s
[2026-07-15 04:00:57] Tag Change: ID '00E2004718990068218DDB01' -> Floor '27'
[2026-07-15 04:00:58] Tag Change: ID '00E20047175FC068217A4701' -> Floor '27'
[2026-07-15 04:01:17] Tag flapping: suppressed 404 repeated tag-change log lines in the last 60s
[2026-07-15 04:01:57] Tag Change: ID '00E2004718990068218DDB01' -> Floor '27'
[2026-07-15 04:01:58] Tag Change: ID '00E20047175FC068217A4701' -> Floor '27'
[2026-07-15 04:02:17] Tag flapping: suppressed 395 repeated tag-change log lines in the last 60s
[2026-07-15 04:02:57] Tag Change: ID '00E2004718990068218DDB01' -> Floor '27'
[2026-07-15 04:02:58] Tag Change: ID '00E20047175FC068217A4701' -> Floor '27'
[2026-07-15 04:03:18] Tag flapping: suppressed 408 repeated tag-change log lines in the last 60s
[2026-07-15 04:03:58] Tag Change: ID '00E2004718990068218DDB01' -> Floor '27'
[2026-07-15 04:03:58] Tag Change: ID '00E20047175FC068217A4701' -> Floor '27'
[2026-07-15 04:04:18] Tag flapping: suppressed 398 repeated tag-change log lines in the last 60s
[2026-07-15 04:04:58] Tag Change: ID '00E2004718990068218DDB01' -> Floor '27'
[2026-07-15 04:04:58] Tag Change: ID '00E20047175FC068217A4701' -> Floor '27'
[2026-07-15 04:05:18] Tag flapping: suppressed 396 repeated tag-change log lines in the last 60s
[2026-07-15 04:05:58] Tag Change: ID '00E2004718990068218DDB01' -> Floor '27'
[2026-07-15 04:05:58] Tag Change: ID '00E20047175FC068217A4701' -> Floor '27'
[2026-07-15 04:06:18] Tag flapping: suppressed 431 repeated tag-change log lines in the last 60s
[2026-07-15 04:06:58] Tag Change: ID '00E2004718990068218DDB01' -> Floor '27'
[2026-07-15 04:06:58] Tag Change: ID '00E20047175FC068217A4701' -> Floor '27'
[2026-07-15 04:07:19] Tag flapping: suppressed 394 repeated tag-change log lines in the last 60s
[2026-07-15 04:07:58] Tag Change: ID '00E2004718990068218DDB01' -> Floor '27'
[2026-07-15 04:07:59] Tag Change: ID '00E20047175FC068217A4701' -> Floor '27'
[2026-07-15 04:08:19] Tag flapping: suppressed 416 repeated tag-change log lines in the last 60s
[2026-07-15 04:08:58] Tag Change: ID '00E2004718990068218DDB01' -> Floor '27'
[2026-07-15 04:08:59] Tag Change: ID '00E20047175FC068217A4701' -> Floor '27'
[2026-07-15 04:09:19] Tag flapping: suppressed 403 repeated tag-change log lines in the last 60s
[2026-07-15 04:09:59] Tag Change: ID '00E2004718990068218DDB01' -> Floor '27'
[2026-07-15 04:10:00] Tag Change: ID '00E20047175FC068217A4701' -> Floor '27'
[2026-07-15 04:10:20] Tag flapping: suppressed 404 repeated tag-change log lines in the last 60s
[2026-07-15 04:10:59] Tag Change: ID '00E2004718990068218DDB01' -> Floor '27'
[2026-07-15 04:11:00] Tag Change: ID '00E20047175FC068217A4701' -> Floor '27'
[2026-07-15 04:11:20] Tag flapping: suppressed 419 repeated tag-change log lines in the last 60s
[2026-07-15 04:12:00] Tag Change: ID '00E2004718990068218DDB01' -> Floor '27'
[2026-07-15 04:12:00] Tag Change: ID '00E20047175FC068217A4701' -> Floor '27'
[2026-07-15 04:12:20] Tag flapping: suppressed 391 repeated tag-change log lines in the last 60s
[2026-07-15 04:13:00] Tag Change: ID '00E2004718990068218DDB01' -> Floor '27'
[2026-07-15 04:13:00] Tag Change: ID '00E20047175FC068217A4701' -> Floor '27'
[2026-07-15 04:13:20] Tag flapping: suppressed 412 repeated tag-change log lines in the last 60s
[2026-07-15 04:14:00] Tag Change: ID '00E2004718990068218DDB01' -> Floor '27'
[2026-07-15 04:14:00] Tag Change: ID '00E20047175FC068217A4701' -> Floor '27'
[2026-07-15 04:14:21] Tag flapping: suppressed 400 repeated tag-change log lines in the last 60s
[2026-07-15 04:15:00] Tag Change: ID '00E2004718990068218DDB01' -> Floor '27'
[2026-07-15 04:15:00] Tag Change: ID '00E20047175FC068217A4701' -> Floor '27'
[2026-07-15 04:15:21] Tag flapping: suppressed 397 repeated tag-change log lines in the last 60s
[2026-07-15 04:16:00] Tag Change: ID '00E20047175FC068217A4701' -> Floor '27'
[2026-07-15 04:16:00] Tag Change: ID '00E2004718990068218DDB01' -> Floor '27'
[2026-07-15 04:16:21] Tag flapping: suppressed 408 repeated tag-change log lines in the last 60s
[2026-07-15 04:17:00] Tag Change: ID '00E20047175FC068217A4701' -> Floor '27'
[2026-07-15 04:17:00] Tag Change: ID '00E2004718990068218DDB01' -> Floor '27'
[2026-07-15 04:17:21] Tag flapping: suppressed 403 repeated tag-change log lines in the last 60s
[2026-07-15 04:18:01] Tag Change: ID '00E20047175FC068217A4701' -> Floor '27'
[2026-07-15 04:18:01] Tag Change: ID '00E2004718990068218DDB01' -> Floor '27'
[2026-07-15 04:18:22] Tag flapping: suppressed 403 repeated tag-change log lines in the last 60s
[2026-07-15 04:19:01] Tag Change: ID '00E20047175FC068217A4701' -> Floor '27'
[2026-07-15 04:19:02] Tag Change: ID '00E2004718990068218DDB01' -> Floor '27'
[2026-07-15 04:19:22] Tag flapping: suppressed 416 repeated tag-change log lines in the last 60s
[2026-07-15 04:20:01] Tag Change: ID '00E20047175FC068217A4701' -> Floor '27'
[2026-07-15 04:20:02] Tag Change: ID '00E2004718990068218DDB01' -> Floor '27'
[2026-07-15 04:20:22] Tag flapping: suppressed 394 repeated tag-change log lines in the last 60s
[2026-07-15 04:21:01] Tag Change: ID '00E20047175FC068217A4701' -> Floor '27'
[2026-07-15 04:21:02] Tag Change: ID '00E2004718990068218DDB01' -> Floor '27'
[2026-07-15 04:21:23] Tag flapping: suppressed 383 repeated tag-change log lines in the last 60s
[2026-07-15 04:22:02] Tag Change: ID '00E20047175FC068217A4701' -> Floor '27'
[2026-07-15 04:22:02] Tag Change: ID '00E2004718990068218DDB01' -> Floor '27'
[2026-07-15 04:22:23] Tag flapping: suppressed 433 repeated tag-change log lines in the last 60s
[2026-07-15 04:23:02] Tag Change: ID '00E20047175FC068217A4701' -> Floor '27'
[2026-07-15 04:23:03] Tag Change: ID '00E2004718990068218DDB01' -> Floor '27'
[2026-07-15 04:23:23] Tag flapping: suppressed 410 repeated tag-change log lines in the last 60s
[2026-07-15 04:24:02] Tag Change: ID '00E20047175FC068217A4701' -> Floor '27'
[2026-07-15 04:24:03] Tag Change: ID '00E2004718990068218DDB01' -> Floor '27'
[2026-07-15 04:24:24] Tag flapping: suppressed 402 repeated tag-change log lines in the last 60s
[2026-07-15 04:25:02] Tag Change: ID '00E20047175FC068217A4701' -> Floor '27'
[2026-07-15 04:25:03] Tag Change: ID '00E2004718990068218DDB01' -> Floor '27'
[2026-07-15 04:25:24] Tag flapping: suppressed 405 repeated tag-change log lines in the last 60s
[2026-07-15 04:26:03] Tag Change: ID '00E20047175FC068217A4701' -> Floor '27'
[2026-07-15 04:26:03] Tag Change: ID '00E2004718990068218DDB01' -> Floor '27'
[2026-07-15 04:26:24] Tag flapping: suppressed 402 repeated tag-change log lines in the last 60s
[2026-07-15 04:27:03] Tag Change: ID '00E20047175FC068217A4701' -> Floor '27'
[2026-07-15 04:27:03] Tag Change: ID '00E2004718990068218DDB01' -> Floor '27'
[2026-07-15 04:27:24] Tag flapping: suppressed 395 repeated tag-change log lines in the last 60s
[2026-07-15 04:28:03] Tag Change: ID '00E20047175FC068217A4701' -> Floor '27'
[2026-07-15 04:28:04] Tag Change: ID '00E2004718990068218DDB01' -> Floor '27'
[2026-07-15 04:28:24] Tag flapping: suppressed 393 repeated tag-change log lines in the last 60s
[2026-07-15 04:29:03] Tag Change: ID '00E20047175FC068217A4701' -> Floor '27'
[2026-07-15 04:29:04] Tag Change: ID '00E2004718990068218DDB01' -> Floor '27'
[2026-07-15 04:29:25] Tag flapping: suppressed 401 repeated tag-change log lines in the last 60s
[2026-07-15 04:30:03] Tag Change: ID '00E20047175FC068217A4701' -> Floor '27'
[2026-07-15 04:30:04] Tag Change: ID '00E2004718990068218DDB01' -> Floor '27'
[2026-07-15 04:30:25] Tag flapping: suppressed 418 repeated tag-change log lines in the last 60s
[2026-07-15 04:31:03] Tag Change: ID '00E20047175FC068217A4701' -> Floor '27'
[2026-07-15 04:31:04] Tag Change: ID '00E2004718990068218DDB01' -> Floor '27'
[2026-07-15 04:31:25] Tag flapping: suppressed 397 repeated tag-change log lines in the last 60s
[2026-07-15 04:32:03] Tag Change: ID '00E20047175FC068217A4701' -> Floor '27'
[2026-07-15 04:32:05] Tag Change: ID '00E2004718990068218DDB01' -> Floor '27'
[2026-07-15 04:32:26] Tag flapping: suppressed 395 repeated tag-change log lines in the last 60s
[2026-07-15 04:33:03] Tag Change: ID '00E20047175FC068217A4701' -> Floor '27'
[2026-07-15 04:33:05] Tag Change: ID '00E2004718990068218DDB01' -> Floor '27'
[2026-07-15 04:33:26] Tag flapping: suppressed 417 repeated tag-change log lines in the last 60s
[2026-07-15 04:34:04] Tag Change: ID '00E20047175FC068217A4701' -> Floor '27'
[2026-07-15 04:34:05] Tag Change: ID '00E2004718990068218DDB01' -> Floor '27'
[2026-07-15 04:34:26] Tag flapping: suppressed 422 repeated tag-change log lines in the last 60s
[2026-07-15 04:35:05] Tag Change: ID '00E20047175FC068217A4701' -> Floor '27'
[2026-07-15 04:35:05] Tag Change: ID '00E2004718990068218DDB01' -> Floor '27'
[2026-07-15 04:35:26] Tag flapping: suppressed 408 repeated tag-change log lines in the last 60s
[2026-07-15 04:36:05] Tag Change: ID '00E20047175FC068217A4701' -> Floor '27'
[2026-07-15 04:36:06] Tag Change: ID '00E2004718990068218DDB01' -> Floor '27'
[2026-07-15 04:36:26] Tag flapping: suppressed 381 repeated tag-change log lines in the last 60s
[2026-07-15 04:37:05] Tag Change: ID '00E20047175FC068217A4701' -> Floor '27'
[2026-07-15 04:37:06] Tag Change: ID '00E2004718990068218DDB01' -> Floor '27'
[2026-07-15 04:37:26] Tag flapping: suppressed 433 repeated tag-change log lines in the last 60s
[2026-07-15 04:38:05] Tag Change: ID '00E20047175FC068217A4701' -> Floor '27'
[2026-07-15 04:38:06] Tag Change: ID '00E2004718990068218DDB01' -> Floor '27'
[2026-07-15 04:38:27] Tag flapping: suppressed 418 repeated tag-change log lines in the last 60s
[2026-07-15 04:39:05] Tag Change: ID '00E20047175FC068217A4701' -> Floor '27'
[2026-07-15 04:39:06] Tag Change: ID '00E2004718990068218DDB01' -> Floor '27'
[2026-07-15 04:39:27] Tag flapping: suppressed 397 repeated tag-change log lines in the last 60s
[2026-07-15 04:40:05] Tag Change: ID '00E20047175FC068217A4701' -> Floor '27'
[2026-07-15 04:40:06] Tag Change: ID '00E2004718990068218DDB01' -> Floor '27'
[2026-07-15 04:40:27] Tag flapping: suppressed 414 repeated tag-change log lines in the last 60s
[2026-07-15 04:41:06] Tag Change: ID '00E20047175FC068217A4701' -> Floor '27'
[2026-07-15 04:41:06] Tag Change: ID '00E2004718990068218DDB01' -> Floor '27'
[2026-07-15 04:41:27] Tag flapping: suppressed 395 repeated tag-change log lines in the last 60s
[2026-07-15 04:42:06] Tag Change: ID '00E20047175FC068217A4701' -> Floor '27'
[2026-07-15 04:42:07] Tag Change: ID '00E2004718990068218DDB01' -> Floor '27'
[2026-07-15 04:42:28] Tag flapping: suppressed 390 repeated tag-change log lines in the last 60s
[2026-07-15 04:43:06] Tag Change: ID '00E20047175FC068217A4701' -> Floor '27'
[2026-07-15 04:43:07] Tag Change: ID '00E2004718990068218DDB01' -> Floor '27'
[2026-07-15 04:43:28] Tag flapping: suppressed 383 repeated tag-change log lines in the last 60s
[2026-07-15 04:44:06] Tag Change: ID '00E20047175FC068217A4701' -> Floor '27'
[2026-07-15 04:44:07] Tag Change: ID '00E2004718990068218DDB01' -> Floor '27'
[2026-07-15 04:44:28] Tag flapping: suppressed 418 repeated tag-change log lines in the last 60s
[2026-07-15 04:45:06] Tag Change: ID '00E20047175FC068217A4701' -> Floor '27'
[2026-07-15 04:45:07] Tag Change: ID '00E2004718990068218DDB01' -> Floor '27'
[2026-07-15 04:45:28] Tag flapping: suppressed 425 repeated tag-change log lines in the last 60s
[2026-07-15 04:46:06] Tag Change: ID '00E20047175FC068217A4701' -> Floor '27'
[2026-07-15 04:46:07] Tag Change: ID '00E2004718990068218DDB01' -> Floor '27'
[2026-07-15 04:46:29] Tag flapping: suppressed 411 repeated tag-change log lines in the last 60s
[2026-07-15 04:47:07] Tag Change: ID '00E20047175FC068217A4701' -> Floor '27'
[2026-07-15 04:47:08] Tag Change: ID '00E2004718990068218DDB01' -> Floor '27'
[2026-07-15 04:47:29] Tag flapping: suppressed 407 repeated tag-change log lines in the last 60s
[2026-07-15 04:48:07] Tag Change: ID '00E20047175FC068217A4701' -> Floor '27'
[2026-07-15 04:48:08] Tag Change: ID '00E2004718990068218DDB01' -> Floor '27'
[2026-07-15 04:48:30] Tag flapping: suppressed 422 repeated tag-change log lines in the last 60s
[2026-07-15 04:49:07] Tag Change: ID '00E20047175FC068217A4701' -> Floor '27'
[2026-07-15 04:49:08] Tag Change: ID '00E2004718990068218DDB01' -> Floor '27'
[2026-07-15 04:49:30] Tag flapping: suppressed 430 repeated tag-change log lines in the last 60s
[2026-07-15 04:50:07] Tag Change: ID '00E20047175FC068217A4701' -> Floor '27'
[2026-07-15 04:50:08] Tag Change: ID '00E2004718990068218DDB01' -> Floor '27'
[2026-07-15 04:50:30] Tag flapping: suppressed 428 repeated tag-change log lines in the last 60s
[2026-07-15 04:51:08] Tag Change: ID '00E20047175FC068217A4701' -> Floor '27'
[2026-07-15 04:51:08] Tag Change: ID '00E2004718990068218DDB01' -> Floor '27'
[2026-07-15 04:51:30] Tag flapping: suppressed 423 repeated tag-change log lines in the last 60s
[2026-07-15 04:52:08] Tag Change: ID '00E20047175FC068217A4701' -> Floor '27'
[2026-07-15 04:52:08] Tag Change: ID '00E2004718990068218DDB01' -> Floor '27'
[2026-07-15 04:52:30] Tag flapping: suppressed 424 repeated tag-change log lines in the last 60s
[2026-07-15 04:53:08] Tag Change: ID '00E20047175FC068217A4701' -> Floor '27'
[2026-07-15 04:53:08] Tag Change: ID '00E2004718990068218DDB01' -> Floor '27'
[2026-07-15 04:53:30] Tag flapping: suppressed 408 repeated tag-change log lines in the last 60s
[2026-07-15 04:54:08] Tag Change: ID '00E20047175FC068217A4701' -> Floor '27'
[2026-07-15 04:54:08] Tag Change: ID '00E2004718990068218DDB01' -> Floor '27'
[2026-07-15 04:54:31] Tag flapping: suppressed 405 repeated tag-change log lines in the last 60s
[2026-07-15 04:55:08] Tag Change: ID '00E20047175FC068217A4701' -> Floor '27'
[2026-07-15 04:55:08] Tag Change: ID '00E2004718990068218DDB01' -> Floor '27'
[2026-07-15 04:55:31] Tag flapping: suppressed 419 repeated tag-change log lines in the last 60s
[2026-07-15 04:56:08] Tag Change: ID '00E20047175FC068217A4701' -> Floor '27'
[2026-07-15 04:56:09] Tag Change: ID '00E2004718990068218DDB01' -> Floor '27'
[2026-07-15 04:56:31] Tag flapping: suppressed 387 repeated tag-change log lines in the last 60s
[2026-07-15 04:57:08] Tag Change: ID '00E20047175FC068217A4701' -> Floor '27'
[2026-07-15 04:57:09] Tag Change: ID '00E2004718990068218DDB01' -> Floor '27'
[2026-07-15 04:57:32] Tag flapping: suppressed 408 repeated tag-change log lines in the last 60s
[2026-07-15 04:58:09] Tag Change: ID '00E20047175FC068217A4701' -> Floor '27'
[2026-07-15 04:58:09] Tag Change: ID '00E2004718990068218DDB01' -> Floor '27'
[2026-07-15 04:58:32] Tag flapping: suppressed 400 repeated tag-change log lines in the last 60s
[2026-07-15 04:59:09] Tag Change: ID '00E20047175FC068217A4701' -> Floor '27'
[2026-07-15 04:59:09] Tag Change: ID '00E2004718990068218DDB01' -> Floor '27'
[2026-07-15 04:59:32] Tag flapping: suppressed 419 repeated tag-change log lines in the last 60s
[2026-07-15 05:00:09] Tag Change: ID '00E20047175FC068217A4701' -> Floor '27'
[2026-07-15 05:00:10] Tag Change: ID '00E2004718990068218DDB01' -> Floor '27'
[2026-07-15 05:00:33] Tag flapping: suppressed 422 repeated tag-change log lines in the last 60s
[2026-07-15 05:01:09] Tag Change: ID '00E20047175FC068217A4701' -> Floor '27'
[2026-07-15 05:01:10] Tag Change: ID '00E2004718990068218DDB01' -> Floor '27'
[2026-07-15 05:01:33] Tag flapping: suppressed 418 repeated tag-change log lines in the last 60s
[2026-07-15 05:02:09] Tag Change: ID '00E20047175FC068217A4701' -> Floor '27'
[2026-07-15 05:02:11] Tag Change: ID '00E2004718990068218DDB01' -> Floor '27'
[2026-07-15 05:02:33] Tag flapping: suppressed 417 repeated tag-change log lines in the last 60s
[2026-07-15 05:03:10] Tag Change: ID '00E20047175FC068217A4701' -> Floor '27'
[2026-07-15 05:03:11] Tag Change: ID '00E2004718990068218DDB01' -> Floor '27'
[2026-07-15 05:03:33] Tag flapping: suppressed 392 repeated tag-change log lines in the last 60s
[2026-07-15 05:04:10] Tag Change: ID '00E20047175FC068217A4701' -> Floor '27'
[2026-07-15 05:04:11] Tag Change: ID '00E2004718990068218DDB01' -> Floor '27'
[2026-07-15 05:04:34] Tag flapping: suppressed 404 repeated tag-change log lines in the last 60s
[2026-07-15 05:05:10] Tag Change: ID '00E20047175FC068217A4701' -> Floor '27'
[2026-07-15 05:05:11] Tag Change: ID '00E2004718990068218DDB01' -> Floor '27'
[2026-07-15 05:05:34] Tag flapping: suppressed 404 repeated tag-change log lines in the last 60s
[2026-07-15 05:06:10] Tag Change: ID '00E20047175FC068217A4701' -> Floor '27'
[2026-07-15 05:06:11] Tag Change: ID '00E2004718990068218DDB01' -> Floor '27'
[2026-07-15 05:06:34] Tag flapping: suppressed 416 repeated tag-change log lines in the last 60s
[2026-07-15 05:07:10] Tag Change: ID '00E20047175FC068217A4701' -> Floor '27'
[2026-07-15 05:07:12] Tag Change: ID '00E2004718990068218DDB01' -> Floor '27'
[2026-07-15 05:07:34] Tag flapping: suppressed 384 repeated tag-change log lines in the last 60s
[2026-07-15 05:08:10] Tag Change: ID '00E20047175FC068217A4701' -> Floor '27'
[2026-07-15 05:08:12] Tag Change: ID '00E2004718990068218DDB01' -> Floor '27'
[2026-07-15 05:08:34] Tag flapping: suppressed 402 repeated tag-change log lines in the last 60s
[2026-07-15 05:09:11] Tag Change: ID '00E20047175FC068217A4701' -> Floor '27'
[2026-07-15 05:09:12] Tag Change: ID '00E2004718990068218DDB01' -> Floor '27'
[2026-07-15 05:09:35] Tag flapping: suppressed 407 repeated tag-change log lines in the last 60s
[2026-07-15 05:10:11] Tag Change: ID '00E20047175FC068217A4701' -> Floor '27'
[2026-07-15 05:10:12] Tag Change: ID '00E2004718990068218DDB01' -> Floor '27'
[2026-07-15 05:10:35] Tag flapping: suppressed 398 repeated tag-change log lines in the last 60s
[2026-07-15 05:11:11] Tag Change: ID '00E20047175FC068217A4701' -> Floor '27'
[2026-07-15 05:11:12] Tag Change: ID '00E2004718990068218DDB01' -> Floor '27'
[2026-07-15 05:11:35] Tag flapping: suppressed 373 repeated tag-change log lines in the last 60s
[2026-07-15 05:12:11] Tag Change: ID '00E20047175FC068217A4701' -> Floor '27'
[2026-07-15 05:12:12] Tag Change: ID '00E2004718990068218DDB01' -> Floor '27'
[2026-07-15 05:12:35] Tag flapping: suppressed 417 repeated tag-change log lines in the last 60s
[2026-07-15 05:13:11] Tag Change: ID '00E20047175FC068217A4701' -> Floor '27'
[2026-07-15 05:13:13] Tag Change: ID '00E2004718990068218DDB01' -> Floor '27'
[2026-07-15 05:13:35] Tag flapping: suppressed 392 repeated tag-change log lines in the last 60s
[2026-07-15 05:14:11] Tag Change: ID '00E20047175FC068217A4701' -> Floor '27'
[2026-07-15 05:14:13] Tag Change: ID '00E2004718990068218DDB01' -> Floor '27'
[2026-07-15 05:14:35] Tag flapping: suppressed 410 repeated tag-change log lines in the last 60s
[2026-07-15 05:15:11] Tag Change: ID '00E20047175FC068217A4701' -> Floor '27'
[2026-07-15 05:15:14] Tag Change: ID '00E2004718990068218DDB01' -> Floor '27'
[2026-07-15 05:15:36] Tag flapping: suppressed 409 repeated tag-change log lines in the last 60s
[2026-07-15 05:16:11] Tag Change: ID '00E20047175FC068217A4701' -> Floor '27'
[2026-07-15 05:16:14] Tag Change: ID '00E2004718990068218DDB01' -> Floor '27'
[2026-07-15 05:16:36] Tag flapping: suppressed 416 repeated tag-change log lines in the last 60s
[2026-07-15 05:17:11] Tag Change: ID '00E20047175FC068217A4701' -> Floor '27'
[2026-07-15 05:17:14] Tag Change: ID '00E2004718990068218DDB01' -> Floor '27'
[2026-07-15 05:17:37] Tag flapping: suppressed 439 repeated tag-change log lines in the last 60s
[2026-07-15 05:18:12] Tag Change: ID '00E20047175FC068217A4701' -> Floor '27'
[2026-07-15 05:18:15] Tag Change: ID '00E2004718990068218DDB01' -> Floor '27'
[2026-07-15 05:18:37] Tag flapping: suppressed 403 repeated tag-change log lines in the last 60s
[2026-07-15 05:19:12] Tag Change: ID '00E20047175FC068217A4701' -> Floor '27'
[2026-07-15 05:19:15] Tag Change: ID '00E2004718990068218DDB01' -> Floor '27'
[2026-07-15 05:19:37] Tag flapping: suppressed 409 repeated tag-change log lines in the last 60s
[2026-07-15 05:20:12] Tag Change: ID '00E20047175FC068217A4701' -> Floor '27'
[2026-07-15 05:20:15] Tag Change: ID '00E2004718990068218DDB01' -> Floor '27'
[2026-07-15 05:20:37] Tag flapping: suppressed 386 repeated tag-change log lines in the last 60s
[2026-07-15 05:21:12] Tag Change: ID '00E20047175FC068217A4701' -> Floor '27'
[2026-07-15 05:21:16] Tag Change: ID '00E2004718990068218DDB01' -> Floor '27'
[2026-07-15 05:21:38] Tag flapping: suppressed 407 repeated tag-change log lines in the last 60s
[2026-07-15 05:22:12] Tag Change: ID '00E20047175FC068217A4701' -> Floor '27'
[2026-07-15 05:22:16] Tag Change: ID '00E2004718990068218DDB01' -> Floor '27'
[2026-07-15 05:22:38] Tag flapping: suppressed 401 repeated tag-change log lines in the last 60s
[2026-07-15 05:23:13] Tag Change: ID '00E20047175FC068217A4701' -> Floor '27'
[2026-07-15 05:23:16] Tag Change: ID '00E2004718990068218DDB01' -> Floor '27'
[2026-07-15 05:23:38] Tag flapping: suppressed 400 repeated tag-change log lines in the last 60s
[2026-07-15 05:24:13] Tag Change: ID '00E20047175FC068217A4701' -> Floor '27'
[2026-07-15 05:24:16] Tag Change: ID '00E2004718990068218DDB01' -> Floor '27'
[2026-07-15 05:24:39] Tag flapping: suppressed 402 repeated tag-change log lines in the last 60s
[2026-07-15 05:25:13] Tag Change: ID '00E20047175FC068217A4701' -> Floor '27'
[2026-07-15 05:25:16] Tag Change: ID '00E2004718990068218DDB01' -> Floor '27'
[2026-07-15 05:25:39] Tag flapping: suppressed 419 repeated tag-change log lines in the last 60s
[2026-07-15 05:26:14] Tag Change: ID '00E20047175FC068217A4701' -> Floor '27'
[2026-07-15 05:26:16] Tag Change: ID '00E2004718990068218DDB01' -> Floor '27'
[2026-07-15 05:26:39] Tag flapping: suppressed 399 repeated tag-change log lines in the last 60s
[2026-07-15 05:27:14] Tag Change: ID '00E20047175FC068217A4701' -> Floor '27'
[2026-07-15 05:27:17] Tag Change: ID '00E2004718990068218DDB01' -> Floor '27'
[2026-07-15 05:27:39] Tag flapping: suppressed 421 repeated tag-change log lines in the last 60s
[2026-07-15 05:28:14] Tag Change: ID '00E20047175FC068217A4701' -> Floor '27'
[2026-07-15 05:28:17] Tag Change: ID '00E2004718990068218DDB01' -> Floor '27'
[2026-07-15 05:28:40] Tag flapping: suppressed 395 repeated tag-change log lines in the last 60s
[2026-07-15 05:29:14] Tag Change: ID '00E20047175FC068217A4701' -> Floor '27'
[2026-07-15 05:29:17] Tag Change: ID '00E2004718990068218DDB01' -> Floor '27'
[2026-07-15 05:29:40] Tag flapping: suppressed 416 repeated tag-change log lines in the last 60s
[2026-07-15 05:30:14] Tag Change: ID '00E20047175FC068217A4701' -> Floor '27'
[2026-07-15 05:30:17] Tag Change: ID '00E2004718990068218DDB01' -> Floor '27'
[2026-07-15 05:30:40] Tag flapping: suppressed 389 repeated tag-change log lines in the last 60s
[2026-07-15 05:31:14] Tag Change: ID '00E20047175FC068217A4701' -> Floor '27'
[2026-07-15 05:31:17] Tag Change: ID '00E2004718990068218DDB01' -> Floor '27'
[2026-07-15 05:31:40] Tag flapping: suppressed 407 repeated tag-change log lines in the last 60s
[2026-07-15 05:32:14] Tag Change: ID '00E20047175FC068217A4701' -> Floor '27'
[2026-07-15 05:32:17] Tag Change: ID '00E2004718990068218DDB01' -> Floor '27'
[2026-07-15 05:32:40] Tag flapping: suppressed 394 repeated tag-change log lines in the last 60s
[2026-07-15 05:33:15] Tag Change: ID '00E20047175FC068217A4701' -> Floor '27'
[2026-07-15 05:33:17] Tag Change: ID '00E2004718990068218DDB01' -> Floor '27'
[2026-07-15 05:33:41] Tag flapping: suppressed 386 repeated tag-change log lines in the last 60s
[2026-07-15 05:34:15] Tag Change: ID '00E20047175FC068217A4701' -> Floor '27'
[2026-07-15 05:34:17] Tag Change: ID '00E2004718990068218DDB01' -> Floor '27'
[2026-07-15 05:34:41] Tag flapping: suppressed 402 repeated tag-change log lines in the last 60s
[2026-07-15 05:35:15] Tag Change: ID '00E20047175FC068217A4701' -> Floor '27'
[2026-07-15 05:35:18] Tag Change: ID '00E2004718990068218DDB01' -> Floor '27'
[2026-07-15 05:35:41] Tag flapping: suppressed 417 repeated tag-change log lines in the last 60s
[2026-07-15 05:36:15] Tag Change: ID '00E20047175FC068217A4701' -> Floor '27'
[2026-07-15 05:36:18] Tag Change: ID '00E2004718990068218DDB01' -> Floor '27'
[2026-07-15 05:36:41] Tag flapping: suppressed 414 repeated tag-change log lines in the last 60s
[2026-07-15 05:37:15] Tag Change: ID '00E20047175FC068217A4701' -> Floor '27'
[2026-07-15 05:37:18] Tag Change: ID '00E2004718990068218DDB01' -> Floor '27'
[2026-07-15 05:37:41] Tag flapping: suppressed 408 repeated tag-change log lines in the last 60s
[2026-07-15 05:38:16] Tag Change: ID '00E20047175FC068217A4701' -> Floor '27'
[2026-07-15 05:38:18] Tag Change: ID '00E2004718990068218DDB01' -> Floor '27'
[2026-07-15 05:38:42] Tag flapping: suppressed 420 repeated tag-change log lines in the last 60s
[2026-07-15 05:39:16] Tag Change: ID '00E20047175FC068217A4701' -> Floor '27'
[2026-07-15 05:39:18] Tag Change: ID '00E2004718990068218DDB01' -> Floor '27'
[2026-07-15 05:39:42] Tag flapping: suppressed 408 repeated tag-change log lines in the last 60s
[2026-07-15 05:40:16] Tag Change: ID '00E20047175FC068217A4701' -> Floor '27'
[2026-07-15 05:40:18] Tag Change: ID '00E2004718990068218DDB01' -> Floor '27'
[2026-07-15 05:40:42] Tag flapping: suppressed 420 repeated tag-change log lines in the last 60s
[2026-07-15 05:41:16] Tag Change: ID '00E20047175FC068217A4701' -> Floor '27'
[2026-07-15 05:41:19] Tag Change: ID '00E2004718990068218DDB01' -> Floor '27'
[2026-07-15 05:41:43] Tag flapping: suppressed 406 repeated tag-change log lines in the last 60s
[2026-07-15 05:42:16] Tag Change: ID '00E20047175FC068217A4701' -> Floor '27'
[2026-07-15 05:42:19] Tag Change: ID '00E2004718990068218DDB01' -> Floor '27'
[2026-07-15 05:42:43] Tag flapping: suppressed 395 repeated tag-change log lines in the last 60s
[2026-07-15 05:43:17] Tag Change: ID '00E20047175FC068217A4701' -> Floor '27'
[2026-07-15 05:43:19] Tag Change: ID '00E2004718990068218DDB01' -> Floor '27'
[2026-07-15 05:43:43] Tag flapping: suppressed 394 repeated tag-change log lines in the last 60s
[2026-07-15 05:44:17] Tag Change: ID '00E20047175FC068217A4701' -> Floor '27'
[2026-07-15 05:44:19] Tag Change: ID '00E2004718990068218DDB01' -> Floor '27'
[2026-07-15 05:44:43] Tag flapping: suppressed 410 repeated tag-change log lines in the last 60s
[2026-07-15 05:45:17] Tag Change: ID '00E20047175FC068217A4701' -> Floor '27'
[2026-07-15 05:45:19] Tag Change: ID '00E2004718990068218DDB01' -> Floor '27'
[2026-07-15 05:45:43] Tag flapping: suppressed 410 repeated tag-change log lines in the last 60s
[2026-07-15 05:46:18] Tag Change: ID '00E20047175FC068217A4701' -> Floor '27'
[2026-07-15 05:46:20] Tag Change: ID '00E2004718990068218DDB01' -> Floor '27'
[2026-07-15 05:46:44] Tag flapping: suppressed 413 repeated tag-change log lines in the last 60s
[2026-07-15 05:47:18] Tag Change: ID '00E20047175FC068217A4701' -> Floor '27'
[2026-07-15 05:47:20] Tag Change: ID '00E2004718990068218DDB01' -> Floor '27'
[2026-07-15 05:47:44] Tag flapping: suppressed 419 repeated tag-change log lines in the last 60s
[2026-07-15 05:48:18] Tag Change: ID '00E20047175FC068217A4701' -> Floor '27'
[2026-07-15 05:48:20] Tag Change: ID '00E2004718990068218DDB01' -> Floor '27'
[2026-07-15 05:48:44] Tag flapping: suppressed 423 repeated tag-change log lines in the last 60s
[2026-07-15 05:49:19] Tag Change: ID '00E20047175FC068217A4701' -> Floor '27'
[2026-07-15 05:49:20] Tag Change: ID '00E2004718990068218DDB01' -> Floor '27'
[2026-07-15 05:49:44] Tag flapping: suppressed 380 repeated tag-change log lines in the last 60s
[2026-07-15 05:50:19] Tag Change: ID '00E20047175FC068217A4701' -> Floor '27'
[2026-07-15 05:50:20] Tag Change: ID '00E2004718990068218DDB01' -> Floor '27'
[2026-07-15 05:50:44] Tag flapping: suppressed 409 repeated tag-change log lines in the last 60s
[2026-07-15 05:51:19] Tag Change: ID '00E20047175FC068217A4701' -> Floor '27'
[2026-07-15 05:51:20] Tag Change: ID '00E2004718990068218DDB01' -> Floor '27'
[2026-07-15 05:51:45] Tag flapping: suppressed 365 repeated tag-change log lines in the last 60s
[2026-07-15 05:52:19] Tag Change: ID '00E20047175FC068217A4701' -> Floor '27'
[2026-07-15 05:52:20] Tag Change: ID '00E2004718990068218DDB01' -> Floor '27'
[2026-07-15 05:52:45] Tag flapping: suppressed 398 repeated tag-change log lines in the last 60s
[2026-07-15 05:53:19] Tag Change: ID '00E20047175FC068217A4701' -> Floor '27'
[2026-07-15 05:53:20] Tag Change: ID '00E2004718990068218DDB01' -> Floor '27'
[2026-07-15 05:53:46] Tag flapping: suppressed 393 repeated tag-change log lines in the last 60s
[2026-07-15 05:54:19] Tag Change: ID '00E20047175FC068217A4701' -> Floor '27'
[2026-07-15 05:54:21] Tag Change: ID '00E2004718990068218DDB01' -> Floor '27'
[2026-07-15 05:54:46] Tag flapping: suppressed 411 repeated tag-change log lines in the last 60s
[2026-07-15 05:55:19] Tag Change: ID '00E20047175FC068217A4701' -> Floor '27'
[2026-07-15 05:55:21] Tag Change: ID '00E2004718990068218DDB01' -> Floor '27'
[2026-07-15 05:55:46] Tag flapping: suppressed 390 repeated tag-change log lines in the last 60s
[2026-07-15 05:56:20] Tag Change: ID '00E20047175FC068217A4701' -> Floor '27'
[2026-07-15 05:56:21] Tag Change: ID '00E2004718990068218DDB01' -> Floor '27'
[2026-07-15 05:56:46] Tag flapping: suppressed 398 repeated tag-change log lines in the last 60s
[2026-07-15 05:57:20] Tag Change: ID '00E20047175FC068217A4701' -> Floor '27'
[2026-07-15 05:57:21] Tag Change: ID '00E2004718990068218DDB01' -> Floor '27'
[2026-07-15 05:57:47] Tag flapping: suppressed 390 repeated tag-change log lines in the last 60s
[2026-07-15 05:58:20] Tag Change: ID '00E20047175FC068217A4701' -> Floor '27'
[2026-07-15 05:58:22] Tag Change: ID '00E2004718990068218DDB01' -> Floor '27'
[2026-07-15 05:58:47] Tag flapping: suppressed 408 repeated tag-change log lines in the last 60s
[2026-07-15 05:59:20] Tag Change: ID '00E20047175FC068217A4701' -> Floor '27'
[2026-07-15 05:59:22] Tag Change: ID '00E2004718990068218DDB01' -> Floor '27'
[2026-07-15 05:59:48] Tag flapping: suppressed 409 repeated tag-change log lines in the last 60s
[2026-07-15 06:00:20] Tag Change: ID '00E20047175FC068217A4701' -> Floor '27'
[2026-07-15 06:00:22] Tag Change: ID '00E2004718990068218DDB01' -> Floor '27'
[2026-07-15 06:00:48] Tag flapping: suppressed 408 repeated tag-change log lines in the last 60s
[2026-07-15 06:01:21] Tag Change: ID '00E20047175FC068217A4701' -> Floor '27'
[2026-07-15 06:01:22] Tag Change: ID '00E2004718990068218DDB01' -> Floor '27'
[2026-07-15 06:01:48] Tag flapping: suppressed 416 repeated tag-change log lines in the last 60s
[2026-07-15 06:02:21] Tag Change: ID '00E20047175FC068217A4701' -> Floor '27'
[2026-07-15 06:02:22] Tag Change: ID '00E2004718990068218DDB01' -> Floor '27'
[2026-07-15 06:02:49] Tag flapping: suppressed 403 repeated tag-change log lines in the last 60s
[2026-07-15 06:03:21] Tag Change: ID '00E20047175FC068217A4701' -> Floor '27'
[2026-07-15 06:03:22] Tag Change: ID '00E2004718990068218DDB01' -> Floor '27'
[2026-07-15 06:03:49] Tag flapping: suppressed 418 repeated tag-change log lines in the last 60s
[2026-07-15 06:04:21] Tag Change: ID '00E20047175FC068217A4701' -> Floor '27'
[2026-07-15 06:04:23] Tag Change: ID '00E2004718990068218DDB01' -> Floor '27'
[2026-07-15 06:04:49] Tag flapping: suppressed 394 repeated tag-change log lines in the last 60s
[2026-07-15 06:05:21] Tag Change: ID '00E20047175FC068217A4701' -> Floor '27'
[2026-07-15 06:05:23] Tag Change: ID '00E2004718990068218DDB01' -> Floor '27'
[2026-07-15 06:05:49] Tag flapping: suppressed 373 repeated tag-change log lines in the last 60s
[2026-07-15 06:06:22] Tag Change: ID '00E20047175FC068217A4701' -> Floor '27'
[2026-07-15 06:06:23] Tag Change: ID '00E2004718990068218DDB01' -> Floor '27'
[2026-07-15 06:06:50] Tag flapping: suppressed 409 repeated tag-change log lines in the last 60s
[2026-07-15 06:07:22] Tag Change: ID '00E20047175FC068217A4701' -> Floor '27'
[2026-07-15 06:07:23] Tag Change: ID '00E2004718990068218DDB01' -> Floor '27'
[2026-07-15 06:07:50] Tag flapping: suppressed 387 repeated tag-change log lines in the last 60s
[2026-07-15 06:08:22] Tag Change: ID '00E20047175FC068217A4701' -> Floor '27'
[2026-07-15 06:08:23] Tag Change: ID '00E2004718990068218DDB01' -> Floor '27'
[2026-07-15 06:08:50] Tag flapping: suppressed 397 repeated tag-change log lines in the last 60s
[2026-07-15 06:09:23] Tag Change: ID '00E20047175FC068217A4701' -> Floor '27'
[2026-07-15 06:09:24] Tag Change: ID '00E2004718990068218DDB01' -> Floor '27'
[2026-07-15 06:09:29] Tag Change: ID '00E20047175AC0682179F701' -> Floor '26'
[2026-07-15 06:09:30] Status Updated: Floor '26'
[2026-07-15 06:09:31] Tag Change: ID '00E20047177F3068217C3E01' -> Floor '25'
[2026-07-15 06:09:32] Tag Change: ID '00E2004717608068217A5301' -> Floor '24'
[2026-07-15 06:09:32] Status Updated: Floor '24'
[2026-07-15 06:09:34] Tag Change: ID '00E2004718A98068218EE301' -> Floor '23'
[2026-07-15 06:09:35] Tag Change: ID '00E20047175800682179CB01' -> Floor '22'
[2026-07-15 06:09:36] Tag Change: ID '00E2004718BB706821900201' -> Floor '21'
[2026-07-15 06:09:36] Tag Change: ID '00E20047175F0068217A3B01' -> Floor '21'
[2026-07-15 06:09:36] Status Updated: Floor '21'
[2026-07-15 06:09:38] Tag Change: ID '00E20047179B8068217E0301' -> Floor '20'
[2026-07-15 06:09:39] Tag Change: ID '00E200471797C068217DC701' -> Floor '19'
[2026-07-15 06:09:39] Status Updated: Floor '19'
[2026-07-15 06:09:40] Tag Change: ID '00E2004717AF0068217F3B01' -> Floor '18'
[2026-07-15 06:09:41] Tag Change: ID '00E20047173A40682177EF01' -> Floor '17'
[2026-07-15 06:09:43] Tag Change: ID '00E2004717D890682181D401' -> Floor '16'
[2026-07-15 06:09:43] Tag Change: ID '00E20047173FC06821784701' -> Floor '16'
[2026-07-15 06:09:43] Status Updated: Floor '16'
[2026-07-15 06:09:44] Tag Change: ID '00E2004717DB10682181FC01' -> Floor '15'
[2026-07-15 06:09:46] Tag Change: ID '00E2004717DB506821820001' -> Floor '14'
[2026-07-15 06:09:47] Tag Change: ID '00E20047179AC068217DF701' -> Floor '13'
[2026-07-15 06:09:48] Tag Change: ID '00E20047173640682177AF01' -> Floor '12'
[2026-07-15 06:09:50] Tag Change: ID '00E20047173800682177CB01' -> Floor '11'
[2026-07-15 06:09:50] Status Updated: Floor '11'
[2026-07-15 06:09:53] Tag Change: ID '00E2004718A08068218E5301' -> Floor '10'
[2026-07-15 06:09:53] Tag flapping: suppressed 237 repeated tag-change log lines in the last 62s
[2026-07-15 06:09:53] Tag Change: ID '00E20047177B8068217C0301' -> Floor '10'
[2026-07-15 06:09:53] Status Updated: Floor '10'
[2026-07-15 06:10:14] Tag Change: ID '00E2004717ED506821832001' -> Floor '9'
[2026-07-15 06:10:16] Tag Change: ID '00E2004717940068217D8B01' -> Floor '8'
[2026-07-15 06:10:17] Tag Change: ID '00E20047177A4068217BEF01' -> Floor '7'
[2026-07-15 06:10:18] Tag Change: ID '00E2004717B0C068217F5701' -> Floor '6'
[2026-07-15 06:10:20] Tag Change: ID '00E200471783C068217C8701' -> Floor '5'
[2026-07-15 06:10:21] Tag Change: ID '00E20047177FC068217C4701' -> Floor '4'
[2026-07-15 06:10:22] Tag Change: ID '00E2004717834068217C7F01' -> Floor '3'
[2026-07-15 06:10:24] Tag Change: ID '00E20047173B00682177FB01' -> Floor '2'
[2026-07-15 06:10:24] Status Updated: Floor '2'
[2026-07-15 06:10:27] Tag Change: ID '00E2004717E0506821825001' -> Floor '1'
[2026-07-15 06:10:27] Status Updated: Floor '1'
[2026-07-15 06:10:27] Tag Change: ID '00E20047173780682177C301' -> Floor '1'
[2026-07-15 06:10:53] Tag flapping: suppressed 265 repeated tag-change log lines in the last 60s
[2026-07-15 06:10:59] Tag Change: ID '00E2004717E05068218250' -> Floor 'Unknown'
[2026-07-15 06:11:03] Tag Change: ID '00E20047177F8068217C4301' -> Floor '0'
[2026-07-15 06:11:03] Status Updated: Floor '0'
[2026-07-15 06:11:05] Tag Change: ID '00E20047173F006821783B01' -> Floor '0'
[2026-07-15 06:11:06] Tag Change: ID '00E2004717818068217C6301' -> Floor '0'
[2026-07-15 06:12:18] Tag Change: ID '00E2004717818068217C6301' -> Floor '0'
[2026-07-15 06:12:18] Tag flapping: suppressed 182 repeated tag-change log lines in the last 85s
[2026-07-15 06:12:20] Tag Change: ID '00E20047177F8068217C4301' -> Floor '0'
[2026-07-15 06:12:21] Tag Change: ID '00E2004717E0506821825001' -> Floor '1'
[2026-07-15 06:12:21] Status Updated: Floor '1'
[2026-07-15 06:12:22] Tag Change: ID '00E2004717D650682181B001' -> Floor '2'
[2026-07-15 06:12:22] Tag Change: ID '00E20047173B00682177FB01' -> Floor '2'
[2026-07-15 06:12:23] Status Updated: Floor '2'
[2026-07-15 06:12:24] Tag Change: ID '00E2004717834068217C7F01' -> Floor '3'
[2026-07-15 06:12:25] Tag Change: ID '00E20047173CC06821781701' -> Floor '4'
[2026-07-15 06:12:25] Tag Change: ID '00E20047177FC068217C4701' -> Floor '4'
[2026-07-15 06:12:25] Status Updated: Floor '4'
[2026-07-15 06:12:27] Tag Change: ID '00E20047173A80682177F301' -> Floor '5'
[2026-07-15 06:12:27] Tag Change: ID '00E200471783C068217C8701' -> Floor '5'
[2026-07-15 06:12:27] Status Updated: Floor '5'
[2026-07-15 06:12:28] Tag Change: ID '00E2004717B0C068217F5701' -> Floor '6'
[2026-07-15 06:12:29] Tag Change: ID '00E20047179B0068217DFB01' -> Floor '7'
[2026-07-15 06:12:30] Status Updated: Floor '7'
[2026-07-15 06:12:31] Tag Change: ID '00E2004717ED906821832400' -> Floor '8'
[2026-07-15 06:12:32] Tag Change: ID '00E20047173F406821783F01' -> Floor '9'
[2026-07-15 06:12:33] Tag Change: ID '00E20047177B8068217C0301' -> Floor '10'
[2026-07-15 06:12:34] Tag Change: ID '00E2004718A08068218E5301' -> Floor '10'
[2026-07-15 06:12:34] Status Updated: Floor '10'
[2026-07-15 06:12:35] Tag Change: ID '00E20047173800682177CB01' -> Floor '11'
[2026-07-15 06:12:35] Status Updated: Floor '11'
[2026-07-15 06:12:36] Tag Change: ID '00E2004717DF906821824401' -> Floor '12'
[2026-07-15 06:12:36] Tag Change: ID '00E20047173640682177AF01' -> Floor '12'
[2026-07-15 06:12:37] Status Updated: Floor '12'
[2026-07-15 06:12:39] Tag Change: ID '00E200471795C068217DA701' -> Floor '14'
[2026-07-15 06:12:40] Tag Change: ID '00E20047179A4068217DEF01' -> Floor '15'
[2026-07-15 06:12:41] Tag Change: ID '00E2004717DAD0682181F801' -> Floor '16'
[2026-07-15 06:12:42] Tag Change: ID '00E20047173FC06821784701' -> Floor '16'
[2026-07-15 06:12:42] Status Updated: Floor '16'
[2026-07-15 06:12:43] Tag Change: ID '00E20047173A40682177EF01' -> Floor '17'
[2026-07-15 06:12:45] Tag Change: ID '00E2004717AF0068217F3B01' -> Floor '18'
[2026-07-15 06:12:46] Tag Change: ID '00E2004718C1706821906201' -> Floor '19'
[2026-07-15 06:12:46] Tag Change: ID '00E200471797C068217DC701' -> Floor '19'
[2026-07-15 06:12:46] Status Updated: Floor '19'
[2026-07-15 06:12:47] Tag Change: ID '00E20047179B8068217E0301' -> Floor '20'
[2026-07-15 06:12:47] Status Updated: Floor '20'
[2026-07-15 06:12:48] Tag Change: ID '00E20047175F0068217A3B01' -> Floor '21'
[2026-07-15 06:12:49] Tag Change: ID '00E2004718BB706821900201' -> Floor '21'
[2026-07-15 06:12:49] Status Updated: Floor '21'
[2026-07-15 06:12:50] Tag Change: ID '00E20047175800682179CB01' -> Floor '22'
[2026-07-15 06:12:51] Tag Change: ID '00E2004717644068217A8F01' -> Floor '23'
[2026-07-15 06:12:51] Tag Change: ID '00E2004718A98068218EE301' -> Floor '23'
[2026-07-15 06:12:51] Status Updated: Floor '23'
[2026-07-15 06:12:52] Tag Change: ID '00E2004718A0C068218E5701' -> Floor '24'
[2026-07-15 06:12:54] Tag Change: ID '00E20047177F3068217C3E01' -> Floor '25'
[2026-07-15 06:12:55] Tag Change: ID '00E20047175AC0682179F701' -> Floor '26'
[2026-07-15 06:12:56] Status Updated: Floor '26'
[2026-07-15 06:12:58] Tag Change: ID '00E2004718990068218DDB01' -> Floor '27'
[2026-07-15 06:12:58] Tag Change: ID '00E20047175FC068217A4701' -> Floor '27'
[2026-07-15 06:12:58] Status Updated: Floor '27'
[2026-07-15 06:13:58] Tag Change: ID '00E2004718990068218DDB01' -> Floor '27'
[2026-07-15 06:13:58] Tag Change: ID '00E20047175FC068217A4701' -> Floor '27'
[2026-07-15 06:13:59] Tag flapping: suppressed 402 repeated tag-change log lines in the last 60s
[2026-07-15 06:14:58] Tag Change: ID '00E2004718990068218DDB01' -> Floor '27'
[2026-07-15 06:14:59] Tag Change: ID '00E20047175FC068217A4701' -> Floor '27'
[2026-07-15 06:14:59] Tag flapping: suppressed 411 repeated tag-change log lines in the last 60s
[2026-07-15 06:15:58] Tag Change: ID '00E2004718990068218DDB01' -> Floor '27'
[2026-07-15 06:15:59] Tag Change: ID '00E20047175FC068217A4701' -> Floor '27'
[2026-07-15 06:15:59] Tag flapping: suppressed 388 repeated tag-change log lines in the last 60s
[2026-07-15 06:16:58] Tag Change: ID '00E2004718990068218DDB01' -> Floor '27'
[2026-07-15 06:16:59] Tag Change: ID '00E20047175FC068217A4701' -> Floor '27'
[2026-07-15 06:16:59] Tag flapping: suppressed 385 repeated tag-change log lines in the last 60s
[2026-07-15 06:17:58] Tag Change: ID '00E2004718990068218DDB01' -> Floor '27'
[2026-07-15 06:17:59] Tag Change: ID '00E20047175FC068217A4701' -> Floor '27'
[2026-07-15 06:18:00] Tag flapping: suppressed 415 repeated tag-change log lines in the last 60s
[2026-07-15 06:18:59] Tag Change: ID '00E2004718990068218DDB01' -> Floor '27'
[2026-07-15 06:18:59] Tag Change: ID '00E20047175FC068217A4701' -> Floor '27'
[2026-07-15 06:19:00] Tag flapping: suppressed 416 repeated tag-change log lines in the last 60s
[2026-07-15 06:19:59] Tag Change: ID '00E2004718990068218DDB01' -> Floor '27'
[2026-07-15 06:19:59] Tag Change: ID '00E20047175FC068217A4701' -> Floor '27'
[2026-07-15 06:20:00] Tag flapping: suppressed 412 repeated tag-change log lines in the last 60s
[2026-07-15 06:20:59] Tag Change: ID '00E2004718990068218DDB01' -> Floor '27'
[2026-07-15 06:21:00] Tag Change: ID '00E20047175FC068217A4701' -> Floor '27'
[2026-07-15 06:21:00] Tag flapping: suppressed 416 repeated tag-change log lines in the last 60s
[2026-07-15 06:21:59] Tag Change: ID '00E2004718990068218DDB01' -> Floor '27'
[2026-07-15 06:22:00] Tag Change: ID '00E20047175FC068217A4701' -> Floor '27'
[2026-07-15 06:22:01] Tag flapping: suppressed 417 repeated tag-change log lines in the last 60s
[2026-07-15 06:22:59] Tag Change: ID '00E2004718990068218DDB01' -> Floor '27'
[2026-07-15 06:23:00] Tag Change: ID '00E20047175FC068217A4701' -> Floor '27'
[2026-07-15 06:23:01] Tag flapping: suppressed 423 repeated tag-change log lines in the last 60s
[2026-07-15 06:23:59] Tag Change: ID '00E2004718990068218DDB01' -> Floor '27'
[2026-07-15 06:24:00] Tag Change: ID '00E20047175FC068217A4701' -> Floor '27'
[2026-07-15 06:24:02] Tag flapping: suppressed 388 repeated tag-change log lines in the last 60s
[2026-07-15 06:24:59] Tag Change: ID '00E2004718990068218DDB01' -> Floor '27'
[2026-07-15 06:25:00] Tag Change: ID '00E20047175FC068217A4701' -> Floor '27'
[2026-07-15 06:25:02] Tag flapping: suppressed 401 repeated tag-change log lines in the last 60s
[2026-07-15 06:26:00] Tag Change: ID '00E2004718990068218DDB01' -> Floor '27'
[2026-07-15 06:26:00] Tag Change: ID '00E20047175FC068217A4701' -> Floor '27'
[2026-07-15 06:26:02] Tag flapping: suppressed 382 repeated tag-change log lines in the last 60s
[2026-07-15 06:27:00] Tag Change: ID '00E2004718990068218DDB01' -> Floor '27'
[2026-07-15 06:27:00] Tag Change: ID '00E20047175FC068217A4701' -> Floor '27'
[2026-07-15 06:27:02] Tag flapping: suppressed 386 repeated tag-change log lines in the last 60s
[2026-07-15 06:28:00] Tag Change: ID '00E2004718990068218DDB01' -> Floor '27'
[2026-07-15 06:28:00] Tag Change: ID '00E20047175FC068217A4701' -> Floor '27'
[2026-07-15 06:28:02] Tag flapping: suppressed 421 repeated tag-change log lines in the last 60s
[2026-07-15 06:28:04] Tag Change: ID '00E20047189BC068218E0701' -> Floor '27'
[2026-07-15 06:28:05] Tag Change: ID '00E200471894C068218D9701' -> Floor '26'
[2026-07-15 06:28:05] Status Updated: Floor '26'
[2026-07-15 06:28:07] Tag Change: ID '00E20047177F3068217C3E01' -> Floor '25'
[2026-07-15 06:28:08] Tag Change: ID '00E2004717608068217A5301' -> Floor '24'
[2026-07-15 06:28:08] Status Updated: Floor '24'
[2026-07-15 06:28:09] Tag Change: ID '00E2004717644068217A8F01' -> Floor '23'
[2026-07-15 06:28:09] Tag Change: ID '00E2004718A98068218EE301' -> Floor '23'
[2026-07-15 06:28:10] Status Updated: Floor '23'
[2026-07-15 06:28:12] Tag Change: ID '00E20047175800682179CB01' -> Floor '22'
[2026-07-15 06:28:13] Status Updated: Floor '22'
[2026-07-15 06:28:13] Tag Change: ID '00E2004718B87068218FD201' -> Floor '22'
[2026-07-15 06:28:36] Tag Change: ID '00E20047175F0068217A3B01' -> Floor '21'
[2026-07-15 06:28:37] Status Updated: Floor '21'
[2026-07-15 06:28:38] Tag Change: ID '00E20047179B8068217E0301' -> Floor '20'
[2026-07-15 06:28:39] Tag Change: ID '00E2004718C1706821906201' -> Floor '19'
[2026-07-15 06:28:40] Tag Change: ID '00E2004717AF0068217F3B01' -> Floor '18'
[2026-07-15 06:28:42] Tag Change: ID '00E20047173A40682177EF01' -> Floor '17'
[2026-07-15 06:28:42] Status Updated: Floor '17'
[2026-07-15 06:28:43] Tag Change: ID '00E20047173FC06821784701' -> Floor '16'
[2026-07-15 06:28:44] Tag Change: ID '00E20047179A4068217DEF01' -> Floor '15'
[2026-07-15 06:28:45] Status Updated: Floor '15'
[2026-07-15 06:28:46] Tag Change: ID '00E2004717DB506821820001' -> Floor '14'
[2026-07-15 06:28:49] Tag Change: ID '00E2004717DF906821824401' -> Floor '12'
[2026-07-15 06:28:49] Tag Change: ID '00E20047173640682177AF01' -> Floor '12'
[2026-07-15 06:28:49] Status Updated: Floor '12'
[2026-07-15 06:28:50] Tag Change: ID '00E20047173800682177CB01' -> Floor '11'
[2026-07-15 06:28:50] Status Updated: Floor '11'
[2026-07-15 06:28:51] Tag Change: ID '00E20047177B8068217C0301' -> Floor '10'
[2026-07-15 06:28:53] Tag Change: ID '00E2004717ED506821832001' -> Floor '9'
[2026-07-15 06:28:53] Tag Change: ID '00E20047173F406821783F01' -> Floor '9'
[2026-07-15 06:28:53] Status Updated: Floor '9'
[2026-07-15 06:28:54] Tag Change: ID '00E2004717940068217D8B01' -> Floor '8'
[2026-07-15 06:28:55] Tag Change: ID '00E20047177A4068217BEF01' -> Floor '7'
[2026-07-15 06:28:57] Tag Change: ID '00E2004717B0C068217F5701' -> Floor '6'
[2026-07-15 06:28:58] Tag Change: ID '00E20047173A80682177F301' -> Floor '5'
[2026-07-15 06:29:00] Tag Change: ID '00E20047177FC068217C4701' -> Floor '4'
[2026-07-15 06:29:02] Tag Change: ID '00E2004717D650682181B001' -> Floor '2'
[2026-07-15 06:29:03] Status Updated: Floor '2'
[2026-07-15 06:29:04] Tag Change: ID '00E2004717E0506821825001' -> Floor '1'
[2026-07-15 06:29:04] Tag flapping: suppressed 131 repeated tag-change log lines in the last 61s
[2026-07-15 06:29:05] Tag Change: ID '00E20047177F8068217C4301' -> Floor '0'
[2026-07-15 06:29:05] Status Updated: Floor '0'
[2026-07-15 06:29:08] Tag Change: ID '00E2004717818068217C6301' -> Floor '0'
[2026-07-15 06:29:08] Tag Change: ID '00E20047173F006821783B01' -> Floor '0'
[2026-07-15 06:30:17] Tag Change: ID '00E20047177F8068217C4301' -> Floor '0'
[2026-07-15 06:30:17] Tag flapping: suppressed 138 repeated tag-change log lines in the last 69s
[2026-07-15 06:30:19] Tag Change: ID '00E2004717E0506821825001' -> Floor '1'
[2026-07-15 06:30:19] Status Updated: Floor '1'
[2026-07-15 06:30:20] Tag Change: ID '00E20047173B00682177FB01' -> Floor '2'
[2026-07-15 06:30:21] Tag Change: ID '00E2004717834068217C7F01' -> Floor '3'
[2026-07-15 06:30:23] Tag Change: ID '00E20047173CC06821781701' -> Floor '4'
[2026-07-15 06:30:24] Tag Change: ID '00E20047173A80682177F301' -> Floor '5'
[2026-07-15 06:30:24] Tag Change: ID '00E200471783C068217C8701' -> Floor '5'
[2026-07-15 06:30:24] Status Updated: Floor '5'
[2026-07-15 06:30:25] Tag Change: ID '00E2004717B0C068217F5701' -> Floor '6'
[2026-07-15 06:30:27] Tag Change: ID '00E20047179B0068217DFB01' -> Floor '7'
[2026-07-15 06:30:28] Tag Change: ID '00E2004717940068217D8B01' -> Floor '8'
[2026-07-15 06:30:30] Tag Change: ID '00E20047173F406821783F01' -> Floor '9'
[2026-07-15 06:30:31] Tag Change: ID '00E20047177B8068217C0301' -> Floor '10'
[2026-07-15 06:30:31] Tag Change: ID '00E2004718A08068218E5301' -> Floor '10'
[2026-07-15 06:30:31] Status Updated: Floor '10'
[2026-07-15 06:30:32] Tag Change: ID '00E20047173800682177CB01' -> Floor '11'
[2026-07-15 06:30:33] Status Updated: Floor '11'
[2026-07-15 06:30:34] Tag Change: ID '00E2004717DF906821824401' -> Floor '12'
[2026-07-15 06:30:34] Status Updated: Floor '12'
[2026-07-15 06:30:37] Tag Change: ID '00E2004717DB506821820001' -> Floor '14'
[2026-07-15 06:30:38] Tag Change: ID '00E20047179A4068217DEF01' -> Floor '15'
[2026-07-15 06:30:39] Tag Change: ID '00E2004717D890682181D401' -> Floor '16'
[2026-07-15 06:30:41] Tag Change: ID '00E2004717D4106821818C01' -> Floor '17'
[2026-07-15 06:30:42] Tag Change: ID '00E2004718A5C068218EA701' -> Floor '18'
[2026-07-15 06:30:43] Tag Change: ID '00E200471797C068217DC701' -> Floor '19'
[2026-07-15 06:30:43] Tag Change: ID '00E2004718C1706821906201' -> Floor '19'
[2026-07-15 06:30:44] Status Updated: Floor '19'
[2026-07-15 06:30:45] Tag Change: ID '00E20047179B8068217E0301' -> Floor '20'
[2026-07-15 06:30:45] Status Updated: Floor '20'
[2026-07-15 06:30:46] Tag Change: ID '00E20047175F0068217A3B01' -> Floor '21'
[2026-07-15 06:30:46] Status Updated: Floor '21'
[2026-07-15 06:30:47] Tag Change: ID '00E2004718B87068218FD201' -> Floor '22'
[2026-07-15 06:30:49] Tag Change: ID '00E2004717644068217A8F01' -> Floor '23'
[2026-07-15 06:30:49] Tag Change: ID '00E2004718A98068218EE301' -> Floor '23'
[2026-07-15 06:30:49] Status Updated: Floor '23'
[2026-07-15 06:30:50] Tag Change: ID '00E2004717608068217A5301' -> Floor '24'
[2026-07-15 06:30:50] Status Updated: Floor '24'
[2026-07-15 06:30:51] Tag Change: ID '00E20047177F3068217C3E01' -> Floor '25'
[2026-07-15 06:30:53] Tag Change: ID '00E200471894C068218D9701' -> Floor '26'
[2026-07-15 06:30:53] Tag Change: ID '00E20047175AC0682179F701' -> Floor '26'
[2026-07-15 06:30:53] Status Updated: Floor '26'
[2026-07-15 06:30:54] Tag Change: ID '00E20047189BC068218E0701' -> Floor '27'
[2026-07-15 06:30:56] Tag Change: ID '00E2004718990068218DDB01' -> Floor '27'
[2026-07-15 06:30:56] Status Updated: Floor '27'
[2026-07-15 06:30:56] Tag Change: ID '00E20047175FC068217A4701' -> Floor '27'
[2026-07-15 06:31:56] Tag Change: ID '00E2004718990068218DDB01' -> Floor '27'
[2026-07-15 06:31:56] Tag Change: ID '00E20047175FC068217A4701' -> Floor '27'
[2026-07-15 06:31:56] Tag flapping: suppressed 426 repeated tag-change log lines in the last 60s
[2026-07-15 06:32:56] Tag Change: ID '00E2004718990068218DDB01' -> Floor '27'
[2026-07-15 06:32:56] Tag Change: ID '00E20047175FC068217A4701' -> Floor '27'
[2026-07-15 06:32:56] Tag flapping: suppressed 395 repeated tag-change log lines in the last 60s
[2026-07-15 06:33:03] Tag Change: ID '00E20047189BC068218E0701' -> Floor '27'
[2026-07-15 06:33:05] Tag Change: ID '00E200471894C068218D9701' -> Floor '26'
[2026-07-15 06:33:05] Status Updated: Floor '26'
[2026-07-15 06:33:05] Tag Change: ID '00E20047175AC0682179F701' -> Floor '26'
[2026-07-15 06:33:24] Tag Change: ID '00E20047177F3068217C3E01' -> Floor '25'
[2026-07-15 06:33:24] Status Updated: Floor '25'
[2026-07-15 06:33:25] Tag Change: ID '00E2004717608068217A5301' -> Floor '24'
[2026-07-15 06:33:25] Status Updated: Floor '24'
[2026-07-15 06:33:26] Tag Change: ID '00E2004718A98068218EE301' -> Floor '23'
[2026-07-15 06:33:26] Tag Change: ID '00E2004717644068217A8F01' -> Floor '23'
[2026-07-15 06:33:27] Status Updated: Floor '23'
[2026-07-15 06:33:28] Tag Change: ID '00E2004718B87068218FD201' -> Floor '22'
[2026-07-15 06:33:29] Tag Change: ID '00E2004718BB706821900201' -> Floor '21'
[2026-07-15 06:33:30] Tag Change: ID '00E20047179B8068217E0301' -> Floor '20'
[2026-07-15 06:33:31] Status Updated: Floor '20'
[2026-07-15 06:33:32] Tag Change: ID '00E2004718C1706821906201' -> Floor '19'
[2026-07-15 06:33:32] Tag Change: ID '00E200471797C068217DC701' -> Floor '19'
[2026-07-15 06:33:32] Status Updated: Floor '19'
[2026-07-15 06:33:33] Tag Change: ID '00E2004717AF0068217F3B01' -> Floor '18'
[2026-07-15 06:33:34] Tag Change: ID '00E2004717D4106821818C01' -> Floor '17'
[2026-07-15 06:33:34] Tag Change: ID '00E20047173A40682177EF01' -> Floor '17'
[2026-07-15 06:33:34] Status Updated: Floor '17'
[2026-07-15 06:33:36] Tag Change: ID '00E20047173FC06821784701' -> Floor '16'
[2026-07-15 06:33:36] Tag Change: ID '00E2004717DAD0682181F801' -> Floor '16'
[2026-07-15 06:33:37] Status Updated: Floor '16'
[2026-07-15 06:33:37] Tag Change: ID '00E20047179A4068217DEF01' -> Floor '15'
[2026-07-15 06:33:37] Status Updated: Floor '15'
[2026-07-15 06:33:38] Tag Change: ID '00E2004717DB506821820001' -> Floor '14'
[2026-07-15 06:33:40] Tag Change: ID '00E20047179AC068217DF701' -> Floor '13'
[2026-07-15 06:33:41] Tag Change: ID '00E2004717DF906821824401' -> Floor '12'
[2026-07-15 06:33:41] Status Updated: Floor '12'
[2026-07-15 06:33:43] Tag Change: ID '00E20047173800682177CB01' -> Floor '11'
[2026-07-15 06:33:43] Status Updated: Floor '11'
[2026-07-15 06:33:44] Tag Change: ID '00E20047177B8068217C0301' -> Floor '10'
[2026-07-15 06:33:45] Tag Change: ID '00E20047173F406821783F01' -> Floor '9'
[2026-07-15 06:33:47] Tag Change: ID '00E2004717ED906821832400' -> Floor '8'
[2026-07-15 06:33:48] Tag Change: ID '00E20047177A4068217BEF01' -> Floor '7'
[2026-07-15 06:33:48] Tag Change: ID '00E20047179B0068217DFB01' -> Floor '7'
[2026-07-15 06:33:48] Status Updated: Floor '7'
[2026-07-15 06:33:49] Tag Change: ID '00E2004717B0C068217F5701' -> Floor '6'
[2026-07-15 06:33:51] Tag Change: ID '00E200471783C068217C8701' -> Floor '5'
[2026-07-15 06:33:52] Tag Change: ID '00E20047177FC068217C4701' -> Floor '4'
[2026-07-15 06:33:54] Tag Change: ID '00E2004717834068217C7F01' -> Floor '3'
[2026-07-15 06:33:55] Tag Change: ID '00E20047173B00682177FB01' -> Floor '2'
[2026-07-15 06:33:56] Tag Change: ID '00E2004717E0506821825001' -> Floor '1'
[2026-07-15 06:33:56] Tag flapping: suppressed 126 repeated tag-change log lines in the last 60s
[2026-07-15 06:33:58] Tag Change: ID '00E20047177F8068217C4301' -> Floor '0'
[2026-07-15 06:33:59] Tag Change: ID '00E20047173F006821783B01' -> Floor '0'
[2026-07-15 06:33:59] Status Updated: Floor '0'
[2026-07-15 06:35:04] Tag Change: ID '00E20047177F8068217C4301' -> Floor '0'
[2026-07-15 06:35:06] Tag Change: ID '00E2004717E0506821825001' -> Floor '1'
[2026-07-15 06:35:07] Tag Change: ID '00E2004717D650682181B001' -> Floor '2'
[2026-07-15 06:35:07] Tag Change: ID '00E20047173B00682177FB01' -> Floor '2'
[2026-07-15 06:35:07] Status Updated: Floor '2'
[2026-07-15 06:35:09] Tag Change: ID '00E2004717834068217C7F01' -> Floor '3'
[2026-07-15 06:35:10] Tag Change: ID '00E20047173CC06821781701' -> Floor '4'
[2026-07-15 06:35:11] Tag Change: ID '00E20047173A80682177F301' -> Floor '5'
[2026-07-15 06:35:13] Tag Change: ID '00E2004717B0C068217F5701' -> Floor '6'
[2026-07-15 06:35:14] Tag Change: ID '00E20047179B0068217DFB01' -> Floor '7'
[2026-07-15 06:35:16] Tag Change: ID '00E2004717ED906821832400' -> Floor '8'
[2026-07-15 06:35:17] Tag Change: ID '00E20047173F406821783F01' -> Floor '9'
[2026-07-15 06:35:18] Tag Change: ID '00E2004718A08068218E5301' -> Floor '10'
[2026-07-15 06:35:20] Tag Change: ID '00E20047173800682177CB01' -> Floor '11'
[2026-07-15 06:35:20] Status Updated: Floor '11'
[2026-07-15 06:35:21] Tag Change: ID '00E20047173640682177AF01' -> Floor '12'
[2026-07-15 06:35:22] Tag Change: ID '00E20047179AC068217DF701' -> Floor '13'
[2026-07-15 06:35:24] Tag Change: ID '00E200471795C068217DA701' -> Floor '14'
[2026-07-15 06:35:24] Tag Change: ID '00E2004717DB506821820001' -> Floor '14'
[2026-07-15 06:35:24] Status Updated: Floor '14'
[2026-07-15 06:35:25] Tag Change: ID '00E2004717DB10682181FC01' -> Floor '15'
[2026-07-15 06:35:27] Tag Change: ID '00E2004717D890682181D401' -> Floor '16'
[2026-07-15 06:35:27] Tag Change: ID '00E20047173FC06821784701' -> Floor '16'
[2026-07-15 06:35:27] Status Updated: Floor '16'
[2026-07-15 06:35:28] Tag Change: ID '00E20047173A40682177EF01' -> Floor '17'
[2026-07-15 06:35:29] Tag Change: ID '00E2004717AF0068217F3B01' -> Floor '18'
[2026-07-15 06:35:31] Tag Change: ID '00E200471797C068217DC701' -> Floor '19'
[2026-07-15 06:35:32] Tag Change: ID '00E2004718BC306821900E01' -> Floor '20'
[2026-07-15 06:35:32] Tag Change: ID '00E20047179B8068217E0301' -> Floor '20'
[2026-07-15 06:35:32] Status Updated: Floor '20'
[2026-07-15 06:35:33] Tag Change: ID '00E2004718BB706821900201' -> Floor '21'
[2026-07-15 06:35:33] Status Updated: Floor '21'
[2026-07-15 06:35:35] Tag Change: ID '00E20047175800682179CB01' -> Floor '22'
[2026-07-15 06:35:36] Tag Change: ID '00E2004718A98068218EE301' -> Floor '23'
[2026-07-15 06:35:37] Tag Change: ID '00E2004718A0C068218E5701' -> Floor '24'
[2026-07-15 06:35:37] Tag Change: ID '00E2004717608068217A5301' -> Floor '24'
[2026-07-15 06:35:37] Status Updated: Floor '24'
[2026-07-15 06:35:39] Tag Change: ID '00E20047177F3068217C3E01' -> Floor '25'
[2026-07-15 06:35:40] Tag Change: ID '00E200471894C068218D9701' -> Floor '26'
[2026-07-15 06:35:41] Tag Change: ID '00E20047189BC068218E0701' -> Floor '27'
[2026-07-15 06:35:43] Tag Change: ID '00E20047175FC068217A4701' -> Floor '27'
[2026-07-15 06:35:43] Status Updated: Floor '27'
[2026-07-15 06:35:43] Tag Change: ID '00E2004718990068218DDB01' -> Floor '27'
[2026-07-15 06:36:43] Tag Change: ID '00E20047175FC068217A4701' -> Floor '27'
[2026-07-15 06:36:44] Tag Change: ID '00E2004718990068218DDB01' -> Floor '27'
[2026-07-15 06:36:44] Tag flapping: suppressed 398 repeated tag-change log lines in the last 60s
[2026-07-15 06:37:43] Tag Change: ID '00E20047175FC068217A4701' -> Floor '27'
[2026-07-15 06:37:44] Tag Change: ID '00E2004718990068218DDB01' -> Floor '27'
[2026-07-15 06:37:44] Tag flapping: suppressed 400 repeated tag-change log lines in the last 60s
[2026-07-15 06:38:44] Tag Change: ID '00E20047175FC068217A4701' -> Floor '27'
[2026-07-15 06:38:44] Tag Change: ID '00E2004718990068218DDB01' -> Floor '27'
[2026-07-15 06:38:44] Tag flapping: suppressed 403 repeated tag-change log lines in the last 60s
[2026-07-15 06:39:44] Tag Change: ID '00E20047175FC068217A4701' -> Floor '27'
[2026-07-15 06:39:44] Tag Change: ID '00E2004718990068218DDB01' -> Floor '27'
[2026-07-15 06:39:44] Tag flapping: suppressed 417 repeated tag-change log lines in the last 60s
[2026-07-15 06:40:44] Tag Change: ID '00E20047175FC068217A4701' -> Floor '27'
[2026-07-15 06:40:44] Tag Change: ID '00E2004718990068218DDB01' -> Floor '27'
[2026-07-15 06:40:44] Tag flapping: suppressed 408 repeated tag-change log lines in the last 60s
[2026-07-15 06:41:44] Tag Change: ID '00E20047175FC068217A4701' -> Floor '27'
[2026-07-15 06:41:44] Tag Change: ID '00E2004718990068218DDB01' -> Floor '27'
[2026-07-15 06:41:44] Tag flapping: suppressed 403 repeated tag-change log lines in the last 60s
[2026-07-15 06:42:44] Tag Change: ID '00E20047175FC068217A4701' -> Floor '27'
[2026-07-15 06:42:44] Tag Change: ID '00E2004718990068218DDB01' -> Floor '27'
[2026-07-15 06:42:45] Tag flapping: suppressed 396 repeated tag-change log lines in the last 60s
[2026-07-15 06:42:57] Tag Change: ID '00E20047189BC068218E0701' -> Floor '27'
[2026-07-15 06:42:58] Tag Change: ID '00E20047175AC0682179F701' -> Floor '26'
[2026-07-15 06:42:59] Tag Change: ID '00E20047189CC068218E1701' -> Floor '25'
[2026-07-15 06:42:59] Tag Change: ID '00E20047177F3068217C3E01' -> Floor '25'
[2026-07-15 06:42:59] Status Updated: Floor '25'
[2026-07-15 06:43:00] Tag Change: ID '00E2004717608068217A5301' -> Floor '24'
[2026-07-15 06:43:02] Tag Change: ID '00E2004718A98068218EE301' -> Floor '23'
[2026-07-15 06:43:02] Tag Change: ID '00E2004717644068217A8F01' -> Floor '23'
[2026-07-15 06:43:02] Status Updated: Floor '23'
[2026-07-15 06:43:05] Tag Change: ID '00E20047175800682179CB01' -> Floor '22'
[2026-07-15 06:43:05] Tag Change: ID '00E2004718B87068218FD201' -> Floor '22'
[2026-07-15 06:43:05] Status Updated: Floor '22'
[2026-07-15 06:43:23] Tag Change: ID '00E20047175F0068217A3B01' -> Floor '21'
[2026-07-15 06:43:23] Status Updated: Floor '21'
[2026-07-15 06:43:24] Tag Change: ID '00E20047179B8068217E0301' -> Floor '20'
[2026-07-15 06:43:24] Tag Change: ID '00E2004718BC306821900E01' -> Floor '20'
[2026-07-15 06:43:25] Status Updated: Floor '20'
[2026-07-15 06:43:26] Tag Change: ID '00E200471797C068217DC701' -> Floor '19'
[2026-07-15 06:43:26] Tag Change: ID '00E2004718C1706821906201' -> Floor '19'
[2026-07-15 06:43:26] Status Updated: Floor '19'
[2026-07-15 06:43:27] Tag Change: ID '00E2004717AF0068217F3B01' -> Floor '18'
[2026-07-15 06:43:28] Tag Change: ID '00E2004717D4106821818C01' -> Floor '17'
[2026-07-15 06:43:28] Tag Change: ID '00E20047173A40682177EF01' -> Floor '17'
[2026-07-15 06:43:29] Status Updated: Floor '17'
[2026-07-15 06:43:30] Tag Change: ID '00E2004717D890682181D401' -> Floor '16'
[2026-07-15 06:43:30] Status Updated: Floor '16'
[2026-07-15 06:43:31] Tag Change: ID '00E2004717DB10682181FC01' -> Floor '15'
[2026-07-15 06:43:31] Status Updated: Floor '15'
[2026-07-15 06:43:32] Tag Change: ID '00E200471795C068217DA701' -> Floor '14'
[2026-07-15 06:43:34] Tag Change: ID '00E20047179AC068217DF701' -> Floor '13'
[2026-07-15 06:43:37] Tag Change: ID '00E20047173800682177CB01' -> Floor '11'
[2026-07-15 06:43:38] Tag Change: ID '00E2004718A08068218E5301' -> Floor '10'
[2026-07-15 06:43:38] Status Updated: Floor '10'
[2026-07-15 06:43:39] Tag Change: ID '00E2004717ED506821832001' -> Floor '9'
[2026-07-15 06:43:40] Status Updated: Floor '9'
[2026-07-15 06:43:41] Tag Change: ID '00E2004717940068217D8B01' -> Floor '8'
[2026-07-15 06:43:42] Tag Change: ID '00E20047179B0068217DFB01' -> Floor '7'
[2026-07-15 06:43:43] Tag Change: ID '00E2004717B0C068217F5701' -> Floor '6'
[2026-07-15 06:43:45] Tag Change: ID '00E200471783C068217C8701' -> Floor '5'
[2026-07-15 06:43:45] Tag flapping: suppressed 157 repeated tag-change log lines in the last 60s
[2026-07-15 06:43:45] Status Updated: Floor '5'
[2026-07-15 06:43:46] Tag Change: ID '00E20047177FC068217C4701' -> Floor '4'
[2026-07-15 06:43:46] Status Updated: Floor '4'
[2026-07-15 06:43:48] Tag Change: ID '00E2004717834068217C7F01' -> Floor '3'
[2026-07-15 06:43:49] Tag Change: ID '00E2004717D650682181B001' -> Floor '2'
[2026-07-15 06:43:50] Tag Change: ID '00E2004717E0506821825001' -> Floor '1'
[2026-07-15 06:43:51] Status Updated: Floor '1'
[2026-07-15 06:43:52] Tag Change: ID '00E20047177F8068217C4301' -> Floor '0'
[2026-07-15 06:43:54] Tag Change: ID '00E20047173F006821783B01' -> Floor '0'
[2026-07-15 06:43:55] Status Updated: Floor '0'
[2026-07-15 06:43:55] Tag Change: ID '00E2004717818068217C6301' -> Floor '0'
[2026-07-15 06:45:02] Tag Change: ID '00E2004717E0506821825001' -> Floor '1'
[2026-07-15 06:45:02] Tag flapping: suppressed 115 repeated tag-change log lines in the last 66s
[2026-07-15 06:45:02] Status Updated: Floor '1'
[2026-07-15 06:45:03] Tag Change: ID '00E20047173B00682177FB01' -> Floor '2'
[2026-07-15 06:45:03] Tag Change: ID '00E2004717D650682181B001' -> Floor '2'
[2026-07-15 06:45:03] Status Updated: Floor '2'
[2026-07-15 06:45:05] Tag Change: ID '00E2004717834068217C7F01' -> Floor '3'
[2026-07-15 06:45:07] Tag Change: ID '00E200471783C068217C8701' -> Floor '5'
[2026-07-15 06:45:09] Tag Change: ID '00E2004717B0C068217F5701' -> Floor '6'
[2026-07-15 06:45:09] Status Updated: Floor '6'
[2026-07-15 06:45:10] Tag Change: ID '00E20047179B0068217DFB01' -> Floor '7'
[2026-07-15 06:45:10] Status Updated: Floor '7'
[2026-07-15 06:45:12] Tag Change: ID '00E2004717940068217D8B01' -> Floor '8'
[2026-07-15 06:45:13] Tag Change: ID '00E20047173F406821783F01' -> Floor '9'
[2026-07-15 06:45:14] Tag Change: ID '00E2004718A08068218E5301' -> Floor '10'
[2026-07-15 06:45:16] Tag Change: ID '00E20047173800682177CB01' -> Floor '11'
[2026-07-15 06:45:17] Tag Change: ID '00E20047173640682177AF01' -> Floor '12'
[2026-07-15 06:45:18] Tag Change: ID '00E20047179AC068217DF701' -> Floor '13'
[2026-07-15 06:45:20] Tag Change: ID '00E200471795C068217DA701' -> Floor '14'
[2026-07-15 06:45:21] Tag Change: ID '00E20047179A4068217DEF01' -> Floor '15'
[2026-07-15 06:45:21] Status Updated: Floor '15'
[2026-07-15 06:45:23] Tag Change: ID '00E2004717D890682181D401' -> Floor '16'
[2026-07-15 06:45:23] Status Updated: Floor '16'
[2026-07-15 06:45:24] Tag Change: ID '00E20047173A40682177EF01' -> Floor '17'
[2026-07-15 06:45:24] Tag Change: ID '00E2004717D4106821818C01' -> Floor '17'
[2026-07-15 06:45:24] Status Updated: Floor '17'
[2026-07-15 06:45:25] Tag Change: ID '00E2004718A5C068218EA701' -> Floor '18'
[2026-07-15 06:45:27] Tag Change: ID '00E200471797C068217DC701' -> Floor '19'
[2026-07-15 06:45:27] Tag Change: ID '00E2004718C1706821906201' -> Floor '19'
[2026-07-15 06:45:27] Status Updated: Floor '19'
[2026-07-15 06:45:28] Tag Change: ID '00E2004718BC306821900E01' -> Floor '20'
[2026-07-15 06:45:28] Tag Change: ID '00E20047179B8068217E0301' -> Floor '20'
[2026-07-15 06:45:28] Status Updated: Floor '20'
[2026-07-15 06:45:29] Tag Change: ID '00E2004718BB706821900201' -> Floor '21'
[2026-07-15 06:45:29] Status Updated: Floor '21'
[2026-07-15 06:45:31] Tag Change: ID '00E20047175800682179CB01' -> Floor '22'
[2026-07-15 06:45:32] Tag Change: ID '00E2004718A98068218EE301' -> Floor '23'
[2026-07-15 06:45:32] Tag Change: ID '00E2004717644068217A8F01' -> Floor '23'
[2026-07-15 06:45:32] Status Updated: Floor '23'
[2026-07-15 06:45:33] Tag Change: ID '00E2004717608068217A5301' -> Floor '24'
[2026-07-15 06:45:33] Tag Change: ID '00E2004718A0C068218E5701' -> Floor '24'
[2026-07-15 06:45:34] Status Updated: Floor '24'
[2026-07-15 06:45:35] Tag Change: ID '00E20047177F3068217C3E01' -> Floor '25'
[2026-07-15 06:45:36] Tag Change: ID '00E20047175AC0682179F701' -> Floor '26'
[2026-07-15 06:45:36] Status Updated: Floor '26'
[2026-07-15 06:45:39] Tag Change: ID '00E20047175FC068217A4701' -> Floor '27'
[2026-07-15 06:45:39] Tag Change: ID '00E2004718990068218DDB01' -> Floor '27'
[2026-07-15 06:45:39] Status Updated: Floor '27'
[2026-07-15 06:46:39] Tag Change: ID '00E20047175FC068217A4701' -> Floor '27'
[2026-07-15 06:46:39] Tag Change: ID '00E2004718990068218DDB01' -> Floor '27'
[2026-07-15 06:46:39] Tag flapping: suppressed 415 repeated tag-change log lines in the last 60s
[2026-07-15 06:47:39] Tag Change: ID '00E20047175FC068217A4701' -> Floor '27'
[2026-07-15 06:47:39] Tag Change: ID '00E2004718990068218DDB01' -> Floor '27'
[2026-07-15 06:47:39] Tag flapping: suppressed 419 repeated tag-change log lines in the last 60s
[2026-07-15 06:48:39] Tag Change: ID '00E20047175FC068217A4701' -> Floor '27'
[2026-07-15 06:48:40] Tag Change: ID '00E2004718990068218DDB01' -> Floor '27'
[2026-07-15 06:48:40] Tag flapping: suppressed 376 repeated tag-change log lines in the last 60s
[2026-07-15 06:49:40] Tag Change: ID '00E20047175FC068217A4701' -> Floor '27'
[2026-07-15 06:49:40] Tag flapping: suppressed 410 repeated tag-change log lines in the last 60s
[2026-07-15 06:49:40] Tag Change: ID '00E2004718990068218DDB01' -> Floor '27'
[2026-07-15 06:50:07] Tag Change: ID '00E20047189BC068218E0701' -> Floor '27'
[2026-07-15 06:50:08] Tag Change: ID '00E200471894C068218D9701' -> Floor '26'
[2026-07-15 06:50:08] Tag Change: ID '00E20047175AC0682179F701' -> Floor '26'
[2026-07-15 06:50:08] Status Updated: Floor '26'
[2026-07-15 06:50:09] Tag Change: ID '00E20047177F3068217C3E01' -> Floor '25'
[2026-07-15 06:50:10] Tag Change: ID '00E2004718A0C068218E5701' -> Floor '24'
[2026-07-15 06:50:12] Tag Change: ID '00E2004717644068217A8F01' -> Floor '23'
[2026-07-15 06:50:13] Tag Change: ID '00E2004718B87068218FD201' -> Floor '22'
[2026-07-15 06:50:14] Tag Change: ID '00E2004718BB706821900201' -> Floor '21'
[2026-07-15 06:50:15] Status Updated: Floor '21'
[2026-07-15 06:50:16] Tag Change: ID '00E2004718BC306821900E01' -> Floor '20'
[2026-07-15 06:50:16] Tag Change: ID '00E20047179B8068217E0301' -> Floor '20'
[2026-07-15 06:50:16] Status Updated: Floor '20'
[2026-07-15 06:50:17] Tag Change: ID '00E2004718C1706821906201' -> Floor '19'
[2026-07-15 06:50:17] Tag Change: ID '00E200471797C068217DC701' -> Floor '19'
[2026-07-15 06:50:17] Status Updated: Floor '19'
[2026-07-15 06:50:20] Tag Change: ID '00E2004717D4106821818C01' -> Floor '17'
[2026-07-15 06:50:21] Tag Change: ID '00E20047173FC06821784701' -> Floor '16'
[2026-07-15 06:50:21] Status Updated: Floor '16'
[2026-07-15 06:50:22] Tag Change: ID '00E20047179A4068217DEF01' -> Floor '15'
[2026-07-15 06:50:25] Tag Change: ID '00E2004717DB506821820001' -> Floor '14'
[2026-07-15 06:50:25] Status Updated: Floor '14'
[2026-07-15 06:50:25] Tag Change: ID '00E200471795C068217DA701' -> Floor '14'
[2026-07-15 06:50:40] Tag flapping: suppressed 292 repeated tag-change log lines in the last 60s
[2026-07-15 06:50:43] Tag Change: ID '00E20047179AC068217DF701' -> Floor '13'
[2026-07-15 06:50:45] Tag Change: ID '00E20047173640682177AF01' -> Floor '12'
[2026-07-15 06:50:45] Status Updated: Floor '12'
[2026-07-15 06:50:46] Tag Change: ID '00E20047173800682177CB01' -> Floor '11'
[2026-07-15 06:50:46] Status Updated: Floor '11'
[2026-07-15 06:50:47] Tag Change: ID '00E20047177B8068217C0301' -> Floor '10'
[2026-07-15 06:50:49] Tag Change: ID '00E2004717ED506821832001' -> Floor '9'
[2026-07-15 06:50:49] Status Updated: Floor '9'
[2026-07-15 06:50:50] Tag Change: ID '00E2004717940068217D8B01' -> Floor '8'
[2026-07-15 06:50:50] Tag Change: ID '00E2004717ED906821832400' -> Floor '8'
[2026-07-15 06:50:50] Status Updated: Floor '8'
[2026-07-15 06:50:52] Tag Change: ID '00E20047179B0068217DFB01' -> Floor '7'
[2026-07-15 06:50:53] Tag Change: ID '00E2004717B0C068217F5701' -> Floor '6'
[2026-07-15 06:50:54] Tag Change: ID '00E200471783C068217C8701' -> Floor '5'
[2026-07-15 06:50:57] Tag Change: ID '00E2004717834068217C7F01' -> Floor '3'
[2026-07-15 06:50:59] Tag Change: ID '00E2004717D650682181B001' -> Floor '2'
[2026-07-15 06:51:00] Tag Change: ID '00E2004717E0506821825001' -> Floor '1'
[2026-07-15 06:51:01] Tag Change: ID '00E20047177F8068217C4301' -> Floor '0'
[2026-07-15 06:51:03] Tag Change: ID '00E2004717818068217C6301' -> Floor '0'
[2026-07-15 06:51:03] Status Updated: Floor '0'
[2026-07-15 06:51:59] Tag Change: ID '00E20047173F006821783B01' -> Floor '0'
[2026-07-15 06:51:59] Tag flapping: suppressed 3 repeated tag-change log lines in the last 79s
[2026-07-15 06:52:02] Tag Change: ID '00E2004717E0506821825001' -> Floor '1'
[2026-07-15 06:52:03] Tag Change: ID '00E20047173B00682177FB01' -> Floor '2'
[2026-07-15 06:52:03] Tag Change: ID '00E2004717D650682181B001' -> Floor '2'
[2026-07-15 06:52:04] Status Updated: Floor '2'
[2026-07-15 06:52:05] Tag Change: ID '00E2004717834068217C7F01' -> Floor '3'
[2026-07-15 06:52:08] Tag Change: ID '00E20047173A80682177F301' -> Floor '5'
[2026-07-15 06:52:09] Tag Change: ID '00E2004717B0C068217F5701' -> Floor '6'
[2026-07-15 06:52:10] Tag Change: ID '00E20047179B0068217DFB01' -> Floor '7'
[2026-07-15 06:52:11] Status Updated: Floor '7'
[2026-07-15 06:52:12] Tag Change: ID '00E2004717ED906821832400' -> Floor '8'
[2026-07-15 06:52:13] Tag Change: ID '00E20047173F406821783F01' -> Floor '9'
[2026-07-15 06:52:14] Tag Change: ID '00E20047177B8068217C0301' -> Floor '10'
[2026-07-15 06:52:16] Tag Change: ID '00E20047173800682177CB01' -> Floor '11'
[2026-07-15 06:52:16] Status Updated: Floor '11'
[2026-07-15 06:52:17] Tag Change: ID '00E2004717DF906821824401' -> Floor '12'
[2026-07-15 06:52:17] Tag Change: ID '00E20047173640682177AF01' -> Floor '12'
[2026-07-15 06:52:17] Status Updated: Floor '12'
[2026-07-15 06:52:19] Tag Change: ID '00E20047179AC068217DF701' -> Floor '13'
[2026-07-15 06:52:20] Tag Change: ID '00E200471795C068217DA701' -> Floor '14'
[2026-07-15 06:52:21] Tag Change: ID '00E2004717DB10682181FC01' -> Floor '15'
[2026-07-15 06:52:23] Tag Change: ID '00E20047173FC06821784701' -> Floor '16'
[2026-07-15 06:52:24] Tag Change: ID '00E2004717D4106821818C01' -> Floor '17'
[2026-07-15 06:52:24] Status Updated: Floor '17'
[2026-07-15 06:52:25] Tag Change: ID '00E2004717AF0068217F3B01' -> Floor '18'
[2026-07-15 06:52:27] Tag Change: ID '00E2004718C1706821906201' -> Floor '19'
[2026-07-15 06:52:27] Tag Change: ID '00E200471797C068217DC701' -> Floor '19'
[2026-07-15 06:52:27] Status Updated: Floor '19'
[2026-07-15 06:52:28] Tag Change: ID '00E2004718BC306821900E01' -> Floor '20'
[2026-07-15 06:52:29] Tag Change: ID '00E2004718BB706821900201' -> Floor '21'
[2026-07-15 06:52:30] Status Updated: Floor '21'
[2026-07-15 06:52:32] Tag Change: ID '00E2004717644068217A8F01' -> Floor '23'
[2026-07-15 06:52:32] Tag Change: ID '00E2004718A98068218EE301' -> Floor '23'
[2026-07-15 06:52:32] Status Updated: Floor '23'
[2026-07-15 06:52:33] Tag Change: ID '00E2004718A0C068218E5701' -> Floor '24'
[2026-07-15 06:52:34] Status Updated: Floor '24'
[2026-07-15 06:52:35] Tag Change: ID '00E20047177F3068217C3E01' -> Floor '25'
[2026-07-15 06:52:35] Status Updated: Floor '25'
[2026-07-15 06:52:36] Tag Change: ID '00E20047175AC0682179F701' -> Floor '26'
[2026-07-15 06:52:36] Status Updated: Floor '26'
[2026-07-15 06:52:37] Tag Change: ID '00E20047189BC068218E0701' -> Floor '27'
[2026-07-15 06:52:39] Tag Change: ID '00E2004718990068218DDB01' -> Floor '27'
[2026-07-15 06:52:39] Status Updated: Floor '27'
[2026-07-15 06:52:39] Tag Change: ID '00E20047175FC068217A4701' -> Floor '27'
[2026-07-15 06:53:01] Tag flapping: suppressed 145 repeated tag-change log lines in the last 60s
[2026-07-15 06:53:39] Tag Change: ID '00E2004718990068218DDB01' -> Floor '27'
[2026-07-15 06:53:39] Tag Change: ID '00E20047175FC068217A4701' -> Floor '27'
[2026-07-15 06:54:01] Tag flapping: suppressed 426 repeated tag-change log lines in the last 60s
[2026-07-15 06:54:39] Tag Change: ID '00E2004718990068218DDB01' -> Floor '27'
[2026-07-15 06:54:39] Tag Change: ID '00E20047175FC068217A4701' -> Floor '27'
[2026-07-15 06:55:02] Tag flapping: suppressed 400 repeated tag-change log lines in the last 60s
[2026-07-15 06:55:40] Tag Change: ID '00E20047175FC068217A4701' -> Floor '27'
[2026-07-15 06:55:40] Tag Change: ID '00E2004718990068218DDB01' -> Floor '27'
[2026-07-15 06:56:02] Tag flapping: suppressed 423 repeated tag-change log lines in the last 60s
[2026-07-15 06:56:40] Tag Change: ID '00E20047175FC068217A4701' -> Floor '27'
[2026-07-15 06:56:40] Tag Change: ID '00E2004718990068218DDB01' -> Floor '27'
[2026-07-15 06:57:03] Tag flapping: suppressed 397 repeated tag-change log lines in the last 60s
[2026-07-15 06:57:40] Tag Change: ID '00E20047175FC068217A4701' -> Floor '27'
[2026-07-15 06:57:40] Tag Change: ID '00E2004718990068218DDB01' -> Floor '27'
[2026-07-15 06:58:03] Tag flapping: suppressed 427 repeated tag-change log lines in the last 60s
[2026-07-15 06:58:40] Tag Change: ID '00E2004718990068218DDB01' -> Floor '27'
[2026-07-15 06:58:40] Tag Change: ID '00E20047175FC068217A4701' -> Floor '27'
[2026-07-15 06:59:04] Tag flapping: suppressed 398 repeated tag-change log lines in the last 60s
[2026-07-15 06:59:41] Tag Change: ID '00E20047175FC068217A4701' -> Floor '27'
[2026-07-15 06:59:41] Tag Change: ID '00E2004718990068218DDB01' -> Floor '27'
[2026-07-15 07:00:04] Tag flapping: suppressed 391 repeated tag-change log lines in the last 60s
[2026-07-15 07:00:41] Tag Change: ID '00E20047175FC068217A4701' -> Floor '27'
[2026-07-15 07:00:41] Tag Change: ID '00E2004718990068218DDB01' -> Floor '27'
[2026-07-15 07:01:04] Tag flapping: suppressed 407 repeated tag-change log lines in the last 60s
[2026-07-15 07:01:41] Tag Change: ID '00E20047175FC068217A4701' -> Floor '27'
[2026-07-15 07:01:41] Tag Change: ID '00E2004718990068218DDB01' -> Floor '27'
[2026-07-15 07:02:04] Tag flapping: suppressed 409 repeated tag-change log lines in the last 60s
[2026-07-15 07:02:41] Tag Change: ID '00E20047175FC068217A4701' -> Floor '27'
[2026-07-15 07:02:41] Tag Change: ID '00E2004718990068218DDB01' -> Floor '27'
[2026-07-15 07:03:00] Tag Change: ID '00E20047189BC068218E0701' -> Floor '27'
[2026-07-15 07:03:01] Tag Change: ID '00E200471894C068218D9701' -> Floor '26'
[2026-07-15 07:03:01] Tag Change: ID '00E20047175AC0682179F701' -> Floor '26'
[2026-07-15 07:03:01] Status Updated: Floor '26'
[2026-07-15 07:03:02] Tag Change: ID '00E20047177F3068217C3E01' -> Floor '25'
[2026-07-15 07:03:04] Tag Change: ID '00E2004717608068217A5301' -> Floor '24'
[2026-07-15 07:03:05] Tag Change: ID '00E2004717644068217A8F01' -> Floor '23'
[2026-07-15 07:03:05] Tag flapping: suppressed 313 repeated tag-change log lines in the last 60s
[2026-07-15 07:03:05] Tag Change: ID '00E2004718A98068218EE301' -> Floor '23'
[2026-07-15 07:03:05] Status Updated: Floor '23'
[2026-07-15 07:03:08] Tag Change: ID '00E20047175800682179CB01' -> Floor '22'
[2026-07-15 07:03:08] Tag Change: ID '00E2004718B87068218FD201' -> Floor '22'
[2026-07-15 07:03:08] Status Updated: Floor '22'
[2026-07-15 07:03:25] Tag Change: ID '00E20047175F0068217A3B01' -> Floor '21'
[2026-07-15 07:03:26] Tag Change: ID '00E2004718BC306821900E01' -> Floor '20'
[2026-07-15 07:03:27] Tag Change: ID '00E2004718C1706821906201' -> Floor '19'
[2026-07-15 07:03:28] Tag Change: ID '00E200471797C068217DC701' -> Floor '19'
[2026-07-15 07:03:28] Status Updated: Floor '19'
[2026-07-15 07:03:29] Tag Change: ID '00E2004717AF0068217F3B01' -> Floor '18'
[2026-07-15 07:03:30] Tag Change: ID '00E2004717D4106821818C01' -> Floor '17'
[2026-07-15 07:03:30] Tag Change: ID '00E20047173A40682177EF01' -> Floor '17'
[2026-07-15 07:03:30] Status Updated: Floor '17'
[2026-07-15 07:03:32] Tag Change: ID '00E20047173FC06821784701' -> Floor '16'
[2026-07-15 07:03:32] Tag Change: ID '00E2004717DAD0682181F801' -> Floor '16'
[2026-07-15 07:03:32] Status Updated: Floor '16'
[2026-07-15 07:03:33] Tag Change: ID '00E20047179A4068217DEF01' -> Floor '15'
[2026-07-15 07:03:33] Status Updated: Floor '15'
[2026-07-15 07:03:34] Tag Change: ID '00E2004717DB506821820001' -> Floor '14'
[2026-07-15 07:03:34] Tag Change: ID '00E200471795C068217DA701' -> Floor '14'
[2026-07-15 07:03:35] Status Updated: Floor '14'
[2026-07-15 07:03:37] Tag Change: ID '00E2004717DF906821824401' -> Floor '12'
[2026-07-15 07:03:37] Tag Change: ID '00E20047173640682177AF01' -> Floor '12'
[2026-07-15 07:03:37] Status Updated: Floor '12'
[2026-07-15 07:03:38] Tag Change: ID '00E20047173800682177CB01' -> Floor '11'
[2026-07-15 07:03:40] Tag Change: ID '00E20047177B8068217C0301' -> Floor '10'
[2026-07-15 07:03:41] Tag Change: ID '00E20047173F406821783F01' -> Floor '9'
[2026-07-15 07:03:43] Tag Change: ID '00E2004717ED906821832400' -> Floor '8'
[2026-07-15 07:03:44] Tag Change: ID '00E20047179B0068217DFB01' -> Floor '7'
[2026-07-15 07:03:44] Status Updated: Floor '7'
[2026-07-15 07:03:45] Tag Change: ID '00E2004717B0C068217F5701' -> Floor '6'
[2026-07-15 07:03:47] Tag Change: ID '00E20047173A80682177F301' -> Floor '5'
[2026-07-15 07:03:48] Tag Change: ID '00E20047173CC06821781701' -> Floor '4'
[2026-07-15 07:03:48] Tag Change: ID '00E20047177FC068217C4701' -> Floor '4'
[2026-07-15 07:03:48] Status Updated: Floor '4'
[2026-07-15 07:03:50] Tag Change: ID '00E2004717834068217C7F01' -> Floor '3'
[2026-07-15 07:03:51] Tag Change: ID '00E2004717D650682181B001' -> Floor '2'
[2026-07-15 07:03:51] Status Updated: Floor '2'
[2026-07-15 07:03:52] Tag Change: ID '00E20047173780682177C301' -> Floor '1'
[2026-07-15 07:03:54] Tag Change: ID '00E20047177F8068217C4301' -> Floor '0'
[2026-07-15 07:03:54] Status Updated: Floor '0'
[2026-07-15 07:03:55] Tag Change: ID '00E20047173F006821783B01' -> Floor '0'
[2026-07-15 07:03:55] Tag Change: ID '00E2004717818068217C6301' -> Floor '0'
[2026-07-15 07:05:19] Tag Change: ID '00E20047177F8068217C4301' -> Floor '0'
[2026-07-15 07:05:19] Tag flapping: suppressed 97 repeated tag-change log lines in the last 130s
[2026-07-15 07:05:24] Tag Change: ID '00E2004717834068217C7F01' -> Floor '3'
[2026-07-15 07:05:25] Tag Change: ID '00E20047173CC06821781701' -> Floor '4'
[2026-07-15 07:05:26] Tag Change: ID '00E20047173A80682177F301' -> Floor '5'
[2026-07-15 07:05:28] Tag Change: ID '00E2004717B0C068217F5701' -> Floor '6'
[2026-07-15 07:05:29] Tag Change: ID '00E20047177A4068217BEF01' -> Floor '7'
[2026-07-15 07:05:30] Tag Change: ID '00E2004717ED906821832400' -> Floor '8'
[2026-07-15 07:05:32] Tag Change: ID '00E20047173F406821783F01' -> Floor '9'
[2026-07-15 07:05:33] Tag Change: ID '00E2004718A08068218E5301' -> Floor '10'
[2026-07-15 07:05:33] Status Updated: Floor '10'
[2026-07-15 07:05:35] Tag Change: ID '00E20047173800682177CB01' -> Floor '11'
[2026-07-15 07:05:35] Status Updated: Floor '11'
[2026-07-15 07:05:36] Tag Change: ID '00E20047173640682177AF01' -> Floor '12'
[2026-07-15 07:05:36] Status Updated: Floor '12'
[2026-07-15 07:05:37] Tag Change: ID '00E2004717E4506821829001' -> Floor '13'
[2026-07-15 07:05:40] Tag Change: ID '00E200471795C068217DA701' -> Floor '14'
[2026-07-15 07:05:40] Tag Change: ID '00E2004717DB506821820001' -> Floor '14'
[2026-07-15 07:05:40] Status Updated: Floor '14'
[2026-07-15 07:06:00] Tag Change: ID '00E2004717DF906821824401' -> Floor '12'
[2026-07-15 07:06:00] Status Updated: Floor '12'
[2026-07-15 07:06:03] Tag Change: ID '00E20047177B8068217C0301' -> Floor '10'
[2026-07-15 07:06:05] Tag Change: ID '00E2004717940068217D8B01' -> Floor '8'
[2026-07-15 07:06:06] Status Updated: Floor '8'
[2026-07-15 07:06:07] Tag Change: ID '00E20047179B0068217DFB01' -> Floor '7'
[2026-07-15 07:06:14] Tag Change: ID '00E20047173B00682177FB01' -> Floor '2'
[2026-07-15 07:06:14] Status Updated: Floor '2'
[2026-07-15 07:06:15] Tag Change: ID '00E2004717E0506821825001' -> Floor '1'
[2026-07-15 07:06:16] Tag Change: ID '00E2004717790068217BDB01' -> Floor '1'
[2026-07-15 07:06:16] Status Updated: Floor '1'
[2026-07-15 07:06:19] Tag Change: ID '00E2004717818068217C6301' -> Floor '0'
[2026-07-15 07:06:19] Status Updated: Floor '0'
[2026-07-15 07:06:19] Tag Change: ID '00E20047173F006821783B01' -> Floor '0'
[2026-07-15 07:06:57] Tag flapping: suppressed 221 repeated tag-change log lines in the last 76s
[2026-07-15 07:06:59] Tag Change: ID '00E20047177F8068217C4301' -> Floor '0'
[2026-07-15 07:07:00] Status Updated: Floor '1'
[2026-07-15 07:07:01] Tag Change: ID '00E2004717D650682181B001' -> Floor '2'
[2026-07-15 07:07:03] Tag Change: ID '00E2004717834068217C7F01' -> Floor '3'
[2026-07-15 07:07:04] Tag Change: ID '00E20047173CC06821781701' -> Floor '4'
[2026-07-15 07:07:06] Tag Change: ID '00E20047173A80682177F301' -> Floor '5'
[2026-07-15 07:07:07] Tag Change: ID '00E2004717B0C068217F5701' -> Floor '6'
[2026-07-15 07:07:08] Tag Change: ID '00E20047179B0068217DFB01' -> Floor '7'
[2026-07-15 07:07:08] Tag Change: ID '00E20047177A4068217BEF01' -> Floor '7'
[2026-07-15 07:07:09] Status Updated: Floor '7'
[2026-07-15 07:07:10] Tag Change: ID '00E2004717ED906821832400' -> Floor '8'
[2026-07-15 07:07:11] Tag Change: ID '00E2004717ED506821832001' -> Floor '9'
[2026-07-15 07:07:11] Status Updated: Floor '9'
[2026-07-15 07:07:14] Tag Change: ID '00E2004718A08068218E5301' -> Floor '10'
[2026-07-15 07:07:14] Status Updated: Floor '10'
[2026-07-15 07:07:14] Tag Change: ID '00E20047177B8068217C0301' -> Floor '10'
[2026-07-15 07:07:57] Tag flapping: suppressed 314 repeated tag-change log lines in the last 60s
[2026-07-15 07:08:03] Tag Change: ID '00E20047173800682177CB01' -> Floor '11'
[2026-07-15 07:08:04] Status Updated: Floor '11'
[2026-07-15 07:08:05] Tag Change: ID '00E20047173640682177AF01' -> Floor '12'
[2026-07-15 07:08:05] Tag Change: ID '00E2004717DF906821824401' -> Floor '12'
[2026-07-15 07:08:05] Status Updated: Floor '12'
[2026-07-15 07:08:06] Tag Change: ID '00E2004717E4506821829001' -> Floor '13'
[2026-07-15 07:08:08] Tag Change: ID '00E200471795C068217DA701' -> Floor '14'
[2026-07-15 07:08:09] Tag Change: ID '00E20047179A4068217DEF01' -> Floor '15'
[2026-07-15 07:08:09] Status Updated: Floor '15'
[2026-07-15 07:08:10] Tag Change: ID '00E2004717DAD0682181F801' -> Floor '16'
[2026-07-15 07:08:10] Tag Change: ID '00E20047173FC06821784701' -> Floor '16'
[2026-07-15 07:08:10] Status Updated: Floor '16'
[2026-07-15 07:08:12] Tag Change: ID '00E20047173A40682177EF01' -> Floor '17'
[2026-07-15 07:08:13] Tag Change: ID '00E2004718A5C068218EA701' -> Floor '18'
[2026-07-15 07:08:14] Tag Change: ID '00E200471797C068217DC701' -> Floor '19'
[2026-07-15 07:08:14] Tag Change: ID '00E2004718C1706821906201' -> Floor '19'
[2026-07-15 07:08:15] Status Updated: Floor '19'
[2026-07-15 07:08:16] Tag Change: ID '00E2004718BC306821900E01' -> Floor '20'
[2026-07-15 07:08:17] Tag Change: ID '00E2004718BB706821900201' -> Floor '21'
[2026-07-15 07:08:18] Tag Change: ID '00E2004718B87068218FD201' -> Floor '22'
[2026-07-15 07:08:20] Tag Change: ID '00E2004717644068217A8F01' -> Floor '23'
[2026-07-15 07:08:21] Tag Change: ID '00E2004717608068217A5301' -> Floor '24'
[2026-07-15 07:08:21] Status Updated: Floor '24'
[2026-07-15 07:08:22] Tag Change: ID '00E20047177F3068217C3E01' -> Floor '25'
[2026-07-15 07:08:24] Tag Change: ID '00E20047175AC0682179F701' -> Floor '26'
[2026-07-15 07:08:25] Tag Change: ID '00E20047189BC068218E0701' -> Floor '27'
[2026-07-15 07:08:26] Tag Change: ID '00E2004718990068218DDB01' -> Floor '27'
[2026-07-15 07:08:27] Status Updated: Floor '27'
[2026-07-15 07:08:27] Tag Change: ID '00E200471899' -> Floor 'Unknown'
[2026-07-15 07:08:27] Tag Change: ID '00E20047175FC068217A4701' -> Floor '27'
[2026-07-15 07:08:58] Tag flapping: suppressed 240 repeated tag-change log lines in the last 60s
[2026-07-15 07:09:27] Tag Change: ID '00E2004718990068218DDB01' -> Floor '27'
[2026-07-15 07:09:27] Tag Change: ID '00E20047175FC068217A4701' -> Floor '27'
[2026-07-15 07:09:58] Tag flapping: suppressed 416 repeated tag-change log lines in the last 60s
[2026-07-15 07:10:27] Tag Change: ID '00E2004718990068218DDB01' -> Floor '27'
[2026-07-15 07:10:27] Tag Change: ID '00E20047175FC068217A4701' -> Floor '27'
[2026-07-15 07:10:58] Tag flapping: suppressed 410 repeated tag-change log lines in the last 60s
[2026-07-15 07:11:27] Tag Change: ID '00E2004718990068218DDB01' -> Floor '27'
[2026-07-15 07:11:27] Tag Change: ID '00E20047175FC068217A4701' -> Floor '27'
[2026-07-15 07:11:58] Tag flapping: suppressed 414 repeated tag-change log lines in the last 60s
[2026-07-15 07:12:27] Tag Change: ID '00E20047175FC068217A4701' -> Floor '27'
[2026-07-15 07:12:28] Tag Change: ID '00E2004718990068218DDB01' -> Floor '27'
[2026-07-15 07:12:59] Tag flapping: suppressed 408 repeated tag-change log lines in the last 60s
[2026-07-15 07:13:28] Tag Change: ID '00E200471894C068218D9701' -> Floor '26'
[2026-07-15 07:13:28] Tag Change: ID '00E20047175AC0682179F701' -> Floor '26'
[2026-07-15 07:13:28] Status Updated: Floor '26'
[2026-07-15 07:13:29] Tag Change: ID '00E20047177F3068217C3E01' -> Floor '25'
[2026-07-15 07:13:31] Tag Change: ID '00E2004717608068217A5301' -> Floor '24'
[2026-07-15 07:13:32] Tag Change: ID '00E2004718A98068218EE301' -> Floor '23'
[2026-07-15 07:13:33] Tag Change: ID '00E20047175800682179CB01' -> Floor '22'
[2026-07-15 07:13:35] Tag Change: ID '00E20047175F0068217A3B01' -> Floor '21'
[2026-07-15 07:13:35] Tag Change: ID '00E2004718BB706821900201' -> Floor '21'
[2026-07-15 07:13:35] Status Updated: Floor '21'
[2026-07-15 07:13:37] Tag Change: ID '00E2004718BC306821900E01' -> Floor '20'
[2026-07-15 07:13:38] Status Updated: Floor '20'
[2026-07-15 07:13:38] Tag Change: ID '00E20047179B8068217E0301' -> Floor '20'
[2026-07-15 07:14:00] Tag Change: ID '00E200471797C068217DC701' -> Floor '19'
[2026-07-15 07:14:00] Tag flapping: suppressed 314 repeated tag-change log lines in the last 61s
[2026-07-15 07:14:00] Status Updated: Floor '19'
[2026-07-15 07:14:01] Tag Change: ID '00E2004717AF0068217F3B01' -> Floor '18'
[2026-07-15 07:14:03] Tag Change: ID '00E20047173A40682177EF01' -> Floor '17'
[2026-07-15 07:14:03] Status Updated: Floor '17'
[2026-07-15 07:14:04] Tag Change: ID '00E2004717D890682181D401' -> Floor '16'
[2026-07-15 07:14:05] Tag Change: ID '00E20047179A4068217DEF01' -> Floor '15'
[2026-07-15 07:14:07] Tag Change: ID '00E200471795C068217DA701' -> Floor '14'
[2026-07-15 07:14:07] Tag Change: ID '00E2004717DB506821820001' -> Floor '14'
[2026-07-15 07:14:07] Status Updated: Floor '14'
[2026-07-15 07:14:08] Tag Change: ID '00E20047179AC068217DF701' -> Floor '13'
[2026-07-15 07:14:10] Tag Change: ID '00E20047173640682177AF01' -> Floor '12'
[2026-07-15 07:14:11] Tag Change: ID '00E20047173800682177CB01' -> Floor '11'
[2026-07-15 07:14:12] Tag Change: ID '00E2004718A08068218E5301' -> Floor '10'
[2026-07-15 07:14:14] Tag Change: ID '00E20047173F406821783F01' -> Floor '9'
[2026-07-15 07:14:15] Tag Change: ID '00E2004717940068217D8B01' -> Floor '8'
[2026-07-15 07:14:15] Status Updated: Floor '8'
[2026-07-15 07:14:19] Tag Change: ID '00E200471783C068217C8701' -> Floor '5'
[2026-07-15 07:14:19] Status Updated: Floor '5'
[2026-07-15 07:14:21] Tag Change: ID '00E20047177FC068217C4701' -> Floor '4'
[2026-07-15 07:14:22] Tag Change: ID '00E2004717834068217C7F01' -> Floor '3'
[2026-07-15 07:14:23] Tag Change: ID '00E2004717D650682181B001' -> Floor '2'
[2026-07-15 07:14:23] Tag Change: ID '00E20047173B00682177FB01' -> Floor '2'
[2026-07-15 07:14:24] Status Updated: Floor '2'
[2026-07-15 07:14:25] Tag Change: ID '00E2004717E0506821825001' -> Floor '1'
[2026-07-15 07:14:25] Status Updated: Floor '1'
[2026-07-15 07:14:26] Tag Change: ID '00E20047177F8068217C4301' -> Floor '0'
[2026-07-15 07:14:26] Status Updated: Floor '0'
[2026-07-15 07:14:27] Tag Change: ID '00E20047173F006821783B01' -> Floor '0'
[2026-07-15 07:15:24] Tag Change: ID '00E2004717818068217C6301' -> Floor '0'
[2026-07-15 07:15:27] Tag Change: ID '00E2004717E0506821825001' -> Floor '1'
[2026-07-15 07:15:27] Status Updated: Floor '1'
[2026-07-15 07:15:28] Tag Change: ID '00E20047173B00682177FB01' -> Floor '2'
[2026-07-15 07:15:28] Status Updated: Floor '2'
[2026-07-15 07:15:29] Tag Change: ID '00E2004717834068217C7F01' -> Floor '3'
[2026-07-15 07:15:31] Tag Change: ID '00E20047173CC06821781701' -> Floor '4'
[2026-07-15 07:15:32] Tag Change: ID '00E200471783C068217C8701' -> Floor '5'
[2026-07-15 07:15:34] Tag Change: ID '00E2004717B0C068217F5701' -> Floor '6'
[2026-07-15 07:15:35] Tag Change: ID '00E20047179B0068217DFB01' -> Floor '7'
[2026-07-15 07:15:36] Tag Change: ID '00E2004717ED906821832400' -> Floor '8'
[2026-07-15 07:15:38] Tag Change: ID '00E20047173F406821783F01' -> Floor '9'
[2026-07-15 07:15:39] Tag Change: ID '00E20047177B8068217C0301' -> Floor '10'
[2026-07-15 07:15:40] Tag Change: ID '00E20047173800682177CB01' -> Floor '11'
[2026-07-15 07:15:41] Status Updated: Floor '11'
[2026-07-15 07:15:42] Tag Change: ID '00E20047173640682177AF01' -> Floor '12'
[2026-07-15 07:15:43] Tag Change: ID '00E2004717E4506821829001' -> Floor '13'
[2026-07-15 07:15:45] Tag Change: ID '00E2004717DB506821820001' -> Floor '14'
[2026-07-15 07:15:45] Status Updated: Floor '14'
[2026-07-15 07:15:46] Tag Change: ID '00E20047179A4068217DEF01' -> Floor '15'
[2026-07-15 07:15:46] Tag Change: ID '00E2004717DB10682181FC01' -> Floor '15'
[2026-07-15 07:15:46] Status Updated: Floor '15'
[2026-07-15 07:15:47] Tag Change: ID '00E20047173FC06821784701' -> Floor '16'
[2026-07-15 07:15:47] Tag Change: ID '00E2004717D890682181D401' -> Floor '16'
[2026-07-15 07:15:48] Status Updated: Floor '16'
[2026-07-15 07:15:49] Tag Change: ID '00E2004717D4106821818C01' -> Floor '17'
[2026-07-15 07:15:50] Tag Change: ID '00E2004717AF0068217F3B01' -> Floor '18'
[2026-07-15 07:15:51] Tag Change: ID '00E200471797C068217DC701' -> Floor '19'
[2026-07-15 07:15:53] Tag Change: ID '00E20047179B8068217E0301' -> Floor '20'
[2026-07-15 07:15:54] Tag Change: ID '00E20047175F0068217A3B01' -> Floor '21'
[2026-07-15 07:15:55] Tag Change: ID '00E20047175800682179CB01' -> Floor '22'
[2026-07-15 07:15:57] Tag Change: ID '00E2004717644068217A8F01' -> Floor '23'
[2026-07-15 07:15:57] Status Updated: Floor '23'
[2026-07-15 07:15:58] Tag Change: ID '00E2004717608068217A5301' -> Floor '24'
[2026-07-15 07:15:58] Status Updated: Floor '24'
[2026-07-15 07:15:59] Tag Change: ID '00E20047177F3068217C3E01' -> Floor '25'
[2026-07-15 07:16:00] Status Updated: Floor '25'
[2026-07-15 07:16:01] Tag Change: ID '00E20047175AC0682179F701' -> Floor '26'
[2026-07-15 07:16:02] Tag Change: ID '00E20047189BC068218E0701' -> Floor '27'
[2026-07-15 07:16:04] Tag Change: ID '00E2004718990068218DDB01' -> Floor '27'
[2026-07-15 07:16:04] Status Updated: Floor '27'
[2026-07-15 07:16:04] Tag Change: ID '00E20047175FC068217A4701' -> Floor '27'
[2026-07-15 07:16:25] Tag flapping: suppressed 158 repeated tag-change log lines in the last 60s
[2026-07-15 07:17:04] Tag Change: ID '00E2004718990068218DDB01' -> Floor '27'
[2026-07-15 07:17:05] Tag Change: ID '00E20047175FC068217A4701' -> Floor '27'
[2026-07-15 07:17:25] Tag flapping: suppressed 392 repeated tag-change log lines in the last 60s
[2026-07-15 07:18:05] Tag Change: ID '00E20047175FC068217A4701' -> Floor '27'
[2026-07-15 07:18:05] Tag Change: ID '00E2004718990068218DDB01' -> Floor '27'
[2026-07-15 07:18:26] Tag flapping: suppressed 417 repeated tag-change log lines in the last 60s
[2026-07-15 07:19:05] Tag Change: ID '00E20047175FC068217A4701' -> Floor '27'
[2026-07-15 07:19:05] Tag Change: ID '00E2004718990068218DDB01' -> Floor '27'
[2026-07-15 07:19:26] Tag flapping: suppressed 403 repeated tag-change log lines in the last 60s
[2026-07-15 07:20:05] Tag Change: ID '00E20047175FC068217A4701' -> Floor '27'
[2026-07-15 07:20:05] Tag Change: ID '00E2004718990068218DDB01' -> Floor '27'
[2026-07-15 07:20:26] Tag flapping: suppressed 408 repeated tag-change log lines in the last 60s
[2026-07-15 07:21:05] Tag Change: ID '00E20047175FC068217A4701' -> Floor '27'
[2026-07-15 07:21:06] Tag Change: ID '00E2004718990068218DDB01' -> Floor '27'
[2026-07-15 07:21:26] Tag flapping: suppressed 393 repeated tag-change log lines in the last 60s
[2026-07-15 07:22:05] Tag Change: ID '00E20047175FC068217A4701' -> Floor '27'
[2026-07-15 07:22:06] Tag Change: ID '00E2004718990068218DDB01' -> Floor '27'
[2026-07-15 07:22:26] Tag flapping: suppressed 408 repeated tag-change log lines in the last 60s
[2026-07-15 07:23:05] Tag Change: ID '00E20047175FC068217A4701' -> Floor '27'
[2026-07-15 07:23:06] Tag Change: ID '00E2004718990068218DDB01' -> Floor '27'
[2026-07-15 07:23:26] Tag flapping: suppressed 388 repeated tag-change log lines in the last 60s
[2026-07-15 07:24:06] Tag Change: ID '00E20047175FC068217A4701' -> Floor '27'
[2026-07-15 07:24:06] Tag Change: ID '00E2004718990068218DDB01' -> Floor '27'
[2026-07-15 07:24:26] Tag flapping: suppressed 401 repeated tag-change log lines in the last 60s
[2026-07-15 07:25:06] Tag Change: ID '00E2004718990068218DDB01' -> Floor '27'
[2026-07-15 07:25:06] Tag Change: ID '00E20047175FC068217A4701' -> Floor '27'
[2026-07-15 07:25:27] Tag flapping: suppressed 384 repeated tag-change log lines in the last 60s
[2026-07-15 07:26:06] Tag Change: ID '00E2004718990068218DDB01' -> Floor '27'
[2026-07-15 07:26:06] Tag Change: ID '00E20047175FC068217A4701' -> Floor '27'
[2026-07-15 07:26:27] Tag flapping: suppressed 398 repeated tag-change log lines in the last 60s
[2026-07-15 07:27:06] Tag Change: ID '00E2004718990068218DDB01' -> Floor '27'
[2026-07-15 07:27:07] Tag Change: ID '00E20047175FC068217A4701' -> Floor '27'
[2026-07-15 07:27:28] Tag flapping: suppressed 401 repeated tag-change log lines in the last 60s
[2026-07-15 07:28:06] Tag Change: ID '00E2004718990068218DDB01' -> Floor '27'
[2026-07-15 07:28:07] Tag Change: ID '00E20047175FC068217A4701' -> Floor '27'
[2026-07-15 07:28:28] Tag flapping: suppressed 415 repeated tag-change log lines in the last 60s
[2026-07-15 07:29:07] Tag Change: ID '00E2004718990068218DDB01' -> Floor '27'
[2026-07-15 07:29:07] Tag Change: ID '00E20047175FC068217A4701' -> Floor '27'
[2026-07-15 07:29:28] Tag flapping: suppressed 411 repeated tag-change log lines in the last 60s
[2026-07-15 07:30:07] Tag Change: ID '00E2004718990068218DDB01' -> Floor '27'
[2026-07-15 07:30:07] Tag Change: ID '00E20047175FC068217A4701' -> Floor '27'
[2026-07-15 07:30:29] Tag flapping: suppressed 375 repeated tag-change log lines in the last 60s
[2026-07-15 07:31:07] Tag Change: ID '00E2004718990068218DDB01' -> Floor '27'
[2026-07-15 07:31:07] Tag Change: ID '00E20047175FC068217A4701' -> Floor '27'
[2026-07-15 07:31:29] Tag flapping: suppressed 418 repeated tag-change log lines in the last 60s
[2026-07-15 07:32:07] Tag Change: ID '00E2004718990068218DDB01' -> Floor '27'
[2026-07-15 07:32:07] Tag Change: ID '00E20047175FC068217A4701' -> Floor '27'
[2026-07-15 07:32:29] Tag flapping: suppressed 394 repeated tag-change log lines in the last 60s
[2026-07-15 07:33:07] Tag Change: ID '00E2004718990068218DDB01' -> Floor '27'
[2026-07-15 07:33:07] Tag Change: ID '00E20047175FC068217A4701' -> Floor '27'
[2026-07-15 07:33:29] Tag flapping: suppressed 402 repeated tag-change log lines in the last 60s
[2026-07-15 07:34:08] Tag Change: ID '00E20047175FC068217A4701' -> Floor '27'
[2026-07-15 07:34:08] Tag Change: ID '00E2004718990068218DDB01' -> Floor '27'
[2026-07-15 07:34:30] Tag flapping: suppressed 392 repeated tag-change log lines in the last 60s
[2026-07-15 07:35:08] Tag Change: ID '00E20047175FC068217A4701' -> Floor '27'
[2026-07-15 07:35:08] Tag Change: ID '00E2004718990068218DDB01' -> Floor '27'
[2026-07-15 07:35:30] Tag flapping: suppressed 391 repeated tag-change log lines in the last 60s
[2026-07-15 07:36:08] Tag Change: ID '00E2004718990068218DDB01' -> Floor '27'
[2026-07-15 07:36:08] Tag Change: ID '00E20047175FC068217A4701' -> Floor '27'
[2026-07-15 07:36:30] Tag flapping: suppressed 405 repeated tag-change log lines in the last 60s
[2026-07-15 07:37:08] Tag Change: ID '00E2004718990068218DDB01' -> Floor '27'
[2026-07-15 07:37:08] Tag Change: ID '00E20047175FC068217A4701' -> Floor '27'
[2026-07-15 07:37:30] Tag flapping: suppressed 400 repeated tag-change log lines in the last 60s
[2026-07-15 07:38:08] Tag Change: ID '00E2004718990068218DDB01' -> Floor '27'
[2026-07-15 07:38:08] Tag Change: ID '00E20047175FC068217A4701' -> Floor '27'
[2026-07-15 07:38:30] Tag flapping: suppressed 413 repeated tag-change log lines in the last 60s
[2026-07-15 07:39:08] Tag Change: ID '00E2004718990068218DDB01' -> Floor '27'
[2026-07-15 07:39:08] Tag Change: ID '00E20047175FC068217A4701' -> Floor '27'
[2026-07-15 07:39:31] Tag flapping: suppressed 391 repeated tag-change log lines in the last 60s
[2026-07-15 07:40:08] Tag Change: ID '00E2004718990068218DDB01' -> Floor '27'
[2026-07-15 07:40:09] Tag Change: ID '00E20047175FC068217A4701' -> Floor '27'
[2026-07-15 07:40:31] Tag flapping: suppressed 431 repeated tag-change log lines in the last 60s
[2026-07-15 07:41:08] Tag Change: ID '00E2004718990068218DDB01' -> Floor '27'
[2026-07-15 07:41:09] Tag Change: ID '00E20047175FC068217A4701' -> Floor '27'
[2026-07-15 07:41:31] Tag flapping: suppressed 379 repeated tag-change log lines in the last 60s
[2026-07-15 07:42:09] Tag Change: ID '00E2004718990068218DDB01' -> Floor '27'
[2026-07-15 07:42:09] Tag Change: ID '00E20047175FC068217A4701' -> Floor '27'
[2026-07-15 07:42:31] Tag flapping: suppressed 408 repeated tag-change log lines in the last 60s
[2026-07-15 07:43:09] Tag Change: ID '00E2004718990068218DDB01' -> Floor '27'
[2026-07-15 07:43:09] Tag Change: ID '00E20047175FC068217A4701' -> Floor '27'
[2026-07-15 07:43:32] Tag flapping: suppressed 420 repeated tag-change log lines in the last 60s
[2026-07-15 07:44:09] Tag Change: ID '00E2004718990068218DDB01' -> Floor '27'
[2026-07-15 07:44:09] Tag Change: ID '00E20047175FC068217A4701' -> Floor '27'
[2026-07-15 07:44:32] Tag flapping: suppressed 411 repeated tag-change log lines in the last 60s
[2026-07-15 07:45:09] Tag Change: ID '00E2004718990068218DDB01' -> Floor '27'
[2026-07-15 07:45:09] Tag Change: ID '00E20047175FC068217A4701' -> Floor '27'
[2026-07-15 07:45:32] Tag flapping: suppressed 413 repeated tag-change log lines in the last 60s
[2026-07-15 07:46:09] Tag Change: ID '00E2004718990068218DDB01' -> Floor '27'
[2026-07-15 07:46:10] Tag Change: ID '00E20047175FC068217A4701' -> Floor '27'
[2026-07-15 07:46:33] Tag flapping: suppressed 398 repeated tag-change log lines in the last 60s
[2026-07-15 07:47:09] Tag Change: ID '00E2004718990068218DDB01' -> Floor '27'
[2026-07-15 07:47:10] Tag Change: ID '00E20047175FC068217A4701' -> Floor '27'
[2026-07-15 07:47:33] Tag flapping: suppressed 411 repeated tag-change log lines in the last 60s
[2026-07-15 07:48:09] Tag Change: ID '00E2004718990068218DDB01' -> Floor '27'
[2026-07-15 07:48:10] Tag Change: ID '00E20047175FC068217A4701' -> Floor '27'
[2026-07-15 07:48:33] Tag flapping: suppressed 405 repeated tag-change log lines in the last 60s
[2026-07-15 07:49:10] Tag Change: ID '00E2004718990068218DDB01' -> Floor '27'
[2026-07-15 07:49:10] Tag Change: ID '00E20047175FC068217A4701' -> Floor '27'
[2026-07-15 07:49:33] Tag flapping: suppressed 383 repeated tag-change log lines in the last 60s
[2026-07-15 07:50:10] Tag Change: ID '00E2004718990068218DDB01' -> Floor '27'
[2026-07-15 07:50:10] Tag Change: ID '00E20047175FC068217A4701' -> Floor '27'
[2026-07-15 07:50:34] Tag flapping: suppressed 430 repeated tag-change log lines in the last 60s
[2026-07-15 07:51:10] Tag Change: ID '00E2004718990068218DDB01' -> Floor '27'
[2026-07-15 07:51:10] Tag Change: ID '00E20047175FC068217A4701' -> Floor '27'
[2026-07-15 07:51:34] Tag flapping: suppressed 423 repeated tag-change log lines in the last 60s
[2026-07-15 07:52:10] Tag Change: ID '00E2004718990068218DDB01' -> Floor '27'
[2026-07-15 07:52:10] Tag Change: ID '00E20047175FC068217A4701' -> Floor '27'
[2026-07-15 07:52:34] Tag flapping: suppressed 415 repeated tag-change log lines in the last 60s
[2026-07-15 07:53:10] Tag Change: ID '00E2004718990068218DDB01' -> Floor '27'
[2026-07-15 07:53:11] Tag Change: ID '00E20047175FC068217A4701' -> Floor '27'
[2026-07-15 07:53:34] Tag flapping: suppressed 409 repeated tag-change log lines in the last 60s
[2026-07-15 07:54:10] Tag Change: ID '00E2004718990068218DDB01' -> Floor '27'
[2026-07-15 07:54:11] Tag Change: ID '00E20047175FC068217A4701' -> Floor '27'
[2026-07-15 07:54:34] Tag flapping: suppressed 407 repeated tag-change log lines in the last 60s
[2026-07-15 07:55:10] Tag Change: ID '00E2004718990068218DDB01' -> Floor '27'
[2026-07-15 07:55:12] Tag Change: ID '00E20047175FC068217A4701' -> Floor '27'
[2026-07-15 07:55:35] Tag flapping: suppressed 398 repeated tag-change log lines in the last 60s
[2026-07-15 07:56:10] Tag Change: ID '00E2004718990068218DDB01' -> Floor '27'
[2026-07-15 07:56:12] Tag Change: ID '00E20047175FC068217A4701' -> Floor '27'
[2026-07-15 07:56:35] Tag flapping: suppressed 405 repeated tag-change log lines in the last 60s
[2026-07-15 07:57:11] Tag Change: ID '00E2004718990068218DDB01' -> Floor '27'
[2026-07-15 07:57:12] Tag Change: ID '00E20047175FC068217A4701' -> Floor '27'
[2026-07-15 07:57:35] Tag flapping: suppressed 410 repeated tag-change log lines in the last 60s
[2026-07-15 07:58:11] Tag Change: ID '00E2004718990068218DDB01' -> Floor '27'
[2026-07-15 07:58:12] Tag Change: ID '00E20047175FC068217A4701' -> Floor '27'
[2026-07-15 07:58:36] Tag flapping: suppressed 408 repeated tag-change log lines in the last 60s
[2026-07-15 07:59:11] Tag Change: ID '00E2004718990068218DDB01' -> Floor '27'
[2026-07-15 07:59:12] Tag Change: ID '00E20047175FC068217A4701' -> Floor '27'
[2026-07-15 07:59:36] Tag flapping: suppressed 413 repeated tag-change log lines in the last 60s
[2026-07-15 08:00:11] Tag Change: ID '00E2004718990068218DDB01' -> Floor '27'
[2026-07-15 08:00:12] Tag Change: ID '00E20047175FC068217A4701' -> Floor '27'
[2026-07-15 08:00:36] Tag flapping: suppressed 404 repeated tag-change log lines in the last 60s
[2026-07-15 08:01:11] Tag Change: ID '00E2004718990068218DDB01' -> Floor '27'
[2026-07-15 08:01:12] Tag Change: ID '00E20047175FC068217A4701' -> Floor '27'
[2026-07-15 08:01:37] Tag flapping: suppressed 411 repeated tag-change log lines in the last 60s
[2026-07-15 08:02:11] Tag Change: ID '00E2004718990068218DDB01' -> Floor '27'
[2026-07-15 08:02:13] Tag Change: ID '00E20047175FC068217A4701' -> Floor '27'
[2026-07-15 08:02:37] Tag flapping: suppressed 417 repeated tag-change log lines in the last 60s
[2026-07-15 08:03:12] Tag Change: ID '00E2004718990068218DDB01' -> Floor '27'
[2026-07-15 08:03:13] Tag Change: ID '00E20047175FC068217A4701' -> Floor '27'
[2026-07-15 08:03:21] Tag Change: ID '00E200471894C068218D9701' -> Floor '26'
[2026-07-15 08:03:21] Status Updated: Floor '26'
[2026-07-15 08:03:23] Tag Change: ID '00E20047177F3068217C3E01' -> Floor '25'
[2026-07-15 08:03:24] Tag Change: ID '00E2004717608068217A5301' -> Floor '24'
[2026-07-15 08:03:24] Status Updated: Floor '24'
[2026-07-15 08:03:25] Tag Change: ID '00E2004717644068217A8F01' -> Floor '23'
[2026-07-15 08:03:26] Status Updated: Floor '23'
[2026-07-15 08:03:27] Tag Change: ID '00E20047175800682179CB01' -> Floor '22'
[2026-07-15 08:03:28] Tag Change: ID '00E20047175F0068217A3B01' -> Floor '21'
[2026-07-15 08:03:29] Tag Change: ID '00E20047179B8068217E0301' -> Floor '20'
[2026-07-15 08:03:32] Tag Change: ID '00E2004718C1706821906201' -> Floor '19'
[2026-07-15 08:03:32] Status Updated: Floor '19'
[2026-07-15 08:03:32] Tag Change: ID '00E200471797C068217DC701' -> Floor '19'
[2026-07-15 08:03:37] Tag flapping: suppressed 324 repeated tag-change log lines in the last 60s
[2026-07-15 08:03:50] Tag Change: ID '00E2004717AF0068217F3B01' -> Floor '18'
[2026-07-15 08:03:51] Tag Change: ID '00E20047173A40682177EF01' -> Floor '17'
[2026-07-15 08:03:52] Status Updated: Floor '17'
[2026-07-15 08:03:53] Tag Change: ID '00E2004717D890682181D401' -> Floor '16'
[2026-07-15 08:03:53] Tag Change: ID '00E20047173FC06821784701' -> Floor '16'
[2026-07-15 08:03:53] Status Updated: Floor '16'
[2026-07-15 08:03:54] Tag Change: ID '00E2004717DB10682181FC01' -> Floor '15'
[2026-07-15 08:03:54] Tag Change: ID '00E20047179A4068217DEF01' -> Floor '15'
[2026-07-15 08:03:55] Status Updated: Floor '15'
[2026-07-15 08:03:56] Tag Change: ID '00E200471795C068217DA701' -> Floor '14'
[2026-07-15 08:03:57] Tag Change: ID '00E2004717E4506821829001' -> Floor '13'
[2026-07-15 08:03:58] Tag Change: ID '00E2004717DF906821824401' -> Floor '12'
[2026-07-15 08:04:00] Tag Change: ID '00E20047173800682177CB01' -> Floor '11'
[2026-07-15 08:04:01] Tag Change: ID '00E20047177B8068217C0301' -> Floor '10'
[2026-07-15 08:04:01] Status Updated: Floor '10'
[2026-07-15 08:04:03] Tag Change: ID '00E20047173F406821783F01' -> Floor '9'
[2026-07-15 08:04:05] Tag Change: ID '00E20047179B0068217DFB01' -> Floor '7'
[2026-07-15 08:04:06] Status Updated: Floor '7'
[2026-07-15 08:04:07] Tag Change: ID '00E2004717B0C068217F5701' -> Floor '6'
[2026-07-15 08:04:08] Tag Change: ID '00E200471783C068217C8701' -> Floor '5'
[2026-07-15 08:04:08] Tag Change: ID '00E20047173A80682177F301' -> Floor '5'
[2026-07-15 08:04:08] Status Updated: Floor '5'
[2026-07-15 08:04:09] Tag Change: ID '00E20047173CC06821781701' -> Floor '4'
[2026-07-15 08:04:10] Status Updated: Floor '4'
[2026-07-15 08:04:12] Tag Change: ID '00E20047173B00682177FB01' -> Floor '2'
[2026-07-15 08:04:14] Tag Change: ID '00E2004717E0506821825001' -> Floor '1'
[2026-07-15 08:04:14] Status Updated: Floor '1'
[2026-07-15 08:04:15] Tag Change: ID '00E20047177F8068217C4301' -> Floor '0'
[2026-07-15 08:04:18] Tag Change: ID '00E20047173F006821783B01' -> Floor '0'
[2026-07-15 08:04:18] Status Updated: Floor '0'
[2026-07-15 08:04:18] Tag Change: ID '00E2004717818068217C6301' -> Floor '0'
[2026-07-15 08:05:25] Tag Change: ID '00E20047177F8068217C4301' -> Floor '0'
[2026-07-15 08:05:25] Tag flapping: suppressed 202 repeated tag-change log lines in the last 108s
[2026-07-15 08:05:26] Tag Change: ID '00E2004717E0506821825001' -> Floor '1'
[2026-07-15 08:05:27] Status Updated: Floor '1'
[2026-07-15 08:05:28] Tag Change: ID '00E2004717D650682181B001' -> Floor '2'
[2026-07-15 08:05:28] Tag Change: ID '00E20047173B00682177FB01' -> Floor '2'
[2026-07-15 08:05:28] Status Updated: Floor '2'
[2026-07-15 08:05:29] Tag Change: ID '00E2004717834068217C7F01' -> Floor '3'
[2026-07-15 08:05:31] Tag Change: ID '00E20047173CC06821781701' -> Floor '4'
[2026-07-15 08:05:32] Tag Change: ID '00E20047173A80682177F301' -> Floor '5'
[2026-07-15 08:05:32] Status Updated: Floor '5'
[2026-07-15 08:05:33] Tag Change: ID '00E2004717B0C068217F5701' -> Floor '6'
[2026-07-15 08:05:35] Tag Change: ID '00E20047179B0068217DFB01' -> Floor '7'
[2026-07-15 08:05:35] Status Updated: Floor '7'
[2026-07-15 08:05:36] Tag Change: ID '00E2004717940068217D8B01' -> Floor '8'
[2026-07-15 08:05:38] Tag Change: ID '00E20047173F406821783F01' -> Floor '9'
[2026-07-15 08:05:39] Tag Change: ID '00E2004718A08068218E5301' -> Floor '10'
[2026-07-15 08:05:39] Status Updated: Floor '10'
[2026-07-15 08:05:40] Tag Change: ID '00E20047173800682177CB01' -> Floor '11'
[2026-07-15 08:05:41] Status Updated: Floor '11'
[2026-07-15 08:05:42] Tag Change: ID '00E20047173640682177AF01' -> Floor '12'
[2026-07-15 08:05:42] Status Updated: Floor '12'
[2026-07-15 08:05:43] Tag Change: ID '00E20047179AC068217DF701' -> Floor '13'
[2026-07-15 08:05:45] Tag Change: ID '00E2004717DB506821820001' -> Floor '14'
[2026-07-15 08:05:46] Tag Change: ID '00E20047179A4068217DEF01' -> Floor '15'
[2026-07-15 08:05:46] Tag Change: ID '00E2004717DB10682181FC01' -> Floor '15'
[2026-07-15 08:05:47] Status Updated: Floor '15'
[2026-07-15 08:05:47] Tag Change: ID '00E20047173FC06821784701' -> Floor '16'
[2026-07-15 08:05:47] Status Updated: Floor '16'
[2026-07-15 08:05:49] Tag Change: ID '00E2004717D4106821818C01' -> Floor '17'
[2026-07-15 08:05:49] Tag Change: ID '00E20047173A40682177EF01' -> Floor '17'
[2026-07-15 08:05:49] Status Updated: Floor '17'
[2026-07-15 08:05:50] Tag Change: ID '00E2004717AF0068217F3B01' -> Floor '18'
[2026-07-15 08:05:51] Tag Change: ID '00E200471797C068217DC701' -> Floor '19'
[2026-07-15 08:05:51] Tag Change: ID '00E2004718C1706821906201' -> Floor '19'
[2026-07-15 08:05:52] Status Updated: Floor '19'
[2026-07-15 08:05:53] Tag Change: ID '00E20047179B8068217E0301' -> Floor '20'
[2026-07-15 08:05:53] Status Updated: Floor '20'
[2026-07-15 08:05:54] Tag Change: ID '00E2004718BB706821900201' -> Floor '21'
[2026-07-15 08:05:55] Tag Change: ID '00E2004718B87068218FD201' -> Floor '22'
[2026-07-15 08:05:57] Tag Change: ID '00E2004718A98068218EE301' -> Floor '23'
[2026-07-15 08:05:58] Tag Change: ID '00E2004717608068217A5301' -> Floor '24'
[2026-07-15 08:05:58] Status Updated: Floor '24'
[2026-07-15 08:05:59] Tag Change: ID '00E20047177F3068217C3E01' -> Floor '25'
[2026-07-15 08:06:01] Tag Change: ID '00E200471894C068218D9701' -> Floor '26'
[2026-07-15 08:06:01] Status Updated: Floor '26'
[2026-07-15 08:06:03] Tag Change: ID '00E2004718990068218DDB01' -> Floor '27'
[2026-07-15 08:06:03] Tag Change: ID '00E20047175FC068217A4701' -> Floor '27'
[2026-07-15 08:06:04] Status Updated: Floor '27'
[2026-07-15 08:07:03] Tag Change: ID '00E2004718990068218DDB01' -> Floor '27'
[2026-07-15 08:07:04] Tag Change: ID '00E20047175FC068217A4701' -> Floor '27'
[2026-07-15 08:07:04] Tag flapping: suppressed 418 repeated tag-change log lines in the last 60s
[2026-07-15 08:08:03] Tag Change: ID '00E2004718990068218DDB01' -> Floor '27'
[2026-07-15 08:08:04] Tag Change: ID '00E20047175FC068217A4701' -> Floor '27'
[2026-07-15 08:08:04] Tag flapping: suppressed 384 repeated tag-change log lines in the last 60s
[2026-07-15 08:09:04] Tag Change: ID '00E2004718990068218DDB01' -> Floor '27'
[2026-07-15 08:09:04] Tag Change: ID '00E20047175FC068217A4701' -> Floor '27'
[2026-07-15 08:09:04] Tag flapping: suppressed 402 repeated tag-change log lines in the last 60s
[2026-07-15 08:10:04] Tag Change: ID '00E2004718990068218DDB01' -> Floor '27'
[2026-07-15 08:10:04] Tag Change: ID '00E20047175FC068217A4701' -> Floor '27'
[2026-07-15 08:10:04] Tag flapping: suppressed 395 repeated tag-change log lines in the last 60s
[2026-07-15 08:11:04] Tag Change: ID '00E2004718990068218DDB01' -> Floor '27'
[2026-07-15 08:11:05] Tag Change: ID '00E20047175FC068217A4701' -> Floor '27'
[2026-07-15 08:11:05] Tag flapping: suppressed 373 repeated tag-change log lines in the last 60s
[2026-07-15 08:12:04] Tag Change: ID '00E2004718990068218DDB01' -> Floor '27'
[2026-07-15 08:12:05] Tag Change: ID '00E20047175FC068217A4701' -> Floor '27'
[2026-07-15 08:12:05] Tag flapping: suppressed 372 repeated tag-change log lines in the last 60s
[2026-07-15 08:13:04] Tag Change: ID '00E2004718990068218DDB01' -> Floor '27'
[2026-07-15 08:13:05] Tag Change: ID '00E20047175FC068217A4701' -> Floor '27'
[2026-07-15 08:13:05] Tag flapping: suppressed 405 repeated tag-change log lines in the last 60s
[2026-07-15 08:14:05] Tag Change: ID '00E2004718990068218DDB01' -> Floor '27'
[2026-07-15 08:14:05] Tag Change: ID '00E20047175FC068217A4701' -> Floor '27'
[2026-07-15 08:14:05] Tag flapping: suppressed 408 repeated tag-change log lines in the last 60s
[2026-07-15 08:15:05] Tag Change: ID '00E2004718990068218DDB01' -> Floor '27'
[2026-07-15 08:15:05] Tag Change: ID '00E20047175FC068217A4701' -> Floor '27'
[2026-07-15 08:15:06] Tag flapping: suppressed 419 repeated tag-change log lines in the last 60s
[2026-07-15 08:16:05] Tag Change: ID '00E2004718990068218DDB01' -> Floor '27'
[2026-07-15 08:16:05] Tag Change: ID '00E20047175FC068217A4701' -> Floor '27'
[2026-07-15 08:16:06] Tag flapping: suppressed 402 repeated tag-change log lines in the last 60s
[2026-07-15 08:17:05] Tag Change: ID '00E2004718990068218DDB01' -> Floor '27'
[2026-07-15 08:17:06] Tag Change: ID '00E20047175FC068217A4701' -> Floor '27'
[2026-07-15 08:17:06] Tag flapping: suppressed 406 repeated tag-change log lines in the last 60s
[2026-07-15 08:18:05] Tag Change: ID '00E2004718990068218DDB01' -> Floor '27'
[2026-07-15 08:18:06] Tag Change: ID '00E20047175FC068217A4701' -> Floor '27'
[2026-07-15 08:18:07] Tag flapping: suppressed 407 repeated tag-change log lines in the last 60s
[2026-07-15 08:19:05] Tag Change: ID '00E2004718990068218DDB01' -> Floor '27'
[2026-07-15 08:19:06] Tag Change: ID '00E20047175FC068217A4701' -> Floor '27'
[2026-07-15 08:19:07] Tag flapping: suppressed 413 repeated tag-change log lines in the last 60s
[2026-07-15 08:20:06] Tag Change: ID '00E2004718990068218DDB01' -> Floor '27'
[2026-07-15 08:20:06] Tag Change: ID '00E20047175FC068217A4701' -> Floor '27'
[2026-07-15 08:20:07] Tag flapping: suppressed 400 repeated tag-change log lines in the last 60s
[2026-07-15 08:21:06] Tag Change: ID '00E2004718990068218DDB01' -> Floor '27'
[2026-07-15 08:21:06] Tag Change: ID '00E20047175FC068217A4701' -> Floor '27'
[2026-07-15 08:21:07] Tag flapping: suppressed 425 repeated tag-change log lines in the last 60s
[2026-07-15 08:22:06] Tag Change: ID '00E2004718990068218DDB01' -> Floor '27'
[2026-07-15 08:22:06] Tag Change: ID '00E20047175FC068217A4701' -> Floor '27'
[2026-07-15 08:22:07] Tag flapping: suppressed 403 repeated tag-change log lines in the last 60s
[2026-07-15 08:23:06] Tag Change: ID '00E2004718990068218DDB01' -> Floor '27'
[2026-07-15 08:23:07] Tag Change: ID '00E20047175FC068217A4701' -> Floor '27'
[2026-07-15 08:23:08] Tag flapping: suppressed 395 repeated tag-change log lines in the last 60s
[2026-07-15 08:24:06] Tag Change: ID '00E2004718990068218DDB01' -> Floor '27'
[2026-07-15 08:24:08] Tag Change: ID '00E20047175FC068217A4701' -> Floor '27'
[2026-07-15 08:24:08] Tag flapping: suppressed 372 repeated tag-change log lines in the last 60s
[2026-07-15 08:25:06] Tag Change: ID '00E2004718990068218DDB01' -> Floor '27'
[2026-07-15 08:25:08] Tag Change: ID '00E20047175FC068217A4701' -> Floor '27'
[2026-07-15 08:25:08] Tag flapping: suppressed 387 repeated tag-change log lines in the last 60s
[2026-07-15 08:26:06] Tag Change: ID '00E2004718990068218DDB01' -> Floor '27'
[2026-07-15 08:26:08] Tag Change: ID '00E20047175FC068217A4701' -> Floor '27'
[2026-07-15 08:26:08] Tag flapping: suppressed 415 repeated tag-change log lines in the last 60s
[2026-07-15 08:27:07] Tag Change: ID '00E2004718990068218DDB01' -> Floor '27'
[2026-07-15 08:27:08] Tag Change: ID '00E20047175FC068217A4701' -> Floor '27'
[2026-07-15 08:27:08] Tag flapping: suppressed 397 repeated tag-change log lines in the last 60s
[2026-07-15 08:28:07] Tag Change: ID '00E2004718990068218DDB01' -> Floor '27'
[2026-07-15 08:28:09] Tag Change: ID '00E20047175FC068217A4701' -> Floor '27'
[2026-07-15 08:28:09] Tag flapping: suppressed 396 repeated tag-change log lines in the last 60s
[2026-07-15 08:29:07] Tag Change: ID '00E2004718990068218DDB01' -> Floor '27'
[2026-07-15 08:29:09] Tag Change: ID '00E20047175FC068217A4701' -> Floor '27'
[2026-07-15 08:29:09] Tag flapping: suppressed 423 repeated tag-change log lines in the last 60s
[2026-07-15 08:30:09] Tag Change: ID '00E200471894C068218D9701' -> Floor '26'
[2026-07-15 08:30:09] Tag flapping: suppressed 394 repeated tag-change log lines in the last 60s
[2026-07-15 08:30:09] Status Updated: Floor '26'
[2026-07-15 08:30:11] Tag Change: ID '00E20047177F3068217C3E01' -> Floor '25'
[2026-07-15 08:30:12] Tag Change: ID '00E2004717608068217A5301' -> Floor '24'
[2026-07-15 08:30:13] Tag Change: ID '00E2004718A98068218EE301' -> Floor '23'
[2026-07-15 08:30:14] Status Updated: Floor '23'
[2026-07-15 08:30:16] Tag Change: ID '00E2004718BB706821900201' -> Floor '21'
[2026-07-15 08:30:16] Tag Change: ID '00E20047175F0068217A3B01' -> Floor '21'
[2026-07-15 08:30:16] Status Updated: Floor '21'
[2026-07-15 08:30:17] Tag Change: ID '00E2004718BC306821900E01' -> Floor '20'
[2026-07-15 08:30:19] Tag Change: ID '00E200471797C068217DC701' -> Floor '19'
[2026-07-15 08:30:20] Tag Change: ID '00E2004718A5C068218EA701' -> Floor '18'
[2026-07-15 08:30:20] Tag Change: ID '00E2004717AF0068217F3B01' -> Floor '18'
[2026-07-15 08:30:20] Status Updated: Floor '18'
[2026-07-15 08:30:21] Tag Change: ID '00E2004717D4106821818C01' -> Floor '17'
[2026-07-15 08:30:21] Status Updated: Floor '17'
[2026-07-15 08:30:23] Tag Change: ID '00E20047173FC06821784701' -> Floor '16'
[2026-07-15 08:30:23] Status Updated: Floor '16'
[2026-07-15 08:30:24] Tag Change: ID '00E2004717DB10682181FC01' -> Floor '15'
[2026-07-15 08:30:24] Tag Change: ID '00E20047179A4068217DEF01' -> Floor '15'
[2026-07-15 08:30:24] Status Updated: Floor '15'
[2026-07-15 08:30:25] Tag Change: ID '00E200471795C068217DA701' -> Floor '14'
[2026-07-15 08:30:27] Tag Change: ID '00E2004717E4506821829001' -> Floor '13'
[2026-07-15 08:30:28] Tag Change: ID '00E2004717DF906821824401' -> Floor '12'
[2026-07-15 08:30:29] Tag Change: ID '00E20047173800682177CB01' -> Floor '11'
[2026-07-15 08:30:30] Status Updated: Floor '11'
[2026-07-15 08:30:31] Tag Change: ID '00E2004718A08068218E5301' -> Floor '10'
[2026-07-15 08:30:32] Tag Change: ID '00E2004717ED506821832001' -> Floor '9'
[2026-07-15 08:30:32] Status Updated: Floor '9'
[2026-07-15 08:30:34] Tag Change: ID '00E2004717940068217D8B01' -> Floor '8'
[2026-07-15 08:30:35] Tag Change: ID '00E20047179B0068217DFB01' -> Floor '7'
[2026-07-15 08:30:36] Tag Change: ID '00E2004717B0C068217F5701' -> Floor '6'
[2026-07-15 08:30:37] Status Updated: Floor '6'
[2026-07-15 08:30:38] Tag Change: ID '00E20047173A80682177F301' -> Floor '5'
[2026-07-15 08:30:39] Tag Change: ID '00E20047177FC068217C4701' -> Floor '4'
[2026-07-15 08:30:41] Tag Change: ID '00E2004717834068217C7F01' -> Floor '3'
[2026-07-15 08:30:42] Tag Change: ID '00E20047173B00682177FB01' -> Floor '2'
[2026-07-15 08:30:42] Tag Change: ID '00E2004717D650682181B001' -> Floor '2'
[2026-07-15 08:30:42] Status Updated: Floor '2'
[2026-07-15 08:30:43] Tag Change: ID '00E2004717E0506821825001' -> Floor '1'
[2026-07-15 08:30:44] Status Updated: Floor '1'
[2026-07-15 08:30:45] Tag Change: ID '00E20047177F8068217C4301' -> Floor '0'
[2026-07-15 08:30:45] Status Updated: Floor '0'
[2026-07-15 08:30:47] Tag Change: ID '00E20047173F006821783B01' -> Floor '0'
[2026-07-15 08:30:47] Tag Change: ID '00E2004717818068217C6301' -> Floor '0'
[2026-07-15 08:31:55] Tag Change: ID '00E2004717818068217C6301' -> Floor '0'
[2026-07-15 08:31:55] Tag flapping: suppressed 125 repeated tag-change log lines in the last 66s
[2026-07-15 08:31:56] Tag Change: ID '00E20047177F8068217C4301' -> Floor '0'
[2026-07-15 08:31:57] Tag Change: ID '00E20047173780682177C301' -> Floor '1'
[2026-07-15 08:31:59] Tag Change: ID '00E20047173B00682177FB01' -> Floor '2'
[2026-07-15 08:31:59] Tag Change: ID '00E2004717D650682181B001' -> Floor '2'
[2026-07-15 08:31:59] Status Updated: Floor '2'
[2026-07-15 08:32:00] Tag Change: ID '00E2004717834068217C7F01' -> Floor '3'
[2026-07-15 08:32:03] Tag Change: ID '00E200471783C068217C8701' -> Floor '5'
[2026-07-15 08:32:03] Tag Change: ID '00E20047173A80682177F301' -> Floor '5'
[2026-07-15 08:32:03] Status Updated: Floor '5'
[2026-07-15 08:32:04] Tag Change: ID '00E2004717B0C068217F5701' -> Floor '6'
[2026-07-15 08:32:06] Tag Change: ID '00E20047179B0068217DFB01' -> Floor '7'
[2026-07-15 08:32:07] Tag Change: ID '00E2004717ED906821832400' -> Floor '8'
[2026-07-15 08:32:07] Tag Change: ID '00E2004717940068217D8B01' -> Floor '8'
[2026-07-15 08:32:07] Status Updated: Floor '8'
[2026-07-15 08:32:08] Tag Change: ID '00E20047173F406821783F01' -> Floor '9'
[2026-07-15 08:32:10] Tag Change: ID '00E2004718A08068218E5301' -> Floor '10'
[2026-07-15 08:32:10] Status Updated: Floor '10'
[2026-07-15 08:32:11] Tag Change: ID '00E20047173800682177CB01' -> Floor '11'
[2026-07-15 08:32:11] Status Updated: Floor '11'
[2026-07-15 08:32:12] Tag Change: ID '00E20047173640682177AF01' -> Floor '12'
[2026-07-15 08:32:14] Tag Change: ID '00E20047179AC068217DF701' -> Floor '13'
[2026-07-15 08:32:15] Tag Change: ID '00E200471795C068217DA701' -> Floor '14'
[2026-07-15 08:32:17] Tag Change: ID '00E2004717DB10682181FC01' -> Floor '15'
[2026-07-15 08:32:18] Tag Change: ID '00E2004717D890682181D401' -> Floor '16'
[2026-07-15 08:32:18] Tag Change: ID '00E20047173FC06821784701' -> Floor '16'
[2026-07-15 08:32:18] Status Updated: Floor '16'
[2026-07-15 08:32:19] Tag Change: ID '00E20047173A40682177EF01' -> Floor '17'
[2026-07-15 08:32:21] Tag Change: ID '00E2004717AF0068217F3B01' -> Floor '18'
[2026-07-15 08:32:22] Tag Change: ID '00E2004718C1706821906201' -> Floor '19'
[2026-07-15 08:32:23] Tag Change: ID '00E20047179B8068217E0301' -> Floor '20'
[2026-07-15 08:32:25] Tag Change: ID '00E20047175F0068217A3B01' -> Floor '21'
[2026-07-15 08:32:25] Tag Change: ID '00E2004718BB706821900201' -> Floor '21'
[2026-07-15 08:32:25] Status Updated: Floor '21'
[2026-07-15 08:32:27] Tag Change: ID '00E2004718A98068218EE301' -> Floor '23'
[2026-07-15 08:32:28] Status Updated: Floor '23'
[2026-07-15 08:32:29] Tag Change: ID '00E2004717608068217A5301' -> Floor '24'
[2026-07-15 08:32:30] Tag Change: ID '00E20047177F3068217C3E01' -> Floor '25'
[2026-07-15 08:32:31] Tag Change: ID '00E20047175AC0682179F701' -> Floor '26'
[2026-07-15 08:32:32] Tag Change: ID '00E200471894C068218D9701' -> Floor '26'
[2026-07-15 08:32:32] Status Updated: Floor '26'
[2026-07-15 08:32:34] Tag Change: ID '00E20047175FC068217A4701' -> Floor '27'
[2026-07-15 08:32:34] Tag Change: ID '00E2004718990068218DDB01' -> Floor '27'
[2026-07-15 08:32:34] Status Updated: Floor '27'
[2026-07-15 08:33:34] Tag Change: ID '00E20047175FC068217A4701' -> Floor '27'
[2026-07-15 08:33:34] Tag Change: ID '00E2004718990068218DDB01' -> Floor '27'
[2026-07-15 08:33:35] Tag flapping: suppressed 431 repeated tag-change log lines in the last 60s
[2026-07-15 08:34:35] Tag Change: ID '00E20047175FC068217A4701' -> Floor '27'
[2026-07-15 08:34:35] Tag Change: ID '00E2004718990068218DDB01' -> Floor '27'
[2026-07-15 08:34:35] Tag flapping: suppressed 403 repeated tag-change log lines in the last 60s
[2026-07-15 08:35:35] Tag Change: ID '00E20047175FC068217A4701' -> Floor '27'
[2026-07-15 08:35:35] Tag Change: ID '00E2004718990068218DDB01' -> Floor '27'
[2026-07-15 08:35:35] Tag flapping: suppressed 377 repeated tag-change log lines in the last 60s
[2026-07-15 08:36:35] Tag Change: ID '00E20047175FC068217A4701' -> Floor '27'
[2026-07-15 08:36:35] Tag Change: ID '00E2004718990068218DDB01' -> Floor '27'
[2026-07-15 08:36:35] Tag flapping: suppressed 418 repeated tag-change log lines in the last 60s
[2026-07-15 08:37:35] Tag Change: ID '00E20047175FC068217A4701' -> Floor '27'
[2026-07-15 08:37:35] Tag Change: ID '00E2004718990068218DDB01' -> Floor '27'
[2026-07-15 08:37:36] Tag flapping: suppressed 390 repeated tag-change log lines in the last 60s
[2026-07-15 08:38:35] Tag Change: ID '00E20047175FC068217A4701' -> Floor '27'
[2026-07-15 08:38:35] Tag Change: ID '00E2004718990068218DDB01' -> Floor '27'
[2026-07-15 08:38:36] Tag flapping: suppressed 400 repeated tag-change log lines in the last 60s
[2026-07-15 08:39:35] Tag Change: ID '00E20047175FC068217A4701' -> Floor '27'
[2026-07-15 08:39:36] Tag Change: ID '00E2004718990068218DDB01' -> Floor '27'
[2026-07-15 08:39:36] Tag flapping: suppressed 389 repeated tag-change log lines in the last 60s
[2026-07-15 08:40:36] Tag Change: ID '00E20047175FC068217A4701' -> Floor '27'
[2026-07-15 08:40:36] Tag Change: ID '00E2004718990068218DDB01' -> Floor '27'
[2026-07-15 08:40:37] Tag flapping: suppressed 427 repeated tag-change log lines in the last 60s
[2026-07-15 08:41:36] Tag Change: ID '00E20047175FC068217A4701' -> Floor '27'
[2026-07-15 08:41:36] Tag Change: ID '00E2004718990068218DDB01' -> Floor '27'
[2026-07-15 08:41:37] Tag flapping: suppressed 397 repeated tag-change log lines in the last 60s
[2026-07-15 08:42:36] Tag Change: ID '00E20047175FC068217A4701' -> Floor '27'
[2026-07-15 08:42:36] Tag Change: ID '00E2004718990068218DDB01' -> Floor '27'
[2026-07-15 08:42:37] Tag flapping: suppressed 387 repeated tag-change log lines in the last 60s
[2026-07-15 08:43:36] Tag Change: ID '00E20047175FC068217A4701' -> Floor '27'
[2026-07-15 08:43:36] Tag Change: ID '00E2004718990068218DDB01' -> Floor '27'
[2026-07-15 08:43:38] Tag flapping: suppressed 425 repeated tag-change log lines in the last 60s
[2026-07-15 08:44:36] Tag Change: ID '00E20047175FC068217A4701' -> Floor '27'
[2026-07-15 08:44:36] Tag Change: ID '00E2004718990068218DDB01' -> Floor '27'
[2026-07-15 08:44:38] Tag flapping: suppressed 425 repeated tag-change log lines in the last 60s
[2026-07-15 08:45:36] Tag Change: ID '00E20047175FC068217A4701' -> Floor '27'
[2026-07-15 08:45:36] Tag Change: ID '00E2004718990068218DDB01' -> Floor '27'
[2026-07-15 08:45:38] Tag flapping: suppressed 405 repeated tag-change log lines in the last 60s
[2026-07-15 08:46:36] Tag Change: ID '00E2004718990068218DDB01' -> Floor '27'
[2026-07-15 08:46:37] Tag Change: ID '00E20047175FC068217A4701' -> Floor '27'
[2026-07-15 08:46:38] Tag flapping: suppressed 404 repeated tag-change log lines in the last 60s
[2026-07-15 08:47:36] Tag Change: ID '00E2004718990068218DDB01' -> Floor '27'
[2026-07-15 08:47:37] Tag Change: ID '00E20047175FC068217A4701' -> Floor '27'
[2026-07-15 08:47:39] Tag flapping: suppressed 409 repeated tag-change log lines in the last 60s
[2026-07-15 08:48:37] Tag Change: ID '00E2004718990068218DDB01' -> Floor '27'
[2026-07-15 08:48:37] Tag Change: ID '00E20047175FC068217A4701' -> Floor '27'
[2026-07-15 08:48:39] Tag flapping: suppressed 390 repeated tag-change log lines in the last 60s
[2026-07-15 08:49:37] Tag Change: ID '00E2004718990068218DDB01' -> Floor '27'
[2026-07-15 08:49:37] Tag Change: ID '00E20047175FC068217A4701' -> Floor '27'
[2026-07-15 08:49:39] Tag flapping: suppressed 402 repeated tag-change log lines in the last 60s
[2026-07-15 08:50:37] Tag Change: ID '00E2004718990068218DDB01' -> Floor '27'
[2026-07-15 08:50:37] Tag Change: ID '00E20047175FC068217A4701' -> Floor '27'
[2026-07-15 08:50:39] Tag flapping: suppressed 419 repeated tag-change log lines in the last 60s
[2026-07-15 08:51:37] Tag Change: ID '00E2004718990068218DDB01' -> Floor '27'
[2026-07-15 08:51:38] Tag Change: ID '00E20047175FC068217A4701' -> Floor '27'
[2026-07-15 08:51:39] Tag flapping: suppressed 375 repeated tag-change log lines in the last 60s
[2026-07-15 08:52:37] Tag Change: ID '00E2004718990068218DDB01' -> Floor '27'
[2026-07-15 08:52:38] Tag Change: ID '00E20047175FC068217A4701' -> Floor '27'
[2026-07-15 08:52:40] Tag flapping: suppressed 404 repeated tag-change log lines in the last 60s
[2026-07-15 08:53:37] Tag Change: ID '00E2004718990068218DDB01' -> Floor '27'
[2026-07-15 08:53:38] Tag Change: ID '00E20047175FC068217A4701' -> Floor '27'
[2026-07-15 08:53:40] Tag flapping: suppressed 377 repeated tag-change log lines in the last 60s
[2026-07-15 08:54:37] Tag Change: ID '00E2004718990068218DDB01' -> Floor '27'
[2026-07-15 08:54:38] Tag Change: ID '00E20047175FC068217A4701' -> Floor '27'
[2026-07-15 08:54:40] Tag flapping: suppressed 415 repeated tag-change log lines in the last 60s
[2026-07-15 08:55:37] Tag Change: ID '00E2004718990068218DDB01' -> Floor '27'
[2026-07-15 08:55:39] Tag Change: ID '00E20047175FC068217A4701' -> Floor '27'
[2026-07-15 08:55:40] Tag flapping: suppressed 436 repeated tag-change log lines in the last 60s
[2026-07-15 08:56:38] Tag Change: ID '00E2004718990068218DDB01' -> Floor '27'
[2026-07-15 08:56:39] Tag Change: ID '00E20047175FC068217A4701' -> Floor '27'
[2026-07-15 08:56:40] Tag flapping: suppressed 399 repeated tag-change log lines in the last 60s
[2026-07-15 08:57:38] Tag Change: ID '00E2004718990068218DDB01' -> Floor '27'
[2026-07-15 08:57:39] Tag Change: ID '00E20047175FC068217A4701' -> Floor '27'
[2026-07-15 08:57:41] Tag flapping: suppressed 411 repeated tag-change log lines in the last 60s
[2026-07-15 08:58:38] Tag Change: ID '00E2004718990068218DDB01' -> Floor '27'
[2026-07-15 08:58:39] Tag Change: ID '00E20047175FC068217A4701' -> Floor '27'
[2026-07-15 08:58:41] Tag flapping: suppressed 410 repeated tag-change log lines in the last 60s
[2026-07-15 08:59:38] Tag Change: ID '00E2004718990068218DDB01' -> Floor '27'
[2026-07-15 08:59:39] Tag Change: ID '00E20047175FC068217A4701' -> Floor '27'
[2026-07-15 08:59:41] Tag flapping: suppressed 409 repeated tag-change log lines in the last 60s
[2026-07-15 09:00:01] Tag Change: ID '00E200471894C068218D9701' -> Floor '26'
[2026-07-15 09:00:01] Tag Change: ID '00E20047175AC0682179F701' -> Floor '26'
[2026-07-15 09:00:01] Status Updated: Floor '26'
[2026-07-15 09:00:02] Tag Change: ID '00E20047177F3068217C3E01' -> Floor '25'
[2026-07-15 09:00:02] Status Updated: Floor '25'
[2026-07-15 09:00:04] Tag Change: ID '00E2004718A0C068218E5701' -> Floor '24'
[2026-07-15 09:00:05] Tag Change: ID '00E2004717644068217A8F01' -> Floor '23'
[2026-07-15 09:00:05] Status Updated: Floor '23'
[2026-07-15 09:00:06] Tag Change: ID '00E20047175800682179CB01' -> Floor '22'
[2026-07-15 09:00:08] Tag Change: ID '00E2004718BB706821900201' -> Floor '21'
[2026-07-15 09:00:08] Status Updated: Floor '21'
[2026-07-15 09:00:09] Tag Change: ID '00E2004718BC306821900E01' -> Floor '20'
[2026-07-15 09:00:09] Status Updated: Floor '20'
[2026-07-15 09:00:10] Tag Change: ID '00E200471797C068217DC701' -> Floor '19'
[2026-07-15 09:00:10] Tag Change: ID '00E2004718C1706821906201' -> Floor '19'
[2026-07-15 09:00:10] Status Updated: Floor '19'
[2026-07-15 09:00:11] Tag Change: ID '00E2004717AF0068217F3B01' -> Floor '18'
[2026-07-15 09:00:13] Tag Change: ID '00E2004717D4106821818C01' -> Floor '17'
[2026-07-15 09:00:14] Tag Change: ID '00E2004717D890682181D401' -> Floor '16'
[2026-07-15 09:00:14] Tag Change: ID '00E20047173FC06821784701' -> Floor '16'
[2026-07-15 09:00:14] Status Updated: Floor '16'
[2026-07-15 09:00:17] Tag Change: ID '00E20047179A4068217DEF01' -> Floor '15'
[2026-07-15 09:00:17] Status Updated: Floor '15'
[2026-07-15 09:00:18] Tag Change: ID '00E2004717DB10682181FC01' -> Floor '15'
[2026-07-15 09:00:39] Tag Change: ID '00E200471795C068217DA701' -> Floor '14'
[2026-07-15 09:00:39] Status Updated: Floor '14'
[2026-07-15 09:00:42] Tag Change: ID '00E20047173640682177AF01' -> Floor '12'
[2026-07-15 09:00:42] Tag flapping: suppressed 257 repeated tag-change log lines in the last 60s
[2026-07-15 09:00:42] Status Updated: Floor '12'
[2026-07-15 09:00:43] Tag Change: ID '00E20047173800682177CB01' -> Floor '11'
[2026-07-15 09:00:43] Status Updated: Floor '11'
[2026-07-15 09:00:45] Tag Change: ID '00E20047177B8068217C0301' -> Floor '10'
[2026-07-15 09:00:46] Tag Change: ID '00E20047173F406821783F01' -> Floor '9'
[2026-07-15 09:00:46] Status Updated: Floor '9'
[2026-07-15 09:00:47] Tag Change: ID '00E2004717940068217D8B01' -> Floor '8'
[2026-07-15 09:00:49] Tag Change: ID '00E20047177A4068217BEF01' -> Floor '7'
[2026-07-15 09:00:50] Tag Change: ID '00E2004717B0C068217F5701' -> Floor '6'
[2026-07-15 09:00:51] Tag Change: ID '00E20047173A80682177F301' -> Floor '5'
[2026-07-15 09:00:53] Tag Change: ID '00E20047173CC06821781701' -> Floor '4'
[2026-07-15 09:00:56] Tag Change: ID '00E20047173B00682177FB01' -> Floor '2'
[2026-07-15 09:00:56] Status Updated: Floor '2'
[2026-07-15 09:00:57] Tag Change: ID '00E2004717E0506821825001' -> Floor '1'
[2026-07-15 09:00:58] Tag Change: ID '00E20047177F8068217C4301' -> Floor '0'
[2026-07-15 09:00:59] Status Updated: Floor '0'
[2026-07-15 09:01:00] Tag Change: ID '00E2004717818068217C6301' -> Floor '0'
[2026-07-15 09:01:58] Tag Change: ID '00E20047173F006821783B01' -> Floor '0'
[2026-07-15 09:01:59] Tag Change: ID '00E20047177F8068217C4301' -> Floor '0'
[2026-07-15 09:02:01] Tag Change: ID '00E20047173780682177C301' -> Floor '1'
[2026-07-15 09:02:01] Tag Change: ID '00E2004717E0506821825001' -> Floor '1'
[2026-07-15 09:02:01] Status Updated: Floor '1'
[2026-07-15 09:02:02] Tag Change: ID '00E20047173B00682177FB01' -> Floor '2'
[2026-07-15 09:02:04] Tag Change: ID '00E2004717834068217C7F01' -> Floor '3'
[2026-07-15 09:02:05] Tag Change: ID '00E20047177FC068217C4701' -> Floor '4'
[2026-07-15 09:02:06] Tag Change: ID '00E200471783C068217C8701' -> Floor '5'
[2026-07-15 09:02:07] Status Updated: Floor '5'
[2026-07-15 09:02:09] Tag Change: ID '00E20047179B0068217DFB01' -> Floor '7'
[2026-07-15 09:02:11] Tag Change: ID '00E2004717ED906821832400' -> Floor '8'
[2026-07-15 09:02:12] Tag Change: ID '00E2004717ED506821832001' -> Floor '9'
[2026-07-15 09:02:13] Tag Change: ID '00E2004718A08068218E5301' -> Floor '10'
[2026-07-15 09:02:15] Tag Change: ID '00E20047173800682177CB01' -> Floor '11'
[2026-07-15 09:02:15] Status Updated: Floor '11'
[2026-07-15 09:02:16] Tag Change: ID '00E20047173640682177AF01' -> Floor '12'
[2026-07-15 09:02:18] Tag Change: ID '00E20047179AC068217DF701' -> Floor '13'
[2026-07-15 09:02:19] Tag Change: ID '00E2004717DB506821820001' -> Floor '14'
[2026-07-15 09:02:19] Status Updated: Floor '14'
[2026-07-15 09:02:20] Tag Change: ID '00E20047179A4068217DEF01' -> Floor '15'
[2026-07-15 09:02:21] Status Updated: Floor '15'
[2026-07-15 09:02:22] Tag Change: ID '00E2004717D890682181D401' -> Floor '16'
[2026-07-15 09:02:23] Tag Change: ID '00E20047173A40682177EF01' -> Floor '17'
[2026-07-15 09:02:24] Tag Change: ID '00E2004717AF0068217F3B01' -> Floor '18'
[2026-07-15 09:02:26] Tag Change: ID '00E2004718C1706821906201' -> Floor '19'
[2026-07-15 09:02:27] Tag Change: ID '00E20047179B8068217E0301' -> Floor '20'
[2026-07-15 09:02:28] Tag Change: ID '00E20047175F0068217A3B01' -> Floor '21'
[2026-07-15 09:02:29] Status Updated: Floor '21'
[2026-07-15 09:02:31] Tag Change: ID '00E2004718A98068218EE301' -> Floor '23'
[2026-07-15 09:02:32] Tag Change: ID '00E2004717608068217A5301' -> Floor '24'
[2026-07-15 09:02:34] Tag Change: ID '00E20047177F3068217C3E01' -> Floor '25'
[2026-07-15 09:02:35] Tag Change: ID '00E20047175AC0682179F701' -> Floor '26'
[2026-07-15 09:02:35] Status Updated: Floor '26'
[2026-07-15 09:02:36] Tag Change: ID '00E20047189BC068218E0701' -> Floor '27'
[2026-07-15 09:02:38] Tag Change: ID '00E2004718990068218DDB01' -> Floor '27'
[2026-07-15 09:02:38] Status Updated: Floor '27'
[2026-07-15 09:02:38] Tag Change: ID '00E20047175FC068217A4701' -> Floor '27'
[2026-07-15 09:03:38] Tag Change: ID '00E2004718990068218DDB01' -> Floor '27'
[2026-07-15 09:03:38] Tag Change: ID '00E20047175FC068217A4701' -> Floor '27'
[2026-07-15 09:03:38] Tag flapping: suppressed 385 repeated tag-change log lines in the last 60s
[2026-07-15 09:04:38] Tag Change: ID '00E2004718990068218DDB01' -> Floor '27'
[2026-07-15 09:04:39] Tag Change: ID '00E20047175FC068217A4701' -> Floor '27'
[2026-07-15 09:04:39] Tag flapping: suppressed 389 repeated tag-change log lines in the last 60s
[2026-07-15 09:05:39] Tag Change: ID '00E2004718990068218DDB01' -> Floor '27'
[2026-07-15 09:05:39] Tag flapping: suppressed 412 repeated tag-change log lines in the last 60s
[2026-07-15 09:05:39] Tag Change: ID '00E20047175FC068217A4701' -> Floor '27'
[2026-07-15 09:06:39] Tag Change: ID '00E2004718990068218DDB01' -> Floor '27'
[2026-07-15 09:06:39] Tag Change: ID '00E20047175FC068217A4701' -> Floor '27'
[2026-07-15 09:06:39] Tag flapping: suppressed 408 repeated tag-change log lines in the last 60s
[2026-07-15 09:07:39] Tag Change: ID '00E2004718990068218DDB01' -> Floor '27'
[2026-07-15 09:07:39] Tag Change: ID '00E20047175FC068217A4701' -> Floor '27'
[2026-07-15 09:07:39] Tag flapping: suppressed 388 repeated tag-change log lines in the last 60s
[2026-07-15 09:08:39] Tag Change: ID '00E2004718990068218DDB01' -> Floor '27'
[2026-07-15 09:08:40] Tag flapping: suppressed 426 repeated tag-change log lines in the last 60s
[2026-07-15 09:08:40] Tag Change: ID '00E20047175FC068217A4701' -> Floor '27'
[2026-07-15 09:09:39] Tag Change: ID '00E2004718990068218DDB01' -> Floor '27'
[2026-07-15 09:09:40] Tag Change: ID '00E20047175FC068217A4701' -> Floor '27'
[2026-07-15 09:09:40] Tag flapping: suppressed 397 repeated tag-change log lines in the last 60s
[2026-07-15 09:10:39] Tag Change: ID '00E2004718990068218DDB01' -> Floor '27'
[2026-07-15 09:10:40] Tag Change: ID '00E20047175FC068217A4701' -> Floor '27'
[2026-07-15 09:10:41] Tag flapping: suppressed 405 repeated tag-change log lines in the last 60s
[2026-07-15 09:11:40] Tag Change: ID '00E2004718990068218DDB01' -> Floor '27'
[2026-07-15 09:11:40] Tag Change: ID '00E20047175FC068217A4701' -> Floor '27'
[2026-07-15 09:11:42] Tag flapping: suppressed 438 repeated tag-change log lines in the last 60s
[2026-07-15 09:12:40] Tag Change: ID '00E2004718990068218DDB01' -> Floor '27'
[2026-07-15 09:12:40] Tag Change: ID '00E20047175FC068217A4701' -> Floor '27'
[2026-07-15 09:12:42] Tag flapping: suppressed 417 repeated tag-change log lines in the last 60s
[2026-07-15 09:13:40] Tag Change: ID '00E2004718990068218DDB01' -> Floor '27'
[2026-07-15 09:13:40] Tag Change: ID '00E20047175FC068217A4701' -> Floor '27'
[2026-07-15 09:13:42] Tag flapping: suppressed 385 repeated tag-change log lines in the last 60s
[2026-07-15 09:14:40] Tag Change: ID '00E2004718990068218DDB01' -> Floor '27'
[2026-07-15 09:14:40] Tag Change: ID '00E20047175FC068217A4701' -> Floor '27'
[2026-07-15 09:14:42] Tag flapping: suppressed 421 repeated tag-change log lines in the last 60s
[2026-07-15 09:15:40] Tag Change: ID '00E20047175FC068217A4701' -> Floor '27'
[2026-07-15 09:15:40] Tag Change: ID '00E2004718990068218DDB01' -> Floor '27'
[2026-07-15 09:15:42] Tag flapping: suppressed 390 repeated tag-change log lines in the last 60s
[2026-07-15 09:16:41] Tag Change: ID '00E20047175FC068217A4701' -> Floor '27'
[2026-07-15 09:16:41] Tag Change: ID '00E2004718990068218DDB01' -> Floor '27'
[2026-07-15 09:16:43] Tag flapping: suppressed 397 repeated tag-change log lines in the last 60s
[2026-07-15 09:17:41] Tag Change: ID '00E20047175FC068217A4701' -> Floor '27'
[2026-07-15 09:17:41] Tag Change: ID '00E2004718990068218DDB01' -> Floor '27'
[2026-07-15 09:17:43] Tag flapping: suppressed 410 repeated tag-change log lines in the last 60s
[2026-07-15 09:18:41] Tag Change: ID '00E20047175FC068217A4701' -> Floor '27'
[2026-07-15 09:18:41] Tag Change: ID '00E2004718990068218DDB01' -> Floor '27'
[2026-07-15 09:18:43] Tag flapping: suppressed 407 repeated tag-change log lines in the last 60s
[2026-07-15 09:19:41] Tag Change: ID '00E20047175FC068217A4701' -> Floor '27'
[2026-07-15 09:19:41] Tag Change: ID '00E2004718990068218DDB01' -> Floor '27'
[2026-07-15 09:19:43] Tag flapping: suppressed 389 repeated tag-change log lines in the last 60s
[2026-07-15 09:20:41] Tag Change: ID '00E20047175FC068217A4701' -> Floor '27'
[2026-07-15 09:20:41] Tag Change: ID '00E2004718990068218DDB01' -> Floor '27'
[2026-07-15 09:20:44] Tag flapping: suppressed 370 repeated tag-change log lines in the last 60s
[2026-07-15 09:21:41] Tag Change: ID '00E20047175FC068217A4701' -> Floor '27'
[2026-07-15 09:21:42] Tag Change: ID '00E2004718990068218DDB01' -> Floor '27'
[2026-07-15 09:21:44] Tag flapping: suppressed 391 repeated tag-change log lines in the last 60s
[2026-07-15 09:21:52] Tag Change: ID '00E20047189BC068218E0701' -> Floor '27'
[2026-07-15 09:21:53] Tag Change: ID '00E200471894C068218D9701' -> Floor '26'
[2026-07-15 09:21:53] Tag Change: ID '00E20047175AC0682179F701' -> Floor '26'
[2026-07-15 09:21:54] Status Updated: Floor '26'
[2026-07-15 09:21:56] Tag Change: ID '00E2004718A0C068218E5701' -> Floor '24'
[2026-07-15 09:21:56] Tag Change: ID '00E2004717608068217A5301' -> Floor '24'
[2026-07-15 09:21:56] Status Updated: Floor '24'
[2026-07-15 09:21:58] Tag Change: ID '00E2004717644068217A8F01' -> Floor '23'
[2026-07-15 09:21:58] Status Updated: Floor '23'
[2026-07-15 09:21:59] Tag Change: ID '00E2004718B87068218FD201' -> Floor '22'
[2026-07-15 09:22:00] Tag Change: ID '00E20047175F0068217A3B01' -> Floor '21'
[2026-07-15 09:22:00] Tag Change: ID '00E2004718BB706821900201' -> Floor '21'
[2026-07-15 09:22:00] Status Updated: Floor '21'
[2026-07-15 09:22:02] Tag Change: ID '00E20047179B8068217E0301' -> Floor '20'
[2026-07-15 09:22:02] Status Updated: Floor '20'
[2026-07-15 09:22:04] Tag Change: ID '00E200471797C068217DC701' -> Floor '19'
[2026-07-15 09:22:04] Status Updated: Floor '19'
[2026-07-15 09:22:05] Tag Change: ID '00E2004718C1706821906201' -> Floor '19'
[2026-07-15 09:22:22] Tag Change: ID '00E2004718A5C068218EA701' -> Floor '18'
[2026-07-15 09:22:23] Tag Change: ID '00E20047173A40682177EF01' -> Floor '17'
[2026-07-15 09:22:23] Status Updated: Floor '17'
[2026-07-15 09:22:24] Tag Change: ID '00E2004717D890682181D401' -> Floor '16'
[2026-07-15 09:22:24] Status Updated: Floor '16'
[2026-07-15 09:22:26] Tag Change: ID '00E20047179A4068217DEF01' -> Floor '15'
[2026-07-15 09:22:27] Tag Change: ID '00E2004717DB506821820001' -> Floor '14'
[2026-07-15 09:22:30] Tag Change: ID '00E20047173640682177AF01' -> Floor '12'
[2026-07-15 09:22:30] Status Updated: Floor '12'
[2026-07-15 09:22:31] Tag Change: ID '00E20047173800682177CB01' -> Floor '11'
[2026-07-15 09:22:34] Tag Change: ID '00E20047173F406821783F01' -> Floor '9'
[2026-07-15 09:22:34] Tag Change: ID '00E2004717ED506821832001' -> Floor '9'
[2026-07-15 09:22:34] Status Updated: Floor '9'
[2026-07-15 09:22:35] Tag Change: ID '00E2004717ED906821832400' -> Floor '8'
[2026-07-15 09:22:37] Tag Change: ID '00E20047179B0068217DFB01' -> Floor '7'
[2026-07-15 09:22:38] Tag Change: ID '00E2004717B0C068217F5701' -> Floor '6'
[2026-07-15 09:22:39] Tag Change: ID '00E200471783C068217C8701' -> Floor '5'
[2026-07-15 09:22:41] Tag Change: ID '00E20047173CC06821781701' -> Floor '4'
[2026-07-15 09:22:42] Tag Change: ID '00E2004717834068217C7F01' -> Floor '3'
[2026-07-15 09:22:44] Tag Change: ID '00E2004717D650682181B001' -> Floor '2'
[2026-07-15 09:22:45] Tag Change: ID '00E20047173780682177C301' -> Floor '1'
[2026-07-15 09:22:45] Tag flapping: suppressed 140 repeated tag-change log lines in the last 60s
[2026-07-15 09:22:46] Tag Change: ID '00E20047177F8068217C4301' -> Floor '0'
[2026-07-15 09:22:47] Status Updated: Floor '0'
[2026-07-15 09:22:48] Tag Change: ID '00E2004717818068217C6301' -> Floor '0'
[2026-07-15 09:22:48] Tag Change: ID '00E20047173F006821783B01' -> Floor '0'
[2026-07-15 09:23:46] Tag Change: ID '00E2004717E0506821825001' -> Floor '1'
[2026-07-15 09:23:47] Tag Change: ID '00E20047173B00682177FB01' -> Floor '2'
[2026-07-15 09:23:48] Status Updated: Floor '2'
[2026-07-15 09:23:48] Tag Change: ID '00E2004717834068217C7F01' -> Floor '3'
[2026-07-15 09:23:49] Status Updated: Floor '3'
[2026-07-15 09:23:50] Tag Change: ID '00E20047173CC06821781701' -> Floor '4'
[2026-07-15 09:23:50] Tag Change: ID '00E20047177FC068217C4701' -> Floor '4'
[2026-07-15 09:23:50] Status Updated: Floor '4'
[2026-07-15 09:23:51] Tag Change: ID '00E200471783C068217C8701' -> Floor '5'
[2026-07-15 09:23:51] Tag Change: ID '00E20047173A80682177F301' -> Floor '5'
[2026-07-15 09:23:51] Status Updated: Floor '5'
[2026-07-15 09:23:53] Tag Change: ID '00E2004717B0C068217F5701' -> Floor '6'
[2026-07-15 09:23:54] Tag Change: ID '00E20047179B0068217DFB01' -> Floor '7'
[2026-07-15 09:23:55] Tag Change: ID '00E2004717940068217D8B01' -> Floor '8'
[2026-07-15 09:23:56] Status Updated: Floor '8'
[2026-07-15 09:23:57] Tag Change: ID '00E2004717ED506821832001' -> Floor '9'
[2026-07-15 09:23:57] Tag Change: ID '00E20047173F406821783F01' -> Floor '9'
[2026-07-15 09:23:57] Status Updated: Floor '9'
[2026-07-15 09:23:58] Tag Change: ID '00E20047177B8068217C0301' -> Floor '10'
[2026-07-15 09:23:59] Tag Change: ID '00E20047173800682177CB01' -> Floor '11'
[2026-07-15 09:24:00] Status Updated: Floor '11'
[2026-07-15 09:24:01] Tag Change: ID '00E2004717DF906821824401' -> Floor '12'
[2026-07-15 09:24:02] Tag Change: ID '00E20047179AC068217DF701' -> Floor '13'
[2026-07-15 09:24:04] Tag Change: ID '00E2004717DB506821820001' -> Floor '14'
[2026-07-15 09:24:04] Status Updated: Floor '14'
[2026-07-15 09:24:05] Tag Change: ID '00E20047179A4068217DEF01' -> Floor '15'
[2026-07-15 09:24:05] Status Updated: Floor '15'
[2026-07-15 09:24:06] Tag Change: ID '00E20047173FC06821784701' -> Floor '16'
[2026-07-15 09:24:07] Status Updated: Floor '16'
[2026-07-15 09:24:08] Tag Change: ID '00E2004717D4106821818C01' -> Floor '17'
[2026-07-15 09:24:09] Tag Change: ID '00E2004717AF0068217F3B01' -> Floor '18'
[2026-07-15 09:24:10] Tag Change: ID '00E200471797C068217DC701' -> Floor '19'
[2026-07-15 09:24:12] Tag Change: ID '00E2004718BC306821900E01' -> Floor '20'
[2026-07-15 09:24:12] Status Updated: Floor '20'
[2026-07-15 09:24:13] Tag Change: ID '00E2004718BB706821900201' -> Floor '21'
[2026-07-15 09:24:13] Status Updated: Floor '21'
[2026-07-15 09:24:14] Tag Change: ID '00E2004718B87068218FD201' -> Floor '22'
[2026-07-15 09:24:16] Tag Change: ID '00E2004718A98068218EE301' -> Floor '23'
[2026-07-15 09:24:17] Tag Change: ID '00E2004717608068217A5301' -> Floor '24'
[2026-07-15 09:24:17] Status Updated: Floor '24'
[2026-07-15 09:24:18] Tag Change: ID '00E20047177F3068217C3E01' -> Floor '25'
[2026-07-15 09:24:19] Status Updated: Floor '25'
[2026-07-15 09:24:20] Tag Change: ID '00E20047175AC0682179F701' -> Floor '26'
[2026-07-15 09:24:21] Tag Change: ID '00E20047189BC068218E0701' -> Floor '27'
[2026-07-15 09:24:23] Tag Change: ID '00E20047175FC068217A4701' -> Floor '27'
[2026-07-15 09:24:23] Status Updated: Floor '27'
[2026-07-15 09:24:23] Tag Change: ID '00E2004718990068218DDB01' -> Floor '27'
[2026-07-15 09:24:44] Tag flapping: suppressed 131 repeated tag-change log lines in the last 60s
[2026-07-15 09:25:23] Tag Change: ID '00E20047175FC068217A4701' -> Floor '27'
[2026-07-15 09:25:23] Tag Change: ID '00E2004718990068218DDB01' -> Floor '27'
[2026-07-15 09:25:45] Tag flapping: suppressed 413 repeated tag-change log lines in the last 60s
[2026-07-15 09:26:23] Tag Change: ID '00E20047175FC068217A4701' -> Floor '27'
[2026-07-15 09:26:23] Tag Change: ID '00E2004718990068218DDB01' -> Floor '27'
[2026-07-15 09:26:46] Tag flapping: suppressed 368 repeated tag-change log lines in the last 60s
[2026-07-15 09:27:23] Tag Change: ID '00E20047175FC068217A4701' -> Floor '27'
[2026-07-15 09:27:23] Tag Change: ID '00E2004718990068218DDB01' -> Floor '27'
[2026-07-15 09:27:46] Tag flapping: suppressed 410 repeated tag-change log lines in the last 60s
[2026-07-15 09:28:23] Tag Change: ID '00E20047175FC068217A4701' -> Floor '27'
[2026-07-15 09:28:24] Tag Change: ID '00E2004718990068218DDB01' -> Floor '27'
[2026-07-15 09:28:46] Tag flapping: suppressed 391 repeated tag-change log lines in the last 60s
[2026-07-15 09:28:53] Tag Change: ID '00E20047175AC0682179F701' -> Floor '26'
[2026-07-15 09:28:54] Status Updated: Floor '26'
[2026-07-15 09:28:55] Tag Change: ID '00E20047177F3068217C3E01' -> Floor '25'
[2026-07-15 09:28:55] Status Updated: Floor '25'
[2026-07-15 09:28:56] Tag Change: ID '00E2004718A0C068218E5701' -> Floor '24'
[2026-07-15 09:28:58] Tag Change: ID '00E2004718A98068218EE301' -> Floor '23'
[2026-07-15 09:28:58] Status Updated: Floor '23'
[2026-07-15 09:29:01] Tag Change: ID '00E2004718B87068218FD201' -> Floor '22'
[2026-07-15 09:29:01] Status Updated: Floor '22'
[2026-07-15 09:29:01] Tag Change: ID '00E20047175800682179CB01' -> Floor '22'
[2026-07-15 09:29:21] Tag Change: ID '00E2004718BB706821900201' -> Floor '21'
[2026-07-15 09:29:22] Status Updated: Floor '21'
[2026-07-15 09:29:23] Tag Change: ID '00E2004718BC306821900E01' -> Floor '20'
[2026-07-15 09:29:23] Status Updated: Floor '20'
[2026-07-15 09:29:24] Tag Change: ID '00E2004718C1706821906201' -> Floor '19'
[2026-07-15 09:29:24] Tag Change: ID '00E200471797C068217DC701' -> Floor '19'
[2026-07-15 09:29:24] Status Updated: Floor '19'
[2026-07-15 09:29:25] Tag Change: ID '00E2004718A5C068218EA701' -> Floor '18'
[2026-07-15 09:29:27] Tag Change: ID '00E20047173A40682177EF01' -> Floor '17'
[2026-07-15 09:29:28] Tag Change: ID '00E20047173FC06821784701' -> Floor '16'
[2026-07-15 09:29:29] Tag Change: ID '00E2004717DAD0682181F801' -> Floor '16'
[2026-07-15 09:29:29] Status Updated: Floor '16'
[2026-07-15 09:29:29] Tag Change: ID '00E2004717DB10682181FC01' -> Floor '15'
[2026-07-15 09:29:29] Tag Change: ID '00E20047179A4068217DEF01' -> Floor '15'
[2026-07-15 09:29:30] Status Updated: Floor '15'
[2026-07-15 09:29:31] Tag Change: ID '00E2004717DB506821820001' -> Floor '14'
[2026-07-15 09:29:32] Tag Change: ID '00E20047179AC068217DF701' -> Floor '13'
[2026-07-15 09:29:34] Tag Change: ID '00E2004717DF906821824401' -> Floor '12'
[2026-07-15 09:29:35] Tag Change: ID '00E20047173800682177CB01' -> Floor '11'
[2026-07-15 09:29:36] Tag Change: ID '00E2004718A08068218E5301' -> Floor '10'
[2026-07-15 09:29:38] Tag Change: ID '00E20047173F406821783F01' -> Floor '9'
[2026-07-15 09:29:39] Tag Change: ID '00E2004717ED906821832400' -> Floor '8'
[2026-07-15 09:29:39] Status Updated: Floor '8'
[2026-07-15 09:29:40] Tag Change: ID '00E20047179B0068217DFB01' -> Floor '7'
[2026-07-15 09:29:42] Tag Change: ID '00E2004717B0C068217F5701' -> Floor '6'
[2026-07-15 09:29:42] Status Updated: Floor '6'
[2026-07-15 09:29:43] Tag Change: ID '00E20047173A80682177F301' -> Floor '5'
[2026-07-15 09:29:43] Status Updated: Floor '5'
[2026-07-15 09:29:45] Tag Change: ID '00E20047173CC06821781701' -> Floor '4'
[2026-07-15 09:29:47] Tag Change: ID '00E20047173B00682177FB01' -> Floor '2'
[2026-07-15 09:29:47] Tag flapping: suppressed 162 repeated tag-change log lines in the last 61s
[2026-07-15 09:29:48] Status Updated: Floor '2'
[2026-07-15 09:29:49] Tag Change: ID '00E2004717E0506821825001' -> Floor '1'
[2026-07-15 09:29:49] Status Updated: Floor '1'
[2026-07-15 09:29:50] Tag Change: ID '00E20047177F8068217C4301' -> Floor '0'
[2026-07-15 09:29:50] Status Updated: Floor '0'
[2026-07-15 09:29:51] Tag Change: ID '00E2004717818068217C6301' -> Floor '0'
[2026-07-15 09:29:51] Tag Change: ID '00E20047173F006821783B01' -> Floor '0'
[2026-07-15 09:30:51] Tag Change: ID '00E2004717E0506821825001' -> Floor '1'
[2026-07-15 09:30:52] Tag Change: ID '00E2004717D650682181B001' -> Floor '2'
[2026-07-15 09:30:53] Status Updated: Floor '2'
[2026-07-15 09:30:54] Tag Change: ID '00E2004717834068217C7F01' -> Floor '3'
[2026-07-15 09:30:55] Tag Change: ID '00E20047173CC06821781701' -> Floor '4'
[2026-07-15 09:30:57] Tag Change: ID '00E20047173A80682177F301' -> Floor '5'
[2026-07-15 09:30:58] Tag Change: ID '00E2004717B0C068217F5701' -> Floor '6'
[2026-07-15 09:30:59] Tag Change: ID '00E20047179B0068217DFB01' -> Floor '7'
[2026-07-15 09:31:01] Tag Change: ID '00E2004717940068217D8B01' -> Floor '8'
[2026-07-15 09:31:01] Status Updated: Floor '8'
[2026-07-15 09:31:02] Tag Change: ID '00E2004717ED506821832001' -> Floor '9'
[2026-07-15 09:31:02] Tag Change: ID '00E20047173F406821783F01' -> Floor '9'
[2026-07-15 09:31:03] Status Updated: Floor '9'
[2026-07-15 09:31:04] Tag Change: ID '00E2004718A08068218E5301' -> Floor '10'
[2026-07-15 09:31:05] Tag Change: ID '00E20047173800682177CB01' -> Floor '11'
[2026-07-15 09:31:06] Tag Change: ID '00E2004717DF906821824401' -> Floor '12'
[2026-07-15 09:31:09] Tag Change: ID '00E200471795C068217DA701' -> Floor '14'
[2026-07-15 09:31:10] Tag Change: ID '00E2004717DB10682181FC01' -> Floor '15'
[2026-07-15 09:31:12] Tag Change: ID '00E20047173FC06821784701' -> Floor '16'
[2026-07-15 09:31:12] Tag Change: ID '00E2004717D890682181D401' -> Floor '16'
[2026-07-15 09:31:12] Status Updated: Floor '16'
[2026-07-15 09:31:13] Tag Change: ID '00E20047173A40682177EF01' -> Floor '17'
[2026-07-15 09:31:13] Tag Change: ID '00E2004717D4106821818C01' -> Floor '17'
[2026-07-15 09:31:13] Status Updated: Floor '17'
[2026-07-15 09:31:15] Tag Change: ID '00E2004718A5C068218EA701' -> Floor '18'
[2026-07-15 09:31:16] Tag Change: ID '00E200471797C068217DC701' -> Floor '19'
[2026-07-15 09:31:17] Tag Change: ID '00E2004718BC306821900E01' -> Floor '20'
[2026-07-15 09:31:17] Tag Change: ID '00E20047179B8068217E0301' -> Floor '20'
[2026-07-15 09:31:17] Status Updated: Floor '20'
[2026-07-15 09:31:18] Tag Change: ID '00E20047175F0068217A3B01' -> Floor '21'
[2026-07-15 09:31:18] Tag Change: ID '00E2004718BB706821900201' -> Floor '21'
[2026-07-15 09:31:19] Status Updated: Floor '21'
[2026-07-15 09:31:20] Tag Change: ID '00E20047175800682179CB01' -> Floor '22'
[2026-07-15 09:31:21] Tag Change: ID '00E2004717644068217A8F01' -> Floor '23'
[2026-07-15 09:31:23] Tag Change: ID '00E2004718A0C068218E5701' -> Floor '24'
[2026-07-15 09:31:24] Tag Change: ID '00E20047177F3068217C3E01' -> Floor '25'
[2026-07-15 09:31:25] Tag Change: ID '00E20047175AC0682179F701' -> Floor '26'
[2026-07-15 09:31:26] Status Updated: Floor '26'
[2026-07-15 09:31:26] Tag Change: ID '00E20047189BC068218E0701' -> Floor '27'
[2026-07-15 09:31:28] Tag Change: ID '00E2004718990068218DDB01' -> Floor '27'
[2026-07-15 09:31:28] Status Updated: Floor '27'
[2026-07-15 09:31:28] Tag Change: ID '00E20047175FC068217A4701' -> Floor '27'
[2026-07-15 09:31:49] Tag flapping: suppressed 144 repeated tag-change log lines in the last 60s
[2026-07-15 09:32:28] Tag Change: ID '00E2004718990068218DDB01' -> Floor '27'
[2026-07-15 09:32:28] Tag Change: ID '00E20047175FC068217A4701' -> Floor '27'
[2026-07-15 09:32:35] Tag Change: ID '00E20047175AC0682179F701' -> Floor '26'
[2026-07-15 09:32:35] Status Updated: Floor '26'
[2026-07-15 09:32:36] Tag Change: ID '00E20047177F3068217C3E01' -> Floor '25'
[2026-07-15 09:32:37] Status Updated: Floor '25'
[2026-07-15 09:32:38] Tag Change: ID '00E2004718A0C068218E5701' -> Floor '24'
[2026-07-15 09:32:39] Tag Change: ID '00E2004718A98068218EE301' -> Floor '23'
[2026-07-15 09:32:42] Tag Change: ID '00E2004718B87068218FD201' -> Floor '22'
[2026-07-15 09:32:42] Tag Change: ID '00E20047175800682179CB01' -> Floor '22'
[2026-07-15 09:32:42] Status Updated: Floor '22'
[2026-07-15 09:32:49] Tag flapping: suppressed 345 repeated tag-change log lines in the last 60s
[2026-07-15 09:33:34] Tag Change: ID '00E2004718BB706821900201' -> Floor '21'
[2026-07-15 09:33:35] Tag Change: ID '00E20047179B8068217E0301' -> Floor '20'
[2026-07-15 09:33:35] Status Updated: Floor '20'
[2026-07-15 09:33:36] Tag Change: ID '00E2004718C1706821906201' -> Floor '19'
[2026-07-15 09:33:38] Tag Change: ID '00E2004717AF0068217F3B01' -> Floor '18'
[2026-07-15 09:33:39] Tag Change: ID '00E2004717D4106821818C01' -> Floor '17'
[2026-07-15 09:33:39] Tag Change: ID '00E20047173A40682177EF01' -> Floor '17'
[2026-07-15 09:33:39] Status Updated: Floor '17'
[2026-07-15 09:33:40] Tag Change: ID '00E2004717D890682181D401' -> Floor '16'
[2026-07-15 09:33:42] Tag Change: ID '00E2004717DB10682181FC01' -> Floor '15'
[2026-07-15 09:33:43] Tag Change: ID '00E200471795C068217DA701' -> Floor '14'
[2026-07-15 09:33:45] Tag Change: ID '00E20047179AC068217DF701' -> Floor '13'
[2026-07-15 09:33:46] Tag Change: ID '00E20047173640682177AF01' -> Floor '12'
[2026-07-15 09:33:46] Status Updated: Floor '12'
[2026-07-15 09:33:47] Tag Change: ID '00E20047173800682177CB01' -> Floor '11'
[2026-07-15 09:33:48] Status Updated: Floor '11'
[2026-07-15 09:33:49] Tag Change: ID '00E20047177B8068217C0301' -> Floor '10'
[2026-07-15 09:33:50] Tag Change: ID '00E2004717ED506821832001' -> Floor '9'
[2026-07-15 09:33:50] Tag flapping: suppressed 282 repeated tag-change log lines in the last 61s
[2026-07-15 09:33:51] Tag Change: ID '00E2004717ED906821832400' -> Floor '8'
[2026-07-15 09:33:53] Tag Change: ID '00E20047179B0068217DFB01' -> Floor '7'
[2026-07-15 09:33:54] Tag Change: ID '00E2004717B0C068217F5701' -> Floor '6'
[2026-07-15 09:33:56] Tag Change: ID '00E20047173A80682177F301' -> Floor '5'
[2026-07-15 09:33:56] Tag Change: ID '00E200471783C068217C8701' -> Floor '5'
[2026-07-15 09:33:56] Status Updated: Floor '5'
[2026-07-15 09:33:57] Tag Change: ID '00E20047173CC06821781701' -> Floor '4'
[2026-07-15 09:33:57] Tag Change: ID '00E20047177FC068217C4701' -> Floor '4'
[2026-07-15 09:33:57] Status Updated: Floor '4'
[2026-07-15 09:33:58] Tag Change: ID '00E2004717834068217C7F01' -> Floor '3'
[2026-07-15 09:34:00] Tag Change: ID '00E2004717D650682181B001' -> Floor '2'
[2026-07-15 09:34:01] Tag Change: ID '00E2004717E0506821825001' -> Floor '1'
[2026-07-15 09:34:03] Tag Change: ID '00E20047177F8068217C4301' -> Floor '0'
[2026-07-15 09:34:05] Tag Change: ID '00E2004717818068217C6301' -> Floor '0'
[2026-07-15 09:34:05] Status Updated: Floor '0'
[2026-07-15 09:34:05] Tag Change: ID '00E20047173F006821783B01' -> Floor '0'
[2026-07-15 09:35:16] Tag Change: ID '00E2004717818068217C6301' -> Floor '0'
[2026-07-15 09:35:16] Tag flapping: suppressed 150 repeated tag-change log lines in the last 70s
[2026-07-15 09:35:17] Tag Change: ID '00E20047177F8068217C4301' -> Floor '0'
[2026-07-15 09:35:19] Tag Change: ID '00E20047173780682177C301' -> Floor '1'
[2026-07-15 09:35:19] Tag Change: ID '00E2004717E0506821825001' -> Floor '1'
[2026-07-15 09:35:19] Status Updated: Floor '1'
[2026-07-15 09:35:20] Tag Change: ID '00E20047173B00682177FB01' -> Floor '2'
[2026-07-15 09:35:21] Tag Change: ID '00E2004717834068217C7F01' -> Floor '3'
[2026-07-15 09:35:23] Tag Change: ID '00E20047177FC068217C4701' -> Floor '4'
[2026-07-15 09:35:23] Status Updated: Floor '4'
[2026-07-15 09:35:24] Tag Change: ID '00E20047173A80682177F301' -> Floor '5'
[2026-07-15 09:35:26] Tag Change: ID '00E2004717B0C068217F5701' -> Floor '6'
[2026-07-15 09:35:27] Tag Change: ID '00E20047179B0068217DFB01' -> Floor '7'
[2026-07-15 09:35:28] Tag Change: ID '00E2004717940068217D8B01' -> Floor '8'
[2026-07-15 09:35:30] Tag Change: ID '00E2004717ED506821832001' -> Floor '9'
[2026-07-15 09:35:30] Status Updated: Floor '9'
[2026-07-15 09:35:31] Tag Change: ID '00E2004718A08068218E5301' -> Floor '10'
[2026-07-15 09:35:34] Tag Change: ID '00E20047173640682177AF01' -> Floor '12'
[2026-07-15 09:35:34] Status Updated: Floor '12'
[2026-07-15 09:35:37] Tag Change: ID '00E200471795C068217DA701' -> Floor '14'
[2026-07-15 09:35:38] Tag Change: ID '00E2004717DB10682181FC01' -> Floor '15'
[2026-07-15 09:35:38] Tag Change: ID '00E20047179A4068217DEF01' -> Floor '15'
[2026-07-15 09:35:38] Status Updated: Floor '15'
[2026-07-15 09:35:39] Tag Change: ID '00E2004717D890682181D401' -> Floor '16'
[2026-07-15 09:35:41] Tag Change: ID '00E20047173A40682177EF01' -> Floor '17'
[2026-07-15 09:35:42] Tag Change: ID '00E2004718A5C068218EA701' -> Floor '18'
[2026-07-15 09:35:43] Tag Change: ID '00E2004718C1706821906201' -> Floor '19'
[2026-07-15 09:35:43] Tag Change: ID '00E200471797C068217DC701' -> Floor '19'
[2026-07-15 09:35:44] Status Updated: Floor '19'
[2026-07-15 09:35:45] Tag Change: ID '00E20047179B8068217E0301' -> Floor '20'
[2026-07-15 09:35:45] Status Updated: Floor '20'
[2026-07-15 09:35:46] Tag Change: ID '00E20047175F0068217A3B01' -> Floor '21'
[2026-07-15 09:35:47] Tag Change: ID '00E20047175800682179CB01' -> Floor '22'
[2026-07-15 09:35:49] Tag Change: ID '00E2004717644068217A8F01' -> Floor '23'
[2026-07-15 09:35:49] Status Updated: Floor '23'
[2026-07-15 09:35:50] Tag Change: ID '00E2004717608068217A5301' -> Floor '24'
[2026-07-15 09:35:52] Tag Change: ID '00E20047177F3068217C3E01' -> Floor '25'
[2026-07-15 09:35:53] Tag Change: ID '00E20047175AC0682179F701' -> Floor '26'
[2026-07-15 09:35:54] Tag Change: ID '00E20047189BC068218E0701' -> Floor '27'
[2026-07-15 09:35:54] Status Updated: Floor '27'
[2026-07-15 09:35:56] Tag Change: ID '00E2004718990068218DDB01' -> Floor '27'
[2026-07-15 09:35:56] Tag Change: ID '00E20047175FC068217A4701' -> Floor '27'
[2026-07-15 09:36:56] Tag Change: ID '00E2004718990068218DDB01' -> Floor '27'
[2026-07-15 09:36:56] Tag Change: ID '00E20047175FC068217A4701' -> Floor '27'
[2026-07-15 09:36:57] Tag flapping: suppressed 409 repeated tag-change log lines in the last 60s
[2026-07-15 09:37:56] Tag Change: ID '00E2004718990068218DDB01' -> Floor '27'
[2026-07-15 09:37:56] Tag Change: ID '00E20047175FC068217A4701' -> Floor '27'
[2026-07-15 09:37:57] Tag flapping: suppressed 431 repeated tag-change log lines in the last 60s
[2026-07-15 09:38:56] Tag Change: ID '00E2004718990068218DDB01' -> Floor '27'
[2026-07-15 09:38:57] Tag Change: ID '00E20047175FC068217A4701' -> Floor '27'
[2026-07-15 09:38:57] Tag flapping: suppressed 404 repeated tag-change log lines in the last 60s
[2026-07-15 09:39:56] Tag Change: ID '00E2004718990068218DDB01' -> Floor '27'
[2026-07-15 09:39:57] Tag Change: ID '00E20047175FC068217A4701' -> Floor '27'
[2026-07-15 09:39:57] Tag flapping: suppressed 380 repeated tag-change log lines in the last 60s
[2026-07-15 09:40:57] Tag Change: ID '00E2004718990068218DDB01' -> Floor '27'
[2026-07-15 09:40:57] Tag Change: ID '00E20047175FC068217A4701' -> Floor '27'
[2026-07-15 09:40:58] Tag flapping: suppressed 427 repeated tag-change log lines in the last 60s
[2026-07-15 09:41:57] Tag Change: ID '00E20047175FC068217A4701' -> Floor '27'
[2026-07-15 09:41:57] Tag Change: ID '00E2004718990068218DDB01' -> Floor '27'
[2026-07-15 09:41:58] Tag flapping: suppressed 403 repeated tag-change log lines in the last 60s
[2026-07-15 09:42:57] Tag Change: ID '00E20047175FC068217A4701' -> Floor '27'
[2026-07-15 09:42:57] Tag Change: ID '00E2004718990068218DDB01' -> Floor '27'
[2026-07-15 09:42:58] Tag flapping: suppressed 384 repeated tag-change log lines in the last 60s
[2026-07-15 09:43:57] Tag Change: ID '00E2004718990068218DDB01' -> Floor '27'
[2026-07-15 09:43:58] Tag Change: ID '00E20047175FC068217A4701' -> Floor '27'
[2026-07-15 09:43:59] Tag flapping: suppressed 392 repeated tag-change log lines in the last 60s
[2026-07-15 09:44:38] Tag Change: ID '00E20047189BC068218E0701' -> Floor '27'
[2026-07-15 09:44:39] Tag Change: ID '00E200471894C068218D9701' -> Floor '26'
[2026-07-15 09:44:39] Tag Change: ID '00E20047175AC0682179F701' -> Floor '26'
[2026-07-15 09:44:39] Status Updated: Floor '26'
[2026-07-15 09:44:40] Tag Change: ID '00E20047177F3068217C3E01' -> Floor '25'
[2026-07-15 09:44:42] Tag Change: ID '00E2004717608068217A5301' -> Floor '24'
[2026-07-15 09:44:42] Status Updated: Floor '24'
[2026-07-15 09:44:43] Tag Change: ID '00E2004718A98068218EE301' -> Floor '23'
[2026-07-15 09:44:43] Tag Change: ID '00E2004717644068217A8F01' -> Floor '23'
[2026-07-15 09:44:43] Status Updated: Floor '23'
[2026-07-15 09:44:44] Tag Change: ID '00E2004718B87068218FD201' -> Floor '22'
[2026-07-15 09:44:45] Status Updated: Floor '22'
[2026-07-15 09:44:46] Tag Change: ID '00E20047175F0068217A3B01' -> Floor '21'
[2026-07-15 09:44:46] Tag Change: ID '00E2004718BB706821900201' -> Floor '21'
[2026-07-15 09:44:46] Status Updated: Floor '21'
[2026-07-15 09:44:47] Tag Change: ID '00E2004718BC306821900E01' -> Floor '20'
[2026-07-15 09:44:48] Tag Change: ID '00E200471797C068217DC701' -> Floor '19'
[2026-07-15 09:44:48] Tag Change: ID '00E2004718C1706821906201' -> Floor '19'
[2026-07-15 09:44:49] Status Updated: Floor '19'
[2026-07-15 09:44:50] Tag Change: ID '00E2004718A5C068218EA701' -> Floor '18'
[2026-07-15 09:44:51] Tag Change: ID '00E20047173A40682177EF01' -> Floor '17'
[2026-07-15 09:44:52] Tag Change: ID '00E20047173FC06821784701' -> Floor '16'
[2026-07-15 09:44:52] Tag Change: ID '00E2004717D890682181D401' -> Floor '16'
[2026-07-15 09:44:53] Status Updated: Floor '16'
[2026-07-15 09:44:54] Tag Change: ID '00E2004717DB10682181FC01' -> Floor '15'
[2026-07-15 09:44:54] Status Updated: Floor '15'
[2026-07-15 09:44:55] Tag Change: ID '00E2004717DB506821820001' -> Floor '14'
[2026-07-15 09:44:55] Status Updated: Floor '14'
[2026-07-15 09:44:57] Tag Change: ID '00E20047179AC068217DF701' -> Floor '13'
[2026-07-15 09:44:58] Tag Change: ID '00E20047173640682177AF01' -> Floor '12'
[2026-07-15 09:44:58] Tag Change: ID '00E2004717DF906821824401' -> Floor '12'
[2026-07-15 09:44:58] Status Updated: Floor '12'
[2026-07-15 09:44:59] Tag Change: ID '00E20047173800682177CB01' -> Floor '11'
[2026-07-15 09:44:59] Tag flapping: suppressed 242 repeated tag-change log lines in the last 60s
[2026-07-15 09:45:02] Tag Change: ID '00E20047173F406821783F01' -> Floor '9'
[2026-07-15 09:45:03] Tag Change: ID '00E2004717940068217D8B01' -> Floor '8'
[2026-07-15 09:45:05] Tag Change: ID '00E20047179B0068217DFB01' -> Floor '7'
[2026-07-15 09:45:07] Tag Change: ID '00E2004717B0C068217F5701' -> Floor '6'
[2026-07-15 09:45:08] Status Updated: Floor '6'
[2026-07-15 09:45:11] Tag Change: ID '00E2004717850068217C9B01' -> Floor '6'
[2026-07-15 09:46:01] Tag Change: ID '00E2004717ED906821832400' -> Floor '8'
[2026-07-15 09:46:01] Status Updated: Floor '8'
[2026-07-15 09:46:02] Tag Change: ID '00E2004717ED506821832001' -> Floor '9'
[2026-07-15 09:46:03] Tag Change: ID '00E2004718A08068218E5301' -> Floor '10'
[2026-07-15 09:46:04] Status Updated: Floor '10'
[2026-07-15 09:46:05] Tag Change: ID '00E20047173800682177CB01' -> Floor '11'
[2026-07-15 09:46:06] Tag Change: ID '00E20047173640682177AF01' -> Floor '12'
[2026-07-15 09:46:06] Status Updated: Floor '12'
[2026-07-15 09:46:08] Tag Change: ID '00E20047179AC068217DF701' -> Floor '13'
[2026-07-15 09:46:09] Tag Change: ID '00E2004717DB506821820001' -> Floor '14'
[2026-07-15 09:46:09] Status Updated: Floor '14'
[2026-07-15 09:46:10] Tag Change: ID '00E20047179A4068217DEF01' -> Floor '15'
[2026-07-15 09:46:11] Status Updated: Floor '15'
[2026-07-15 09:46:12] Tag Change: ID '00E20047173FC06821784701' -> Floor '16'
[2026-07-15 09:46:12] Tag flapping: suppressed 150 repeated tag-change log lines in the last 60s
[2026-07-15 09:46:12] Status Updated: Floor '16'
[2026-07-15 09:46:13] Tag Change: ID '00E20047173A40682177EF01' -> Floor '17'
[2026-07-15 09:46:13] Status Updated: Floor '17'
[2026-07-15 09:46:14] Tag Change: ID '00E2004717AF0068217F3B01' -> Floor '18'
[2026-07-15 09:46:16] Tag Change: ID '00E2004718C1706821906201' -> Floor '19'
[2026-07-15 09:46:16] Status Updated: Floor '19'
[2026-07-15 09:46:17] Tag Change: ID '00E20047179B8068217E0301' -> Floor '20'
[2026-07-15 09:46:18] Tag Change: ID '00E20047175F0068217A3B01' -> Floor '21'
[2026-07-15 09:46:18] Tag Change: ID '00E2004718BB706821900201' -> Floor '21'
[2026-07-15 09:46:19] Status Updated: Floor '21'
[2026-07-15 09:46:20] Tag Change: ID '00E2004718B87068218FD201' -> Floor '22'
[2026-07-15 09:46:21] Tag Change: ID '00E2004718A98068218EE301' -> Floor '23'
[2026-07-15 09:46:22] Tag Change: ID '00E2004717608068217A5301' -> Floor '24'
[2026-07-15 09:46:24] Tag Change: ID '00E20047177F3068217C3E01' -> Floor '25'
[2026-07-15 09:46:25] Tag Change: ID '00E20047175AC0682179F701' -> Floor '26'
[2026-07-15 09:46:25] Tag Change: ID '00E200471894C068218D9701' -> Floor '26'
[2026-07-15 09:46:25] Status Updated: Floor '26'
[2026-07-15 09:46:26] Tag Change: ID '00E20047189BC068218E0701' -> Floor '27'
[2026-07-15 09:46:28] Tag Change: ID '00E2004718990068218DDB01' -> Floor '27'
[2026-07-15 09:46:28] Status Updated: Floor '27'
[2026-07-15 09:46:28] Tag Change: ID '00E20047175FC068217A4701' -> Floor '27'
[2026-07-15 09:47:28] Tag Change: ID '00E20047175FC068217A4701' -> Floor '27'
[2026-07-15 09:47:29] Tag Change: ID '00E2004718990068218DDB01' -> Floor '27'
[2026-07-15 09:47:29] Tag flapping: suppressed 415 repeated tag-change log lines in the last 60s
[2026-07-15 09:48:28] Tag Change: ID '00E20047175FC068217A4701' -> Floor '27'
[2026-07-15 09:48:29] Tag Change: ID '00E2004718990068218DDB01' -> Floor '27'
[2026-07-15 09:48:29] Tag flapping: suppressed 388 repeated tag-change log lines in the last 60s
[2026-07-15 09:49:29] Tag Change: ID '00E20047175FC068217A4701' -> Floor '27'
[2026-07-15 09:49:29] Tag flapping: suppressed 408 repeated tag-change log lines in the last 60s
[2026-07-15 09:49:29] Tag Change: ID '00E2004718990068218DDB01' -> Floor '27'
[2026-07-15 09:50:29] Tag Change: ID '00E20047175FC068217A4701' -> Floor '27'
[2026-07-15 09:50:29] Tag flapping: suppressed 430 repeated tag-change log lines in the last 60s
[2026-07-15 09:50:29] Tag Change: ID '00E2004718990068218DDB01' -> Floor '27'
[2026-07-15 09:51:29] Tag Change: ID '00E20047175FC068217A4701' -> Floor '27'
[2026-07-15 09:51:29] Tag Change: ID '00E2004718990068218DDB01' -> Floor '27'
[2026-07-15 09:51:30] Tag flapping: suppressed 385 repeated tag-change log lines in the last 60s
[2026-07-15 09:52:29] Tag Change: ID '00E2004718990068218DDB01' -> Floor '27'
[2026-07-15 09:52:30] Tag Change: ID '00E20047175FC068217A4701' -> Floor '27'
[2026-07-15 09:52:30] Tag flapping: suppressed 420 repeated tag-change log lines in the last 60s
[2026-07-15 09:53:30] Tag Change: ID '00E2004718990068218DDB01' -> Floor '27'
[2026-07-15 09:53:30] Tag Change: ID '00E20047175FC068217A4701' -> Floor '27'
[2026-07-15 09:53:30] Tag flapping: suppressed 392 repeated tag-change log lines in the last 60s
[2026-07-15 09:54:30] Tag Change: ID '00E2004718990068218DDB01' -> Floor '27'
[2026-07-15 09:54:30] Tag Change: ID '00E20047175FC068217A4701' -> Floor '27'
[2026-07-15 09:54:30] Tag flapping: suppressed 404 repeated tag-change log lines in the last 60s
[2026-07-15 09:55:30] Tag Change: ID '00E20047175FC068217A4701' -> Floor '27'
[2026-07-15 09:55:30] Tag Change: ID '00E2004718990068218DDB01' -> Floor '27'
[2026-07-15 09:55:31] Tag flapping: suppressed 410 repeated tag-change log lines in the last 60s
[2026-07-15 09:56:30] Tag Change: ID '00E2004718990068218DDB01' -> Floor '27'
[2026-07-15 09:56:30] Tag Change: ID '00E20047175FC068217A4701' -> Floor '27'
[2026-07-15 09:56:31] Tag flapping: suppressed 392 repeated tag-change log lines in the last 60s
[2026-07-15 09:57:30] Tag Change: ID '00E2004718990068218DDB01' -> Floor '27'
[2026-07-15 09:57:30] Tag Change: ID '00E20047175FC068217A4701' -> Floor '27'
[2026-07-15 09:57:31] Tag flapping: suppressed 424 repeated tag-change log lines in the last 60s
[2026-07-15 09:58:30] Tag Change: ID '00E2004718990068218DDB01' -> Floor '27'
[2026-07-15 09:58:30] Tag Change: ID '00E20047175FC068217A4701' -> Floor '27'
[2026-07-15 09:58:31] Tag flapping: suppressed 414 repeated tag-change log lines in the last 60s
[2026-07-15 09:59:30] Tag Change: ID '00E2004718990068218DDB01' -> Floor '27'
[2026-07-15 09:59:30] Tag Change: ID '00E20047175FC068217A4701' -> Floor '27'
[2026-07-15 09:59:32] Tag flapping: suppressed 385 repeated tag-change log lines in the last 60s
[2026-07-15 10:00:30] Tag Change: ID '00E2004718990068218DDB01' -> Floor '27'
[2026-07-15 10:00:31] Tag Change: ID '00E20047175FC068217A4701' -> Floor '27'
[2026-07-15 10:00:32] Tag flapping: suppressed 414 repeated tag-change log lines in the last 60s
[2026-07-15 10:01:31] Tag Change: ID '00E2004718990068218DDB01' -> Floor '27'
[2026-07-15 10:01:31] Tag Change: ID '00E20047175FC068217A4701' -> Floor '27'
[2026-07-15 10:01:32] Tag flapping: suppressed 397 repeated tag-change log lines in the last 60s
[2026-07-15 10:01:51] Tag Change: ID '00E20047175AC0682179F701' -> Floor '26'
[2026-07-15 10:01:52] Status Updated: Floor '26'
[2026-07-15 10:01:53] Tag Change: ID '00E20047177F3068217C3E01' -> Floor '25'
[2026-07-15 10:01:54] Tag Change: ID '00E2004717608068217A5301' -> Floor '24'
[2026-07-15 10:01:55] Tag Change: ID '00E2004717644068217A8F01' -> Floor '23'
[2026-07-15 10:01:57] Tag Change: ID '00E20047175800682179CB01' -> Floor '22'
[2026-07-15 10:01:58] Tag Change: ID '00E2004718BB706821900201' -> Floor '21'
[2026-07-15 10:01:58] Status Updated: Floor '21'
[2026-07-15 10:02:01] Tag Change: ID '00E20047179B8068217E0301' -> Floor '20'
[2026-07-15 10:02:01] Status Updated: Floor '20'
[2026-07-15 10:02:01] Tag Change: ID '00E2004718BC306821900E01' -> Floor '20'
[2026-07-15 10:02:18] Tag Change: ID '00E200471797C068217DC701' -> Floor '19'
[2026-07-15 10:02:18] Tag Change: ID '00E2004718C1706821906201' -> Floor '19'
[2026-07-15 10:02:18] Status Updated: Floor '19'
[2026-07-15 10:02:19] Tag Change: ID '00E2004717AF0068217F3B01' -> Floor '18'
[2026-07-15 10:02:20] Tag Change: ID '00E20047173A40682177EF01' -> Floor '17'
[2026-07-15 10:02:22] Tag Change: ID '00E2004717D890682181D401' -> Floor '16'
[2026-07-15 10:02:22] Tag Change: ID '00E2004717DAD0682181F801' -> Floor '16'
[2026-07-15 10:02:23] Status Updated: Floor '16'
[2026-07-15 10:02:24] Tag Change: ID '00E2004717DB506821820001' -> Floor '14'
[2026-07-15 10:02:25] Status Updated: Floor '14'
[2026-07-15 10:02:26] Tag Change: ID '00E20047179AC068217DF701' -> Floor '13'
[2026-07-15 10:02:27] Tag Change: ID '00E20047173640682177AF01' -> Floor '12'
[2026-07-15 10:02:28] Status Updated: Floor '12'
[2026-07-15 10:02:29] Tag Change: ID '00E20047173800682177CB01' -> Floor '11'
[2026-07-15 10:02:30] Tag Change: ID '00E20047177B8068217C0301' -> Floor '10'
[2026-07-15 10:02:31] Tag Change: ID '00E2004717ED506821832001' -> Floor '9'
[2026-07-15 10:02:32] Tag Change: ID '00E20047173F406821783F01' -> Floor '9'
[2026-07-15 10:02:32] Status Updated: Floor '9'
[2026-07-15 10:02:34] Tag Change: ID '00E20047177A4068217BEF01' -> Floor '7'
[2026-07-15 10:02:34] Tag flapping: suppressed 198 repeated tag-change log lines in the last 61s
[2026-07-15 10:02:34] Tag Change: ID '00E20047179B0068217DFB01' -> Floor '7'
[2026-07-15 10:02:35] Status Updated: Floor '7'
[2026-07-15 10:02:37] Tag Change: ID '00E200471783C068217C8701' -> Floor '5'
[2026-07-15 10:02:37] Tag Change: ID '00E20047173A80682177F301' -> Floor '5'
[2026-07-15 10:02:37] Status Updated: Floor '5'
[2026-07-15 10:02:38] Tag Change: ID '00E20047173CC06821781701' -> Floor '4'
[2026-07-15 10:02:40] Tag Change: ID '00E2004717834068217C7F01' -> Floor '3'
[2026-07-15 10:02:41] Tag Change: ID '00E20047173B00682177FB01' -> Floor '2'
[2026-07-15 10:02:41] Tag Change: ID '00E2004717D650682181B001' -> Floor '2'
[2026-07-15 10:02:41] Status Updated: Floor '2'
[2026-07-15 10:02:43] Tag Change: ID '00E20047173780682177C301' -> Floor '1'
[2026-07-15 10:02:44] Tag Change: ID '00E20047177F8068217C4301' -> Floor '0'
[2026-07-15 10:02:46] Tag Change: ID '00E2004717818068217C6301' -> Floor '0'
[2026-07-15 10:02:46] Status Updated: Floor '0'
[2026-07-15 10:02:47] Tag Change: ID '00E20047173F006821783B01' -> Floor '0'
[2026-07-15 10:03:08] Status Updated: Floor '2'
[2026-07-15 10:03:11] Tag Change: ID '00E20047177FC068217C4701' -> Floor '4'
[2026-07-15 10:03:14] Tag Change: ID '00E2004717B0C068217F5701' -> Floor '6'
[2026-07-15 10:03:16] Tag Change: ID '00E2004717ED906821832400' -> Floor '8'
[2026-07-15 10:03:21] Status Updated: Floor '11'
[2026-07-15 10:03:22] Tag Change: ID '00E2004717DF906821824401' -> Floor '12'
[2026-07-15 10:03:25] Tag Change: ID '00E2004717DB506821820001' -> Floor '14'
[2026-07-15 10:03:26] Tag Change: ID '00E2004717DB10682181FC01' -> Floor '15'
[2026-07-15 10:03:28] Tag Change: ID '00E20047173FC06821784701' -> Floor '16'
[2026-07-15 10:03:29] Tag Change: ID '00E20047173A40682177EF01' -> Floor '17'
[2026-07-15 10:03:29] Status Updated: Floor '17'
[2026-07-15 10:03:30] Tag Change: ID '00E2004717AF0068217F3B01' -> Floor '18'
[2026-07-15 10:03:32] Tag Change: ID '00E200471797C068217DC701' -> Floor '19'
[2026-07-15 10:03:32] Tag Change: ID '00E2004718C1706821906201' -> Floor '19'
[2026-07-15 10:03:32] Status Updated: Floor '19'
[2026-07-15 10:03:33] Tag Change: ID '00E20047179B8068217E0301' -> Floor '20'
[2026-07-15 10:03:34] Tag Change: ID '00E2004718BB706821900201' -> Floor '21'
[2026-07-15 10:03:36] Tag Change: ID '00E20047175800682179CB01' -> Floor '22'
[2026-07-15 10:03:37] Tag Change: ID '00E2004717644068217A8F01' -> Floor '23'
[2026-07-15 10:03:39] Tag Change: ID '00E2004717608068217A5301' -> Floor '24'
[2026-07-15 10:03:40] Status Updated: Floor '24'
[2026-07-15 10:03:40] Tag Change: ID '00E2004718A0C068218E5701' -> Floor '24'
[2026-07-15 10:03:47] Tag flapping: suppressed 175 repeated tag-change log lines in the last 60s
[2026-07-15 10:04:32] Tag Change: ID '00E20047177F3068217C3E01' -> Floor '25'
[2026-07-15 10:04:33] Tag Change: ID '00E20047175AC0682179F701' -> Floor '26'
[2026-07-15 10:04:33] Tag Change: ID '00E200471894C068218D9701' -> Floor '26'
[2026-07-15 10:04:33] Status Updated: Floor '26'
[2026-07-15 10:04:34] Tag Change: ID '00E20047189BC068218E0701' -> Floor '27'
[2026-07-15 10:04:36] Tag Change: ID '00E2004718990068218DDB01' -> Floor '27'
[2026-07-15 10:04:36] Status Updated: Floor '27'
[2026-07-15 10:04:36] Tag Change: ID '00E20047175FC068217A4701' -> Floor '27'
[2026-07-15 10:04:47] Tag flapping: suppressed 357 repeated tag-change log lines in the last 60s
[2026-07-15 10:05:36] Tag Change: ID '00E2004718990068218DDB01' -> Floor '27'
[2026-07-15 10:05:36] Tag Change: ID '00E20047175FC068217A4701' -> Floor '27'
[2026-07-15 10:05:48] Tag flapping: suppressed 397 repeated tag-change log lines in the last 60s
[2026-07-15 10:06:36] Tag Change: ID '00E2004718990068218DDB01' -> Floor '27'
[2026-07-15 10:06:36] Tag Change: ID '00E20047175FC068217A4701' -> Floor '27'
[2026-07-15 10:06:48] Tag flapping: suppressed 418 repeated tag-change log lines in the last 60s
[2026-07-15 10:07:37] Tag Change: ID '00E2004718990068218DDB01' -> Floor '27'
[2026-07-15 10:07:37] Tag Change: ID '00E20047175FC068217A4701' -> Floor '27'
[2026-07-15 10:07:48] Tag flapping: suppressed 422 repeated tag-change log lines in the last 60s
[2026-07-15 10:08:37] Tag Change: ID '00E2004718990068218DDB01' -> Floor '27'
[2026-07-15 10:08:37] Tag Change: ID '00E20047175FC068217A4701' -> Floor '27'
[2026-07-15 10:08:48] Tag flapping: suppressed 388 repeated tag-change log lines in the last 60s
[2026-07-15 10:09:37] Tag Change: ID '00E2004718990068218DDB01' -> Floor '27'
[2026-07-15 10:09:37] Tag Change: ID '00E20047175FC068217A4701' -> Floor '27'
[2026-07-15 10:09:49] Tag flapping: suppressed 410 repeated tag-change log lines in the last 60s
[2026-07-15 10:10:37] Tag Change: ID '00E2004718990068218DDB01' -> Floor '27'
[2026-07-15 10:10:37] Tag Change: ID '00E20047175FC068217A4701' -> Floor '27'
[2026-07-15 10:10:49] Tag flapping: suppressed 390 repeated tag-change log lines in the last 60s
[2026-07-15 10:11:37] Tag Change: ID '00E2004718990068218DDB01' -> Floor '27'
[2026-07-15 10:11:38] Tag Change: ID '00E20047175FC068217A4701' -> Floor '27'
[2026-07-15 10:11:49] Tag flapping: suppressed 397 repeated tag-change log lines in the last 60s
[2026-07-15 10:12:37] Tag Change: ID '00E2004718990068218DDB01' -> Floor '27'
[2026-07-15 10:12:38] Tag Change: ID '00E20047175FC068217A4701' -> Floor '27'
[2026-07-15 10:12:49] Tag flapping: suppressed 395 repeated tag-change log lines in the last 60s
[2026-07-15 10:13:38] Tag Change: ID '00E2004718990068218DDB01' -> Floor '27'
[2026-07-15 10:13:38] Tag Change: ID '00E20047175FC068217A4701' -> Floor '27'
[2026-07-15 10:13:50] Tag flapping: suppressed 381 repeated tag-change log lines in the last 60s
[2026-07-15 10:14:38] Tag Change: ID '00E2004718990068218DDB01' -> Floor '27'
[2026-07-15 10:14:38] Tag Change: ID '00E20047175FC068217A4701' -> Floor '27'
[2026-07-15 10:14:50] Tag flapping: suppressed 425 repeated tag-change log lines in the last 60s
[2026-07-15 10:15:38] Tag Change: ID '00E20047175FC068217A4701' -> Floor '27'
[2026-07-15 10:15:38] Tag Change: ID '00E2004718990068218DDB01' -> Floor '27'
[2026-07-15 10:15:50] Tag flapping: suppressed 402 repeated tag-change log lines in the last 60s
[2026-07-15 10:16:38] Tag Change: ID '00E20047175FC068217A4701' -> Floor '27'
[2026-07-15 10:16:38] Tag Change: ID '00E2004718990068218DDB01' -> Floor '27'
[2026-07-15 10:16:50] Tag flapping: suppressed 412 repeated tag-change log lines in the last 60s
[2026-07-15 10:17:39] Tag Change: ID '00E2004718990068218DDB01' -> Floor '27'
[2026-07-15 10:17:39] Tag Change: ID '00E20047175FC068217A4701' -> Floor '27'
[2026-07-15 10:17:51] Tag flapping: suppressed 401 repeated tag-change log lines in the last 60s
[2026-07-15 10:18:20] Tag Change: ID '00E20047189BC068218E0701' -> Floor '27'
[2026-07-15 10:18:21] Tag Change: ID '00E20047175AC0682179F701' -> Floor '26'
[2026-07-15 10:18:22] Tag Change: ID '00E20047177F3068217C3E01' -> Floor '25'
[2026-07-15 10:18:22] Status Updated: Floor '25'
[2026-07-15 10:18:23] Tag Change: ID '00E2004717608068217A5301' -> Floor '24'
[2026-07-15 10:18:24] Status Updated: Floor '24'
[2026-07-15 10:18:25] Tag Change: ID '00E2004718A98068218EE301' -> Floor '23'
[2026-07-15 10:18:25] Tag Change: ID '00E2004717644068217A8F01' -> Floor '23'
[2026-07-15 10:18:25] Status Updated: Floor '23'
[2026-07-15 10:18:28] Tag Change: ID '00E2004718B87068218FD201' -> Floor '22'
[2026-07-15 10:18:29] Status Updated: Floor '22'
[2026-07-15 10:18:29] Tag Change: ID '00E20047175800682179CB01' -> Floor '22'
[2026-07-15 10:18:45] Tag Change: ID '00E2004718BB706821900201' -> Floor '21'
[2026-07-15 10:18:45] Status Updated: Floor '21'
[2026-07-15 10:18:46] Tag Change: ID '00E2004718BC306821900E01' -> Floor '20'
[2026-07-15 10:18:47] Tag Change: ID '00E200471797C068217DC701' -> Floor '19'
[2026-07-15 10:18:47] Tag Change: ID '00E2004718C1706821906201' -> Floor '19'
[2026-07-15 10:18:47] Status Updated: Floor '19'
[2026-07-15 10:18:48] Tag Change: ID '00E2004718A5C068218EA701' -> Floor '18'
[2026-07-15 10:18:50] Tag Change: ID '00E2004717D4106821818C01' -> Floor '17'
[2026-07-15 10:18:51] Tag Change: ID '00E2004717D890682181D401' -> Floor '16'
[2026-07-15 10:18:51] Tag flapping: suppressed 263 repeated tag-change log lines in the last 60s
[2026-07-15 10:18:51] Status Updated: Floor '16'
[2026-07-15 10:18:53] Tag Change: ID '00E2004717DB10682181FC01' -> Floor '15'
[2026-07-15 10:18:53] Status Updated: Floor '15'
[2026-07-15 10:18:54] Tag Change: ID '00E2004717DB506821820001' -> Floor '14'
[2026-07-15 10:18:57] Tag Change: ID '00E2004717DF906821824401' -> Floor '12'
[2026-07-15 10:18:57] Tag Change: ID '00E20047173640682177AF01' -> Floor '12'
[2026-07-15 10:18:57] Status Updated: Floor '12'
[2026-07-15 10:18:58] Tag Change: ID '00E20047173800682177CB01' -> Floor '11'
[2026-07-15 10:18:59] Tag Change: ID '00E2004718A08068218E5301' -> Floor '10'
[2026-07-15 10:19:01] Tag Change: ID '00E20047173F406821783F01' -> Floor '9'
[2026-07-15 10:19:01] Status Updated: Floor '9'
[2026-07-15 10:19:04] Tag Change: ID '00E20047179B0068217DFB01' -> Floor '7'
[2026-07-15 10:19:04] Status Updated: Floor '7'
[2026-07-15 10:19:05] Tag Change: ID '00E2004717B0C068217F5701' -> Floor '6'
[2026-07-15 10:19:05] Status Updated: Floor '6'
[2026-07-15 10:19:06] Tag Change: ID '00E200471783C068217C8701' -> Floor '5'
[2026-07-15 10:19:08] Tag Change: ID '00E20047173CC06821781701' -> Floor '4'
[2026-07-15 10:19:09] Tag Change: ID '00E2004717834068217C7F01' -> Floor '3'
[2026-07-15 10:19:10] Tag Change: ID '00E2004717D650682181B001' -> Floor '2'
[2026-07-15 10:19:11] Tag Change: ID '00E20047173B00682177FB01' -> Floor '2'
[2026-07-15 10:19:11] Status Updated: Floor '2'
[2026-07-15 10:19:12] Tag Change: ID '00E2004717E0506821825001' -> Floor '1'
[2026-07-15 10:19:13] Tag Change: ID '00E20047177F8068217C4301' -> Floor '0'
[2026-07-15 10:19:15] Tag Change: ID '00E2004717818068217C6301' -> Floor '0'
[2026-07-15 10:19:15] Status Updated: Floor '0'
[2026-07-15 10:20:11] Tag Change: ID '00E20047173F006821783B01' -> Floor '0'
[2026-07-15 10:20:13] Tag Change: ID '00E2004717E0506821825001' -> Floor '1'
[2026-07-15 10:20:15] Tag Change: ID '00E20047173B00682177FB01' -> Floor '2'
[2026-07-15 10:20:15] Tag Change: ID '00E2004717D650682181B001' -> Floor '2'
[2026-07-15 10:20:15] Status Updated: Floor '2'
[2026-07-15 10:20:16] Tag Change: ID '00E2004717834068217C7F01' -> Floor '3'
[2026-07-15 10:20:18] Tag Change: ID '00E20047173CC06821781701' -> Floor '4'
[2026-07-15 10:20:20] Tag Change: ID '00E2004717850068217C9B01' -> Floor '6'
[2026-07-15 10:20:23] Tag Change: ID '00E2004717940068217D8B01' -> Floor '8'
[2026-07-15 10:20:24] Tag Change: ID '00E2004717ED506821832001' -> Floor '9'
[2026-07-15 10:20:25] Status Updated: Floor '9'
[2026-07-15 10:20:26] Tag Change: ID '00E20047177B8068217C0301' -> Floor '10'
[2026-07-15 10:20:27] Tag Change: ID '00E20047173800682177CB01' -> Floor '11'
[2026-07-15 10:20:27] Status Updated: Floor '11'
[2026-07-15 10:20:29] Tag Change: ID '00E20047173640682177AF01' -> Floor '12'
[2026-07-15 10:20:30] Tag Change: ID '00E2004717E4506821829001' -> Floor '13'
[2026-07-15 10:20:31] Tag Change: ID '00E200471795C068217DA701' -> Floor '14'
[2026-07-15 10:20:33] Tag Change: ID '00E2004717DB10682181FC01' -> Floor '15'
[2026-07-15 10:20:34] Tag Change: ID '00E20047173FC06821784701' -> Floor '16'
[2026-07-15 10:20:36] Tag Change: ID '00E20047173A40682177EF01' -> Floor '17'
[2026-07-15 10:20:36] Status Updated: Floor '17'
[2026-07-15 10:20:37] Tag Change: ID '00E2004717AF0068217F3B01' -> Floor '18'
[2026-07-15 10:20:38] Tag Change: ID '00E200471797C068217DC701' -> Floor '19'
[2026-07-15 10:20:39] Tag Change: ID '00E20047179B8068217E0301' -> Floor '20'
[2026-07-15 10:20:40] Status Updated: Floor '20'
[2026-07-15 10:20:41] Tag Change: ID '00E20047175F0068217A3B01' -> Floor '21'
[2026-07-15 10:20:41] Status Updated: Floor '21'
[2026-07-15 10:20:42] Tag Change: ID '00E2004718B87068218FD201' -> Floor '22'
[2026-07-15 10:20:45] Tag Change: ID '00E2004718A98068218EE301' -> Floor '23'
[2026-07-15 10:20:45] Tag Change: ID '00E2004717644068217A8F01' -> Floor '23'
[2026-07-15 10:20:45] Status Updated: Floor '23'
[2026-07-15 10:21:03] Tag Change: ID '00E2004717608068217A5301' -> Floor '24'
[2026-07-15 10:21:04] Status Updated: Floor '24'
[2026-07-15 10:21:05] Tag Change: ID '00E20047177F3068217C3E01' -> Floor '25'
[2026-07-15 10:21:05] Status Updated: Floor '25'
[2026-07-15 10:21:06] Tag Change: ID '00E20047175AC0682179F701' -> Floor '26'
[2026-07-15 10:21:06] Tag Change: ID '00E200471894C068218D9701' -> Floor '26'
[2026-07-15 10:21:07] Status Updated: Floor '26'
[2026-07-15 10:21:07] Tag Change: ID '00E20047189BC068218E0701' -> Floor '27'
[2026-07-15 10:21:07] Status Updated: Floor '27'
[2026-07-15 10:21:09] Tag Change: ID '00E2004718990068218DDB01' -> Floor '27'
[2026-07-15 10:21:09] Tag Change: ID '00E20047175FC068217A4701' -> Floor '27'
[2026-07-15 10:21:12] Tag flapping: suppressed 115 repeated tag-change log lines in the last 60s
[2026-07-15 10:22:00] Status Updated: Floor '26'
[2026-07-15 10:22:02] Tag Change: ID '00E2004718A0C068218E5701' -> Floor '24'
[2026-07-15 10:22:03] Status Updated: Floor '24'
[2026-07-15 10:22:05] Tag Change: ID '00E2004718A98068218EE301' -> Floor '23'
[2026-07-15 10:22:05] Tag Change: ID '00E2004717644068217A8F01' -> Floor '23'
[2026-07-15 10:22:05] Status Updated: Floor '23'
[2026-07-15 10:22:13] Tag flapping: suppressed 352 repeated tag-change log lines in the last 60s
[2026-07-15 10:22:56] Tag Change: ID '00E2004717608068217A5301' -> Floor '24'
[2026-07-15 10:22:56] Status Updated: Floor '24'
[2026-07-15 10:22:57] Tag Change: ID '00E20047177F3068217C3E01' -> Floor '25'
[2026-07-15 10:22:58] Status Updated: Floor '25'
[2026-07-15 10:22:59] Tag Change: ID '00E20047175AC0682179F701' -> Floor '26'
[2026-07-15 10:22:59] Status Updated: Floor '26'
[2026-07-15 10:23:02] Tag Change: ID '00E2004718990068218DDB01' -> Floor '27'
[2026-07-15 10:23:02] Status Updated: Floor '27'
[2026-07-15 10:23:02] Tag Change: ID '00E20047175FC068217A4701' -> Floor '27'
[2026-07-15 10:23:13] Tag flapping: suppressed 354 repeated tag-change log lines in the last 60s
[2026-07-15 10:24:02] Tag Change: ID '00E2004718990068218DDB01' -> Floor '27'
[2026-07-15 10:24:02] Tag Change: ID '00E20047175FC068217A4701' -> Floor '27'
[2026-07-15 10:24:13] Tag flapping: suppressed 379 repeated tag-change log lines in the last 60s
[2026-07-15 10:24:30] Tag Change: ID '00E20047175AC0682179F701' -> Floor '26'
[2026-07-15 10:24:31] Status Updated: Floor '26'
[2026-07-15 10:24:31] Tag Change: ID '00E200471894C068218D9701' -> Floor '26'
[2026-07-15 10:24:49] Tag Change: ID '00E20047177F3068217C3E01' -> Floor '25'
[2026-07-15 10:24:50] Status Updated: Floor '25'
[2026-07-15 10:24:51] Tag Change: ID '00E2004717608068217A5301' -> Floor '24'
[2026-07-15 10:24:51] Status Updated: Floor '24'
[2026-07-15 10:24:52] Tag Change: ID '00E2004718A98068218EE301' -> Floor '23'
[2026-07-15 10:24:52] Status Updated: Floor '23'
[2026-07-15 10:24:55] Tag Change: ID '00E20047175F0068217A3B01' -> Floor '21'
[2026-07-15 10:24:55] Tag Change: ID '00E2004718BB706821900201' -> Floor '21'
[2026-07-15 10:24:55] Status Updated: Floor '21'
[2026-07-15 10:24:56] Tag Change: ID '00E20047179B8068217E0301' -> Floor '20'
[2026-07-15 10:24:56] Status Updated: Floor '20'
[2026-07-15 10:24:57] Tag Change: ID '00E200471797C068217DC701' -> Floor '19'
[2026-07-15 10:24:59] Tag Change: ID '00E2004718A5C068218EA701' -> Floor '18'
[2026-07-15 10:25:00] Tag Change: ID '00E2004717D4106821818C01' -> Floor '17'
[2026-07-15 10:25:01] Tag Change: ID '00E20047173FC06821784701' -> Floor '16'
[2026-07-15 10:25:02] Status Updated: Floor '16'
[2026-07-15 10:25:02] Tag Change: ID '00E2004717DAD0682181F801' -> Floor '16'
[2026-07-15 10:25:03] Tag Change: ID '00E20047179A4068217DEF01' -> Floor '15'
[2026-07-15 10:25:03] Tag Change: ID '00E2004717DB10682181FC01' -> Floor '15'
[2026-07-15 10:25:03] Status Updated: Floor '15'
[2026-07-15 10:25:04] Tag Change: ID '00E2004717DB506821820001' -> Floor '14'
[2026-07-15 10:25:06] Tag Change: ID '00E2004717E4506821829001' -> Floor '13'
[2026-07-15 10:25:07] Tag Change: ID '00E20047173640682177AF01' -> Floor '12'
[2026-07-15 10:25:07] Status Updated: Floor '12'
[2026-07-15 10:25:08] Tag Change: ID '00E20047173800682177CB01' -> Floor '11'
[2026-07-15 10:25:09] Status Updated: Floor '11'
[2026-07-15 10:25:10] Tag Change: ID '00E2004718A08068218E5301' -> Floor '10'
[2026-07-15 10:25:11] Tag Change: ID '00E20047173F406821783F01' -> Floor '9'
[2026-07-15 10:25:12] Tag Change: ID '00E2004717940068217D8B01' -> Floor '8'
[2026-07-15 10:25:13] Status Updated: Floor '8'
[2026-07-15 10:25:14] Tag Change: ID '00E20047179B0068217DFB01' -> Floor '7'
[2026-07-15 10:25:14] Tag flapping: suppressed 218 repeated tag-change log lines in the last 60s
[2026-07-15 10:25:14] Status Updated: Floor '7'
[2026-07-15 10:25:15] Tag Change: ID '00E2004717B0C068217F5701' -> Floor '6'
[2026-07-15 10:25:17] Tag Change: ID '00E200471783C068217C8701' -> Floor '5'
[2026-07-15 10:25:18] Tag Change: ID '00E20047177FC068217C4701' -> Floor '4'
[2026-07-15 10:25:21] Tag Change: ID '00E2004717D650682181B001' -> Floor '2'
[2026-07-15 10:25:22] Tag Change: ID '00E20047173780682177C301' -> Floor '1'
[2026-07-15 10:25:24] Tag Change: ID '00E20047177F8068217C4301' -> Floor '0'
[2026-07-15 10:25:25] Tag Change: ID '00E20047173F006821783B01' -> Floor '0'
[2026-07-15 10:25:25] Status Updated: Floor '0'
[2026-07-15 10:26:24] Tag Change: ID '00E2004717818068217C6301' -> Floor '0'
[2026-07-15 10:26:25] Tag Change: ID '00E20047177F8068217C4301' -> Floor '0'
[2026-07-15 10:26:27] Tag Change: ID '00E2004717E0506821825001' -> Floor '1'
[2026-07-15 10:26:28] Tag Change: ID '00E20047173B00682177FB01' -> Floor '2'
[2026-07-15 10:26:31] Tag Change: ID '00E20047177FC068217C4701' -> Floor '4'
[2026-07-15 10:26:31] Tag Change: ID '00E20047173CC06821781701' -> Floor '4'
[2026-07-15 10:26:31] Status Updated: Floor '4'
[2026-07-15 10:26:32] Tag Change: ID '00E20047173A80682177F301' -> Floor '5'
[2026-07-15 10:26:32] Tag Change: ID '00E200471783C068217C8701' -> Floor '5'
[2026-07-15 10:26:33] Status Updated: Floor '5'
[2026-07-15 10:26:34] Tag Change: ID '00E2004717B0C068217F5701' -> Floor '6'
[2026-07-15 10:26:35] Tag Change: ID '00E20047179B0068217DFB01' -> Floor '7'
[2026-07-15 10:26:36] Tag Change: ID '00E2004717940068217D8B01' -> Floor '8'
[2026-07-15 10:26:37] Status Updated: Floor '8'
[2026-07-15 10:26:38] Tag Change: ID '00E20047173F406821783F01' -> Floor '9'
[2026-07-15 10:26:39] Tag Change: ID '00E2004718A08068218E5301' -> Floor '10'
[2026-07-15 10:26:41] Tag Change: ID '00E20047173800682177CB01' -> Floor '11'
[2026-07-15 10:26:41] Status Updated: Floor '11'
[2026-07-15 10:26:42] Tag Change: ID '00E2004717DF906821824401' -> Floor '12'
[2026-07-15 10:26:42] Status Updated: Floor '12'
[2026-07-15 10:26:45] Tag Change: ID '00E2004717DB506821820001' -> Floor '14'
[2026-07-15 10:26:46] Tag Change: ID '00E20047179A4068217DEF01' -> Floor '15'
[2026-07-15 10:26:46] Tag Change: ID '00E2004717DB10682181FC01' -> Floor '15'
[2026-07-15 10:26:46] Status Updated: Floor '15'
[2026-07-15 10:26:48] Tag Change: ID '00E20047173FC06821784701' -> Floor '16'
[2026-07-15 10:26:48] Status Updated: Floor '16'
[2026-07-15 10:26:49] Tag Change: ID '00E20047173A40682177EF01' -> Floor '17'
[2026-07-15 10:26:50] Tag Change: ID '00E2004717AF0068217F3B01' -> Floor '18'
[2026-07-15 10:26:53] Tag Change: ID '00E200471797C068217DC701' -> Floor '19'
[2026-07-15 10:26:53] Status Updated: Floor '19'
[2026-07-15 10:26:53] Tag Change: ID '00E2004718C1706821906201' -> Floor '19'
[2026-07-15 10:27:08] Tag Change: ID '00E20047179B8068217E0301' -> Floor '20'
[2026-07-15 10:27:08] Tag Change: ID '00E2004718BC306821900E01' -> Floor '20'
[2026-07-15 10:27:09] Status Updated: Floor '20'
[2026-07-15 10:27:10] Tag Change: ID '00E20047175F0068217A3B01' -> Floor '21'
[2026-07-15 10:27:10] Tag Change: ID '00E2004718BB706821900201' -> Floor '21'
[2026-07-15 10:27:10] Status Updated: Floor '21'
[2026-07-15 10:27:11] Tag Change: ID '00E2004718B87068218FD201' -> Floor '22'
[2026-07-15 10:27:14] Tag Change: ID '00E2004717644068217A8F01' -> Floor '23'
[2026-07-15 10:27:14] Status Updated: Floor '23'
[2026-07-15 10:27:14] Tag Change: ID '00E2004718A98068218EE301' -> Floor '23'
[2026-07-15 10:27:53] Tag flapping: suppressed 344 repeated tag-change log lines in the last 60s
[2026-07-15 10:28:04] Status Updated: Floor '21'
[2026-07-15 10:28:06] Tag Change: ID '00E200471797C068217DC701' -> Floor '19'
[2026-07-15 10:28:06] Tag Change: ID '00E2004718C1706821906201' -> Floor '19'
[2026-07-15 10:28:07] Status Updated: Floor '19'
[2026-07-15 10:28:26] Tag Change: ID '00E2004717AF0068217F3B01' -> Floor '18'
[2026-07-15 10:28:28] Tag Change: ID '00E2004717D4106821818C01' -> Floor '17'
[2026-07-15 10:28:28] Tag Change: ID '00E20047173A40682177EF01' -> Floor '17'
[2026-07-15 10:28:28] Status Updated: Floor '17'
[2026-07-15 10:28:30] Tag Change: ID '00E20047173FC06821784701' -> Floor '16'
[2026-07-15 10:28:30] Tag Change: ID '00E2004717D890682181D401' -> Floor '16'
[2026-07-15 10:28:30] Status Updated: Floor '16'
[2026-07-15 10:28:48] Tag Change: ID '00E2004717DB10682181FC01' -> Floor '15'
[2026-07-15 10:28:48] Tag Change: ID '00E20047179A4068217DEF01' -> Floor '15'
[2026-07-15 10:28:48] Status Updated: Floor '15'
[2026-07-15 10:28:49] Tag Change: ID '00E2004717DB506821820001' -> Floor '14'
[2026-07-15 10:28:49] Tag Change: ID '00E200471795C068217DA701' -> Floor '14'
[2026-07-15 10:28:49] Status Updated: Floor '14'
[2026-07-15 10:28:52] Tag Change: ID '00E2004717DF906821824401' -> Floor '12'
[2026-07-15 10:28:53] Tag Change: ID '00E20047173800682177CB01' -> Floor '11'
[2026-07-15 10:28:54] Status Updated: Floor '11'
[2026-07-15 10:28:56] Tag Change: ID '00E20047173F406821783F01' -> Floor '9'
[2026-07-15 10:28:56] Tag flapping: suppressed 262 repeated tag-change log lines in the last 62s
[2026-07-15 10:28:57] Tag Change: ID '00E2004717ED906821832400' -> Floor '8'
[2026-07-15 10:28:57] Tag Change: ID '00E2004717940068217D8B01' -> Floor '8'
[2026-07-15 10:28:58] Status Updated: Floor '8'
[2026-07-15 10:28:59] Tag Change: ID '00E20047179B0068217DFB01' -> Floor '7'
[2026-07-15 10:29:00] Tag Change: ID '00E2004717B0C068217F5701' -> Floor '6'
[2026-07-15 10:29:00] Status Updated: Floor '6'
[2026-07-15 10:29:02] Tag Change: ID '00E200471783C068217C8701' -> Floor '5'
[2026-07-15 10:29:04] Tag Change: ID '00E2004717834068217C7F01' -> Floor '3'
[2026-07-15 10:29:06] Tag Change: ID '00E2004717D650682181B001' -> Floor '2'
[2026-07-15 10:29:06] Tag Change: ID '00E20047173B00682177FB01' -> Floor '2'
[2026-07-15 10:29:06] Status Updated: Floor '2'
[2026-07-15 10:29:07] Tag Change: ID '00E2004717E0506821825001' -> Floor '1'
[2026-07-15 10:29:09] Tag Change: ID '00E20047177F8068217C4301' -> Floor '0'
[2026-07-15 10:29:11] Tag Change: ID '00E20047173F006821783B01' -> Floor '0'
[2026-07-15 10:29:11] Status Updated: Floor '0'
[2026-07-15 10:29:11] Tag Change: ID '00E2004717818068217C6301' -> Floor '0'
[2026-07-15 10:30:16] Tag Change: ID '00E2004717818068217C6301' -> Floor '0'
[2026-07-15 10:30:16] Tag flapping: suppressed 119 repeated tag-change log lines in the last 64s
[2026-07-15 10:30:17] Tag Change: ID '00E20047177F8068217C4301' -> Floor '0'
[2026-07-15 10:30:19] Tag Change: ID '00E2004717E0506821825001' -> Floor '1'
[2026-07-15 10:30:20] Tag Change: ID '00E2004717D650682181B001' -> Floor '2'
[2026-07-15 10:30:21] Tag Change: ID '00E2004717834068217C7F01' -> Floor '3'
[2026-07-15 10:30:23] Tag Change: ID '00E20047173CC06821781701' -> Floor '4'
[2026-07-15 10:30:24] Tag Change: ID '00E200471783C068217C8701' -> Floor '5'
[2026-07-15 10:30:26] Tag Change: ID '00E2004717B0C068217F5701' -> Floor '6'
[2026-07-15 10:30:27] Tag Change: ID '00E20047179B0068217DFB01' -> Floor '7'
[2026-07-15 10:30:28] Tag Change: ID '00E2004717ED906821832400' -> Floor '8'
[2026-07-15 10:30:30] Tag Change: ID '00E20047173F406821783F01' -> Floor '9'
[2026-07-15 10:30:30] Tag Change: ID '00E2004717ED506821832001' -> Floor '9'
[2026-07-15 10:30:30] Status Updated: Floor '9'
[2026-07-15 10:30:31] Tag Change: ID '00E20047177B8068217C0301' -> Floor '10'
[2026-07-15 10:30:32] Tag Change: ID '00E20047173800682177CB01' -> Floor '11'
[2026-07-15 10:30:34] Tag Change: ID '00E2004717DF906821824401' -> Floor '12'
[2026-07-15 10:30:34] Tag Change: ID '00E20047173640682177AF01' -> Floor '12'
[2026-07-15 10:30:34] Status Updated: Floor '12'
[2026-07-15 10:30:35] Tag Change: ID '00E20047179AC068217DF701' -> Floor '13'
[2026-07-15 10:30:37] Tag Change: ID '00E2004717DB506821820001' -> Floor '14'
[2026-07-15 10:30:37] Tag Change: ID '00E200471795C068217DA701' -> Floor '14'
[2026-07-15 10:30:37] Status Updated: Floor '14'
[2026-07-15 10:30:38] Tag Change: ID '00E20047179A4068217DEF01' -> Floor '15'
[2026-07-15 10:30:39] Tag Change: ID '00E2004717D890682181D401' -> Floor '16'
[2026-07-15 10:30:40] Status Updated: Floor '16'
[2026-07-15 10:30:41] Tag Change: ID '00E20047173A40682177EF01' -> Floor '17'
[2026-07-15 10:30:42] Tag Change: ID '00E2004717AF0068217F3B01' -> Floor '18'
[2026-07-15 10:30:43] Tag Change: ID '00E2004718C1706821906201' -> Floor '19'
[2026-07-15 10:30:44] Status Updated: Floor '19'
[2026-07-15 10:30:45] Tag Change: ID '00E2004718BC306821900E01' -> Floor '20'
[2026-07-15 10:30:46] Tag Change: ID '00E20047175F0068217A3B01' -> Floor '21'
[2026-07-15 10:30:47] Tag Change: ID '00E20047175800682179CB01' -> Floor '22'
[2026-07-15 10:30:49] Tag Change: ID '00E2004717644068217A8F01' -> Floor '23'
[2026-07-15 10:30:49] Status Updated: Floor '23'
[2026-07-15 10:30:50] Tag Change: ID '00E2004717608068217A5301' -> Floor '24'
[2026-07-15 10:30:51] Tag Change: ID '00E20047177F3068217C3E01' -> Floor '25'
[2026-07-15 10:30:53] Tag Change: ID '00E20047175AC0682179F701' -> Floor '26'
[2026-07-15 10:30:53] Tag Change: ID '00E200471894C068218D9701' -> Floor '26'
[2026-07-15 10:30:53] Status Updated: Floor '26'
[2026-07-15 10:30:54] Tag Change: ID '00E20047189BC068218E0701' -> Floor '27'
[2026-07-15 10:30:55] Tag Change: ID '00E2004718990068218DDB01' -> Floor '27'
[2026-07-15 10:30:56] Status Updated: Floor '27'
[2026-07-15 10:30:56] Tag Change: ID '00E20047175FC068217A4701' -> Floor '27'
[2026-07-15 10:31:56] Tag Change: ID '00E2004718990068218DDB01' -> Floor '27'
[2026-07-15 10:31:56] Tag Change: ID '00E20047175FC068217A4701' -> Floor '27'
[2026-07-15 10:31:56] Tag flapping: suppressed 414 repeated tag-change log lines in the last 60s
[2026-07-15 10:32:56] Tag Change: ID '00E2004718990068218DDB01' -> Floor '27'
[2026-07-15 10:32:56] Tag Change: ID '00E20047175FC068217A4701' -> Floor '27'
[2026-07-15 10:32:56] Tag flapping: suppressed 397 repeated tag-change log lines in the last 60s
[2026-07-15 10:33:56] Tag Change: ID '00E2004718990068218DDB01' -> Floor '27'
[2026-07-15 10:33:56] Tag Change: ID '00E20047175FC068217A4701' -> Floor '27'
[2026-07-15 10:33:56] Tag flapping: suppressed 391 repeated tag-change log lines in the last 60s
[2026-07-15 10:34:56] Tag Change: ID '00E2004718990068218DDB01' -> Floor '27'
[2026-07-15 10:34:57] Tag Change: ID '00E20047175FC068217A4701' -> Floor '27'
[2026-07-15 10:34:57] Tag flapping: suppressed 404 repeated tag-change log lines in the last 60s
[2026-07-15 10:35:56] Tag Change: ID '00E2004718990068218DDB01' -> Floor '27'
[2026-07-15 10:35:57] Tag Change: ID '00E20047175FC068217A4701' -> Floor '27'
[2026-07-15 10:35:57] Tag flapping: suppressed 425 repeated tag-change log lines in the last 60s
[2026-07-15 10:36:57] Tag Change: ID '00E2004718990068218DDB01' -> Floor '27'
[2026-07-15 10:36:57] Tag Change: ID '00E20047175FC068217A4701' -> Floor '27'
[2026-07-15 10:36:57] Tag flapping: suppressed 419 repeated tag-change log lines in the last 60s
[2026-07-15 10:37:57] Tag Change: ID '00E2004718990068218DDB01' -> Floor '27'
[2026-07-15 10:37:57] Tag Change: ID '00E20047175FC068217A4701' -> Floor '27'
[2026-07-15 10:37:57] Tag flapping: suppressed 388 repeated tag-change log lines in the last 60s
[2026-07-15 10:38:36] Tag Change: ID '00E200471894C068218D9701' -> Floor '26'
[2026-07-15 10:38:36] Tag Change: ID '00E20047175AC0682179F701' -> Floor '26'
[2026-07-15 10:38:36] Status Updated: Floor '26'
[2026-07-15 10:38:37] Tag Change: ID '00E20047177F3068217C3E01' -> Floor '25'
[2026-07-15 10:38:39] Tag Change: ID '00E2004717608068217A5301' -> Floor '24'
[2026-07-15 10:38:40] Tag Change: ID '00E2004717644068217A8F01' -> Floor '23'
[2026-07-15 10:38:50] Error sending status: HTTPSConnectionPool(host='nitzaelev-default-rtdb.europe-west1.firebasedatabase.app', port=443): Max retries exceeded with url: /elevators/C.json (Caused by NameResolutionError("HTTPSConnection(host='nitzaelev-default-rtdb.europe-west1.firebasedatabase.app', port=443): Failed to resolve 'nitzaelev-default-rtdb.europe-west1.firebasedatabase.app' ([Errno -3] Temporary failure in name resolution)"))
[2026-07-15 10:38:50] Tag Change: ID '00E20047175F0068217A3B01' -> Floor '21'
[2026-07-15 10:38:50] Tag Change: ID '00E2004718BB706821900201' -> Floor '21'
[2026-07-15 10:38:51] Status Updated: Floor '21'
[2026-07-15 10:38:58] Tag flapping: suppressed 284 repeated tag-change log lines in the last 60s
[2026-07-15 10:39:34] Tag Change: ID '00E2004718BC306821900E01' -> Floor '20'
[2026-07-15 10:39:34] Status Updated: Floor '20'
[2026-07-15 10:39:35] Tag Change: ID '00E200471797C068217DC701' -> Floor '19'
[2026-07-15 10:39:36] Status Updated: Floor '19'
[2026-07-15 10:39:37] Tag Change: ID '00E2004717AF0068217F3B01' -> Floor '18'
[2026-07-15 10:39:38] Tag Change: ID '00E20047173A40682177EF01' -> Floor '17'
[2026-07-15 10:39:39] Tag Change: ID '00E20047173FC06821784701' -> Floor '16'
[2026-07-15 10:39:45] Status Updated: Floor '16'
[2026-07-15 10:39:45] Tag Change: ID '00E20047173640682177AF01' -> Floor '12'
[2026-07-15 10:39:46] Tag Change: ID '00E20047173800682177CB01' -> Floor '11'
[2026-07-15 10:39:47] Status Updated: Floor '11'
[2026-07-15 10:39:48] Tag Change: ID '00E2004718A08068218E5301' -> Floor '10'
[2026-07-15 10:39:49] Tag Change: ID '00E20047173F406821783F01' -> Floor '9'
[2026-07-15 10:39:49] Status Updated: Floor '9'
[2026-07-15 10:39:50] Tag Change: ID '00E2004717940068217D8B01' -> Floor '8'
[2026-07-15 10:39:51] Status Updated: Floor '8'
[2026-07-15 10:39:52] Tag Change: ID '00E20047179B0068217DFB01' -> Floor '7'
[2026-07-15 10:39:53] Tag Change: ID '00E2004717B0C068217F5701' -> Floor '6'
[2026-07-15 10:39:55] Tag Change: ID '00E200471783C068217C8701' -> Floor '5'
[2026-07-15 10:39:56] Tag Change: ID '00E20047173CC06821781701' -> Floor '4'
[2026-07-15 10:39:59] Tag Change: ID '00E20047173B00682177FB01' -> Floor '2'
[2026-07-15 10:39:59] Tag flapping: suppressed 243 repeated tag-change log lines in the last 60s
[2026-07-15 10:39:59] Status Updated: Floor '2'
[2026-07-15 10:40:00] Tag Change: ID '00E2004717E0506821825001' -> Floor '1'
[2026-07-15 10:40:01] Tag Change: ID '00E20047177F8068217C4301' -> Floor '0'
[2026-07-15 10:40:02] Status Updated: Floor '0'
[2026-07-15 10:40:04] Tag Change: ID '00E2004717818068217C6301' -> Floor '0'
[2026-07-15 10:40:04] Tag Change: ID '00E20047173F006821783B01' -> Floor '0'
[2026-07-15 10:41:09] Tag Change: ID '00E2004717818068217C6301' -> Floor '0'
[2026-07-15 10:41:09] Tag flapping: suppressed 114 repeated tag-change log lines in the last 64s
[2026-07-15 10:41:10] Tag Change: ID '00E20047177F8068217C4301' -> Floor '0'
[2026-07-15 10:41:11] Tag Change: ID '00E2004717E0506821825001' -> Floor '1'
[2026-07-15 10:41:12] Status Updated: Floor '1'
[2026-07-15 10:41:13] Tag Change: ID '00E2004717D650682181B001' -> Floor '2'
[2026-07-15 10:41:13] Status Updated: Floor '2'
[2026-07-15 10:41:14] Tag Change: ID '00E2004717834068217C7F01' -> Floor '3'
[2026-07-15 10:41:16] Tag Change: ID '00E20047173CC06821781701' -> Floor '4'
[2026-07-15 10:41:17] Tag Change: ID '00E20047173A80682177F301' -> Floor '5'
[2026-07-15 10:41:18] Tag Change: ID '00E2004717B0C068217F5701' -> Floor '6'
[2026-07-15 10:41:20] Tag Change: ID '00E20047179B0068217DFB01' -> Floor '7'
[2026-07-15 10:41:20] Status Updated: Floor '7'
[2026-07-15 10:41:21] Tag Change: ID '00E2004717ED906821832400' -> Floor '8'
[2026-07-15 10:41:21] Status Updated: Floor '8'
[2026-07-15 10:41:22] Tag Change: ID '00E20047173F406821783F01' -> Floor '9'
[2026-07-15 10:41:24] Tag Change: ID '00E2004718A08068218E5301' -> Floor '10'
[2026-07-15 10:41:25] Tag Change: ID '00E20047173800682177CB01' -> Floor '11'
[2026-07-15 10:41:25] Status Updated: Floor '11'
[2026-07-15 10:41:27] Tag Change: ID '00E20047173640682177AF01' -> Floor '12'
[2026-07-15 10:41:27] Tag Change: ID '00E2004717DF906821824401' -> Floor '12'
[2026-07-15 10:41:27] Status Updated: Floor '12'
[2026-07-15 10:41:29] Tag Change: ID '00E2004717DB506821820001' -> Floor '14'
[2026-07-15 10:41:30] Status Updated: Floor '14'
[2026-07-15 10:41:31] Tag Change: ID '00E2004717DB10682181FC01' -> Floor '15'
[2026-07-15 10:41:31] Status Updated: Floor '15'
[2026-07-15 10:41:32] Tag Change: ID '00E2004717D890682181D401' -> Floor '16'
[2026-07-15 10:41:33] Tag Change: ID '00E20047173A40682177EF01' -> Floor '17'
[2026-07-15 10:41:34] Status Updated: Floor '17'
[2026-07-15 10:41:35] Tag Change: ID '00E2004717AF0068217F3B01' -> Floor '18'
[2026-07-15 10:41:36] Tag Change: ID '00E200471797C068217DC701' -> Floor '19'
[2026-07-15 10:41:36] Status Updated: Floor '19'
[2026-07-15 10:41:37] Tag Change: ID '00E2004718BC306821900E01' -> Floor '20'
[2026-07-15 10:41:37] Tag Change: ID '00E20047179B8068217E0301' -> Floor '20'
[2026-07-15 10:41:38] Status Updated: Floor '20'
[2026-07-15 10:41:39] Tag Change: ID '00E2004718BB706821900201' -> Floor '21'
[2026-07-15 10:41:40] Tag Change: ID '00E2004718B87068218FD201' -> Floor '22'
[2026-07-15 10:41:41] Tag Change: ID '00E2004717644068217A8F01' -> Floor '23'
[2026-07-15 10:41:42] Status Updated: Floor '23'
[2026-07-15 10:41:43] Tag Change: ID '00E2004717608068217A5301' -> Floor '24'
[2026-07-15 10:41:44] Tag Change: ID '00E20047177F3068217C3E01' -> Floor '25'
[2026-07-15 10:41:46] Tag Change: ID '00E20047175AC0682179F701' -> Floor '26'
[2026-07-15 10:41:46] Status Updated: Floor '26'
[2026-07-15 10:41:46] Tag Change: ID '00E20047189BC068218E0701' -> Floor '27'
[2026-07-15 10:41:48] Tag Change: ID '00E20047175FC068217A4701' -> Floor '27'
[2026-07-15 10:41:48] Status Updated: Floor '27'
[2026-07-15 10:41:49] Tag Change: ID '00E2004718990068218DDB01' -> Floor '27'
[2026-07-15 10:42:49] Tag Change: ID '00E20047175FC068217A4701' -> Floor '27'
[2026-07-15 10:42:49] Tag Change: ID '00E2004718990068218DDB01' -> Floor '27'
[2026-07-15 10:42:49] Tag flapping: suppressed 384 repeated tag-change log lines in the last 60s
[2026-07-15 10:43:49] Tag Change: ID '00E2004718990068218DDB01' -> Floor '27'
[2026-07-15 10:43:49] Tag Change: ID '00E20047175FC068217A4701' -> Floor '27'
[2026-07-15 10:43:49] Tag flapping: suppressed 413 repeated tag-change log lines in the last 60s
[2026-07-15 10:44:49] Tag Change: ID '00E2004718990068218DDB01' -> Floor '27'
[2026-07-15 10:44:50] Tag Change: ID '00E20047175FC068217A4701' -> Floor '27'
[2026-07-15 10:44:50] Tag flapping: suppressed 394 repeated tag-change log lines in the last 60s
[2026-07-15 10:45:49] Tag Change: ID '00E2004718990068218DDB01' -> Floor '27'
[2026-07-15 10:45:50] Tag Change: ID '00E20047175FC068217A4701' -> Floor '27'
[2026-07-15 10:45:50] Tag flapping: suppressed 393 repeated tag-change log lines in the last 60s
[2026-07-15 10:46:49] Tag Change: ID '00E2004718990068218DDB01' -> Floor '27'
[2026-07-15 10:46:50] Tag Change: ID '00E20047175FC068217A4701' -> Floor '27'
[2026-07-15 10:46:50] Tag flapping: suppressed 425 repeated tag-change log lines in the last 60s
[2026-07-15 10:47:49] Tag Change: ID '00E2004718990068218DDB01' -> Floor '27'
[2026-07-15 10:47:50] Tag Change: ID '00E20047175FC068217A4701' -> Floor '27'
[2026-07-15 10:47:50] Tag flapping: suppressed 423 repeated tag-change log lines in the last 60s
[2026-07-15 10:48:49] Tag Change: ID '00E2004718990068218DDB01' -> Floor '27'
[2026-07-15 10:48:50] Tag Change: ID '00E20047175FC068217A4701' -> Floor '27'
[2026-07-15 10:48:50] Tag flapping: suppressed 419 repeated tag-change log lines in the last 60s
[2026-07-15 10:49:49] Tag Change: ID '00E2004718990068218DDB01' -> Floor '27'
[2026-07-15 10:49:50] Tag flapping: suppressed 424 repeated tag-change log lines in the last 60s
[2026-07-15 10:49:51] Tag Change: ID '00E20047175FC068217A4701' -> Floor '27'
[2026-07-15 10:50:21] Tag Change: ID '00E20047189BC068218E0701' -> Floor '27'
[2026-07-15 10:50:21] Tag Change: ID '00E200471894C068218D9701' -> Floor '26'
[2026-07-15 10:50:21] Tag Change: ID '00E20047175AC0682179F701' -> Floor '26'
[2026-07-15 10:50:22] Status Updated: Floor '26'
[2026-07-15 10:50:24] Tag Change: ID '00E2004717608068217A5301' -> Floor '24'
[2026-07-15 10:50:26] Tag Change: ID '00E2004717644068217A8F01' -> Floor '23'
[2026-07-15 10:50:27] Tag Change: ID '00E2004718B87068218FD201' -> Floor '22'
[2026-07-15 10:50:28] Tag Change: ID '00E2004718BB706821900201' -> Floor '21'
[2026-07-15 10:50:30] Tag Change: ID '00E2004718BC306821900E01' -> Floor '20'
[2026-07-15 10:50:31] Tag Change: ID '00E2004718C1706821906201' -> Floor '19'
[2026-07-15 10:50:31] Status Updated: Floor '19'
[2026-07-15 10:50:32] Tag Change: ID '00E2004717AF0068217F3B01' -> Floor '18'
[2026-07-15 10:50:35] Tag Change: ID '00E2004717D4106821818C01' -> Floor '17'
[2026-07-15 10:50:35] Tag Change: ID '00E20047173A40682177EF01' -> Floor '17'
[2026-07-15 10:50:35] Status Updated: Floor '17'
[2026-07-15 10:50:51] Tag flapping: suppressed 294 repeated tag-change log lines in the last 60s
[2026-07-15 10:51:04] Tag Change: ID '00E2004717D890682181D401' -> Floor '16'
[2026-07-15 10:51:05] Tag Change: ID '00E20047179A4068217DEF01' -> Floor '15'
[2026-07-15 10:51:06] Status Updated: Floor '15'
[2026-07-15 10:51:07] Tag Change: ID '00E2004717DB506821820001' -> Floor '14'
[2026-07-15 10:51:10] Tag Change: ID '00E2004717DF906821824401' -> Floor '12'
[2026-07-15 10:51:10] Tag Change: ID '00E20047173640682177AF01' -> Floor '12'
[2026-07-15 10:51:10] Status Updated: Floor '12'
[2026-07-15 10:51:11] Tag Change: ID '00E20047173800682177CB01' -> Floor '11'
[2026-07-15 10:51:12] Status Updated: Floor '11'
[2026-07-15 10:51:12] Tag Change: ID '00E2004718A08068218E5301' -> Floor '10'
[2026-07-15 10:51:14] Tag Change: ID '00E20047173F406821783F01' -> Floor '9'
[2026-07-15 10:51:15] Tag Change: ID '00E2004717940068217D8B01' -> Floor '8'
[2026-07-15 10:51:17] Tag Change: ID '00E20047179B0068217DFB01' -> Floor '7'
[2026-07-15 10:51:18] Tag Change: ID '00E2004717B0C068217F5701' -> Floor '6'
[2026-07-15 10:51:19] Tag Change: ID '00E20047173A80682177F301' -> Floor '5'
[2026-07-15 10:51:22] Tag Change: ID '00E2004717834068217C7F01' -> Floor '3'
[2026-07-15 10:51:23] Tag Change: ID '00E2004717D650682181B001' -> Floor '2'
[2026-07-15 10:51:25] Tag Change: ID '00E2004717E0506821825001' -> Floor '1'
[2026-07-15 10:51:25] Status Updated: Floor '1'
[2026-07-15 10:51:26] Tag Change: ID '00E20047177F8068217C4301' -> Floor '0'
[2026-07-15 10:51:28] Tag Change: ID '00E2004717818068217C6301' -> Floor '0'
[2026-07-15 10:51:28] Status Updated: Floor '0'
[2026-07-15 10:52:25] Tag Change: ID '00E20047173F006821783B01' -> Floor '0'
[2026-07-15 10:52:25] Tag flapping: suppressed 71 repeated tag-change log lines in the last 93s
[2026-07-15 10:52:27] Tag Change: ID '00E20047173780682177C301' -> Floor '1'
[2026-07-15 10:52:29] Tag Change: ID '00E2004717D650682181B001' -> Floor '2'
[2026-07-15 10:52:29] Status Updated: Floor '2'
[2026-07-15 10:52:30] Tag Change: ID '00E2004717834068217C7F01' -> Floor '3'
[2026-07-15 10:52:33] Tag Change: ID '00E20047177FC068217C4701' -> Floor '4'
[2026-07-15 10:52:33] Tag Change: ID '00E20047173CC06821781701' -> Floor '4'
[2026-07-15 10:52:34] Status Updated: Floor '4'
[2026-07-15 10:52:53] Status Updated: Floor '2'
[2026-07-15 10:52:54] Tag Change: ID '00E2004717E0506821825001' -> Floor '1'
[2026-07-15 10:52:55] Tag Change: ID '00E20047177F8068217C4301' -> Floor '0'
[2026-07-15 10:52:58] Status Updated: Floor '0'
[2026-07-15 10:52:58] Tag Change: ID '00E2004717818068217C6301' -> Floor '0'
[2026-07-15 10:53:20] Status Updated: Floor '3'
[2026-07-15 10:53:22] Tag Change: ID '00E20047173A80682177F301' -> Floor '5'
[2026-07-15 10:53:23] Tag Change: ID '00E2004717B0C068217F5701' -> Floor '6'
[2026-07-15 10:53:26] Tag Change: ID '00E20047179B0068217DFB01' -> Floor '7'
[2026-07-15 10:53:26] Tag flapping: suppressed 118 repeated tag-change log lines in the last 60s
[2026-07-15 10:53:27] Status Updated: Floor '7'
[2026-07-15 10:53:45] Tag Change: ID '00E200471783C068217C8701' -> Floor '5'
[2026-07-15 10:53:45] Status Updated: Floor '5'
[2026-07-15 10:53:46] Tag Change: ID '00E20047173CC06821781701' -> Floor '4'
[2026-07-15 10:53:46] Status Updated: Floor '4'
[2026-07-15 10:53:47] Tag Change: ID '00E2004717834068217C7F01' -> Floor '3'
[2026-07-15 10:53:49] Tag Change: ID '00E20047173B00682177FB01' -> Floor '2'
[2026-07-15 10:53:49] Status Updated: Floor '2'
[2026-07-15 10:53:50] Status Updated: Floor '1'
[2026-07-15 10:53:54] Tag Change: ID '00E20047173F006821783B01' -> Floor '0'
[2026-07-15 10:53:54] Status Updated: Floor '0'
[2026-07-15 10:53:58] Tag Change: ID '00E2004717818068217C6301' -> Floor '0'
[2026-07-15 10:54:38] Tag Change: ID '00E20047177F8068217C4301' -> Floor '0'
[2026-07-15 10:54:39] Tag Change: ID '00E20047173780682177C301' -> Floor '1'
[2026-07-15 10:54:41] Tag Change: ID '00E2004717D650682181B001' -> Floor '2'
[2026-07-15 10:54:45] Tag Change: ID '00E20047173A80682177F301' -> Floor '5'
[2026-07-15 10:54:45] Tag flapping: suppressed 114 repeated tag-change log lines in the last 61s
[2026-07-15 10:54:46] Tag Change: ID '00E2004717B0C068217F5701' -> Floor '6'
[2026-07-15 10:54:48] Tag Change: ID '00E20047179B0068217DFB01' -> Floor '7'
[2026-07-15 10:54:48] Tag Change: ID '00E20047177A4068217BEF01' -> Floor '7'
[2026-07-15 10:54:48] Status Updated: Floor '7'
[2026-07-15 10:54:50] Tag Change: ID '00E2004717ED906821832400' -> Floor '8'
[2026-07-15 10:54:50] Tag Change: ID '00E2004717940068217D8B01' -> Floor '8'
[2026-07-15 10:54:51] Status Updated: Floor '8'
[2026-07-15 10:55:40] Tag Change: ID '00E20047173F406821783F01' -> Floor '9'
[2026-07-15 10:55:40] Status Updated: Floor '9'
[2026-07-15 10:55:42] Tag Change: ID '00E20047177B8068217C0301' -> Floor '10'
[2026-07-15 10:55:43] Tag Change: ID '00E20047173800682177CB01' -> Floor '11'
[2026-07-15 10:55:43] Status Updated: Floor '11'
[2026-07-15 10:55:44] Tag Change: ID '00E2004717DF906821824401' -> Floor '12'
[2026-07-15 10:55:47] Tag Change: ID '00E2004717DB506821820001' -> Floor '14'
[2026-07-15 10:55:49] Tag Change: ID '00E20047179A4068217DEF01' -> Floor '15'
[2026-07-15 10:55:50] Tag Change: ID '00E20047173FC06821784701' -> Floor '16'
[2026-07-15 10:55:50] Tag Change: ID '00E2004717D890682181D401' -> Floor '16'
[2026-07-15 10:55:50] Status Updated: Floor '16'
[2026-07-15 10:55:51] Tag Change: ID '00E20047173A40682177EF01' -> Floor '17'
[2026-07-15 10:55:53] Tag Change: ID '00E2004717AF0068217F3B01' -> Floor '18'
[2026-07-15 10:55:53] Tag flapping: suppressed 312 repeated tag-change log lines in the last 61s
[2026-07-15 10:55:54] Tag Change: ID '00E200471797C068217DC701' -> Floor '19'
[2026-07-15 10:55:54] Tag Change: ID '00E2004718C1706821906201' -> Floor '19'
[2026-07-15 10:55:54] Status Updated: Floor '19'
[2026-07-15 10:55:55] Tag Change: ID '00E2004718BC306821900E01' -> Floor '20'
[2026-07-15 10:55:56] Status Updated: Floor '20'
[2026-07-15 10:55:57] Tag Change: ID '00E20047175F0068217A3B01' -> Floor '21'
[2026-07-15 10:55:58] Tag Change: ID '00E2004718B87068218FD201' -> Floor '22'
[2026-07-15 10:55:59] Tag Change: ID '00E2004717644068217A8F01' -> Floor '23'
[2026-07-15 10:55:59] Status Updated: Floor '23'
[2026-07-15 10:56:01] Tag Change: ID '00E2004717608068217A5301' -> Floor '24'
[2026-07-15 10:56:01] Status Updated: Floor '24'
[2026-07-15 10:56:02] Tag Change: ID '00E20047177F3068217C3E01' -> Floor '25'
[2026-07-15 10:56:02] Status Updated: Floor '25'
[2026-07-15 10:56:03] Tag Change: ID '00E200471894C068218D9701' -> Floor '26'
[2026-07-15 10:56:03] Tag Change: ID '00E20047175AC0682179F701' -> Floor '26'
[2026-07-15 10:56:04] Status Updated: Floor '26'
[2026-07-15 10:56:04] Tag Change: ID '00E20047189BC068218E0701' -> Floor '27'
[2026-07-15 10:56:06] Tag Change: ID '00E20047175FC068217A4701' -> Floor '27'
[2026-07-15 10:56:06] Status Updated: Floor '27'
[2026-07-15 10:56:06] Tag Change: ID '00E2004718990068218DDB01' -> Floor '27'
[2026-07-15 10:56:52] Status Updated: Floor '26'
[2026-07-15 10:56:53] Status Updated: Floor '25'
[2026-07-15 10:56:54] Tag Change: ID '00E2004718A0C068218E5701' -> Floor '24'
[2026-07-15 10:56:55] Status Updated: Floor '24'
[2026-07-15 10:56:59] Tag Change: ID '00E20047175800682179CB01' -> Floor '22'
[2026-07-15 10:56:59] Status Updated: Floor '22'
[2026-07-15 10:56:59] Tag Change: ID '00E2004718B87068218FD201' -> Floor '22'
[2026-07-15 10:57:07] Tag flapping: suppressed 344 repeated tag-change log lines in the last 60s
[2026-07-15 10:57:18] Tag Change: ID '00E20047175F0068217A3B01' -> Floor '21'
[2026-07-15 10:57:18] Status Updated: Floor '21'
[2026-07-15 10:57:19] Tag Change: ID '00E2004718BC306821900E01' -> Floor '20'
[2026-07-15 10:57:19] Tag Change: ID '00E20047179B8068217E0301' -> Floor '20'
[2026-07-15 10:57:19] Status Updated: Floor '20'
[2026-07-15 10:57:20] Tag Change: ID '00E2004718C1706821906201' -> Floor '19'
[2026-07-15 10:57:21] Status Updated: Floor '19'
[2026-07-15 10:57:22] Tag Change: ID '00E2004718A5C068218EA701' -> Floor '18'
[2026-07-15 10:57:23] Tag Change: ID '00E20047173A40682177EF01' -> Floor '17'
[2026-07-15 10:57:24] Tag Change: ID '00E20047173FC06821784701' -> Floor '16'
[2026-07-15 10:57:25] Status Updated: Floor '16'
[2026-07-15 10:57:25] Tag Change: ID '00E2004717DAD0682181F801' -> Floor '16'
[2026-07-15 10:57:26] Tag Change: ID '00E20047179A4068217DEF01' -> Floor '15'
[2026-07-15 10:57:27] Tag Change: ID '00E2004717DB506821820001' -> Floor '14'
[2026-07-15 10:57:27] Status Updated: Floor '14'
[2026-07-15 10:57:28] Tag Change: ID '00E20047179AC068217DF701' -> Floor '13'
[2026-07-15 10:57:30] Tag Change: ID '00E20047173640682177AF01' -> Floor '12'
[2026-07-15 10:57:30] Status Updated: Floor '12'
[2026-07-15 10:57:31] Tag Change: ID '00E20047173800682177CB01' -> Floor '11'
[2026-07-15 10:57:31] Status Updated: Floor '11'
[2026-07-15 10:57:33] Tag Change: ID '00E2004718A08068218E5301' -> Floor '10'
[2026-07-15 10:57:34] Tag Change: ID '00E20047173F406821783F01' -> Floor '9'
[2026-07-15 10:57:35] Tag Change: ID '00E2004717940068217D8B01' -> Floor '8'
[2026-07-15 10:57:35] Tag Change: ID '00E2004717ED906821832400' -> Floor '8'
[2026-07-15 10:57:36] Status Updated: Floor '8'
[2026-07-15 10:57:37] Tag Change: ID '00E20047179B0068217DFB01' -> Floor '7'
[2026-07-15 10:57:37] Status Updated: Floor '7'
[2026-07-15 10:57:38] Tag Change: ID '00E2004717B0C068217F5701' -> Floor '6'
[2026-07-15 10:57:39] Tag Change: ID '00E20047173A80682177F301' -> Floor '5'
[2026-07-15 10:57:40] Status Updated: Floor '5'
[2026-07-15 10:57:42] Tag Change: ID '00E2004717834068217C7F01' -> Floor '3'
[2026-07-15 10:57:44] Tag Change: ID '00E2004717D650682181B001' -> Floor '2'
[2026-07-15 10:57:45] Tag Change: ID '00E2004717E0506821825001' -> Floor '1'
[2026-07-15 10:57:46] Tag Change: ID '00E20047177F8068217C4301' -> Floor '0'
[2026-07-15 10:57:47] Status Updated: Floor '0'
[2026-07-15 10:57:49] Tag Change: ID '00E2004717818068217C6301' -> Floor '0'
[2026-07-15 10:57:49] Tag Change: ID '00E20047173F006821783B01' -> Floor '0'
[2026-07-15 10:58:56] Tag Change: ID '00E20047177F8068217C4301' -> Floor '0'
[2026-07-15 10:58:56] Tag flapping: suppressed 192 repeated tag-change log lines in the last 109s
[2026-07-15 10:58:58] Tag Change: ID '00E2004717E0506821825001' -> Floor '1'
[2026-07-15 10:58:59] Tag Change: ID '00E2004717D650682181B001' -> Floor '2'
[2026-07-15 10:58:59] Status Updated: Floor '2'
[2026-07-15 10:59:00] Tag Change: ID '00E2004717834068217C7F01' -> Floor '3'
[2026-07-15 10:59:02] Tag Change: ID '00E20047177FC068217C4701' -> Floor '4'
[2026-07-15 10:59:02] Status Updated: Floor '4'
[2026-07-15 10:59:03] Tag Change: ID '00E20047173A80682177F301' -> Floor '5'
[2026-07-15 10:59:03] Status Updated: Floor '5'
[2026-07-15 10:59:05] Tag Change: ID '00E2004717B0C068217F5701' -> Floor '6'
[2026-07-15 10:59:06] Tag Change: ID '00E20047179B0068217DFB01' -> Floor '7'
[2026-07-15 10:59:06] Tag Change: ID '00E20047177A4068217BEF01' -> Floor '7'
[2026-07-15 10:59:06] Status Updated: Floor '7'
[2026-07-15 10:59:07] Tag Change: ID '00E2004717940068217D8B01' -> Floor '8'
[2026-07-15 10:59:09] Tag Change: ID '00E2004717ED506821832001' -> Floor '9'
[2026-07-15 10:59:10] Tag Change: ID '00E20047177B8068217C0301' -> Floor '10'
[2026-07-15 10:59:12] Tag Change: ID '00E20047173800682177CB01' -> Floor '11'
[2026-07-15 10:59:13] Tag Change: ID '00E2004717DF906821824401' -> Floor '12'
[2026-07-15 10:59:13] Status Updated: Floor '12'
[2026-07-15 10:59:14] Tag Change: ID '00E2004717E4506821829001' -> Floor '13'
[2026-07-15 10:59:16] Tag Change: ID '00E2004717DB506821820001' -> Floor '14'
[2026-07-15 10:59:16] Status Updated: Floor '14'
[2026-07-15 10:59:17] Tag Change: ID '00E2004717DB10682181FC01' -> Floor '15'
[2026-07-15 10:59:18] Tag Change: ID '00E2004717D890682181D401' -> Floor '16'
[2026-07-15 10:59:20] Tag Change: ID '00E20047173A40682177EF01' -> Floor '17'
[2026-07-15 10:59:20] Status Updated: Floor '17'
[2026-07-15 10:59:21] Tag Change: ID '00E2004717AF0068217F3B01' -> Floor '18'
[2026-07-15 10:59:22] Tag Change: ID '00E200471797C068217DC701' -> Floor '19'
[2026-07-15 10:59:24] Tag Change: ID '00E20047179B8068217E0301' -> Floor '20'
[2026-07-15 10:59:24] Tag Change: ID '00E2004718BC306821900E01' -> Floor '20'
[2026-07-15 10:59:24] Status Updated: Floor '20'
[2026-07-15 10:59:25] Tag Change: ID '00E20047175F0068217A3B01' -> Floor '21'
[2026-07-15 10:59:25] Tag Change: ID '00E2004718BB706821900201' -> Floor '21'
[2026-07-15 10:59:25] Status Updated: Floor '21'
[2026-07-15 10:59:28] Tag Change: ID '00E2004717644068217A8F01' -> Floor '23'
[2026-07-15 10:59:28] Status Updated: Floor '23'
[2026-07-15 10:59:29] Tag Change: ID '00E2004717608068217A5301' -> Floor '24'
[2026-07-15 10:59:31] Tag Change: ID '00E20047177F3068217C3E01' -> Floor '25'
[2026-07-15 10:59:32] Tag Change: ID '00E20047175AC0682179F701' -> Floor '26'
[2026-07-15 10:59:32] Tag Change: ID '00E200471894C068218D9701' -> Floor '26'
[2026-07-15 10:59:32] Status Updated: Floor '26'
[2026-07-15 10:59:33] Tag Change: ID '00E20047189BC068218E0701' -> Floor '27'
[2026-07-15 10:59:33] Status Updated: Floor '27'
[2026-07-15 10:59:35] Tag Change: ID '00E2004718990068218DDB01' -> Floor '27'
[2026-07-15 10:59:35] Tag Change: ID '00E20047175FC068217A4701' -> Floor '27'
[2026-07-15 10:59:56] Status Updated: Floor '26'
[2026-07-15 10:59:57] Status Updated: Floor '25'
[2026-07-15 10:59:58] Tag Change: ID '00E2004718A0C068218E5701' -> Floor '24'
[2026-07-15 10:59:58] Status Updated: Floor '24'
[2026-07-15 11:00:00] Tag Change: ID '00E2004718A98068218EE301' -> Floor '23'
[2026-07-15 11:00:00] Status Updated: Floor '23'
[2026-07-15 11:00:01] Tag Change: ID '00E2004718B87068218FD201' -> Floor '22'
[2026-07-15 11:00:02] Status Updated: Floor '21'
[2026-07-15 11:00:04] Status Updated: Floor '20'
[2026-07-15 11:00:05] Status Updated: Floor '19'
[2026-07-15 11:00:09] Status Updated: Floor '16'
[2026-07-15 11:00:10] Tag Change: ID '00E20047179A4068217DEF01' -> Floor '15'
[2026-07-15 11:00:10] Status Updated: Floor '15'
[2026-07-15 11:00:12] Tag Change: ID '00E200471795C068217DA701' -> Floor '14'
[2026-07-15 11:00:13] Tag Change: ID '00E20047179AC068217DF701' -> Floor '13'
[2026-07-15 11:00:14] Tag Change: ID '00E2004717DF906821824401' -> Floor '12'
[2026-07-15 11:00:16] Tag Change: ID '00E20047173800682177CB01' -> Floor '11'
[2026-07-15 11:00:16] Status Updated: Floor '11'
[2026-07-15 11:00:17] Tag Change: ID '00E20047177B8068217C0301' -> Floor '10'
[2026-07-15 11:00:19] Tag Change: ID '00E2004717ED506821832001' -> Floor '9'
[2026-07-15 11:00:20] Tag Change: ID '00E2004717ED906821832400' -> Floor '8'
[2026-07-15 11:00:21] Tag Change: ID '00E20047177A4068217BEF01' -> Floor '7'
[2026-07-15 11:00:23] Tag Change: ID '00E2004717B0C068217F5701' -> Floor '6'
[2026-07-15 11:00:24] Tag Change: ID '00E200471783C068217C8701' -> Floor '5'
[2026-07-15 11:00:25] Tag Change: ID '00E20047177FC068217C4701' -> Floor '4'
[2026-07-15 11:00:27] Tag Change: ID '00E2004717834068217C7F01' -> Floor '3'
[2026-07-15 11:00:28] Tag Change: ID '00E2004717D650682181B001' -> Floor '2'
[2026-07-15 11:00:28] Tag Change: ID '00E20047173B00682177FB01' -> Floor '2'
[2026-07-15 11:00:28] Status Updated: Floor '2'
[2026-07-15 11:00:30] Tag Change: ID '00E2004717E0506821825001' -> Floor '1'
[2026-07-15 11:00:31] Tag Change: ID '00E20047177F8068217C4301' -> Floor '0'
[2026-07-15 11:00:32] Tag Change: ID '00E20047173F006821783B01' -> Floor '0'
[2026-07-15 11:00:32] Status Updated: Floor '0'
[2026-07-15 11:00:58] Tag flapping: suppressed 137 repeated tag-change log lines in the last 82s
[2026-07-15 11:01:03] Tag Change: ID '00E20047173CC06821781701' -> Floor '4'
[2026-07-15 11:01:04] Status Updated: Floor '4'
[2026-07-15 11:01:09] Tag Change: ID '00E20047179B0068217DFB01' -> Floor '7'
[2026-07-15 11:01:09] Status Updated: Floor '7'
[2026-07-15 11:01:35] Tag Change: ID '00E200471783C068217C8701' -> Floor '5'
[2026-07-15 11:01:38] Tag Change: ID '00E2004717834068217C7F01' -> Floor '3'
[2026-07-15 11:01:39] Tag Change: ID '00E2004717D650682181B001' -> Floor '2'
[2026-07-15 11:01:39] Tag Change: ID '00E20047173B00682177FB01' -> Floor '2'
[2026-07-15 11:01:39] Status Updated: Floor '2'
[2026-07-15 11:01:41] Tag Change: ID '00E20047173780682177C301' -> Floor '1'
[2026-07-15 11:01:42] Tag Change: ID '00E20047177F8068217C4301' -> Floor '0'
[2026-07-15 11:01:44] Tag Change: ID '00E2004717818068217C6301' -> Floor '0'
[2026-07-15 11:01:45] Status Updated: Floor '0'
[2026-07-15 11:01:45] Tag Change: ID '00E20047173F006821783B01' -> Floor '0'
[2026-07-15 11:01:59] Tag flapping: suppressed 106 repeated tag-change log lines in the last 60s
[2026-07-15 11:02:09] Status Updated: Floor '2'
[2026-07-15 11:02:12] Tag Change: ID '00E20047173CC06821781701' -> Floor '4'
[2026-07-15 11:02:12] Status Updated: Floor '4'
[2026-07-15 11:02:14] Tag Change: ID '00E2004717B0C068217F5701' -> Floor '6'
[2026-07-15 11:02:16] Tag Change: ID '00E20047179B0068217DFB01' -> Floor '7'
[2026-07-15 11:02:16] Tag Change: ID '00E20047177A4068217BEF01' -> Floor '7'
[2026-07-15 11:02:16] Status Updated: Floor '7'
[2026-07-15 11:02:17] Tag Change: ID '00E2004717ED906821832400' -> Floor '8'
[2026-07-15 11:02:19] Tag Change: ID '00E20047173F406821783F01' -> Floor '9'
[2026-07-15 11:02:20] Tag Change: ID '00E2004718A08068218E5301' -> Floor '10'
[2026-07-15 11:02:21] Tag Change: ID '00E20047173800682177CB01' -> Floor '11'
[2026-07-15 11:02:22] Status Updated: Floor '11'
[2026-07-15 11:02:23] Tag Change: ID '00E2004717DF906821824401' -> Floor '12'
[2026-07-15 11:02:23] Status Updated: Floor '12'
[2026-07-15 11:02:24] Tag Change: ID '00E20047179AC068217DF701' -> Floor '13'
[2026-07-15 11:02:25] Tag Change: ID '00E200471795C068217DA701' -> Floor '14'
[2026-07-15 11:02:27] Tag Change: ID '00E20047179A4068217DEF01' -> Floor '15'
[2026-07-15 11:02:27] Tag Change: ID '00E2004717DB10682181FC01' -> Floor '15'
[2026-07-15 11:02:27] Status Updated: Floor '15'
[2026-07-15 11:02:28] Tag Change: ID '00E2004717DAD0682181F801' -> Floor '16'
[2026-07-15 11:02:28] Tag Change: ID '00E20047173FC06821784701' -> Floor '16'
[2026-07-15 11:02:28] Status Updated: Floor '16'
[2026-07-15 11:02:30] Tag Change: ID '00E20047173A40682177EF01' -> Floor '17'
[2026-07-15 11:02:31] Tag Change: ID '00E2004717AF0068217F3B01' -> Floor '18'
[2026-07-15 11:02:34] Tag Change: ID '00E200471797C068217DC701' -> Floor '19'
[2026-07-15 11:02:34] Status Updated: Floor '19'
[2026-07-15 11:02:34] Tag Change: ID '00E2004718C1706821906201' -> Floor '19'
[2026-07-15 11:02:50] Tag Change: ID '00E2004718BC306821900E01' -> Floor '20'
[2026-07-15 11:02:51] Status Updated: Floor '20'
[2026-07-15 11:02:52] Tag Change: ID '00E20047175F0068217A3B01' -> Floor '21'
[2026-07-15 11:02:52] Tag Change: ID '00E2004718BB706821900201' -> Floor '21'
[2026-07-15 11:02:52] Status Updated: Floor '21'
[2026-07-15 11:02:55] Tag Change: ID '00E20047175800682179CB01' -> Floor '22'
[2026-07-15 11:02:55] Tag Change: ID '00E2004718B87068218FD201' -> Floor '22'
[2026-07-15 11:02:55] Status Updated: Floor '22'
[2026-07-15 11:02:59] Tag flapping: suppressed 166 repeated tag-change log lines in the last 60s
[2026-07-15 11:03:45] Tag Change: ID '00E2004718A98068218EE301' -> Floor '23'
[2026-07-15 11:03:46] Tag Change: ID '00E2004717608068217A5301' -> Floor '24'
[2026-07-15 11:03:46] Tag Change: ID '00E2004718A0C068218E5701' -> Floor '24'
[2026-07-15 11:03:47] Status Updated: Floor '24'
[2026-07-15 11:03:49] Tag Change: ID '00E200471894C068218D9701' -> Floor '26'
[2026-07-15 11:03:49] Tag Change: ID '00E20047175AC0682179F701' -> Floor '26'
[2026-07-15 11:03:49] Status Updated: Floor '26'
[2026-07-15 11:03:52] Tag Change: ID '00E2004718990068218DDB01' -> Floor '27'
[2026-07-15 11:03:52] Tag Change: ID '00E20047175FC068217A4701' -> Floor '27'
[2026-07-15 11:03:52] Status Updated: Floor '27'
[2026-07-15 11:04:00] Tag flapping: suppressed 352 repeated tag-change log lines in the last 60s
[2026-07-15 11:04:52] Tag Change: ID '00E20047175FC068217A4701' -> Floor '27'
[2026-07-15 11:04:52] Tag Change: ID '00E2004718990068218DDB01' -> Floor '27'
[2026-07-15 11:05:00] Tag flapping: suppressed 388 repeated tag-change log lines in the last 60s
[2026-07-15 11:05:52] Tag Change: ID '00E20047175FC068217A4701' -> Floor '27'
[2026-07-15 11:05:52] Tag Change: ID '00E2004718990068218DDB01' -> Floor '27'
[2026-07-15 11:06:00] Tag flapping: suppressed 408 repeated tag-change log lines in the last 60s
[2026-07-15 11:06:53] Tag Change: ID '00E20047175FC068217A4701' -> Floor '27'
[2026-07-15 11:06:53] Tag Change: ID '00E2004718990068218DDB01' -> Floor '27'
[2026-07-15 11:07:00] Tag flapping: suppressed 421 repeated tag-change log lines in the last 60s
[2026-07-15 11:07:53] Tag Change: ID '00E20047175FC068217A4701' -> Floor '27'
[2026-07-15 11:07:53] Tag Change: ID '00E2004718990068218DDB01' -> Floor '27'
[2026-07-15 11:08:00] Tag flapping: suppressed 421 repeated tag-change log lines in the last 60s
[2026-07-15 11:08:53] Tag Change: ID '00E2004718990068218DDB01' -> Floor '27'
[2026-07-15 11:08:53] Tag Change: ID '00E20047175FC068217A4701' -> Floor '27'
[2026-07-15 11:09:01] Tag flapping: suppressed 408 repeated tag-change log lines in the last 60s
[2026-07-15 11:09:53] Tag Change: ID '00E2004718990068218DDB01' -> Floor '27'
[2026-07-15 11:09:53] Tag Change: ID '00E20047175FC068217A4701' -> Floor '27'
[2026-07-15 11:10:01] Tag flapping: suppressed 416 repeated tag-change log lines in the last 60s
[2026-07-15 11:10:53] Tag Change: ID '00E2004718990068218DDB01' -> Floor '27'
[2026-07-15 11:10:53] Tag Change: ID '00E20047175FC068217A4701' -> Floor '27'
[2026-07-15 11:11:01] Tag flapping: suppressed 415 repeated tag-change log lines in the last 60s
[2026-07-15 11:11:53] Tag Change: ID '00E2004718990068218DDB01' -> Floor '27'
[2026-07-15 11:11:54] Tag Change: ID '00E20047175FC068217A4701' -> Floor '27'
[2026-07-15 11:12:01] Tag flapping: suppressed 383 repeated tag-change log lines in the last 60s
[2026-07-15 11:12:39] Tag Change: ID '00E200471894C068218D9701' -> Floor '26'
[2026-07-15 11:12:40] Tag Change: ID '00E20047177F3068217C3E01' -> Floor '25'
[2026-07-15 11:12:40] Status Updated: Floor '25'
[2026-07-15 11:12:41] Tag Change: ID '00E2004717608068217A5301' -> Floor '24'
[2026-07-15 11:12:41] Tag Change: ID '00E2004718A0C068218E5701' -> Floor '24'
[2026-07-15 11:12:42] Status Updated: Floor '24'
[2026-07-15 11:12:43] Tag Change: ID '00E2004717644068217A8F01' -> Floor '23'
[2026-07-15 11:12:44] Tag Change: ID '00E2004718B87068218FD201' -> Floor '22'
[2026-07-15 11:12:45] Tag Change: ID '00E20047175F0068217A3B01' -> Floor '21'
[2026-07-15 11:12:46] Status Updated: Floor '21'
[2026-07-15 11:12:47] Tag Change: ID '00E20047179B8068217E0301' -> Floor '20'
[2026-07-15 11:12:48] Tag Change: ID '00E2004718C1706821906201' -> Floor '19'
[2026-07-15 11:12:49] Tag Change: ID '00E2004717AF0068217F3B01' -> Floor '18'
[2026-07-15 11:12:51] Tag Change: ID '00E20047173A40682177EF01' -> Floor '17'
[2026-07-15 11:12:51] Status Updated: Floor '17'
[2026-07-15 11:12:52] Tag Change: ID '00E20047173FC06821784701' -> Floor '16'
[2026-07-15 11:12:52] Status Updated: Floor '16'
[2026-07-15 11:12:53] Tag Change: ID '00E2004717DAD0682181F801' -> Floor '16'
[2026-07-15 11:12:53] Tag Change: ID '00E2004717DB10682181FC01' -> Floor '15'
[2026-07-15 11:12:55] Tag Change: ID '00E2004717DB506821820001' -> Floor '14'
[2026-07-15 11:12:55] Tag Change: ID '00E200471795C068217DA701' -> Floor '14'
[2026-07-15 11:12:55] Status Updated: Floor '14'
[2026-07-15 11:12:56] Tag Change: ID '00E2004717E4506821829001' -> Floor '13'
[2026-07-15 11:12:57] Tag Change: ID '00E20047173640682177AF01' -> Floor '12'
[2026-07-15 11:12:58] Status Updated: Floor '12'
[2026-07-15 11:12:59] Tag Change: ID '00E20047173800682177CB01' -> Floor '11'
[2026-07-15 11:12:59] Status Updated: Floor '11'
[2026-07-15 11:13:00] Tag Change: ID '00E20047177B8068217C0301' -> Floor '10'
[2026-07-15 11:13:02] Tag Change: ID '00E20047173F406821783F01' -> Floor '9'
[2026-07-15 11:13:02] Tag flapping: suppressed 232 repeated tag-change log lines in the last 60s
[2026-07-15 11:13:03] Tag Change: ID '00E2004717ED906821832400' -> Floor '8'
[2026-07-15 11:13:04] Tag Change: ID '00E20047179B0068217DFB01' -> Floor '7'
[2026-07-15 11:13:05] Status Updated: Floor '7'
[2026-07-15 11:13:06] Tag Change: ID '00E2004717B0C068217F5701' -> Floor '6'
[2026-07-15 11:13:07] Tag Change: ID '00E20047173A80682177F301' -> Floor '5'
[2026-07-15 11:13:09] Tag Change: ID '00E20047177FC068217C4701' -> Floor '4'
[2026-07-15 11:13:09] Status Updated: Floor '4'
[2026-07-15 11:13:10] Tag Change: ID '00E2004717834068217C7F01' -> Floor '3'
[2026-07-15 11:13:11] Tag Change: ID '00E20047173B00682177FB01' -> Floor '2'
[2026-07-15 11:13:12] Status Updated: Floor '2'
[2026-07-15 11:13:13] Tag Change: ID '00E2004717E0506821825001' -> Floor '1'
[2026-07-15 11:13:13] Status Updated: Floor '1'
[2026-07-15 11:13:14] Tag Change: ID '00E20047177F8068217C4301' -> Floor '0'
[2026-07-15 11:13:16] Tag Change: ID '00E20047173F006821783B01' -> Floor '0'
[2026-07-15 11:13:17] Status Updated: Floor '0'
[2026-07-15 11:13:17] Tag Change: ID '00E2004717818068217C6301' -> Floor '0'
[2026-07-15 11:13:45] Tag Change: ID '00E20047173780682177C301' -> Floor '1'
[2026-07-15 11:13:46] Status Updated: Floor '2'
[2026-07-15 11:13:51] Status Updated: Floor '5'
[2026-07-15 11:13:52] Status Updated: Floor '6'
[2026-07-15 11:13:59] Tag Change: ID '00E2004718A08068218E5301' -> Floor '10'
[2026-07-15 11:13:59] Status Updated: Floor '10'
[2026-07-15 11:14:00] Tag Change: ID '00E20047177B8068217C0301' -> Floor '10'
[2026-07-15 11:14:17] Tag Change: ID '00E20047173F406821783F01' -> Floor '9'
[2026-07-15 11:14:17] Tag flapping: suppressed 278 repeated tag-change log lines in the last 60s
[2026-07-15 11:14:18] Status Updated: Floor '9'
[2026-07-15 11:14:19] Tag Change: ID '00E2004717ED906821832400' -> Floor '8'
[2026-07-15 11:14:20] Tag Change: ID '00E20047179B0068217DFB01' -> Floor '7'
[2026-07-15 11:14:22] Tag Change: ID '00E2004717B0C068217F5701' -> Floor '6'
[2026-07-15 11:14:23] Tag Change: ID '00E20047173A80682177F301' -> Floor '5'
[2026-07-15 11:14:24] Tag Change: ID '00E20047173CC06821781701' -> Floor '4'
[2026-07-15 11:14:26] Tag Change: ID '00E2004717834068217C7F01' -> Floor '3'
[2026-07-15 11:14:27] Tag Change: ID '00E20047173B00682177FB01' -> Floor '2'
[2026-07-15 11:14:29] Tag Change: ID '00E2004717E0506821825001' -> Floor '1'
[2026-07-15 11:14:30] Tag Change: ID '00E20047177F8068217C4301' -> Floor '0'
[2026-07-15 11:14:30] Status Updated: Floor '0'
[2026-07-15 11:14:33] Tag Change: ID '00E2004717818068217C6301' -> Floor '0'
[2026-07-15 11:14:33] Tag Change: ID '00E20047173F006821783B01' -> Floor '0'
[2026-07-15 11:15:33] Tag Change: ID '00E2004717818068217C6301' -> Floor '0'
[2026-07-15 11:15:33] Tag flapping: suppressed 204 repeated tag-change log lines in the last 60s
[2026-07-15 11:15:33] Tag Change: ID '00E20047173F006821783B01' -> Floor '0'
[2026-07-15 11:15:40] Tag Change: ID '00E20047177F8068217C4301' -> Floor '0'
[2026-07-15 11:15:42] Tag Change: ID '00E2004717E0506821825001' -> Floor '1'
[2026-07-15 11:15:43] Tag Change: ID '00E20047173B00682177FB01' -> Floor '2'
[2026-07-15 11:15:47] Tag Change: ID '00E20047173A80682177F301' -> Floor '5'
[2026-07-15 11:15:49] Tag Change: ID '00E2004717B0C068217F5701' -> Floor '6'
[2026-07-15 11:15:50] Tag Change: ID '00E20047179B0068217DFB01' -> Floor '7'
[2026-07-15 11:15:51] Tag Change: ID '00E2004717ED906821832400' -> Floor '8'
[2026-07-15 11:15:52] Tag Change: ID '00E2004717940068217D8B01' -> Floor '8'
[2026-07-15 11:15:52] Status Updated: Floor '8'
[2026-07-15 11:15:53] Tag Change: ID '00E20047173F406821783F01' -> Floor '9'
[2026-07-15 11:15:53] Tag Change: ID '00E2004717ED506821832001' -> Floor '9'
[2026-07-15 11:15:53] Status Updated: Floor '9'
[2026-07-15 11:15:54] Tag Change: ID '00E20047177B8068217C0301' -> Floor '10'
[2026-07-15 11:15:56] Tag Change: ID '00E20047173800682177CB01' -> Floor '11'
[2026-07-15 11:15:57] Tag Change: ID '00E20047173640682177AF01' -> Floor '12'
[2026-07-15 11:15:57] Tag Change: ID '00E2004717DF906821824401' -> Floor '12'
[2026-07-15 11:15:57] Status Updated: Floor '12'
[2026-07-15 11:15:58] Tag Change: ID '00E20047179AC068217DF701' -> Floor '13'
[2026-07-15 11:16:00] Tag Change: ID '00E200471795C068217DA701' -> Floor '14'
[2026-07-15 11:16:01] Tag Change: ID '00E20047179A4068217DEF01' -> Floor '15'
[2026-07-15 11:16:03] Tag Change: ID '00E2004717D890682181D401' -> Floor '16'
[2026-07-15 11:16:03] Status Updated: Floor '16'
[2026-07-15 11:16:04] Tag Change: ID '00E20047173A40682177EF01' -> Floor '17'
[2026-07-15 11:16:04] Status Updated: Floor '17'
[2026-07-15 11:16:05] Tag Change: ID '00E2004717AF0068217F3B01' -> Floor '18'
[2026-07-15 11:16:07] Tag Change: ID '00E200471797C068217DC701' -> Floor '19'
[2026-07-15 11:16:08] Tag Change: ID '00E2004718BC306821900E01' -> Floor '20'
[2026-07-15 11:16:09] Tag Change: ID '00E2004718BB706821900201' -> Floor '21'
[2026-07-15 11:16:10] Status Updated: Floor '21'
[2026-07-15 11:16:11] Tag Change: ID '00E20047175800682179CB01' -> Floor '22'
[2026-07-15 11:16:13] Tag Change: ID '00E2004717644068217A8F01' -> Floor '23'
[2026-07-15 11:16:14] Status Updated: Floor '23'
[2026-07-15 11:16:14] Tag Change: ID '00E2004718A98068218EE301' -> Floor '23'
[2026-07-15 11:16:32] Tag Change: ID '00E2004717608068217A5301' -> Floor '24'
[2026-07-15 11:16:32] Tag Change: ID '00E2004718A0C068218E5701' -> Floor '24'
[2026-07-15 11:16:32] Status Updated: Floor '24'
[2026-07-15 11:16:35] Tag Change: ID '00E20047177F3068217C3E01' -> Floor '25'
[2026-07-15 11:16:35] Tag flapping: suppressed 145 repeated tag-change log lines in the last 61s
[2026-07-15 11:16:35] Status Updated: Floor '25'
[2026-07-15 11:17:26] Tag Change: ID '00E200471894C068218D9701' -> Floor '26'
[2026-07-15 11:17:26] Status Updated: Floor '26'
[2026-07-15 11:17:29] Tag Change: ID '00E20047175FC068217A4701' -> Floor '27'
[2026-07-15 11:17:29] Status Updated: Floor '27'
[2026-07-15 11:17:29] Tag Change: ID '00E2004718990068218DDB01' -> Floor '27'
[2026-07-15 11:17:42] Tag Change: ID '00E20047189BC068218E0701' -> Floor '27'
[2026-07-15 11:17:43] Tag Change: ID '00E20047175AC0682179F701' -> Floor '26'
[2026-07-15 11:17:43] Status Updated: Floor '26'
[2026-07-15 11:17:46] Tag Change: ID '00E20047177F3068217C3E01' -> Floor '25'
[2026-07-15 11:17:46] Status Updated: Floor '25'
[2026-07-15 11:18:02] Tag Change: ID '00E2004718A0C068218E5701' -> Floor '24'
[2026-07-15 11:18:02] Status Updated: Floor '24'
[2026-07-15 11:18:03] Tag Change: ID '00E2004717644068217A8F01' -> Floor '23'
[2026-07-15 11:18:04] Status Updated: Floor '23'
[2026-07-15 11:18:05] Tag Change: ID '00E2004718B87068218FD201' -> Floor '22'
[2026-07-15 11:18:06] Tag Change: ID '00E2004718BB706821900201' -> Floor '21'
[2026-07-15 11:18:06] Status Updated: Floor '21'
[2026-07-15 11:18:07] Tag Change: ID '00E2004718BC306821900E01' -> Floor '20'
[2026-07-15 11:18:09] Tag Change: ID '00E2004718C1706821906201' -> Floor '19'
[2026-07-15 11:18:09] Tag Change: ID '00E200471797C068217DC701' -> Floor '19'
[2026-07-15 11:18:09] Status Updated: Floor '19'
[2026-07-15 11:18:10] Tag Change: ID '00E2004717AF0068217F3B01' -> Floor '18'
[2026-07-15 11:18:11] Tag Change: ID '00E2004717D4106821818C01' -> Floor '17'
[2026-07-15 11:18:13] Tag Change: ID '00E20047173FC06821784701' -> Floor '16'
[2026-07-15 11:18:13] Tag Change: ID '00E2004717D890682181D401' -> Floor '16'
[2026-07-15 11:18:13] Status Updated: Floor '16'
[2026-07-15 11:18:14] Tag Change: ID '00E2004717DB10682181FC01' -> Floor '15'
[2026-07-15 11:18:15] Tag Change: ID '00E2004717DB506821820001' -> Floor '14'
[2026-07-15 11:18:17] Tag Change: ID '00E20047179AC068217DF701' -> Floor '13'
[2026-07-15 11:18:18] Tag Change: ID '00E2004717DF906821824401' -> Floor '12'
[2026-07-15 11:18:20] Tag Change: ID '00E20047173800682177CB01' -> Floor '11'
[2026-07-15 11:18:21] Tag Change: ID '00E20047177B8068217C0301' -> Floor '10'
[2026-07-15 11:18:22] Tag Change: ID '00E2004717ED506821832001' -> Floor '9'
[2026-07-15 11:18:24] Tag Change: ID '00E2004717ED906821832400' -> Floor '8'
[2026-07-15 11:18:25] Tag Change: ID '00E20047179B0068217DFB01' -> Floor '7'
[2026-07-15 11:18:25] Status Updated: Floor '7'
[2026-07-15 11:18:26] Tag Change: ID '00E2004717B0C068217F5701' -> Floor '6'
[2026-07-15 11:18:28] Tag Change: ID '00E200471783C068217C8701' -> Floor '5'
[2026-07-15 11:18:29] Tag Change: ID '00E20047173CC06821781701' -> Floor '4'
[2026-07-15 11:18:29] Tag flapping: suppressed 93 repeated tag-change log lines in the last 60s
[2026-07-15 11:18:31] Tag Change: ID '00E2004717834068217C7F01' -> Floor '3'
[2026-07-15 11:18:32] Tag Change: ID '00E20047173B00682177FB01' -> Floor '2'
[2026-07-15 11:18:33] Tag Change: ID '00E20047173780682177C301' -> Floor '1'
[2026-07-15 11:18:35] Tag Change: ID '00E20047177F8068217C4301' -> Floor '0'
[2026-07-15 11:18:37] Tag Change: ID '00E2004717818068217C6301' -> Floor '0'
[2026-07-15 11:18:38] Status Updated: Floor '0'
[2026-07-15 11:18:38] Tag Change: ID '00E20047173F006821783B01' -> Floor '0'
[2026-07-15 11:19:37] Tag Change: ID '00E20047177F8068217C4301' -> Floor '0'
[2026-07-15 11:19:39] Tag Change: ID '00E2004717E0506821825001' -> Floor '1'
[2026-07-15 11:19:39] Tag flapping: suppressed 195 repeated tag-change log lines in the last 60s
[2026-07-15 11:19:40] Tag Change: ID '00E20047173B00682177FB01' -> Floor '2'
[2026-07-15 11:19:40] Status Updated: Floor '2'
[2026-07-15 11:19:43] Tag Change: ID '00E2004717834068217C7F01' -> Floor '3'
[2026-07-15 11:19:44] Status Updated: Floor '3'
[2026-07-15 11:20:04] Tag Change: ID '00E20047173CC06821781701' -> Floor '4'
[2026-07-15 11:20:04] Tag Change: ID '00E20047177FC068217C4701' -> Floor '4'
[2026-07-15 11:20:05] Status Updated: Floor '4'
[2026-07-15 11:20:06] Tag Change: ID '00E200471783C068217C8701' -> Floor '5'
[2026-07-15 11:20:07] Tag Change: ID '00E2004717B0C068217F5701' -> Floor '6'
[2026-07-15 11:20:10] Tag Change: ID '00E20047179B0068217DFB01' -> Floor '7'
[2026-07-15 11:20:10] Status Updated: Floor '7'
[2026-07-15 11:20:56] Tag Change: ID '00E2004717ED906821832400' -> Floor '8'
[2026-07-15 11:20:57] Tag Change: ID '00E20047173F406821783F01' -> Floor '9'
[2026-07-15 11:20:59] Tag Change: ID '00E2004718A08068218E5301' -> Floor '10'
[2026-07-15 11:21:00] Tag Change: ID '00E20047173800682177CB01' -> Floor '11'
[2026-07-15 11:21:02] Tag Change: ID '00E2004717DF906821824401' -> Floor '12'
[2026-07-15 11:21:02] Status Updated: Floor '12'
[2026-07-15 11:21:03] Tag Change: ID '00E20047179AC068217DF701' -> Floor '13'
[2026-07-15 11:21:04] Tag Change: ID '00E2004717DB506821820001' -> Floor '14'
[2026-07-15 11:21:05] Status Updated: Floor '14'
[2026-07-15 11:21:06] Tag Change: ID '00E2004717DB10682181FC01' -> Floor '15'
[2026-07-15 11:21:06] Status Updated: Floor '15'
[2026-07-15 11:21:07] Tag Change: ID '00E2004717D890682181D401' -> Floor '16'
[2026-07-15 11:21:07] Status Updated: Floor '16'
[2026-07-15 11:21:08] Tag Change: ID '00E20047173A40682177EF01' -> Floor '17'
[2026-07-15 11:21:09] Status Updated: Floor '17'
[2026-07-15 11:21:11] Tag Change: ID '00E200471797C068217DC701' -> Floor '19'
[2026-07-15 11:21:11] Tag Change: ID '00E2004718C1706821906201' -> Floor '19'
[2026-07-15 11:21:11] Status Updated: Floor '19'
[2026-07-15 11:21:12] Tag Change: ID '00E20047179B8068217E0301' -> Floor '20'
[2026-07-15 11:21:14] Tag Change: ID '00E2004718BB706821900201' -> Floor '21'
[2026-07-15 11:21:14] Status Updated: Floor '21'
[2026-07-15 11:21:16] Tag Change: ID '00E2004717644068217A8F01' -> Floor '23'
[2026-07-15 11:21:18] Tag Change: ID '00E2004718A0C068218E5701' -> Floor '24'
[2026-07-15 11:21:21] Tag Change: ID '00E20047177F3068217C3E01' -> Floor '25'
[2026-07-15 11:21:21] Status Updated: Floor '25'
[2026-07-15 11:21:38] Status Updated: Floor '24'
[2026-07-15 11:21:39] Tag Change: ID '00E2004718A98068218EE301' -> Floor '23'
[2026-07-15 11:21:39] Status Updated: Floor '23'
[2026-07-15 11:21:40] Tag Change: ID '00E2004718B87068218FD201' -> Floor '22'
[2026-07-15 11:21:42] Status Updated: Floor '21'
[2026-07-15 11:21:43] Tag Change: ID '00E2004718BC306821900E01' -> Floor '20'
[2026-07-15 11:21:43] Status Updated: Floor '20'
[2026-07-15 11:21:44] Status Updated: Floor '19'
[2026-07-15 11:21:45] Tag Change: ID '00E2004717AF0068217F3B01' -> Floor '18'
[2026-07-15 11:21:47] Tag Change: ID '00E2004717D4106821818C01' -> Floor '17'
[2026-07-15 11:21:48] Tag Change: ID '00E20047173FC06821784701' -> Floor '16'
[2026-07-15 11:21:49] Status Updated: Floor '16'
[2026-07-15 11:21:49] Tag Change: ID '00E20047179A4068217DEF01' -> Floor '15'
[2026-07-15 11:21:51] Tag Change: ID '00E200471795C068217DA701' -> Floor '14'
[2026-07-15 11:21:52] Tag Change: ID '00E2004717E4506821829001' -> Floor '13'
[2026-07-15 11:21:54] Tag Change: ID '00E20047173640682177AF01' -> Floor '12'
[2026-07-15 11:21:55] Status Updated: Floor '11'
[2026-07-15 11:21:58] Tag Change: ID '00E20047173F406821783F01' -> Floor '9'
[2026-07-15 11:21:59] Tag Change: ID '00E2004717940068217D8B01' -> Floor '8'
[2026-07-15 11:21:59] Status Updated: Floor '8'
[2026-07-15 11:22:02] Tag Change: ID '00E20047179B0068217DFB01' -> Floor '7'
[2026-07-15 11:22:02] Status Updated: Floor '7'
[2026-07-15 11:22:23] Tag Change: ID '00E2004717B0C068217F5701' -> Floor '6'
[2026-07-15 11:22:25] Tag Change: ID '00E200471783C068217C8701' -> Floor '5'
[2026-07-15 11:22:26] Tag Change: ID '00E20047173CC06821781701' -> Floor '4'
[2026-07-15 11:22:26] Tag Change: ID '00E20047177FC068217C4701' -> Floor '4'
[2026-07-15 11:22:27] Status Updated: Floor '4'
[2026-07-15 11:22:29] Tag Change: ID '00E2004717834068217C7F01' -> Floor '3'
[2026-07-15 11:22:29] Status Updated: Floor '3'
[2026-07-15 11:23:22] Tag flapping: suppressed 9 repeated tag-change log lines in the last 104s
[2026-07-15 11:23:22] Status Updated: Floor '5'
[2026-07-15 11:23:24] Tag Change: ID '00E20047179B0068217DFB01' -> Floor '7'
[2026-07-15 11:23:25] Tag Change: ID '00E20047177A4068217BEF01' -> Floor '7'
[2026-07-15 11:23:25] Status Updated: Floor '7'
[2026-07-15 11:23:26] Tag Change: ID '00E2004717ED906821832400' -> Floor '8'
[2026-07-15 11:23:27] Tag Change: ID '00E20047173F406821783F01' -> Floor '9'
[2026-07-15 11:23:29] Tag Change: ID '00E2004718A08068218E5301' -> Floor '10'
[2026-07-15 11:23:29] Tag Change: ID '00E20047177B8068217C0301' -> Floor '10'
[2026-07-15 11:23:29] Status Updated: Floor '10'
[2026-07-15 11:23:30] Tag Change: ID '00E20047173800682177CB01' -> Floor '11'
[2026-07-15 11:23:30] Status Updated: Floor '11'
[2026-07-15 11:23:31] Tag Change: ID '00E2004717DF906821824401' -> Floor '12'
[2026-07-15 11:23:33] Tag Change: ID '00E20047179AC068217DF701' -> Floor '13'
[2026-07-15 11:23:34] Tag Change: ID '00E2004717DB506821820001' -> Floor '14'
[2026-07-15 11:23:36] Tag Change: ID '00E2004717DB10682181FC01' -> Floor '15'
[2026-07-15 11:23:36] Tag Change: ID '00E20047179A4068217DEF01' -> Floor '15'
[2026-07-15 11:23:36] Status Updated: Floor '15'
[2026-07-15 11:23:36] Tag Change: ID '00E2004717DAD0682181F801' -> Floor '16'
[2026-07-15 11:23:37] Tag Change: ID '00E20047173FC06821784701' -> Floor '16'
[2026-07-15 11:23:37] Status Updated: Floor '16'
[2026-07-15 11:23:38] Tag Change: ID '00E20047173A40682177EF01' -> Floor '17'
[2026-07-15 11:23:40] Tag Change: ID '00E2004717AF0068217F3B01' -> Floor '18'
[2026-07-15 11:23:41] Tag Change: ID '00E2004718C1706821906201' -> Floor '19'
[2026-07-15 11:23:41] Tag Change: ID '00E200471797C068217DC701' -> Floor '19'
[2026-07-15 11:23:41] Status Updated: Floor '19'
[2026-07-15 11:23:42] Tag Change: ID '00E2004718BC306821900E01' -> Floor '20'
[2026-07-15 11:23:43] Tag Change: ID '00E2004718BB706821900201' -> Floor '21'
[2026-07-15 11:23:44] Status Updated: Floor '21'
[2026-07-15 11:23:45] Tag Change: ID '00E20047175800682179CB01' -> Floor '22'
[2026-07-15 11:23:46] Tag Change: ID '00E2004717644068217A8F01' -> Floor '23'
[2026-07-15 11:23:46] Tag Change: ID '00E2004718A98068218EE301' -> Floor '23'
[2026-07-15 11:23:46] Status Updated: Floor '23'
[2026-07-15 11:23:48] Tag Change: ID '00E2004718A0C068218E5701' -> Floor '24'
[2026-07-15 11:23:48] Tag Change: ID '00E2004717608068217A5301' -> Floor '24'
[2026-07-15 11:23:48] Status Updated: Floor '24'
[2026-07-15 11:23:49] Tag Change: ID '00E20047177F3068217C3E01' -> Floor '25'
[2026-07-15 11:23:50] Tag Change: ID '00E200471894C068218D9701' -> Floor '26'
[2026-07-15 11:23:50] Tag Change: ID '00E20047175AC0682179F701' -> Floor '26'
[2026-07-15 11:23:51] Status Updated: Floor '26'
[2026-07-15 11:23:51] Tag Change: ID '00E20047189BC068218E0701' -> Floor '27'
[2026-07-15 11:23:51] Status Updated: Floor '27'
[2026-07-15 11:23:53] Tag Change: ID '00E20047175FC068217A4701' -> Floor '27'
[2026-07-15 11:23:53] Tag Change: ID '00E2004718990068218DDB01' -> Floor '27'
[2026-07-15 11:24:23] Tag flapping: suppressed 200 repeated tag-change log lines in the last 60s
[2026-07-15 11:24:53] Tag Change: ID '00E20047175FC068217A4701' -> Floor '27'
[2026-07-15 11:24:53] Tag Change: ID '00E2004718990068218DDB01' -> Floor '27'
[2026-07-15 11:25:23] Tag flapping: suppressed 405 repeated tag-change log lines in the last 60s
[2026-07-15 11:25:53] Tag Change: ID '00E20047175FC068217A4701' -> Floor '27'
[2026-07-15 11:25:53] Tag Change: ID '00E2004718990068218DDB01' -> Floor '27'
[2026-07-15 11:26:23] Tag flapping: suppressed 402 repeated tag-change log lines in the last 60s
[2026-07-15 11:26:53] Tag Change: ID '00E20047175FC068217A4701' -> Floor '27'
[2026-07-15 11:26:53] Tag Change: ID '00E2004718990068218DDB01' -> Floor '27'
[2026-07-15 11:27:24] Tag flapping: suppressed 435 repeated tag-change log lines in the last 60s
[2026-07-15 11:27:53] Tag Change: ID '00E20047175FC068217A4701' -> Floor '27'
[2026-07-15 11:27:54] Tag Change: ID '00E2004718990068218DDB01' -> Floor '27'
[2026-07-15 11:27:57] Tag Change: ID '00E20047175AC0682179F701' -> Floor '26'
[2026-07-15 11:27:57] Status Updated: Floor '26'
[2026-07-15 11:27:58] Tag Change: ID '00E20047177F3068217C3E01' -> Floor '25'
[2026-07-15 11:28:00] Tag Change: ID '00E2004717608068217A5301' -> Floor '24'
[2026-07-15 11:28:00] Tag Change: ID '00E2004718A0C068218E5701' -> Floor '24'
[2026-07-15 11:28:00] Status Updated: Floor '24'
[2026-07-15 11:28:01] Tag Change: ID '00E2004717644068217A8F01' -> Floor '23'
[2026-07-15 11:28:01] Status Updated: Floor '23'
[2026-07-15 11:28:04] Tag Change: ID '00E2004718BB706821900201' -> Floor '21'
[2026-07-15 11:28:04] Status Updated: Floor '21'
[2026-07-15 11:28:05] Tag Change: ID '00E20047179B8068217E0301' -> Floor '20'
[2026-07-15 11:28:05] Tag Change: ID '00E2004718BC306821900E01' -> Floor '20'
[2026-07-15 11:28:05] Status Updated: Floor '20'
[2026-07-15 11:28:06] Tag Change: ID '00E200471797C068217DC701' -> Floor '19'
[2026-07-15 11:28:06] Tag Change: ID '00E2004718C1706821906201' -> Floor '19'
[2026-07-15 11:28:07] Status Updated: Floor '19'
[2026-07-15 11:28:08] Tag Change: ID '00E2004717AF0068217F3B01' -> Floor '18'
[2026-07-15 11:28:10] Tag Change: ID '00E2004717D890682181D401' -> Floor '16'
[2026-07-15 11:28:10] Tag Change: ID '00E20047173FC06821784701' -> Floor '16'
[2026-07-15 11:28:11] Status Updated: Floor '16'
[2026-07-15 11:28:12] Tag Change: ID '00E2004717DB10682181FC01' -> Floor '15'
[2026-07-15 11:28:12] Status Updated: Floor '15'
[2026-07-15 11:28:13] Tag Change: ID '00E2004717DB506821820001' -> Floor '14'
[2026-07-15 11:28:15] Tag Change: ID '00E2004717E4506821829001' -> Floor '13'
[2026-07-15 11:28:16] Tag Change: ID '00E20047173640682177AF01' -> Floor '12'
[2026-07-15 11:28:16] Status Updated: Floor '12'
[2026-07-15 11:28:17] Tag Change: ID '00E20047173800682177CB01' -> Floor '11'
[2026-07-15 11:28:19] Tag Change: ID '00E2004718A08068218E5301' -> Floor '10'
[2026-07-15 11:28:19] Tag Change: ID '00E20047177B8068217C0301' -> Floor '10'
[2026-07-15 11:28:19] Status Updated: Floor '10'
[2026-07-15 11:28:20] Tag Change: ID '00E2004717ED506821832001' -> Floor '9'
[2026-07-15 11:28:20] Status Updated: Floor '9'
[2026-07-15 11:28:21] Tag Change: ID '00E2004717ED906821832400' -> Floor '8'
[2026-07-15 11:28:23] Tag Change: ID '00E20047179B0068217DFB01' -> Floor '7'
[2026-07-15 11:28:24] Tag Change: ID '00E2004717B0C068217F5701' -> Floor '6'
[2026-07-15 11:28:24] Tag flapping: suppressed 215 repeated tag-change log lines in the last 60s
[2026-07-15 11:28:26] Tag Change: ID '00E200471783C068217C8701' -> Floor '5'
[2026-07-15 11:28:27] Tag Change: ID '00E20047173CC06821781701' -> Floor '4'
[2026-07-15 11:28:30] Tag Change: ID '00E2004717D650682181B001' -> Floor '2'
[2026-07-15 11:28:31] Tag Change: ID '00E2004717E0506821825001' -> Floor '1'
[2026-07-15 11:28:31] Status Updated: Floor '1'
[2026-07-15 11:28:32] Tag Change: ID '00E20047177F8068217C4301' -> Floor '0'
[2026-07-15 11:28:33] Status Updated: Floor '0'
[2026-07-15 11:28:35] Tag Change: ID '00E20047173F006821783B01' -> Floor '0'
[2026-07-15 11:28:35] Tag Change: ID '00E2004717818068217C6301' -> Floor '0'
[2026-07-15 11:28:57] Tag Change: ID '00E2004717834068217C7F01' -> Floor '3'
[2026-07-15 11:28:57] Status Updated: Floor '3'
[2026-07-15 11:29:37] Tag Change: ID '00E20047173B00682177FB01' -> Floor '2'
[2026-07-15 11:29:37] Tag flapping: suppressed 73 repeated tag-change log lines in the last 61s
[2026-07-15 11:29:37] Tag Change: ID '00E2004717D650682181B001' -> Floor '2'
[2026-07-15 11:29:37] Status Updated: Floor '2'
[2026-07-15 11:29:40] Tag Change: ID '00E20047173780682177C301' -> Floor '1'
[2026-07-15 11:29:40] Status Updated: Floor '1'
[2026-07-15 11:29:40] Tag Change: ID '00E2004717E0506821825001' -> Floor '1'
[2026-07-15 11:30:40] Tag Change: ID '00E20047173780682177C301' -> Floor '1'
[2026-07-15 11:30:40] Tag Change: ID '00E2004717E0506821825001' -> Floor '1'
[2026-07-15 11:30:41] Tag flapping: suppressed 383 repeated tag-change log lines in the last 60s
[2026-07-15 11:30:51] Tag Change: ID '00E20047177F8068217C4301' -> Floor '0'
[2026-07-15 11:30:51] Status Updated: Floor '0'
[2026-07-15 11:30:53] Tag Change: ID '00E20047173F006821783B01' -> Floor '0'
[2026-07-15 11:30:54] Tag Change: ID '00E2004717818068217C6301' -> Floor '0'
[2026-07-15 11:31:58] Tag Change: ID '00E20047177F8068217C4301' -> Floor '0'
[2026-07-15 11:31:58] Tag flapping: suppressed 170 repeated tag-change log lines in the last 76s
[2026-07-15 11:31:59] Tag Change: ID '00E2004717E0506821825001' -> Floor '1'
[2026-07-15 11:32:00] Status Updated: Floor '1'
[2026-07-15 11:32:01] Tag Change: ID '00E20047173B00682177FB01' -> Floor '2'
[2026-07-15 11:32:01] Status Updated: Floor '2'
[2026-07-15 11:32:02] Tag Change: ID '00E2004717834068217C7F01' -> Floor '3'
[2026-07-15 11:32:04] Tag Change: ID '00E20047173CC06821781701' -> Floor '4'
[2026-07-15 11:32:05] Tag Change: ID '00E20047173A80682177F301' -> Floor '5'
[2026-07-15 11:32:05] Tag Change: ID '00E200471783C068217C8701' -> Floor '5'
[2026-07-15 11:32:05] Status Updated: Floor '5'
[2026-07-15 11:32:08] Tag Change: ID '00E20047177A4068217BEF01' -> Floor '7'
[2026-07-15 11:32:09] Tag Change: ID '00E2004717940068217D8B01' -> Floor '8'
[2026-07-15 11:32:10] Tag Change: ID '00E20047173F406821783F01' -> Floor '9'
[2026-07-15 11:32:12] Tag Change: ID '00E20047177B8068217C0301' -> Floor '10'
[2026-07-15 11:32:12] Status Updated: Floor '10'
[2026-07-15 11:32:13] Tag Change: ID '00E20047173800682177CB01' -> Floor '11'
[2026-07-15 11:32:15] Tag Change: ID '00E20047173640682177AF01' -> Floor '12'
[2026-07-15 11:32:15] Tag Change: ID '00E2004717DF906821824401' -> Floor '12'
[2026-07-15 11:32:15] Status Updated: Floor '12'
[2026-07-15 11:32:16] Tag Change: ID '00E20047179AC068217DF701' -> Floor '13'
[2026-07-15 11:32:17] Tag Change: ID '00E2004717DB506821820001' -> Floor '14'
[2026-07-15 11:32:18] Status Updated: Floor '14'
[2026-07-15 11:32:19] Tag Change: ID '00E20047179A4068217DEF01' -> Floor '15'
[2026-07-15 11:32:19] Status Updated: Floor '15'
[2026-07-15 11:32:20] Tag Change: ID '00E2004717D890682181D401' -> Floor '16'
[2026-07-15 11:32:21] Tag Change: ID '00E2004717D4106821818C01' -> Floor '17'
[2026-07-15 11:32:23] Tag Change: ID '00E2004717AF0068217F3B01' -> Floor '18'
[2026-07-15 11:32:24] Tag Change: ID '00E2004718C1706821906201' -> Floor '19'
[2026-07-15 11:32:24] Status Updated: Floor '19'
[2026-07-15 11:32:25] Tag Change: ID '00E20047179B8068217E0301' -> Floor '20'
[2026-07-15 11:32:27] Tag Change: ID '00E20047175F0068217A3B01' -> Floor '21'
[2026-07-15 11:32:27] Status Updated: Floor '21'
[2026-07-15 11:32:30] Tag Change: ID '00E20047175800682179CB01' -> Floor '22'
[2026-07-15 11:32:30] Tag Change: ID '00E2004718B87068218FD201' -> Floor '22'
[2026-07-15 11:32:30] Status Updated: Floor '22'
[2026-07-15 11:32:48] Status Updated: Floor '21'
[2026-07-15 11:32:51] Tag Change: ID '00E200471797C068217DC701' -> Floor '19'
[2026-07-15 11:32:51] Status Updated: Floor '19'
[2026-07-15 11:32:53] Tag Change: ID '00E20047173A40682177EF01' -> Floor '17'
[2026-07-15 11:32:55] Tag Change: ID '00E20047173FC06821784701' -> Floor '16'
[2026-07-15 11:32:55] Status Updated: Floor '16'
[2026-07-15 11:32:56] Tag Change: ID '00E2004717DB10682181FC01' -> Floor '15'
[2026-07-15 11:32:56] Status Updated: Floor '15'
[2026-07-15 11:32:58] Tag Change: ID '00E200471795C068217DA701' -> Floor '14'
[2026-07-15 11:33:03] Status Updated: Floor '14'
[2026-07-15 11:33:03] Tag Change: ID '00E2004718A08068218E5301' -> Floor '10'
[2026-07-15 11:33:03] Status Updated: Floor '10'
[2026-07-15 11:33:04] Tag Change: ID '00E2004717ED506821832001' -> Floor '9'
[2026-07-15 11:33:07] Tag Change: ID '00E20047179B0068217DFB01' -> Floor '7'
[2026-07-15 11:33:10] Tag Change: ID '00E20047173A80682177F301' -> Floor '5'
[2026-07-15 11:33:11] Tag Change: ID '00E20047173CC06821781701' -> Floor '4'
[2026-07-15 11:33:13] Tag Change: ID '00E2004717834068217C7F01' -> Floor '3'
[2026-07-15 11:33:16] Tag Change: ID '00E2004717E0506821825001' -> Floor '1'
[2026-07-15 11:33:17] Tag Change: ID '00E20047177F8068217C4301' -> Floor '0'
[2026-07-15 11:33:19] Tag Change: ID '00E20047173F006821783B01' -> Floor '0'
[2026-07-15 11:33:20] Status Updated: Floor '0'
[2026-07-15 11:33:20] Tag Change: ID '00E2004717818068217C6301' -> Floor '0'
[2026-07-15 11:33:31] Tag flapping: suppressed 172 repeated tag-change log lines in the last 60s
[2026-07-15 11:34:24] Tag Change: ID '00E20047173F006821783B01' -> Floor '0'
[2026-07-15 11:34:25] Tag Change: ID '00E2004717818068217C6301' -> Floor '0'
[2026-07-15 11:34:26] Tag Change: ID '00E20047177F8068217C4301' -> Floor '0'
[2026-07-15 11:34:27] Tag Change: ID '00E2004717E0506821825001' -> Floor '1'
[2026-07-15 11:34:29] Tag Change: ID '00E20047173B00682177FB01' -> Floor '2'
[2026-07-15 11:34:30] Tag Change: ID '00E2004717834068217C7F01' -> Floor '3'
[2026-07-15 11:34:31] Tag Change: ID '00E20047177FC068217C4701' -> Floor '4'
[2026-07-15 11:34:31] Tag flapping: suppressed 34 repeated tag-change log lines in the last 60s
[2026-07-15 11:34:33] Tag Change: ID '00E20047173A80682177F301' -> Floor '5'
[2026-07-15 11:34:33] Status Updated: Floor '5'
[2026-07-15 11:34:34] Tag Change: ID '00E2004717B0C068217F5701' -> Floor '6'
[2026-07-15 11:34:36] Tag Change: ID '00E20047177A4068217BEF01' -> Floor '7'
[2026-07-15 11:34:37] Tag Change: ID '00E2004717ED906821832400' -> Floor '8'
[2026-07-15 11:34:38] Tag Change: ID '00E20047173F406821783F01' -> Floor '9'
[2026-07-15 11:34:40] Tag Change: ID '00E2004718A08068218E5301' -> Floor '10'
[2026-07-15 11:34:41] Tag Change: ID '00E20047173800682177CB01' -> Floor '11'
[2026-07-15 11:34:41] Status Updated: Floor '11'
[2026-07-15 11:34:42] Tag Change: ID '00E20047173640682177AF01' -> Floor '12'
[2026-07-15 11:34:43] Status Updated: Floor '12'
[2026-07-15 11:34:45] Tag Change: ID '00E2004717DB506821820001' -> Floor '14'
[2026-07-15 11:34:47] Tag Change: ID '00E2004717DB10682181FC01' -> Floor '15'
[2026-07-15 11:34:48] Tag Change: ID '00E20047173FC06821784701' -> Floor '16'
[2026-07-15 11:34:49] Tag Change: ID '00E20047173A40682177EF01' -> Floor '17'
[2026-07-15 11:34:49] Tag Change: ID '00E2004717D4106821818C01' -> Floor '17'
[2026-07-15 11:34:50] Status Updated: Floor '17'
[2026-07-15 11:34:51] Tag Change: ID '00E2004717AF0068217F3B01' -> Floor '18'
[2026-07-15 11:34:52] Tag Change: ID '00E2004718C1706821906201' -> Floor '19'
[2026-07-15 11:34:52] Tag Change: ID '00E200471797C068217DC701' -> Floor '19'
[2026-07-15 11:34:52] Status Updated: Floor '19'
[2026-07-15 11:34:53] Tag Change: ID '00E2004718BC306821900E01' -> Floor '20'
[2026-07-15 11:34:55] Tag Change: ID '00E20047175F0068217A3B01' -> Floor '21'
[2026-07-15 11:34:56] Tag Change: ID '00E20047175800682179CB01' -> Floor '22'
[2026-07-15 11:34:57] Tag Change: ID '00E2004717644068217A8F01' -> Floor '23'
[2026-07-15 11:34:57] Tag Change: ID '00E2004718A98068218EE301' -> Floor '23'
[2026-07-15 11:34:58] Status Updated: Floor '23'
[2026-07-15 11:34:59] Tag Change: ID '00E2004717608068217A5301' -> Floor '24'
[2026-07-15 11:34:59] Tag Change: ID '00E2004718A0C068218E5701' -> Floor '24'
[2026-07-15 11:34:59] Status Updated: Floor '24'
[2026-07-15 11:35:00] Tag Change: ID '00E20047177F3068217C3E01' -> Floor '25'
[2026-07-15 11:35:01] Tag Change: ID '00E20047175AC0682179F701' -> Floor '26'
[2026-07-15 11:35:02] Status Updated: Floor '26'
[2026-07-15 11:35:04] Tag Change: ID '00E2004718990068218DDB01' -> Floor '27'
[2026-07-15 11:35:04] Status Updated: Floor '27'
[2026-07-15 11:35:04] Tag Change: ID '00E20047175FC068217A4701' -> Floor '27'
[2026-07-15 11:36:04] Tag Change: ID '00E2004718990068218DDB01' -> Floor '27'
[2026-07-15 11:36:04] Tag Change: ID '00E20047175FC068217A4701' -> Floor '27'
[2026-07-15 11:36:05] Tag flapping: suppressed 402 repeated tag-change log lines in the last 60s
[2026-07-15 11:37:04] Tag Change: ID '00E2004718990068218DDB01' -> Floor '27'
[2026-07-15 11:37:05] Tag Change: ID '00E20047175FC068217A4701' -> Floor '27'
[2026-07-15 11:37:05] Tag flapping: suppressed 403 repeated tag-change log lines in the last 60s
[2026-07-15 11:37:54] Tag Change: ID '00E20047189BC068218E0701' -> Floor '27'
[2026-07-15 11:37:55] Tag Change: ID '00E20047175AC0682179F701' -> Floor '26'
[2026-07-15 11:37:55] Tag Change: ID '00E200471894C068218D9701' -> Floor '26'
[2026-07-15 11:37:55] Status Updated: Floor '26'
[2026-07-15 11:37:58] Tag Change: ID '00E2004717608068217A5301' -> Floor '24'
[2026-07-15 11:37:58] Status Updated: Floor '24'
[2026-07-15 11:37:59] Tag Change: ID '00E2004717644068217A8F01' -> Floor '23'
[2026-07-15 11:37:59] Tag Change: ID '00E2004718A98068218EE301' -> Floor '23'
[2026-07-15 11:37:59] Status Updated: Floor '23'
[2026-07-15 11:38:02] Tag Change: ID '00E20047175800682179CB01' -> Floor '22'
[2026-07-15 11:38:02] Status Updated: Floor '22'
[2026-07-15 11:38:02] Tag Change: ID '00E2004718B87068218FD201' -> Floor '22'
[2026-07-15 11:38:05] Tag flapping: suppressed 332 repeated tag-change log lines in the last 60s
[2026-07-15 11:38:26] Tag Change: ID '00E2004718BB706821900201' -> Floor '21'
[2026-07-15 11:38:26] Tag Change: ID '00E20047175F0068217A3B01' -> Floor '21'
[2026-07-15 11:38:26] Status Updated: Floor '21'
[2026-07-15 11:38:27] Tag Change: ID '00E20047179B8068217E0301' -> Floor '20'
[2026-07-15 11:38:27] Status Updated: Floor '20'
[2026-07-15 11:38:28] Tag Change: ID '00E200471797C068217DC701' -> Floor '19'
[2026-07-15 11:38:28] Status Updated: Floor '19'
[2026-07-15 11:38:30] Tag Change: ID '00E2004717AF0068217F3B01' -> Floor '18'
[2026-07-15 11:38:31] Tag Change: ID '00E2004717D4106821818C01' -> Floor '17'
[2026-07-15 11:38:32] Tag Change: ID '00E2004717D890682181D401' -> Floor '16'
[2026-07-15 11:38:34] Tag Change: ID '00E2004717DB10682181FC01' -> Floor '15'
[2026-07-15 11:38:34] Tag Change: ID '00E20047179A4068217DEF01' -> Floor '15'
[2026-07-15 11:38:34] Status Updated: Floor '15'
[2026-07-15 11:38:35] Tag Change: ID '00E200471795C068217DA701' -> Floor '14'
[2026-07-15 11:38:36] Tag Change: ID '00E20047179AC068217DF701' -> Floor '13'
[2026-07-15 11:38:38] Tag Change: ID '00E20047173640682177AF01' -> Floor '12'
[2026-07-15 11:38:38] Tag Change: ID '00E2004717DF906821824401' -> Floor '12'
[2026-07-15 11:38:38] Status Updated: Floor '12'
[2026-07-15 11:38:39] Tag Change: ID '00E20047173800682177CB01' -> Floor '11'
[2026-07-15 11:38:41] Tag Change: ID '00E20047177B8068217C0301' -> Floor '10'
[2026-07-15 11:38:42] Tag Change: ID '00E20047173F406821783F01' -> Floor '9'
[2026-07-15 11:38:43] Tag Change: ID '00E2004717940068217D8B01' -> Floor '8'
[2026-07-15 11:38:45] Tag Change: ID '00E20047179B0068217DFB01' -> Floor '7'
[2026-07-15 11:38:46] Tag Change: ID '00E2004717B0C068217F5701' -> Floor '6'
[2026-07-15 11:38:47] Tag Change: ID '00E20047173A80682177F301' -> Floor '5'
[2026-07-15 11:38:49] Tag Change: ID '00E20047177FC068217C4701' -> Floor '4'
[2026-07-15 11:38:50] Tag Change: ID '00E2004717834068217C7F01' -> Floor '3'
[2026-07-15 11:38:52] Tag Change: ID '00E20047173B00682177FB01' -> Floor '2'
[2026-07-15 11:38:52] Tag Change: ID '00E2004717D650682181B001' -> Floor '2'
[2026-07-15 11:38:52] Status Updated: Floor '2'
[2026-07-15 11:38:53] Tag Change: ID '00E2004717E0506821825001' -> Floor '1'
[2026-07-15 11:38:54] Status Updated: Floor '1'
[2026-07-15 11:38:54] Tag Change: ID '00E20047177F8068217C4301' -> Floor '0'
[2026-07-15 11:38:57] Tag Change: ID '00E20047173F006821783B01' -> Floor '0'
[2026-07-15 11:38:57] Status Updated: Floor '0'
[2026-07-15 11:38:57] Tag Change: ID '00E2004717818068217C6301' -> Floor '0'
[2026-07-15 11:39:05] Tag flapping: suppressed 180 repeated tag-change log lines in the last 60s
[2026-07-15 11:40:03] Tag Change: ID '00E2004717818068217C6301' -> Floor '0'
[2026-07-15 11:40:04] Tag Change: ID '00E20047177F8068217C4301' -> Floor '0'
[2026-07-15 11:40:06] Tag Change: ID '00E2004717E0506821825001' -> Floor '1'
[2026-07-15 11:40:06] Tag flapping: suppressed 61 repeated tag-change log lines in the last 60s
[2026-07-15 11:40:07] Tag Change: ID '00E20047173B00682177FB01' -> Floor '2'
[2026-07-15 11:40:07] Status Updated: Floor '2'
[2026-07-15 11:40:08] Tag Change: ID '00E2004717834068217C7F01' -> Floor '3'
[2026-07-15 11:40:11] Tag Change: ID '00E200471783C068217C8701' -> Floor '5'
[2026-07-15 11:40:13] Tag Change: ID '00E2004717B0C068217F5701' -> Floor '6'
[2026-07-15 11:40:14] Tag Change: ID '00E20047179B0068217DFB01' -> Floor '7'
[2026-07-15 11:40:15] Tag Change: ID '00E2004717940068217D8B01' -> Floor '8'
[2026-07-15 11:40:16] Status Updated: Floor '8'
[2026-07-15 11:40:17] Tag Change: ID '00E20047173F406821783F01' -> Floor '9'
[2026-07-15 11:40:17] Tag Change: ID '00E2004717ED506821832001' -> Floor '9'
[2026-07-15 11:40:17] Status Updated: Floor '9'
[2026-07-15 11:40:18] Tag Change: ID '00E2004718A08068218E5301' -> Floor '10'
[2026-07-15 11:40:18] Tag Change: ID '00E20047177B8068217C0301' -> Floor '10'
[2026-07-15 11:40:18] Status Updated: Floor '10'
[2026-07-15 11:40:19] Tag Change: ID '00E20047173800682177CB01' -> Floor '11'
[2026-07-15 11:40:20] Status Updated: Floor '11'
[2026-07-15 11:40:21] Tag Change: ID '00E20047173640682177AF01' -> Floor '12'
[2026-07-15 11:40:21] Status Updated: Floor '12'
[2026-07-15 11:40:22] Tag Change: ID '00E20047179AC068217DF701' -> Floor '13'
[2026-07-15 11:40:24] Tag Change: ID '00E200471795C068217DA701' -> Floor '14'
[2026-07-15 11:40:24] Tag Change: ID '00E2004717DB506821820001' -> Floor '14'
[2026-07-15 11:40:24] Status Updated: Floor '14'
[2026-07-15 11:40:25] Tag Change: ID '00E20047179A4068217DEF01' -> Floor '15'
[2026-07-15 11:40:25] Tag Change: ID '00E2004717DB10682181FC01' -> Floor '15'
[2026-07-15 11:40:25] Status Updated: Floor '15'
[2026-07-15 11:40:26] Tag Change: ID '00E20047173FC06821784701' -> Floor '16'
[2026-07-15 11:40:26] Tag Change: ID '00E2004717D890682181D401' -> Floor '16'
[2026-07-15 11:40:27] Status Updated: Floor '16'
[2026-07-15 11:40:28] Tag Change: ID '00E20047173A40682177EF01' -> Floor '17'
[2026-07-15 11:40:30] Tag Change: ID '00E200471797C068217DC701' -> Floor '19'
[2026-07-15 11:40:31] Status Updated: Floor '19'
[2026-07-15 11:40:32] Tag Change: ID '00E20047179B8068217E0301' -> Floor '20'
[2026-07-15 11:40:32] Tag Change: ID '00E2004718BC306821900E01' -> Floor '20'
[2026-07-15 11:40:32] Status Updated: Floor '20'
[2026-07-15 11:40:33] Tag Change: ID '00E2004718BB706821900201' -> Floor '21'
[2026-07-15 11:40:33] Tag Change: ID '00E20047175F0068217A3B01' -> Floor '21'
[2026-07-15 11:40:33] Status Updated: Floor '21'
[2026-07-15 11:40:34] Tag Change: ID '00E2004718B87068218FD201' -> Floor '22'
[2026-07-15 11:40:36] Tag Change: ID '00E2004718A98068218EE301' -> Floor '23'
[2026-07-15 11:40:37] Tag Change: ID '00E2004717608068217A5301' -> Floor '24'
[2026-07-15 11:40:37] Status Updated: Floor '24'
[2026-07-15 11:40:38] Tag Change: ID '00E20047177F3068217C3E01' -> Floor '25'
[2026-07-15 11:40:40] Tag Change: ID '00E20047175AC0682179F701' -> Floor '26'
[2026-07-15 11:40:40] Tag Change: ID '00E200471894C068218D9701' -> Floor '26'
[2026-07-15 11:40:40] Status Updated: Floor '26'
[2026-07-15 11:40:41] Tag Change: ID '00E20047189BC068218E0701' -> Floor '27'
[2026-07-15 11:40:41] Status Updated: Floor '27'
[2026-07-15 11:40:43] Tag Change: ID '00E2004718990068218DDB01' -> Floor '27'
[2026-07-15 11:40:43] Tag Change: ID '00E20047175FC068217A4701' -> Floor '27'
[2026-07-15 11:41:43] Tag Change: ID '00E2004718990068218DDB01' -> Floor '27'
[2026-07-15 11:41:43] Tag Change: ID '00E20047175FC068217A4701' -> Floor '27'
[2026-07-15 11:41:43] Tag flapping: suppressed 393 repeated tag-change log lines in the last 60s
[2026-07-15 11:42:43] Tag Change: ID '00E2004718990068218DDB01' -> Floor '27'
[2026-07-15 11:42:43] Tag Change: ID '00E20047175FC068217A4701' -> Floor '27'
[2026-07-15 11:42:43] Tag flapping: suppressed 406 repeated tag-change log lines in the last 60s
[2026-07-15 11:43:21] Tag Change: ID '00E20047175AC0682179F701' -> Floor '26'
[2026-07-15 11:43:21] Tag Change: ID '00E200471894C068218D9701' -> Floor '26'
[2026-07-15 11:43:21] Status Updated: Floor '26'
[2026-07-15 11:43:22] Tag Change: ID '00E20047177F3068217C3E01' -> Floor '25'
[2026-07-15 11:43:23] Tag Change: ID '00E2004718A0C068218E5701' -> Floor '24'
[2026-07-15 11:43:24] Status Updated: Floor '24'
[2026-07-15 11:43:25] Tag Change: ID '00E2004717644068217A8F01' -> Floor '23'
[2026-07-15 11:43:26] Tag Change: ID '00E2004718B87068218FD201' -> Floor '22'
[2026-07-15 11:43:27] Tag Change: ID '00E2004718BB706821900201' -> Floor '21'
[2026-07-15 11:43:28] Status Updated: Floor '21'
[2026-07-15 11:43:30] Tag Change: ID '00E20047179B8068217E0301' -> Floor '20'
[2026-07-15 11:43:30] Status Updated: Floor '20'
[2026-07-15 11:43:30] Tag Change: ID '00E2004718BC306821900E01' -> Floor '20'
[2026-07-15 11:43:44] Tag flapping: suppressed 328 repeated tag-change log lines in the last 60s
[2026-07-15 11:43:48] Tag Change: ID '00E2004718C1706821906201' -> Floor '19'
[2026-07-15 11:43:49] Tag Change: ID '00E200471797C068217DC701' -> Floor '19'
[2026-07-15 11:43:49] Status Updated: Floor '19'
[2026-07-15 11:43:50] Tag Change: ID '00E2004717AF0068217F3B01' -> Floor '18'
[2026-07-15 11:43:51] Tag Change: ID '00E2004717D4106821818C01' -> Floor '17'
[2026-07-15 11:43:53] Tag Change: ID '00E20047173FC06821784701' -> Floor '16'
[2026-07-15 11:43:53] Tag Change: ID '00E2004717D890682181D401' -> Floor '16'
[2026-07-15 11:43:53] Status Updated: Floor '16'
[2026-07-15 11:43:54] Tag Change: ID '00E20047179A4068217DEF01' -> Floor '15'
[2026-07-15 11:43:54] Status Updated: Floor '15'
[2026-07-15 11:43:55] Tag Change: ID '00E200471795C068217DA701' -> Floor '14'
[2026-07-15 11:43:57] Tag Change: ID '00E2004717E4506821829001' -> Floor '13'
[2026-07-15 11:43:58] Tag Change: ID '00E2004717DF906821824401' -> Floor '12'
[2026-07-15 11:43:59] Tag Change: ID '00E20047173800682177CB01' -> Floor '11'
[2026-07-15 11:44:01] Tag Change: ID '00E20047177B8068217C0301' -> Floor '10'
[2026-07-15 11:44:01] Tag Change: ID '00E2004718A08068218E5301' -> Floor '10'
[2026-07-15 11:44:01] Status Updated: Floor '10'
[2026-07-15 11:44:02] Tag Change: ID '00E2004717ED506821832001' -> Floor '9'
[2026-07-15 11:44:02] Tag Change: ID '00E20047173F406821783F01' -> Floor '9'
[2026-07-15 11:44:02] Status Updated: Floor '9'
[2026-07-15 11:44:04] Tag Change: ID '00E2004717ED906821832400' -> Floor '8'
[2026-07-15 11:44:04] Tag Change: ID '00E2004717940068217D8B01' -> Floor '8'
[2026-07-15 11:44:04] Status Updated: Floor '8'
[2026-07-15 11:44:05] Tag Change: ID '00E20047177A4068217BEF01' -> Floor '7'
[2026-07-15 11:44:05] Tag Change: ID '00E20047179B0068217DFB01' -> Floor '7'
[2026-07-15 11:44:05] Status Updated: Floor '7'
[2026-07-15 11:44:06] Tag Change: ID '00E2004717B0C068217F5701' -> Floor '6'
[2026-07-15 11:44:08] Tag Change: ID '00E20047173A80682177F301' -> Floor '5'
[2026-07-15 11:44:09] Tag Change: ID '00E20047173CC06821781701' -> Floor '4'
[2026-07-15 11:44:12] Tag Change: ID '00E2004717D650682181B001' -> Floor '2'
[2026-07-15 11:44:12] Tag Change: ID '00E20047173B00682177FB01' -> Floor '2'
[2026-07-15 11:44:12] Status Updated: Floor '2'
[2026-07-15 11:44:13] Tag Change: ID '00E20047173780682177C301' -> Floor '1'
[2026-07-15 11:44:15] Tag Change: ID '00E20047177F8068217C4301' -> Floor '0'
[2026-07-15 11:44:15] Status Updated: Floor '0'
[2026-07-15 11:44:17] Tag Change: ID '00E2004717818068217C6301' -> Floor '0'
[2026-07-15 11:44:17] Tag Change: ID '00E20047173F006821783B01' -> Floor '0'
[2026-07-15 11:44:44] Tag flapping: suppressed 204 repeated tag-change log lines in the last 60s
[2026-07-15 11:45:46] Tag Change: ID '00E20047173F006821783B01' -> Floor '0'
[2026-07-15 11:45:46] Tag flapping: suppressed 13 repeated tag-change log lines in the last 61s
[2026-07-15 11:45:48] Tag Change: ID '00E20047177F8068217C4301' -> Floor '0'
[2026-07-15 11:45:49] Tag Change: ID '00E2004717E0506821825001' -> Floor '1'
[2026-07-15 11:45:50] Tag Change: ID '00E20047173B00682177FB01' -> Floor '2'
[2026-07-15 11:45:51] Status Updated: Floor '2'
[2026-07-15 11:45:53] Tag Change: ID '00E20047173CC06821781701' -> Floor '4'
[2026-07-15 11:45:53] Status Updated: Floor '4'
[2026-07-15 11:45:56] Tag Change: ID '00E2004717B0C068217F5701' -> Floor '6'
[2026-07-15 11:45:57] Tag Change: ID '00E20047179B0068217DFB01' -> Floor '7'
[2026-07-15 11:45:57] Status Updated: Floor '7'
[2026-07-15 11:45:59] Tag Change: ID '00E2004717ED906821832400' -> Floor '8'
[2026-07-15 11:46:01] Tag Change: ID '00E20047177B8068217C0301' -> Floor '10'
[2026-07-15 11:46:01] Tag Change: ID '00E2004718A08068218E5301' -> Floor '10'
[2026-07-15 11:46:02] Status Updated: Floor '10'
[2026-07-15 11:46:03] Tag Change: ID '00E20047173800682177CB01' -> Floor '11'
[2026-07-15 11:46:04] Tag Change: ID '00E20047173640682177AF01' -> Floor '12'
[2026-07-15 11:46:04] Tag Change: ID '00E2004717DF906821824401' -> Floor '12'
[2026-07-15 11:46:04] Status Updated: Floor '12'
[2026-07-15 11:46:06] Tag Change: ID '00E20047179AC068217DF701' -> Floor '13'
[2026-07-15 11:46:07] Tag Change: ID '00E2004717DB506821820001' -> Floor '14'
[2026-07-15 11:46:07] Tag Change: ID '00E200471795C068217DA701' -> Floor '14'
[2026-07-15 11:46:07] Status Updated: Floor '14'
[2026-07-15 11:46:08] Tag Change: ID '00E20047179A4068217DEF01' -> Floor '15'
[2026-07-15 11:46:09] Status Updated: Floor '15'
[2026-07-15 11:46:10] Tag Change: ID '00E20047173FC06821784701' -> Floor '16'
[2026-07-15 11:46:10] Status Updated: Floor '16'
[2026-07-15 11:46:11] Tag Change: ID '00E20047173A40682177EF01' -> Floor '17'
[2026-07-15 11:46:11] Tag Change: ID '00E2004717D4106821818C01' -> Floor '17'
[2026-07-15 11:46:11] Status Updated: Floor '17'
[2026-07-15 11:46:12] Tag Change: ID '00E2004717AF0068217F3B01' -> Floor '18'
[2026-07-15 11:46:14] Tag Change: ID '00E200471797C068217DC701' -> Floor '19'
[2026-07-15 11:46:14] Tag Change: ID '00E2004718C1706821906201' -> Floor '19'
[2026-07-15 11:46:14] Status Updated: Floor '19'
[2026-07-15 11:46:15] Tag Change: ID '00E2004718BC306821900E01' -> Floor '20'
[2026-07-15 11:46:15] Status Updated: Floor '20'
[2026-07-15 11:46:16] Tag Change: ID '00E2004718BB706821900201' -> Floor '21'
[2026-07-15 11:46:17] Status Updated: Floor '21'
[2026-07-15 11:46:18] Tag Change: ID '00E2004718B87068218FD201' -> Floor '22'
[2026-07-15 11:46:19] Tag Change: ID '00E2004718A98068218EE301' -> Floor '23'
[2026-07-15 11:46:20] Tag Change: ID '00E2004717608068217A5301' -> Floor '24'
[2026-07-15 11:46:22] Tag Change: ID '00E20047177F3068217C3E01' -> Floor '25'
[2026-07-15 11:46:22] Status Updated: Floor '25'
[2026-07-15 11:46:23] Tag Change: ID '00E20047175AC0682179F701' -> Floor '26'
[2026-07-15 11:46:23] Status Updated: Floor '26'
[2026-07-15 11:46:26] Tag Change: ID '00E20047175FC068217A4701' -> Floor '27'
[2026-07-15 11:46:26] Status Updated: Floor '27'
[2026-07-15 11:46:26] Tag Change: ID '00E2004718990068218DDB01' -> Floor '27'
[2026-07-15 11:47:26] Tag Change: ID '00E20047175FC068217A4701' -> Floor '27'
[2026-07-15 11:47:26] Tag Change: ID '00E2004718990068218DDB01' -> Floor '27'
[2026-07-15 11:47:26] Tag flapping: suppressed 416 repeated tag-change log lines in the last 60s
[2026-07-15 11:48:26] Tag Change: ID '00E20047175FC068217A4701' -> Floor '27'
[2026-07-15 11:48:27] Tag Change: ID '00E2004718990068218DDB01' -> Floor '27'
[2026-07-15 11:48:27] Tag flapping: suppressed 402 repeated tag-change log lines in the last 60s
[2026-07-15 11:49:26] Tag Change: ID '00E20047175FC068217A4701' -> Floor '27'
[2026-07-15 11:49:27] Tag Change: ID '00E2004718990068218DDB01' -> Floor '27'
[2026-07-15 11:49:27] Tag flapping: suppressed 392 repeated tag-change log lines in the last 60s
[2026-07-15 11:50:26] Tag Change: ID '00E20047175FC068217A4701' -> Floor '27'
[2026-07-15 11:50:27] Tag Change: ID '00E2004718990068218DDB01' -> Floor '27'
[2026-07-15 11:50:27] Tag flapping: suppressed 392 repeated tag-change log lines in the last 60s
[2026-07-15 11:51:27] Tag Change: ID '00E20047175FC068217A4701' -> Floor '27'
[2026-07-15 11:51:27] Tag Change: ID '00E2004718990068218DDB01' -> Floor '27'
[2026-07-15 11:51:27] Tag flapping: suppressed 398 repeated tag-change log lines in the last 60s
[2026-07-15 11:52:27] Tag Change: ID '00E20047175FC068217A4701' -> Floor '27'
[2026-07-15 11:52:28] Tag Change: ID '00E2004718990068218DDB01' -> Floor '27'
[2026-07-15 11:52:28] Tag flapping: suppressed 410 repeated tag-change log lines in the last 60s
[2026-07-15 11:53:27] Tag Change: ID '00E20047175FC068217A4701' -> Floor '27'
[2026-07-15 11:53:28] Tag Change: ID '00E2004718990068218DDB01' -> Floor '27'
[2026-07-15 11:53:28] Tag flapping: suppressed 395 repeated tag-change log lines in the last 60s
[2026-07-15 11:54:02] Tag Change: ID '00E20047175AC0682179F701' -> Floor '26'
[2026-07-15 11:54:03] Status Updated: Floor '26'
[2026-07-15 11:54:04] Tag Change: ID '00E20047177F3068217C3E01' -> Floor '25'
[2026-07-15 11:54:05] Tag Change: ID '00E2004718A0C068218E5701' -> Floor '24'
[2026-07-15 11:54:05] Tag Change: ID '00E2004717608068217A5301' -> Floor '24'
[2026-07-15 11:54:05] Status Updated: Floor '24'
[2026-07-15 11:54:07] Tag Change: ID '00E2004718A98068218EE301' -> Floor '23'
[2026-07-15 11:54:08] Tag Change: ID '00E20047175800682179CB01' -> Floor '22'
[2026-07-15 11:54:10] Tag Change: ID '00E2004718BB706821900201' -> Floor '21'
[2026-07-15 11:54:11] Tag Change: ID '00E20047175F0068217A3B01' -> Floor '21'
[2026-07-15 11:54:11] Status Updated: Floor '21'
[2026-07-15 11:54:28] Tag flapping: suppressed 334 repeated tag-change log lines in the last 60s
[2026-07-15 11:54:40] Tag Change: ID '00E20047179B8068217E0301' -> Floor '20'
[2026-07-15 11:54:41] Tag Change: ID '00E2004718C1706821906201' -> Floor '19'
[2026-07-15 11:54:41] Tag Change: ID '00E200471797C068217DC701' -> Floor '19'
[2026-07-15 11:54:41] Status Updated: Floor '19'
[2026-07-15 11:54:42] Tag Change: ID '00E2004718A5C068218EA701' -> Floor '18'
[2026-07-15 11:54:44] Tag Change: ID '00E2004717D4106821818C01' -> Floor '17'
[2026-07-15 11:54:45] Tag Change: ID '00E2004717D890682181D401' -> Floor '16'
[2026-07-15 11:54:45] Tag Change: ID '00E20047173FC06821784701' -> Floor '16'
[2026-07-15 11:54:45] Status Updated: Floor '16'
[2026-07-15 11:54:46] Tag Change: ID '00E2004717DAD0682181F801' -> Floor '16'
[2026-07-15 11:54:46] Tag Change: ID '00E20047179A4068217DEF01' -> Floor '15'
[2026-07-15 11:54:48] Tag Change: ID '00E200471795C068217DA701' -> Floor '14'
[2026-07-15 11:54:48] Tag Change: ID '00E2004717DB506821820001' -> Floor '14'
[2026-07-15 11:54:48] Status Updated: Floor '14'
[2026-07-15 11:54:49] Tag Change: ID '00E20047179AC068217DF701' -> Floor '13'
[2026-07-15 11:54:51] Tag Change: ID '00E2004717DF906821824401' -> Floor '12'
[2026-07-15 11:54:52] Tag Change: ID '00E20047173800682177CB01' -> Floor '11'
[2026-07-15 11:54:53] Tag Change: ID '00E20047177B8068217C0301' -> Floor '10'
[2026-07-15 11:54:55] Tag Change: ID '00E20047173F406821783F01' -> Floor '9'
[2026-07-15 11:54:55] Status Updated: Floor '9'
[2026-07-15 11:54:56] Tag Change: ID '00E2004717940068217D8B01' -> Floor '8'
[2026-07-15 11:54:57] Tag Change: ID '00E20047179B0068217DFB01' -> Floor '7'
[2026-07-15 11:54:59] Tag Change: ID '00E2004717B0C068217F5701' -> Floor '6'
[2026-07-15 11:55:00] Tag Change: ID '00E200471783C068217C8701' -> Floor '5'
[2026-07-15 11:55:02] Tag Change: ID '00E20047173CC06821781701' -> Floor '4'
[2026-07-15 11:55:02] Status Updated: Floor '4'
[2026-07-15 11:55:03] Tag Change: ID '00E2004717834068217C7F01' -> Floor '3'
[2026-07-15 11:55:03] Status Updated: Floor '3'
[2026-07-15 11:55:04] Tag Change: ID '00E20047173B00682177FB01' -> Floor '2'
[2026-07-15 11:55:05] Status Updated: Floor '2'
[2026-07-15 11:55:06] Tag Change: ID '00E2004717E0506821825001' -> Floor '1'
[2026-07-15 11:55:07] Tag Change: ID '00E20047177F8068217C4301' -> Floor '0'
[2026-07-15 11:55:07] Status Updated: Floor '0'
[2026-07-15 11:55:10] Tag Change: ID '00E2004717818068217C6301' -> Floor '0'
[2026-07-15 11:55:10] Tag Change: ID '00E20047173F006821783B01' -> Floor '0'
[2026-07-15 11:56:13] Tag Change: ID '00E2004717818068217C6301' -> Floor '0'
[2026-07-15 11:56:13] Tag flapping: suppressed 171 repeated tag-change log lines in the last 104s
[2026-07-15 11:56:14] Tag Change: ID '00E20047177F8068217C4301' -> Floor '0'
[2026-07-15 11:56:16] Tag Change: ID '00E2004717E0506821825001' -> Floor '1'
[2026-07-15 11:56:17] Tag Change: ID '00E20047173B00682177FB01' -> Floor '2'
[2026-07-15 11:56:17] Tag Change: ID '00E2004717D650682181B001' -> Floor '2'
[2026-07-15 11:56:17] Status Updated: Floor '2'
[2026-07-15 11:56:19] Tag Change: ID '00E2004717834068217C7F01' -> Floor '3'
[2026-07-15 11:56:20] Tag Change: ID '00E20047173CC06821781701' -> Floor '4'
[2026-07-15 11:56:20] Status Updated: Floor '4'
[2026-07-15 11:56:21] Tag Change: ID '00E20047173A80682177F301' -> Floor '5'
[2026-07-15 11:56:21] Status Updated: Floor '5'
[2026-07-15 11:56:23] Tag Change: ID '00E2004717B0C068217F5701' -> Floor '6'
[2026-07-15 11:56:24] Tag Change: ID '00E20047179B0068217DFB01' -> Floor '7'
[2026-07-15 11:56:25] Tag Change: ID '00E2004717940068217D8B01' -> Floor '8'
[2026-07-15 11:56:25] Tag Change: ID '00E2004717ED906821832400' -> Floor '8'
[2026-07-15 11:56:26] Status Updated: Floor '8'
[2026-07-15 11:56:27] Tag Change: ID '00E20047173F406821783F01' -> Floor '9'
[2026-07-15 11:56:28] Tag Change: ID '00E20047177B8068217C0301' -> Floor '10'
[2026-07-15 11:56:30] Tag Change: ID '00E20047173800682177CB01' -> Floor '11'
[2026-07-15 11:56:30] Status Updated: Floor '11'
[2026-07-15 11:56:31] Tag Change: ID '00E20047173640682177AF01' -> Floor '12'
[2026-07-15 11:56:31] Status Updated: Floor '12'
[2026-07-15 11:56:34] Tag Change: ID '00E2004717DB506821820001' -> Floor '14'
[2026-07-15 11:56:35] Tag Change: ID '00E20047179A4068217DEF01' -> Floor '15'
[2026-07-15 11:56:36] Tag Change: ID '00E2004717D890682181D401' -> Floor '16'
[2026-07-15 11:56:36] Tag Change: ID '00E20047173FC06821784701' -> Floor '16'
[2026-07-15 11:56:37] Status Updated: Floor '16'
[2026-07-15 11:56:38] Tag Change: ID '00E2004717D4106821818C01' -> Floor '17'
[2026-07-15 11:56:38] Tag Change: ID '00E20047173A40682177EF01' -> Floor '17'
[2026-07-15 11:56:38] Status Updated: Floor '17'
[2026-07-15 11:56:39] Tag Change: ID '00E2004717AF0068217F3B01' -> Floor '18'
[2026-07-15 11:56:40] Tag Change: ID '00E2004718C1706821906201' -> Floor '19'
[2026-07-15 11:56:42] Tag Change: ID '00E2004718BC306821900E01' -> Floor '20'
[2026-07-15 11:56:43] Tag Change: ID '00E20047175F0068217A3B01' -> Floor '21'
[2026-07-15 11:56:43] Status Updated: Floor '21'
[2026-07-15 11:56:46] Tag Change: ID '00E2004718A98068218EE301' -> Floor '23'
[2026-07-15 11:56:47] Tag Change: ID '00E2004718A0C068218E5701' -> Floor '24'
[2026-07-15 11:56:49] Tag Change: ID '00E20047177F3068217C3E01' -> Floor '25'
[2026-07-15 11:56:50] Tag Change: ID '00E20047175AC0682179F701' -> Floor '26'
[2026-07-15 11:56:50] Tag Change: ID '00E200471894C068218D9701' -> Floor '26'
[2026-07-15 11:56:50] Status Updated: Floor '26'
[2026-07-15 11:56:51] Tag Change: ID '00E20047189BC068218E0701' -> Floor '27'
[2026-07-15 11:56:53] Tag Change: ID '00E20047175FC068217A4701' -> Floor '27'
[2026-07-15 11:56:53] Status Updated: Floor '27'
[2026-07-15 11:56:53] Tag Change: ID '00E2004718990068218DDB01' -> Floor '27'
[2026-07-15 11:57:53] Tag Change: ID '00E20047175FC068217A4701' -> Floor '27'
[2026-07-15 11:57:53] Tag Change: ID '00E2004718990068218DDB01' -> Floor '27'
[2026-07-15 11:57:53] Tag flapping: suppressed 419 repeated tag-change log lines in the last 60s
[2026-07-15 11:58:53] Tag Change: ID '00E20047175FC068217A4701' -> Floor '27'
[2026-07-15 11:58:53] Tag Change: ID '00E2004718990068218DDB01' -> Floor '27'
[2026-07-15 11:58:54] Tag flapping: suppressed 398 repeated tag-change log lines in the last 60s
[2026-07-15 11:59:19] Tag Change: ID '00E20047175AC0682179F701' -> Floor '26'
[2026-07-15 11:59:19] Status Updated: Floor '26'
[2026-07-15 11:59:21] Tag Change: ID '00E20047177F3068217C3E01' -> Floor '25'
[2026-07-15 11:59:22] Tag Change: ID '00E2004717608068217A5301' -> Floor '24'
[2026-07-15 11:59:23] Tag Change: ID '00E2004717644068217A8F01' -> Floor '23'
[2026-07-15 11:59:24] Status Updated: Floor '23'
[2026-07-15 11:59:25] Tag Change: ID '00E2004718B87068218FD201' -> Floor '22'
[2026-07-15 11:59:26] Tag Change: ID '00E20047175F0068217A3B01' -> Floor '21'
[2026-07-15 11:59:26] Status Updated: Floor '21'
[2026-07-15 11:59:29] Tag Change: ID '00E2004718BC306821900E01' -> Floor '20'
[2026-07-15 11:59:29] Tag Change: ID '00E20047179B8068217E0301' -> Floor '20'
[2026-07-15 11:59:29] Status Updated: Floor '20'
[2026-07-15 11:59:46] Tag Change: ID '00E2004718C1706821906201' -> Floor '19'
[2026-07-15 11:59:46] Status Updated: Floor '19'
[2026-07-15 11:59:47] Tag Change: ID '00E2004717AF0068217F3B01' -> Floor '18'
[2026-07-15 11:59:48] Tag Change: ID '00E2004717D4106821818C01' -> Floor '17'
[2026-07-15 11:59:48] Tag Change: ID '00E20047173A40682177EF01' -> Floor '17'
[2026-07-15 11:59:49] Status Updated: Floor '17'
[2026-07-15 11:59:50] Tag Change: ID '00E2004717D890682181D401' -> Floor '16'
[2026-07-15 11:59:51] Tag Change: ID '00E20047179A4068217DEF01' -> Floor '15'
[2026-07-15 11:59:51] Tag Change: ID '00E2004717DB10682181FC01' -> Floor '15'
[2026-07-15 11:59:51] Status Updated: Floor '15'
[2026-07-15 11:59:52] Tag Change: ID '00E2004717DB506821820001' -> Floor '14'
[2026-07-15 11:59:54] Tag Change: ID '00E20047179AC068217DF701' -> Floor '13'
[2026-07-15 11:59:54] Tag flapping: suppressed 264 repeated tag-change log lines in the last 60s
[2026-07-15 11:59:55] Tag Change: ID '00E20047173640682177AF01' -> Floor '12'
[2026-07-15 11:59:55] Status Updated: Floor '12'
[2026-07-15 11:59:57] Tag Change: ID '00E20047173800682177CB01' -> Floor '11'
[2026-07-15 11:59:57] Status Updated: Floor '11'
[2026-07-15 11:59:58] Tag Change: ID '00E20047177B8068217C0301' -> Floor '10'
[2026-07-15 11:59:59] Tag Change: ID '00E20047173F406821783F01' -> Floor '9'
[2026-07-15 11:59:59] Tag Change: ID '00E2004717ED506821832001' -> Floor '9'
[2026-07-15 12:00:00] Status Updated: Floor '9'
[2026-07-15 12:00:01] Tag Change: ID '00E2004717ED906821832400' -> Floor '8'
[2026-07-15 12:00:02] Tag Change: ID '00E20047179B0068217DFB01' -> Floor '7'
[2026-07-15 12:00:03] Tag Change: ID '00E2004717B0C068217F5701' -> Floor '6'
[2026-07-15 12:00:05] Tag Change: ID '00E200471783C068217C8701' -> Floor '5'
[2026-07-15 12:00:05] Tag Change: ID '00E20047173A80682177F301' -> Floor '5'
[2026-07-15 12:00:05] Status Updated: Floor '5'
[2026-07-15 12:00:06] Tag Change: ID '00E20047173CC06821781701' -> Floor '4'
[2026-07-15 12:00:06] Status Updated: Floor '4'
[2026-07-15 12:00:08] Tag Change: ID '00E2004717834068217C7F01' -> Floor '3'
[2026-07-15 12:00:09] Tag Change: ID '00E20047173B00682177FB01' -> Floor '2'
[2026-07-15 12:00:10] Tag Change: ID '00E2004717E0506821825001' -> Floor '1'
[2026-07-15 12:00:11] Status Updated: Floor '1'
[2026-07-15 12:00:11] Tag Change: ID '00E2004717790068217BDB01' -> Floor '1'
[2026-07-15 12:00:12] Tag Change: ID '00E20047177F8068217C4301' -> Floor '0'
[2026-07-15 12:00:13] Tag Change: ID '00E20047173F006821783B01' -> Floor '0'
[2026-07-15 12:00:13] Status Updated: Floor '0'
[2026-07-15 12:00:49] Tag Change: ID '00E2004717818068217C6301' -> Floor '0'
[2026-07-15 12:01:09] Tag Change: ID '00E20047173780682177C301' -> Floor '1'
[2026-07-15 12:01:10] Status Updated: Floor '1'
[2026-07-15 12:01:11] Tag Change: ID '00E2004717D650682181B001' -> Floor '2'
[2026-07-15 12:01:12] Tag Change: ID '00E2004717834068217C7F01' -> Floor '3'
[2026-07-15 12:01:14] Tag Change: ID '00E20047173CC06821781701' -> Floor '4'
[2026-07-15 12:01:14] Status Updated: Floor '4'
[2026-07-15 12:01:15] Tag Change: ID '00E20047173A80682177F301' -> Floor '5'
[2026-07-15 12:01:15] Tag Change: ID '00E200471783C068217C8701' -> Floor '5'
[2026-07-15 12:01:15] Status Updated: Floor '5'
[2026-07-15 12:01:16] Tag Change: ID '00E2004717B0C068217F5701' -> Floor '6'
[2026-07-15 12:01:18] Tag Change: ID '00E20047179B0068217DFB01' -> Floor '7'
[2026-07-15 12:01:19] Tag Change: ID '00E2004717940068217D8B01' -> Floor '8'
[2026-07-15 12:01:21] Tag Change: ID '00E2004717ED506821832001' -> Floor '9'
[2026-07-15 12:01:21] Tag Change: ID '00E20047173F406821783F01' -> Floor '9'
[2026-07-15 12:01:21] Status Updated: Floor '9'
[2026-07-15 12:01:22] Tag Change: ID '00E20047177B8068217C0301' -> Floor '10'
[2026-07-15 12:01:23] Tag Change: ID '00E20047173800682177CB01' -> Floor '11'
[2026-07-15 12:01:24] Status Updated: Floor '11'
[2026-07-15 12:01:26] Tag Change: ID '00E20047173640682177AF01' -> Floor '12'
[2026-07-15 12:01:26] Tag Change: ID '00E2004717DF906821824401' -> Floor '12'
[2026-07-15 12:01:26] Status Updated: Floor '12'
[2026-07-15 12:01:49] Tag flapping: suppressed 282 repeated tag-change log lines in the last 60s
[2026-07-15 12:02:19] Tag Change: ID '00E2004717DB506821820001' -> Floor '14'
[2026-07-15 12:02:21] Tag Change: ID '00E20047179A4068217DEF01' -> Floor '15'
[2026-07-15 12:02:22] Tag Change: ID '00E2004717D890682181D401' -> Floor '16'
[2026-07-15 12:02:22] Status Updated: Floor '16'
[2026-07-15 12:02:23] Tag Change: ID '00E2004717D4106821818C01' -> Floor '17'
[2026-07-15 12:02:23] Tag Change: ID '00E20047173A40682177EF01' -> Floor '17'
[2026-07-15 12:02:24] Status Updated: Floor '17'
[2026-07-15 12:02:25] Tag Change: ID '00E2004717AF0068217F3B01' -> Floor '18'
[2026-07-15 12:02:26] Tag Change: ID '00E200471797C068217DC701' -> Floor '19'
[2026-07-15 12:02:26] Tag Change: ID '00E2004718C1706821906201' -> Floor '19'
[2026-07-15 12:02:26] Status Updated: Floor '19'
[2026-07-15 12:02:27] Tag Change: ID '00E2004718BC306821900E01' -> Floor '20'
[2026-07-15 12:02:29] Tag Change: ID '00E20047175F0068217A3B01' -> Floor '21'
[2026-07-15 12:02:29] Status Updated: Floor '21'
[2026-07-15 12:02:30] Tag Change: ID '00E2004718B87068218FD201' -> Floor '22'
[2026-07-15 12:02:31] Tag Change: ID '00E2004717644068217A8F01' -> Floor '23'
[2026-07-15 12:02:33] Tag Change: ID '00E2004718A0C068218E5701' -> Floor '24'
[2026-07-15 12:02:33] Tag Change: ID '00E2004717608068217A5301' -> Floor '24'
[2026-07-15 12:02:33] Status Updated: Floor '24'
[2026-07-15 12:02:34] Tag Change: ID '00E20047177F3068217C3E01' -> Floor '25'
[2026-07-15 12:02:35] Tag Change: ID '00E20047175AC0682179F701' -> Floor '26'
[2026-07-15 12:02:35] Tag Change: ID '00E200471894C068218D9701' -> Floor '26'
[2026-07-15 12:02:36] Status Updated: Floor '26'
[2026-07-15 12:02:38] Tag Change: ID '00E20047175FC068217A4701' -> Floor '27'
[2026-07-15 12:02:38] Status Updated: Floor '27'
[2026-07-15 12:02:39] Tag Change: ID '00E2004718990068218DDB01' -> Floor '27'
[2026-07-15 12:02:49] Tag flapping: suppressed 256 repeated tag-change log lines in the last 60s
[2026-07-15 12:03:38] Tag Change: ID '00E20047175FC068217A4701' -> Floor '27'
[2026-07-15 12:03:39] Tag Change: ID '00E2004718990068218DDB01' -> Floor '27'
[2026-07-15 12:03:49] Tag flapping: suppressed 408 repeated tag-change log lines in the last 60s
[2026-07-15 12:04:38] Tag Change: ID '00E20047175FC068217A4701' -> Floor '27'
[2026-07-15 12:04:39] Tag Change: ID '00E2004718990068218DDB01' -> Floor '27'
[2026-07-15 12:04:50] Tag Change: ID '00E200471894C068218D9701' -> Floor '26'
[2026-07-15 12:04:50] Tag flapping: suppressed 388 repeated tag-change log lines in the last 60s
[2026-07-15 12:04:51] Tag Change: ID '00E20047177F3068217C3E01' -> Floor '25'
[2026-07-15 12:04:51] Status Updated: Floor '25'
[2026-07-15 12:04:52] Tag Change: ID '00E2004717608068217A5301' -> Floor '24'
[2026-07-15 12:04:54] Tag Change: ID '00E2004717644068217A8F01' -> Floor '23'
[2026-07-15 12:04:54] Status Updated: Floor '23'
[2026-07-15 12:04:56] Tag Change: ID '00E2004718BB706821900201' -> Floor '21'
[2026-07-15 12:04:56] Tag Change: ID '00E20047175F0068217A3B01' -> Floor '21'
[2026-07-15 12:04:57] Status Updated: Floor '21'
[2026-07-15 12:04:58] Tag Change: ID '00E20047179B8068217E0301' -> Floor '20'
[2026-07-15 12:04:58] Status Updated: Floor '20'
[2026-07-15 12:04:59] Tag Change: ID '00E200471797C068217DC701' -> Floor '19'
[2026-07-15 12:04:59] Tag Change: ID '00E2004718C1706821906201' -> Floor '19'
[2026-07-15 12:04:59] Status Updated: Floor '19'
[2026-07-15 12:05:00] Tag Change: ID '00E2004717AF0068217F3B01' -> Floor '18'
[2026-07-15 12:05:02] Tag Change: ID '00E20047173A40682177EF01' -> Floor '17'
[2026-07-15 12:05:02] Status Updated: Floor '17'
[2026-07-15 12:05:03] Tag Change: ID '00E2004717D890682181D401' -> Floor '16'
[2026-07-15 12:05:03] Status Updated: Floor '16'
[2026-07-15 12:05:04] Tag Change: ID '00E2004717DB10682181FC01' -> Floor '15'
[2026-07-15 12:05:06] Tag Change: ID '00E200471795C068217DA701' -> Floor '14'
[2026-07-15 12:05:07] Tag Change: ID '00E20047179AC068217DF701' -> Floor '13'
[2026-07-15 12:05:08] Tag Change: ID '00E2004717DF906821824401' -> Floor '12'
[2026-07-15 12:05:09] Tag Change: ID '00E20047173640682177AF01' -> Floor '12'
[2026-07-15 12:05:09] Status Updated: Floor '12'
[2026-07-15 12:05:10] Tag Change: ID '00E20047173800682177CB01' -> Floor '11'
[2026-07-15 12:05:11] Tag Change: ID '00E2004718A08068218E5301' -> Floor '10'
[2026-07-15 12:05:13] Tag Change: ID '00E20047173F406821783F01' -> Floor '9'
[2026-07-15 12:05:14] Tag Change: ID '00E2004717ED906821832400' -> Floor '8'
[2026-07-15 12:05:15] Tag Change: ID '00E20047179B0068217DFB01' -> Floor '7'
[2026-07-15 12:05:18] Tag Change: ID '00E200471783C068217C8701' -> Floor '5'
[2026-07-15 12:05:21] Tag Change: ID '00E2004717834068217C7F01' -> Floor '3'
[2026-07-15 12:05:22] Tag Change: ID '00E20047173B00682177FB01' -> Floor '2'
[2026-07-15 12:05:24] Tag Change: ID '00E2004717E0506821825001' -> Floor '1'
[2026-07-15 12:05:25] Tag Change: ID '00E20047177F8068217C4301' -> Floor '0'
[2026-07-15 12:05:25] Status Updated: Floor '0'
[2026-07-15 12:05:27] Tag Change: ID '00E20047173F006821783B01' -> Floor '0'
[2026-07-15 12:05:28] Tag Change: ID '00E2004717818068217C6301' -> Floor '0'
[2026-07-15 12:05:51] Tag Change: ID '00E20047173780682177C301' -> Floor '1'
[2026-07-15 12:05:53] Tag Change: ID '00E2004717D650682181B001' -> Floor '2'
[2026-07-15 12:05:53] Status Updated: Floor '2'
[2026-07-15 12:05:55] Tag Change: ID '00E20047173CC06821781701' -> Floor '4'
[2026-07-15 12:05:58] Tag Change: ID '00E2004717B0C068217F5701' -> Floor '6'
[2026-07-15 12:06:01] Tag Change: ID '00E2004717940068217D8B01' -> Floor '8'
[2026-07-15 12:06:05] Status Updated: Floor '11'
[2026-07-15 12:06:07] Status Updated: Floor '12'
[2026-07-15 12:06:08] Tag Change: ID '00E20047179AC068217DF701' -> Floor '13'
[2026-07-15 12:06:09] Tag Change: ID '00E200471795C068217DA701' -> Floor '14'
[2026-07-15 12:06:11] Tag Change: ID '00E20047179A4068217DEF01' -> Floor '15'
[2026-07-15 12:06:12] Status Updated: Floor '15'
[2026-07-15 12:06:12] Tag Change: ID '00E2004717D890682181D401' -> Floor '16'
[2026-07-15 12:06:12] Status Updated: Floor '16'
[2026-07-15 12:06:13] Tag Change: ID '00E2004717D4106821818C01' -> Floor '17'
[2026-07-15 12:06:15] Tag Change: ID '00E2004718A5C068218EA701' -> Floor '18'
[2026-07-15 12:06:16] Tag Change: ID '00E200471797C068217DC701' -> Floor '19'
[2026-07-15 12:06:16] Tag Change: ID '00E2004718C1706821906201' -> Floor '19'
[2026-07-15 12:06:16] Status Updated: Floor '19'
[2026-07-15 12:06:17] Tag Change: ID '00E2004718BC306821900E01' -> Floor '20'
[2026-07-15 12:06:19] Tag Change: ID '00E2004718BB706821900201' -> Floor '21'
[2026-07-15 12:06:22] Tag Change: ID '00E2004718B87068218FD201' -> Floor '22'
[2026-07-15 12:06:22] Tag Change: ID '00E20047175800682179CB01' -> Floor '22'
[2026-07-15 12:06:22] Status Updated: Floor '22'
[2026-07-15 12:06:28] Tag flapping: suppressed 201 repeated tag-change log lines in the last 60s
[2026-07-15 12:06:43] Tag Change: ID '00E20047175F0068217A3B01' -> Floor '21'
[2026-07-15 12:06:43] Status Updated: Floor '21'
[2026-07-15 12:06:59] Tag Change: ID '00E20047179B8068217E0301' -> Floor '20'
[2026-07-15 12:07:00] Status Updated: Floor '19'
[2026-07-15 12:07:01] Tag Change: ID '00E2004717AF0068217F3B01' -> Floor '18'
[2026-07-15 12:07:07] Tag Change: ID '00E2004717DB506821820001' -> Floor '14'
[2026-07-15 12:07:07] Status Updated: Floor '14'
[2026-07-15 12:07:08] Tag Change: ID '00E20047179AC068217DF701' -> Floor '13'
[2026-07-15 12:07:09] Tag Change: ID '00E2004717DF906821824401' -> Floor '12'
[2026-07-15 12:07:11] Tag Change: ID '00E20047173800682177CB01' -> Floor '11'
[2026-07-15 12:07:12] Tag Change: ID '00E2004718A08068218E5301' -> Floor '10'
[2026-07-15 12:07:14] Tag Change: ID '00E20047173F406821783F01' -> Floor '9'
[2026-07-15 12:07:15] Tag Change: ID '00E2004717ED906821832400' -> Floor '8'
[2026-07-15 12:07:16] Tag Change: ID '00E20047177A4068217BEF01' -> Floor '7'
[2026-07-15 12:07:18] Tag Change: ID '00E2004717B0C068217F5701' -> Floor '6'
[2026-07-15 12:07:19] Tag Change: ID '00E20047173A80682177F301' -> Floor '5'
[2026-07-15 12:07:19] Status Updated: Floor '5'
[2026-07-15 12:07:21] Tag Change: ID '00E20047173CC06821781701' -> Floor '4'
[2026-07-15 12:07:21] Tag Change: ID '00E20047177FC068217C4701' -> Floor '4'
[2026-07-15 12:07:21] Status Updated: Floor '4'
[2026-07-15 12:07:22] Tag Change: ID '00E2004717834068217C7F01' -> Floor '3'
[2026-07-15 12:07:23] Tag Change: ID '00E2004717D650682181B001' -> Floor '2'
[2026-07-15 12:07:25] Tag Change: ID '00E2004717E0506821825001' -> Floor '1'
[2026-07-15 12:07:26] Tag Change: ID '00E20047177F8068217C4301' -> Floor '0'
[2026-07-15 12:07:28] Tag Change: ID '00E20047173F006821783B01' -> Floor '0'
[2026-07-15 12:07:28] Tag flapping: suppressed 145 repeated tag-change log lines in the last 60s
[2026-07-15 12:07:29] Status Updated: Floor '0'
[2026-07-15 12:07:29] Tag Change: ID '00E2004717818068217C6301' -> Floor '0'
[2026-07-15 12:07:48] Tag Change: ID '00E20047173B00682177FB01' -> Floor '2'
[2026-07-15 12:07:49] Status Updated: Floor '2'
[2026-07-15 12:07:51] Status Updated: Floor '4'
[2026-07-15 12:07:52] Tag Change: ID '00E200471783C068217C8701' -> Floor '5'
[2026-07-15 12:07:53] Status Updated: Floor '5'
[2026-07-15 12:07:55] Tag Change: ID '00E20047179B0068217DFB01' -> Floor '7'
[2026-07-15 12:07:55] Status Updated: Floor '7'
[2026-07-15 12:07:57] Tag Change: ID '00E2004717940068217D8B01' -> Floor '8'
[2026-07-15 12:07:59] Tag Change: ID '00E20047177B8068217C0301' -> Floor '10'
[2026-07-15 12:08:02] Tag Change: ID '00E20047173640682177AF01' -> Floor '12'
[2026-07-15 12:08:02] Status Updated: Floor '12'
[2026-07-15 12:08:05] Tag Change: ID '00E200471795C068217DA701' -> Floor '14'
[2026-07-15 12:08:08] Tag Change: ID '00E2004717D890682181D401' -> Floor '16'
[2026-07-15 12:08:08] Tag Change: ID '00E20047173FC06821784701' -> Floor '16'
[2026-07-15 12:08:08] Status Updated: Floor '16'
[2026-07-15 12:08:09] Tag Change: ID '00E20047173A40682177EF01' -> Floor '17'
[2026-07-15 12:08:09] Tag Change: ID '00E2004717D4106821818C01' -> Floor '17'
[2026-07-15 12:08:09] Status Updated: Floor '17'
[2026-07-15 12:08:10] Tag Change: ID '00E2004718A5C068218EA701' -> Floor '18'
[2026-07-15 12:08:12] Tag Change: ID '00E2004718C1706821906201' -> Floor '19'
[2026-07-15 12:08:12] Tag Change: ID '00E200471797C068217DC701' -> Floor '19'
[2026-07-15 12:08:12] Status Updated: Floor '19'
[2026-07-15 12:08:13] Tag Change: ID '00E20047179B8068217E0301' -> Floor '20'
[2026-07-15 12:08:13] Tag Change: ID '00E2004718BC306821900E01' -> Floor '20'
[2026-07-15 12:08:13] Status Updated: Floor '20'
[2026-07-15 12:08:14] Tag Change: ID '00E20047175F0068217A3B01' -> Floor '21'
[2026-07-15 12:08:14] Tag Change: ID '00E2004718BB706821900201' -> Floor '21'
[2026-07-15 12:08:15] Status Updated: Floor '21'
[2026-07-15 12:08:17] Tag Change: ID '00E20047175800682179CB01' -> Floor '22'
[2026-07-15 12:08:17] Tag Change: ID '00E2004718B87068218FD201' -> Floor '22'
[2026-07-15 12:08:18] Status Updated: Floor '22'
[2026-07-15 12:08:29] Tag flapping: suppressed 175 repeated tag-change log lines in the last 60s
[2026-07-15 12:08:37] Status Updated: Floor '21'
[2026-07-15 12:08:40] Status Updated: Floor '19'
[2026-07-15 12:08:42] Status Updated: Floor '17'
[2026-07-15 12:08:44] Status Updated: Floor '16'
[2026-07-15 12:08:45] Tag Change: ID '00E2004717DB10682181FC01' -> Floor '15'
[2026-07-15 12:08:48] Tag Change: ID '00E20047179AC068217DF701' -> Floor '13'
[2026-07-15 12:08:49] Tag Change: ID '00E2004717DF906821824401' -> Floor '12'
[2026-07-15 12:08:49] Status Updated: Floor '12'
[2026-07-15 12:08:50] Tag Change: ID '00E20047173800682177CB01' -> Floor '11'
[2026-07-15 12:08:52] Tag Change: ID '00E2004718A08068218E5301' -> Floor '10'
[2026-07-15 12:08:53] Tag Change: ID '00E20047173F406821783F01' -> Floor '9'
[2026-07-15 12:08:54] Tag Change: ID '00E2004717ED906821832400' -> Floor '8'
[2026-07-15 12:08:55] Status Updated: Floor '8'
[2026-07-15 12:08:56] Tag Change: ID '00E20047179B0068217DFB01' -> Floor '7'
[2026-07-15 12:08:57] Tag Change: ID '00E2004717B0C068217F5701' -> Floor '6'
[2026-07-15 12:08:59] Tag Change: ID '00E200471783C068217C8701' -> Floor '5'
[2026-07-15 12:09:00] Tag Change: ID '00E20047173CC06821781701' -> Floor '4'
[2026-07-15 12:09:01] Tag Change: ID '00E2004717834068217C7F01' -> Floor '3'
[2026-07-15 12:09:03] Tag Change: ID '00E2004717D650682181B001' -> Floor '2'
[2026-07-15 12:09:03] Status Updated: Floor '2'
[2026-07-15 12:09:04] Tag Change: ID '00E2004717E0506821825001' -> Floor '1'
[2026-07-15 12:09:06] Tag Change: ID '00E20047177F8068217C4301' -> Floor '0'
[2026-07-15 12:09:08] Tag Change: ID '00E2004717818068217C6301' -> Floor '0'
[2026-07-15 12:09:08] Status Updated: Floor '0'
[2026-07-15 12:09:08] Tag Change: ID '00E20047173F006821783B01' -> Floor '0'
[2026-07-15 12:10:21] Tag Change: ID '00E2004717818068217C6301' -> Floor '0'
[2026-07-15 12:10:21] Tag flapping: suppressed 154 repeated tag-change log lines in the last 111s
[2026-07-15 12:10:22] Tag Change: ID '00E20047177F8068217C4301' -> Floor '0'
[2026-07-15 12:10:24] Tag Change: ID '00E2004717E0506821825001' -> Floor '1'
[2026-07-15 12:10:25] Tag Change: ID '00E20047173B00682177FB01' -> Floor '2'
[2026-07-15 12:10:26] Tag Change: ID '00E2004717834068217C7F01' -> Floor '3'
[2026-07-15 12:10:28] Tag Change: ID '00E20047173CC06821781701' -> Floor '4'
[2026-07-15 12:10:28] Status Updated: Floor '4'
[2026-07-15 12:10:31] Tag Change: ID '00E20047173A80682177F301' -> Floor '5'
[2026-07-15 12:10:31] Tag Change: ID '00E200471783C068217C8701' -> Floor '5'
[2026-07-15 12:10:31] Status Updated: Floor '5'
[2026-07-15 12:10:50] Tag Change: ID '00E2004717B0C068217F5701' -> Floor '6'
[2026-07-15 12:10:50] Status Updated: Floor '6'
[2026-07-15 12:10:51] Tag Change: ID '00E2004717850068217C9B01' -> Floor '6'
[2026-07-15 12:11:11] Tag Change: ID '00E20047179B0068217DFB01' -> Floor '7'
[2026-07-15 12:11:11] Status Updated: Floor '7'
[2026-07-15 12:11:12] Tag Change: ID '00E2004717ED906821832400' -> Floor '8'
[2026-07-15 12:11:12] Status Updated: Floor '8'
[2026-07-15 12:11:13] Tag Change: ID '00E20047173F406821783F01' -> Floor '9'
[2026-07-15 12:11:15] Tag Change: ID '00E20047177B8068217C0301' -> Floor '10'
[2026-07-15 12:11:15] Tag Change: ID '00E2004718A08068218E5301' -> Floor '10'
[2026-07-15 12:11:15] Status Updated: Floor '10'
[2026-07-15 12:11:16] Tag Change: ID '00E20047173800682177CB01' -> Floor '11'
[2026-07-15 12:11:16] Status Updated: Floor '11'
[2026-07-15 12:11:18] Tag Change: ID '00E2004717DF906821824401' -> Floor '12'
[2026-07-15 12:11:19] Tag Change: ID '00E20047179AC068217DF701' -> Floor '13'
[2026-07-15 12:11:22] Tag Change: ID '00E200471795C068217DA701' -> Floor '14'
[2026-07-15 12:11:22] Tag Change: ID '00E2004717DB506821820001' -> Floor '14'
[2026-07-15 12:11:22] Status Updated: Floor '14'
[2026-07-15 12:11:31] Tag flapping: suppressed 167 repeated tag-change log lines in the last 60s
[2026-07-15 12:11:42] Status Updated: Floor '11'
[2026-07-15 12:11:45] Status Updated: Floor '10'
[2026-07-15 12:12:04] Tag Change: ID '00E2004717940068217D8B01' -> Floor '8'
[2026-07-15 12:12:07] Tag Change: ID '00E2004717B0C068217F5701' -> Floor '6'
[2026-07-15 12:12:08] Tag Change: ID '00E20047173A80682177F301' -> Floor '5'
[2026-07-15 12:12:09] Tag Change: ID '00E20047177FC068217C4701' -> Floor '4'
[2026-07-15 12:12:11] Tag Change: ID '00E2004717834068217C7F01' -> Floor '3'
[2026-07-15 12:12:12] Tag Change: ID '00E2004717D650682181B001' -> Floor '2'
[2026-07-15 12:12:14] Tag Change: ID '00E2004717E0506821825001' -> Floor '1'
[2026-07-15 12:12:15] Tag Change: ID '00E20047177F8068217C4301' -> Floor '0'
[2026-07-15 12:12:16] Tag Change: ID '00E20047173F006821783B01' -> Floor '0'
[2026-07-15 12:12:17] Status Updated: Floor '0'
[2026-07-15 12:13:15] Tag Change: ID '00E2004717818068217C6301' -> Floor '0'
[2026-07-15 12:13:15] Tag flapping: suppressed 140 repeated tag-change log lines in the last 103s
[2026-07-15 12:13:16] Tag Change: ID '00E20047177F8068217C4301' -> Floor '0'
[2026-07-15 12:13:18] Tag Change: ID '00E20047173780682177C301' -> Floor '1'
[2026-07-15 12:13:19] Tag Change: ID '00E20047173B00682177FB01' -> Floor '2'
[2026-07-15 12:13:19] Status Updated: Floor '2'
[2026-07-15 12:13:20] Tag Change: ID '00E2004717834068217C7F01' -> Floor '3'
[2026-07-15 12:13:23] Tag Change: ID '00E20047173A80682177F301' -> Floor '5'
[2026-07-15 12:13:25] Tag Change: ID '00E2004717B0C068217F5701' -> Floor '6'
[2026-07-15 12:13:26] Tag Change: ID '00E20047179B0068217DFB01' -> Floor '7'
[2026-07-15 12:13:27] Tag Change: ID '00E2004717ED906821832400' -> Floor '8'
[2026-07-15 12:13:29] Tag Change: ID '00E20047173F406821783F01' -> Floor '9'
[2026-07-15 12:13:30] Tag Change: ID '00E2004718A08068218E5301' -> Floor '10'
[2026-07-15 12:13:32] Tag Change: ID '00E20047173800682177CB01' -> Floor '11'
[2026-07-15 12:13:32] Status Updated: Floor '11'
[2026-07-15 12:13:33] Tag Change: ID '00E2004717DF906821824401' -> Floor '12'
[2026-07-15 12:13:33] Tag Change: ID '00E20047173640682177AF01' -> Floor '12'
[2026-07-15 12:13:33] Status Updated: Floor '12'
[2026-07-15 12:13:34] Tag Change: ID '00E20047179AC068217DF701' -> Floor '13'
[2026-07-15 12:13:37] Tag Change: ID '00E20047179A4068217DEF01' -> Floor '15'
[2026-07-15 12:13:38] Tag Change: ID '00E2004717D890682181D401' -> Floor '16'
[2026-07-15 12:13:39] Status Updated: Floor '16'
[2026-07-15 12:13:40] Tag Change: ID '00E20047173A40682177EF01' -> Floor '17'
[2026-07-15 12:13:41] Tag Change: ID '00E2004717AF0068217F3B01' -> Floor '18'
[2026-07-15 12:13:42] Tag Change: ID '00E200471797C068217DC701' -> Floor '19'
[2026-07-15 12:13:43] Tag Change: ID '00E2004718C1706821906201' -> Floor '19'
[2026-07-15 12:13:43] Status Updated: Floor '19'
[2026-07-15 12:13:44] Tag Change: ID '00E20047179B8068217E0301' -> Floor '20'
[2026-07-15 12:13:44] Tag Change: ID '00E2004718B2B068218F7601' -> Floor '21'
[2026-07-15 12:13:45] Tag Change: ID '00E2004718BB706821900201' -> Floor '21'
[2026-07-15 12:13:45] Status Updated: Floor '21'
[2026-07-15 12:13:48] Tag Change: ID '00E2004718B87068218FD201' -> Floor '22'
[2026-07-15 12:13:48] Tag Change: ID '00E20047175800682179CB01' -> Floor '22'
[2026-07-15 12:13:48] Status Updated: Floor '22'
[2026-07-15 12:14:11] Tag Change: ID '00E20047175F0068217A3B01' -> Floor '21'
[2026-07-15 12:14:13] Status Updated: Floor '20'
[2026-07-15 12:14:14] Status Updated: Floor '19'
[2026-07-15 12:14:15] Tag Change: ID '00E2004718A5C068218EA701' -> Floor '18'
[2026-07-15 12:14:18] Tag Change: ID '00E20047173FC06821784701' -> Floor '16'
[2026-07-15 12:14:18] Status Updated: Floor '16'
[2026-07-15 12:14:21] Tag Change: ID '00E2004717DB506821820001' -> Floor '14'
[2026-07-15 12:14:25] Status Updated: Floor '11'
[2026-07-15 12:14:26] Tag Change: ID '00E20047177B8068217C0301' -> Floor '10'
[2026-07-15 12:14:27] Tag Change: ID '00E2004717ED506821832001' -> Floor '9'
[2026-07-15 12:14:28] Status Updated: Floor '9'
[2026-07-15 12:14:30] Tag Change: ID '00E2004717940068217D8B01' -> Floor '8'
[2026-07-15 12:14:31] Status Updated: Floor '8'
[2026-07-15 12:14:31] Tag Change: ID '00E2004717ED906821832400' -> Floor '8'
[2026-07-15 12:14:49] Tag flapping: suppressed 266 repeated tag-change log lines in the last 60s
[2026-07-15 12:14:55] Tag Change: ID '00E20047179B0068217DFB01' -> Floor '7'
[2026-07-15 12:14:56] Tag Change: ID '00E2004717B0C068217F5701' -> Floor '6'
[2026-07-15 12:14:58] Tag Change: ID '00E20047173A80682177F301' -> Floor '5'
[2026-07-15 12:14:59] Tag Change: ID '00E20047177FC068217C4701' -> Floor '4'
[2026-07-15 12:15:01] Tag Change: ID '00E2004717834068217C7F01' -> Floor '3'
[2026-07-15 12:15:02] Tag Change: ID '00E20047173B00682177FB01' -> Floor '2'
[2026-07-15 12:15:03] Tag Change: ID '00E2004717E0506821825001' -> Floor '1'
[2026-07-15 12:15:05] Tag Change: ID '00E20047177F8068217C4301' -> Floor '0'
[2026-07-15 12:15:05] Status Updated: Floor '0'
[2026-07-15 12:15:07] Tag Change: ID '00E20047173F006821783B01' -> Floor '0'
[2026-07-15 12:15:07] Tag Change: ID '00E2004717818068217C6301' -> Floor '0'
[2026-07-15 12:16:21] Tag Change: ID '00E2004717818068217C6301' -> Floor '0'
[2026-07-15 12:16:21] Tag flapping: suppressed 212 repeated tag-change log lines in the last 92s
[2026-07-15 12:16:23] Tag Change: ID '00E20047177F8068217C4301' -> Floor '0'
[2026-07-15 12:16:24] Tag Change: ID '00E2004717E0506821825001' -> Floor '1'
[2026-07-15 12:16:25] Tag Change: ID '00E20047173B00682177FB01' -> Floor '2'
[2026-07-15 12:16:27] Tag Change: ID '00E2004717834068217C7F01' -> Floor '3'
[2026-07-15 12:16:28] Tag Change: ID '00E20047177FC068217C4701' -> Floor '4'
[2026-07-15 12:16:28] Tag Change: ID '00E20047173CC06821781701' -> Floor '4'
[2026-07-15 12:16:29] Status Updated: Floor '4'
[2026-07-15 12:16:30] Tag Change: ID '00E20047173A80682177F301' -> Floor '5'
[2026-07-15 12:16:31] Tag Change: ID '00E2004717B0C068217F5701' -> Floor '6'
[2026-07-15 12:16:32] Tag Change: ID '00E20047179B0068217DFB01' -> Floor '7'
[2026-07-15 12:16:33] Status Updated: Floor '7'
[2026-07-15 12:16:34] Tag Change: ID '00E2004717940068217D8B01' -> Floor '8'
[2026-07-15 12:16:35] Tag Change: ID '00E20047173F406821783F01' -> Floor '9'
[2026-07-15 12:16:37] Tag Change: ID '00E2004718A08068218E5301' -> Floor '10'
[2026-07-15 12:16:38] Tag Change: ID '00E20047173800682177CB01' -> Floor '11'
[2026-07-15 12:16:38] Status Updated: Floor '11'
[2026-07-15 12:16:39] Tag Change: ID '00E2004717DF906821824401' -> Floor '12'
[2026-07-15 12:16:40] Status Updated: Floor '12'
[2026-07-15 12:16:41] Tag Change: ID '00E20047179AC068217DF701' -> Floor '13'
[2026-07-15 12:16:42] Tag Change: ID '00E2004717DB506821820001' -> Floor '14'
[2026-07-15 12:16:43] Tag Change: ID '00E2004717DB10682181FC01' -> Floor '15'
[2026-07-15 12:16:45] Tag Change: ID '00E2004717D890682181D401' -> Floor '16'
[2026-07-15 12:16:45] Tag Change: ID '00E20047173FC06821784701' -> Floor '16'
[2026-07-15 12:16:45] Status Updated: Floor '16'
[2026-07-15 12:16:46] Tag Change: ID '00E20047173A40682177EF01' -> Floor '17'
[2026-07-15 12:16:48] Tag Change: ID '00E2004717AF0068217F3B01' -> Floor '18'
[2026-07-15 12:16:49] Tag Change: ID '00E200471797C068217DC701' -> Floor '19'
[2026-07-15 12:16:49] Status Updated: Floor '19'
[2026-07-15 12:16:50] Tag Change: ID '00E20047179B8068217E0301' -> Floor '20'
[2026-07-15 12:16:53] Tag Change: ID '00E20047175F0068217A3B01' -> Floor '21'
[2026-07-15 12:16:53] Tag Change: ID '00E2004718BB706821900201' -> Floor '21'
[2026-07-15 12:16:53] Status Updated: Floor '21'
[2026-07-15 12:17:03] Tag Change: ID '00E2004718BC306821900E01' -> Floor '20'
[2026-07-15 12:17:04] Status Updated: Floor '19'
[2026-07-15 12:17:07] Tag Change: ID '00E2004717D4106821818C01' -> Floor '17'
[2026-07-15 12:17:08] Status Updated: Floor '16'
[2026-07-15 12:17:11] Tag Change: ID '00E200471795C068217DA701' -> Floor '14'
[2026-07-15 12:17:11] Status Updated: Floor '14'
[2026-07-15 12:17:13] Tag Change: ID '00E20047173640682177AF01' -> Floor '12'
[2026-07-15 12:17:14] Status Updated: Floor '12'
[2026-07-15 12:17:15] Status Updated: Floor '11'
[2026-07-15 12:17:27] Tag Change: ID '00E20047173B00682177FB01' -> Floor '2'
[2026-07-15 12:17:28] Status Updated: Floor '2'
[2026-07-15 12:17:29] Tag Change: ID '00E2004717E0506821825001' -> Floor '1'
[2026-07-15 12:17:30] Tag Change: ID '00E20047177F8068217C4301' -> Floor '0'
[2026-07-15 12:17:31] Tag Change: ID '00E20047173F006821783B01' -> Floor '0'
[2026-07-15 12:17:32] Status Updated: Floor '0'
[2026-07-15 12:18:23] Tag Change: ID '00E2004717818068217C6301' -> Floor '0'
[2026-07-15 12:18:23] Tag flapping: suppressed 67 repeated tag-change log lines in the last 89s
[2026-07-15 12:18:31] Tag Change: ID '00E20047173F006821783B01' -> Floor '0'
[2026-07-15 12:18:38] Tag Change: ID '00E20047177F8068217C4301' -> Floor '0'
[2026-07-15 12:18:40] Tag Change: ID '00E2004717E0506821825001' -> Floor '1'
[2026-07-15 12:18:40] Status Updated: Floor '1'
[2026-07-15 12:18:41] Tag Change: ID '00E2004717D650682181B001' -> Floor '2'
[2026-07-15 12:18:42] Tag Change: ID '00E2004717834068217C7F01' -> Floor '3'
[2026-07-15 12:18:44] Tag Change: ID '00E20047177FC068217C4701' -> Floor '4'
[2026-07-15 12:18:44] Status Updated: Floor '4'
[2026-07-15 12:18:45] Tag Change: ID '00E200471783C068217C8701' -> Floor '5'
[2026-07-15 12:18:46] Tag Change: ID '00E2004717B0C068217F5701' -> Floor '6'
[2026-07-15 12:18:48] Tag Change: ID '00E20047179B0068217DFB01' -> Floor '7'
[2026-07-15 12:18:48] Status Updated: Floor '7'
[2026-07-15 12:18:49] Tag Change: ID '00E2004717ED906821832400' -> Floor '8'
[2026-07-15 12:18:51] Tag Change: ID '00E20047173F406821783F01' -> Floor '9'
[2026-07-15 12:18:53] Tag Change: ID '00E20047173800682177CB01' -> Floor '11'
[2026-07-15 12:18:54] Status Updated: Floor '11'
[2026-07-15 12:18:55] Tag Change: ID '00E2004717DF906821824401' -> Floor '12'
[2026-07-15 12:18:55] Status Updated: Floor '12'
[2026-07-15 12:18:56] Tag Change: ID '00E20047179AC068217DF701' -> Floor '13'
[2026-07-15 12:18:57] Tag Change: ID '00E2004717DB506821820001' -> Floor '14'
[2026-07-15 12:18:58] Tag Change: ID '00E200471795C068217DA701' -> Floor '14'
[2026-07-15 12:18:58] Status Updated: Floor '14'
[2026-07-15 12:18:59] Tag Change: ID '00E2004717DB10682181FC01' -> Floor '15'
[2026-07-15 12:19:00] Tag Change: ID '00E20047173FC06821784701' -> Floor '16'
[2026-07-15 12:19:00] Tag Change: ID '00E2004717D890682181D401' -> Floor '16'
[2026-07-15 12:19:01] Status Updated: Floor '16'
[2026-07-15 12:19:02] Tag Change: ID '00E2004717D4106821818C01' -> Floor '17'
[2026-07-15 12:19:05] Tag Change: ID '00E2004717AF0068217F3B01' -> Floor '18'
[2026-07-15 12:19:05] Status Updated: Floor '18'
[2026-07-15 12:19:05] Tag Change: ID '00E2004718A5C068218EA701' -> Floor '18'
[2026-07-15 12:19:23] Tag flapping: suppressed 199 repeated tag-change log lines in the last 60s
[2026-07-15 12:19:43] Tag Change: ID '00E20047173A40682177EF01' -> Floor '17'
[2026-07-15 12:19:46] Status Updated: Floor '16'
[2026-07-15 12:20:00] Tag Change: ID '00E20047173FC06821784701' -> Floor '16'
[2026-07-15 12:20:00] Tag Change: ID '00E2004717D890682181D401' -> Floor '16'
[2026-07-15 12:20:20] Tag Change: ID '00E2004717DAD0682181F801' -> Floor '16'
[2026-07-15 12:20:21] Tag Change: ID '00E20047179A4068217DEF01' -> Floor '15'
[2026-07-15 12:20:22] Status Updated: Floor '15'
[2026-07-15 12:20:22] Tag Change: ID '00E2004717DB506821820001' -> Floor '14'
[2026-07-15 12:20:24] Tag Change: ID '00E20047179AC068217DF701' -> Floor '13'
[2026-07-15 12:20:24] Tag flapping: suppressed 343 repeated tag-change log lines in the last 60s
[2026-07-15 12:20:25] Tag Change: ID '00E2004717DF906821824401' -> Floor '12'
[2026-07-15 12:20:25] Tag Change: ID '00E20047173640682177AF01' -> Floor '12'
[2026-07-15 12:20:25] Status Updated: Floor '12'
[2026-07-15 12:20:26] Tag Change: ID '00E20047173800682177CB01' -> Floor '11'
[2026-07-15 12:20:27] Status Updated: Floor '11'
[2026-07-15 12:20:28] Tag Change: ID '00E2004718A08068218E5301' -> Floor '10'
[2026-07-15 12:20:29] Tag Change: ID '00E2004717ED506821832001' -> Floor '9'
[2026-07-15 12:20:29] Status Updated: Floor '9'
[2026-07-15 12:20:33] Tag Change: ID '00E2004717B0C068217F5701' -> Floor '6'
[2026-07-15 12:20:35] Tag Change: ID '00E20047173A80682177F301' -> Floor '5'
[2026-07-15 12:20:36] Tag Change: ID '00E20047173CC06821781701' -> Floor '4'
[2026-07-15 12:20:39] Tag Change: ID '00E2004717D650682181B001' -> Floor '2'
[2026-07-15 12:20:39] Status Updated: Floor '2'
[2026-07-15 12:20:40] Tag Change: ID '00E2004717E0506821825001' -> Floor '1'
[2026-07-15 12:20:42] Tag Change: ID '00E20047177F8068217C4301' -> Floor '0'
[2026-07-15 12:20:44] Tag Change: ID '00E20047173F006821783B01' -> Floor '0'
[2026-07-15 12:20:44] Status Updated: Floor '0'
[2026-07-15 12:20:45] Tag Change: ID '00E2004717818068217C6301' -> Floor '0'
[2026-07-15 12:21:57] Tag Change: ID '00E2004717818068217C6301' -> Floor '0'
[2026-07-15 12:21:57] Tag flapping: suppressed 163 repeated tag-change log lines in the last 72s
[2026-07-15 12:21:58] Tag Change: ID '00E20047177F8068217C4301' -> Floor '0'
[2026-07-15 12:22:00] Tag Change: ID '00E2004717E0506821825001' -> Floor '1'
[2026-07-15 12:22:01] Tag Change: ID '00E2004717D650682181B001' -> Floor '2'
[2026-07-15 12:22:03] Tag Change: ID '00E2004717834068217C7F01' -> Floor '3'
[2026-07-15 12:22:04] Tag Change: ID '00E20047177FC068217C4701' -> Floor '4'
[2026-07-15 12:22:04] Tag Change: ID '00E20047173CC06821781701' -> Floor '4'
[2026-07-15 12:22:04] Status Updated: Floor '4'
[2026-07-15 12:22:05] Tag Change: ID '00E20047173A80682177F301' -> Floor '5'
[2026-07-15 12:22:05] Status Updated: Floor '5'
[2026-07-15 12:22:07] Tag Change: ID '00E2004717B0C068217F5701' -> Floor '6'
[2026-07-15 12:22:08] Tag Change: ID '00E20047179B0068217DFB01' -> Floor '7'
[2026-07-15 12:22:09] Tag Change: ID '00E2004717ED906821832400' -> Floor '8'
[2026-07-15 12:22:09] Tag Change: ID '00E2004717940068217D8B01' -> Floor '8'
[2026-07-15 12:22:10] Status Updated: Floor '8'
[2026-07-15 12:22:11] Tag Change: ID '00E20047173F406821783F01' -> Floor '9'
[2026-07-15 12:22:12] Status Updated: Floor '9'
[2026-07-15 12:22:14] Tag Change: ID '00E20047173800682177CB01' -> Floor '11'
[2026-07-15 12:22:15] Tag Change: ID '00E20047173640682177AF01' -> Floor '12'
[2026-07-15 12:22:15] Tag Change: ID '00E2004717DF906821824401' -> Floor '12'
[2026-07-15 12:22:15] Status Updated: Floor '12'
[2026-07-15 12:22:18] Tag Change: ID '00E2004717DB506821820001' -> Floor '14'
[2026-07-15 12:22:19] Tag Change: ID '00E20047179A4068217DEF01' -> Floor '15'
[2026-07-15 12:22:19] Tag Change: ID '00E2004717DB10682181FC01' -> Floor '15'
[2026-07-15 12:22:19] Status Updated: Floor '15'
[2026-07-15 12:22:22] Tag Change: ID '00E2004717D890682181D401' -> Floor '16'
[2026-07-15 12:22:22] Tag Change: ID '00E20047173FC06821784701' -> Floor '16'
[2026-07-15 12:22:22] Status Updated: Floor '16'
[2026-07-15 12:22:41] Tag Change: ID '00E20047173A40682177EF01' -> Floor '17'
[2026-07-15 12:22:41] Status Updated: Floor '17'
[2026-07-15 12:22:42] Tag Change: ID '00E2004717AF0068217F3B01' -> Floor '18'
[2026-07-15 12:22:43] Tag Change: ID '00E2004718C1706821906201' -> Floor '19'
[2026-07-15 12:22:43] Tag Change: ID '00E200471797C068217DC701' -> Floor '19'
[2026-07-15 12:22:44] Status Updated: Floor '19'
[2026-07-15 12:22:46] Tag Change: ID '00E20047179B8068217E0301' -> Floor '20'
[2026-07-15 12:22:46] Tag Change: ID '00E2004718BC306821900E01' -> Floor '20'
[2026-07-15 12:22:46] Status Updated: Floor '20'
[2026-07-15 12:23:02] Tag Change: ID '00E2004718BB706821900201' -> Floor '21'
[2026-07-15 12:23:02] Status Updated: Floor '21'
[2026-07-15 12:23:03] Tag Change: ID '00E20047175800682179CB01' -> Floor '22'
[2026-07-15 12:23:05] Tag Change: ID '00E2004717644068217A8F01' -> Floor '23'
[2026-07-15 12:23:05] Tag Change: ID '00E2004718A98068218EE301' -> Floor '23'
[2026-07-15 12:23:05] Status Updated: Floor '23'
[2026-07-15 12:23:06] Tag Change: ID '00E2004717608068217A5301' -> Floor '24'
[2026-07-15 12:23:08] Tag Change: ID '00E20047177F3068217C3E01' -> Floor '25'
[2026-07-15 12:23:08] Status Updated: Floor '25'
[2026-07-15 12:23:10] Tag Change: ID '00E20047175AC0682179F701' -> Floor '26'
[2026-07-15 12:23:11] Status Updated: Floor '26'
[2026-07-15 12:23:11] Tag Change: ID '00E200471894C068218D9701' -> Floor '26'
[2026-07-15 12:23:23] Tag flapping: suppressed 278 repeated tag-change log lines in the last 60s
[2026-07-15 12:23:31] Status Updated: Floor '25'
[2026-07-15 12:23:34] Status Updated: Floor '23'
[2026-07-15 12:23:37] Status Updated: Floor '22'
[2026-07-15 12:23:37] Tag Change: ID '00E2004718B87068218FD201' -> Floor '22'
[2026-07-15 12:23:57] Tag Change: ID '00E20047175F0068217A3B01' -> Floor '21'
[2026-07-15 12:23:58] Status Updated: Floor '21'
[2026-07-15 12:23:59] Tag Change: ID '00E20047179B8068217E0301' -> Floor '20'
[2026-07-15 12:24:00] Tag Change: ID '00E200471797C068217DC701' -> Floor '19'
[2026-07-15 12:24:00] Tag Change: ID '00E2004718C1706821906201' -> Floor '19'
[2026-07-15 12:24:00] Status Updated: Floor '19'
[2026-07-15 12:24:01] Tag Change: ID '00E2004718A5C068218EA701' -> Floor '18'
[2026-07-15 12:24:03] Tag Change: ID '00E20047173A40682177EF01' -> Floor '17'
[2026-07-15 12:24:04] Tag Change: ID '00E20047173FC06821784701' -> Floor '16'
[2026-07-15 12:24:04] Tag Change: ID '00E2004717D890682181D401' -> Floor '16'
[2026-07-15 12:24:04] Status Updated: Floor '16'
[2026-07-15 12:24:05] Tag Change: ID '00E2004717DAD0682181F801' -> Floor '16'
[2026-07-15 12:24:05] Tag Change: ID '00E2004717DB10682181FC01' -> Floor '15'
[2026-07-15 12:24:07] Tag Change: ID '00E2004717DB506821820001' -> Floor '14'
[2026-07-15 12:24:07] Tag Change: ID '00E200471795C068217DA701' -> Floor '14'
[2026-07-15 12:24:07] Status Updated: Floor '14'
[2026-07-15 12:24:08] Tag Change: ID '00E20047179AC068217DF701' -> Floor '13'
[2026-07-15 12:24:10] Tag Change: ID '00E20047173640682177AF01' -> Floor '12'
[2026-07-15 12:24:11] Tag Change: ID '00E20047173800682177CB01' -> Floor '11'
[2026-07-15 12:24:12] Status Updated: Floor '11'
[2026-07-15 12:24:12] Tag Change: ID '00E2004718A08068218E5301' -> Floor '10'
[2026-07-15 12:24:18] Status Updated: Floor '10'
[2026-07-15 12:24:18] Tag Change: ID '00E2004717B0C068217F5701' -> Floor '6'
[2026-07-15 12:24:19] Tag Change: ID '00E200471783C068217C8701' -> Floor '5'
[2026-07-15 12:24:21] Tag Change: ID '00E20047173CC06821781701' -> Floor '4'
[2026-07-15 12:24:22] Tag Change: ID '00E2004717834068217C7F01' -> Floor '3'
[2026-07-15 12:24:23] Tag Change: ID '00E2004717D650682181B001' -> Floor '2'
[2026-07-15 12:24:23] Tag flapping: suppressed 180 repeated tag-change log lines in the last 60s
[2026-07-15 12:24:23] Tag Change: ID '00E20047173B00682177FB01' -> Floor '2'
[2026-07-15 12:24:24] Status Updated: Floor '2'
[2026-07-15 12:24:25] Tag Change: ID '00E2004717E0506821825001' -> Floor '1'
[2026-07-15 12:24:26] Tag Change: ID '00E20047177F8068217C4301' -> Floor '0'
[2026-07-15 12:24:29] Tag Change: ID '00E20047173F006821783B01' -> Floor '0'
[2026-07-15 12:24:29] Status Updated: Floor '0'
[2026-07-15 12:24:29] Tag Change: ID '00E2004717818068217C6301' -> Floor '0'
[2026-07-15 12:25:34] Tag Change: ID '00E2004717818068217C6301' -> Floor '0'
[2026-07-15 12:25:34] Tag flapping: suppressed 153 repeated tag-change log lines in the last 64s
[2026-07-15 12:25:34] Tag Change: ID '00E20047173F006821783B01' -> Floor '0'
[2026-07-15 12:25:54] Tag Change: ID '00E20047177F8068217C4301' -> Floor '0'
[2026-07-15 12:25:55] Tag Change: ID '00E2004717E0506821825001' -> Floor '1'
[2026-07-15 12:25:57] Tag Change: ID '00E2004717D650682181B001' -> Floor '2'
[2026-07-15 12:26:00] Tag Change: ID '00E20047173CC06821781701' -> Floor '4'
[2026-07-15 12:26:01] Tag Change: ID '00E20047173A80682177F301' -> Floor '5'
[2026-07-15 12:26:02] Tag Change: ID '00E2004717B0C068217F5701' -> Floor '6'
[2026-07-15 12:26:03] Status Updated: Floor '6'
[2026-07-15 12:26:04] Tag Change: ID '00E20047179B0068217DFB01' -> Floor '7'
[2026-07-15 12:26:04] Status Updated: Floor '7'
[2026-07-15 12:26:05] Tag Change: ID '00E2004717940068217D8B01' -> Floor '8'
[2026-07-15 12:26:06] Tag Change: ID '00E20047173F406821783F01' -> Floor '9'
[2026-07-15 12:26:08] Tag Change: ID '00E2004718A08068218E5301' -> Floor '10'
[2026-07-15 12:26:08] Status Updated: Floor '10'
[2026-07-15 12:26:09] Tag Change: ID '00E20047173800682177CB01' -> Floor '11'
[2026-07-15 12:26:09] Status Updated: Floor '11'
[2026-07-15 12:26:11] Tag Change: ID '00E20047173640682177AF01' -> Floor '12'
[2026-07-15 12:26:12] Tag Change: ID '00E20047179AC068217DF701' -> Floor '13'
[2026-07-15 12:26:13] Tag Change: ID '00E200471795C068217DA701' -> Floor '14'
[2026-07-15 12:26:14] Status Updated: Floor '14'
[2026-07-15 12:26:15] Tag Change: ID '00E2004717DB10682181FC01' -> Floor '15'
[2026-07-15 12:26:15] Tag Change: ID '00E20047179A4068217DEF01' -> Floor '15'
[2026-07-15 12:26:15] Status Updated: Floor '15'
[2026-07-15 12:26:17] Tag Change: ID '00E20047173FC06821784701' -> Floor '16'
[2026-07-15 12:26:17] Tag Change: ID '00E2004717D890682181D401' -> Floor '16'
[2026-07-15 12:26:18] Status Updated: Floor '16'
[2026-07-15 12:26:34] Tag flapping: suppressed 223 repeated tag-change log lines in the last 60s
[2026-07-15 12:27:09] Tag Change: ID '00E2004717DAD0682181F801' -> Floor '16'
[2026-07-15 12:27:10] Status Updated: Floor '15'
[2026-07-15 12:27:11] Tag Change: ID '00E2004717DB506821820001' -> Floor '14'
[2026-07-15 12:27:12] Status Updated: Floor '14'
[2026-07-15 12:27:13] Tag Change: ID '00E20047179AC068217DF701' -> Floor '13'
[2026-07-15 12:27:14] Tag Change: ID '00E2004717DF906821824401' -> Floor '12'
[2026-07-15 12:27:15] Tag Change: ID '00E20047173800682177CB01' -> Floor '11'
[2026-07-15 12:27:16] Status Updated: Floor '11'
[2026-07-15 12:27:17] Tag Change: ID '00E2004718A08068218E5301' -> Floor '10'
[2026-07-15 12:27:18] Tag Change: ID '00E20047173F406821783F01' -> Floor '9'
[2026-07-15 12:27:20] Tag Change: ID '00E2004717940068217D8B01' -> Floor '8'
[2026-07-15 12:27:21] Tag Change: ID '00E20047179B0068217DFB01' -> Floor '7'
[2026-07-15 12:27:21] Status Updated: Floor '7'
[2026-07-15 12:27:22] Tag Change: ID '00E2004717B0C068217F5701' -> Floor '6'
[2026-07-15 12:27:24] Tag Change: ID '00E20047173A80682177F301' -> Floor '5'
[2026-07-15 12:27:25] Tag Change: ID '00E20047173CC06821781701' -> Floor '4'
[2026-07-15 12:27:27] Tag Change: ID '00E2004717834068217C7F01' -> Floor '3'
[2026-07-15 12:27:28] Tag Change: ID '00E2004717D650682181B001' -> Floor '2'
[2026-07-15 12:27:29] Tag Change: ID '00E20047173780682177C301' -> Floor '1'
[2026-07-15 12:27:31] Tag Change: ID '00E20047177F8068217C4301' -> Floor '0'
[2026-07-15 12:27:31] Status Updated: Floor '0'
[2026-07-15 12:27:33] Tag Change: ID '00E2004717818068217C6301' -> Floor '0'
[2026-07-15 12:27:33] Tag Change: ID '00E20047173F006821783B01' -> Floor '0'
[2026-07-15 12:27:35] Tag flapping: suppressed 243 repeated tag-change log lines in the last 60s
[2026-07-15 12:28:39] Tag Change: ID '00E2004717818068217C6301' -> Floor '0'
[2026-07-15 12:28:39] Tag flapping: suppressed 88 repeated tag-change log lines in the last 63s
[2026-07-15 12:28:39] Tag Change: ID '00E20047173F006821783B01' -> Floor '0'
[2026-07-15 12:28:41] Tag Change: ID '00E20047177F8068217C4301' -> Floor '0'
[2026-07-15 12:28:42] Tag Change: ID '00E20047173780682177C301' -> Floor '1'
[2026-07-15 12:28:43] Tag Change: ID '00E20047173B00682177FB01' -> Floor '2'
[2026-07-15 12:28:43] Tag Change: ID '00E2004717D650682181B001' -> Floor '2'
[2026-07-15 12:28:44] Status Updated: Floor '2'
[2026-07-15 12:28:45] Tag Change: ID '00E2004717834068217C7F01' -> Floor '3'
[2026-07-15 12:28:48] Tag Change: ID '00E20047173A80682177F301' -> Floor '5'
[2026-07-15 12:28:49] Tag Change: ID '00E2004717B0C068217F5701' -> Floor '6'
[2026-07-15 12:28:49] Status Updated: Floor '6'
[2026-07-15 12:28:50] Tag Change: ID '00E20047179B0068217DFB01' -> Floor '7'
[2026-07-15 12:28:51] Status Updated: Floor '7'
[2026-07-15 12:28:52] Tag Change: ID '00E2004717940068217D8B01' -> Floor '8'
[2026-07-15 12:28:53] Tag Change: ID '00E20047173F406821783F01' -> Floor '9'
[2026-07-15 12:28:55] Tag Change: ID '00E20047177B8068217C0301' -> Floor '10'
[2026-07-15 12:28:56] Tag Change: ID '00E20047173800682177CB01' -> Floor '11'
[2026-07-15 12:28:56] Status Updated: Floor '11'
[2026-07-15 12:28:57] Tag Change: ID '00E2004717DF906821824401' -> Floor '12'
[2026-07-15 12:28:57] Status Updated: Floor '12'
[2026-07-15 12:28:59] Tag Change: ID '00E2004717E4506821829001' -> Floor '13'
[2026-07-15 12:29:00] Tag Change: ID '00E2004717DB506821820001' -> Floor '14'
[2026-07-15 12:29:01] Status Updated: Floor '14'
[2026-07-15 12:29:01] Tag Change: ID '00E2004717DB10682181FC01' -> Floor '15'
[2026-07-15 12:29:01] Tag Change: ID '00E20047179A4068217DEF01' -> Floor '15'
[2026-07-15 12:29:02] Status Updated: Floor '15'
[2026-07-15 12:29:03] Tag Change: ID '00E20047173FC06821784701' -> Floor '16'
[2026-07-15 12:29:03] Tag Change: ID '00E2004717D890682181D401' -> Floor '16'
[2026-07-15 12:29:03] Status Updated: Floor '16'
[2026-07-15 12:29:04] Tag Change: ID '00E20047173A40682177EF01' -> Floor '17'
[2026-07-15 12:29:04] Status Updated: Floor '17'
[2026-07-15 12:29:06] Tag Change: ID '00E2004718A5C068218EA701' -> Floor '18'
[2026-07-15 12:29:07] Tag Change: ID '00E2004718C1706821906201' -> Floor '19'
[2026-07-15 12:29:07] Tag Change: ID '00E200471797C068217DC701' -> Floor '19'
[2026-07-15 12:29:07] Status Updated: Floor '19'
[2026-07-15 12:29:08] Tag Change: ID '00E2004718BC306821900E01' -> Floor '20'
[2026-07-15 12:29:08] Status Updated: Floor '20'
[2026-07-15 12:29:09] Tag Change: ID '00E20047175F0068217A3B01' -> Floor '21'
[2026-07-15 12:29:10] Status Updated: Floor '21'
[2026-07-15 12:29:11] Tag Change: ID '00E2004718B87068218FD201' -> Floor '22'
[2026-07-15 12:29:12] Tag Change: ID '00E2004718A98068218EE301' -> Floor '23'
[2026-07-15 12:29:13] Tag Change: ID '00E2004718A0C068218E5701' -> Floor '24'
[2026-07-15 12:29:13] Tag Change: ID '00E2004717608068217A5301' -> Floor '24'
[2026-07-15 12:29:14] Status Updated: Floor '24'
[2026-07-15 12:29:15] Tag Change: ID '00E20047177F3068217C3E01' -> Floor '25'
[2026-07-15 12:29:15] Status Updated: Floor '25'
[2026-07-15 12:29:16] Tag Change: ID '00E20047175AC0682179F701' -> Floor '26'
[2026-07-15 12:29:16] Status Updated: Floor '26'
[2026-07-15 12:29:17] Tag Change: ID '00E20047189BC068218E0701' -> Floor '27'
[2026-07-15 12:29:19] Tag Change: ID '00E20047175FC068217A4701' -> Floor '27'
[2026-07-15 12:29:19] Status Updated: Floor '27'
[2026-07-15 12:29:19] Tag Change: ID '00E2004718990068218DDB01' -> Floor '27'
[2026-07-15 12:30:19] Tag Change: ID '00E20047175FC068217A4701' -> Floor '27'
[2026-07-15 12:30:19] Tag Change: ID '00E2004718990068218DDB01' -> Floor '27'
[2026-07-15 12:30:19] Tag flapping: suppressed 394 repeated tag-change log lines in the last 60s
[2026-07-15 12:31:19] Tag Change: ID '00E20047175FC068217A4701' -> Floor '27'
[2026-07-15 12:31:19] Tag Change: ID '00E2004718990068218DDB01' -> Floor '27'
[2026-07-15 12:31:19] Tag flapping: suppressed 388 repeated tag-change log lines in the last 60s
[2026-07-15 12:31:35] Tag Change: ID '00E20047189BC068218E0701' -> Floor '27'
[2026-07-15 12:31:36] Tag Change: ID '00E200471894C068218D9701' -> Floor '26'
[2026-07-15 12:31:38] Tag Change: ID '00E20047177F3068217C3E01' -> Floor '25'
[2026-07-15 12:31:39] Tag Change: ID '00E2004718A0C068218E5701' -> Floor '24'
[2026-07-15 12:31:39] Tag Change: ID '00E2004717608068217A5301' -> Floor '24'
[2026-07-15 12:31:39] Status Updated: Floor '24'
[2026-07-15 12:31:41] Tag Change: ID '00E2004717644068217A8F01' -> Floor '23'
[2026-07-15 12:31:41] Tag Change: ID '00E2004718A98068218EE301' -> Floor '23'
[2026-07-15 12:31:41] Status Updated: Floor '23'
[2026-07-15 12:31:43] Tag Change: ID '00E20047175F0068217A3B01' -> Floor '21'
[2026-07-15 12:31:44] Status Updated: Floor '21'
[2026-07-15 12:31:45] Tag Change: ID '00E2004718BC306821900E01' -> Floor '20'
[2026-07-15 12:31:45] Tag Change: ID '00E20047179B8068217E0301' -> Floor '20'
[2026-07-15 12:31:45] Status Updated: Floor '20'
[2026-07-15 12:31:46] Tag Change: ID '00E2004718C1706821906201' -> Floor '19'
[2026-07-15 12:31:46] Status Updated: Floor '19'
[2026-07-15 12:31:47] Tag Change: ID '00E2004717AF0068217F3B01' -> Floor '18'
[2026-07-15 12:31:48] Tag Change: ID '00E20047173A40682177EF01' -> Floor '17'
[2026-07-15 12:31:49] Status Updated: Floor '17'
[2026-07-15 12:31:50] Tag Change: ID '00E2004717D890682181D401' -> Floor '16'
[2026-07-15 12:31:50] Status Updated: Floor '16'
[2026-07-15 12:31:51] Tag Change: ID '00E20047179A4068217DEF01' -> Floor '15'
[2026-07-15 12:31:53] Tag Change: ID '00E2004717DB506821820001' -> Floor '14'
[2026-07-15 12:31:54] Tag Change: ID '00E2004717E4506821829001' -> Floor '13'
[2026-07-15 12:31:55] Tag Change: ID '00E2004717DF906821824401' -> Floor '12'
[2026-07-15 12:31:57] Tag Change: ID '00E20047173800682177CB01' -> Floor '11'
[2026-07-15 12:31:57] Status Updated: Floor '11'
[2026-07-15 12:31:58] Tag Change: ID '00E2004718A08068218E5301' -> Floor '10'
[2026-07-15 12:31:59] Tag Change: ID '00E20047173F406821783F01' -> Floor '9'
[2026-07-15 12:32:00] Tag Change: ID '00E2004717ED506821832001' -> Floor '9'
[2026-07-15 12:32:00] Status Updated: Floor '9'
[2026-07-15 12:32:01] Tag Change: ID '00E2004717ED906821832400' -> Floor '8'
[2026-07-15 12:32:02] Tag Change: ID '00E20047177A4068217BEF01' -> Floor '7'
[2026-07-15 12:32:04] Tag Change: ID '00E2004717B0C068217F5701' -> Floor '6'
[2026-07-15 12:32:05] Tag Change: ID '00E20047173A80682177F301' -> Floor '5'
[2026-07-15 12:32:05] Status Updated: Floor '5'
[2026-07-15 12:32:06] Tag Change: ID '00E20047173CC06821781701' -> Floor '4'
[2026-07-15 12:32:09] Tag Change: ID '00E2004717D650682181B001' -> Floor '2'
[2026-07-15 12:32:09] Status Updated: Floor '2'
[2026-07-15 12:32:11] Tag Change: ID '00E2004717E0506821825001' -> Floor '1'
[2026-07-15 12:32:12] Tag Change: ID '00E20047177F8068217C4301' -> Floor '0'
[2026-07-15 12:32:14] Tag Change: ID '00E20047173F006821783B01' -> Floor '0'
[2026-07-15 12:32:14] Status Updated: Floor '0'
[2026-07-15 12:32:15] Tag Change: ID '00E2004717818068217C6301' -> Floor '0'
[2026-07-15 12:32:20] Tag flapping: suppressed 130 repeated tag-change log lines in the last 60s
[2026-07-15 12:32:36] Tag Change: ID '00E2004717834068217C7F01' -> Floor '3'
[2026-07-15 12:32:42] Tag Change: ID '00E20047179B0068217DFB01' -> Floor '7'
[2026-07-15 12:32:47] Tag Change: ID '00E20047177B8068217C0301' -> Floor '10'
[2026-07-15 12:32:47] Status Updated: Floor '10'
[2026-07-15 12:32:58] Tag Change: ID '00E2004718A08068218E5301' -> Floor '10'
[2026-07-15 12:33:04] Tag Change: ID '00E20047173F406821783F01' -> Floor '9'
[2026-07-15 12:33:04] Status Updated: Floor '9'
[2026-07-15 12:33:05] Tag Change: ID '00E2004717ED906821832400' -> Floor '8'
[2026-07-15 12:33:05] Status Updated: Floor '8'
[2026-07-15 12:33:08] Tag Change: ID '00E2004717B0C068217F5701' -> Floor '6'
[2026-07-15 12:33:09] Tag Change: ID '00E200471783C068217C8701' -> Floor '5'
[2026-07-15 12:33:09] Tag Change: ID '00E20047173A80682177F301' -> Floor '5'
[2026-07-15 12:33:10] Status Updated: Floor '5'
[2026-07-15 12:33:11] Tag Change: ID '00E20047177FC068217C4701' -> Floor '4'
[2026-07-15 12:33:13] Tag Change: ID '00E20047173B00682177FB01' -> Floor '2'
[2026-07-15 12:33:15] Tag Change: ID '00E2004717E0506821825001' -> Floor '1'
[2026-07-15 12:33:16] Tag Change: ID '00E20047177F8068217C4301' -> Floor '0'
[2026-07-15 12:33:18] Tag Change: ID '00E20047173F006821783B01' -> Floor '0'
[2026-07-15 12:33:18] Status Updated: Floor '0'
[2026-07-15 12:34:14] Tag Change: ID '00E2004717818068217C6301' -> Floor '0'
[2026-07-15 12:34:14] Tag flapping: suppressed 175 repeated tag-change log lines in the last 114s
[2026-07-15 12:34:17] Tag Change: ID '00E20047173780682177C301' -> Floor '1'
[2026-07-15 12:34:18] Tag Change: ID '00E2004717D650682181B001' -> Floor '2'
[2026-07-15 12:34:19] Status Updated: Floor '2'
[2026-07-15 12:34:20] Tag Change: ID '00E2004717834068217C7F01' -> Floor '3'
[2026-07-15 12:34:20] Status Updated: Floor '3'
[2026-07-15 12:34:22] Tag Change: ID '00E200471783C068217C8701' -> Floor '5'
[2026-07-15 12:34:24] Tag Change: ID '00E2004717B0C068217F5701' -> Floor '6'
[2026-07-15 12:34:25] Tag Change: ID '00E20047179B0068217DFB01' -> Floor '7'
[2026-07-15 12:34:27] Tag Change: ID '00E2004717940068217D8B01' -> Floor '8'
[2026-07-15 12:34:28] Tag Change: ID '00E2004717ED506821832001' -> Floor '9'
[2026-07-15 12:34:28] Tag Change: ID '00E20047173F406821783F01' -> Floor '9'
[2026-07-15 12:34:28] Status Updated: Floor '9'
[2026-07-15 12:34:29] Tag Change: ID '00E20047177B8068217C0301' -> Floor '10'
[2026-07-15 12:34:31] Tag Change: ID '00E20047173800682177CB01' -> Floor '11'
[2026-07-15 12:34:32] Tag Change: ID '00E20047173640682177AF01' -> Floor '12'
[2026-07-15 12:34:34] Tag Change: ID '00E20047179AC068217DF701' -> Floor '13'
[2026-07-15 12:34:35] Tag Change: ID '00E200471795C068217DA701' -> Floor '14'
[2026-07-15 12:34:36] Tag Change: ID '00E20047179A4068217DEF01' -> Floor '15'
[2026-07-15 12:34:38] Tag Change: ID '00E2004717D890682181D401' -> Floor '16'
[2026-07-15 12:34:38] Tag Change: ID '00E20047173FC06821784701' -> Floor '16'
[2026-07-15 12:34:38] Status Updated: Floor '16'
[2026-07-15 12:34:39] Tag Change: ID '00E20047173A40682177EF01' -> Floor '17'
[2026-07-15 12:34:39] Status Updated: Floor '17'
[2026-07-15 12:34:40] Tag Change: ID '00E2004717AF0068217F3B01' -> Floor '18'
[2026-07-15 12:34:42] Tag Change: ID '00E200471797C068217DC701' -> Floor '19'
[2026-07-15 12:34:43] Tag Change: ID '00E20047179B8068217E0301' -> Floor '20'
[2026-07-15 12:34:44] Tag Change: ID '00E2004718BB706821900201' -> Floor '21'
[2026-07-15 12:34:45] Status Updated: Floor '21'
[2026-07-15 12:34:46] Tag Change: ID '00E20047175800682179CB01' -> Floor '22'
[2026-07-15 12:34:47] Tag Change: ID '00E2004717644068217A8F01' -> Floor '23'
[2026-07-15 12:34:48] Tag Change: ID '00E2004717608068217A5301' -> Floor '24'
[2026-07-15 12:34:49] Status Updated: Floor '24'
[2026-07-15 12:34:50] Tag Change: ID '00E20047177F3068217C3E01' -> Floor '25'
[2026-07-15 12:34:50] Status Updated: Floor '25'
[2026-07-15 12:34:51] Tag Change: ID '00E20047175AC0682179F701' -> Floor '26'
[2026-07-15 12:34:51] Tag Change: ID '00E200471894C068218D9701' -> Floor '26'
[2026-07-15 12:34:51] Status Updated: Floor '26'
[2026-07-15 12:34:52] Tag Change: ID '00E20047189BC068218E0701' -> Floor '27'
[2026-07-15 12:34:52] Status Updated: Floor '27'
[2026-07-15 12:34:54] Tag Change: ID '00E20047175FC068217A4701' -> Floor '27'
[2026-07-15 12:34:54] Tag Change: ID '00E2004718990068218DDB01' -> Floor '27'
[2026-07-15 12:35:16] Tag flapping: suppressed 150 repeated tag-change log lines in the last 60s
[2026-07-15 12:35:54] Tag Change: ID '00E20047175FC068217A4701' -> Floor '27'
[2026-07-15 12:35:55] Tag Change: ID '00E2004718990068218DDB01' -> Floor '27'
[2026-07-15 12:36:16] Tag flapping: suppressed 408 repeated tag-change log lines in the last 60s
[2026-07-15 12:36:54] Tag Change: ID '00E20047175FC068217A4701' -> Floor '27'
[2026-07-15 12:36:55] Tag Change: ID '00E2004718990068218DDB01' -> Floor '27'
[2026-07-15 12:37:16] Tag flapping: suppressed 402 repeated tag-change log lines in the last 60s
[2026-07-15 12:37:55] Tag Change: ID '00E2004718990068218DDB01' -> Floor '27'
[2026-07-15 12:37:55] Tag Change: ID '00E20047175FC068217A4701' -> Floor '27'
[2026-07-15 12:38:17] Tag flapping: suppressed 384 repeated tag-change log lines in the last 60s
[2026-07-15 12:38:55] Tag Change: ID '00E2004718990068218DDB01' -> Floor '27'
[2026-07-15 12:38:55] Tag Change: ID '00E20047175FC068217A4701' -> Floor '27'
[2026-07-15 12:39:17] Tag flapping: suppressed 401 repeated tag-change log lines in the last 60s
[2026-07-15 12:39:55] Tag Change: ID '00E20047175FC068217A4701' -> Floor '27'
[2026-07-15 12:39:55] Tag Change: ID '00E2004718990068218DDB01' -> Floor '27'
[2026-07-15 12:40:17] Tag flapping: suppressed 415 repeated tag-change log lines in the last 60s
[2026-07-15 12:40:55] Tag Change: ID '00E20047175FC068217A4701' -> Floor '27'
[2026-07-15 12:40:55] Tag Change: ID '00E2004718990068218DDB01' -> Floor '27'
[2026-07-15 12:41:17] Tag flapping: suppressed 409 repeated tag-change log lines in the last 60s
[2026-07-15 12:41:55] Tag Change: ID '00E20047175FC068217A4701' -> Floor '27'
[2026-07-15 12:41:56] Tag Change: ID '00E2004718990068218DDB01' -> Floor '27'
[2026-07-15 12:42:18] Tag flapping: suppressed 400 repeated tag-change log lines in the last 60s
[2026-07-15 12:42:56] Tag Change: ID '00E20047175FC068217A4701' -> Floor '27'
[2026-07-15 12:42:56] Tag Change: ID '00E2004718990068218DDB01' -> Floor '27'
[2026-07-15 12:43:18] Tag flapping: suppressed 387 repeated tag-change log lines in the last 60s
[2026-07-15 12:43:56] Tag Change: ID '00E20047175FC068217A4701' -> Floor '27'
[2026-07-15 12:43:56] Tag Change: ID '00E2004718990068218DDB01' -> Floor '27'
[2026-07-15 12:44:18] Tag flapping: suppressed 376 repeated tag-change log lines in the last 60s
[2026-07-15 12:44:56] Tag Change: ID '00E20047175FC068217A4701' -> Floor '27'
[2026-07-15 12:44:56] Tag Change: ID '00E2004718990068218DDB01' -> Floor '27'
[2026-07-15 12:45:18] Tag flapping: suppressed 415 repeated tag-change log lines in the last 60s
[2026-07-15 12:45:56] Tag Change: ID '00E20047175FC068217A4701' -> Floor '27'
[2026-07-15 12:45:56] Tag Change: ID '00E2004718990068218DDB01' -> Floor '27'
[2026-07-15 12:46:18] Tag flapping: suppressed 395 repeated tag-change log lines in the last 60s
[2026-07-15 12:46:56] Tag Change: ID '00E20047175FC068217A4701' -> Floor '27'
[2026-07-15 12:46:57] Tag Change: ID '00E2004718990068218DDB01' -> Floor '27'
[2026-07-15 12:47:19] Tag flapping: suppressed 392 repeated tag-change log lines in the last 60s
[2026-07-15 12:47:57] Tag Change: ID '00E20047175FC068217A4701' -> Floor '27'
[2026-07-15 12:47:57] Tag Change: ID '00E2004718990068218DDB01' -> Floor '27'
[2026-07-15 12:48:19] Tag flapping: suppressed 408 repeated tag-change log lines in the last 60s
[2026-07-15 12:48:57] Tag Change: ID '00E2004718990068218DDB01' -> Floor '27'
[2026-07-15 12:48:57] Tag Change: ID '00E20047175FC068217A4701' -> Floor '27'
[2026-07-15 12:49:19] Tag flapping: suppressed 405 repeated tag-change log lines in the last 60s
[2026-07-15 12:49:57] Tag Change: ID '00E2004718990068218DDB01' -> Floor '27'
[2026-07-15 12:49:57] Tag Change: ID '00E20047175FC068217A4701' -> Floor '27'
[2026-07-15 12:50:20] Tag flapping: suppressed 421 repeated tag-change log lines in the last 60s
[2026-07-15 12:50:23] Tag Change: ID '00E20047189BC068218E0701' -> Floor '27'
[2026-07-15 12:50:24] Tag Change: ID '00E20047175AC0682179F701' -> Floor '26'
[2026-07-15 12:50:25] Status Updated: Floor '26'
[2026-07-15 12:50:27] Tag Change: ID '00E20047177F3068217C3E01' -> Floor '25'
[2026-07-15 12:50:27] Status Updated: Floor '25'
[2026-07-15 12:50:44] Tag Change: ID '00E2004718A0C068218E5701' -> Floor '24'
[2026-07-15 12:50:44] Tag Change: ID '00E2004717608068217A5301' -> Floor '24'
[2026-07-15 12:50:44] Status Updated: Floor '24'
[2026-07-15 12:50:45] Tag Change: ID '00E2004717644068217A8F01' -> Floor '23'
[2026-07-15 12:50:47] Tag Change: ID '00E2004718B87068218FD201' -> Floor '22'
[2026-07-15 12:50:48] Tag Change: ID '00E20047175F0068217A3B01' -> Floor '21'
[2026-07-15 12:50:48] Tag Change: ID '00E2004718BB706821900201' -> Floor '21'
[2026-07-15 12:50:48] Status Updated: Floor '21'
[2026-07-15 12:50:49] Tag Change: ID '00E20047179B8068217E0301' -> Floor '20'
[2026-07-15 12:50:51] Tag Change: ID '00E200471797C068217DC701' -> Floor '19'
[2026-07-15 12:50:51] Status Updated: Floor '19'
[2026-07-15 12:50:52] Tag Change: ID '00E2004717AF0068217F3B01' -> Floor '18'
[2026-07-15 12:50:53] Tag Change: ID '00E2004717D4106821818C01' -> Floor '17'
[2026-07-15 12:50:53] Tag Change: ID '00E20047173A40682177EF01' -> Floor '17'
[2026-07-15 12:50:54] Status Updated: Floor '17'
[2026-07-15 12:50:55] Tag Change: ID '00E2004717D890682181D401' -> Floor '16'
[2026-07-15 12:50:56] Tag Change: ID '00E20047179A4068217DEF01' -> Floor '15'
[2026-07-15 12:50:57] Tag Change: ID '00E200471795C068217DA701' -> Floor '14'
[2026-07-15 12:50:59] Tag Change: ID '00E20047179AC068217DF701' -> Floor '13'
[2026-07-15 12:51:00] Tag Change: ID '00E2004717DF906821824401' -> Floor '12'
[2026-07-15 12:51:00] Tag Change: ID '00E20047173640682177AF01' -> Floor '12'
[2026-07-15 12:51:00] Status Updated: Floor '12'
[2026-07-15 12:51:02] Tag Change: ID '00E20047173800682177CB01' -> Floor '11'
[2026-07-15 12:51:02] Status Updated: Floor '11'
[2026-07-15 12:51:03] Tag Change: ID '00E2004718A08068218E5301' -> Floor '10'
[2026-07-15 12:51:04] Tag Change: ID '00E20047173F406821783F01' -> Floor '9'
[2026-07-15 12:51:05] Status Updated: Floor '9'
[2026-07-15 12:51:06] Tag Change: ID '00E2004717940068217D8B01' -> Floor '8'
[2026-07-15 12:51:07] Tag Change: ID '00E20047177A4068217BEF01' -> Floor '7'
[2026-07-15 12:51:07] Tag Change: ID '00E20047179B0068217DFB01' -> Floor '7'
[2026-07-15 12:51:07] Status Updated: Floor '7'
[2026-07-15 12:51:08] Tag Change: ID '00E2004717B0C068217F5701' -> Floor '6'
[2026-07-15 12:51:10] Tag Change: ID '00E200471783C068217C8701' -> Floor '5'
[2026-07-15 12:51:10] Tag Change: ID '00E20047173A80682177F301' -> Floor '5'
[2026-07-15 12:51:10] Status Updated: Floor '5'
[2026-07-15 12:51:11] Tag Change: ID '00E20047173CC06821781701' -> Floor '4'
[2026-07-15 12:51:14] Tag Change: ID '00E2004717D650682181B001' -> Floor '2'
[2026-07-15 12:51:14] Tag Change: ID '00E20047173B00682177FB01' -> Floor '2'
[2026-07-15 12:51:14] Status Updated: Floor '2'
[2026-07-15 12:51:15] Tag Change: ID '00E2004717E0506821825001' -> Floor '1'
[2026-07-15 12:51:17] Tag Change: ID '00E20047177F8068217C4301' -> Floor '0'
[2026-07-15 12:51:17] Status Updated: Floor '0'
[2026-07-15 12:51:19] Tag Change: ID '00E20047173F006821783B01' -> Floor '0'
[2026-07-15 12:51:20] Tag Change: ID '00E2004717818068217C6301' -> Floor '0'
[2026-07-15 12:51:20] Tag flapping: suppressed 20 repeated tag-change log lines in the last 60s
[2026-07-15 12:52:20] Tag Change: ID '00E20047173F006821783B01' -> Floor '0'
[2026-07-15 12:52:20] Tag Change: ID '00E2004717818068217C6301' -> Floor '0'
[2026-07-15 12:52:20] Tag flapping: suppressed 177 repeated tag-change log lines in the last 60s
[2026-07-15 12:52:34] Tag Change: ID '00E20047177F8068217C4301' -> Floor '0'
[2026-07-15 12:52:36] Tag Change: ID '00E2004717E0506821825001' -> Floor '1'
[2026-07-15 12:52:38] Tag Change: ID '00E2004717834068217C7F01' -> Floor '3'
[2026-07-15 12:52:40] Tag Change: ID '00E20047177FC068217C4701' -> Floor '4'
[2026-07-15 12:52:40] Tag Change: ID '00E20047173CC06821781701' -> Floor '4'
[2026-07-15 12:52:40] Status Updated: Floor '4'
[2026-07-15 12:52:41] Tag Change: ID '00E20047173A80682177F301' -> Floor '5'
[2026-07-15 12:52:43] Tag Change: ID '00E2004717B0C068217F5701' -> Floor '6'
[2026-07-15 12:52:44] Tag Change: ID '00E20047179B0068217DFB01' -> Floor '7'
[2026-07-15 12:52:45] Tag Change: ID '00E2004717940068217D8B01' -> Floor '8'
[2026-07-15 12:52:48] Tag Change: ID '00E20047173F406821783F01' -> Floor '9'
[2026-07-15 12:52:48] Tag Change: ID '00E2004717ED506821832001' -> Floor '9'
[2026-07-15 12:52:48] Status Updated: Floor '9'
[2026-07-15 12:53:18] Tag Change: ID '00E2004718A08068218E5301' -> Floor '10'
[2026-07-15 12:53:18] Status Updated: Floor '10'
[2026-07-15 12:53:19] Tag Change: ID '00E20047173800682177CB01' -> Floor '11'
[2026-07-15 12:53:19] Status Updated: Floor '11'
[2026-07-15 12:53:21] Tag Change: ID '00E2004717DF906821824401' -> Floor '12'
[2026-07-15 12:53:21] Tag flapping: suppressed 114 repeated tag-change log lines in the last 60s
[2026-07-15 12:53:22] Tag Change: ID '00E20047179AC068217DF701' -> Floor '13'
[2026-07-15 12:53:23] Tag Change: ID '00E200471795C068217DA701' -> Floor '14'
[2026-07-15 12:53:25] Tag Change: ID '00E20047179A4068217DEF01' -> Floor '15'
[2026-07-15 12:53:26] Tag Change: ID '00E20047173FC06821784701' -> Floor '16'
[2026-07-15 12:53:26] Status Updated: Floor '16'
[2026-07-15 12:53:28] Tag Change: ID '00E20047173A40682177EF01' -> Floor '17'
[2026-07-15 12:53:30] Tag Change: ID '00E2004717AF0068217F3B01' -> Floor '18'
[2026-07-15 12:53:31] Status Updated: Floor '18'
[2026-07-15 12:53:31] Tag Change: ID '00E2004718A5C068218EA701' -> Floor '18'
[2026-07-15 12:53:50] Tag Change: ID '00E2004718C1706821906201' -> Floor '19'
[2026-07-15 12:53:50] Tag Change: ID '00E200471797C068217DC701' -> Floor '19'
[2026-07-15 12:53:50] Status Updated: Floor '19'
[2026-07-15 12:53:53] Tag Change: ID '00E20047179B8068217E0301' -> Floor '20'
[2026-07-15 12:53:53] Status Updated: Floor '20'
[2026-07-15 12:53:53] Tag Change: ID '00E2004718BC306821900E01' -> Floor '20'
[2026-07-15 12:54:14] Tag Change: ID '00E20047175F0068217A3B01' -> Floor '21'
[2026-07-15 12:54:14] Tag Change: ID '00E2004718BB706821900201' -> Floor '21'
[2026-07-15 12:54:14] Status Updated: Floor '21'
[2026-07-15 12:54:15] Tag Change: ID '00E20047175800682179CB01' -> Floor '22'
[2026-07-15 12:54:17] Tag Change: ID '00E2004718A98068218EE301' -> Floor '23'
[2026-07-15 12:54:17] Tag Change: ID '00E2004717644068217A8F01' -> Floor '23'
[2026-07-15 12:54:17] Status Updated: Floor '23'
[2026-07-15 12:54:18] Tag Change: ID '00E2004717608068217A5301' -> Floor '24'
[2026-07-15 12:54:18] Status Updated: Floor '24'
[2026-07-15 12:54:21] Tag Change: ID '00E20047177F3068217C3E01' -> Floor '25'
[2026-07-15 12:54:21] Status Updated: Floor '25'
[2026-07-15 12:54:21] Tag Change: ID '00E20047177F3068217C' -> Floor 'Unknown'
[2026-07-15 12:54:34] Tag Change: ID '00E20047189CC068218E1701' -> Floor '25'
[2026-07-15 12:54:34] Tag flapping: suppressed 209 repeated tag-change log lines in the last 62s
[2026-07-15 12:54:37] Tag Change: ID '00E20047175AC0682179F701' -> Floor '26'
[2026-07-15 12:54:38] Status Updated: Floor '26'
[2026-07-15 12:54:38] Tag Change: ID '00E200471894C068218D9701' -> Floor '26'
[2026-07-15 12:54:55] Tag Change: ID '00E2004718990068218DDB01' -> Floor '27'
[2026-07-15 12:54:55] Tag Change: ID '00E20047175FC068217A4701' -> Floor '27'
[2026-07-15 12:54:56] Status Updated: Floor '27'
[2026-07-15 12:55:38] Tag flapping: suppressed 343 repeated tag-change log lines in the last 60s
[2026-07-15 12:55:55] Tag Change: ID '00E2004718990068218DDB01' -> Floor '27'
[2026-07-15 12:55:55] Tag Change: ID '00E20047175FC068217A4701' -> Floor '27'
[2026-07-15 12:56:39] Tag flapping: suppressed 417 repeated tag-change log lines in the last 60s
[2026-07-15 12:56:55] Tag Change: ID '00E2004718990068218DDB01' -> Floor '27'
[2026-07-15 12:56:56] Tag Change: ID '00E20047175FC068217A4701' -> Floor '27'
[2026-07-15 12:57:34] Tag Change: ID '00E20047189BC068218E0701' -> Floor '27'
[2026-07-15 12:57:36] Tag Change: ID '00E200471894C068218D9701' -> Floor '26'
[2026-07-15 12:57:36] Tag Change: ID '00E20047175AC0682179F701' -> Floor '26'
[2026-07-15 12:57:36] Status Updated: Floor '26'
[2026-07-15 12:57:39] Tag flapping: suppressed 376 repeated tag-change log lines in the last 60s
[2026-07-15 12:57:56] Tag Change: ID '00E20047177F3068217C3E01' -> Floor '25'
[2026-07-15 12:57:56] Status Updated: Floor '25'
[2026-07-15 12:57:57] Tag Change: ID '00E2004717608068217A5301' -> Floor '24'
[2026-07-15 12:57:57] Tag Change: ID '00E2004718A0C068218E5701' -> Floor '24'
[2026-07-15 12:57:57] Status Updated: Floor '24'
[2026-07-15 12:57:59] Tag Change: ID '00E2004717644068217A8F01' -> Floor '23'
[2026-07-15 12:58:00] Tag Change: ID '00E20047175800682179CB01' -> Floor '22'
[2026-07-15 12:58:01] Tag Change: ID '00E2004718BB706821900201' -> Floor '21'
[2026-07-15 12:58:01] Tag Change: ID '00E20047175F0068217A3B01' -> Floor '21'
[2026-07-15 12:58:01] Status Updated: Floor '21'
[2026-07-15 12:58:03] Tag Change: ID '00E20047179B8068217E0301' -> Floor '20'
[2026-07-15 12:58:03] Status Updated: Floor '20'
[2026-07-15 12:58:04] Tag Change: ID '00E200471797C068217DC701' -> Floor '19'
[2026-07-15 12:58:04] Status Updated: Floor '19'
[2026-07-15 12:58:05] Tag Change: ID '00E2004717AF0068217F3B01' -> Floor '18'
[2026-07-15 12:58:06] Tag Change: ID '00E2004717D4106821818C01' -> Floor '17'
[2026-07-15 12:58:07] Tag Change: ID '00E20047173A40682177EF01' -> Floor '17'
[2026-07-15 12:58:07] Status Updated: Floor '17'
[2026-07-15 12:58:08] Tag Change: ID '00E20047173FC06821784701' -> Floor '16'
[2026-07-15 12:58:09] Tag Change: ID '00E2004717DAD0682181F801' -> Floor '16'
[2026-07-15 12:58:09] Status Updated: Floor '16'
[2026-07-15 12:58:09] Tag Change: ID '00E20047179A4068217DEF01' -> Floor '15'
[2026-07-15 12:58:10] Status Updated: Floor '15'
[2026-07-15 12:58:11] Tag Change: ID '00E2004717DB506821820001' -> Floor '14'
[2026-07-15 12:58:12] Status Updated: Floor '14'
[2026-07-15 12:58:12] Tag Change: ID '00E20047179AC068217DF701' -> Floor '13'
[2026-07-15 12:58:13] Tag Change: ID '00E2004717DF906821824401' -> Floor '12'
[2026-07-15 12:58:14] Status Updated: Floor '12'
[2026-07-15 12:58:15] Tag Change: ID '00E20047173800682177CB01' -> Floor '11'
[2026-07-15 12:58:16] Tag Change: ID '00E20047177B8068217C0301' -> Floor '10'
[2026-07-15 12:58:16] Status Updated: Floor '10'
[2026-07-15 12:58:18] Tag Change: ID '00E2004717ED506821832001' -> Floor '9'
[2026-07-15 12:58:19] Tag Change: ID '00E2004717940068217D8B01' -> Floor '8'
[2026-07-15 12:58:20] Tag Change: ID '00E20047179B0068217DFB01' -> Floor '7'
[2026-07-15 12:58:23] Tag Change: ID '00E20047173A80682177F301' -> Floor '5'
[2026-07-15 12:58:24] Tag Change: ID '00E20047173CC06821781701' -> Floor '4'
[2026-07-15 12:58:26] Tag Change: ID '00E2004717834068217C7F01' -> Floor '3'
[2026-07-15 12:58:27] Tag Change: ID '00E20047173B00682177FB01' -> Floor '2'
[2026-07-15 12:58:27] Status Updated: Floor '2'
[2026-07-15 12:58:29] Tag Change: ID '00E20047173780682177C301' -> Floor '1'
[2026-07-15 12:58:30] Tag Change: ID '00E20047177F8068217C4301' -> Floor '0'
[2026-07-15 12:58:31] Tag Change: ID '00E2004717818068217C6301' -> Floor '0'
[2026-07-15 12:58:31] Status Updated: Floor '0'
[2026-07-15 12:59:45] Tag Change: ID '00E20047173F006821783B01' -> Floor '0'
[2026-07-15 12:59:45] Tag flapping: suppressed 89 repeated tag-change log lines in the last 126s
[2026-07-15 12:59:46] Tag Change: ID '00E20047177F8068217C4301' -> Floor '0'
[2026-07-15 12:59:48] Tag Change: ID '00E2004717E0506821825001' -> Floor '1'
[2026-07-15 12:59:49] Tag Change: ID '00E2004717D650682181B001' -> Floor '2'
[2026-07-15 12:59:49] Tag Change: ID '00E20047173B00682177FB01' -> Floor '2'
[2026-07-15 12:59:49] Status Updated: Floor '2'
[2026-07-15 12:59:51] Tag Change: ID '00E2004717834068217C7F01' -> Floor '3'
[2026-07-15 12:59:52] Tag Change: ID '00E20047173CC06821781701' -> Floor '4'
[2026-07-15 12:59:52] Status Updated: Floor '4'
[2026-07-15 12:59:53] Tag Change: ID '00E200471783C068217C8701' -> Floor '5'
[2026-07-15 12:59:55] Tag Change: ID '00E2004717B0C068217F5701' -> Floor '6'
[2026-07-15 12:59:56] Tag Change: ID '00E20047179B0068217DFB01' -> Floor '7'
[2026-07-15 12:59:57] Tag Change: ID '00E2004717ED906821832400' -> Floor '8'
[2026-07-15 12:59:59] Tag Change: ID '00E20047173F406821783F01' -> Floor '9'
[2026-07-15 12:59:59] Status Updated: Floor '9'
[2026-07-15 13:00:00] Tag Change: ID '00E2004718A08068218E5301' -> Floor '10'
[2026-07-15 13:00:02] Tag Change: ID '00E20047173800682177CB01' -> Floor '11'
[2026-07-15 13:00:03] Tag Change: ID '00E20047173640682177AF01' -> Floor '12'
[2026-07-15 13:00:03] Status Updated: Floor '12'
[2026-07-15 13:00:04] Tag Change: ID '00E20047179AC068217DF701' -> Floor '13'
[2026-07-15 13:00:06] Tag Change: ID '00E2004717DB506821820001' -> Floor '14'
[2026-07-15 13:00:06] Status Updated: Floor '14'
[2026-07-15 13:00:07] Tag Change: ID '00E2004717DB10682181FC01' -> Floor '15'
[2026-07-15 13:00:09] Tag Change: ID '00E20047173FC06821784701' -> Floor '16'
[2026-07-15 13:00:11] Tag Change: ID '00E2004717AF0068217F3B01' -> Floor '18'
[2026-07-15 13:00:13] Tag Change: ID '00E2004718C1706821906201' -> Floor '19'
[2026-07-15 13:00:13] Status Updated: Floor '19'
[2026-07-15 13:00:14] Tag Change: ID '00E20047179B8068217E0301' -> Floor '20'
[2026-07-15 13:00:15] Tag Change: ID '00E20047175F0068217A3B01' -> Floor '21'
[2026-07-15 13:00:15] Status Updated: Floor '21'
[2026-07-15 13:00:16] Tag Change: ID '00E20047175800682179CB01' -> Floor '22'
[2026-07-15 13:00:18] Tag Change: ID '00E2004717644068217A8F01' -> Floor '23'
[2026-07-15 13:00:19] Tag Change: ID '00E2004717608068217A5301' -> Floor '24'
[2026-07-15 13:00:21] Tag Change: ID '00E20047177F3068217C3E01' -> Floor '25'
[2026-07-15 13:00:21] Status Updated: Floor '25'
[2026-07-15 13:00:22] Tag Change: ID '00E20047175AC0682179F701' -> Floor '26'
[2026-07-15 13:00:22] Tag Change: ID '00E200471894C068218D9701' -> Floor '26'
[2026-07-15 13:00:22] Status Updated: Floor '26'
[2026-07-15 13:00:23] Tag Change: ID '00E20047189BC068218E0701' -> Floor '27'
[2026-07-15 13:00:25] Tag Change: ID '00E20047175FC068217A4701' -> Floor '27'
[2026-07-15 13:00:25] Status Updated: Floor '27'
[2026-07-15 13:00:25] Tag Change: ID '00E2004718990068218DDB01' -> Floor '27'
[2026-07-15 13:00:35] Status Updated: Floor '26'
[2026-07-15 13:00:36] Status Updated: Floor '25'
[2026-07-15 13:00:37] Tag Change: ID '00E2004718A0C068218E5701' -> Floor '24'
[2026-07-15 13:00:37] Status Updated: Floor '24'
[2026-07-15 13:00:38] Tag Change: ID '00E2004718A98068218EE301' -> Floor '23'
[2026-07-15 13:00:43] Status Updated: Floor '20'
[2026-07-15 13:00:44] Tag Change: ID '00E200471797C068217DC701' -> Floor '19'
[2026-07-15 13:00:46] Tag Change: ID '00E20047173A40682177EF01' -> Floor '17'
[2026-07-15 13:00:48] Tag Change: ID '00E2004717D890682181D401' -> Floor '16'
[2026-07-15 13:00:49] Tag Change: ID '00E20047179A4068217DEF01' -> Floor '15'
[2026-07-15 13:00:49] Status Updated: Floor '15'
[2026-07-15 13:00:53] Tag Change: ID '00E2004717DF906821824401' -> Floor '12'
[2026-07-15 13:00:55] Status Updated: Floor '11'
[2026-07-15 13:00:58] Status Updated: Floor '10'
[2026-07-15 13:00:58] Tag Change: ID '00E20047177B8068217C0301' -> Floor '10'
[2026-07-15 13:01:00] Tag Change: ID '00E2004718A08068218E5301' -> Floor '10'
[2026-07-15 13:01:17] Tag Change: ID '00E2004717ED506821832001' -> Floor '9'
[2026-07-15 13:01:19] Tag Change: ID '00E2004717ED906821832400' -> Floor '8'
[2026-07-15 13:01:20] Tag Change: ID '00E20047177A4068217BEF01' -> Floor '7'
[2026-07-15 13:01:22] Tag Change: ID '00E2004717B0C068217F5701' -> Floor '6'
[2026-07-15 13:01:24] Tag Change: ID '00E20047173A80682177F301' -> Floor '5'
[2026-07-15 13:01:24] Tag Change: ID '00E200471783C068217C8701' -> Floor '5'
[2026-07-15 13:01:25] Status Updated: Floor '5'
[2026-07-15 13:01:25] Tag flapping: suppressed 171 repeated tag-change log lines in the last 60s
[2026-07-15 13:01:45] Tag Change: ID '00E20047177FC068217C4701' -> Floor '4'
[2026-07-15 13:01:46] Tag Change: ID '00E2004717834068217C7F01' -> Floor '3'
[2026-07-15 13:01:47] Status Updated: Floor '3'
[2026-07-15 13:01:48] Tag Change: ID '00E20047173B00682177FB01' -> Floor '2'
[2026-07-15 13:01:51] Tag Change: ID '00E20047177F8068217C4301' -> Floor '0'
[2026-07-15 13:01:53] Tag Change: ID '00E20047173F006821783B01' -> Floor '0'
[2026-07-15 13:01:53] Status Updated: Floor '0'
[2026-07-15 13:01:53] Tag Change: ID '00E2004717818068217C6301' -> Floor '0'
[2026-07-15 13:02:35] Tag flapping: suppressed 224 repeated tag-change log lines in the last 69s
[2026-07-15 13:02:37] Tag Change: ID '00E2004717E0506821825001' -> Floor '1'
[2026-07-15 13:02:37] Status Updated: Floor '1'
[2026-07-15 13:02:39] Tag Change: ID '00E2004717D650682181B001' -> Floor '2'
[2026-07-15 13:02:39] Status Updated: Floor '2'
[2026-07-15 13:02:41] Tag Change: ID '00E20047173CC06821781701' -> Floor '4'
[2026-07-15 13:02:44] Tag Change: ID '00E20047173A80682177F301' -> Floor '5'
[2026-07-15 13:02:44] Tag Change: ID '00E200471783C068217C8701' -> Floor '5'
[2026-07-15 13:02:44] Status Updated: Floor '5'
[2026-07-15 13:03:00] Tag Change: ID '00E2004717B0C068217F5701' -> Floor '6'
[2026-07-15 13:03:01] Tag Change: ID '00E20047179B0068217DFB01' -> Floor '7'
[2026-07-15 13:03:01] Status Updated: Floor '7'
[2026-07-15 13:03:02] Tag Change: ID '00E2004717ED906821832400' -> Floor '8'
[2026-07-15 13:03:02] Tag Change: ID '00E2004717940068217D8B01' -> Floor '8'
[2026-07-15 13:03:03] Status Updated: Floor '8'
[2026-07-15 13:03:04] Tag Change: ID '00E20047173F406821783F01' -> Floor '9'
[2026-07-15 13:03:04] Tag Change: ID '00E2004717ED506821832001' -> Floor '9'
[2026-07-15 13:03:04] Status Updated: Floor '9'
[2026-07-15 13:03:06] Tag Change: ID '00E2004718A08068218E5301' -> Floor '10'
[2026-07-15 13:03:07] Tag Change: ID '00E20047177B8068217C0301' -> Floor '10'
[2026-07-15 13:03:07] Status Updated: Floor '10'
[2026-07-15 13:03:24] Tag Change: ID '00E20047173800682177CB01' -> Floor '11'
[2026-07-15 13:03:25] Status Updated: Floor '11'
[2026-07-15 13:03:26] Tag Change: ID '00E2004717DF906821824401' -> Floor '12'
[2026-07-15 13:03:29] Tag Change: ID '00E2004717DB506821820001' -> Floor '14'
[2026-07-15 13:03:29] Tag Change: ID '00E200471795C068217DA701' -> Floor '14'
[2026-07-15 13:03:29] Status Updated: Floor '14'
[2026-07-15 13:03:30] Tag Change: ID '00E20047179A4068217DEF01' -> Floor '15'
[2026-07-15 13:03:31] Tag Change: ID '00E20047173FC06821784701' -> Floor '16'
[2026-07-15 13:03:32] Status Updated: Floor '16'
[2026-07-15 13:03:33] Tag Change: ID '00E20047173A40682177EF01' -> Floor '17'
[2026-07-15 13:03:34] Tag Change: ID '00E2004718A5C068218EA701' -> Floor '18'
[2026-07-15 13:03:35] Tag Change: ID '00E200471797C068217DC701' -> Floor '19'
[2026-07-15 13:03:37] Tag Change: ID '00E20047179B8068217E0301' -> Floor '20'
[2026-07-15 13:03:37] Tag flapping: suppressed 203 repeated tag-change log lines in the last 60s
[2026-07-15 13:03:37] Status Updated: Floor '20'
[2026-07-15 13:03:38] Tag Change: ID '00E20047175F0068217A3B01' -> Floor '21'
[2026-07-15 13:03:38] Status Updated: Floor '21'
[2026-07-15 13:03:39] Tag Change: ID '00E2004718B87068218FD201' -> Floor '22'
[2026-07-15 13:03:41] Tag Change: ID '00E2004718A98068218EE301' -> Floor '23'
[2026-07-15 13:03:42] Tag Change: ID '00E2004717608068217A5301' -> Floor '24'
[2026-07-15 13:03:42] Status Updated: Floor '24'
[2026-07-15 13:03:43] Tag Change: ID '00E20047177F3068217C3E01' -> Floor '25'
[2026-07-15 13:03:44] Status Updated: Floor '25'
[2026-07-15 13:03:46] Tag Change: ID '00E20047175AC0682179F701' -> Floor '26'
[2026-07-15 13:03:46] Status Updated: Floor '26'
[2026-07-15 13:03:47] Tag Change: ID '00E200471894C068218D9701' -> Floor '26'
[2026-07-15 13:04:35] Tag Change: ID '00E20047189BC068218E0701' -> Floor '27'
[2026-07-15 13:04:37] Tag Change: ID '00E2004718990068218DDB01' -> Floor '27'
[2026-07-15 13:04:37] Status Updated: Floor '27'
[2026-07-15 13:04:37] Tag Change: ID '00E20047175FC068217A4701' -> Floor '27'
[2026-07-15 13:04:37] Tag Change: ID '00E2' -> Floor 'Unknown'
[2026-07-15 13:04:47] Tag flapping: suppressed 416 repeated tag-change log lines in the last 60s
[2026-07-15 13:05:37] Tag Change: ID '00E20047175FC068217A4701' -> Floor '27'
[2026-07-15 13:05:37] Tag Change: ID '00E2004718990068218DDB01' -> Floor '27'
[2026-07-15 13:05:47] Tag flapping: suppressed 393 repeated tag-change log lines in the last 60s
[2026-07-15 13:06:37] Tag Change: ID '00E20047175FC068217A4701' -> Floor '27'
[2026-07-15 13:06:37] Tag Change: ID '00E2004718990068218DDB01' -> Floor '27'
[2026-07-15 13:06:47] Tag flapping: suppressed 398 repeated tag-change log lines in the last 60s
[2026-07-15 13:07:37] Tag Change: ID '00E20047175FC068217A4701' -> Floor '27'
[2026-07-15 13:07:37] Tag Change: ID '00E2004718990068218DDB01' -> Floor '27'
[2026-07-15 13:07:47] Tag flapping: suppressed 406 repeated tag-change log lines in the last 60s
[2026-07-15 13:08:37] Tag Change: ID '00E2004718990068218DDB01' -> Floor '27'
[2026-07-15 13:08:37] Tag Change: ID '00E20047175FC068217A4701' -> Floor '27'
[2026-07-15 13:08:47] Tag flapping: suppressed 376 repeated tag-change log lines in the last 60s
[2026-07-15 13:09:37] Tag Change: ID '00E2004718990068218DDB01' -> Floor '27'
[2026-07-15 13:09:38] Tag Change: ID '00E20047175FC068217A4701' -> Floor '27'
[2026-07-15 13:09:48] Tag flapping: suppressed 401 repeated tag-change log lines in the last 60s
[2026-07-15 13:10:38] Tag Change: ID '00E2004718990068218DDB01' -> Floor '27'
[2026-07-15 13:10:38] Tag Change: ID '00E20047175FC068217A4701' -> Floor '27'
[2026-07-15 13:10:48] Tag flapping: suppressed 398 repeated tag-change log lines in the last 60s
[2026-07-15 13:10:58] Tag Change: ID '00E20047189BC068218E0701' -> Floor '27'
[2026-07-15 13:10:59] Tag Change: ID '00E200471894C068218D9701' -> Floor '26'
[2026-07-15 13:10:59] Tag Change: ID '00E20047175AC0682179F701' -> Floor '26'
[2026-07-15 13:10:59] Status Updated: Floor '26'
[2026-07-15 13:11:00] Tag Change: ID '00E20047177F3068217C3E01' -> Floor '25'
[2026-07-15 13:11:02] Tag Change: ID '00E2004718A0C068218E5701' -> Floor '24'
[2026-07-15 13:11:02] Tag Change: ID '00E2004717608068217A5301' -> Floor '24'
[2026-07-15 13:11:02] Status Updated: Floor '24'
[2026-07-15 13:11:03] Tag Change: ID '00E2004717644068217A8F01' -> Floor '23'
[2026-07-15 13:11:03] Status Updated: Floor '23'
[2026-07-15 13:11:05] Tag Change: ID '00E20047175800682179CB01' -> Floor '22'
[2026-07-15 13:11:07] Tag Change: ID '00E2004718BB706821900201' -> Floor '21'
[2026-07-15 13:11:07] Status Updated: Floor '21'
[2026-07-15 13:11:07] Tag Change: ID '00E20047175F0068217A3B01' -> Floor '21'
[2026-07-15 13:11:36] Tag Change: ID '00E2004718BC306821900E01' -> Floor '20'
[2026-07-15 13:11:37] Tag Change: ID '00E2004718C1706821906201' -> Floor '19'
[2026-07-15 13:11:38] Status Updated: Floor '19'
[2026-07-15 13:11:39] Tag Change: ID '00E2004717AF0068217F3B01' -> Floor '18'
[2026-07-15 13:11:40] Tag Change: ID '00E20047173A40682177EF01' -> Floor '17'
[2026-07-15 13:11:41] Tag Change: ID '00E2004717D890682181D401' -> Floor '16'
[2026-07-15 13:11:41] Tag Change: ID '00E20047173FC06821784701' -> Floor '16'
[2026-07-15 13:11:42] Status Updated: Floor '16'
[2026-07-15 13:11:43] Tag Change: ID '00E2004717DB10682181FC01' -> Floor '15'
[2026-07-15 13:11:44] Tag Change: ID '00E2004717DB506821820001' -> Floor '14'
[2026-07-15 13:11:44] Status Updated: Floor '14'
[2026-07-15 13:11:45] Tag Change: ID '00E2004717E4506821829001' -> Floor '13'
[2026-07-15 13:11:46] Tag Change: ID '00E20047179AC068217DF701' -> Floor '13'
[2026-07-15 13:11:46] Status Updated: Floor '13'
[2026-07-15 13:11:47] Tag Change: ID '00E20047173640682177AF01' -> Floor '12'
[2026-07-15 13:11:47] Status Updated: Floor '12'
[2026-07-15 13:11:48] Tag Change: ID '00E20047173800682177CB01' -> Floor '11'
[2026-07-15 13:11:48] Tag flapping: suppressed 228 repeated tag-change log lines in the last 60s
[2026-07-15 13:11:48] Status Updated: Floor '11'
[2026-07-15 13:11:50] Tag Change: ID '00E2004718A08068218E5301' -> Floor '10'
[2026-07-15 13:11:51] Tag Change: ID '00E20047173F406821783F01' -> Floor '9'
[2026-07-15 13:11:52] Tag Change: ID '00E2004717ED906821832400' -> Floor '8'
[2026-07-15 13:11:54] Tag Change: ID '00E20047179B0068217DFB01' -> Floor '7'
[2026-07-15 13:11:54] Status Updated: Floor '7'
[2026-07-15 13:11:55] Tag Change: ID '00E2004717B0C068217F5701' -> Floor '6'
[2026-07-15 13:11:56] Tag Change: ID '00E200471783C068217C8701' -> Floor '5'
[2026-07-15 13:11:58] Tag Change: ID '00E20047173CC06821781701' -> Floor '4'
[2026-07-15 13:12:01] Tag Change: ID '00E20047173B00682177FB01' -> Floor '2'
[2026-07-15 13:12:01] Status Updated: Floor '2'
[2026-07-15 13:12:02] Tag Change: ID '00E20047173780682177C301' -> Floor '1'
[2026-07-15 13:12:03] Tag Change: ID '00E2004717790068217BDB01' -> Floor '1'
[2026-07-15 13:12:03] Status Updated: Floor '1'
[2026-07-15 13:12:03] Tag Change: ID '00E20047177F8068217C4301' -> Floor '0'
[2026-07-15 13:12:05] Tag Change: ID '00E2004717818068217C6301' -> Floor '0'
[2026-07-15 13:12:05] Status Updated: Floor '0'
[2026-07-15 13:13:07] Tag Change: ID '00E20047173F006821783B01' -> Floor '0'
[2026-07-15 13:13:08] Tag Change: ID '00E20047177F8068217C4301' -> Floor '0'
[2026-07-15 13:13:10] Tag Change: ID '00E2004717E0506821825001' -> Floor '1'
[2026-07-15 13:13:10] Status Updated: Floor '1'
[2026-07-15 13:13:11] Tag Change: ID '00E2004717D650682181B001' -> Floor '2'
[2026-07-15 13:13:12] Tag Change: ID '00E2004717834068217C7F01' -> Floor '3'
[2026-07-15 13:13:14] Tag Change: ID '00E20047173CC06821781701' -> Floor '4'
[2026-07-15 13:13:15] Tag Change: ID '00E20047173A80682177F301' -> Floor '5'
[2026-07-15 13:13:17] Tag Change: ID '00E2004717B0C068217F5701' -> Floor '6'
[2026-07-15 13:13:18] Tag Change: ID '00E20047177A4068217BEF01' -> Floor '7'
[2026-07-15 13:13:19] Tag Change: ID '00E2004717ED906821832400' -> Floor '8'
[2026-07-15 13:13:20] Status Updated: Floor '8'
[2026-07-15 13:13:21] Tag Change: ID '00E20047173F406821783F01' -> Floor '9'
[2026-07-15 13:13:22] Tag Change: ID '00E20047177B8068217C0301' -> Floor '10'
[2026-07-15 13:13:23] Tag Change: ID '00E20047173800682177CB01' -> Floor '11'
[2026-07-15 13:13:24] Status Updated: Floor '11'
[2026-07-15 13:13:25] Tag Change: ID '00E20047173640682177AF01' -> Floor '12'
[2026-07-15 13:13:25] Tag Change: ID '00E2004717DF906821824401' -> Floor '12'
[2026-07-15 13:13:25] Status Updated: Floor '12'
[2026-07-15 13:13:26] Tag Change: ID '00E20047179AC068217DF701' -> Floor '13'
[2026-07-15 13:13:28] Tag Change: ID '00E200471795C068217DA701' -> Floor '14'
[2026-07-15 13:13:29] Tag Change: ID '00E2004717DB10682181FC01' -> Floor '15'
[2026-07-15 13:13:30] Tag Change: ID '00E2004717D890682181D401' -> Floor '16'
[2026-07-15 13:13:30] Tag Change: ID '00E20047173FC06821784701' -> Floor '16'
[2026-07-15 13:13:31] Status Updated: Floor '16'
[2026-07-15 13:13:32] Tag Change: ID '00E2004717D4106821818C01' -> Floor '17'
[2026-07-15 13:13:33] Tag Change: ID '00E2004718A5C068218EA701' -> Floor '18'
[2026-07-15 13:13:34] Tag Change: ID '00E200471797C068217DC701' -> Floor '19'
[2026-07-15 13:13:35] Status Updated: Floor '19'
[2026-07-15 13:13:36] Tag Change: ID '00E20047179B8068217E0301' -> Floor '20'
[2026-07-15 13:13:36] Tag Change: ID '00E2004718BC306821900E01' -> Floor '20'
[2026-07-15 13:13:36] Status Updated: Floor '20'
[2026-07-15 13:13:37] Tag Change: ID '00E2004718BB706821900201' -> Floor '21'
[2026-07-15 13:13:37] Tag Change: ID '00E20047175F0068217A3B01' -> Floor '21'
[2026-07-15 13:13:37] Status Updated: Floor '21'
[2026-07-15 13:13:38] Tag Change: ID '00E20047175800682179CB01' -> Floor '22'
[2026-07-15 13:13:40] Tag Change: ID '00E2004718A98068218EE301' -> Floor '23'
[2026-07-15 13:13:41] Tag Change: ID '00E2004718A0C068218E5701' -> Floor '24'
[2026-07-15 13:13:41] Tag Change: ID '00E2004717608068217A5301' -> Floor '24'
[2026-07-15 13:13:41] Status Updated: Floor '24'
[2026-07-15 13:13:42] Tag Change: ID '00E20047177F3068217C3E01' -> Floor '25'
[2026-07-15 13:13:44] Tag Change: ID '00E200471894C068218D9701' -> Floor '26'
[2026-07-15 13:13:44] Tag Change: ID '00E20047175AC0682179F701' -> Floor '26'
[2026-07-15 13:13:44] Status Updated: Floor '26'
[2026-07-15 13:13:47] Tag Change: ID '00E20047175FC068217A4701' -> Floor '27'
[2026-07-15 13:13:47] Status Updated: Floor '27'
[2026-07-15 13:13:47] Tag Change: ID '00' -> Floor 'Unknown'
[2026-07-15 13:13:47] Tag Change: ID '00E2004718990068218DDB01' -> Floor '27'
[2026-07-15 13:14:47] Tag Change: ID '00E20047175FC068217A4701' -> Floor '27'
[2026-07-15 13:14:47] Tag flapping: suppressed 388 repeated tag-change log lines in the last 60s
[2026-07-15 13:14:47] Tag Change: ID '00E2004718990068218DDB01' -> Floor '27'
[2026-07-15 13:15:47] Tag Change: ID '00E20047175FC068217A4701' -> Floor '27'
[2026-07-15 13:15:47] Tag flapping: suppressed 371 repeated tag-change log lines in the last 60s
[2026-07-15 13:15:47] Tag Change: ID '00E2004718990068218DDB01' -> Floor '27'
[2026-07-15 13:16:47] Tag Change: ID '00E20047175FC068217A4701' -> Floor '27'
[2026-07-15 13:16:47] Tag Change: ID '00E2004718990068218DDB01' -> Floor '27'
[2026-07-15 13:16:48] Tag flapping: suppressed 429 repeated tag-change log lines in the last 60s
[2026-07-15 13:17:47] Tag Change: ID '00E20047175FC068217A4701' -> Floor '27'
[2026-07-15 13:17:48] Tag Change: ID '00E2004718990068218DDB01' -> Floor '27'
[2026-07-15 13:17:48] Tag flapping: suppressed 380 repeated tag-change log lines in the last 60s
[2026-07-15 13:18:48] Tag Change: ID '00E20047175FC068217A4701' -> Floor '27'
[2026-07-15 13:18:48] Tag Change: ID '00E2004718990068218DDB01' -> Floor '27'
[2026-07-15 13:18:48] Tag flapping: suppressed 409 repeated tag-change log lines in the last 60s
[2026-07-15 13:19:48] Tag Change: ID '00E20047175FC068217A4701' -> Floor '27'
[2026-07-15 13:19:48] Tag Change: ID '00E2004718990068218DDB01' -> Floor '27'
[2026-07-15 13:19:48] Tag flapping: suppressed 414 repeated tag-change log lines in the last 60s
[2026-07-15 13:20:48] Tag Change: ID '00E20047175FC068217A4701' -> Floor '27'
[2026-07-15 13:20:48] Tag Change: ID '00E2004718990068218DDB01' -> Floor '27'
[2026-07-15 13:20:49] Tag flapping: suppressed 420 repeated tag-change log lines in the last 60s
[2026-07-15 13:21:03] Tag Change: ID '00E20047189BC068218E0701' -> Floor '27'
[2026-07-15 13:21:04] Tag Change: ID '00E20047175AC0682179F701' -> Floor '26'
[2026-07-15 13:21:07] Tag Change: ID '00E20047189CC068218E1701' -> Floor '25'
[2026-07-15 13:21:07] Tag Change: ID '00E20047177F3068217C3E01' -> Floor '25'
[2026-07-15 13:21:07] Status Updated: Floor '25'
[2026-07-15 13:21:25] Tag Change: ID '00E2004717608068217A5301' -> Floor '24'
[2026-07-15 13:21:26] Status Updated: Floor '24'
[2026-07-15 13:21:27] Tag Change: ID '00E2004718A98068218EE301' -> Floor '23'
[2026-07-15 13:21:27] Tag Change: ID '00E2004717644068217A8F01' -> Floor '23'
[2026-07-15 13:21:27] Status Updated: Floor '23'
[2026-07-15 13:21:28] Tag Change: ID '00E2004718B87068218FD201' -> Floor '22'
[2026-07-15 13:21:28] Status Updated: Floor '22'
[2026-07-15 13:21:30] Tag Change: ID '00E2004718BB706821900201' -> Floor '21'
[2026-07-15 13:21:31] Tag Change: ID '00E20047179B8068217E0301' -> Floor '20'
[2026-07-15 13:21:31] Status Updated: Floor '20'
[2026-07-15 13:21:32] Tag Change: ID '00E200471797C068217DC701' -> Floor '19'
[2026-07-15 13:21:32] Tag Change: ID '00E2004718C1706821906201' -> Floor '19'
[2026-07-15 13:21:32] Status Updated: Floor '19'
[2026-07-15 13:21:33] Tag Change: ID '00E2004718A5C068218EA701' -> Floor '18'
[2026-07-15 13:21:35] Tag Change: ID '00E20047173A40682177EF01' -> Floor '17'
[2026-07-15 13:21:36] Tag Change: ID '00E2004717D890682181D401' -> Floor '16'
[2026-07-15 13:21:36] Tag Change: ID '00E20047173FC06821784701' -> Floor '16'
[2026-07-15 13:21:36] Status Updated: Floor '16'
[2026-07-15 13:21:37] Tag Change: ID '00E2004717DAD0682181F801' -> Floor '16'
[2026-07-15 13:21:38] Tag Change: ID '00E20047179A4068217DEF01' -> Floor '15'
[2026-07-15 13:21:39] Tag Change: ID '00E2004717DB506821820001' -> Floor '14'
[2026-07-15 13:21:40] Tag Change: ID '00E20047179AC068217DF701' -> Floor '13'
[2026-07-15 13:21:42] Tag Change: ID '00E20047173640682177AF01' -> Floor '12'
[2026-07-15 13:21:43] Tag Change: ID '00E20047173800682177CB01' -> Floor '11'
[2026-07-15 13:21:43] Status Updated: Floor '11'
[2026-07-15 13:21:44] Tag Change: ID '00E2004718A08068218E5301' -> Floor '10'
[2026-07-15 13:21:46] Tag Change: ID '00E20047173F406821783F01' -> Floor '9'
[2026-07-15 13:21:46] Status Updated: Floor '9'
[2026-07-15 13:21:47] Tag Change: ID '00E2004717ED906821832400' -> Floor '8'
[2026-07-15 13:21:47] Tag Change: ID '00E2004717940068217D8B01' -> Floor '8'
[2026-07-15 13:21:47] Status Updated: Floor '8'
[2026-07-15 13:21:49] Tag Change: ID '00E20047179B0068217DFB01' -> Floor '7'
[2026-07-15 13:21:50] Tag Change: ID '00E2004717B0C068217F5701' -> Floor '6'
[2026-07-15 13:21:50] Tag flapping: suppressed 76 repeated tag-change log lines in the last 60s
[2026-07-15 13:21:51] Tag Change: ID '00E20047173A80682177F301' -> Floor '5'
[2026-07-15 13:21:53] Tag Change: ID '00E20047173CC06821781701' -> Floor '4'
[2026-07-15 13:21:53] Status Updated: Floor '4'
[2026-07-15 13:21:54] Tag Change: ID '00E2004717834068217C7F01' -> Floor '3'
[2026-07-15 13:21:55] Tag Change: ID '00E2004717D650682181B001' -> Floor '2'
[2026-07-15 13:21:58] Tag Change: ID '00E20047177F8068217C4301' -> Floor '0'
[2026-07-15 13:22:01] Tag Change: ID '00E20047173F006821783B01' -> Floor '0'
[2026-07-15 13:22:01] Status Updated: Floor '0'
[2026-07-15 13:22:01] Tag Change: ID '00E2004717818068217C6301' -> Floor '0'
[2026-07-15 13:23:01] Tag Change: ID '00E20047173F006821783B01' -> Floor '0'
[2026-07-15 13:23:01] Tag flapping: suppressed 198 repeated tag-change log lines in the last 60s
[2026-07-15 13:23:01] Tag Change: ID '00E2004717818068217C6301' -> Floor '0'
[2026-07-15 13:24:07] Tag Change: ID '00E2004717818068217C6301' -> Floor '0'
[2026-07-15 13:24:07] Tag flapping: suppressed 53 repeated tag-change log lines in the last 65s
[2026-07-15 13:24:08] Tag Change: ID '00E20047177F8068217C4301' -> Floor '0'
[2026-07-15 13:24:10] Tag Change: ID '00E2004717E0506821825001' -> Floor '1'
[2026-07-15 13:24:10] Status Updated: Floor '1'
[2026-07-15 13:24:11] Tag Change: ID '00E20047173B00682177FB01' -> Floor '2'
[2026-07-15 13:24:13] Tag Change: ID '00E2004717834068217C7F01' -> Floor '3'
[2026-07-15 13:24:14] Tag Change: ID '00E20047177FC068217C4701' -> Floor '4'
[2026-07-15 13:24:14] Tag Change: ID '00E20047173CC06821781701' -> Floor '4'
[2026-07-15 13:24:14] Status Updated: Floor '4'
[2026-07-15 13:24:15] Tag Change: ID '00E20047173A80682177F301' -> Floor '5'
[2026-07-15 13:24:15] Tag Change: ID '00E200471783C068217C8701' -> Floor '5'
[2026-07-15 13:24:16] Status Updated: Floor '5'
[2026-07-15 13:24:17] Tag Change: ID '00E2004717B0C068217F5701' -> Floor '6'
[2026-07-15 13:24:18] Tag Change: ID '00E20047179B0068217DFB01' -> Floor '7'
[2026-07-15 13:24:18] Tag Change: ID '00E20047177A4068217BEF01' -> Floor '7'
[2026-07-15 13:24:18] Status Updated: Floor '7'
[2026-07-15 13:24:20] Tag Change: ID '00E2004717940068217D8B01' -> Floor '8'
[2026-07-15 13:24:21] Tag Change: ID '00E2004717ED506821832001' -> Floor '9'
[2026-07-15 13:24:22] Tag Change: ID '00E2004718A08068218E5301' -> Floor '10'
[2026-07-15 13:24:24] Tag Change: ID '00E20047173800682177CB01' -> Floor '11'
[2026-07-15 13:24:25] Tag Change: ID '00E20047173640682177AF01' -> Floor '12'
[2026-07-15 13:24:25] Tag Change: ID '00E2004717DF906821824401' -> Floor '12'
[2026-07-15 13:24:25] Status Updated: Floor '12'
[2026-07-15 13:24:26] Tag Change: ID '00E20047179AC068217DF701' -> Floor '13'
[2026-07-15 13:24:28] Tag Change: ID '00E200471795C068217DA701' -> Floor '14'
[2026-07-15 13:24:29] Tag Change: ID '00E20047179A4068217DEF01' -> Floor '15'
[2026-07-15 13:24:29] Tag Change: ID '00E2004717DB10682181FC01' -> Floor '15'
[2026-07-15 13:24:29] Status Updated: Floor '15'
[2026-07-15 13:24:31] Tag Change: ID '00E2004717D890682181D401' -> Floor '16'
[2026-07-15 13:24:32] Tag Change: ID '00E20047173A40682177EF01' -> Floor '17'
[2026-07-15 13:24:33] Tag Change: ID '00E2004718A5C068218EA701' -> Floor '18'
[2026-07-15 13:24:36] Tag Change: ID '00E200471797C068217DC701' -> Floor '19'
[2026-07-15 13:24:36] Status Updated: Floor '19'
[2026-07-15 13:24:36] Tag Change: ID '00E2004718C1706821906201' -> Floor '19'
[2026-07-15 13:25:26] Tag Change: ID '00E20047179B8068217E0301' -> Floor '20'
[2026-07-15 13:25:26] Tag Change: ID '00E2004718BC306821900E01' -> Floor '20'
[2026-07-15 13:25:26] Status Updated: Floor '20'
[2026-07-15 13:25:27] Tag Change: ID '00E20047175F0068217A3B01' -> Floor '21'
[2026-07-15 13:25:27] Status Updated: Floor '21'
[2026-07-15 13:25:30] Tag Change: ID '00E2004717644068217A8F01' -> Floor '23'
[2026-07-15 13:25:30] Status Updated: Floor '23'
[2026-07-15 13:25:31] Tag Change: ID '00E2004718A0C068218E5701' -> Floor '24'
[2026-07-15 13:25:32] Tag Change: ID '00E20047177F3068217C3E01' -> Floor '25'
[2026-07-15 13:25:34] Tag Change: ID '00E20047175AC0682179F701' -> Floor '26'
[2026-07-15 13:25:34] Tag Change: ID '00E200471894C068218D9701' -> Floor '26'
[2026-07-15 13:25:34] Status Updated: Floor '26'
[2026-07-15 13:25:37] Tag Change: ID '00E2004718990068218DDB01' -> Floor '27'
[2026-07-15 13:25:37] Tag flapping: suppressed 321 repeated tag-change log lines in the last 60s
[2026-07-15 13:25:37] Status Updated: Floor '27'
[2026-07-15 13:25:37] Tag Change: ID '00E20047175FC068217A4701' -> Floor '27'
[2026-07-15 13:26:37] Tag Change: ID '00E2004718990068218DDB01' -> Floor '27'
[2026-07-15 13:26:38] Tag flapping: suppressed 396 repeated tag-change log lines in the last 60s
[2026-07-15 13:26:38] Tag Change: ID '00E20047175FC068217A4701' -> Floor '27'
[2026-07-15 13:27:37] Tag Change: ID '00E2004718990068218DDB01' -> Floor '27'
[2026-07-15 13:27:38] Tag Change: ID '00E20047175FC068217A4701' -> Floor '27'
[2026-07-15 13:27:38] Tag flapping: suppressed 423 repeated tag-change log lines in the last 60s
[2026-07-15 13:28:37] Tag Change: ID '00E2004718990068218DDB01' -> Floor '27'
[2026-07-15 13:28:38] Tag Change: ID '00E20047175FC068217A4701' -> Floor '27'
[2026-07-15 13:28:38] Tag flapping: suppressed 427 repeated tag-change log lines in the last 60s
[2026-07-15 13:29:37] Tag Change: ID '00E2004718990068218DDB01' -> Floor '27'
[2026-07-15 13:29:38] Tag Change: ID '00E20047175FC068217A4701' -> Floor '27'
[2026-07-15 13:29:38] Tag flapping: suppressed 368 repeated tag-change log lines in the last 60s
[2026-07-15 13:30:37] Tag Change: ID '00E2004718990068218DDB01' -> Floor '27'
[2026-07-15 13:30:39] Tag Change: ID '00E20047175FC068217A4701' -> Floor '27'
[2026-07-15 13:30:39] Tag flapping: suppressed 394 repeated tag-change log lines in the last 60s
[2026-07-15 13:31:37] Tag Change: ID '00E2004718990068218DDB01' -> Floor '27'
[2026-07-15 13:31:39] Tag flapping: suppressed 402 repeated tag-change log lines in the last 60s
[2026-07-15 13:31:39] Tag Change: ID '00E20047175FC068217A4701' -> Floor '27'
[2026-07-15 13:32:38] Tag Change: ID '00E2004718990068218DDB01' -> Floor '27'
[2026-07-15 13:32:39] Tag Change: ID '00E20047175FC068217A4701' -> Floor '27'
[2026-07-15 13:32:39] Tag flapping: suppressed 414 repeated tag-change log lines in the last 60s
[2026-07-15 13:33:38] Tag Change: ID '00E2004718990068218DDB01' -> Floor '27'
[2026-07-15 13:33:39] Tag Change: ID '00E20047175FC068217A4701' -> Floor '27'
[2026-07-15 13:33:39] Tag flapping: suppressed 417 repeated tag-change log lines in the last 60s
[2026-07-15 13:34:38] Tag Change: ID '00E2004718990068218DDB01' -> Floor '27'
[2026-07-15 13:34:40] Tag Change: ID '00E20047175FC068217A4701' -> Floor '27'
[2026-07-15 13:34:40] Tag flapping: suppressed 421 repeated tag-change log lines in the last 60s
[2026-07-15 13:35:38] Tag Change: ID '00E2004718990068218DDB01' -> Floor '27'
[2026-07-15 13:35:40] Tag Change: ID '00E20047175FC068217A4701' -> Floor '27'
[2026-07-15 13:35:40] Tag flapping: suppressed 407 repeated tag-change log lines in the last 60s
[2026-07-15 13:36:39] Tag Change: ID '00E2004718990068218DDB01' -> Floor '27'
[2026-07-15 13:36:40] Tag Change: ID '00E20047175FC068217A4701' -> Floor '27'
[2026-07-15 13:36:40] Tag flapping: suppressed 422 repeated tag-change log lines in the last 60s
[2026-07-15 13:37:39] Tag Change: ID '00E2004718990068218DDB01' -> Floor '27'
[2026-07-15 13:37:40] Tag Change: ID '00E20047175FC068217A4701' -> Floor '27'
[2026-07-15 13:37:40] Tag flapping: suppressed 389 repeated tag-change log lines in the last 60s
[2026-07-15 13:38:39] Tag Change: ID '00E2004718990068218DDB01' -> Floor '27'
[2026-07-15 13:38:40] Tag Change: ID '00E20047175FC068217A4701' -> Floor '27'
[2026-07-15 13:38:41] Tag flapping: suppressed 408 repeated tag-change log lines in the last 60s
[2026-07-15 13:39:39] Tag Change: ID '00E2004718990068218DDB01' -> Floor '27'
[2026-07-15 13:39:40] Tag Change: ID '00E20047175FC068217A4701' -> Floor '27'
[2026-07-15 13:39:41] Tag flapping: suppressed 405 repeated tag-change log lines in the last 60s
[2026-07-15 13:40:40] Tag Change: ID '00E2004718990068218DDB01' -> Floor '27'
[2026-07-15 13:40:40] Tag Change: ID '00E20047175FC068217A4701' -> Floor '27'
[2026-07-15 13:40:41] Tag flapping: suppressed 396 repeated tag-change log lines in the last 60s
[2026-07-15 13:41:40] Tag Change: ID '00E2004718990068218DDB01' -> Floor '27'
[2026-07-15 13:41:40] Tag Change: ID '00E20047175FC068217A4701' -> Floor '27'
[2026-07-15 13:41:41] Tag flapping: suppressed 397 repeated tag-change log lines in the last 60s
[2026-07-15 13:42:40] Tag Change: ID '00E2004718990068218DDB01' -> Floor '27'
[2026-07-15 13:42:41] Tag Change: ID '00E20047175FC068217A4701' -> Floor '27'
[2026-07-15 13:42:41] Tag flapping: suppressed 394 repeated tag-change log lines in the last 60s
[2026-07-15 13:42:51] Tag Change: ID '00E20047175AC0682179F701' -> Floor '26'
[2026-07-15 13:42:51] Status Updated: Floor '26'
[2026-07-15 13:42:53] Tag Change: ID '00E20047177F3068217C3E01' -> Floor '25'
[2026-07-15 13:42:54] Tag Change: ID '00E2004718A0C068218E5701' -> Floor '24'
[2026-07-15 13:42:54] Tag Change: ID '00E2004717608068217A5301' -> Floor '24'
[2026-07-15 13:42:54] Status Updated: Floor '24'
[2026-07-15 13:42:55] Tag Change: ID '00E2004718A98068218EE301' -> Floor '23'
[2026-07-15 13:42:57] Tag Change: ID '00E2004718B87068218FD201' -> Floor '22'
[2026-07-15 13:42:58] Tag Change: ID '00E2004718BB706821900201' -> Floor '21'
[2026-07-15 13:42:58] Tag Change: ID '00E20047175F0068217A3B01' -> Floor '21'
[2026-07-15 13:42:58] Status Updated: Floor '21'
[2026-07-15 13:42:59] Tag Change: ID '00E20047179B8068217E0301' -> Floor '20'
[2026-07-15 13:42:59] Tag Change: ID '00E2004718BC306821900E01' -> Floor '20'
[2026-07-15 13:43:00] Status Updated: Floor '20'
[2026-07-15 13:43:01] Tag Change: ID '00E200471797C068217DC701' -> Floor '19'
[2026-07-15 13:43:02] Tag Change: ID '00E2004717AF0068217F3B01' -> Floor '18'
[2026-07-15 13:43:03] Tag Change: ID '00E2004717D4106821818C01' -> Floor '17'
[2026-07-15 13:43:03] Tag Change: ID '00E20047173A40682177EF01' -> Floor '17'
[2026-07-15 13:43:03] Status Updated: Floor '17'
[2026-07-15 13:43:05] Tag Change: ID '00E20047173FC06821784701' -> Floor '16'
[2026-07-15 13:43:06] Tag Change: ID '00E20047179A4068217DEF01' -> Floor '15'
[2026-07-15 13:43:07] Tag Change: ID '00E2004717DB506821820001' -> Floor '14'
[2026-07-15 13:43:07] Tag Change: ID '00E200471795C068217DA701' -> Floor '14'
[2026-07-15 13:43:08] Status Updated: Floor '14'
[2026-07-15 13:43:09] Tag Change: ID '00E20047179AC068217DF701' -> Floor '13'
[2026-07-15 13:43:10] Tag Change: ID '00E2004717DF906821824401' -> Floor '12'
[2026-07-15 13:43:12] Tag Change: ID '00E20047173800682177CB01' -> Floor '11'
[2026-07-15 13:43:12] Status Updated: Floor '11'
[2026-07-15 13:43:14] Tag Change: ID '00E2004718A08068218E5301' -> Floor '10'
[2026-07-15 13:43:14] Tag Change: ID '00E20047177B8068217C0301' -> Floor '10'
[2026-07-15 13:43:15] Status Updated: Floor '10'
[2026-07-15 13:43:30] Tag Change: ID '00E20047173F406821783F01' -> Floor '9'
[2026-07-15 13:43:32] Tag Change: ID '00E2004717940068217D8B01' -> Floor '8'
[2026-07-15 13:43:33] Tag Change: ID '00E20047177A4068217BEF01' -> Floor '7'
[2026-07-15 13:43:33] Tag Change: ID '00E20047179B0068217DFB01' -> Floor '7'
[2026-07-15 13:43:33] Status Updated: Floor '7'
[2026-07-15 13:43:35] Tag Change: ID '00E2004717B0C068217F5701' -> Floor '6'
[2026-07-15 13:43:36] Tag Change: ID '00E20047173A80682177F301' -> Floor '5'
[2026-07-15 13:43:40] Tag Change: ID '00E2004717834068217C7F01' -> Floor '3'
[2026-07-15 13:43:41] Status Updated: Floor '3'
[2026-07-15 13:43:58] Tag Change: ID '00E2004717D650682181B001' -> Floor '2'
[2026-07-15 13:43:58] Tag flapping: suppressed 140 repeated tag-change log lines in the last 76s
[2026-07-15 13:44:00] Tag Change: ID '00E20047173780682177C301' -> Floor '1'
[2026-07-15 13:44:01] Tag Change: ID '00E20047177F8068217C4301' -> Floor '0'
[2026-07-15 13:44:02] Status Updated: Floor '0'
[2026-07-15 13:44:03] Tag Change: ID '00E2004717818068217C6301' -> Floor '0'
[2026-07-15 13:44:04] Tag Change: ID '00E20047173F006821783B01' -> Floor '0'
[2026-07-15 13:45:09] Tag Change: ID '00E2004717818068217C6301' -> Floor '0'
[2026-07-15 13:45:09] Tag flapping: suppressed 114 repeated tag-change log lines in the last 65s
[2026-07-15 13:45:11] Tag Change: ID '00E20047177F8068217C4301' -> Floor '0'
[2026-07-15 13:45:12] Tag Change: ID '00E2004717E0506821825001' -> Floor '1'
[2026-07-15 13:45:13] Tag Change: ID '00E20047173B00682177FB01' -> Floor '2'
[2026-07-15 13:45:14] Status Updated: Floor '2'
[2026-07-15 13:45:15] Tag Change: ID '00E2004717834068217C7F01' -> Floor '3'
[2026-07-15 13:45:18] Tag Change: ID '00E20047173A80682177F301' -> Floor '5'
[2026-07-15 13:45:19] Tag Change: ID '00E2004717B0C068217F5701' -> Floor '6'
[2026-07-15 13:45:19] Status Updated: Floor '6'
[2026-07-15 13:45:20] Tag Change: ID '00E20047179B0068217DFB01' -> Floor '7'
[2026-07-15 13:45:22] Tag Change: ID '00E2004717ED906821832400' -> Floor '8'
[2026-07-15 13:45:22] Status Updated: Floor '8'
[2026-07-15 13:45:23] Tag Change: ID '00E2004717ED506821832001' -> Floor '9'
[2026-07-15 13:45:25] Tag Change: ID '00E20047177B8068217C0301' -> Floor '10'
[2026-07-15 13:45:26] Tag Change: ID '00E20047173800682177CB01' -> Floor '11'
[2026-07-15 13:45:26] Status Updated: Floor '11'
[2026-07-15 13:45:27] Tag Change: ID '00E20047173640682177AF01' -> Floor '12'
[2026-07-15 13:45:28] Status Updated: Floor '12'
[2026-07-15 13:45:29] Tag Change: ID '00E20047179AC068217DF701' -> Floor '13'
[2026-07-15 13:45:30] Tag Change: ID '00E2004717DB506821820001' -> Floor '14'
[2026-07-15 13:45:30] Tag Change: ID '00E200471795C068217DA701' -> Floor '14'
[2026-07-15 13:45:30] Status Updated: Floor '14'
[2026-07-15 13:45:31] Tag Change: ID '00E20047179A4068217DEF01' -> Floor '15'
[2026-07-15 13:45:33] Tag Change: ID '00E20047173FC06821784701' -> Floor '16'
[2026-07-15 13:45:33] Status Updated: Floor '16'
[2026-07-15 13:45:34] Tag Change: ID '00E20047173A40682177EF01' -> Floor '17'
[2026-07-15 13:45:34] Tag Change: ID '00E2004717D4106821818C01' -> Floor '17'
[2026-07-15 13:45:34] Status Updated: Floor '17'
[2026-07-15 13:45:38] Tag Change: ID '00E20047179B8068217E0301' -> Floor '20'
[2026-07-15 13:45:38] Tag Change: ID '00E2004718BC306821900E01' -> Floor '20'
[2026-07-15 13:45:38] Status Updated: Floor '20'
[2026-07-15 13:45:39] Tag Change: ID '00E2004718BB706821900201' -> Floor '21'
[2026-07-15 13:45:40] Status Updated: Floor '21'
[2026-07-15 13:45:41] Tag Change: ID '00E2004718B87068218FD201' -> Floor '22'
[2026-07-15 13:45:42] Tag Change: ID '00E2004718A98068218EE301' -> Floor '23'
[2026-07-15 13:45:43] Tag Change: ID '00E2004717608068217A5301' -> Floor '24'
[2026-07-15 13:45:44] Status Updated: Floor '24'
[2026-07-15 13:45:45] Tag Change: ID '00E20047177F3068217C3E01' -> Floor '25'
[2026-07-15 13:45:46] Tag Change: ID '00E20047175AC0682179F701' -> Floor '26'
[2026-07-15 13:45:46] Tag Change: ID '00E200471894C068218D9701' -> Floor '26'
[2026-07-15 13:45:47] Status Updated: Floor '26'
[2026-07-15 13:45:49] Tag Change: ID '00E2004718990068218DDB01' -> Floor '27'
[2026-07-15 13:45:49] Status Updated: Floor '27'
[2026-07-15 13:45:49] Tag Change: ID '00E200471899006821' -> Floor 'Unknown'
[2026-07-15 13:45:50] Tag Change: ID '00E20047175FC068217A4701' -> Floor '27'
[2026-07-15 13:46:49] Tag Change: ID '00E2004718990068218DDB01' -> Floor '27'
[2026-07-15 13:46:50] Tag flapping: suppressed 408 repeated tag-change log lines in the last 60s
[2026-07-15 13:46:50] Tag Change: ID '00E20047175FC068217A4701' -> Floor '27'
[2026-07-15 13:47:50] Tag flapping: suppressed 411 repeated tag-change log lines in the last 60s
[2026-07-15 13:47:50] Tag Change: ID '00E2004718990068218DDB01' -> Floor '27'
[2026-07-15 13:47:50] Tag Change: ID '00E20047175FC068217A4701' -> Floor '27'
[2026-07-15 13:48:50] Tag Change: ID '00E2004718990068218DDB01' -> Floor '27'
[2026-07-15 13:48:50] Tag flapping: suppressed 410 repeated tag-change log lines in the last 60s
[2026-07-15 13:48:50] Tag Change: ID '00E20047175FC068217A4701' -> Floor '27'
[2026-07-15 13:49:50] Tag Change: ID '00E2004718990068218DDB01' -> Floor '27'
[2026-07-15 13:49:51] Tag flapping: suppressed 424 repeated tag-change log lines in the last 60s
[2026-07-15 13:49:51] Tag Change: ID '00E20047175FC068217A4701' -> Floor '27'
[2026-07-15 13:50:50] Tag Change: ID '00E2004718990068218DDB01' -> Floor '27'
[2026-07-15 13:50:51] Tag flapping: suppressed 394 repeated tag-change log lines in the last 60s
[2026-07-15 13:50:51] Tag Change: ID '00E20047175FC068217A4701' -> Floor '27'
[2026-07-15 13:51:50] Tag Change: ID '00E2004718990068218DDB01' -> Floor '27'
[2026-07-15 13:51:51] Tag flapping: suppressed 422 repeated tag-change log lines in the last 60s
[2026-07-15 13:51:51] Tag Change: ID '00E20047175FC068217A4701' -> Floor '27'
[2026-07-15 13:52:50] Tag Change: ID '00E2004718990068218DDB01' -> Floor '27'
[2026-07-15 13:52:51] Tag Change: ID '00E20047175FC068217A4701' -> Floor '27'
[2026-07-15 13:52:52] Tag flapping: suppressed 411 repeated tag-change log lines in the last 60s
[2026-07-15 13:53:51] Tag Change: ID '00E2004718990068218DDB01' -> Floor '27'
[2026-07-15 13:53:51] Tag Change: ID '00E20047175FC068217A4701' -> Floor '27'
[2026-07-15 13:53:53] Tag flapping: suppressed 411 repeated tag-change log lines in the last 60s
[2026-07-15 13:54:51] Tag Change: ID '00E2004718990068218DDB01' -> Floor '27'
[2026-07-15 13:54:52] Tag Change: ID '00E20047175FC068217A4701' -> Floor '27'
[2026-07-15 13:54:53] Tag flapping: suppressed 385 repeated tag-change log lines in the last 60s
[2026-07-15 13:55:51] Tag Change: ID '00E2004718990068218DDB01' -> Floor '27'
[2026-07-15 13:55:52] Tag Change: ID '00E20047175FC068217A4701' -> Floor '27'
[2026-07-15 13:55:54] Tag flapping: suppressed 371 repeated tag-change log lines in the last 60s
[2026-07-15 13:56:14] Tag Change: ID '00E20047189BC068218E0701' -> Floor '27'
[2026-07-15 13:56:15] Tag Change: ID '00E200471894C068218D9701' -> Floor '26'
[2026-07-15 13:56:16] Tag Change: ID '00E20047189CC068218E1701' -> Floor '25'
[2026-07-15 13:56:16] Tag Change: ID '00E20047177F3068217C3E01' -> Floor '25'
[2026-07-15 13:56:16] Status Updated: Floor '25'
[2026-07-15 13:56:17] Tag Change: ID '00E2004717608068217A5301' -> Floor '24'
[2026-07-15 13:56:19] Tag Change: ID '00E2004718A98068218EE301' -> Floor '23'
[2026-07-15 13:56:19] Tag Change: ID '00E2004717644068217A8F01' -> Floor '23'
[2026-07-15 13:56:19] Status Updated: Floor '23'
[2026-07-15 13:56:20] Tag Change: ID '00E20047175800682179CB01' -> Floor '22'
[2026-07-15 13:56:21] Tag Change: ID '00E20047175F0068217A3B01' -> Floor '21'
[2026-07-15 13:56:22] Tag Change: ID '00E2004718BB706821900201' -> Floor '21'
[2026-07-15 13:56:22] Status Updated: Floor '21'
[2026-07-15 13:56:23] Tag Change: ID '00E20047179B8068217E0301' -> Floor '20'
[2026-07-15 13:56:23] Status Updated: Floor '20'
[2026-07-15 13:56:24] Tag Change: ID '00E200471797C068217DC701' -> Floor '19'
[2026-07-15 13:56:25] Tag Change: ID '00E2004717AF0068217F3B01' -> Floor '18'
[2026-07-15 13:56:27] Tag Change: ID '00E2004717D4106821818C01' -> Floor '17'
[2026-07-15 13:56:28] Tag Change: ID '00E20047173FC06821784701' -> Floor '16'
[2026-07-15 13:56:29] Tag Change: ID '00E20047179A4068217DEF01' -> Floor '15'
[2026-07-15 13:56:30] Status Updated: Floor '15'
[2026-07-15 13:56:31] Tag Change: ID '00E200471795C068217DA701' -> Floor '14'
[2026-07-15 13:56:32] Tag Change: ID '00E20047179AC068217DF701' -> Floor '13'
[2026-07-15 13:56:34] Tag Change: ID '00E20047173640682177AF01' -> Floor '12'
[2026-07-15 13:56:34] Tag Change: ID '00E2004717DF906821824401' -> Floor '12'
[2026-07-15 13:56:34] Status Updated: Floor '12'
[2026-07-15 13:56:35] Tag Change: ID '00E20047173800682177CB01' -> Floor '11'
[2026-07-15 13:56:35] Status Updated: Floor '11'
[2026-07-15 13:56:36] Tag Change: ID '00E20047177B8068217C0301' -> Floor '10'
[2026-07-15 13:56:38] Tag Change: ID '00E20047173F406821783F01' -> Floor '9'
[2026-07-15 13:56:38] Status Updated: Floor '9'
[2026-07-15 13:56:38] Tag Change: ID '00E2004717EB10682182FC01' -> Floor '9'
[2026-07-15 13:56:39] Tag Change: ID '00E2004717940068217D8B01' -> Floor '8'
[2026-07-15 13:56:39] Status Updated: Floor '8'
[2026-07-15 13:56:41] Tag Change: ID '00E20047179B0068217DFB01' -> Floor '7'
[2026-07-15 13:56:42] Tag Change: ID '00E2004717B0C068217F5701' -> Floor '6'
[2026-07-15 13:56:43] Tag Change: ID '00E20047173A80682177F301' -> Floor '5'
[2026-07-15 13:56:45] Tag Change: ID '00E20047177FC068217C4701' -> Floor '4'
[2026-07-15 13:56:46] Tag Change: ID '00E2004717834068217C7F01' -> Floor '3'
[2026-07-15 13:56:47] Tag Change: ID '00E20047173B00682177FB01' -> Floor '2'
[2026-07-15 13:56:49] Tag Change: ID '00E2004717E0506821825001' -> Floor '1'
[2026-07-15 13:56:49] Status Updated: Floor '1'
[2026-07-15 13:56:50] Tag Change: ID '00E20047177F8068217C4301' -> Floor '0'
[2026-07-15 13:56:51] Tag Change: ID '00E20047173F006821783B01' -> Floor '0'
[2026-07-15 13:56:52] Status Updated: Floor '0'
[2026-07-15 13:58:16] Tag Change: ID '00E2004717818068217C6301' -> Floor '0'
[2026-07-15 13:58:16] Tag flapping: suppressed 132 repeated tag-change log lines in the last 141s
[2026-07-15 13:58:16] Tag Change: ID '00E20047173F006821783B01' -> Floor '0'
[2026-07-15 13:58:32] Tag Change: ID '00E20047177F8068217C4301' -> Floor '0'
[2026-07-15 13:58:33] Tag Change: ID '00E20047173780682177C301' -> Floor '1'
[2026-07-15 13:58:34] Tag Change: ID '00E20047173B00682177FB01' -> Floor '2'
[2026-07-15 13:58:34] Tag Change: ID '00E2004717D650682181B001' -> Floor '2'
[2026-07-15 13:58:35] Status Updated: Floor '2'
[2026-07-15 13:58:36] Tag Change: ID '00E2004717834068217C7F01' -> Floor '3'
[2026-07-15 13:58:37] Tag Change: ID '00E20047173CC06821781701' -> Floor '4'
[2026-07-15 13:58:37] Tag Change: ID '00E20047177FC068217C4701' -> Floor '4'
[2026-07-15 13:58:37] Status Updated: Floor '4'
[2026-07-15 13:58:39] Tag Change: ID '00E20047173A80682177F301' -> Floor '5'
[2026-07-15 13:58:40] Tag Change: ID '00E2004717B0C068217F5701' -> Floor '6'
[2026-07-15 13:58:41] Tag Change: ID '00E20047179B0068217DFB01' -> Floor '7'
[2026-07-15 13:58:42] Status Updated: Floor '7'
[2026-07-15 13:58:43] Tag Change: ID '00E2004717940068217D8B01' -> Floor '8'
[2026-07-15 13:58:43] Status Updated: Floor '8'
[2026-07-15 13:58:44] Tag Change: ID '00E20047173F406821783F01' -> Floor '9'
[2026-07-15 13:58:45] Tag Change: ID '00E2004718A08068218E5301' -> Floor '10'
[2026-07-15 13:58:46] Status Updated: Floor '10'
[2026-07-15 13:58:47] Tag Change: ID '00E20047173800682177CB01' -> Floor '11'
[2026-07-15 13:58:48] Tag Change: ID '00E20047173640682177AF01' -> Floor '12'
[2026-07-15 13:58:49] Status Updated: Floor '12'
[2026-07-15 13:58:50] Tag Change: ID '00E20047179AC068217DF701' -> Floor '13'
[2026-07-15 13:58:51] Tag Change: ID '00E200471795C068217DA701' -> Floor '14'
[2026-07-15 13:58:51] Tag Change: ID '00E2004717DB506821820001' -> Floor '14'
[2026-07-15 13:58:51] Status Updated: Floor '14'
[2026-07-15 13:58:52] Tag Change: ID '00E20047179A4068217DEF01' -> Floor '15'
[2026-07-15 13:58:53] Status Updated: Floor '15'
[2026-07-15 13:58:53] Tag Change: ID '00E2004717DAD0682181F801' -> Floor '16'
[2026-07-15 13:58:54] Tag Change: ID '00E20047173FC06821784701' -> Floor '16'
[2026-07-15 13:58:54] Status Updated: Floor '16'
[2026-07-15 13:58:55] Tag Change: ID '00E20047173A40682177EF01' -> Floor '17'
[2026-07-15 13:58:57] Tag Change: ID '00E2004718A5C068218EA701' -> Floor '18'
[2026-07-15 13:58:58] Tag Change: ID '00E2004718C1706821906201' -> Floor '19'
[2026-07-15 13:58:58] Status Updated: Floor '19'
[2026-07-15 13:58:59] Tag Change: ID '00E2004718BC306821900E01' -> Floor '20'
[2026-07-15 13:59:00] Tag Change: ID '00E2004718BB706821900201' -> Floor '21'
[2026-07-15 13:59:00] Tag Change: ID '00E20047175F0068217A3B01' -> Floor '21'
[2026-07-15 13:59:01] Status Updated: Floor '21'
[2026-07-15 13:59:03] Tag Change: ID '00E2004717644068217A8F01' -> Floor '23'
[2026-07-15 13:59:03] Status Updated: Floor '23'
[2026-07-15 13:59:04] Tag Change: ID '00E2004717608068217A5301' -> Floor '24'
[2026-07-15 13:59:04] Tag Change: ID '00E2004718A0C068218E5701' -> Floor '24'
[2026-07-15 13:59:05] Status Updated: Floor '24'
[2026-07-15 13:59:06] Tag Change: ID '00E20047177F3068217C3E01' -> Floor '25'
[2026-07-15 13:59:07] Tag Change: ID '00E20047175AC0682179F701' -> Floor '26'
[2026-07-15 13:59:08] Status Updated: Floor '26'
[2026-07-15 13:59:08] Tag Change: ID '00E20047189BC068218E0701' -> Floor '27'
[2026-07-15 13:59:10] Tag Change: ID '00E2004718990068218DDB01' -> Floor '27'
[2026-07-15 13:59:10] Status Updated: Floor '27'
[2026-07-15 13:59:10] Tag Change: ID '00E20047175FC068217A4701' -> Floor '27'
[2026-07-15 13:59:16] Tag flapping: suppressed 130 repeated tag-change log lines in the last 60s
[2026-07-15 13:59:46] Tag Change: ID '00E200471894C068218D9701' -> Floor '26'
[2026-07-15 13:59:47] Status Updated: Floor '26'
[2026-07-15 14:00:07] Tag Change: ID '00E20047175AC0682179F701' -> Floor '26'
[2026-07-15 14:00:16] Tag flapping: suppressed 398 repeated tag-change log lines in the last 60s
[2026-07-15 14:00:37] Tag Change: ID '00E20047175FC068217A4701' -> Floor '27'
[2026-07-15 14:00:38] Tag Change: ID '00E2004718990068218DDB01' -> Floor '27'
[2026-07-15 14:00:38] Status Updated: Floor '27'
[2026-07-15 14:01:16] Tag flapping: suppressed 377 repeated tag-change log lines in the last 60s
[2026-07-15 14:01:38] Tag Change: ID '00E20047175FC068217A4701' -> Floor '27'
[2026-07-15 14:01:38] Tag Change: ID '00E2004718990068218DDB01' -> Floor '27'
[2026-07-15 14:02:16] Tag flapping: suppressed 397 repeated tag-change log lines in the last 60s
[2026-07-15 14:02:38] Tag Change: ID '00E20047175FC068217A4701' -> Floor '27'
[2026-07-15 14:02:38] Tag Change: ID '00E2004718990068218DDB01' -> Floor '27'
[2026-07-15 14:03:17] Tag flapping: suppressed 404 repeated tag-change log lines in the last 60s
[2026-07-15 14:03:38] Tag Change: ID '00E20047175FC068217A4701' -> Floor '27'
[2026-07-15 14:03:38] Tag Change: ID '00E2004718990068218DDB01' -> Floor '27'
[2026-07-15 14:04:17] Tag flapping: suppressed 393 repeated tag-change log lines in the last 60s
[2026-07-15 14:04:38] Tag Change: ID '00E2004718990068218DDB01' -> Floor '27'
[2026-07-15 14:04:39] Tag Change: ID '00E20047175FC068217A4701' -> Floor '27'
[2026-07-15 14:05:18] Tag flapping: suppressed 396 repeated tag-change log lines in the last 60s
[2026-07-15 14:05:39] Tag Change: ID '00E2004718990068218DDB01' -> Floor '27'
[2026-07-15 14:05:39] Tag Change: ID '00E20047175FC068217A4701' -> Floor '27'
[2026-07-15 14:06:18] Tag flapping: suppressed 398 repeated tag-change log lines in the last 60s
[2026-07-15 14:06:39] Tag Change: ID '00E20047175FC068217A4701' -> Floor '27'
[2026-07-15 14:06:39] Tag Change: ID '00E2004718990068218DDB01' -> Floor '27'
[2026-07-15 14:07:18] Tag flapping: suppressed 405 repeated tag-change log lines in the last 60s
[2026-07-15 14:07:39] Tag Change: ID '00E2004718990068218DDB01' -> Floor '27'
[2026-07-15 14:07:40] Tag Change: ID '00E20047175FC068217A4701' -> Floor '27'
[2026-07-15 14:08:18] Tag flapping: suppressed 398 repeated tag-change log lines in the last 60s
[2026-07-15 14:08:40] Tag Change: ID '00E2004718990068218DDB01' -> Floor '27'
[2026-07-15 14:08:40] Tag Change: ID '00E20047175FC068217A4701' -> Floor '27'
[2026-07-15 14:08:51] Tag Change: ID '00E20047175AC0682179F701' -> Floor '26'
[2026-07-15 14:08:51] Status Updated: Floor '26'
[2026-07-15 14:08:54] Tag Change: ID '00E2004717608068217A5301' -> Floor '24'
[2026-07-15 14:08:54] Status Updated: Floor '24'
[2026-07-15 14:08:55] Tag Change: ID '00E2004717644068217A8F01' -> Floor '23'
[2026-07-15 14:08:55] Status Updated: Floor '23'
[2026-07-15 14:08:58] Tag Change: ID '00E2004718BB706821900201' -> Floor '21'
[2026-07-15 14:08:58] Status Updated: Floor '21'
[2026-07-15 14:08:59] Tag Change: ID '00E20047179B8068217E0301' -> Floor '20'
[2026-07-15 14:08:59] Tag Change: ID '00E2004718BC306821900E01' -> Floor '20'
[2026-07-15 14:08:59] Status Updated: Floor '20'
[2026-07-15 14:09:00] Tag Change: ID '00E200471797C068217DC701' -> Floor '19'
[2026-07-15 14:09:00] Tag Change: ID '00E2004718C1706821906201' -> Floor '19'
[2026-07-15 14:09:00] Status Updated: Floor '19'
[2026-07-15 14:09:01] Tag Change: ID '00E2004718A5C068218EA701' -> Floor '18'
[2026-07-15 14:09:03] Tag Change: ID '00E2004717D4106821818C01' -> Floor '17'
[2026-07-15 14:09:04] Tag Change: ID '00E20047173FC06821784701' -> Floor '16'
[2026-07-15 14:09:04] Status Updated: Floor '16'
[2026-07-15 14:09:06] Tag Change: ID '00E20047179A4068217DEF01' -> Floor '15'
[2026-07-15 14:09:06] Status Updated: Floor '15'
[2026-07-15 14:09:07] Tag Change: ID '00E2004717DB506821820001' -> Floor '14'
[2026-07-15 14:09:08] Tag Change: ID '00E20047179AC068217DF701' -> Floor '13'
[2026-07-15 14:09:10] Tag Change: ID '00E20047173640682177AF01' -> Floor '12'
[2026-07-15 14:09:11] Tag Change: ID '00E20047173800682177CB01' -> Floor '11'
[2026-07-15 14:09:14] Tag Change: ID '00E20047173F406821783F01' -> Floor '9'
[2026-07-15 14:09:15] Tag Change: ID '00E2004717ED906821832400' -> Floor '8'
[2026-07-15 14:09:17] Tag Change: ID '00E20047179B0068217DFB01' -> Floor '7'
[2026-07-15 14:09:18] Tag Change: ID '00E2004717B0C068217F5701' -> Floor '6'
[2026-07-15 14:09:19] Tag Change: ID '00E200471783C068217C8701' -> Floor '5'
[2026-07-15 14:09:19] Tag flapping: suppressed 209 repeated tag-change log lines in the last 61s
[2026-07-15 14:09:21] Status Updated: Floor '5'
[2026-07-15 14:09:21] Tag Change: ID '00E20047173CC06821781701' -> Floor '4'
[2026-07-15 14:09:22] Tag Change: ID '00E2004717834068217C7F01' -> Floor '3'
[2026-07-15 14:09:24] Tag Change: ID '00E2004717D650682181B001' -> Floor '2'
[2026-07-15 14:09:24] Tag Change: ID '00E20047173B00682177FB01' -> Floor '2'
[2026-07-15 14:09:24] Status Updated: Floor '2'
[2026-07-15 14:09:25] Tag Change: ID '00E2004717E0506821825001' -> Floor '1'
[2026-07-15 14:09:26] Tag Change: ID '00E20047177F8068217C4301' -> Floor '0'
[2026-07-15 14:09:27] Status Updated: Floor '0'
[2026-07-15 14:09:29] Tag Change: ID '00E2004717818068217C6301' -> Floor '0'
[2026-07-15 14:09:29] Tag Change: ID '00E20047173F006821783B01' -> Floor '0'
[2026-07-15 14:09:52] Status Updated: Floor '1'
[2026-07-15 14:09:53] Status Updated: Floor '2'
[2026-07-15 14:09:54] Status Updated: Floor '3'
[2026-07-15 14:09:57] Status Updated: Floor '5'
[2026-07-15 14:10:00] Status Updated: Floor '6'
[2026-07-15 14:10:00] Tag Change: ID '00E2004717850068217C9B01' -> Floor '6'
[2026-07-15 14:10:18] Tag Change: ID '00E2004717B0C068217F5701' -> Floor '6'
[2026-07-15 14:10:36] Tag flapping: suppressed 131 repeated tag-change log lines in the last 67s
[2026-07-15 14:10:45] Tag Change: ID '00E200471783C068217C8701' -> Floor '5'
[2026-07-15 14:10:45] Tag Change: ID '00E20047173A80682177F301' -> Floor '5'
[2026-07-15 14:10:45] Status Updated: Floor '5'
[2026-07-15 14:10:46] Tag Change: ID '00E20047173CC06821781701' -> Floor '4'
[2026-07-15 14:10:46] Tag Change: ID '00E20047177FC068217C4701' -> Floor '4'
[2026-07-15 14:10:46] Status Updated: Floor '4'
[2026-07-15 14:10:49] Tag Change: ID '00E2004717D650682181B001' -> Floor '2'
[2026-07-15 14:10:49] Status Updated: Floor '2'
[2026-07-15 14:10:50] Tag Change: ID '00E2004717E0506821825001' -> Floor '1'
[2026-07-15 14:10:52] Tag Change: ID '00E20047177F8068217C4301' -> Floor '0'
[2026-07-15 14:10:52] Status Updated: Floor '0'
[2026-07-15 14:10:53] Tag Change: ID '00E2004717818068217C6301' -> Floor '0'
[2026-07-15 14:11:17] Tag Change: ID '00E20047173F006821783B01' -> Floor '0'
[2026-07-15 14:12:43] Tag Change: ID '00E2004717818068217C6301' -> Floor '0'
[2026-07-15 14:12:43] Tag flapping: suppressed 2 repeated tag-change log lines in the last 126s
[2026-07-15 14:13:43] Tag Change: ID '00E20047173F006821783B01' -> Floor '0'
[2026-07-15 14:13:45] Tag Change: ID '00E20047177F8068217C4301' -> Floor '0'
[2026-07-15 14:13:46] Tag Change: ID '00E2004717E0506821825001' -> Floor '1'
[2026-07-15 14:13:49] Tag Change: ID '00E20047173B00682177FB01' -> Floor '2'
[2026-07-15 14:13:49] Tag Change: ID '00E2004717D650682181B001' -> Floor '2'
[2026-07-15 14:13:49] Status Updated: Floor '2'
[2026-07-15 14:14:07] Status Updated: Floor '1'
[2026-07-15 14:14:09] Status Updated: Floor '0'
[2026-07-15 14:15:05] Tag Change: ID '00E2004717818068217C6301' -> Floor '0'
[2026-07-15 14:15:05] Tag flapping: suppressed 104 repeated tag-change log lines in the last 76s
[2026-07-15 14:15:07] Tag Change: ID '00E20047177F8068217C4301' -> Floor '0'
[2026-07-15 14:15:08] Tag Change: ID '00E2004717E0506821825001' -> Floor '1'
[2026-07-15 14:15:09] Tag Change: ID '00E2004717D650682181B001' -> Floor '2'
[2026-07-15 14:15:09] Tag Change: ID '00E20047173B00682177FB01' -> Floor '2'
[2026-07-15 14:15:10] Status Updated: Floor '2'
[2026-07-15 14:15:11] Tag Change: ID '00E2004717834068217C7F01' -> Floor '3'
[2026-07-15 14:15:12] Tag Change: ID '00E20047173CC06821781701' -> Floor '4'
[2026-07-15 14:15:14] Tag Change: ID '00E20047173A80682177F301' -> Floor '5'
[2026-07-15 14:15:15] Tag Change: ID '00E2004717B0C068217F5701' -> Floor '6'
[2026-07-15 14:15:16] Tag Change: ID '00E20047179B0068217DFB01' -> Floor '7'
[2026-07-15 14:15:18] Tag Change: ID '00E2004717940068217D8B01' -> Floor '8'
[2026-07-15 14:15:19] Tag Change: ID '00E2004717ED506821832001' -> Floor '9'
[2026-07-15 14:15:19] Status Updated: Floor '9'
[2026-07-15 14:15:20] Tag Change: ID '00E20047177B8068217C0301' -> Floor '10'
[2026-07-15 14:15:22] Tag Change: ID '00E20047173800682177CB01' -> Floor '11'
[2026-07-15 14:15:22] Status Updated: Floor '11'
[2026-07-15 14:15:23] Tag Change: ID '00E20047173640682177AF01' -> Floor '12'
[2026-07-15 14:15:23] Status Updated: Floor '12'
[2026-07-15 14:15:25] Tag Change: ID '00E20047179AC068217DF701' -> Floor '13'
[2026-07-15 14:15:25] Status Updated: Floor '13'
[2026-07-15 14:15:26] Tag Change: ID '00E200471795C068217DA701' -> Floor '14'
[2026-07-15 14:15:27] Tag Change: ID '00E20047179A4068217DEF01' -> Floor '15'
[2026-07-15 14:15:29] Tag Change: ID '00E20047173FC06821784701' -> Floor '16'
[2026-07-15 14:15:29] Tag Change: ID '00E2004717D890682181D401' -> Floor '16'
[2026-07-15 14:15:29] Status Updated: Floor '16'
[2026-07-15 14:15:30] Tag Change: ID '00E2004717D4106821818C01' -> Floor '17'
[2026-07-15 14:15:31] Tag Change: ID '00E2004718A5C068218EA701' -> Floor '18'
[2026-07-15 14:15:33] Tag Change: ID '00E2004718C1706821906201' -> Floor '19'
[2026-07-15 14:15:33] Tag Change: ID '00E200471797C068217DC701' -> Floor '19'
[2026-07-15 14:15:33] Status Updated: Floor '19'
[2026-07-15 14:15:34] Tag Change: ID '00E20047179B8068217E0301' -> Floor '20'
[2026-07-15 14:15:34] Status Updated: Floor '20'
[2026-07-15 14:15:35] Tag Change: ID '00E2004718BB706821900201' -> Floor '21'
[2026-07-15 14:15:37] Tag Change: ID '00E2004718B87068218FD201' -> Floor '22'
[2026-07-15 14:15:38] Tag Change: ID '00E2004717644068217A8F01' -> Floor '23'
[2026-07-15 14:15:38] Status Updated: Floor '23'
[2026-07-15 14:15:39] Tag Change: ID '00E2004717608068217A5301' -> Floor '24'
[2026-07-15 14:15:40] Status Updated: Floor '24'
[2026-07-15 14:15:41] Tag Change: ID '00E20047177F3068217C3E01' -> Floor '25'
[2026-07-15 14:15:42] Tag Change: ID '00E20047175AC0682179F701' -> Floor '26'
[2026-07-15 14:15:42] Tag Change: ID '00E200471894C068218D9701' -> Floor '26'
[2026-07-15 14:15:42] Status Updated: Floor '26'
[2026-07-15 14:15:43] Tag Change: ID '00E20047189BC068218E0701' -> Floor '27'
[2026-07-15 14:15:45] Tag Change: ID '00E2004718990068218DDB01' -> Floor '27'
[2026-07-15 14:15:45] Status Updated: Floor '27'
[2026-07-15 14:15:45] Tag Change: ID '00E20047175FC068217A4701' -> Floor '27'
[2026-07-15 14:16:19] Status Updated: Floor '26'
[2026-07-15 14:16:22] Tag Change: ID '00E2004718A0C068218E5701' -> Floor '24'
[2026-07-15 14:16:23] Tag Change: ID '00E2004718A98068218EE301' -> Floor '23'
[2026-07-15 14:16:23] Status Updated: Floor '23'
[2026-07-15 14:16:26] Tag Change: ID '00E20047175F0068217A3B01' -> Floor '21'
[2026-07-15 14:16:26] Status Updated: Floor '21'
[2026-07-15 14:16:27] Tag Change: ID '00E2004718BC306821900E01' -> Floor '20'
[2026-07-15 14:16:29] Status Updated: Floor '19'
[2026-07-15 14:16:31] Tag Change: ID '00E2004717D4106821818C01' -> Floor '17'
[2026-07-15 14:16:32] Tag Change: ID '00E20047173FC06821784701' -> Floor '16'
[2026-07-15 14:16:33] Tag Change: ID '00E2004717DAD0682181F801' -> Floor '16'
[2026-07-15 14:16:33] Status Updated: Floor '16'
[2026-07-15 14:16:34] Tag Change: ID '00E20047179A4068217DEF01' -> Floor '15'
[2026-07-15 14:16:34] Status Updated: Floor '15'
[2026-07-15 14:16:35] Tag Change: ID '00E200471795C068217DA701' -> Floor '14'
[2026-07-15 14:16:36] Status Updated: Floor '14'
[2026-07-15 14:16:38] Tag Change: ID '00E2004717DF906821824401' -> Floor '12'
[2026-07-15 14:16:38] Tag Change: ID '00E20047173640682177AF01' -> Floor '12'
[2026-07-15 14:16:38] Status Updated: Floor '12'
[2026-07-15 14:16:39] Tag Change: ID '00E20047173800682177CB01' -> Floor '11'
[2026-07-15 14:16:41] Tag Change: ID '00E2004718A08068218E5301' -> Floor '10'
[2026-07-15 14:16:41] Status Updated: Floor '10'
[2026-07-15 14:16:42] Tag Change: ID '00E20047173F406821783F01' -> Floor '9'
[2026-07-15 14:16:43] Tag Change: ID '00E2004717940068217D8B01' -> Floor '8'
[2026-07-15 14:16:45] Tag Change: ID '00E20047177A4068217BEF01' -> Floor '7'
[2026-07-15 14:16:46] Tag Change: ID '00E2004717B0C068217F5701' -> Floor '6'
[2026-07-15 14:16:46] Tag flapping: suppressed 217 repeated tag-change log lines in the last 61s
[2026-07-15 14:16:48] Tag Change: ID '00E20047173A80682177F301' -> Floor '5'
[2026-07-15 14:16:49] Tag Change: ID '00E20047177FC068217C4701' -> Floor '4'
[2026-07-15 14:16:50] Tag Change: ID '00E2004717834068217C7F01' -> Floor '3'
[2026-07-15 14:16:52] Tag Change: ID '00E20047173B00682177FB01' -> Floor '2'
[2026-07-15 14:16:52] Tag Change: ID '00E2004717D650682181B001' -> Floor '2'
[2026-07-15 14:16:52] Status Updated: Floor '2'
[2026-07-15 14:16:53] Tag Change: ID '00E2004717E0506821825001' -> Floor '1'
[2026-07-15 14:16:54] Tag Change: ID '00E20047177F8068217C4301' -> Floor '0'
[2026-07-15 14:16:56] Tag Change: ID '00E2004717818068217C6301' -> Floor '0'
[2026-07-15 14:16:56] Status Updated: Floor '0'
[2026-07-15 14:18:02] Tag Change: ID '00E20047173780682177C301' -> Floor '1'
[2026-07-15 14:18:04] Tag Change: ID '00E20047173B00682177FB01' -> Floor '2'
[2026-07-15 14:18:05] Tag Change: ID '00E2004717834068217C7F01' -> Floor '3'
[2026-07-15 14:18:06] Tag Change: ID '00E20047177FC068217C4701' -> Floor '4'
[2026-07-15 14:18:08] Tag Change: ID '00E20047173A80682177F301' -> Floor '5'
[2026-07-15 14:18:09] Tag Change: ID '00E2004717B0C068217F5701' -> Floor '6'
[2026-07-15 14:18:10] Tag Change: ID '00E20047179B0068217DFB01' -> Floor '7'
[2026-07-15 14:18:12] Tag Change: ID '00E2004717940068217D8B01' -> Floor '8'
[2026-07-15 14:18:12] Status Updated: Floor '8'
[2026-07-15 14:18:13] Tag Change: ID '00E2004717ED506821832001' -> Floor '9'
[2026-07-15 14:18:15] Tag Change: ID '00E2004718A08068218E5301' -> Floor '10'
[2026-07-15 14:18:16] Tag Change: ID '00E20047173800682177CB01' -> Floor '11'
[2026-07-15 14:18:17] Tag Change: ID '00E2004717DF906821824401' -> Floor '12'
[2026-07-15 14:18:17] Tag Change: ID '00E20047173640682177AF01' -> Floor '12'
[2026-07-15 14:18:18] Status Updated: Floor '12'
[2026-07-15 14:18:19] Tag Change: ID '00E20047179AC068217DF701' -> Floor '13'
[2026-07-15 14:18:20] Tag Change: ID '00E200471795C068217DA701' -> Floor '14'
[2026-07-15 14:18:21] Tag Change: ID '00E20047179A4068217DEF01' -> Floor '15'
[2026-07-15 14:18:22] Status Updated: Floor '15'
[2026-07-15 14:18:23] Tag Change: ID '00E2004717D890682181D401' -> Floor '16'
[2026-07-15 14:18:23] Status Updated: Floor '16'
[2026-07-15 14:18:24] Tag Change: ID '00E2004717D4106821818C01' -> Floor '17'
[2026-07-15 14:18:26] Tag Change: ID '00E2004717AF0068217F3B01' -> Floor '18'
[2026-07-15 14:18:26] Tag flapping: suppressed 1 repeated tag-change log lines in the last 60s
[2026-07-15 14:18:27] Tag Change: ID '00E200471797C068217DC701' -> Floor '19'
[2026-07-15 14:18:27] Tag Change: ID '00E2004718C1706821906201' -> Floor '19'
[2026-07-15 14:18:27] Status Updated: Floor '19'
[2026-07-15 14:18:28] Tag Change: ID '00E2004718BC306821900E01' -> Floor '20'
[2026-07-15 14:18:28] Tag Change: ID '00E20047179B8068217E0301' -> Floor '20'
[2026-07-15 14:18:28] Status Updated: Floor '20'
[2026-07-15 14:18:30] Tag Change: ID '00E2004718BB706821900201' -> Floor '21'
[2026-07-15 14:18:30] Status Updated: Floor '21'
[2026-07-15 14:18:31] Tag Change: ID '00E2004718B87068218FD201' -> Floor '22'
[2026-07-15 14:18:32] Tag Change: ID '00E2004717644068217A8F01' -> Floor '23'
[2026-07-15 14:18:32] Status Updated: Floor '23'
[2026-07-15 14:18:34] Tag Change: ID '00E2004717608068217A5301' -> Floor '24'
[2026-07-15 14:18:35] Tag Change: ID '00E20047177F3068217C3E01' -> Floor '25'
[2026-07-15 14:18:36] Tag Change: ID '00E20047175AC0682179F701' -> Floor '26'
[2026-07-15 14:18:37] Status Updated: Floor '26'
[2026-07-15 14:18:39] Tag Change: ID '00E2004718990068218DDB01' -> Floor '27'
[2026-07-15 14:18:39] Status Updated: Floor '27'
[2026-07-15 14:18:40] Tag Change: ID '00E20047175FC068217A4701' -> Floor '27'
[2026-07-15 14:19:39] Tag Change: ID '00E2004718990068218DDB01' -> Floor '27'
[2026-07-15 14:19:40] Tag Change: ID '00E20047175FC068217A4701' -> Floor '27'
[2026-07-15 14:19:40] Tag flapping: suppressed 390 repeated tag-change log lines in the last 60s
[2026-07-15 14:19:58] Tag Change: ID '00E20047189BC068218E0701' -> Floor '27'
[2026-07-15 14:20:00] Tag Change: ID '00E20047175AC0682179F701' -> Floor '26'
[2026-07-15 14:20:01] Status Updated: Floor '26'
[2026-07-15 14:20:01] Tag Change: ID '00E200471894C068218D9701' -> Floor '26'
[2026-07-15 14:20:40] Tag flapping: suppressed 372 repeated tag-change log lines in the last 60s
[2026-07-15 14:20:54] Tag Change: ID '00E20047175FC068217A4701' -> Floor '27'
[2026-07-15 14:20:54] Status Updated: Floor '27'
[2026-07-15 14:20:54] Tag Change: ID '00E2004718990068218DDB01' -> Floor '27'
[2026-07-15 14:21:40] Tag flapping: suppressed 399 repeated tag-change log lines in the last 60s
[2026-07-15 14:21:54] Tag Change: ID '00E20047175FC068217A4701' -> Floor '27'
[2026-07-15 14:21:54] Tag Change: ID '00E2004718990068218DDB01' -> Floor '27'
[2026-07-15 14:22:40] Tag flapping: suppressed 378 repeated tag-change log lines in the last 60s
[2026-07-15 14:22:49] Tag Change: ID '00E20047189BC068218E0701' -> Floor '27'
[2026-07-15 14:22:50] Tag Change: ID '00E200471894C068218D9701' -> Floor '26'
[2026-07-15 14:22:51] Tag Change: ID '00E20047175AC0682179F701' -> Floor '26'
[2026-07-15 14:22:51] Status Updated: Floor '26'
[2026-07-15 14:23:43] Tag Change: ID '00E20047177F3068217C3E01' -> Floor '25'
[2026-07-15 14:23:43] Tag flapping: suppressed 390 repeated tag-change log lines in the last 62s
[2026-07-15 14:23:43] Status Updated: Floor '25'
[2026-07-15 14:24:39] Tag Change: ID '00E2004717644068217A8F01' -> Floor '23'
[2026-07-15 14:24:39] Status Updated: Floor '23'
[2026-07-15 14:24:41] Tag Change: ID '00E2004718B87068218FD201' -> Floor '22'
[2026-07-15 14:24:42] Tag Change: ID '00E2004718BB706821900201' -> Floor '21'
[2026-07-15 14:24:43] Tag Change: ID '00E20047179B8068217E0301' -> Floor '20'
[2026-07-15 14:24:44] Tag Change: ID '00E200471797C068217DC701' -> Floor '19'
[2026-07-15 14:24:45] Status Updated: Floor '19'
[2026-07-15 14:24:46] Tag Change: ID '00E2004717AF0068217F3B01' -> Floor '18'
[2026-07-15 14:24:47] Tag Change: ID '00E2004717D4106821818C01' -> Floor '17'
[2026-07-15 14:24:48] Tag Change: ID '00E20047173FC06821784701' -> Floor '16'
[2026-07-15 14:24:49] Status Updated: Floor '16'
[2026-07-15 14:24:50] Tag Change: ID '00E20047179A4068217DEF01' -> Floor '15'
[2026-07-15 14:24:51] Tag Change: ID '00E2004717DB506821820001' -> Floor '14'
[2026-07-15 14:24:52] Status Updated: Floor '14'
[2026-07-15 14:24:54] Tag Change: ID '00E20047173640682177AF01' -> Floor '12'
[2026-07-15 14:24:54] Status Updated: Floor '12'
[2026-07-15 14:24:55] Tag Change: ID '00E20047173800682177CB01' -> Floor '11'
[2026-07-15 14:24:56] Status Updated: Floor '11'
[2026-07-15 14:24:57] Tag Change: ID '00E2004718A08068218E5301' -> Floor '10'
[2026-07-15 14:24:58] Tag Change: ID '00E20047173F406821783F01' -> Floor '9'
[2026-07-15 14:25:00] Tag Change: ID '00E2004717ED906821832400' -> Floor '8'
[2026-07-15 14:25:01] Tag Change: ID '00E20047179B0068217DFB01' -> Floor '7'
[2026-07-15 14:25:02] Tag Change: ID '00E2004717B0C068217F5701' -> Floor '6'
[2026-07-15 14:25:04] Tag Change: ID '00E200471783C068217C8701' -> Floor '5'
[2026-07-15 14:25:05] Tag Change: ID '00E20047173CC06821781701' -> Floor '4'
[2026-07-15 14:25:06] Tag Change: ID '00E2004717834068217C7F01' -> Floor '3'
[2026-07-15 14:25:08] Tag Change: ID '00E20047173B00682177FB01' -> Floor '2'
[2026-07-15 14:25:08] Tag Change: ID '00E2004717D650682181B001' -> Floor '2'
[2026-07-15 14:25:08] Status Updated: Floor '2'
[2026-07-15 14:25:09] Tag Change: ID '00E2004717E0506821825001' -> Floor '1'
[2026-07-15 14:25:11] Tag Change: ID '00E20047177F8068217C4301' -> Floor '0'
[2026-07-15 14:25:12] Tag Change: ID '00E20047173F006821783B01' -> Floor '0'
[2026-07-15 14:25:12] Status Updated: Floor '0'
[2026-07-15 14:25:56] Status Updated: Floor '10'
[2026-07-15 14:25:57] Tag Change: ID '00E20047173800682177CB01' -> Floor '11'
[2026-07-15 14:25:57] Status Updated: Floor '11'
[2026-07-15 14:25:59] Tag Change: ID '00E2004717DF906821824401' -> Floor '12'
[2026-07-15 14:26:00] Tag Change: ID '00E2004717E4506821829001' -> Floor '13'
[2026-07-15 14:26:01] Tag Change: ID '00E200471795C068217DA701' -> Floor '14'
[2026-07-15 14:26:01] Tag Change: ID '00E2004717DB506821820001' -> Floor '14'
[2026-07-15 14:26:02] Status Updated: Floor '14'
[2026-07-15 14:26:03] Tag Change: ID '00E20047179A4068217DEF01' -> Floor '15'
[2026-07-15 14:26:04] Tag Change: ID '00E20047173FC06821784701' -> Floor '16'
[2026-07-15 14:26:07] Tag Change: ID '00E20047173A40682177EF01' -> Floor '17'
[2026-07-15 14:26:07] Status Updated: Floor '17'
[2026-07-15 14:26:08] Tag Change: ID '00E2004717D4106821818C01' -> Floor '17'
[2026-07-15 14:26:42] Tag flapping: suppressed 240 repeated tag-change log lines in the last 60s
[2026-07-15 14:26:56] Tag Change: ID '00E2004717AF0068217F3B01' -> Floor '18'
[2026-07-15 14:26:57] Tag Change: ID '00E200471797C068217DC701' -> Floor '19'
[2026-07-15 14:26:57] Tag Change: ID '00E2004718C1706821906201' -> Floor '19'
[2026-07-15 14:26:57] Status Updated: Floor '19'
[2026-07-15 14:26:58] Tag Change: ID '00E2004718BC306821900E01' -> Floor '20'
[2026-07-15 14:26:59] Tag Change: ID '00E20047179B8068217E0301' -> Floor '20'
[2026-07-15 14:26:59] Status Updated: Floor '20'
[2026-07-15 14:27:00] Tag Change: ID '00E2004718BB706821900201' -> Floor '21'
[2026-07-15 14:27:00] Status Updated: Floor '21'
[2026-07-15 14:27:02] Tag Change: ID '00E2004718A98068218EE301' -> Floor '23'
[2026-07-15 14:27:02] Tag Change: ID '00E2004717644068217A8F01' -> Floor '23'
[2026-07-15 14:27:03] Status Updated: Floor '23'
[2026-07-15 14:27:04] Tag Change: ID '00E2004717608068217A5301' -> Floor '24'
[2026-07-15 14:27:04] Status Updated: Floor '24'
[2026-07-15 14:27:05] Tag Change: ID '00E20047177F3068217C3E01' -> Floor '25'
[2026-07-15 14:27:05] Status Updated: Floor '25'
[2026-07-15 14:27:07] Tag Change: ID '00E20047175AC0682179F701' -> Floor '26'
[2026-07-15 14:27:07] Status Updated: Floor '26'
[2026-07-15 14:27:08] Tag Change: ID '00E20047189BC068218E0701' -> Floor '27'
[2026-07-15 14:27:08] Status Updated: Floor '27'
[2026-07-15 14:27:09] Tag Change: ID '00E2004718990068218DDB01' -> Floor '27'
[2026-07-15 14:27:09] Tag Change: ID '00E20047175FC068217A4701' -> Floor '27'
[2026-07-15 14:27:42] Tag flapping: suppressed 296 repeated tag-change log lines in the last 60s
[2026-07-15 14:28:09] Tag Change: ID '00E2004718990068218DDB01' -> Floor '27'
[2026-07-15 14:28:10] Tag Change: ID '00E20047175FC068217A4701' -> Floor '27'
[2026-07-15 14:28:43] Tag flapping: suppressed 422 repeated tag-change log lines in the last 60s
[2026-07-15 14:29:09] Tag Change: ID '00E2004718990068218DDB01' -> Floor '27'
[2026-07-15 14:29:10] Tag Change: ID '00E20047175FC068217A4701' -> Floor '27'
[2026-07-15 14:29:43] Tag flapping: suppressed 394 repeated tag-change log lines in the last 60s
[2026-07-15 14:30:10] Tag Change: ID '00E2004718990068218DDB01' -> Floor '27'
[2026-07-15 14:30:10] Tag Change: ID '00E20047175FC068217A4701' -> Floor '27'
[2026-07-15 14:30:43] Tag flapping: suppressed 407 repeated tag-change log lines in the last 60s
[2026-07-15 14:31:10] Tag Change: ID '00E2004718990068218DDB01' -> Floor '27'
[2026-07-15 14:31:10] Tag Change: ID '00E20047175FC068217A4701' -> Floor '27'
[2026-07-15 14:31:44] Tag flapping: suppressed 405 repeated tag-change log lines in the last 60s
[2026-07-15 14:32:10] Tag Change: ID '00E2004718990068218DDB01' -> Floor '27'
[2026-07-15 14:32:10] Tag Change: ID '00E20047175FC068217A4701' -> Floor '27'
[2026-07-15 14:32:44] Tag flapping: suppressed 394 repeated tag-change log lines in the last 60s
[2026-07-15 14:33:11] Tag Change: ID '00E2004718990068218DDB01' -> Floor '27'
[2026-07-15 14:33:11] Tag Change: ID '00E20047175FC068217A4701' -> Floor '27'
[2026-07-15 14:33:27] Tag Change: ID '00E200471894C068218D9701' -> Floor '26'
[2026-07-15 14:33:27] Status Updated: Floor '26'
[2026-07-15 14:33:28] Tag Change: ID '00E20047177F3068217C3E01' -> Floor '25'
[2026-07-15 14:33:30] Tag Change: ID '00E2004717608068217A5301' -> Floor '24'
[2026-07-15 14:33:30] Status Updated: Floor '24'
[2026-07-15 14:33:33] Tag Change: ID '00E2004718A98068218EE301' -> Floor '23'
[2026-07-15 14:33:33] Status Updated: Floor '23'
[2026-07-15 14:33:33] Tag Change: ID '00E2004717644068217A8F01' -> Floor '23'
[2026-07-15 14:33:44] Tag flapping: suppressed 341 repeated tag-change log lines in the last 60s
[2026-07-15 14:34:30] Tag Change: ID '00E20047175800682179CB01' -> Floor '22'
[2026-07-15 14:34:31] Status Updated: Floor '22'
[2026-07-15 14:34:31] Tag Change: ID '00E2004718B87068218FD201' -> Floor '22'
[2026-07-15 14:34:45] Tag flapping: suppressed 407 repeated tag-change log lines in the last 60s
[2026-07-15 14:35:23] Tag Change: ID '00E2004717644068217A8F01' -> Floor '23'
[2026-07-15 14:35:23] Status Updated: Floor '23'
[2026-07-15 14:35:24] Tag Change: ID '00E2004718A0C068218E5701' -> Floor '24'
[2026-07-15 14:35:24] Status Updated: Floor '24'
[2026-07-15 14:35:25] Tag Change: ID '00E20047177F3068217C3E01' -> Floor '25'
[2026-07-15 14:35:27] Tag Change: ID '00E20047175AC0682179F701' -> Floor '26'
[2026-07-15 14:35:30] Tag Change: ID '00E2004718990068218DDB01' -> Floor '27'
[2026-07-15 14:35:30] Status Updated: Floor '27'
[2026-07-15 14:35:30] Tag Change: ID '00E20047175FC068217A4701' -> Floor '27'
[2026-07-15 14:35:45] Tag flapping: suppressed 346 repeated tag-change log lines in the last 60s
[2026-07-15 14:36:30] Tag Change: ID '00E2004718990068218DDB01' -> Floor '27'
[2026-07-15 14:36:30] Tag Change: ID '00E20047175FC068217A4701' -> Floor '27'
[2026-07-15 14:36:45] Tag flapping: suppressed 437 repeated tag-change log lines in the last 60s
[2026-07-15 14:37:13] Tag Change: ID '00E20047175AC0682179F701' -> Floor '26'
[2026-07-15 14:37:13] Status Updated: Floor '26'
[2026-07-15 14:37:14] Tag Change: ID '00E20047177F3068217C3E01' -> Floor '25'
[2026-07-15 14:37:16] Tag Change: ID '00E2004718A0C068218E5701' -> Floor '24'
[2026-07-15 14:37:16] Tag Change: ID '00E2004717608068217A5301' -> Floor '24'
[2026-07-15 14:37:16] Status Updated: Floor '24'
[2026-07-15 14:37:17] Tag Change: ID '00E2004717644068217A8F01' -> Floor '23'
[2026-07-15 14:37:17] Status Updated: Floor '23'
[2026-07-15 14:37:20] Tag Change: ID '00E20047175800682179CB01' -> Floor '22'
[2026-07-15 14:37:20] Status Updated: Floor '22'
[2026-07-15 14:37:20] Tag Change: ID '00E2004718B87068218FD201' -> Floor '22'
[2026-07-15 14:37:45] Tag flapping: suppressed 321 repeated tag-change log lines in the last 60s
[2026-07-15 14:38:20] Tag Change: ID '00E20047175800682179CB01' -> Floor '22'
[2026-07-15 14:38:20] Tag Change: ID '00E2004718B87068218FD201' -> Floor '22'
[2026-07-15 14:38:45] Tag flapping: suppressed 376 repeated tag-change log lines in the last 60s
[2026-07-15 14:38:56] Tag Change: ID '00E2004718BB706821900201' -> Floor '21'
[2026-07-15 14:38:56] Tag Change: ID '00E20047175F0068217A3B01' -> Floor '21'
[2026-07-15 14:38:57] Status Updated: Floor '21'
[2026-07-15 14:39:46] Tag flapping: suppressed 396 repeated tag-change log lines in the last 60s
[2026-07-15 14:39:49] Tag Change: ID '00E20047175800682179CB01' -> Floor '22'
[2026-07-15 14:39:50] Tag Change: ID '00E2004717644068217A8F01' -> Floor '23'
[2026-07-15 14:39:52] Tag Change: ID '00E2004717608068217A5301' -> Floor '24'
[2026-07-15 14:39:53] Tag Change: ID '00E20047177F3068217C3E01' -> Floor '25'
[2026-07-15 14:39:54] Status Updated: Floor '25'
[2026-07-15 14:39:55] Tag Change: ID '00E20047175AC0682179F701' -> Floor '26'
[2026-07-15 14:39:55] Tag Change: ID '00E200471894C068218D9701' -> Floor '26'
[2026-07-15 14:39:55] Status Updated: Floor '26'
[2026-07-15 14:39:56] Tag Change: ID '00E20047189BC068218E0701' -> Floor '27'
[2026-07-15 14:39:56] Status Updated: Floor '27'
[2026-07-15 14:39:57] Tag Change: ID '00E20047175FC068217A4701' -> Floor '27'
[2026-07-15 14:39:57] Tag Change: ID '00E2004718990068218DDB01' -> Floor '27'
[2026-07-15 14:40:46] Tag flapping: suppressed 308 repeated tag-change log lines in the last 60s
[2026-07-15 14:40:57] Tag Change: ID '00E20047175FC068217A4701' -> Floor '27'
[2026-07-15 14:40:58] Tag Change: ID '00E2004718990068218DDB01' -> Floor '27'
[2026-07-15 14:41:46] Tag flapping: suppressed 423 repeated tag-change log lines in the last 60s
[2026-07-15 14:41:58] Tag Change: ID '00E20047175FC068217A4701' -> Floor '27'
[2026-07-15 14:41:58] Tag Change: ID '00E2004718990068218DDB01' -> Floor '27'
[2026-07-15 14:42:16] Tag Change: ID '00E20047189BC068218E0701' -> Floor '27'
[2026-07-15 14:42:17] Tag Change: ID '00E20047175AC0682179F701' -> Floor '26'
[2026-07-15 14:42:17] Tag Change: ID '00E200471894C068218D9701' -> Floor '26'
[2026-07-15 14:42:18] Status Updated: Floor '26'
[2026-07-15 14:42:19] Tag Change: ID '00E20047177F3068217C3E01' -> Floor '25'
[2026-07-15 14:42:20] Tag Change: ID '00E2004717608068217A5301' -> Floor '24'
[2026-07-15 14:42:21] Tag Change: ID '00E2004718A98068218EE301' -> Floor '23'
[2026-07-15 14:42:22] Status Updated: Floor '23'
[2026-07-15 14:42:23] Tag Change: ID '00E2004718B87068218FD201' -> Floor '22'
[2026-07-15 14:42:25] Tag Change: ID '00E2004718BB706821900201' -> Floor '21'
[2026-07-15 14:42:26] Tag Change: ID '00E20047175F0068217A3B01' -> Floor '21'
[2026-07-15 14:42:26] Status Updated: Floor '21'
[2026-07-15 14:42:46] Tag flapping: suppressed 338 repeated tag-change log lines in the last 60s
[2026-07-15 14:43:28] Tag Change: ID '00E2004718BC306821900E01' -> Floor '20'
[2026-07-15 14:43:28] Tag Change: ID '00E20047179B8068217E0301' -> Floor '20'
[2026-07-15 14:43:28] Status Updated: Floor '20'
[2026-07-15 14:43:46] Tag flapping: suppressed 396 repeated tag-change log lines in the last 60s
[2026-07-15 14:43:58] Tag Change: ID '00E200471797C068217DC701' -> Floor '19'
[2026-07-15 14:43:59] Tag Change: ID '00E2004718C1706821906201' -> Floor '19'
[2026-07-15 14:43:59] Status Updated: Floor '19'
[2026-07-15 14:44:42] Tag Change: ID '00E2004717AF0068217F3B01' -> Floor '18'
[2026-07-15 14:44:43] Tag Change: ID '00E20047173A40682177EF01' -> Floor '17'
[2026-07-15 14:44:45] Tag Change: ID '00E2004717D890682181D401' -> Floor '16'
[2026-07-15 14:44:45] Status Updated: Floor '16'
[2026-07-15 14:44:46] Tag Change: ID '00E2004717DB10682181FC01' -> Floor '15'
[2026-07-15 14:44:47] Tag Change: ID '00E2004717DB506821820001' -> Floor '14'
[2026-07-15 14:44:47] Tag flapping: suppressed 342 repeated tag-change log lines in the last 61s
[2026-07-15 14:44:47] Tag Change: ID '00E200471795C068217DA701' -> Floor '14'
[2026-07-15 14:44:47] Status Updated: Floor '14'
[2026-07-15 14:44:49] Tag Change: ID '00E20047179AC068217DF701' -> Floor '13'
[2026-07-15 14:44:50] Tag Change: ID '00E2004717DF906821824401' -> Floor '12'
[2026-07-15 14:44:50] Status Updated: Floor '12'
[2026-07-15 14:44:51] Tag Change: ID '00E20047173800682177CB01' -> Floor '11'
[2026-07-15 14:44:53] Tag Change: ID '00E2004718A08068218E5301' -> Floor '10'
[2026-07-15 14:44:54] Tag Change: ID '00E2004717ED506821832001' -> Floor '9'
[2026-07-15 14:44:54] Status Updated: Floor '9'
[2026-07-15 14:44:56] Tag Change: ID '00E2004717940068217D8B01' -> Floor '8'
[2026-07-15 14:44:56] Tag Change: ID '00E2004717ED906821832400' -> Floor '8'
[2026-07-15 14:44:56] Status Updated: Floor '8'
[2026-07-15 14:44:57] Tag Change: ID '00E20047179B0068217DFB01' -> Floor '7'
[2026-07-15 14:44:57] Status Updated: Floor '7'
[2026-07-15 14:44:58] Tag Change: ID '00E2004717B0C068217F5701' -> Floor '6'
[2026-07-15 14:45:00] Tag Change: ID '00E20047173A80682177F301' -> Floor '5'
[2026-07-15 14:45:01] Tag Change: ID '00E20047173CC06821781701' -> Floor '4'
[2026-07-15 14:45:02] Tag Change: ID '00E2004717834068217C7F01' -> Floor '3'
[2026-07-15 14:45:04] Tag Change: ID '00E20047173B00682177FB01' -> Floor '2'
[2026-07-15 14:45:05] Tag Change: ID '00E2004717E0506821825001' -> Floor '1'
[2026-07-15 14:45:08] Tag Change: ID '00E20047177F8068217C4301' -> Floor '0'
[2026-07-15 14:45:08] Status Updated: Floor '0'
[2026-07-15 14:45:32] Tag Change: ID '00E2004717818068217C6301' -> Floor '0'
[2026-07-15 14:45:32] Tag Change: ID '00E20047173F006821783B01' -> Floor '0'
[2026-07-15 14:46:37] Tag Change: ID '00E20047173F006821783B01' -> Floor '0'
[2026-07-15 14:46:37] Tag flapping: suppressed 95 repeated tag-change log lines in the last 64s
[2026-07-15 14:46:39] Tag Change: ID '00E20047177F8068217C4301' -> Floor '0'
[2026-07-15 14:46:40] Tag Change: ID '00E20047173780682177C301' -> Floor '1'
[2026-07-15 14:46:42] Tag Change: ID '00E20047173B00682177FB01' -> Floor '2'
[2026-07-15 14:46:42] Tag Change: ID '00E2004717D650682181B001' -> Floor '2'
[2026-07-15 14:46:42] Status Updated: Floor '2'
[2026-07-15 14:46:43] Tag Change: ID '00E2004717834068217C7F01' -> Floor '3'
[2026-07-15 14:46:43] Status Updated: Floor '3'
[2026-07-15 14:46:44] Tag Change: ID '00E20047173CC06821781701' -> Floor '4'
[2026-07-15 14:46:46] Tag Change: ID '00E20047173A80682177F301' -> Floor '5'
[2026-07-15 14:46:47] Tag Change: ID '00E2004717B0C068217F5701' -> Floor '6'
[2026-07-15 14:46:49] Tag Change: ID '00E20047179B0068217DFB01' -> Floor '7'
[2026-07-15 14:46:50] Tag Change: ID '00E2004717940068217D8B01' -> Floor '8'
[2026-07-15 14:46:50] Tag Change: ID '00E2004717ED906821832400' -> Floor '8'
[2026-07-15 14:46:50] Status Updated: Floor '8'
[2026-07-15 14:46:51] Tag Change: ID '00E20047173F406821783F01' -> Floor '9'
[2026-07-15 14:46:53] Tag Change: ID '00E2004718A08068218E5301' -> Floor '10'
[2026-07-15 14:46:54] Tag Change: ID '00E20047173800682177CB01' -> Floor '11'
[2026-07-15 14:46:55] Tag Change: ID '00E20047173640682177AF01' -> Floor '12'
[2026-07-15 14:46:56] Status Updated: Floor '12'
[2026-07-15 14:46:57] Tag Change: ID '00E20047179AC068217DF701' -> Floor '13'
[2026-07-15 14:46:57] Status Updated: Floor '13'
[2026-07-15 14:46:58] Tag Change: ID '00E2004717DB506821820001' -> Floor '14'
[2026-07-15 14:47:01] Tag Change: ID '00E20047173FC06821784701' -> Floor '16'
[2026-07-15 14:47:01] Status Updated: Floor '16'
[2026-07-15 14:47:02] Tag Change: ID '00E20047173A40682177EF01' -> Floor '17'
[2026-07-15 14:47:04] Tag Change: ID '00E2004717AF0068217F3B01' -> Floor '18'
[2026-07-15 14:47:05] Tag Change: ID '00E200471797C068217DC701' -> Floor '19'
[2026-07-15 14:47:05] Status Updated: Floor '19'
[2026-07-15 14:47:06] Tag Change: ID '00E2004718BC306821900E01' -> Floor '20'
[2026-07-15 14:47:08] Tag Change: ID '00E20047175F0068217A3B01' -> Floor '21'
[2026-07-15 14:47:08] Tag Change: ID '00E2004718BB706821900201' -> Floor '21'
[2026-07-15 14:47:08] Status Updated: Floor '21'
[2026-07-15 14:47:09] Tag Change: ID '00E2004718B87068218FD201' -> Floor '22'
[2026-07-15 14:47:10] Tag Change: ID '00E2004718A98068218EE301' -> Floor '23'
[2026-07-15 14:47:12] Tag Change: ID '00E2004717608068217A5301' -> Floor '24'
[2026-07-15 14:47:13] Tag Change: ID '00E20047177F3068217C3E01' -> Floor '25'
[2026-07-15 14:47:14] Tag Change: ID '00E200471894C068218D9701' -> Floor '26'
[2026-07-15 14:47:14] Tag Change: ID '00E20047175AC0682179F701' -> Floor '26'
[2026-07-15 14:47:15] Status Updated: Floor '26'
[2026-07-15 14:47:15] Tag Change: ID '00E20047189BC068218E0701' -> Floor '27'
[2026-07-15 14:47:16] Status Updated: Floor '27'
[2026-07-15 14:47:17] Tag Change: ID '00E2004718990068218DDB01' -> Floor '27'
[2026-07-15 14:47:17] Tag Change: ID '00E20047175FC068217A4701' -> Floor '27'
[2026-07-15 14:48:17] Tag Change: ID '00E2004718990068218DDB01' -> Floor '27'
[2026-07-15 14:48:17] Tag Change: ID '00E20047175FC068217A4701' -> Floor '27'
[2026-07-15 14:48:18] Tag flapping: suppressed 408 repeated tag-change log lines in the last 60s
[2026-07-15 14:49:17] Tag Change: ID '00E2004718990068218DDB01' -> Floor '27'
[2026-07-15 14:49:18] Tag Change: ID '00E20047175FC068217A4701' -> Floor '27'
[2026-07-15 14:49:18] Tag flapping: suppressed 405 repeated tag-change log lines in the last 60s
[2026-07-15 14:50:18] Tag Change: ID '00E2004718990068218DDB01' -> Floor '27'
[2026-07-15 14:50:18] Tag Change: ID '00E20047175FC068217A4701' -> Floor '27'
[2026-07-15 14:50:18] Tag flapping: suppressed 395 repeated tag-change log lines in the last 60s
[2026-07-15 14:51:18] Tag Change: ID '00E2004718990068218DDB01' -> Floor '27'
[2026-07-15 14:51:18] Tag Change: ID '00E20047175FC068217A4701' -> Floor '27'
[2026-07-15 14:51:18] Tag flapping: suppressed 378 repeated tag-change log lines in the last 60s
[2026-07-15 14:52:18] Tag Change: ID '00E2004718990068218DDB01' -> Floor '27'
[2026-07-15 14:52:18] Tag Change: ID '00E20047175FC068217A4701' -> Floor '27'
[2026-07-15 14:52:18] Tag flapping: suppressed 407 repeated tag-change log lines in the last 60s
[2026-07-15 14:52:31] Tag Change: ID '00E200471894C068218D9701' -> Floor '26'
[2026-07-15 14:52:31] Status Updated: Floor '26'
[2026-07-15 14:52:34] Tag Change: ID '00E20047177F3068217C3E01' -> Floor '25'
[2026-07-15 14:52:34] Status Updated: Floor '25'
[2026-07-15 14:52:53] Tag Change: ID '00E2004717608068217A5301' -> Floor '24'
[2026-07-15 14:52:53] Tag Change: ID '00E2004718A0C068218E5701' -> Floor '24'
[2026-07-15 14:52:53] Status Updated: Floor '24'
[2026-07-15 14:52:54] Tag Change: ID '00E2004718A98068218EE301' -> Floor '23'
[2026-07-15 14:52:56] Tag Change: ID '00E20047175800682179CB01' -> Floor '22'
[2026-07-15 14:52:57] Tag Change: ID '00E2004718BB706821900201' -> Floor '21'
[2026-07-15 14:52:57] Status Updated: Floor '21'
[2026-07-15 14:52:58] Tag Change: ID '00E2004718BC306821900E01' -> Floor '20'
[2026-07-15 14:53:00] Tag Change: ID '00E2004718C1706821906201' -> Floor '19'
[2026-07-15 14:53:01] Tag Change: ID '00E2004717AF0068217F3B01' -> Floor '18'
[2026-07-15 14:53:02] Tag Change: ID '00E20047173A40682177EF01' -> Floor '17'
[2026-07-15 14:53:04] Tag Change: ID '00E2004717D890682181D401' -> Floor '16'
[2026-07-15 14:53:05] Tag Change: ID '00E2004717DB10682181FC01' -> Floor '15'
[2026-07-15 14:53:05] Tag Change: ID '00E20047179A4068217DEF01' -> Floor '15'
[2026-07-15 14:53:05] Status Updated: Floor '15'
[2026-07-15 14:53:06] Tag Change: ID '00E200471795C068217DA701' -> Floor '14'
[2026-07-15 14:53:08] Tag Change: ID '00E20047179AC068217DF701' -> Floor '13'
[2026-07-15 14:53:09] Tag Change: ID '00E2004717DF906821824401' -> Floor '12'
[2026-07-15 14:53:11] Tag Change: ID '00E20047173800682177CB01' -> Floor '11'
[2026-07-15 14:53:11] Status Updated: Floor '11'
[2026-07-15 14:53:12] Tag Change: ID '00E20047177B8068217C0301' -> Floor '10'
[2026-07-15 14:53:12] Status Updated: Floor '10'
[2026-07-15 14:53:13] Tag Change: ID '00E20047173F406821783F01' -> Floor '9'
[2026-07-15 14:53:15] Tag Change: ID '00E2004717ED906821832400' -> Floor '8'
[2026-07-15 14:53:15] Tag Change: ID '00E2004717940068217D8B01' -> Floor '8'
[2026-07-15 14:53:15] Status Updated: Floor '8'
[2026-07-15 14:53:16] Tag Change: ID '00E20047177A4068217BEF01' -> Floor '7'
[2026-07-15 14:53:18] Tag Change: ID '00E2004717B0C068217F5701' -> Floor '6'
[2026-07-15 14:53:19] Tag Change: ID '00E200471783C068217C8701' -> Floor '5'
[2026-07-15 14:53:19] Tag flapping: suppressed 70 repeated tag-change log lines in the last 60s
[2026-07-15 14:53:20] Tag Change: ID '00E20047173CC06821781701' -> Floor '4'
[2026-07-15 14:53:22] Tag Change: ID '00E2004717834068217C7F01' -> Floor '3'
[2026-07-15 14:53:23] Tag Change: ID '00E2004717D650682181B001' -> Floor '2'
[2026-07-15 14:53:24] Tag Change: ID '00E20047173780682177C301' -> Floor '1'
[2026-07-15 14:53:26] Tag Change: ID '00E20047177F8068217C4301' -> Floor '0'
[2026-07-15 14:53:26] Status Updated: Floor '0'
[2026-07-15 14:53:27] Tag Change: ID '00E20047173F006821783B01' -> Floor '0'
[2026-07-15 14:54:20] Tag Change: ID '00E2004717818068217C6301' -> Floor '0'
[2026-07-15 14:54:23] Tag Change: ID '00E2004717E0506821825001' -> Floor '1'
[2026-07-15 14:54:24] Tag Change: ID '00E2004717D650682181B001' -> Floor '2'
[2026-07-15 14:54:24] Status Updated: Floor '2'
[2026-07-15 14:54:25] Tag Change: ID '00E2004717834068217C7F01' -> Floor '3'
[2026-07-15 14:54:27] Tag Change: ID '00E20047177FC068217C4701' -> Floor '4'
[2026-07-15 14:54:28] Tag Change: ID '00E200471783C068217C8701' -> Floor '5'
[2026-07-15 14:54:30] Tag Change: ID '00E2004717B0C068217F5701' -> Floor '6'
[2026-07-15 14:54:31] Tag Change: ID '00E20047179B0068217DFB01' -> Floor '7'
[2026-07-15 14:54:31] Status Updated: Floor '7'
[2026-07-15 14:54:32] Tag Change: ID '00E2004717940068217D8B01' -> Floor '8'
[2026-07-15 14:54:33] Status Updated: Floor '8'
[2026-07-15 14:54:34] Tag Change: ID '00E2004717ED506821832001' -> Floor '9'
[2026-07-15 14:54:34] Status Updated: Floor '9'
[2026-07-15 14:54:35] Tag Change: ID '00E2004718A08068218E5301' -> Floor '10'
[2026-07-15 14:54:36] Tag Change: ID '00E20047173800682177CB01' -> Floor '11'
[2026-07-15 14:54:37] Status Updated: Floor '11'
[2026-07-15 14:54:38] Tag Change: ID '00E20047173640682177AF01' -> Floor '12'
[2026-07-15 14:54:38] Status Updated: Floor '12'
[2026-07-15 14:54:39] Tag Change: ID '00E20047179AC068217DF701' -> Floor '13'
[2026-07-15 14:54:41] Tag Change: ID '00E200471795C068217DA701' -> Floor '14'
[2026-07-15 14:54:42] Tag Change: ID '00E20047179A4068217DEF01' -> Floor '15'
[2026-07-15 14:54:43] Tag Change: ID '00E2004717D890682181D401' -> Floor '16'
[2026-07-15 14:54:45] Tag Change: ID '00E20047173A40682177EF01' -> Floor '17'
[2026-07-15 14:54:45] Status Updated: Floor '17'
[2026-07-15 14:54:46] Tag Change: ID '00E2004717AF0068217F3B01' -> Floor '18'
[2026-07-15 14:54:47] Tag Change: ID '00E200471797C068217DC701' -> Floor '19'
[2026-07-15 14:54:48] Status Updated: Floor '19'
[2026-07-15 14:54:49] Tag Change: ID '00E2004718BC306821900E01' -> Floor '20'
[2026-07-15 14:54:50] Tag Change: ID '00E2004718BB706821900201' -> Floor '21'
[2026-07-15 14:54:51] Tag Change: ID '00E2004718B87068218FD201' -> Floor '22'
[2026-07-15 14:54:53] Tag Change: ID '00E2004717644068217A8F01' -> Floor '23'
[2026-07-15 14:54:53] Tag Change: ID '00E2004718A98068218EE301' -> Floor '23'
[2026-07-15 14:54:53] Status Updated: Floor '23'
[2026-07-15 14:54:54] Tag Change: ID '00E2004717608068217A5301' -> Floor '24'
[2026-07-15 14:54:54] Status Updated: Floor '24'
[2026-07-15 14:54:55] Tag Change: ID '00E20047177F3068217C3E01' -> Floor '25'
[2026-07-15 14:54:56] Status Updated: Floor '25'
[2026-07-15 14:54:57] Tag Change: ID '00E20047175AC0682179F701' -> Floor '26'
[2026-07-15 14:54:57] Status Updated: Floor '26'
[2026-07-15 14:54:58] Tag Change: ID '00E20047189BC068218E0701' -> Floor '27'
[2026-07-15 14:55:00] Tag Change: ID '00E2004718990068218DDB01' -> Floor '27'
[2026-07-15 14:55:00] Status Updated: Floor '27'
[2026-07-15 14:55:00] Tag Change: ID '00E20047175FC068217A4701' -> Floor '27'
[2026-07-15 14:55:21] Tag flapping: suppressed 125 repeated tag-change log lines in the last 60s
[2026-07-15 14:56:00] Tag Change: ID '00E2004718990068218DDB01' -> Floor '27'
[2026-07-15 14:56:00] Tag Change: ID '00E20047175FC068217A4701' -> Floor '27'
[2026-07-15 14:56:22] Tag flapping: suppressed 400 repeated tag-change log lines in the last 60s
[2026-07-15 14:57:00] Tag Change: ID '00E2004718990068218DDB01' -> Floor '27'
[2026-07-15 14:57:00] Tag Change: ID '00E20047175FC068217A4701' -> Floor '27'
[2026-07-15 14:57:22] Tag flapping: suppressed 398 repeated tag-change log lines in the last 60s
[2026-07-15 14:58:00] Tag Change: ID '00E2004718990068218DDB01' -> Floor '27'
[2026-07-15 14:58:01] Tag Change: ID '00E20047175FC068217A4701' -> Floor '27'
[2026-07-15 14:58:23] Tag flapping: suppressed 379 repeated tag-change log lines in the last 60s
[2026-07-15 14:58:52] Tag Change: ID '00E200471894C068218D9701' -> Floor '26'
[2026-07-15 14:58:52] Tag Change: ID '00E20047175AC0682179F701' -> Floor '26'
[2026-07-15 14:58:53] Status Updated: Floor '26'
[2026-07-15 14:58:55] Tag Change: ID '00E2004717608068217A5301' -> Floor '24'
[2026-07-15 14:58:55] Status Updated: Floor '24'
[2026-07-15 14:58:57] Tag Change: ID '00E2004718A98068218EE301' -> Floor '23'
[2026-07-15 14:58:58] Tag Change: ID '00E2004718B87068218FD201' -> Floor '22'
[2026-07-15 14:58:59] Tag Change: ID '00E2004718BB706821900201' -> Floor '21'
[2026-07-15 14:59:01] Tag Change: ID '00E2004718BC306821900E01' -> Floor '20'
[2026-07-15 14:59:01] Status Updated: Floor '20'
[2026-07-15 14:59:02] Tag Change: ID '00E2004718C1706821906201' -> Floor '19'
[2026-07-15 14:59:02] Tag Change: ID '00E200471797C068217DC701' -> Floor '19'
[2026-07-15 14:59:02] Status Updated: Floor '19'
[2026-07-15 14:59:03] Tag Change: ID '00E2004717AF0068217F3B01' -> Floor '18'
[2026-07-15 14:59:04] Tag Change: ID '00E20047173A40682177EF01' -> Floor '17'
[2026-07-15 14:59:05] Status Updated: Floor '17'
[2026-07-15 14:59:06] Tag Change: ID '00E2004717D890682181D401' -> Floor '16'
[2026-07-15 14:59:06] Tag Change: ID '00E2004717DAD0682181F801' -> Floor '16'
[2026-07-15 14:59:07] Status Updated: Floor '16'
[2026-07-15 14:59:07] Tag Change: ID '00E20047179A4068217DEF01' -> Floor '15'
[2026-07-15 14:59:07] Tag Change: ID '00E2004717DB10682181FC01' -> Floor '15'
[2026-07-15 14:59:07] Status Updated: Floor '15'
[2026-07-15 14:59:10] Tag Change: ID '00E200471795C068217DA701' -> Floor '14'
[2026-07-15 14:59:10] Tag Change: ID '00E2004717DB506821820001' -> Floor '14'
[2026-07-15 14:59:10] Status Updated: Floor '14'
[2026-07-15 14:59:23] Tag flapping: suppressed 271 repeated tag-change log lines in the last 60s
[2026-07-15 14:59:29] Tag Change: ID '00E20047179AC068217DF701' -> Floor '13'
[2026-07-15 14:59:30] Tag Change: ID '00E2004717DF906821824401' -> Floor '12'
[2026-07-15 14:59:31] Tag Change: ID '00E20047173800682177CB01' -> Floor '11'
[2026-07-15 14:59:32] Status Updated: Floor '11'
[2026-07-15 14:59:33] Tag Change: ID '00E2004718A08068218E5301' -> Floor '10'
[2026-07-15 14:59:34] Tag Change: ID '00E20047173F406821783F01' -> Floor '9'
[2026-07-15 14:59:35] Tag Change: ID '00E2004717ED906821832400' -> Floor '8'
[2026-07-15 14:59:37] Tag Change: ID '00E20047179B0068217DFB01' -> Floor '7'
[2026-07-15 14:59:38] Tag Change: ID '00E2004717850068217C9B01' -> Floor '6'
[2026-07-15 14:59:40] Tag Change: ID '00E200471783C068217C8701' -> Floor '5'
[2026-07-15 14:59:42] Tag Change: ID '00E2004717834068217C7F01' -> Floor '3'
[2026-07-15 14:59:44] Tag Change: ID '00E2004717D650682181B001' -> Floor '2'
[2026-07-15 14:59:44] Tag Change: ID '00E20047173B00682177FB01' -> Floor '2'
[2026-07-15 14:59:44] Status Updated: Floor '2'
[2026-07-15 14:59:47] Tag Change: ID '00E20047177F8068217C4301' -> Floor '0'
[2026-07-15 14:59:47] Status Updated: Floor '0'
[2026-07-15 14:59:49] Tag Change: ID '00E2004717818068217C6301' -> Floor '0'
[2026-07-15 14:59:49] Tag Change: ID '00E20047173F006821783B01' -> Floor '0'
[2026-07-15 15:00:55] Tag Change: ID '00E20047173F006821783B01' -> Floor '0'
[2026-07-15 15:00:55] Tag flapping: suppressed 126 repeated tag-change log lines in the last 91s
[2026-07-15 15:00:56] Tag Change: ID '00E20047177F8068217C4301' -> Floor '0'
[2026-07-15 15:00:58] Tag Change: ID '00E2004717E0506821825001' -> Floor '1'
[2026-07-15 15:00:58] Status Updated: Floor '1'
[2026-07-15 15:00:59] Tag Change: ID '00E20047173B00682177FB01' -> Floor '2'
[2026-07-15 15:00:59] Tag Change: ID '00E2004717D650682181B001' -> Floor '2'
[2026-07-15 15:00:59] Status Updated: Floor '2'
[2026-07-15 15:01:00] Tag Change: ID '00E2004717834068217C7F01' -> Floor '3'
[2026-07-15 15:01:02] Tag Change: ID '00E20047173CC06821781701' -> Floor '4'
[2026-07-15 15:01:03] Tag Change: ID '00E20047173A80682177F301' -> Floor '5'
[2026-07-15 15:01:05] Tag Change: ID '00E2004717B0C068217F5701' -> Floor '6'
[2026-07-15 15:01:06] Tag Change: ID '00E20047179B0068217DFB01' -> Floor '7'
[2026-07-15 15:01:07] Tag Change: ID '00E2004717940068217D8B01' -> Floor '8'
[2026-07-15 15:01:08] Status Updated: Floor '8'
[2026-07-15 15:01:09] Tag Change: ID '00E2004717ED506821832001' -> Floor '9'
[2026-07-15 15:01:09] Tag Change: ID '00E20047173F406821783F01' -> Floor '9'
[2026-07-15 15:01:09] Status Updated: Floor '9'
[2026-07-15 15:01:10] Tag Change: ID '00E20047177B8068217C0301' -> Floor '10'
[2026-07-15 15:01:11] Tag Change: ID '00E20047173800682177CB01' -> Floor '11'
[2026-07-15 15:01:12] Status Updated: Floor '11'
[2026-07-15 15:01:13] Tag Change: ID '00E2004717DF906821824401' -> Floor '12'
[2026-07-15 15:01:13] Status Updated: Floor '12'
[2026-07-15 15:01:14] Tag Change: ID '00E2004717E4506821829001' -> Floor '13'
[2026-07-15 15:01:16] Tag Change: ID '00E2004717DB506821820001' -> Floor '14'
[2026-07-15 15:01:16] Tag Change: ID '00E200471795C068217DA701' -> Floor '14'
[2026-07-15 15:01:16] Status Updated: Floor '14'
[2026-07-15 15:01:17] Tag Change: ID '00E2004717DB10682181FC01' -> Floor '15'
[2026-07-15 15:01:18] Tag Change: ID '00E2004717D890682181D401' -> Floor '16'
[2026-07-15 15:01:20] Tag Change: ID '00E20047173A40682177EF01' -> Floor '17'
[2026-07-15 15:01:20] Status Updated: Floor '17'
[2026-07-15 15:01:21] Tag Change: ID '00E2004717AF0068217F3B01' -> Floor '18'
[2026-07-15 15:01:22] Tag Change: ID '00E200471797C068217DC701' -> Floor '19'
[2026-07-15 15:01:22] Tag Change: ID '00E2004718C1706821906201' -> Floor '19'
[2026-07-15 15:01:23] Status Updated: Floor '19'
[2026-07-15 15:01:24] Tag Change: ID '00E20047179B8068217E0301' -> Floor '20'
[2026-07-15 15:01:24] Tag Change: ID '00E2004718BC306821900E01' -> Floor '20'
[2026-07-15 15:01:24] Status Updated: Floor '20'
[2026-07-15 15:01:25] Tag Change: ID '00E2004718BB706821900201' -> Floor '21'
[2026-07-15 15:01:26] Tag Change: ID '00E20047175800682179CB01' -> Floor '22'
[2026-07-15 15:01:28] Tag Change: ID '00E2004718A98068218EE301' -> Floor '23'
[2026-07-15 15:01:29] Tag Change: ID '00E2004717608068217A5301' -> Floor '24'
[2026-07-15 15:01:29] Status Updated: Floor '24'
[2026-07-15 15:01:30] Tag Change: ID '00E20047177F3068217C3E01' -> Floor '25'
[2026-07-15 15:01:32] Tag Change: ID '00E20047175AC0682179F701' -> Floor '26'
[2026-07-15 15:01:32] Status Updated: Floor '26'
[2026-07-15 15:01:33] Tag Change: ID '00E20047189BC068218E0701' -> Floor '27'
[2026-07-15 15:01:35] Tag Change: ID '00E2004718990068218DDB01' -> Floor '27'
[2026-07-15 15:01:36] Status Updated: Floor '27'
[2026-07-15 15:01:36] Tag Change: ID '00E20047175FC068217A4701' -> Floor '27'
[2026-07-15 15:02:35] Tag Change: ID '00E2004718990068218DDB01' -> Floor '27'
[2026-07-15 15:02:36] Tag Change: ID '00E20047175FC068217A4701' -> Floor '27'
[2026-07-15 15:02:36] Tag flapping: suppressed 381 repeated tag-change log lines in the last 60s
[2026-07-15 15:03:35] Tag Change: ID '00E2004718990068218DDB01' -> Floor '27'
[2026-07-15 15:03:36] Tag Change: ID '00E20047175FC068217A4701' -> Floor '27'
[2026-07-15 15:03:36] Tag flapping: suppressed 397 repeated tag-change log lines in the last 60s
[2026-07-15 15:04:35] Tag Change: ID '00E2004718990068218DDB01' -> Floor '27'
[2026-07-15 15:04:36] Tag Change: ID '00E20047175FC068217A4701' -> Floor '27'
[2026-07-15 15:04:37] Tag flapping: suppressed 375 repeated tag-change log lines in the last 60s
[2026-07-15 15:05:35] Tag Change: ID '00E2004718990068218DDB01' -> Floor '27'
[2026-07-15 15:05:36] Tag Change: ID '00E20047175FC068217A4701' -> Floor '27'
[2026-07-15 15:05:37] Tag flapping: suppressed 429 repeated tag-change log lines in the last 60s
[2026-07-15 15:06:04] Tag Change: ID '00E20047189BC068218E0701' -> Floor '27'
[2026-07-15 15:06:05] Tag Change: ID '00E200471894C068218D9701' -> Floor '26'
[2026-07-15 15:06:05] Tag Change: ID '00E20047175AC0682179F701' -> Floor '26'
[2026-07-15 15:06:05] Status Updated: Floor '26'
[2026-07-15 15:06:07] Tag Change: ID '00E20047177F3068217C3E01' -> Floor '25'
[2026-07-15 15:06:08] Tag Change: ID '00E2004718A0C068218E5701' -> Floor '24'
[2026-07-15 15:06:08] Tag Change: ID '00E2004717608068217A5301' -> Floor '24'
[2026-07-15 15:06:08] Status Updated: Floor '24'
[2026-07-15 15:06:09] Tag Change: ID '00E2004717644068217A8F01' -> Floor '23'
[2026-07-15 15:06:10] Status Updated: Floor '23'
[2026-07-15 15:06:11] Tag Change: ID '00E20047175800682179CB01' -> Floor '22'
[2026-07-15 15:06:12] Tag Change: ID '00E2004718BB706821900201' -> Floor '21'
[2026-07-15 15:06:12] Status Updated: Floor '21'
[2026-07-15 15:06:13] Tag Change: ID '00E2004718BC306821900E01' -> Floor '20'
[2026-07-15 15:06:15] Tag Change: ID '00E200471797C068217DC701' -> Floor '19'
[2026-07-15 15:06:15] Status Updated: Floor '19'
[2026-07-15 15:06:16] Tag Change: ID '00E2004718A5C068218EA701' -> Floor '18'
[2026-07-15 15:06:17] Tag Change: ID '00E20047173A40682177EF01' -> Floor '17'
[2026-07-15 15:06:19] Tag Change: ID '00E20047173FC06821784701' -> Floor '16'
[2026-07-15 15:06:19] Status Updated: Floor '16'
[2026-07-15 15:06:19] Tag Change: ID '00E2004717DAD0682181F801' -> Floor '16'
[2026-07-15 15:06:20] Tag Change: ID '00E20047179A4068217DEF01' -> Floor '15'
[2026-07-15 15:06:21] Tag Change: ID '00E200471795C068217DA701' -> Floor '14'
[2026-07-15 15:06:21] Tag Change: ID '00E2004717DB506821820001' -> Floor '14'
[2026-07-15 15:06:22] Status Updated: Floor '14'
[2026-07-15 15:06:23] Tag Change: ID '00E20047179AC068217DF701' -> Floor '13'
[2026-07-15 15:06:24] Tag Change: ID '00E20047173640682177AF01' -> Floor '12'
[2026-07-15 15:06:24] Status Updated: Floor '12'
[2026-07-15 15:06:27] Tag Change: ID '00E20047173800682177CB01' -> Floor '11'
[2026-07-15 15:06:28] Status Updated: Floor '11'
[2026-07-15 15:07:19] Tag Change: ID '00E2004717DF906821824401' -> Floor '12'
[2026-07-15 15:07:19] Tag flapping: suppressed 148 repeated tag-change log lines in the last 101s
[2026-07-15 15:07:22] Tag Change: ID '00E200471795C068217DA701' -> Floor '14'
[2026-07-15 15:07:23] Tag Change: ID '00E2004717DB10682181FC01' -> Floor '15'
[2026-07-15 15:07:24] Tag Change: ID '00E2004717D890682181D401' -> Floor '16'
[2026-07-15 15:07:24] Tag Change: ID '00E2004717D8906821' -> Floor 'Unknown'
[2026-07-15 15:07:26] Tag Change: ID '00E20047173A40682177EF01' -> Floor '17'
[2026-07-15 15:07:28] Tag Change: ID '00E200471797C068217DC701' -> Floor '19'
[2026-07-15 15:07:30] Tag Change: ID '00E20047179B8068217E0301' -> Floor '20'
[2026-07-15 15:07:31] Tag Change: ID '00E2004718BB706821900201' -> Floor '21'
[2026-07-15 15:07:31] Status Updated: Floor '21'
[2026-07-15 15:07:32] Tag Change: ID '00E20047175800682179CB01' -> Floor '22'
[2026-07-15 15:07:34] Tag Change: ID '00E2004718A98068218EE301' -> Floor '23'
[2026-07-15 15:07:35] Tag Change: ID '00E2004718A0C068218E5701' -> Floor '24'
[2026-07-15 15:07:35] Status Updated: Floor '24'
[2026-07-15 15:07:36] Tag Change: ID '00E20047177F3068217C3E01' -> Floor '25'
[2026-07-15 15:07:38] Tag Change: ID '00E20047175AC0682179F701' -> Floor '26'
[2026-07-15 15:07:39] Tag Change: ID '00E20047189BC068218E0701' -> Floor '27'
[2026-07-15 15:07:41] Tag Change: ID '00E20047175FC068217A4701' -> Floor '27'
[2026-07-15 15:07:41] Status Updated: Floor '27'
[2026-07-15 15:07:41] Tag Change: ID '00E2004718990068218DDB01' -> Floor '27'
[2026-07-15 15:08:20] Tag flapping: suppressed 277 repeated tag-change log lines in the last 60s
[2026-07-15 15:08:31] Status Updated: Floor '26'
[2026-07-15 15:08:34] Status Updated: Floor '25'
[2026-07-15 15:08:34] Tag Change: ID '00E20047177F3068' -> Floor 'Unknown'
[2026-07-15 15:08:50] Tag Change: ID '00E2004717608068217A5301' -> Floor '24'
[2026-07-15 15:08:51] Tag Change: ID '00E2004718A98068218EE301' -> Floor '23'
[2026-07-15 15:08:53] Tag Change: ID '00E20047175800682179CB01' -> Floor '22'
[2026-07-15 15:08:54] Tag Change: ID '00E20047175F0068217A3B01' -> Floor '21'
[2026-07-15 15:08:54] Status Updated: Floor '21'
[2026-07-15 15:08:55] Tag Change: ID '00E20047179B8068217E0301' -> Floor '20'
[2026-07-15 15:08:57] Tag Change: ID '00E2004718C1706821906201' -> Floor '19'
[2026-07-15 15:08:57] Status Updated: Floor '19'
[2026-07-15 15:08:58] Tag Change: ID '00E2004717AF0068217F3B01' -> Floor '18'
[2026-07-15 15:08:59] Tag Change: ID '00E2004717D4106821818C01' -> Floor '17'
[2026-07-15 15:09:01] Tag Change: ID '00E20047173FC06821784701' -> Floor '16'
[2026-07-15 15:09:01] Tag Change: ID '00E2004717D890682181D401' -> Floor '16'
[2026-07-15 15:09:01] Status Updated: Floor '16'
[2026-07-15 15:09:02] Tag Change: ID '00E2004717DB10682181FC01' -> Floor '15'
[2026-07-15 15:09:03] Tag Change: ID '00E200471795C068217DA701' -> Floor '14'
[2026-07-15 15:09:06] Tag Change: ID '00E20047173640682177AF01' -> Floor '12'
[2026-07-15 15:09:08] Tag Change: ID '00E20047173800682177CB01' -> Floor '11'
[2026-07-15 15:09:08] Status Updated: Floor '11'
[2026-07-15 15:09:09] Tag Change: ID '00E20047177B8068217C0301' -> Floor '10'
[2026-07-15 15:09:10] Tag Change: ID '00E20047173F406821783F01' -> Floor '9'
[2026-07-15 15:09:12] Tag Change: ID '00E2004717ED906821832400' -> Floor '8'
[2026-07-15 15:09:13] Tag Change: ID '00E20047177A4068217BEF01' -> Floor '7'
[2026-07-15 15:09:13] Tag Change: ID '00E20047179B0068217DFB01' -> Floor '7'
[2026-07-15 15:09:13] Status Updated: Floor '7'
[2026-07-15 15:09:16] Tag Change: ID '00E20047173A80682177F301' -> Floor '5'
[2026-07-15 15:09:17] Tag Change: ID '00E20047173CC06821781701' -> Floor '4'
[2026-07-15 15:09:18] Status Updated: Floor '4'
[2026-07-15 15:09:19] Tag Change: ID '00E2004717834068217C7F01' -> Floor '3'
[2026-07-15 15:09:20] Tag Change: ID '00E2004717D650682181B001' -> Floor '2'
[2026-07-15 15:09:20] Tag Change: ID '00E20047173B00682177FB01' -> Floor '2'
[2026-07-15 15:09:20] Status Updated: Floor '2'
[2026-07-15 15:09:21] Tag Change: ID '00E2004717E0506821825001' -> Floor '1'
[2026-07-15 15:09:21] Tag flapping: suppressed 59 repeated tag-change log lines in the last 60s
[2026-07-15 15:09:22] Status Updated: Floor '1'
[2026-07-15 15:09:23] Tag Change: ID '00E20047177F8068217C4301' -> Floor '0'
[2026-07-15 15:09:24] Tag Change: ID '00E20047173F006821783B01' -> Floor '0'
[2026-07-15 15:09:24] Status Updated: Floor '0'
[2026-07-15 15:10:16] Tag Change: ID '00E2004717818068217C6301' -> Floor '0'
[2026-07-15 15:10:20] Tag Change: ID '00E2004717D650682181B001' -> Floor '2'
[2026-07-15 15:10:22] Tag Change: ID '00E2004717834068217C7F01' -> Floor '3'
[2026-07-15 15:10:23] Tag Change: ID '00E20047173CC06821781701' -> Floor '4'
[2026-07-15 15:10:23] Tag Change: ID '00E20047177FC068217C4701' -> Floor '4'
[2026-07-15 15:10:23] Status Updated: Floor '4'
[2026-07-15 15:10:24] Tag Change: ID '00E20047173A80682177F301' -> Floor '5'
[2026-07-15 15:10:26] Tag Change: ID '00E2004717B0C068217F5701' -> Floor '6'
[2026-07-15 15:10:27] Tag Change: ID '00E20047177A4068217BEF01' -> Floor '7'
[2026-07-15 15:10:28] Tag Change: ID '00E2004717940068217D8B01' -> Floor '8'
[2026-07-15 15:10:30] Tag Change: ID '00E20047173F406821783F01' -> Floor '9'
[2026-07-15 15:10:31] Tag Change: ID '00E2004718A08068218E5301' -> Floor '10'
[2026-07-15 15:10:33] Tag Change: ID '00E20047173800682177CB01' -> Floor '11'
[2026-07-15 15:10:33] Status Updated: Floor '11'
[2026-07-15 15:10:34] Tag Change: ID '00E2004717DF906821824401' -> Floor '12'
[2026-07-15 15:10:34] Tag Change: ID '00E20047173640682177AF01' -> Floor '12'
[2026-07-15 15:10:34] Status Updated: Floor '12'
[2026-07-15 15:10:35] Tag Change: ID '00E20047179AC068217DF701' -> Floor '13'
[2026-07-15 15:10:37] Tag Change: ID '00E2004717DB506821820001' -> Floor '14'
[2026-07-15 15:10:38] Tag Change: ID '00E2004717DB10682181FC01' -> Floor '15'
[2026-07-15 15:10:38] Status Updated: Floor '15'
[2026-07-15 15:10:39] Tag Change: ID '00E2004717D890682181D401' -> Floor '16'
[2026-07-15 15:10:41] Tag Change: ID '00E20047173A40682177EF01' -> Floor '17'
[2026-07-15 15:10:41] Tag Change: ID '00E2004717D4106821818C01' -> Floor '17'
[2026-07-15 15:10:41] Status Updated: Floor '17'
[2026-07-15 15:10:42] Tag Change: ID '00E2004717AF0068217F3B01' -> Floor '18'
[2026-07-15 15:10:43] Tag Change: ID '00E2004718C1706821906201' -> Floor '19'
[2026-07-15 15:10:45] Tag Change: ID '00E2004718BC306821900E01' -> Floor '20'
[2026-07-15 15:10:46] Tag Change: ID '00E20047175F0068217A3B01' -> Floor '21'
[2026-07-15 15:10:46] Tag Change: ID '00E2004718BB706821900201' -> Floor '21'
[2026-07-15 15:10:46] Status Updated: Floor '21'
[2026-07-15 15:10:49] Tag Change: ID '00E2004718A98068218EE301' -> Floor '23'
[2026-07-15 15:10:49] Tag Change: ID '00E2004717644068217A8F01' -> Floor '23'
[2026-07-15 15:10:49] Status Updated: Floor '23'
[2026-07-15 15:10:50] Tag Change: ID '00E2004717608068217A5301' -> Floor '24'
[2026-07-15 15:10:52] Tag Change: ID '00E20047177F3068217C3E01' -> Floor '25'
[2026-07-15 15:10:53] Tag Change: ID '00E20047175AC0682179F701' -> Floor '26'
[2026-07-15 15:10:53] Status Updated: Floor '26'
[2026-07-15 15:10:56] Tag Change: ID '00E20047175FC068217A4701' -> Floor '27'
[2026-07-15 15:10:56] Status Updated: Floor '27'
[2026-07-15 15:10:56] Tag Change: ID '00E2004718990068218DDB01' -> Floor '27'
[2026-07-15 15:11:16] Tag flapping: suppressed 142 repeated tag-change log lines in the last 60s
[2026-07-15 15:11:56] Tag Change: ID '00E20047175FC068217A4701' -> Floor '27'
[2026-07-15 15:11:56] Tag Change: ID '00E2004718990068218DDB01' -> Floor '27'
[2026-07-15 15:12:16] Tag flapping: suppressed 398 repeated tag-change log lines in the last 60s
[2026-07-15 15:12:56] Tag Change: ID '00E20047175FC068217A4701' -> Floor '27'
[2026-07-15 15:12:57] Tag Change: ID '00E2004718990068218DDB01' -> Floor '27'
[2026-07-15 15:13:17] Tag flapping: suppressed 405 repeated tag-change log lines in the last 60s
[2026-07-15 15:13:56] Tag Change: ID '00E20047175FC068217A4701' -> Floor '27'
[2026-07-15 15:13:57] Tag Change: ID '00E2004718990068218DDB01' -> Floor '27'
[2026-07-15 15:14:17] Tag flapping: suppressed 424 repeated tag-change log lines in the last 60s
[2026-07-15 15:14:56] Tag Change: ID '00E20047175FC068217A4701' -> Floor '27'
[2026-07-15 15:14:57] Tag Change: ID '00E2004718990068218DDB01' -> Floor '27'
[2026-07-15 15:15:17] Tag flapping: suppressed 417 repeated tag-change log lines in the last 60s
[2026-07-15 15:15:56] Tag Change: ID '00E20047175FC068217A4701' -> Floor '27'
[2026-07-15 15:15:57] Tag Change: ID '00E2004718990068218DDB01' -> Floor '27'
[2026-07-15 15:16:17] Tag flapping: suppressed 409 repeated tag-change log lines in the last 60s
[2026-07-15 15:16:22] Tag Change: ID '00E20047175AC0682179F701' -> Floor '26'
[2026-07-15 15:16:22] Status Updated: Floor '26'
[2026-07-15 15:16:23] Tag Change: ID '00E20047189CC068218E1701' -> Floor '25'
[2026-07-15 15:16:23] Tag Change: ID '00E20047177F3068217C3E01' -> Floor '25'
[2026-07-15 15:16:24] Status Updated: Floor '25'
[2026-07-15 15:16:25] Tag Change: ID '00E2004717608068217A5301' -> Floor '24'
[2026-07-15 15:16:25] Status Updated: Floor '24'
[2026-07-15 15:16:26] Tag Change: ID '00E2004718A98068218EE301' -> Floor '23'
[2026-07-15 15:16:26] Tag Change: ID '00E2004717644068217A8F01' -> Floor '23'
[2026-07-15 15:16:26] Status Updated: Floor '23'
[2026-07-15 15:16:29] Tag Change: ID '00E2004718B87068218FD201' -> Floor '22'
[2026-07-15 15:16:29] Status Updated: Floor '22'
[2026-07-15 15:16:29] Tag Change: ID '00E20047175800682179CB01' -> Floor '22'
[2026-07-15 15:16:47] Tag Change: ID '00E20047175F0068217A3B01' -> Floor '21'
[2026-07-15 15:16:47] Status Updated: Floor '21'
[2026-07-15 15:16:48] Tag Change: ID '00E20047179B8068217E0301' -> Floor '20'
[2026-07-15 15:16:51] Tag Change: ID '00E200471797C068217DC701' -> Floor '19'
[2026-07-15 15:16:51] Tag Change: ID '00E2004718C1706821906201' -> Floor '19'
[2026-07-15 15:16:51] Status Updated: Floor '19'
[2026-07-15 15:17:08] Tag Change: ID '00E2004718A5C068218EA701' -> Floor '18'
[2026-07-15 15:17:08] Tag Change: ID '00E2004717AF0068217F3B01' -> Floor '18'
[2026-07-15 15:17:08] Status Updated: Floor '18'
[2026-07-15 15:17:09] Tag Change: ID '00E20047173A40682177EF01' -> Floor '17'
[2026-07-15 15:17:09] Status Updated: Floor '17'
[2026-07-15 15:17:10] Tag Change: ID '00E20047173FC06821784701' -> Floor '16'
[2026-07-15 15:17:11] Tag Change: ID '00E2004717D890682181D401' -> Floor '16'
[2026-07-15 15:17:11] Status Updated: Floor '16'
[2026-07-15 15:17:12] Tag Change: ID '00E2004717DB10682181FC01' -> Floor '15'
[2026-07-15 15:17:12] Status Updated: Floor '15'
[2026-07-15 15:17:13] Tag Change: ID '00E2004717DB506821820001' -> Floor '14'
[2026-07-15 15:17:15] Tag Change: ID '00E2004717E4506821829001' -> Floor '13'
[2026-07-15 15:17:16] Tag Change: ID '00E20047173640682177AF01' -> Floor '12'
[2026-07-15 15:17:19] Tag Change: ID '00E20047177B8068217C0301' -> Floor '10'
[2026-07-15 15:17:19] Tag flapping: suppressed 225 repeated tag-change log lines in the last 61s
[2026-07-15 15:17:20] Tag Change: ID '00E20047173F406821783F01' -> Floor '9'
[2026-07-15 15:17:20] Status Updated: Floor '9'
[2026-07-15 15:17:22] Tag Change: ID '00E2004717940068217D8B01' -> Floor '8'
[2026-07-15 15:17:23] Tag Change: ID '00E20047177A4068217BEF01' -> Floor '7'
[2026-07-15 15:17:23] Tag Change: ID '00E20047179B0068217DFB01' -> Floor '7'
[2026-07-15 15:17:23] Status Updated: Floor '7'
[2026-07-15 15:17:24] Tag Change: ID '00E2004717B0C068217F5701' -> Floor '6'
[2026-07-15 15:17:26] Tag Change: ID '00E20047173A80682177F301' -> Floor '5'
[2026-07-15 15:17:27] Tag Change: ID '00E20047173CC06821781701' -> Floor '4'
[2026-07-15 15:17:28] Tag Change: ID '00E2004717834068217C7F01' -> Floor '3'
[2026-07-15 15:17:30] Tag Change: ID '00E2004717D650682181B001' -> Floor '2'
[2026-07-15 15:17:31] Tag Change: ID '00E2004717E0506821825001' -> Floor '1'
[2026-07-15 15:17:35] Tag Change: ID '00E20047173F006821783B01' -> Floor '0'
[2026-07-15 15:17:35] Status Updated: Floor '0'
[2026-07-15 15:17:36] Tag Change: ID '00E2004717818068217C6301' -> Floor '0'
[2026-07-15 15:18:49] Tag Change: ID '00E2004717818068217C6301' -> Floor '0'
[2026-07-15 15:18:49] Tag flapping: suppressed 159 repeated tag-change log lines in the last 73s
[2026-07-15 15:18:49] Tag Change: ID '00E20047173F006821783B01' -> Floor '0'
[2026-07-15 15:18:51] Tag Change: ID '00E20047177F8068217C4301' -> Floor '0'
[2026-07-15 15:18:53] Tag Change: ID '00E2004717D650682181B001' -> Floor '2'
[2026-07-15 15:18:55] Tag Change: ID '00E2004717834068217C7F01' -> Floor '3'
[2026-07-15 15:18:56] Tag Change: ID '00E20047173CC06821781701' -> Floor '4'
[2026-07-15 15:18:57] Tag Change: ID '00E20047173A80682177F301' -> Floor '5'
[2026-07-15 15:18:58] Status Updated: Floor '5'
[2026-07-15 15:18:59] Tag Change: ID '00E2004717B0C068217F5701' -> Floor '6'
[2026-07-15 15:19:00] Tag Change: ID '00E20047179B0068217DFB01' -> Floor '7'
[2026-07-15 15:19:00] Tag Change: ID '00E20047177A4068217BEF01' -> Floor '7'
[2026-07-15 15:19:01] Status Updated: Floor '7'
[2026-07-15 15:19:02] Tag Change: ID '00E2004717940068217D8B01' -> Floor '8'
[2026-07-15 15:19:03] Tag Change: ID '00E20047173F406821783F01' -> Floor '9'
[2026-07-15 15:19:04] Tag Change: ID '00E20047177B8068217C0301' -> Floor '10'
[2026-07-15 15:19:06] Tag Change: ID '00E20047173800682177CB01' -> Floor '11'
[2026-07-15 15:19:07] Tag Change: ID '00E20047173640682177AF01' -> Floor '12'
[2026-07-15 15:19:09] Tag Change: ID '00E20047179AC068217DF701' -> Floor '13'
[2026-07-15 15:19:10] Tag Change: ID '00E200471795C068217DA701' -> Floor '14'
[2026-07-15 15:19:11] Tag Change: ID '00E2004717DB10682181FC01' -> Floor '15'
[2026-07-15 15:19:13] Tag Change: ID '00E20047173FC06821784701' -> Floor '16'
[2026-07-15 15:19:13] Tag Change: ID '00E2004717D890682181D401' -> Floor '16'
[2026-07-15 15:19:13] Status Updated: Floor '16'
[2026-07-15 15:19:14] Tag Change: ID '00E20047173A40682177EF01' -> Floor '17'
[2026-07-15 15:19:14] Tag Change: ID '00E2004717D4106821818C01' -> Floor '17'
[2026-07-15 15:19:14] Status Updated: Floor '17'
[2026-07-15 15:19:15] Tag Change: ID '00E2004717AF0068217F3B01' -> Floor '18'
[2026-07-15 15:19:17] Tag Change: ID '00E200471797C068217DC701' -> Floor '19'
[2026-07-15 15:19:18] Tag Change: ID '00E20047179B8068217E0301' -> Floor '20'
[2026-07-15 15:19:18] Status Updated: Floor '20'
[2026-07-15 15:19:19] Tag Change: ID '00E2004718BB706821900201' -> Floor '21'
[2026-07-15 15:19:20] Status Updated: Floor '21'
[2026-07-15 15:19:21] Tag Change: ID '00E2004718B87068218FD201' -> Floor '22'
[2026-07-15 15:19:22] Tag Change: ID '00E2004717644068217A8F01' -> Floor '23'
[2026-07-15 15:19:22] Tag Change: ID '00E2004718A98068218EE301' -> Floor '23'
[2026-07-15 15:19:22] Status Updated: Floor '23'
[2026-07-15 15:19:23] Tag Change: ID '00E2004718A0C068218E5701' -> Floor '24'
[2026-07-15 15:19:25] Tag Change: ID '00E20047177F3068217C3E01' -> Floor '25'
[2026-07-15 15:19:26] Tag Change: ID '00E20047175AC0682179F701' -> Floor '26'
[2026-07-15 15:19:26] Status Updated: Floor '26'
[2026-07-15 15:19:27] Tag Change: ID '00E20047189BC068218E0701' -> Floor '27'
[2026-07-15 15:19:29] Tag Change: ID '00E20047175FC068217A4701' -> Floor '27'
[2026-07-15 15:19:29] Status Updated: Floor '27'
[2026-07-15 15:19:29] Tag Change: ID '00E2004718990068218DDB01' -> Floor '27'
[2026-07-15 15:20:29] Tag Change: ID '00E20047175FC068217A4701' -> Floor '27'
[2026-07-15 15:20:29] Tag flapping: suppressed 416 repeated tag-change log lines in the last 60s
[2026-07-15 15:20:29] Tag Change: ID '00E2004718990068218DDB01' -> Floor '27'
[2026-07-15 15:21:29] Tag Change: ID '00E20047175FC068217A4701' -> Floor '27'
[2026-07-15 15:21:30] Tag Change: ID '00E2004718990068218DDB01' -> Floor '27'
[2026-07-15 15:21:30] Tag flapping: suppressed 415 repeated tag-change log lines in the last 60s
[2026-07-15 15:21:47] Tag Change: ID '00E20047189BC068218E0701' -> Floor '27'
[2026-07-15 15:21:48] Tag Change: ID '00E20047175AC0682179F701' -> Floor '26'
[2026-07-15 15:21:49] Tag Change: ID '00E20047177F3068217C3E01' -> Floor '25'
[2026-07-15 15:21:50] Tag Change: ID '00E2004717608068217A5301' -> Floor '24'
[2026-07-15 15:21:51] Status Updated: Floor '24'
[2026-07-15 15:21:52] Tag Change: ID '00E2004718A98068218EE301' -> Floor '23'
[2026-07-15 15:21:52] Status Updated: Floor '23'
[2026-07-15 15:21:53] Tag Change: ID '00E20047175800682179CB01' -> Floor '22'
[2026-07-15 15:21:54] Tag Change: ID '00E20047175F0068217A3B01' -> Floor '21'
[2026-07-15 15:21:54] Tag Change: ID '00E2004718BB706821900201' -> Floor '21'
[2026-07-15 15:21:55] Status Updated: Floor '21'
[2026-07-15 15:21:56] Tag Change: ID '00E2004718BC306821900E01' -> Floor '20'
[2026-07-15 15:21:56] Status Updated: Floor '20'
[2026-07-15 15:21:57] Tag Change: ID '00E200471797C068217DC701' -> Floor '19'
[2026-07-15 15:21:57] Status Updated: Floor '19'
[2026-07-15 15:22:00] Tag Change: ID '00E2004717AF0068217F3B01' -> Floor '18'
[2026-07-15 15:22:00] Status Updated: Floor '18'
[2026-07-15 15:22:01] Tag Change: ID '00E2004718A5C068218EA701' -> Floor '18'
[2026-07-15 15:22:30] Tag flapping: suppressed 235 repeated tag-change log lines in the last 60s
[2026-07-15 15:22:57] Tag Change: ID '00E20047173A40682177EF01' -> Floor '17'
[2026-07-15 15:22:57] Status Updated: Floor '17'
[2026-07-15 15:22:58] Tag Change: ID '00E2004717D4106821818C01' -> Floor '17'
[2026-07-15 15:23:31] Tag flapping: suppressed 315 repeated tag-change log lines in the last 60s
[2026-07-15 15:23:49] Tag Change: ID '00E2004717AF0068217F3B01' -> Floor '18'
[2026-07-15 15:23:50] Tag Change: ID '00E200471797C068217DC701' -> Floor '19'
[2026-07-15 15:23:50] Status Updated: Floor '19'
[2026-07-15 15:23:52] Tag Change: ID '00E2004718BC306821900E01' -> Floor '20'
[2026-07-15 15:23:53] Tag Change: ID '00E2004718BB706821900201' -> Floor '21'
[2026-07-15 15:23:53] Status Updated: Floor '21'
[2026-07-15 15:23:54] Tag Change: ID '00E20047175800682179CB01' -> Floor '22'
[2026-07-15 15:23:55] Tag Change: ID '00E2004717644068217A8F01' -> Floor '23'
[2026-07-15 15:23:57] Tag Change: ID '00E2004717608068217A5301' -> Floor '24'
[2026-07-15 15:23:58] Tag Change: ID '00E20047177F3068217C3E01' -> Floor '25'
[2026-07-15 15:24:00] Tag Change: ID '00E20047175AC0682179F701' -> Floor '26'
[2026-07-15 15:24:00] Tag Change: ID '00E200471894C068218D9701' -> Floor '26'
[2026-07-15 15:24:00] Status Updated: Floor '26'
[2026-07-15 15:24:02] Tag Change: ID '00E20047175FC068217A4701' -> Floor '27'
[2026-07-15 15:24:03] Status Updated: Floor '27'
[2026-07-15 15:24:03] Tag Change: ID '00E2004718990068218DDB01' -> Floor '27'
[2026-07-15 15:24:31] Tag flapping: suppressed 293 repeated tag-change log lines in the last 60s
[2026-07-15 15:25:02] Tag Change: ID '00E20047175FC068217A4701' -> Floor '27'
[2026-07-15 15:25:03] Tag Change: ID '00E2004718990068218DDB01' -> Floor '27'
[2026-07-15 15:25:31] Tag flapping: suppressed 405 repeated tag-change log lines in the last 60s
[2026-07-15 15:25:46] Tag Change: ID '00E20047175AC0682179F701' -> Floor '26'
[2026-07-15 15:25:47] Status Updated: Floor '26'
[2026-07-15 15:25:48] Tag Change: ID '00E20047177F3068217C3E01' -> Floor '25'
[2026-07-15 15:25:49] Tag Change: ID '00E2004718A0C068218E5701' -> Floor '24'
[2026-07-15 15:25:51] Tag Change: ID '00E2004718A98068218EE301' -> Floor '23'
[2026-07-15 15:25:53] Tag Change: ID '00E20047175800682179CB01' -> Floor '22'
[2026-07-15 15:25:54] Status Updated: Floor '22'
[2026-07-15 15:25:54] Tag Change: ID '00E2004718B87068218FD201' -> Floor '22'
[2026-07-15 15:26:16] Tag Change: ID '00E20047179B8068217E0301' -> Floor '20'
[2026-07-15 15:26:17] Tag Change: ID '00E200471797C068217DC701' -> Floor '19'
[2026-07-15 15:26:17] Tag Change: ID '00E2004718C1706821906201' -> Floor '19'
[2026-07-15 15:26:18] Status Updated: Floor '19'
[2026-07-15 15:26:19] Tag Change: ID '00E2004718A5C068218EA701' -> Floor '18'
[2026-07-15 15:26:21] Tag Change: ID '00E2004717D4106821818C01' -> Floor '17'
[2026-07-15 15:26:21] Status Updated: Floor '17'
[2026-07-15 15:26:21] Tag Change: ID '00E20047173A40682177EF01' -> Floor '17'
[2026-07-15 15:26:32] Tag flapping: suppressed 277 repeated tag-change log lines in the last 60s
[2026-07-15 15:26:38] Tag Change: ID '00E2004717D890682181D401' -> Floor '16'
[2026-07-15 15:26:39] Tag Change: ID '00E20047179A4068217DEF01' -> Floor '15'
[2026-07-15 15:26:42] Tag Change: ID '00E20047179AC068217DF701' -> Floor '13'
[2026-07-15 15:26:43] Tag Change: ID '00E20047173640682177AF01' -> Floor '12'
[2026-07-15 15:26:45] Tag Change: ID '00E20047173800682177CB01' -> Floor '11'
[2026-07-15 15:26:45] Status Updated: Floor '11'
[2026-07-15 15:26:46] Tag Change: ID '00E2004718A08068218E5301' -> Floor '10'
[2026-07-15 15:26:47] Tag Change: ID '00E20047173F406821783F01' -> Floor '9'
[2026-07-15 15:26:48] Tag Change: ID '00E2004717ED506821832001' -> Floor '9'
[2026-07-15 15:26:48] Status Updated: Floor '9'
[2026-07-15 15:26:49] Tag Change: ID '00E2004717940068217D8B01' -> Floor '8'
[2026-07-15 15:26:50] Tag Change: ID '00E20047179B0068217DFB01' -> Floor '7'
[2026-07-15 15:26:51] Status Updated: Floor '7'
[2026-07-15 15:26:52] Tag Change: ID '00E2004717B0C068217F5701' -> Floor '6'
[2026-07-15 15:26:53] Tag Change: ID '00E20047173A80682177F301' -> Floor '5'
[2026-07-15 15:26:54] Tag Change: ID '00E20047173CC06821781701' -> Floor '4'
[2026-07-15 15:26:55] Status Updated: Floor '4'
[2026-07-15 15:26:57] Tag Change: ID '00E2004717D650682181B001' -> Floor '2'
[2026-07-15 15:26:57] Status Updated: Floor '2'
[2026-07-15 15:26:58] Tag Change: ID '00E20047173780682177C301' -> Floor '1'
[2026-07-15 15:27:00] Tag Change: ID '00E20047177F8068217C4301' -> Floor '0'
[2026-07-15 15:27:01] Tag Change: ID '00E20047173F006821783B01' -> Floor '0'
[2026-07-15 15:27:01] Status Updated: Floor '0'
[2026-07-15 15:28:00] Tag Change: ID '00E2004717818068217C6301' -> Floor '0'
[2026-07-15 15:28:00] Tag flapping: suppressed 24 repeated tag-change log lines in the last 88s
[2026-07-15 15:28:01] Tag Change: ID '00E20047177F8068217C4301' -> Floor '0'
[2026-07-15 15:28:03] Tag Change: ID '00E2004717E0506821825001' -> Floor '1'
[2026-07-15 15:28:03] Status Updated: Floor '1'
[2026-07-15 15:28:04] Tag Change: ID '00E2004717D650682181B001' -> Floor '2'
[2026-07-15 15:28:06] Tag Change: ID '00E2004717834068217C7F01' -> Floor '3'
[2026-07-15 15:28:07] Tag Change: ID '00E20047177FC068217C4701' -> Floor '4'
[2026-07-15 15:28:08] Tag Change: ID '00E200471783C068217C8701' -> Floor '5'
[2026-07-15 15:28:10] Tag Change: ID '00E2004717B0C068217F5701' -> Floor '6'
[2026-07-15 15:28:11] Tag Change: ID '00E20047179B0068217DFB01' -> Floor '7'
[2026-07-15 15:28:13] Tag Change: ID '00E2004717940068217D8B01' -> Floor '8'
[2026-07-15 15:28:14] Tag Change: ID '00E20047173F406821783F01' -> Floor '9'
[2026-07-15 15:28:17] Tag Change: ID '00E20047173800682177CB01' -> Floor '11'
[2026-07-15 15:28:18] Tag Change: ID '00E2004717DF906821824401' -> Floor '12'
[2026-07-15 15:28:18] Tag Change: ID '00E20047173640682177AF01' -> Floor '12'
[2026-07-15 15:28:18] Status Updated: Floor '12'
[2026-07-15 15:28:19] Tag Change: ID '00E20047179AC068217DF701' -> Floor '13'
[2026-07-15 15:28:21] Tag Change: ID '00E2004717DB506821820001' -> Floor '14'
[2026-07-15 15:28:22] Tag Change: ID '00E20047179A4068217DEF01' -> Floor '15'
[2026-07-15 15:28:22] Tag Change: ID '00E2004717DB10682181FC01' -> Floor '15'
[2026-07-15 15:28:22] Status Updated: Floor '15'
[2026-07-15 15:28:24] Tag Change: ID '00E20047173FC06821784701' -> Floor '16'
[2026-07-15 15:28:25] Tag Change: ID '00E2004717D4106821818C01' -> Floor '17'
[2026-07-15 15:28:25] Tag Change: ID '00E20047173A40682177EF01' -> Floor '17'
[2026-07-15 15:28:25] Status Updated: Floor '17'
[2026-07-15 15:28:26] Tag Change: ID '00E2004717AF0068217F3B01' -> Floor '18'
[2026-07-15 15:28:28] Tag Change: ID '00E2004718C1706821906201' -> Floor '19'
[2026-07-15 15:28:28] Status Updated: Floor '19'
[2026-07-15 15:28:29] Tag Change: ID '00E20047179B8068217E0301' -> Floor '20'
[2026-07-15 15:28:29] Status Updated: Floor '20'
[2026-07-15 15:28:30] --- Smart Elevator Tracker (Secured) --- ID: C
[2026-07-15 15:28:30] Status URL: https://nitzaelev-default-rtdb.europe-west1.firebasedatabase.app/elevators/C.json
[2026-07-15 15:28:30] Logs URL: https://nitzaelev-default-rtdb.europe-west1.firebasedatabase.app/logs/C.json
[2026-07-15 15:28:32] Tag Change: ID '00E2004718B87068218FD201' -> Floor '22'
[2026-07-15 15:28:33] Tag Change: ID '00E2004717644068217A8F01' -> Floor '23'
[2026-07-15 15:28:34] Tag Change: ID '00E2004717608068217A5301' -> Floor '24'
[2026-07-15 15:28:34] Status Updated: Floor '24'
[2026-07-15 15:28:36] Tag Change: ID '00E20047177F3068217C3E01' -> Floor '25'
[2026-07-15 15:28:37] Tag Change: ID '00E20047175AC0682179F701' -> Floor '26'
[2026-07-15 15:28:37] Status Updated: Floor '26'
[2026-07-15 15:28:40] Tag Change: ID '00E20047175FC068217A4701' -> Floor '27'
[2026-07-15 15:28:41] Tag Change: ID '00E2004718990068218DDB01' -> Floor '27'
[2026-07-15 15:28:41] Status Updated: Floor '27'
