2026-10-07 00:10:30 [INFO] shabbat_detector.hebcal_gate: Hebcal refreshed: 2 start(s), 1 end(s) (geo=281184, diaspora=True)
2026-10-07 00:10:30 [INFO] shabbat_detector.cycle_analyzer: Elevator idle 792s - resetting cycle (was in _Phase.LEG_ONE)
2026-10-07 00:28:00 [INFO] shabbat_detector.hebcal_gate: Hebcal refreshed: 2 start(s), 1 end(s) (geo=281184, diaspora=True)
2026-10-07 00:28:00 [INFO] shabbat_detector.cycle_analyzer: Elevator idle 1005s - resetting cycle (was in _Phase.LEG_ONE)
2026-10-07 00:29:16 [INFO] shabbat_detector.cycle_analyzer: Cycle aborted: returned to TOP without reaching BOTTOM
2026-10-07 01:20:08 [INFO] shabbat_detector.hebcal_gate: Hebcal refreshed: 2 start(s), 1 end(s) (geo=281184, diaspora=True)
2026-10-07 01:20:08 [INFO] shabbat_detector.cycle_analyzer: Elevator idle 3081s - resetting cycle (was in _Phase.LEG_ONE)
2026-10-07 01:28:33 [INFO] shabbat_detector.cycle_analyzer: Elevator idle 378s - resetting cycle (was in _Phase.LEG_ONE)
2026-10-07 01:45:53 [INFO] shabbat_detector.hebcal_gate: Hebcal refreshed: 2 start(s), 1 end(s) (geo=281184, diaspora=True)
2026-10-07 03:51:37 [INFO] shabbat_detector.hebcal_gate: Hebcal refreshed: 2 start(s), 1 end(s) (geo=281184, diaspora=True)
2026-10-07 03:51:37 [INFO] shabbat_detector.cycle_analyzer: Elevator idle 7142s - resetting cycle (was in _Phase.LEG_ONE)
2026-10-07 05:15:58 [INFO] shabbat_detector.hebcal_gate: Hebcal refreshed: 2 start(s), 1 end(s) (geo=281184, diaspora=True)
2026-10-07 05:39:31 [INFO] shabbat_detector.hebcal_gate: Hebcal refreshed: 2 start(s), 1 end(s) (geo=281184, diaspora=True)
2026-10-07 05:53:07 [INFO] shabbat_detector.hebcal_gate: Hebcal refreshed: 2 start(s), 1 end(s) (geo=281184, diaspora=True)
2026-10-07 06:03:10 [INFO] shabbat_detector.hebcal_gate: Hebcal refreshed: 2 start(s), 1 end(s) (geo=281184, diaspora=True)
2026-10-07 07:00:24 [INFO] shabbat_detector.hebcal_gate: Hebcal refreshed: 2 start(s), 1 end(s) (geo=281184, diaspora=True)
2026-10-07 07:20:05 [INFO] shabbat_detector.hebcal_gate: Hebcal refreshed: 2 start(s), 1 end(s) (geo=281184, diaspora=True)
2026-10-07 07:32:36 [INFO] shabbat_detector.hebcal_gate: Hebcal refreshed: 2 start(s), 1 end(s) (geo=281184, diaspora=True)
2026-10-07 07:34:43 [INFO] shabbat_detector.cycle_analyzer: Cycle aborted: returned to BOTTOM without reaching TOP
2026-10-07 07:46:18 [INFO] shabbat_detector.hebcal_gate: Hebcal refreshed: 2 start(s), 1 end(s) (geo=281184, diaspora=True)
2026-10-07 07:46:18 [INFO] shabbat_detector.cycle_analyzer: Elevator idle 336s - resetting cycle (was in _Phase.LEG_ONE)
2026-10-07 07:56:53 [INFO] shabbat_detector.hebcal_gate: Hebcal refreshed: 2 start(s), 1 end(s) (geo=281184, diaspora=True)
2026-10-07 08:06:35 [INFO] shabbat_detector.cycle_analyzer: Cycle aborted: returned to BOTTOM without reaching TOP
2026-10-07 08:06:55 [INFO] shabbat_detector.hebcal_gate: Hebcal refreshed: 2 start(s), 1 end(s) (geo=281184, diaspora=True)
2026-10-07 08:09:03 [INFO] shabbat_detector.cycle_analyzer: Cycle aborted: returned to BOTTOM without reaching TOP
2026-10-07 08:12:57 [INFO] shabbat_detector.cycle_analyzer: Cycle complete: 194s, up_stops=['-2', '-1', '0', '9'], down_stops=['7', '-1', '-2']
2026-10-07 08:12:57 [INFO] shabbat_detector.fsm: [D] DetectorState.CANDIDATE_SHABBAT → DetectorState.NORMAL
2026-10-07 08:12:57 [INFO] detector: SHABBAT TRANSITION CANDIDATE_SHABBAT -> NORMAL | סיבה: מחזור לא תאם - עצירות לא חוקיות בעלייה: ['9']; עצירות לא חוקיות בירידה: ['7']; כיסוי קומות חלקי (עלייה 100%, ירידה 25%); 3 חריגות טיימינג
2026-10-07 08:14:57 [INFO] detector: Config updated remotely (keys=['SHABBAT_DETECTOR'])
2026-10-07 08:17:09 [INFO] shabbat_detector.hebcal_gate: Hebcal refreshed: 2 start(s), 1 end(s) (geo=281184, diaspora=True)
2026-10-07 08:29:02 [INFO] shabbat_detector.hebcal_gate: Hebcal refreshed: 2 start(s), 1 end(s) (geo=281184, diaspora=True)
2026-10-07 08:31:50 [INFO] shabbat_detector.cycle_analyzer: Cycle recovered (missed TOP-terminal read): 1159s, up_stops=['0', '6', '-2', '4', '8', '0', '9', '11'], down_stops=['5', '0', '-2', '-1', '8', '11', '6', '0', '6', '11', '9', '8', '-2', '0', '10', '8', '-2', '-1']
2026-10-07 08:31:50 [INFO] shabbat_detector.fsm: [D] DetectorState.NORMAL → DetectorState.CANDIDATE_SHABBAT
2026-10-07 08:31:50 [INFO] detector: SHABBAT TRANSITION NORMAL -> CANDIDATE_SHABBAT | סיבה: מחזור אפשרי החל - ממתין להשלמה
2026-10-07 08:31:50 [INFO] shabbat_detector.fsm: [D] DetectorState.CANDIDATE_SHABBAT → DetectorState.NORMAL
2026-10-07 08:31:50 [INFO] detector: SHABBAT TRANSITION CANDIDATE_SHABBAT -> NORMAL | סיבה: מחזור לא תאם - עצירות לא חוקיות בעלייה: ['11', '4', '6', '8', '9']; עצירות לא חוקיות בירידה: ['11', '5', '9']; קפיצות-אחורה (עלייה 2, ירידה 8); 9 חריגות טיימינג
2026-10-07 08:31:50 [INFO] detector: Config updated remotely (keys=['SHABBAT_DETECTOR'])
2026-10-07 08:33:21 [INFO] detector: Config updated remotely (keys=['SHABBAT_DETECTOR'])
2026-10-07 08:37:28 [INFO] shabbat_detector.cycle_analyzer: Cycle aborted: returned to BOTTOM without reaching TOP
2026-10-07 08:37:28 [INFO] shabbat_detector.fsm: [D] DetectorState.NORMAL → DetectorState.CANDIDATE_SHABBAT
2026-10-07 08:37:28 [INFO] detector: SHABBAT TRANSITION NORMAL -> CANDIDATE_SHABBAT | סיבה: מחזור אפשרי החל - ממתין להשלמה
2026-10-07 08:38:33 [INFO] detector: Config updated remotely (keys=['SHABBAT_DETECTOR'])
2026-10-07 08:43:34 [INFO] shabbat_detector.hebcal_gate: Hebcal refreshed: 2 start(s), 1 end(s) (geo=281184, diaspora=True)
2026-10-07 08:43:34 [INFO] shabbat_detector.cycle_analyzer: Elevator idle 358s - resetting cycle (was in _Phase.LEG_ONE)
2026-10-07 08:53:47 [INFO] shabbat_detector.hebcal_gate: Hebcal refreshed: 2 start(s), 1 end(s) (geo=281184, diaspora=True)
2026-10-07 09:03:53 [INFO] shabbat_detector.hebcal_gate: Hebcal refreshed: 2 start(s), 1 end(s) (geo=281184, diaspora=True)
2026-10-07 09:14:04 [INFO] shabbat_detector.hebcal_gate: Hebcal refreshed: 2 start(s), 1 end(s) (geo=281184, diaspora=True)
2026-10-07 09:14:51 [INFO] shabbat_detector.cycle_analyzer: Cycle recovered (missed BOTTOM-terminal read): 638s, up_stops=['8', '-1', '6', '-2', '0', '9', '10', '-2', '6', '11', '5', '4', '-1', '-2', '10'], down_stops=['9', '-2']
2026-10-07 09:14:51 [INFO] shabbat_detector.fsm: [D] DetectorState.CANDIDATE_SHABBAT → DetectorState.NORMAL
2026-10-07 09:14:51 [INFO] detector: SHABBAT TRANSITION CANDIDATE_SHABBAT -> NORMAL | סיבה: מחזור לא תאם - עצירות לא חוקיות בעלייה: ['10', '11', '4', '5', '6', '8', '9']; עצירות לא חוקיות בירידה: ['9']; כיסוי קומות חלקי (עלייה 100%, ירידה 12%); קפיצות-אחורה (עלייה 7, ירידה 0); 9 חריגות טיימינג
2026-10-07 09:17:21 [INFO] detector: Config updated remotely (keys=['SHABBAT_DETECTOR'])
2026-10-07 09:21:43 [WARNING] shabbat_detector.cycle_analyzer: Unexpected: touched opposite terminal again in leg 2
2026-10-07 09:24:37 [INFO] shabbat_detector.hebcal_gate: Hebcal refreshed: 2 start(s), 1 end(s) (geo=281184, diaspora=True)
2026-10-07 09:25:02 [WARNING] shabbat_detector.cycle_analyzer: Unexpected: touched opposite terminal again in leg 2
2026-10-07 09:26:05 [WARNING] shabbat_detector.cycle_analyzer: Unexpected: touched opposite terminal again in leg 2
2026-10-07 09:36:51 [INFO] shabbat_detector.hebcal_gate: Hebcal refreshed: 2 start(s), 1 end(s) (geo=281184, diaspora=True)
2026-10-07 09:38:34 [WARNING] shabbat_detector.cycle_analyzer: Unexpected: touched opposite terminal again in leg 2
2026-10-07 09:40:27 [WARNING] shabbat_detector.cycle_analyzer: Unexpected: touched opposite terminal again in leg 2
2026-10-07 09:46:42 [INFO] shabbat_detector.hebcal_gate: Hebcal refreshed: 2 start(s), 1 end(s) (geo=281184, diaspora=True)
2026-10-07 09:47:32 [INFO] shabbat_detector.cycle_analyzer: Cycle complete: 1963s, up_stops=['-2', '10', '4', '9', '-1', '9', '1', '0', '7', '-1', '9', '-1', '2', '-1', '9', '0', '-1', '0', '-1', '0', '5', '6', '-1', '-1', '-2', '-2', '8', '-1', '5', '-2', '0', '-1', '2', '3', '6', '11', '-2', '-1', '1'], down_stops=['-2', '9', '8', '-2']
2026-10-07 09:47:32 [INFO] shabbat_detector.fsm: [D] DetectorState.NORMAL → DetectorState.CANDIDATE_SHABBAT
2026-10-07 09:47:32 [INFO] detector: SHABBAT TRANSITION NORMAL -> CANDIDATE_SHABBAT | סיבה: מחזור אפשרי החל - ממתין להשלמה
2026-10-07 09:47:32 [INFO] shabbat_detector.fsm: [D] DetectorState.CANDIDATE_SHABBAT → DetectorState.NORMAL
2026-10-07 09:47:32 [INFO] detector: SHABBAT TRANSITION CANDIDATE_SHABBAT -> NORMAL | סיבה: מחזור לא תאם - עצירות לא חוקיות בעלייה: ['1', '10', '11', '2', '3', '4', '5', '6', '7', '8', '9']; עצירות לא חוקיות בירידה: ['9']; כיסוי קומות חלקי (עלייה 100%, ירידה 25%); קפיצות-אחורה (עלייה 16, ירידה 1); חזרות על קומות (עלייה 25, ירידה 1); 12 חריגות טיימינג
2026-10-07 09:47:33 [INFO] detector: Config updated remotely (keys=['SHABBAT_DETECTOR'])
2026-10-07 09:48:03 [INFO] detector: Config updated remotely (keys=['SHABBAT_DETECTOR'])
2026-10-07 09:57:08 [INFO] shabbat_detector.hebcal_gate: Hebcal refreshed: 2 start(s), 1 end(s) (geo=281184, diaspora=True)
2026-10-07 09:59:49 [INFO] shabbat_detector.cycle_analyzer: Cycle complete: 663s, up_stops=['-2'], down_stops=['0', '10', '11', '-1', '-2', '-1', '0', '-1']
2026-10-07 09:59:49 [INFO] shabbat_detector.fsm: [D] DetectorState.NORMAL → DetectorState.CANDIDATE_SHABBAT
2026-10-07 09:59:49 [INFO] detector: SHABBAT TRANSITION NORMAL -> CANDIDATE_SHABBAT | סיבה: מחזור אפשרי החל - ממתין להשלמה
2026-10-07 09:59:49 [INFO] shabbat_detector.fsm: [D] DetectorState.CANDIDATE_SHABBAT → DetectorState.NORMAL
2026-10-07 09:59:49 [INFO] detector: SHABBAT TRANSITION CANDIDATE_SHABBAT -> NORMAL | סיבה: מחזור לא תאם - עצירות לא חוקיות בירידה: ['11']; כיסוי קומות חלקי (עלייה 33%, ירידה 50%); 3 חריגות טיימינג
2026-10-07 09:59:50 [INFO] detector: Config updated remotely (keys=['SHABBAT_DETECTOR'])
2026-10-07 10:00:49 [INFO] detector: Config updated remotely (keys=['SHABBAT_DETECTOR'])
2026-10-07 10:06:54 [INFO] shabbat_detector.hebcal_gate: Hebcal refreshed: 2 start(s), 1 end(s) (geo=281184, diaspora=True)
2026-10-07 10:08:18 [WARNING] shabbat_detector.cycle_analyzer: Unexpected: touched opposite terminal again in leg 2
2026-10-07 10:13:38 [WARNING] shabbat_detector.cycle_analyzer: Unexpected: touched opposite terminal again in leg 2
2026-10-07 10:17:06 [INFO] shabbat_detector.hebcal_gate: Hebcal refreshed: 2 start(s), 1 end(s) (geo=281184, diaspora=True)
2026-10-07 10:18:55 [WARNING] shabbat_detector.cycle_analyzer: Unexpected: touched opposite terminal again in leg 2
2026-10-07 10:27:26 [INFO] shabbat_detector.hebcal_gate: Hebcal refreshed: 2 start(s), 1 end(s) (geo=281184, diaspora=True)
2026-10-07 10:33:10 [INFO] shabbat_detector.cycle_analyzer: Elevator idle 301s - resetting cycle (was in _Phase.LEG_TWO)
2026-10-07 10:36:20 [INFO] shabbat_detector.fsm: [D] DetectorState.NORMAL → DetectorState.CANDIDATE_SHABBAT
2026-10-07 10:36:20 [INFO] detector: SHABBAT TRANSITION NORMAL -> CANDIDATE_SHABBAT | סיבה: מחזור אפשרי החל - ממתין להשלמה
2026-10-07 10:37:51 [INFO] detector: Config updated remotely (keys=['SHABBAT_DETECTOR'])
2026-10-07 10:40:17 [INFO] shabbat_detector.hebcal_gate: Hebcal refreshed: 2 start(s), 1 end(s) (geo=281184, diaspora=True)
2026-10-07 10:42:28 [INFO] shabbat_detector.cycle_analyzer: Cycle complete: 356s, up_stops=['7'], down_stops=['5', '10', '-1']
2026-10-07 10:42:28 [INFO] shabbat_detector.fsm: [D] DetectorState.CANDIDATE_SHABBAT → DetectorState.NORMAL
2026-10-07 10:42:28 [INFO] detector: SHABBAT TRANSITION CANDIDATE_SHABBAT -> NORMAL | סיבה: מחזור לא תאם - עצירות לא חוקיות בעלייה: ['7']; עצירות לא חוקיות בירידה: ['5']; כיסוי קומות חלקי (עלייה 0%, ירידה 25%); 3 חריגות טיימינג
2026-10-07 10:44:28 [INFO] detector: Config updated remotely (keys=['SHABBAT_DETECTOR'])
2026-10-07 10:50:27 [INFO] shabbat_detector.hebcal_gate: Hebcal refreshed: 2 start(s), 1 end(s) (geo=281184, diaspora=True)
2026-10-07 10:55:27 [WARNING] shabbat_detector.cycle_analyzer: Unexpected: touched opposite terminal again in leg 2
2026-10-07 10:57:12 [WARNING] shabbat_detector.cycle_analyzer: Unexpected: touched opposite terminal again in leg 2
2026-10-07 11:00:17 [INFO] shabbat_detector.cycle_analyzer: Cycle complete: 1084s, up_stops=['-1', '0', '-1', '11'], down_stops=['11', '-1', '10', '0', '10', '4', '6', '-1', '10', '-1', '-1', '6', '-1', '9', '8', '-1']
2026-10-07 11:00:17 [INFO] shabbat_detector.fsm: [D] DetectorState.NORMAL → DetectorState.CANDIDATE_SHABBAT
2026-10-07 11:00:17 [INFO] detector: SHABBAT TRANSITION NORMAL -> CANDIDATE_SHABBAT | סיבה: מחזור אפשרי החל - ממתין להשלמה
2026-10-07 11:00:17 [INFO] shabbat_detector.fsm: [D] DetectorState.CANDIDATE_SHABBAT → DetectorState.NORMAL
2026-10-07 11:00:17 [INFO] detector: SHABBAT TRANSITION CANDIDATE_SHABBAT -> NORMAL | סיבה: מחזור לא תאם - עצירות לא חוקיות בעלייה: ['11']; עצירות לא חוקיות בירידה: ['11', '9']; קפיצות-אחורה (עלייה 1, ירידה 6); 7 חריגות טיימינג
2026-10-07 11:00:18 [INFO] detector: Config updated remotely (keys=['SHABBAT_DETECTOR'])
2026-10-07 11:00:48 [INFO] shabbat_detector.hebcal_gate: Hebcal refreshed: 2 start(s), 1 end(s) (geo=281184, diaspora=True)
2026-10-07 11:01:48 [INFO] detector: Config updated remotely (keys=['SHABBAT_DETECTOR'])
2026-10-07 11:11:51 [INFO] shabbat_detector.hebcal_gate: Hebcal refreshed: 2 start(s), 1 end(s) (geo=281184, diaspora=True)
2026-10-07 11:16:21 [INFO] shabbat_detector.cycle_analyzer: Cycle complete: 960s, up_stops=['-1'], down_stops=['11', '6', '4', '-1', '-2', '0', '4', '0', '6', '-1', '1', '11', '2', '0', '-1', '-2', '-1', '5']
2026-10-07 11:16:21 [INFO] shabbat_detector.fsm: [D] DetectorState.NORMAL → DetectorState.CANDIDATE_SHABBAT
2026-10-07 11:16:21 [INFO] detector: SHABBAT TRANSITION NORMAL -> CANDIDATE_SHABBAT | סיבה: מחזור אפשרי החל - ממתין להשלמה
2026-10-07 11:16:21 [INFO] shabbat_detector.fsm: [D] DetectorState.CANDIDATE_SHABBAT → DetectorState.NORMAL
2026-10-07 11:16:21 [INFO] detector: SHABBAT TRANSITION CANDIDATE_SHABBAT -> NORMAL | סיבה: מחזור לא תאם - עצירות לא חוקיות בירידה: ['1', '11', '5']; כיסוי קומות חלקי (עלייה 33%, ירידה 75%); קפיצות-אחורה (עלייה 0, ירידה 7); 7 חריגות טיימינג
2026-10-07 11:16:25 [INFO] detector: Config updated remotely (keys=['SHABBAT_DETECTOR'])
2026-10-07 11:16:54 [INFO] detector: Config updated remotely (keys=['SHABBAT_DETECTOR'])
2026-10-07 11:20:47 [INFO] shabbat_detector.cycle_analyzer: Cycle aborted: returned to BOTTOM without reaching TOP
2026-10-07 11:20:47 [INFO] shabbat_detector.fsm: [D] DetectorState.NORMAL → DetectorState.CANDIDATE_SHABBAT
2026-10-07 11:20:47 [INFO] detector: SHABBAT TRANSITION NORMAL -> CANDIDATE_SHABBAT | סיבה: מחזור אפשרי החל - ממתין להשלמה
2026-10-07 11:22:17 [INFO] detector: Config updated remotely (keys=['SHABBAT_DETECTOR'])
2026-10-07 11:22:28 [INFO] shabbat_detector.hebcal_gate: Hebcal refreshed: 2 start(s), 1 end(s) (geo=281184, diaspora=True)
2026-10-07 11:30:15 [INFO] shabbat_detector.cycle_analyzer: Cycle recovered (missed TOP-terminal read): 585s, up_stops=['-1', '0', '-1', '0', '-1', '11'], down_stops=['-1', '1', '-1']
2026-10-07 11:30:15 [INFO] shabbat_detector.fsm: [D] DetectorState.CANDIDATE_SHABBAT → DetectorState.NORMAL
2026-10-07 11:30:15 [INFO] detector: SHABBAT TRANSITION CANDIDATE_SHABBAT -> NORMAL | סיבה: מחזור לא תאם - עצירות לא חוקיות בעלייה: ['11']; עצירות לא חוקיות בירידה: ['1']; כיסוי קומות חלקי (עלייה 67%, ירידה 12%); 3 חריגות טיימינג
2026-10-07 11:31:45 [INFO] detector: Config updated remotely (keys=['SHABBAT_DETECTOR'])
2026-10-07 11:36:30 [INFO] shabbat_detector.hebcal_gate: Hebcal refreshed: 2 start(s), 1 end(s) (geo=281184, diaspora=True)
2026-10-07 11:36:30 [INFO] shabbat_detector.cycle_analyzer: Elevator idle 315s - resetting cycle (was in _Phase.LEG_ONE)
2026-10-07 11:36:31 [INFO] shabbat_detector.fsm: [D] DetectorState.NORMAL → DetectorState.CANDIDATE_SHABBAT
2026-10-07 11:36:31 [INFO] detector: SHABBAT TRANSITION NORMAL -> CANDIDATE_SHABBAT | סיבה: מחזור אפשרי החל - ממתין להשלמה
2026-10-07 11:37:01 [INFO] detector: Config updated remotely (keys=['SHABBAT_DETECTOR'])
2026-10-07 11:42:08 [INFO] shabbat_detector.cycle_analyzer: Cycle complete: 268s, up_stops=['-1', '5', '4'], down_stops=['-1']
2026-10-07 11:42:08 [INFO] shabbat_detector.fsm: [D] DetectorState.CANDIDATE_SHABBAT → DetectorState.NORMAL
2026-10-07 11:42:08 [INFO] detector: SHABBAT TRANSITION CANDIDATE_SHABBAT -> NORMAL | סיבה: מחזור לא תאם - עצירות לא חוקיות בעלייה: ['4', '5']; כיסוי קומות חלקי (עלייה 33%, ירידה 12%); 3 חריגות טיימינג
2026-10-07 11:42:38 [INFO] detector: Config updated remotely (keys=['SHABBAT_DETECTOR'])
2026-10-07 11:43:12 [INFO] shabbat_detector.cycle_analyzer: Cycle aborted: returned to BOTTOM without reaching TOP
2026-10-07 11:43:12 [INFO] shabbat_detector.fsm: [D] DetectorState.NORMAL → DetectorState.CANDIDATE_SHABBAT
2026-10-07 11:43:12 [INFO] detector: SHABBAT TRANSITION NORMAL -> CANDIDATE_SHABBAT | סיבה: מחזור אפשרי החל - ממתין להשלמה
2026-10-07 11:45:13 [INFO] detector: Config updated remotely (keys=['SHABBAT_DETECTOR'])
2026-10-07 11:45:28 [INFO] shabbat_detector.cycle_analyzer: Cycle aborted: returned to BOTTOM without reaching TOP
2026-10-07 11:49:05 [INFO] shabbat_detector.hebcal_gate: Hebcal refreshed: 2 start(s), 1 end(s) (geo=281184, diaspora=True)
2026-10-07 11:49:33 [INFO] shabbat_detector.cycle_analyzer: Cycle aborted: returned to BOTTOM without reaching TOP
2026-10-07 11:57:22 [INFO] shabbat_detector.cycle_analyzer: Cycle aborted: returned to BOTTOM without reaching TOP
2026-10-07 11:59:07 [INFO] shabbat_detector.hebcal_gate: Hebcal refreshed: 2 start(s), 1 end(s) (geo=281184, diaspora=True)
2026-10-07 12:05:35 [INFO] shabbat_detector.cycle_analyzer: Cycle complete: 465s, up_stops=['-1', '0'], down_stops=['6', '-1']
2026-10-07 12:05:35 [INFO] shabbat_detector.fsm: [D] DetectorState.CANDIDATE_SHABBAT → DetectorState.NORMAL
2026-10-07 12:05:35 [INFO] detector: SHABBAT TRANSITION CANDIDATE_SHABBAT -> NORMAL | סיבה: מחזור לא תאם - כיסוי קומות חלקי (עלייה 67%, ירידה 25%); 1 חריגות טיימינג
2026-10-07 12:07:36 [INFO] detector: Config updated remotely (keys=['SHABBAT_DETECTOR'])
2026-10-07 12:09:44 [INFO] shabbat_detector.hebcal_gate: Hebcal refreshed: 2 start(s), 1 end(s) (geo=281184, diaspora=True)
2026-10-07 12:19:44 [INFO] shabbat_detector.hebcal_gate: Hebcal refreshed: 2 start(s), 1 end(s) (geo=281184, diaspora=True)
2026-10-07 12:29:22 [INFO] shabbat_detector.cycle_analyzer: Cycle recovered (missed TOP-terminal read): 1427s, up_stops=['-1', '7', '6', '-1', '6', '5', '11'], down_stops=['6', '-1', '3', '-1', '5', '-1', '8', '7', '-1', '6', '3', '11']
2026-10-07 12:29:22 [INFO] shabbat_detector.fsm: [D] DetectorState.NORMAL → DetectorState.CANDIDATE_SHABBAT
2026-10-07 12:29:22 [INFO] detector: SHABBAT TRANSITION NORMAL -> CANDIDATE_SHABBAT | סיבה: מחזור אפשרי החל - ממתין להשלמה
2026-10-07 12:29:22 [INFO] shabbat_detector.fsm: [D] DetectorState.CANDIDATE_SHABBAT → DetectorState.NORMAL
2026-10-07 12:29:22 [INFO] detector: SHABBAT TRANSITION CANDIDATE_SHABBAT -> NORMAL | סיבה: מחזור לא תאם - עצירות לא חוקיות בעלייה: ['11', '5', '6', '7']; עצירות לא חוקיות בירידה: ['11', '3', '5', '7']; כיסוי קומות חלקי (עלייה 33%, ירידה 38%); קפיצות-אחורה (עלייה 3, ירידה 5); 6 חריגות טיימינג
2026-10-07 12:29:23 [INFO] detector: Config updated remotely (keys=['SHABBAT_DETECTOR'])
2026-10-07 12:30:12 [INFO] shabbat_detector.hebcal_gate: Hebcal refreshed: 2 start(s), 1 end(s) (geo=281184, diaspora=True)
2026-10-07 12:31:23 [INFO] detector: Config updated remotely (keys=['SHABBAT_DETECTOR'])
2026-10-07 12:33:06 [INFO] shabbat_detector.cycle_analyzer: Cycle aborted: returned to BOTTOM without reaching TOP
2026-10-07 12:33:06 [INFO] shabbat_detector.fsm: [D] DetectorState.NORMAL → DetectorState.CANDIDATE_SHABBAT
2026-10-07 12:33:06 [INFO] detector: SHABBAT TRANSITION NORMAL -> CANDIDATE_SHABBAT | סיבה: מחזור אפשרי החל - ממתין להשלמה
2026-10-07 12:34:37 [INFO] detector: Config updated remotely (keys=['SHABBAT_DETECTOR'])
2026-10-07 12:36:02 [INFO] shabbat_detector.cycle_analyzer: Cycle aborted: returned to BOTTOM without reaching TOP
2026-10-07 12:40:17 [INFO] shabbat_detector.hebcal_gate: Hebcal refreshed: 2 start(s), 1 end(s) (geo=281184, diaspora=True)
2026-10-07 12:46:04 [INFO] shabbat_detector.cycle_analyzer: Cycle recovered (missed TOP-terminal read): 631s, up_stops=['-2', '1', '2', '0', '3', '4', '4', '11'], down_stops=['-1', '0']
2026-10-07 12:46:04 [INFO] shabbat_detector.fsm: [D] DetectorState.CANDIDATE_SHABBAT → DetectorState.NORMAL
2026-10-07 12:46:04 [INFO] detector: SHABBAT TRANSITION CANDIDATE_SHABBAT -> NORMAL | סיבה: מחזור לא תאם - עצירות לא חוקיות בעלייה: ['1', '11', '2', '3', '4']; כיסוי קומות חלקי (עלייה 67%, ירידה 25%); 6 חריגות טיימינג
2026-10-07 12:46:35 [INFO] detector: Config updated remotely (keys=['SHABBAT_DETECTOR'])
2026-10-07 12:46:45 [INFO] shabbat_detector.cycle_analyzer: Cycle aborted: returned to BOTTOM without reaching TOP
2026-10-07 12:46:45 [INFO] shabbat_detector.fsm: [D] DetectorState.NORMAL → DetectorState.CANDIDATE_SHABBAT
2026-10-07 12:46:45 [INFO] detector: SHABBAT TRANSITION NORMAL -> CANDIDATE_SHABBAT | סיבה: מחזור אפשרי החל - ממתין להשלמה
2026-10-07 12:47:45 [INFO] detector: Config updated remotely (keys=['SHABBAT_DETECTOR'])
2026-10-07 12:54:01 [INFO] shabbat_detector.hebcal_gate: Hebcal refreshed: 2 start(s), 1 end(s) (geo=281184, diaspora=True)
2026-10-07 12:54:01 [INFO] shabbat_detector.cycle_analyzer: Elevator idle 431s - resetting cycle (was in _Phase.LEG_ONE)
2026-10-07 12:54:57 [INFO] shabbat_detector.cycle_analyzer: Cycle aborted: returned to BOTTOM without reaching TOP
2026-10-07 12:57:44 [INFO] shabbat_detector.cycle_analyzer: Cycle aborted: returned to BOTTOM without reaching TOP
2026-10-07 13:05:44 [INFO] shabbat_detector.hebcal_gate: Hebcal refreshed: 2 start(s), 1 end(s) (geo=281184, diaspora=True)
2026-10-07 13:06:15 [INFO] shabbat_detector.cycle_analyzer: Cycle aborted: returned to BOTTOM without reaching TOP
2026-10-07 13:18:18 [INFO] shabbat_detector.hebcal_gate: Hebcal refreshed: 2 start(s), 1 end(s) (geo=281184, diaspora=True)
2026-10-07 13:23:07 [INFO] shabbat_detector.cycle_analyzer: Cycle aborted: returned to BOTTOM without reaching TOP
2026-10-07 13:28:02 [INFO] shabbat_detector.cycle_analyzer: Cycle aborted: returned to BOTTOM without reaching TOP
2026-10-07 13:33:23 [INFO] shabbat_detector.hebcal_gate: Hebcal refreshed: 2 start(s), 1 end(s) (geo=281184, diaspora=True)
2026-10-07 13:33:23 [INFO] shabbat_detector.cycle_analyzer: Elevator idle 436s - resetting cycle (was in _Phase.LEG_ONE)
2026-10-07 13:39:27 [INFO] shabbat_detector.cycle_analyzer: Cycle aborted: returned to BOTTOM without reaching TOP
2026-10-07 13:42:39 [INFO] shabbat_detector.cycle_analyzer: Cycle aborted: returned to BOTTOM without reaching TOP
2026-10-07 13:48:13 [INFO] shabbat_detector.hebcal_gate: Hebcal refreshed: 2 start(s), 1 end(s) (geo=281184, diaspora=True)
2026-10-07 13:48:13 [INFO] shabbat_detector.cycle_analyzer: Elevator idle 390s - resetting cycle (was in _Phase.LEG_ONE)
2026-10-07 13:49:30 [INFO] shabbat_detector.cycle_analyzer: Cycle aborted: returned to BOTTOM without reaching TOP
2026-10-07 13:59:43 [INFO] shabbat_detector.cycle_analyzer: Cycle recovered (missed TOP-terminal read): 553s, up_stops=['-1', '0', '-1', '10', '11'], down_stops=['-1']
2026-10-07 13:59:43 [INFO] shabbat_detector.fsm: [D] DetectorState.CANDIDATE_SHABBAT → DetectorState.NORMAL
2026-10-07 13:59:43 [INFO] detector: SHABBAT TRANSITION CANDIDATE_SHABBAT -> NORMAL | סיבה: מחזור לא תאם - עצירות לא חוקיות בעלייה: ['10', '11']; כיסוי קומות חלקי (עלייה 67%, ירידה 12%); 3 חריגות טיימינג
2026-10-07 14:01:16 [INFO] shabbat_detector.hebcal_gate: Hebcal refreshed: 2 start(s), 1 end(s) (geo=281184, diaspora=True)
2026-10-07 14:01:43 [INFO] detector: Config updated remotely (keys=['SHABBAT_DETECTOR'])
2026-10-07 14:11:57 [INFO] shabbat_detector.hebcal_gate: Hebcal refreshed: 2 start(s), 1 end(s) (geo=281184, diaspora=True)
2026-10-07 14:21:39 [WARNING] shabbat_detector.cycle_analyzer: Unexpected: touched opposite terminal again in leg 2
2026-10-07 14:23:27 [INFO] shabbat_detector.hebcal_gate: Hebcal refreshed: 2 start(s), 1 end(s) (geo=281184, diaspora=True)
2026-10-07 14:23:27 [INFO] shabbat_detector.cycle_analyzer: Cycle complete: 1454s, up_stops=['-1', '7', '-1', '-2', '-1', '0', '9', '-2', '-1', '2', '-1', '11', '8', '-1'], down_stops=['11', '10', '-1', '2', '0', '-1', '6', '-1', '0', '6', '8', '6', '11']
2026-10-07 14:23:27 [INFO] shabbat_detector.fsm: [D] DetectorState.NORMAL → DetectorState.CANDIDATE_SHABBAT
2026-10-07 14:23:27 [INFO] detector: SHABBAT TRANSITION NORMAL -> CANDIDATE_SHABBAT | סיבה: מחזור אפשרי החל - ממתין להשלמה
2026-10-07 14:23:28 [INFO] shabbat_detector.fsm: [D] DetectorState.CANDIDATE_SHABBAT → DetectorState.NORMAL
2026-10-07 14:23:28 [INFO] detector: SHABBAT TRANSITION CANDIDATE_SHABBAT -> NORMAL | סיבה: מחזור לא תאם - עצירות לא חוקיות בעלייה: ['11', '2', '7', '8', '9']; עצירות לא חוקיות בירידה: ['11']; קפיצות-אחורה (עלייה 6, ירידה 6); 9 חריגות טיימינג
2026-10-07 14:23:29 [INFO] detector: Config updated remotely (keys=['SHABBAT_DETECTOR'])
2026-10-07 14:24:28 [INFO] detector: Config updated remotely (keys=['SHABBAT_DETECTOR'])
2026-10-07 14:24:47 [INFO] shabbat_detector.cycle_analyzer: Cycle aborted: returned to BOTTOM without reaching TOP
2026-10-07 14:24:47 [INFO] shabbat_detector.fsm: [D] DetectorState.NORMAL → DetectorState.CANDIDATE_SHABBAT
2026-10-07 14:24:47 [INFO] detector: SHABBAT TRANSITION NORMAL -> CANDIDATE_SHABBAT | סיבה: מחזור אפשרי החל - ממתין להשלמה
2026-10-07 14:25:48 [INFO] detector: Config updated remotely (keys=['SHABBAT_DETECTOR'])
2026-10-07 14:27:35 [INFO] shabbat_detector.cycle_analyzer: Cycle aborted: returned to BOTTOM without reaching TOP
2026-10-07 14:28:54 [INFO] shabbat_detector.cycle_analyzer: Cycle aborted: returned to BOTTOM without reaching TOP
2026-10-07 14:32:05 [INFO] shabbat_detector.hebcal_gate: Hebcal refreshed: 2 start(s), 1 end(s) (geo=281184, diaspora=True)
2026-10-07 14:40:09 [WARNING] shabbat_detector.cycle_analyzer: Unexpected: touched opposite terminal again in leg 2
2026-10-07 14:42:19 [INFO] shabbat_detector.hebcal_gate: Hebcal refreshed: 2 start(s), 1 end(s) (geo=281184, diaspora=True)
2026-10-07 14:49:58 [INFO] shabbat_detector.cycle_analyzer: Cycle complete: 1263s, up_stops=['-1', '6', '-1', '2', '-1', '6', '10', '8'], down_stops=['-1', '-1', '10', '-1', '11', '-1', '0', '-1', '10', '7', '-1', '2', '4', '3']
2026-10-07 14:49:58 [INFO] shabbat_detector.fsm: [D] DetectorState.CANDIDATE_SHABBAT → DetectorState.NORMAL
2026-10-07 14:49:58 [INFO] detector: SHABBAT TRANSITION CANDIDATE_SHABBAT -> NORMAL | סיבה: מחזור לא תאם - עצירות לא חוקיות בעלייה: ['10', '2', '6', '8']; עצירות לא חוקיות בירידה: ['11', '3', '7']; כיסוי קומות חלקי (עלייה 33%, ירידה 62%); קפיצות-אחורה (עלייה 3, ירידה 6); 8 חריגות טיימינג
2026-10-07 14:50:28 [INFO] detector: Config updated remotely (keys=['SHABBAT_DETECTOR'])
2026-10-07 14:50:46 [INFO] shabbat_detector.cycle_analyzer: Cycle aborted: returned to BOTTOM without reaching TOP
2026-10-07 14:50:46 [INFO] shabbat_detector.fsm: [D] DetectorState.NORMAL → DetectorState.CANDIDATE_SHABBAT
2026-10-07 14:50:46 [INFO] detector: SHABBAT TRANSITION NORMAL -> CANDIDATE_SHABBAT | סיבה: מחזור אפשרי החל - ממתין להשלמה
2026-10-07 14:51:47 [INFO] detector: Config updated remotely (keys=['SHABBAT_DETECTOR'])
2026-10-07 14:52:13 [INFO] shabbat_detector.cycle_analyzer: Cycle aborted: returned to BOTTOM without reaching TOP
2026-10-07 14:53:00 [INFO] shabbat_detector.hebcal_gate: Hebcal refreshed: 2 start(s), 1 end(s) (geo=281184, diaspora=True)
2026-10-07 14:55:35 [INFO] shabbat_detector.cycle_analyzer: Cycle aborted: returned to BOTTOM without reaching TOP
2026-10-07 14:58:44 [INFO] shabbat_detector.cycle_analyzer: Cycle recovered (missed TOP-terminal read): 173s, up_stops=['11'], down_stops=['0', '-1']
2026-10-07 14:58:44 [INFO] shabbat_detector.fsm: [D] DetectorState.CANDIDATE_SHABBAT → DetectorState.NORMAL
2026-10-07 14:58:44 [INFO] detector: SHABBAT TRANSITION CANDIDATE_SHABBAT -> NORMAL | סיבה: מחזור לא תאם - עצירות לא חוקיות בעלייה: ['11']; כיסוי קומות חלקי (עלייה 0%, ירידה 25%)
2026-10-07 14:59:59 [INFO] shabbat_detector.cycle_analyzer: Cycle aborted: returned to BOTTOM without reaching TOP
2026-10-07 14:59:59 [INFO] shabbat_detector.fsm: [D] DetectorState.NORMAL → DetectorState.CANDIDATE_SHABBAT
2026-10-07 14:59:59 [INFO] detector: SHABBAT TRANSITION NORMAL -> CANDIDATE_SHABBAT | סיבה: מחזור אפשרי החל - ממתין להשלמה
2026-10-07 15:00:00 [INFO] detector: Config updated remotely (keys=['SHABBAT_DETECTOR'])
2026-10-07 15:01:30 [INFO] detector: Config updated remotely (keys=['SHABBAT_DETECTOR'])
2026-10-07 15:03:55 [INFO] shabbat_detector.hebcal_gate: Hebcal refreshed: 2 start(s), 1 end(s) (geo=281184, diaspora=True)
2026-10-07 15:12:07 [INFO] shabbat_detector.cycle_analyzer: Elevator idle 434s - resetting cycle (was in _Phase.LEG_TWO)
2026-10-07 15:15:23 [INFO] shabbat_detector.hebcal_gate: Hebcal refreshed: 2 start(s), 1 end(s) (geo=281184, diaspora=True)
2026-10-07 15:20:44 [INFO] shabbat_detector.cycle_analyzer: Cycle complete: 463s, up_stops=['11'], down_stops=['10']
2026-10-07 15:20:44 [INFO] shabbat_detector.fsm: [D] DetectorState.CANDIDATE_SHABBAT → DetectorState.NORMAL
2026-10-07 15:20:44 [INFO] detector: SHABBAT TRANSITION CANDIDATE_SHABBAT -> NORMAL | סיבה: מחזור לא תאם - עצירות לא חוקיות בעלייה: ['11']; כיסוי קומות חלקי (עלייה 0%, ירידה 12%); 1 חריגות טיימינג
2026-10-07 15:22:14 [INFO] detector: Config updated remotely (keys=['SHABBAT_DETECTOR'])
2026-10-07 15:24:17 [INFO] shabbat_detector.cycle_analyzer: Cycle complete: 266s, up_stops=['-1', '10', '-1', '6', '11'], down_stops=[]
2026-10-07 15:24:17 [INFO] shabbat_detector.fsm: [D] DetectorState.NORMAL → DetectorState.CANDIDATE_SHABBAT
2026-10-07 15:24:17 [INFO] detector: SHABBAT TRANSITION NORMAL -> CANDIDATE_SHABBAT | סיבה: מחזור אפשרי החל - ממתין להשלמה
2026-10-07 15:24:17 [INFO] shabbat_detector.fsm: [D] DetectorState.CANDIDATE_SHABBAT → DetectorState.NORMAL
2026-10-07 15:24:17 [INFO] detector: SHABBAT TRANSITION CANDIDATE_SHABBAT -> NORMAL | סיבה: מחזור לא תאם - עצירות לא חוקיות בעלייה: ['10', '11', '6']; כיסוי קומות חלקי (עלייה 33%, ירידה 0%); 4 חריגות טיימינג
2026-10-07 15:24:19 [INFO] detector: Config updated remotely (keys=['SHABBAT_DETECTOR'])
2026-10-07 15:25:48 [INFO] detector: Config updated remotely (keys=['SHABBAT_DETECTOR'])
2026-10-07 15:26:32 [INFO] shabbat_detector.hebcal_gate: Hebcal refreshed: 2 start(s), 1 end(s) (geo=281184, diaspora=True)
2026-10-07 15:36:59 [INFO] shabbat_detector.hebcal_gate: Hebcal refreshed: 2 start(s), 1 end(s) (geo=281184, diaspora=True)
2026-10-07 15:39:13 [WARNING] shabbat_detector.cycle_analyzer: Unexpected: touched opposite terminal again in leg 2
2026-10-07 15:47:01 [INFO] shabbat_detector.hebcal_gate: Hebcal refreshed: 2 start(s), 1 end(s) (geo=281184, diaspora=True)
2026-10-07 15:54:05 [WARNING] shabbat_detector.cycle_analyzer: Unexpected: touched opposite terminal again in leg 2
2026-10-07 16:00:58 [INFO] shabbat_detector.hebcal_gate: Hebcal refreshed: 2 start(s), 1 end(s) (geo=281184, diaspora=True)
2026-10-07 16:01:39 [WARNING] shabbat_detector.cycle_analyzer: Unexpected: touched opposite terminal again in leg 2
2026-10-07 16:13:27 [INFO] shabbat_detector.hebcal_gate: Hebcal refreshed: 2 start(s), 1 end(s) (geo=281184, diaspora=True)
2026-10-07 16:20:52 [INFO] shabbat_detector.cycle_analyzer: Cycle complete: 3356s, up_stops=['-1', '4', '10', '4', '6', '-1', '-2', '-1', '5', '10', '5', '10', '5', '10', '7', '-1', '6', '11', '1', '-1', '-1', '5', '6', '2', '0', '-2', '-1', '1', '5', '-1', '0', '-1', '6', '-1'], down_stops=['8', '6', '3', '2', '1', '0', '-1', '-2', '-1']
2026-10-07 16:20:52 [INFO] shabbat_detector.fsm: [D] DetectorState.NORMAL → DetectorState.CANDIDATE_SHABBAT
2026-10-07 16:20:52 [INFO] detector: SHABBAT TRANSITION NORMAL -> CANDIDATE_SHABBAT | סיבה: מחזור אפשרי החל - ממתין להשלמה
2026-10-07 16:20:52 [INFO] shabbat_detector.fsm: [D] DetectorState.CANDIDATE_SHABBAT → DetectorState.NORMAL
2026-10-07 16:20:52 [INFO] detector: SHABBAT TRANSITION CANDIDATE_SHABBAT -> NORMAL | סיבה: מחזור לא תאם - עצירות לא חוקיות בעלייה: ['1', '10', '11', '2', '4', '5', '6', '7']; עצירות לא חוקיות בירידה: ['1', '3']; קפיצות-אחורה (עלייה 15, ירידה 1); חזרות על קומות (עלייה 23, ירידה 1); 12 חריגות טיימינג
2026-10-07 16:20:54 [INFO] detector: Config updated remotely (keys=['SHABBAT_DETECTOR'])
2026-10-07 16:21:53 [INFO] detector: Config updated remotely (keys=['SHABBAT_DETECTOR'])
2026-10-07 16:24:55 [INFO] shabbat_detector.hebcal_gate: Hebcal refreshed: 2 start(s), 1 end(s) (geo=281184, diaspora=True)
2026-10-07 16:32:07 [INFO] shabbat_detector.cycle_analyzer: Cycle complete: 713s, up_stops=['-1', '11', '-1'], down_stops=['9']
2026-10-07 16:32:07 [INFO] shabbat_detector.fsm: [D] DetectorState.NORMAL → DetectorState.CANDIDATE_SHABBAT
2026-10-07 16:32:07 [INFO] detector: SHABBAT TRANSITION NORMAL -> CANDIDATE_SHABBAT | סיבה: מחזור אפשרי החל - ממתין להשלמה
2026-10-07 16:32:07 [INFO] shabbat_detector.fsm: [D] DetectorState.CANDIDATE_SHABBAT → DetectorState.NORMAL
2026-10-07 16:32:07 [INFO] detector: SHABBAT TRANSITION CANDIDATE_SHABBAT -> NORMAL | סיבה: מחזור לא תאם - עצירות לא חוקיות בעלייה: ['11']; עצירות לא חוקיות בירידה: ['9']; כיסוי קומות חלקי (עלייה 33%, ירידה 0%); 2 חריגות טיימינג
2026-10-07 16:32:09 [INFO] detector: Config updated remotely (keys=['SHABBAT_DETECTOR'])
2026-10-07 16:33:38 [INFO] detector: Config updated remotely (keys=['SHABBAT_DETECTOR'])
2026-10-07 16:36:58 [INFO] shabbat_detector.hebcal_gate: Hebcal refreshed: 2 start(s), 1 end(s) (geo=281184, diaspora=True)
2026-10-07 16:39:33 [WARNING] shabbat_detector.cycle_analyzer: Unexpected: touched opposite terminal again in leg 2
2026-10-07 16:41:13 [INFO] shabbat_detector.cycle_analyzer: Cycle complete: 509s, up_stops=['-2', '-1', '-1'], down_stops=['8']
2026-10-07 16:41:13 [INFO] shabbat_detector.fsm: [D] DetectorState.NORMAL → DetectorState.CANDIDATE_SHABBAT
2026-10-07 16:41:13 [INFO] detector: SHABBAT TRANSITION NORMAL -> CANDIDATE_SHABBAT | סיבה: מחזור אפשרי החל - ממתין להשלמה
2026-10-07 16:41:13 [INFO] shabbat_detector.fsm: [D] DetectorState.CANDIDATE_SHABBAT → DetectorState.NORMAL
2026-10-07 16:41:13 [INFO] detector: SHABBAT TRANSITION CANDIDATE_SHABBAT -> NORMAL | סיבה: מחזור לא תאם - כיסוי קומות חלקי (עלייה 67%, ירידה 12%); 3 חריגות טיימינג
2026-10-07 16:41:14 [INFO] detector: Config updated remotely (keys=['SHABBAT_DETECTOR'])
2026-10-07 16:43:13 [INFO] detector: Config updated remotely (keys=['SHABBAT_DETECTOR'])
2026-10-07 16:47:05 [INFO] shabbat_detector.hebcal_gate: Hebcal refreshed: 2 start(s), 1 end(s) (geo=281184, diaspora=True)
2026-10-07 16:48:40 [INFO] shabbat_detector.cycle_analyzer: Cycle complete: 456s, up_stops=['-1'], down_stops=['5', '-1', '11', '-1']
2026-10-07 16:48:40 [INFO] shabbat_detector.fsm: [D] DetectorState.NORMAL → DetectorState.CANDIDATE_SHABBAT
2026-10-07 16:48:40 [INFO] detector: SHABBAT TRANSITION NORMAL -> CANDIDATE_SHABBAT | סיבה: מחזור אפשרי החל - ממתין להשלמה
2026-10-07 16:48:41 [INFO] shabbat_detector.fsm: [D] DetectorState.CANDIDATE_SHABBAT → DetectorState.NORMAL
2026-10-07 16:48:41 [INFO] detector: SHABBAT TRANSITION CANDIDATE_SHABBAT -> NORMAL | סיבה: מחזור לא תאם - עצירות לא חוקיות בירידה: ['11', '5']; כיסוי קומות חלקי (עלייה 33%, ירידה 12%); 3 חריגות טיימינג
2026-10-07 16:48:42 [INFO] detector: Config updated remotely (keys=['SHABBAT_DETECTOR'])
2026-10-07 16:50:41 [INFO] detector: Config updated remotely (keys=['SHABBAT_DETECTOR'])
2026-10-07 17:04:48 [INFO] shabbat_detector.hebcal_gate: Hebcal refreshed: 2 start(s), 1 end(s) (geo=281184, diaspora=True)
2026-10-07 17:04:48 [INFO] shabbat_detector.cycle_analyzer: Elevator idle 676s - resetting cycle (was in _Phase.LEG_ONE)
2026-10-07 17:05:05 [INFO] shabbat_detector.fsm: [D] DetectorState.NORMAL → DetectorState.CANDIDATE_SHABBAT
2026-10-07 17:05:05 [INFO] detector: SHABBAT TRANSITION NORMAL -> CANDIDATE_SHABBAT | סיבה: מחזור אפשרי החל - ממתין להשלמה
2026-10-07 17:06:36 [INFO] detector: Config updated remotely (keys=['SHABBAT_DETECTOR'])
2026-10-07 17:13:53 [WARNING] shabbat_detector.cycle_analyzer: Unexpected: touched opposite terminal again in leg 2
2026-10-07 17:15:06 [INFO] shabbat_detector.hebcal_gate: Hebcal refreshed: 2 start(s), 1 end(s) (geo=281184, diaspora=True)
2026-10-07 17:19:18 [WARNING] shabbat_detector.cycle_analyzer: Unexpected: touched opposite terminal again in leg 2
2026-10-07 17:21:52 [INFO] shabbat_detector.cycle_analyzer: Cycle complete: 965s, up_stops=['-1', '-1', '2', '5', '11'], down_stops=['-1']
2026-10-07 17:21:52 [INFO] shabbat_detector.fsm: [D] DetectorState.CANDIDATE_SHABBAT → DetectorState.NORMAL
2026-10-07 17:21:52 [INFO] detector: SHABBAT TRANSITION CANDIDATE_SHABBAT -> NORMAL | סיבה: מחזור לא תאם - עצירות לא חוקיות בעלייה: ['11', '2', '5']; כיסוי קומות חלקי (עלייה 33%, ירידה 12%); 4 חריגות טיימינג
2026-10-07 17:22:23 [INFO] detector: Config updated remotely (keys=['SHABBAT_DETECTOR'])
2026-10-07 17:27:10 [INFO] shabbat_detector.hebcal_gate: Hebcal refreshed: 2 start(s), 1 end(s) (geo=281184, diaspora=True)
2026-10-07 17:37:04 [WARNING] shabbat_detector.cycle_analyzer: Unexpected: touched opposite terminal again in leg 2
2026-10-07 17:38:30 [INFO] shabbat_detector.hebcal_gate: Hebcal refreshed: 2 start(s), 1 end(s) (geo=281184, diaspora=True)
2026-10-07 17:48:04 [WARNING] shabbat_detector.cycle_analyzer: Unexpected: touched opposite terminal again in leg 2
2026-10-07 17:48:28 [INFO] shabbat_detector.hebcal_gate: Hebcal refreshed: 2 start(s), 1 end(s) (geo=281184, diaspora=True)
2026-10-07 17:49:33 [WARNING] shabbat_detector.cycle_analyzer: Unexpected: touched opposite terminal again in leg 2
2026-10-07 17:53:48 [INFO] shabbat_detector.cycle_analyzer: Cycle complete: 1958s, up_stops=['6', '-1', '6', '8', '-1', '0', '-1', '-1', '10'], down_stops=['11', '-1', '0', '-1', '6']
2026-10-07 17:53:48 [INFO] shabbat_detector.fsm: [D] DetectorState.NORMAL → DetectorState.CANDIDATE_SHABBAT
2026-10-07 17:53:48 [INFO] detector: SHABBAT TRANSITION NORMAL -> CANDIDATE_SHABBAT | סיבה: מחזור אפשרי החל - ממתין להשלמה
2026-10-07 17:53:48 [INFO] shabbat_detector.fsm: [D] DetectorState.CANDIDATE_SHABBAT → DetectorState.NORMAL
2026-10-07 17:53:48 [INFO] detector: SHABBAT TRANSITION CANDIDATE_SHABBAT -> NORMAL | סיבה: מחזור לא תאם - עצירות לא חוקיות בעלייה: ['10', '6', '8']; עצירות לא חוקיות בירידה: ['11']; כיסוי קומות חלקי (עלייה 67%, ירידה 38%); 5 חריגות טיימינג
2026-10-07 17:53:49 [INFO] detector: Config updated remotely (keys=['SHABBAT_DETECTOR'])
2026-10-07 17:54:19 [INFO] detector: Config updated remotely (keys=['SHABBAT_DETECTOR'])
2026-10-07 17:58:32 [INFO] shabbat_detector.hebcal_gate: Hebcal refreshed: 2 start(s), 1 end(s) (geo=281184, diaspora=True)
2026-10-07 18:11:13 [INFO] shabbat_detector.hebcal_gate: Hebcal refreshed: 2 start(s), 1 end(s) (geo=281184, diaspora=True)
2026-10-07 18:23:23 [INFO] shabbat_detector.hebcal_gate: Hebcal refreshed: 2 start(s), 1 end(s) (geo=281184, diaspora=True)
2026-10-07 18:35:01 [INFO] shabbat_detector.hebcal_gate: Hebcal refreshed: 2 start(s), 1 end(s) (geo=281184, diaspora=True)
2026-10-07 18:35:01 [INFO] shabbat_detector.cycle_analyzer: Elevator idle 606s - resetting cycle (was in _Phase.LEG_TWO)
2026-10-07 18:39:54 [INFO] shabbat_detector.fsm: [D] DetectorState.NORMAL → DetectorState.CANDIDATE_SHABBAT
2026-10-07 18:39:54 [INFO] detector: SHABBAT TRANSITION NORMAL -> CANDIDATE_SHABBAT | סיבה: מחזור אפשרי החל - ממתין להשלמה
2026-10-07 18:40:24 [INFO] detector: Config updated remotely (keys=['SHABBAT_DETECTOR'])
2026-10-07 18:44:50 [INFO] shabbat_detector.hebcal_gate: Hebcal refreshed: 2 start(s), 1 end(s) (geo=281184, diaspora=True)
2026-10-07 18:47:59 [WARNING] shabbat_detector.cycle_analyzer: Unexpected: touched opposite terminal again in leg 2
2026-10-07 18:51:10 [WARNING] shabbat_detector.cycle_analyzer: Unexpected: touched opposite terminal again in leg 2
2026-10-07 18:56:00 [INFO] shabbat_detector.hebcal_gate: Hebcal refreshed: 2 start(s), 1 end(s) (geo=281184, diaspora=True)
2026-10-07 18:56:17 [WARNING] shabbat_detector.cycle_analyzer: Unexpected: touched opposite terminal again in leg 2
2026-10-07 19:05:30 [INFO] shabbat_detector.hebcal_gate: Hebcal refreshed: 2 start(s), 1 end(s) (geo=281184, diaspora=True)
2026-10-07 19:12:02 [INFO] shabbat_detector.cycle_analyzer: Elevator idle 388s - resetting cycle (was in _Phase.LEG_TWO)
2026-10-07 19:17:41 [INFO] shabbat_detector.hebcal_gate: Hebcal refreshed: 2 start(s), 1 end(s) (geo=281184, diaspora=True)
2026-10-07 19:29:29 [INFO] shabbat_detector.hebcal_gate: Hebcal refreshed: 2 start(s), 1 end(s) (geo=281184, diaspora=True)
2026-10-07 19:40:37 [INFO] shabbat_detector.hebcal_gate: Hebcal refreshed: 2 start(s), 1 end(s) (geo=281184, diaspora=True)
2026-10-07 19:40:38 [INFO] shabbat_detector.cycle_analyzer: Cycle recovered (missed TOP-terminal read): 1676s, up_stops=['-1', '6', '0', '-1', '0', '7', '6', '0', '11'], down_stops=['-1', '7', '-1', '1', '-1']
2026-10-07 19:40:38 [INFO] shabbat_detector.fsm: [D] DetectorState.CANDIDATE_SHABBAT → DetectorState.NORMAL
2026-10-07 19:40:38 [INFO] detector: SHABBAT TRANSITION CANDIDATE_SHABBAT -> NORMAL | סיבה: מחזור לא תאם - עצירות לא חוקיות בעלייה: ['11', '6', '7']; עצירות לא חוקיות בירידה: ['1', '7']; כיסוי קומות חלקי (עלייה 67%, ירידה 12%); 5 חריגות טיימינג
2026-10-07 19:41:09 [INFO] detector: Config updated remotely (keys=['SHABBAT_DETECTOR'])
2026-10-07 19:48:38 [INFO] shabbat_detector.cycle_analyzer: Elevator idle 479s - resetting cycle (was in _Phase.LEG_ONE)
2026-10-07 19:54:06 [INFO] shabbat_detector.hebcal_gate: Hebcal refreshed: 2 start(s), 1 end(s) (geo=281184, diaspora=True)
2026-10-07 20:05:00 [INFO] shabbat_detector.hebcal_gate: Hebcal refreshed: 2 start(s), 1 end(s) (geo=281184, diaspora=True)
2026-10-07 20:07:57 [INFO] shabbat_detector.fsm: [D] DetectorState.NORMAL → DetectorState.CANDIDATE_SHABBAT
2026-10-07 20:07:57 [INFO] detector: SHABBAT TRANSITION NORMAL -> CANDIDATE_SHABBAT | סיבה: מחזור אפשרי החל - ממתין להשלמה
2026-10-07 20:09:57 [INFO] detector: Config updated remotely (keys=['SHABBAT_DETECTOR'])
2026-10-07 20:15:16 [INFO] shabbat_detector.hebcal_gate: Hebcal refreshed: 2 start(s), 1 end(s) (geo=281184, diaspora=True)
2026-10-07 20:22:36 [INFO] shabbat_detector.cycle_analyzer: Cycle complete: 802s, up_stops=['6', '-1', '6', '7', '0'], down_stops=['-1', '8', '0', '9']
2026-10-07 20:22:36 [INFO] shabbat_detector.fsm: [D] DetectorState.CANDIDATE_SHABBAT → DetectorState.NORMAL
2026-10-07 20:22:36 [INFO] detector: SHABBAT TRANSITION CANDIDATE_SHABBAT -> NORMAL | סיבה: מחזור לא תאם - עצירות לא חוקיות בעלייה: ['6', '7']; עצירות לא חוקיות בירידה: ['9']; כיסוי קומות חלקי (עלייה 67%, ירידה 38%); 5 חריגות טיימינג
2026-10-07 20:24:36 [INFO] detector: Config updated remotely (keys=['SHABBAT_DETECTOR'])
2026-10-07 20:25:30 [INFO] shabbat_detector.hebcal_gate: Hebcal refreshed: 2 start(s), 1 end(s) (geo=281184, diaspora=True)
2026-10-07 20:31:13 [INFO] shabbat_detector.cycle_analyzer: Cycle aborted: returned to TOP without reaching BOTTOM
2026-10-07 20:31:13 [INFO] shabbat_detector.fsm: [D] DetectorState.NORMAL → DetectorState.CANDIDATE_SHABBAT
2026-10-07 20:31:13 [INFO] detector: SHABBAT TRANSITION NORMAL -> CANDIDATE_SHABBAT | סיבה: מחזור אפשרי החל - ממתין להשלמה
2026-10-07 20:31:44 [INFO] detector: Config updated remotely (keys=['SHABBAT_DETECTOR'])
2026-10-07 20:34:25 [INFO] shabbat_detector.cycle_analyzer: Cycle aborted: returned to TOP without reaching BOTTOM
2026-10-07 20:40:50 [INFO] shabbat_detector.hebcal_gate: Hebcal refreshed: 2 start(s), 1 end(s) (geo=281184, diaspora=True)
2026-10-07 20:40:50 [INFO] shabbat_detector.cycle_analyzer: Elevator idle 366s - resetting cycle (was in _Phase.LEG_ONE)
2026-10-07 20:51:37 [INFO] shabbat_detector.hebcal_gate: Hebcal refreshed: 2 start(s), 1 end(s) (geo=281184, diaspora=True)
2026-10-07 20:56:09 [INFO] shabbat_detector.cycle_analyzer: Cycle recovered (missed TOP-terminal read): 902s, up_stops=['-2', '0', '-1', '11'], down_stops=['-1', '11', '8', '-1', '-2']
2026-10-07 20:56:09 [INFO] shabbat_detector.fsm: [D] DetectorState.CANDIDATE_SHABBAT → DetectorState.NORMAL
2026-10-07 20:56:09 [INFO] detector: SHABBAT TRANSITION CANDIDATE_SHABBAT -> NORMAL | סיבה: מחזור לא תאם - עצירות לא חוקיות בעלייה: ['11']; עצירות לא חוקיות בירידה: ['11']; כיסוי קומות חלקי (עלייה 100%, ירידה 38%); 4 חריגות טיימינג
2026-10-07 20:58:39 [INFO] detector: Config updated remotely (keys=['SHABBAT_DETECTOR'])
2026-10-07 21:01:30 [INFO] shabbat_detector.cycle_analyzer: Cycle aborted: returned to BOTTOM without reaching TOP
2026-10-07 21:01:30 [INFO] shabbat_detector.fsm: [D] DetectorState.NORMAL → DetectorState.CANDIDATE_SHABBAT
2026-10-07 21:01:30 [INFO] detector: SHABBAT TRANSITION NORMAL -> CANDIDATE_SHABBAT | סיבה: מחזור אפשרי החל - ממתין להשלמה
2026-10-07 21:01:50 [INFO] shabbat_detector.hebcal_gate: Hebcal refreshed: 2 start(s), 1 end(s) (geo=281184, diaspora=True)
2026-10-07 21:04:06 [INFO] detector: Config updated remotely (keys=['SHABBAT_DETECTOR'])
2026-10-07 21:11:04 [INFO] shabbat_detector.cycle_analyzer: Cycle aborted: returned to BOTTOM without reaching TOP
2026-10-07 21:12:18 [INFO] shabbat_detector.hebcal_gate: Hebcal refreshed: 2 start(s), 1 end(s) (geo=281184, diaspora=True)
2026-10-07 21:14:13 [INFO] shabbat_detector.cycle_analyzer: Cycle aborted: returned to BOTTOM without reaching TOP
2026-10-07 21:24:14 [INFO] shabbat_detector.hebcal_gate: Hebcal refreshed: 2 start(s), 1 end(s) (geo=281184, diaspora=True)
2026-10-07 21:24:14 [INFO] shabbat_detector.cycle_analyzer: Elevator idle 597s - resetting cycle (was in _Phase.LEG_ONE)
2026-10-07 21:34:12 [INFO] shabbat_detector.hebcal_gate: Hebcal refreshed: 2 start(s), 1 end(s) (geo=281184, diaspora=True)
2026-10-07 21:46:37 [INFO] shabbat_detector.hebcal_gate: Hebcal refreshed: 2 start(s), 1 end(s) (geo=281184, diaspora=True)
2026-10-07 21:58:18 [INFO] shabbat_detector.hebcal_gate: Hebcal refreshed: 2 start(s), 1 end(s) (geo=281184, diaspora=True)
2026-10-07 22:10:57 [INFO] shabbat_detector.hebcal_gate: Hebcal refreshed: 2 start(s), 1 end(s) (geo=281184, diaspora=True)
2026-10-07 22:20:56 [INFO] shabbat_detector.hebcal_gate: Hebcal refreshed: 2 start(s), 1 end(s) (geo=281184, diaspora=True)
2026-10-07 22:25:09 [INFO] shabbat_detector.cycle_analyzer: Cycle aborted: returned to BOTTOM without reaching TOP
2026-10-07 22:26:41 [INFO] shabbat_detector.cycle_analyzer: Cycle aborted: returned to BOTTOM without reaching TOP
2026-10-07 22:47:04 [INFO] shabbat_detector.hebcal_gate: Hebcal refreshed: 2 start(s), 1 end(s) (geo=281184, diaspora=True)
2026-10-07 22:47:04 [INFO] shabbat_detector.cycle_analyzer: Elevator idle 1146s - resetting cycle (was in _Phase.LEG_TWO)
2026-10-07 22:57:04 [INFO] shabbat_detector.hebcal_gate: Hebcal refreshed: 2 start(s), 1 end(s) (geo=281184, diaspora=True)
2026-10-07 22:57:36 [WARNING] shabbat_detector.cycle_analyzer: Unexpected: touched opposite terminal again in leg 2
2026-10-07 23:06:29 [INFO] shabbat_detector.cycle_analyzer: Elevator idle 526s - resetting cycle (was in _Phase.LEG_TWO)
2026-10-07 23:07:04 [INFO] shabbat_detector.hebcal_gate: Hebcal refreshed: 2 start(s), 1 end(s) (geo=281184, diaspora=True)
2026-10-07 23:08:19 [WARNING] shabbat_detector.firebase_client: Elevator stream reconnecting in 1s
2026-10-07 23:08:20 [INFO] shabbat_detector.firebase_client: SSE stream connecting: https://ramada-elev-default-rtdb.europe-west1.firebasedatabase.app/settings.json
2026-10-07 23:08:20 [INFO] shabbat_detector.firebase_client: SSE stream connecting: https://ramada-elev-default-rtdb.europe-west1.firebasedatabase.app/elevator_configs/D.json
2026-10-07 23:08:20 [INFO] shabbat_detector.firebase_client: SSE stream connecting: https://ramada-elev-default-rtdb.europe-west1.firebasedatabase.app/elevators/D.json
2026-10-07 23:09:21 [INFO] detector: Config updated remotely (keys=['AUTO_LEARN_CONFIG', 'BOTTOM_FLOOR', 'FLOOR_WAITS', 'SHABBAT_ACTIVE', 'SHABBAT_BREAK_ACTIVE', 'SHABBAT_DETECTOR', 'SHABBAT_MODE', 'STOPPING_FLOORS', 'STOPPING_FLOORS_DOWN', 'STOPPING_FLOORS_UP', 'TIME_PASS_FLOOR', 'TIME_PER_FLOOR', 'TOP_FLOOR', 'VISIBLE_FLOORS', 'secret_key'])
2026-10-07 23:26:36 [WARNING] shabbat_detector.firebase_client: Elevator stream reconnecting in 2s
2026-10-07 23:26:37 [INFO] shabbat_detector.firebase_client: SSE stream connecting: https://ramada-elev-default-rtdb.europe-west1.firebasedatabase.app/elevator_configs/D.json
2026-10-07 23:26:37 [INFO] shabbat_detector.firebase_client: SSE stream connecting: https://ramada-elev-default-rtdb.europe-west1.firebasedatabase.app/settings.json
2026-10-07 23:26:38 [INFO] shabbat_detector.firebase_client: SSE stream connecting: https://ramada-elev-default-rtdb.europe-west1.firebasedatabase.app/elevators/D.json
2026-10-07 23:27:37 [INFO] detector: Config updated remotely (keys=['AUTO_LEARN_CONFIG', 'BOTTOM_FLOOR', 'FLOOR_WAITS', 'SHABBAT_ACTIVE', 'SHABBAT_BREAK_ACTIVE', 'SHABBAT_DETECTOR', 'SHABBAT_MODE', 'STOPPING_FLOORS', 'STOPPING_FLOORS_DOWN', 'STOPPING_FLOORS_UP', 'TIME_PASS_FLOOR', 'TIME_PER_FLOOR', 'TOP_FLOOR', 'VISIBLE_FLOORS', 'secret_key'])
2026-10-07 23:50:56 [INFO] shabbat_detector.hebcal_gate: Hebcal refreshed: 2 start(s), 1 end(s) (geo=281184, diaspora=True)
2026-10-07 23:50:56 [INFO] shabbat_detector.cycle_analyzer: Elevator idle 2624s - resetting cycle (was in _Phase.LEG_ONE)
2026-10-07 23:53:03 [INFO] shabbat_detector.cycle_analyzer: Cycle aborted: returned to TOP without reaching BOTTOM
2026-10-08 00:23:40 [INFO] shabbat_detector.hebcal_gate: Hebcal refreshed: 2 start(s), 1 end(s) (geo=281184, diaspora=True)
2026-10-08 00:23:40 [INFO] shabbat_detector.cycle_analyzer: Elevator idle 1923s - resetting cycle (was in _Phase.LEG_ONE)
2026-10-08 00:27:01 [INFO] shabbat_detector.cycle_analyzer: Cycle aborted: returned to TOP without reaching BOTTOM
2026-10-08 00:30:56 [INFO] shabbat_detector.cycle_analyzer: Cycle aborted: returned to TOP without reaching BOTTOM
2026-10-08 00:46:08 [INFO] shabbat_detector.hebcal_gate: Hebcal refreshed: 2 start(s), 1 end(s) (geo=281184, diaspora=True)
2026-10-08 00:46:08 [INFO] shabbat_detector.cycle_analyzer: Elevator idle 972s - resetting cycle (was in _Phase.LEG_ONE)
2026-10-08 01:04:19 [INFO] shabbat_detector.hebcal_gate: Hebcal refreshed: 2 start(s), 1 end(s) (geo=281184, diaspora=True)
2026-10-08 01:04:19 [INFO] shabbat_detector.cycle_analyzer: Elevator idle 812s - resetting cycle (was in _Phase.LEG_ONE)
2026-10-08 01:26:33 [INFO] shabbat_detector.hebcal_gate: Hebcal refreshed: 2 start(s), 1 end(s) (geo=281184, diaspora=True)
2026-10-08 01:44:50 [INFO] shabbat_detector.hebcal_gate: Hebcal refreshed: 2 start(s), 1 end(s) (geo=281184, diaspora=True)
2026-10-08 03:09:09 [INFO] shabbat_detector.hebcal_gate: Hebcal refreshed: 2 start(s), 1 end(s) (geo=281184, diaspora=True)
2026-10-08 05:00:58 [INFO] shabbat_detector.hebcal_gate: Hebcal refreshed: 2 start(s), 1 end(s) (geo=281184, diaspora=True)
2026-10-08 05:00:58 [INFO] shabbat_detector.cycle_analyzer: Elevator idle 6662s - resetting cycle (was in _Phase.LEG_ONE)
2026-10-08 05:22:48 [INFO] shabbat_detector.hebcal_gate: Hebcal refreshed: 2 start(s), 1 end(s) (geo=281184, diaspora=True)
2026-10-08 05:22:48 [INFO] shabbat_detector.cycle_analyzer: Elevator idle 1272s - resetting cycle (was in _Phase.LEG_ONE)
2026-10-08 05:49:34 [INFO] shabbat_detector.hebcal_gate: Hebcal refreshed: 2 start(s), 1 end(s) (geo=281184, diaspora=True)
2026-10-08 06:09:34 [INFO] shabbat_detector.hebcal_gate: Hebcal refreshed: 2 start(s), 1 end(s) (geo=281184, diaspora=True)
2026-10-08 06:20:31 [INFO] shabbat_detector.hebcal_gate: Hebcal refreshed: 2 start(s), 1 end(s) (geo=281184, diaspora=True)
2026-10-08 06:41:43 [INFO] shabbat_detector.hebcal_gate: Hebcal refreshed: 2 start(s), 1 end(s) (geo=281184, diaspora=True)
2026-10-08 06:53:05 [INFO] shabbat_detector.hebcal_gate: Hebcal refreshed: 2 start(s), 1 end(s) (geo=281184, diaspora=True)
2026-10-08 07:13:38 [INFO] shabbat_detector.hebcal_gate: Hebcal refreshed: 2 start(s), 1 end(s) (geo=281184, diaspora=True)
2026-10-08 07:13:38 [INFO] shabbat_detector.cycle_analyzer: Elevator idle 724s - resetting cycle (was in _Phase.LEG_ONE)
2026-10-08 07:20:44 [INFO] shabbat_detector.cycle_analyzer: Elevator idle 379s - resetting cycle (was in _Phase.LEG_ONE)
2026-10-08 07:24:10 [INFO] shabbat_detector.hebcal_gate: Hebcal refreshed: 2 start(s), 1 end(s) (geo=281184, diaspora=True)
2026-10-08 07:35:32 [INFO] shabbat_detector.hebcal_gate: Hebcal refreshed: 2 start(s), 1 end(s) (geo=281184, diaspora=True)
2026-10-08 07:46:31 [INFO] shabbat_detector.hebcal_gate: Hebcal refreshed: 2 start(s), 1 end(s) (geo=281184, diaspora=True)
2026-10-08 07:56:29 [INFO] shabbat_detector.hebcal_gate: Hebcal refreshed: 2 start(s), 1 end(s) (geo=281184, diaspora=True)
2026-10-08 07:56:29 [INFO] shabbat_detector.cycle_analyzer: Elevator idle 521s - resetting cycle (was in _Phase.LEG_ONE)
2026-10-08 08:06:59 [INFO] shabbat_detector.hebcal_gate: Hebcal refreshed: 2 start(s), 1 end(s) (geo=281184, diaspora=True)
2026-10-08 08:17:04 [INFO] shabbat_detector.hebcal_gate: Hebcal refreshed: 2 start(s), 1 end(s) (geo=281184, diaspora=True)
2026-10-08 08:18:15 [INFO] shabbat_detector.cycle_analyzer: Cycle aborted: returned to BOTTOM without reaching TOP
2026-10-08 08:22:08 [INFO] shabbat_detector.cycle_analyzer: Cycle recovered (missed TOP-terminal read): 137s, up_stops=['0', '6', '11'], down_stops=[]
2026-10-08 08:22:08 [INFO] shabbat_detector.fsm: [D] DetectorState.CANDIDATE_SHABBAT → DetectorState.NORMAL
2026-10-08 08:22:08 [INFO] detector: SHABBAT TRANSITION CANDIDATE_SHABBAT -> NORMAL | סיבה: מחזור לא תאם - עצירות לא חוקיות בעלייה: ['11', '6']; כיסוי קומות חלקי (עלייה 33%, ירידה 0%); 2 חריגות טיימינג
2026-10-08 08:23:09 [INFO] detector: Config updated remotely (keys=['SHABBAT_DETECTOR'])
2026-10-08 08:27:31 [INFO] shabbat_detector.hebcal_gate: Hebcal refreshed: 2 start(s), 1 end(s) (geo=281184, diaspora=True)
2026-10-08 08:28:14 [WARNING] shabbat_detector.cycle_analyzer: Unexpected: touched opposite terminal again in leg 2
2026-10-08 08:37:31 [INFO] shabbat_detector.hebcal_gate: Hebcal refreshed: 2 start(s), 1 end(s) (geo=281184, diaspora=True)
2026-10-08 08:48:00 [INFO] shabbat_detector.hebcal_gate: Hebcal refreshed: 2 start(s), 1 end(s) (geo=281184, diaspora=True)
2026-10-08 08:50:28 [INFO] shabbat_detector.cycle_analyzer: Cycle complete: 1829s, up_stops=['0', '9'], down_stops=['-1', '-2', '0', '1', '5', '6', '0', '-1', '0', '-1', '5', '-1', '0', '8', '9', '10', '1', '-2', '-1', '8', '9', '-1', '0', '10', '8', '-1', '1', '0', '-1', '0', '11', '-1', '11', '7', '-1', '8', '-1', '6', '10', '7', '1', '-2']
2026-10-08 08:50:28 [INFO] shabbat_detector.fsm: [D] DetectorState.NORMAL → DetectorState.CANDIDATE_SHABBAT
2026-10-08 08:50:28 [INFO] detector: SHABBAT TRANSITION NORMAL -> CANDIDATE_SHABBAT | סיבה: מחזור אפשרי החל - ממתין להשלמה
2026-10-08 08:50:28 [INFO] shabbat_detector.fsm: [D] DetectorState.CANDIDATE_SHABBAT → DetectorState.NORMAL
2026-10-08 08:50:28 [INFO] detector: SHABBAT TRANSITION CANDIDATE_SHABBAT -> NORMAL | סיבה: מחזור לא תאם - עצירות לא חוקיות בעלייה: ['9']; עצירות לא חוקיות בירידה: ['1', '11', '5', '7', '9']; כיסוי קומות חלקי (עלייה 33%, ירידה 75%); קפיצות-אחורה (עלייה 0, ירידה 22); חזרות על קומות (עלייה 0, ירידה 31); 6 חריגות טיימינג
2026-10-08 08:50:28 [INFO] detector: Config updated remotely (keys=['SHABBAT_DETECTOR'])
2026-10-08 08:50:58 [INFO] detector: Config updated remotely (keys=['SHABBAT_DETECTOR'])
2026-10-08 09:02:08 [INFO] shabbat_detector.hebcal_gate: Hebcal refreshed: 2 start(s), 1 end(s) (geo=281184, diaspora=True)
2026-10-08 09:02:08 [INFO] shabbat_detector.cycle_analyzer: Elevator idle 391s - resetting cycle (was in _Phase.LEG_TWO)
2026-10-08 09:02:57 [INFO] shabbat_detector.fsm: [D] DetectorState.NORMAL → DetectorState.CANDIDATE_SHABBAT
2026-10-08 09:02:57 [INFO] detector: SHABBAT TRANSITION NORMAL -> CANDIDATE_SHABBAT | סיבה: מחזור אפשרי החל - ממתין להשלמה
2026-10-08 09:04:58 [INFO] detector: Config updated remotely (keys=['SHABBAT_DETECTOR'])
2026-10-08 09:08:56 [INFO] shabbat_detector.cycle_analyzer: Cycle complete: 300s, up_stops=['-1', '11'], down_stops=['-1']
2026-10-08 09:08:56 [INFO] shabbat_detector.fsm: [D] DetectorState.CANDIDATE_SHABBAT → DetectorState.NORMAL
2026-10-08 09:08:56 [INFO] detector: SHABBAT TRANSITION CANDIDATE_SHABBAT -> NORMAL | סיבה: מחזור לא תאם - עצירות לא חוקיות בעלייה: ['11']; כיסוי קומות חלקי (עלייה 33%, ירידה 12%); 2 חריגות טיימינג
2026-10-08 09:10:56 [INFO] detector: Config updated remotely (keys=['SHABBAT_DETECTOR'])
2026-10-08 09:12:36 [INFO] shabbat_detector.hebcal_gate: Hebcal refreshed: 2 start(s), 1 end(s) (geo=281184, diaspora=True)
2026-10-08 09:17:44 [INFO] shabbat_detector.cycle_analyzer: Cycle recovered (missed TOP-terminal read): 617s, up_stops=['11'], down_stops=['-1', '9', '8', '-1', '9', '0', '-1']
2026-10-08 09:17:44 [INFO] shabbat_detector.fsm: [D] DetectorState.NORMAL → DetectorState.CANDIDATE_SHABBAT
2026-10-08 09:17:44 [INFO] detector: SHABBAT TRANSITION NORMAL -> CANDIDATE_SHABBAT | סיבה: מחזור אפשרי החל - ממתין להשלמה
2026-10-08 09:17:44 [INFO] shabbat_detector.fsm: [D] DetectorState.CANDIDATE_SHABBAT → DetectorState.NORMAL
2026-10-08 09:17:44 [INFO] detector: SHABBAT TRANSITION CANDIDATE_SHABBAT -> NORMAL | סיבה: מחזור לא תאם - עצירות לא חוקיות בעלייה: ['11']; עצירות לא חוקיות בירידה: ['9']; כיסוי קומות חלקי (עלייה 0%, ירידה 38%); 1 חריגות טיימינג
2026-10-08 09:17:44 [INFO] detector: Config updated remotely (keys=['SHABBAT_DETECTOR'])
2026-10-08 09:18:44 [INFO] detector: Config updated remotely (keys=['SHABBAT_DETECTOR'])
2026-10-08 09:23:32 [INFO] shabbat_detector.hebcal_gate: Hebcal refreshed: 2 start(s), 1 end(s) (geo=281184, diaspora=True)
2026-10-08 09:30:28 [INFO] shabbat_detector.cycle_analyzer: Elevator idle 362s - resetting cycle (was in _Phase.LEG_ONE)
2026-10-08 09:31:12 [INFO] shabbat_detector.fsm: [D] DetectorState.NORMAL → DetectorState.CANDIDATE_SHABBAT
2026-10-08 09:31:12 [INFO] detector: SHABBAT TRANSITION NORMAL -> CANDIDATE_SHABBAT | סיבה: מחזור אפשרי החל - ממתין להשלמה
2026-10-08 09:32:43 [INFO] detector: Config updated remotely (keys=['SHABBAT_DETECTOR'])
2026-10-08 09:34:04 [INFO] shabbat_detector.cycle_analyzer: Cycle aborted: returned to TOP without reaching BOTTOM
2026-10-08 09:34:07 [INFO] shabbat_detector.hebcal_gate: Hebcal refreshed: 2 start(s), 1 end(s) (geo=281184, diaspora=True)
2026-10-08 09:46:39 [INFO] shabbat_detector.hebcal_gate: Hebcal refreshed: 2 start(s), 1 end(s) (geo=281184, diaspora=True)
2026-10-08 09:48:33 [WARNING] shabbat_detector.cycle_analyzer: Unexpected: touched opposite terminal again in leg 2
2026-10-08 09:57:36 [INFO] shabbat_detector.hebcal_gate: Hebcal refreshed: 2 start(s), 1 end(s) (geo=281184, diaspora=True)
2026-10-08 09:57:36 [WARNING] shabbat_detector.cycle_analyzer: Unexpected: touched opposite terminal again in leg 2
2026-10-08 10:00:04 [INFO] shabbat_detector.cycle_analyzer: Cycle complete: 1497s, up_stops=['-1', '6', '11', '9', '-1', '6', '2', '-1', '-1', '1', '0', '-1', '7', '11', '9', '-1', '10', '-1', '-2', '-1'], down_stops=['-1']
2026-10-08 10:00:04 [INFO] shabbat_detector.fsm: [D] DetectorState.CANDIDATE_SHABBAT → DetectorState.NORMAL
2026-10-08 10:00:04 [INFO] detector: SHABBAT TRANSITION CANDIDATE_SHABBAT -> NORMAL | סיבה: מחזור לא תאם - עצירות לא חוקיות בעלייה: ['1', '10', '11', '2', '6', '7', '9']; כיסוי קומות חלקי (עלייה 100%, ירידה 12%); קפיצות-אחורה (עלייה 10, ירידה 0); 10 חריגות טיימינג
2026-10-08 10:01:35 [INFO] detector: Config updated remotely (keys=['SHABBAT_DETECTOR'])
2026-10-08 10:09:54 [INFO] shabbat_detector.hebcal_gate: Hebcal refreshed: 2 start(s), 1 end(s) (geo=281184, diaspora=True)
2026-10-08 10:09:54 [INFO] shabbat_detector.cycle_analyzer: Elevator idle 301s - resetting cycle (was in _Phase.LEG_TWO)
2026-10-08 10:10:16 [INFO] shabbat_detector.fsm: [D] DetectorState.NORMAL → DetectorState.CANDIDATE_SHABBAT
2026-10-08 10:10:16 [INFO] detector: SHABBAT TRANSITION NORMAL -> CANDIDATE_SHABBAT | סיבה: מחזור אפשרי החל - ממתין להשלמה
2026-10-08 10:10:46 [INFO] detector: Config updated remotely (keys=['SHABBAT_DETECTOR'])
2026-10-08 10:16:50 [INFO] shabbat_detector.cycle_analyzer: Cycle recovered (missed TOP-terminal read): 391s, up_stops=['-1', '8', '-1', '10', '11'], down_stops=['-2']
2026-10-08 10:16:50 [INFO] shabbat_detector.fsm: [D] DetectorState.CANDIDATE_SHABBAT → DetectorState.NORMAL
2026-10-08 10:16:50 [INFO] detector: SHABBAT TRANSITION CANDIDATE_SHABBAT -> NORMAL | סיבה: מחזור לא תאם - עצירות לא חוקיות בעלייה: ['10', '11', '8']; כיסוי קומות חלקי (עלייה 33%, ירידה 12%); 4 חריגות טיימינג
2026-10-08 10:18:22 [INFO] detector: Config updated remotely (keys=['SHABBAT_DETECTOR'])
2026-10-08 10:20:37 [INFO] shabbat_detector.hebcal_gate: Hebcal refreshed: 2 start(s), 1 end(s) (geo=281184, diaspora=True)
2026-10-08 10:30:41 [INFO] shabbat_detector.hebcal_gate: Hebcal refreshed: 2 start(s), 1 end(s) (geo=281184, diaspora=True)
2026-10-08 10:41:29 [INFO] shabbat_detector.hebcal_gate: Hebcal refreshed: 2 start(s), 1 end(s) (geo=281184, diaspora=True)
2026-10-08 10:41:32 [INFO] shabbat_detector.cycle_analyzer: Cycle complete: 1480s, up_stops=['-1', '10', '-1', '6', '-1', '6', '-1', '10'], down_stops=['-1', '6', '5', '-1', '10', '-1', '0', '1', '3', '-1', '1', '6', '10', '-1', '9', '11', '-1', '-2']
2026-10-08 10:41:32 [INFO] shabbat_detector.fsm: [D] DetectorState.NORMAL → DetectorState.CANDIDATE_SHABBAT
2026-10-08 10:41:32 [INFO] detector: SHABBAT TRANSITION NORMAL -> CANDIDATE_SHABBAT | סיבה: מחזור אפשרי החל - ממתין להשלמה
2026-10-08 10:41:33 [INFO] shabbat_detector.fsm: [D] DetectorState.CANDIDATE_SHABBAT → DetectorState.NORMAL
2026-10-08 10:41:33 [INFO] detector: SHABBAT TRANSITION CANDIDATE_SHABBAT -> NORMAL | סיבה: מחזור לא תאם - עצירות לא חוקיות בעלייה: ['10', '6']; עצירות לא חוקיות בירידה: ['1', '11', '3', '5', '9']; כיסוי קומות חלקי (עלייה 33%, ירידה 62%); קפיצות-אחורה (עלייה 3, ירידה 10); 10 חריגות טיימינג
2026-10-08 10:41:33 [INFO] detector: Config updated remotely (keys=['SHABBAT_DETECTOR'])
2026-10-08 10:43:33 [INFO] detector: Config updated remotely (keys=['SHABBAT_DETECTOR'])
2026-10-08 10:50:51 [INFO] shabbat_detector.hebcal_gate: Hebcal refreshed: 2 start(s), 1 end(s) (geo=281184, diaspora=True)
2026-10-08 11:01:19 [INFO] shabbat_detector.hebcal_gate: Hebcal refreshed: 2 start(s), 1 end(s) (geo=281184, diaspora=True)
2026-10-08 11:11:46 [INFO] shabbat_detector.hebcal_gate: Hebcal refreshed: 2 start(s), 1 end(s) (geo=281184, diaspora=True)
2026-10-08 11:13:13 [WARNING] shabbat_detector.cycle_analyzer: Unexpected: touched opposite terminal again in leg 2
2026-10-08 11:16:19 [WARNING] shabbat_detector.cycle_analyzer: Unexpected: touched opposite terminal again in leg 2
2026-10-08 11:22:46 [INFO] shabbat_detector.hebcal_gate: Hebcal refreshed: 2 start(s), 1 end(s) (geo=281184, diaspora=True)
2026-10-08 11:25:39 [INFO] shabbat_detector.cycle_analyzer: Cycle complete: 2561s, up_stops=['-1', '5', '8', '9', '6', '8', '10', '-1', '0', '-1', '2', '-1', '-2', '1', '0', '8', '1', '-1', '8', '7', '-1', '1', '10', '-1', '11', '-1', '11', '9', '-1'], down_stops=['-1', '9', '5', '-1', '10', '-1', '8', '-1', '1', '10', '0', '7', '10', '8', '7', '3', '0', '-1', '2']
2026-10-08 11:25:39 [INFO] shabbat_detector.fsm: [D] DetectorState.NORMAL → DetectorState.CANDIDATE_SHABBAT
2026-10-08 11:25:39 [INFO] detector: SHABBAT TRANSITION NORMAL -> CANDIDATE_SHABBAT | סיבה: מחזור אפשרי החל - ממתין להשלמה
2026-10-08 11:25:39 [INFO] shabbat_detector.fsm: [D] DetectorState.CANDIDATE_SHABBAT → DetectorState.NORMAL
2026-10-08 11:25:39 [INFO] detector: SHABBAT TRANSITION CANDIDATE_SHABBAT -> NORMAL | סיבה: מחזור לא תאם - עצירות לא חוקיות בעלייה: ['1', '10', '11', '2', '5', '6', '7', '8', '9']; עצירות לא חוקיות בירידה: ['1', '3', '5', '7', '9']; קפיצות-אחורה (עלייה 14, ירידה 8); חזרות על קומות (עלייה 17, ירידה 9); 11 חריגות טיימינג
2026-10-08 11:25:40 [INFO] detector: Config updated remotely (keys=['SHABBAT_DETECTOR'])
2026-10-08 11:27:39 [INFO] detector: Config updated remotely (keys=['SHABBAT_DETECTOR'])
2026-10-08 11:30:38 [INFO] shabbat_detector.cycle_analyzer: Cycle aborted: returned to BOTTOM without reaching TOP
2026-10-08 11:30:38 [INFO] shabbat_detector.fsm: [D] DetectorState.NORMAL → DetectorState.CANDIDATE_SHABBAT
2026-10-08 11:30:38 [INFO] detector: SHABBAT TRANSITION NORMAL -> CANDIDATE_SHABBAT | סיבה: מחזור אפשרי החל - ממתין להשלמה
2026-10-08 11:31:09 [INFO] detector: Config updated remotely (keys=['SHABBAT_DETECTOR'])
2026-10-08 11:36:28 [INFO] shabbat_detector.hebcal_gate: Hebcal refreshed: 2 start(s), 1 end(s) (geo=281184, diaspora=True)
2026-10-08 11:36:28 [INFO] shabbat_detector.cycle_analyzer: Elevator idle 441s - resetting cycle (was in _Phase.LEG_ONE)
2026-10-08 11:46:07 [INFO] shabbat_detector.hebcal_gate: Hebcal refreshed: 2 start(s), 1 end(s) (geo=281184, diaspora=True)
2026-10-08 11:52:51 [INFO] shabbat_detector.cycle_analyzer: Cycle recovered (missed TOP-terminal read): 951s, up_stops=['-2', '8', '6', '0', '6', '-1', '6', '-1', '6', '9', '0', '4', '-1', '11'], down_stops=['0', '-1']
2026-10-08 11:52:51 [INFO] shabbat_detector.fsm: [D] DetectorState.CANDIDATE_SHABBAT → DetectorState.NORMAL
2026-10-08 11:52:51 [INFO] detector: SHABBAT TRANSITION CANDIDATE_SHABBAT -> NORMAL | סיבה: מחזור לא תאם - עצירות לא חוקיות בעלייה: ['11', '4', '6', '8', '9']; כיסוי קומות חלקי (עלייה 100%, ירידה 25%); קפיצות-אחורה (עלייה 6, ירידה 0); 7 חריגות טיימינג
2026-10-08 11:54:22 [INFO] detector: Config updated remotely (keys=['SHABBAT_DETECTOR'])
2026-10-08 12:00:38 [INFO] shabbat_detector.hebcal_gate: Hebcal refreshed: 2 start(s), 1 end(s) (geo=281184, diaspora=True)
2026-10-08 12:00:38 [INFO] shabbat_detector.cycle_analyzer: Elevator idle 522s - resetting cycle (was in _Phase.LEG_ONE)
2026-10-08 12:03:05 [INFO] shabbat_detector.cycle_analyzer: Cycle aborted: returned to BOTTOM without reaching TOP
2026-10-08 12:03:05 [INFO] shabbat_detector.fsm: [D] DetectorState.NORMAL → DetectorState.CANDIDATE_SHABBAT
2026-10-08 12:03:05 [INFO] detector: SHABBAT TRANSITION NORMAL -> CANDIDATE_SHABBAT | סיבה: מחזור אפשרי החל - ממתין להשלמה
2026-10-08 12:04:06 [INFO] detector: Config updated remotely (keys=['SHABBAT_DETECTOR'])
2026-10-08 12:10:35 [INFO] shabbat_detector.hebcal_gate: Hebcal refreshed: 2 start(s), 1 end(s) (geo=281184, diaspora=True)
2026-10-08 12:20:51 [INFO] shabbat_detector.hebcal_gate: Hebcal refreshed: 2 start(s), 1 end(s) (geo=281184, diaspora=True)
2026-10-08 12:29:53 [INFO] shabbat_detector.cycle_analyzer: Elevator idle 347s - resetting cycle (was in _Phase.LEG_ONE)
2026-10-08 12:30:59 [INFO] shabbat_detector.hebcal_gate: Hebcal refreshed: 2 start(s), 1 end(s) (geo=281184, diaspora=True)
2026-10-08 12:33:13 [INFO] shabbat_detector.cycle_analyzer: Cycle aborted: returned to BOTTOM without reaching TOP
2026-10-08 12:40:03 [INFO] shabbat_detector.cycle_analyzer: Cycle aborted: returned to BOTTOM without reaching TOP
2026-10-08 12:41:34 [INFO] shabbat_detector.hebcal_gate: Hebcal refreshed: 2 start(s), 1 end(s) (geo=281184, diaspora=True)
2026-10-08 12:56:42 [INFO] shabbat_detector.hebcal_gate: Hebcal refreshed: 2 start(s), 1 end(s) (geo=281184, diaspora=True)
2026-10-08 12:56:42 [INFO] shabbat_detector.cycle_analyzer: Elevator idle 357s - resetting cycle (was in _Phase.LEG_ONE)
2026-10-08 13:06:13 [INFO] shabbat_detector.cycle_analyzer: Cycle aborted: returned to BOTTOM without reaching TOP
2026-10-08 13:08:30 [INFO] shabbat_detector.hebcal_gate: Hebcal refreshed: 2 start(s), 1 end(s) (geo=281184, diaspora=True)
2026-10-08 13:08:49 [INFO] shabbat_detector.cycle_analyzer: Cycle aborted: returned to BOTTOM without reaching TOP
2026-10-08 13:09:24 [INFO] shabbat_detector.cycle_analyzer: Cycle aborted: returned to BOTTOM without reaching TOP
2026-10-08 13:10:15 [INFO] shabbat_detector.cycle_analyzer: Cycle aborted: returned to BOTTOM without reaching TOP
2026-10-08 13:21:18 [INFO] shabbat_detector.hebcal_gate: Hebcal refreshed: 2 start(s), 1 end(s) (geo=281184, diaspora=True)
2026-10-08 13:21:40 [INFO] shabbat_detector.cycle_analyzer: Cycle aborted: returned to BOTTOM without reaching TOP
2026-10-08 13:26:50 [INFO] shabbat_detector.cycle_analyzer: Cycle recovered (missed TOP-terminal read): 295s, up_stops=['11'], down_stops=[]
2026-10-08 13:26:50 [INFO] shabbat_detector.fsm: [D] DetectorState.CANDIDATE_SHABBAT → DetectorState.NORMAL
2026-10-08 13:26:50 [INFO] detector: SHABBAT TRANSITION CANDIDATE_SHABBAT -> NORMAL | סיבה: מחזור לא תאם - עצירות לא חוקיות בעלייה: ['11']; כיסוי קומות חלקי (עלייה 0%, ירידה 0%); 1 חריגות טיימינג
2026-10-08 13:27:20 [INFO] detector: Config updated remotely (keys=['SHABBAT_DETECTOR'])
2026-10-08 13:33:40 [INFO] shabbat_detector.hebcal_gate: Hebcal refreshed: 2 start(s), 1 end(s) (geo=281184, diaspora=True)
2026-10-08 13:34:35 [INFO] shabbat_detector.cycle_analyzer: Cycle aborted: returned to BOTTOM without reaching TOP
2026-10-08 13:34:35 [INFO] shabbat_detector.fsm: [D] DetectorState.NORMAL → DetectorState.CANDIDATE_SHABBAT
2026-10-08 13:34:35 [INFO] detector: SHABBAT TRANSITION NORMAL -> CANDIDATE_SHABBAT | סיבה: מחזור אפשרי החל - ממתין להשלמה
2026-10-08 13:36:35 [INFO] detector: Config updated remotely (keys=['SHABBAT_DETECTOR'])
2026-10-08 13:37:41 [INFO] shabbat_detector.cycle_analyzer: Cycle aborted: returned to BOTTOM without reaching TOP
2026-10-08 13:40:00 [INFO] shabbat_detector.cycle_analyzer: Cycle recovered (missed TOP-terminal read): 225s, up_stops=['0', '11'], down_stops=['-1', '-2']
2026-10-08 13:40:00 [INFO] shabbat_detector.fsm: [D] DetectorState.CANDIDATE_SHABBAT → DetectorState.NORMAL
2026-10-08 13:40:00 [INFO] detector: SHABBAT TRANSITION CANDIDATE_SHABBAT -> NORMAL | סיבה: מחזור לא תאם - עצירות לא חוקיות בעלייה: ['11']; כיסוי קומות חלקי (עלייה 33%, ירידה 25%); 2 חריגות טיימינג
2026-10-08 13:40:54 [INFO] shabbat_detector.firebase_client: SSE stream connecting: https://ramada-elev-default-rtdb.europe-west1.firebasedatabase.app/settings.json
2026-10-08 13:41:00 [INFO] detector: Config updated remotely (keys=['SHABBAT_DETECTOR'])
2026-10-08 13:46:28 [INFO] shabbat_detector.hebcal_gate: Hebcal refreshed: 2 start(s), 1 end(s) (geo=281184, diaspora=True)
2026-10-08 13:46:28 [INFO] shabbat_detector.cycle_analyzer: Elevator idle 348s - resetting cycle (was in _Phase.LEG_ONE)
2026-10-08 13:48:00 [INFO] shabbat_detector.fsm: [D] DetectorState.NORMAL → DetectorState.CANDIDATE_SHABBAT
2026-10-08 13:48:00 [INFO] detector: SHABBAT TRANSITION NORMAL -> CANDIDATE_SHABBAT | סיבה: מחזור אפשרי החל - ממתין להשלמה
2026-10-08 13:48:30 [INFO] detector: Config updated remotely (keys=['SHABBAT_DETECTOR'])
2026-10-08 13:52:00 [INFO] shabbat_detector.cycle_analyzer: Cycle recovered (missed TOP-terminal read): 244s, up_stops=['-2', '0', '11'], down_stops=['8', '-1', '5']
2026-10-08 13:52:00 [INFO] shabbat_detector.fsm: [D] DetectorState.CANDIDATE_SHABBAT → DetectorState.NORMAL
2026-10-08 13:52:00 [INFO] detector: SHABBAT TRANSITION CANDIDATE_SHABBAT -> NORMAL | סיבה: מחזור לא תאם - עצירות לא חוקיות בעלייה: ['11']; עצירות לא חוקיות בירידה: ['5']; כיסוי קומות חלקי (עלייה 67%, ירידה 25%); 4 חריגות טיימינג
2026-10-08 13:53:31 [INFO] detector: Config updated remotely (keys=['SHABBAT_DETECTOR'])
2026-10-08 13:56:50 [INFO] shabbat_detector.hebcal_gate: Hebcal refreshed: 2 start(s), 1 end(s) (geo=281184, diaspora=True)
2026-10-08 14:09:07 [INFO] shabbat_detector.hebcal_gate: Hebcal refreshed: 2 start(s), 1 end(s) (geo=281184, diaspora=True)
2026-10-08 14:09:07 [INFO] shabbat_detector.cycle_analyzer: Elevator idle 321s - resetting cycle (was in _Phase.LEG_TWO)
2026-10-08 14:24:20 [INFO] shabbat_detector.hebcal_gate: Hebcal refreshed: 2 start(s), 1 end(s) (geo=281184, diaspora=True)
2026-10-08 14:27:15 [INFO] shabbat_detector.fsm: [D] DetectorState.NORMAL → DetectorState.CANDIDATE_SHABBAT
2026-10-08 14:27:15 [INFO] detector: SHABBAT TRANSITION NORMAL -> CANDIDATE_SHABBAT | סיבה: מחזור אפשרי החל - ממתין להשלמה
2026-10-08 14:28:16 [INFO] detector: Config updated remotely (keys=['SHABBAT_DETECTOR'])
2026-10-08 14:31:12 [INFO] shabbat_detector.cycle_analyzer: Cycle aborted: returned to BOTTOM without reaching TOP
2026-10-08 14:34:23 [INFO] shabbat_detector.cycle_analyzer: Cycle aborted: returned to BOTTOM without reaching TOP
2026-10-08 14:34:25 [INFO] shabbat_detector.hebcal_gate: Hebcal refreshed: 2 start(s), 1 end(s) (geo=281184, diaspora=True)
2026-10-08 14:41:21 [INFO] shabbat_detector.cycle_analyzer: Elevator idle 392s - resetting cycle (was in _Phase.LEG_ONE)
2026-10-08 14:48:11 [INFO] shabbat_detector.hebcal_gate: Hebcal refreshed: 2 start(s), 1 end(s) (geo=281184, diaspora=True)
2026-10-08 14:51:57 [INFO] shabbat_detector.cycle_analyzer: Cycle aborted: returned to BOTTOM without reaching TOP
2026-10-08 14:58:55 [INFO] shabbat_detector.cycle_analyzer: Cycle aborted: returned to BOTTOM without reaching TOP
2026-10-08 14:58:59 [INFO] shabbat_detector.hebcal_gate: Hebcal refreshed: 2 start(s), 1 end(s) (geo=281184, diaspora=True)
2026-10-08 14:59:43 [INFO] shabbat_detector.cycle_analyzer: Cycle aborted: returned to BOTTOM without reaching TOP
2026-10-08 15:02:58 [INFO] shabbat_detector.cycle_analyzer: Cycle aborted: returned to BOTTOM without reaching TOP
2026-10-08 15:09:53 [INFO] shabbat_detector.hebcal_gate: Hebcal refreshed: 2 start(s), 1 end(s) (geo=281184, diaspora=True)
2026-10-08 15:20:23 [INFO] shabbat_detector.hebcal_gate: Hebcal refreshed: 2 start(s), 1 end(s) (geo=281184, diaspora=True)
2026-10-08 15:24:17 [INFO] shabbat_detector.cycle_analyzer: Cycle recovered (missed TOP-terminal read): 1321s, up_stops=['0', '9', '-1', '9', '-1', '2', '-1', '5', '3', '11'], down_stops=['2', '10', '0', '2', '-1', '11', '2', '2', '4', '6', '2', '1', '-1', '0', '7']
2026-10-08 15:24:17 [INFO] shabbat_detector.fsm: [D] DetectorState.CANDIDATE_SHABBAT → DetectorState.NORMAL
2026-10-08 15:24:17 [INFO] detector: SHABBAT TRANSITION CANDIDATE_SHABBAT -> NORMAL | סיבה: מחזור לא תאם - עצירות לא חוקיות בעלייה: ['11', '2', '3', '5', '9']; עצירות לא חוקיות בירידה: ['1', '11', '7']; קפיצות-אחורה (עלייה 4, ירידה 7); 11 חריגות טיימינג
2026-10-08 15:26:18 [INFO] detector: Config updated remotely (keys=['SHABBAT_DETECTOR'])
2026-10-08 15:29:59 [INFO] shabbat_detector.cycle_analyzer: Cycle aborted: returned to BOTTOM without reaching TOP
2026-10-08 15:29:59 [INFO] shabbat_detector.fsm: [D] DetectorState.NORMAL → DetectorState.CANDIDATE_SHABBAT
2026-10-08 15:29:59 [INFO] detector: SHABBAT TRANSITION NORMAL -> CANDIDATE_SHABBAT | סיבה: מחזור אפשרי החל - ממתין להשלמה
2026-10-08 15:31:18 [INFO] shabbat_detector.hebcal_gate: Hebcal refreshed: 2 start(s), 1 end(s) (geo=281184, diaspora=True)
2026-10-08 15:31:31 [INFO] detector: Config updated remotely (keys=['SHABBAT_DETECTOR'])
2026-10-08 15:42:19 [INFO] shabbat_detector.hebcal_gate: Hebcal refreshed: 2 start(s), 1 end(s) (geo=281184, diaspora=True)
2026-10-08 15:48:51 [INFO] shabbat_detector.cycle_analyzer: Cycle complete: 1114s, up_stops=['-1', '-1', '0', '1', '-1', '2', '0', '1', '0', '-1', '0', '1', '-1', '2', '11', '-1', '2', '11', '0', '1', '0', '-1', '0', '11', '1'], down_stops=['11', '0', '2', '0', '-1']
2026-10-08 15:48:51 [INFO] shabbat_detector.fsm: [D] DetectorState.CANDIDATE_SHABBAT → DetectorState.NORMAL
2026-10-08 15:48:51 [INFO] detector: SHABBAT TRANSITION CANDIDATE_SHABBAT -> NORMAL | סיבה: מחזור לא תאם - עצירות לא חוקיות בעלייה: ['1', '11', '2']; עצירות לא חוקיות בירידה: ['11']; כיסוי קומות חלקי (עלייה 67%, ירידה 38%); קפיצות-אחורה (עלייה 10, ירידה 1); חזרות על קומות (עלייה 20, ירידה 1); 3 חריגות טיימינג
2026-10-08 15:49:52 [INFO] detector: Config updated remotely (keys=['SHABBAT_DETECTOR'])
2026-10-08 15:50:18 [INFO] shabbat_detector.cycle_analyzer: Cycle aborted: returned to BOTTOM without reaching TOP
2026-10-08 15:50:18 [INFO] shabbat_detector.fsm: [D] DetectorState.NORMAL → DetectorState.CANDIDATE_SHABBAT
2026-10-08 15:50:18 [INFO] detector: SHABBAT TRANSITION NORMAL -> CANDIDATE_SHABBAT | סיבה: מחזור אפשרי החל - ממתין להשלמה
2026-10-08 15:50:49 [INFO] detector: Config updated remotely (keys=['SHABBAT_DETECTOR'])
2026-10-08 15:53:06 [WARNING] shabbat_detector.hebcal_gate: Hebcal fetch failed: HTTPSConnectionPool(host='www.hebcal.com', port=443): Read timed out. (read timeout=10) (keeping stored windows)
2026-10-08 16:03:50 [INFO] shabbat_detector.hebcal_gate: Hebcal refreshed: 2 start(s), 1 end(s) (geo=281184, diaspora=True)
2026-10-08 16:15:10 [INFO] shabbat_detector.hebcal_gate: Hebcal refreshed: 2 start(s), 1 end(s) (geo=281184, diaspora=True)
2026-10-08 16:16:47 [INFO] shabbat_detector.cycle_analyzer: Cycle aborted: returned to BOTTOM without reaching TOP
2026-10-08 16:22:42 [INFO] shabbat_detector.cycle_analyzer: Elevator idle 341s - resetting cycle (was in _Phase.LEG_ONE)
2026-10-08 16:27:28 [INFO] shabbat_detector.hebcal_gate: Hebcal refreshed: 2 start(s), 1 end(s) (geo=281184, diaspora=True)
2026-10-08 16:38:19 [INFO] shabbat_detector.hebcal_gate: Hebcal refreshed: 2 start(s), 1 end(s) (geo=281184, diaspora=True)
2026-10-08 16:38:19 [INFO] shabbat_detector.cycle_analyzer: Elevator idle 362s - resetting cycle (was in _Phase.LEG_ONE)
2026-10-08 16:48:25 [INFO] shabbat_detector.hebcal_gate: Hebcal refreshed: 2 start(s), 1 end(s) (geo=281184, diaspora=True)
2026-10-08 16:52:03 [INFO] shabbat_detector.cycle_analyzer: Cycle aborted: returned to BOTTOM without reaching TOP
2026-10-08 16:55:31 [INFO] shabbat_detector.cycle_analyzer: Cycle aborted: returned to BOTTOM without reaching TOP
2026-10-08 16:58:37 [INFO] shabbat_detector.hebcal_gate: Hebcal refreshed: 2 start(s), 1 end(s) (geo=281184, diaspora=True)
2026-10-08 17:02:36 [WARNING] shabbat_detector.cycle_analyzer: Unexpected: touched opposite terminal again in leg 2
2026-10-08 17:08:41 [INFO] shabbat_detector.hebcal_gate: Hebcal refreshed: 2 start(s), 1 end(s) (geo=281184, diaspora=True)
2026-10-08 17:14:50 [INFO] shabbat_detector.cycle_analyzer: Elevator idle 313s - resetting cycle (was in _Phase.LEG_TWO)
2026-10-08 17:18:19 [INFO] shabbat_detector.cycle_analyzer: Cycle aborted: returned to BOTTOM without reaching TOP
2026-10-08 17:18:56 [INFO] shabbat_detector.hebcal_gate: Hebcal refreshed: 2 start(s), 1 end(s) (geo=281184, diaspora=True)
2026-10-08 17:18:56 [INFO] shabbat_detector.cycle_analyzer: Cycle aborted: returned to BOTTOM without reaching TOP
2026-10-08 17:24:54 [INFO] shabbat_detector.cycle_analyzer: Cycle complete: 341s, up_stops=['-1', '0', '2', '1', '0', '1', '0', '2'], down_stops=['2', '1', '-2']
2026-10-08 17:24:54 [INFO] shabbat_detector.fsm: [D] DetectorState.CANDIDATE_SHABBAT → DetectorState.NORMAL
2026-10-08 17:24:54 [INFO] detector: SHABBAT TRANSITION CANDIDATE_SHABBAT -> NORMAL | סיבה: מחזור לא תאם - עצירות לא חוקיות בעלייה: ['1', '2']; עצירות לא חוקיות בירידה: ['1']; כיסוי קומות חלקי (עלייה 67%, ירידה 25%); 1 חריגות טיימינג
2026-10-08 17:25:25 [INFO] detector: Config updated remotely (keys=['SHABBAT_DETECTOR'])
2026-10-08 17:29:30 [INFO] shabbat_detector.hebcal_gate: Hebcal refreshed: 2 start(s), 1 end(s) (geo=281184, diaspora=True)
2026-10-08 17:29:31 [INFO] shabbat_detector.cycle_analyzer: Cycle complete: 286s, up_stops=['11', '0'], down_stops=['5', '-1', '-2']
2026-10-08 17:29:31 [INFO] shabbat_detector.fsm: [D] DetectorState.NORMAL → DetectorState.CANDIDATE_SHABBAT
2026-10-08 17:29:31 [INFO] detector: SHABBAT TRANSITION NORMAL -> CANDIDATE_SHABBAT | סיבה: מחזור אפשרי החל - ממתין להשלמה
2026-10-08 17:29:31 [INFO] shabbat_detector.fsm: [D] DetectorState.CANDIDATE_SHABBAT → DetectorState.NORMAL
2026-10-08 17:29:31 [INFO] detector: SHABBAT TRANSITION CANDIDATE_SHABBAT -> NORMAL | סיבה: מחזור לא תאם - עצירות לא חוקיות בעלייה: ['11']; עצירות לא חוקיות בירידה: ['5']; כיסוי קומות חלקי (עלייה 33%, ירידה 25%); 3 חריגות טיימינג
2026-10-08 17:29:31 [INFO] detector: Config updated remotely (keys=['SHABBAT_DETECTOR'])
2026-10-08 17:30:32 [INFO] detector: Config updated remotely (keys=['SHABBAT_DETECTOR'])
2026-10-08 17:31:11 [INFO] shabbat_detector.cycle_analyzer: Cycle aborted: returned to BOTTOM without reaching TOP
2026-10-08 17:31:11 [INFO] shabbat_detector.fsm: [D] DetectorState.NORMAL → DetectorState.CANDIDATE_SHABBAT
2026-10-08 17:31:11 [INFO] detector: SHABBAT TRANSITION NORMAL -> CANDIDATE_SHABBAT | סיבה: מחזור אפשרי החל - ממתין להשלמה
2026-10-08 17:33:41 [INFO] detector: Config updated remotely (keys=['SHABBAT_DETECTOR'])
2026-10-08 17:39:31 [INFO] shabbat_detector.hebcal_gate: Hebcal refreshed: 2 start(s), 1 end(s) (geo=281184, diaspora=True)
2026-10-08 17:41:29 [WARNING] shabbat_detector.cycle_analyzer: Unexpected: touched opposite terminal again in leg 2
2026-10-08 17:44:24 [INFO] shabbat_detector.cycle_analyzer: Cycle complete: 802s, up_stops=['7', '-1', '-2', '-1', '3'], down_stops=['0', '-1', '-2', '0', '2', '-1', '8', '5', '2', '1']
2026-10-08 17:46:24 [INFO] detector: Config updated remotely (keys=['SHABBAT_DETECTOR'])
2026-10-08 17:50:55 [INFO] shabbat_detector.hebcal_gate: Hebcal refreshed: 2 start(s), 1 end(s) (geo=281184, diaspora=True)
2026-10-08 17:54:06 [WARNING] shabbat_detector.cycle_analyzer: Unexpected: touched opposite terminal again in leg 2
2026-10-08 18:01:46 [INFO] shabbat_detector.hebcal_gate: Hebcal refreshed: 2 start(s), 1 end(s) (geo=281184, diaspora=True)
2026-10-08 18:02:18 [WARNING] shabbat_detector.cycle_analyzer: Unexpected: touched opposite terminal again in leg 2
2026-10-08 18:12:35 [INFO] shabbat_detector.hebcal_gate: Hebcal refreshed: 2 start(s), 1 end(s) (geo=281184, diaspora=True)
2026-10-08 18:21:44 [INFO] shabbat_detector.cycle_analyzer: Cycle complete: 2252s, up_stops=['-1'], down_stops=['8', '1', '0', '2', '-1', '11', '1', '0', '-1', '-1', '0', '5', '2', '-2', '-1', '1', '-1', '1', '0', '1', '3', '0', '-1', '2', '-1', '0', '-1', '-2', '-1', '-2', '0', '1', '0', '-1', '-2', '-1', '0', '9', '-2']
2026-10-08 18:21:44 [INFO] shabbat_detector.fsm: [D] DetectorState.CANDIDATE_SHABBAT → DetectorState.NORMAL
2026-10-08 18:21:44 [INFO] detector: SHABBAT TRANSITION CANDIDATE_SHABBAT -> NORMAL | סיבה: מחזור לא תאם - עצירות לא חוקיות בירידה: ['1', '11', '3', '5', '9']; כיסוי קומות חלקי (עלייה 33%, ירידה 62%); קפיצות-אחורה (עלייה 0, ירידה 17); חזרות על קומות (עלייה 0, ירידה 29); 8 חריגות טיימינג
2026-10-08 18:22:14 [INFO] detector: Config updated remotely (keys=['SHABBAT_DETECTOR'])
2026-10-08 18:22:26 [INFO] shabbat_detector.hebcal_gate: Hebcal refreshed: 2 start(s), 1 end(s) (geo=281184, diaspora=True)
2026-10-08 18:30:57 [INFO] shabbat_detector.cycle_analyzer: Cycle complete: 539s, up_stops=['-2', '-1'], down_stops=['11', '0', '-1', '0', '-1', '5', '-1']
2026-10-08 18:30:57 [INFO] shabbat_detector.fsm: [D] DetectorState.NORMAL → DetectorState.CANDIDATE_SHABBAT
2026-10-08 18:30:57 [INFO] detector: SHABBAT TRANSITION NORMAL -> CANDIDATE_SHABBAT | סיבה: מחזור אפשרי החל - ממתין להשלמה
2026-10-08 18:30:58 [INFO] shabbat_detector.fsm: [D] DetectorState.CANDIDATE_SHABBAT → DetectorState.NORMAL
2026-10-08 18:30:58 [INFO] detector: SHABBAT TRANSITION CANDIDATE_SHABBAT -> NORMAL | סיבה: מחזור לא תאם - עצירות לא חוקיות בירידה: ['11', '5']; כיסוי קומות חלקי (עלייה 67%, ירידה 25%); 4 חריגות טיימינג
2026-10-08 18:31:04 [INFO] detector: Config updated remotely (keys=['SHABBAT_DETECTOR'])
2026-10-08 18:33:03 [INFO] detector: Config updated remotely (keys=['SHABBAT_DETECTOR'])
2026-10-08 18:33:43 [INFO] shabbat_detector.hebcal_gate: Hebcal refreshed: 2 start(s), 1 end(s) (geo=281184, diaspora=True)
2026-10-08 18:43:35 [INFO] shabbat_detector.firebase_client: SSE stream connecting: https://ramada-elev-default-rtdb.europe-west1.firebasedatabase.app/settings.json
2026-10-08 18:45:49 [INFO] shabbat_detector.hebcal_gate: Hebcal refreshed: 2 start(s), 1 end(s) (geo=281184, diaspora=True)
2026-10-08 18:56:17 [INFO] shabbat_detector.cycle_analyzer: Cycle aborted: returned to BOTTOM without reaching TOP
2026-10-08 18:56:17 [INFO] shabbat_detector.fsm: [D] DetectorState.NORMAL → DetectorState.CANDIDATE_SHABBAT
2026-10-08 18:56:17 [INFO] detector: SHABBAT TRANSITION NORMAL -> CANDIDATE_SHABBAT | סיבה: מחזור אפשרי החל - ממתין להשלמה
2026-10-08 18:57:19 [INFO] detector: Config updated remotely (keys=['SHABBAT_DETECTOR'])
2026-10-08 18:57:21 [INFO] shabbat_detector.hebcal_gate: Hebcal refreshed: 2 start(s), 1 end(s) (geo=281184, diaspora=True)
2026-10-08 19:07:04 [INFO] shabbat_detector.cycle_analyzer: Cycle recovered (missed TOP-terminal read): 689s, up_stops=['9', '10', '0', '-1', '11'], down_stops=['7', '3', '1', '0', '1', '-1', '0', '-1', '-1', '0', '-1']
2026-10-08 19:07:04 [INFO] shabbat_detector.fsm: [D] DetectorState.CANDIDATE_SHABBAT → DetectorState.NORMAL
2026-10-08 19:07:04 [INFO] detector: SHABBAT TRANSITION CANDIDATE_SHABBAT -> NORMAL | סיבה: מחזור לא תאם - עצירות לא חוקיות בעלייה: ['10', '11', '9']; עצירות לא חוקיות בירידה: ['1', '3', '7']; כיסוי קומות חלקי (עלייה 67%, ירידה 25%); 4 חריגות טיימינג
2026-10-08 19:07:06 [INFO] detector: Config updated remotely (keys=['SHABBAT_DETECTOR'])
2026-10-08 19:07:56 [INFO] shabbat_detector.hebcal_gate: Hebcal refreshed: 2 start(s), 1 end(s) (geo=281184, diaspora=True)
2026-10-08 19:18:48 [INFO] shabbat_detector.hebcal_gate: Hebcal refreshed: 2 start(s), 1 end(s) (geo=281184, diaspora=True)
2026-10-08 19:22:09 [INFO] shabbat_detector.cycle_analyzer: Cycle recovered (missed TOP-terminal read): 902s, up_stops=['1', '2', '8', '-1', '11'], down_stops=['-1', '11', '-1', '11', '8', '0']
2026-10-08 19:22:09 [INFO] shabbat_detector.fsm: [D] DetectorState.NORMAL → DetectorState.CANDIDATE_SHABBAT
2026-10-08 19:22:09 [INFO] detector: SHABBAT TRANSITION NORMAL -> CANDIDATE_SHABBAT | סיבה: מחזור אפשרי החל - ממתין להשלמה
2026-10-08 19:22:09 [INFO] shabbat_detector.fsm: [D] DetectorState.CANDIDATE_SHABBAT → DetectorState.NORMAL
2026-10-08 19:22:09 [INFO] detector: SHABBAT TRANSITION CANDIDATE_SHABBAT -> NORMAL | סיבה: מחזור לא תאם - עצירות לא חוקיות בעלייה: ['1', '11', '2', '8']; עצירות לא חוקיות בירידה: ['11']; כיסוי קומות חלקי (עלייה 33%, ירידה 38%); 5 חריגות טיימינג
2026-10-08 19:22:11 [INFO] detector: Config updated remotely (keys=['SHABBAT_DETECTOR'])
2026-10-08 19:24:11 [INFO] detector: Config updated remotely (keys=['SHABBAT_DETECTOR'])
2026-10-08 19:25:42 [INFO] shabbat_detector.cycle_analyzer: Cycle aborted: returned to BOTTOM without reaching TOP
2026-10-08 19:25:42 [INFO] shabbat_detector.fsm: [D] DetectorState.NORMAL → DetectorState.CANDIDATE_SHABBAT
2026-10-08 19:25:42 [INFO] detector: SHABBAT TRANSITION NORMAL -> CANDIDATE_SHABBAT | סיבה: מחזור אפשרי החל - ממתין להשלמה
2026-10-08 19:27:13 [INFO] detector: Config updated remotely (keys=['SHABBAT_DETECTOR'])
2026-10-08 19:29:02 [INFO] shabbat_detector.hebcal_gate: Hebcal refreshed: 2 start(s), 1 end(s) (geo=281184, diaspora=True)
2026-10-08 19:33:30 [INFO] shabbat_detector.cycle_analyzer: Cycle recovered (missed TOP-terminal read): 424s, up_stops=['-1', '0', '10', '11'], down_stops=['0', '10', '1', '1', '10', '9']
2026-10-08 19:33:30 [INFO] shabbat_detector.fsm: [D] DetectorState.CANDIDATE_SHABBAT → DetectorState.NORMAL
2026-10-08 19:33:30 [INFO] detector: SHABBAT TRANSITION CANDIDATE_SHABBAT -> NORMAL | סיבה: מחזור לא תאם - עצירות לא חוקיות בעלייה: ['10', '11']; עצירות לא חוקיות בירידה: ['1', '9']; כיסוי קומות חלקי (עלייה 67%, ירידה 25%); 5 חריגות טיימינג
2026-10-08 19:35:30 [INFO] detector: Config updated remotely (keys=['SHABBAT_DETECTOR'])
2026-10-08 19:43:03 [INFO] shabbat_detector.hebcal_gate: Hebcal refreshed: 2 start(s), 1 end(s) (geo=281184, diaspora=True)
2026-10-08 19:53:40 [INFO] shabbat_detector.hebcal_gate: Hebcal refreshed: 2 start(s), 1 end(s) (geo=281184, diaspora=True)
2026-10-08 20:03:38 [INFO] shabbat_detector.hebcal_gate: Hebcal refreshed: 2 start(s), 1 end(s) (geo=281184, diaspora=True)
2026-10-08 20:14:19 [INFO] shabbat_detector.hebcal_gate: Hebcal refreshed: 2 start(s), 1 end(s) (geo=281184, diaspora=True)
2026-10-08 20:25:30 [INFO] shabbat_detector.hebcal_gate: Hebcal refreshed: 2 start(s), 1 end(s) (geo=281184, diaspora=True)
2026-10-08 20:35:53 [INFO] shabbat_detector.hebcal_gate: Hebcal refreshed: 2 start(s), 1 end(s) (geo=281184, diaspora=True)
2026-10-08 20:45:59 [INFO] shabbat_detector.hebcal_gate: Hebcal refreshed: 2 start(s), 1 end(s) (geo=281184, diaspora=True)
2026-10-08 20:45:59 [INFO] shabbat_detector.cycle_analyzer: Elevator idle 306s - resetting cycle (was in _Phase.LEG_TWO)
2026-10-08 20:47:47 [INFO] shabbat_detector.fsm: [D] DetectorState.NORMAL → DetectorState.CANDIDATE_SHABBAT
2026-10-08 20:47:47 [INFO] detector: SHABBAT TRANSITION NORMAL -> CANDIDATE_SHABBAT | סיבה: מחזור אפשרי החל - ממתין להשלמה
2026-10-08 20:49:18 [INFO] detector: Config updated remotely (keys=['SHABBAT_DETECTOR'])
2026-10-08 21:00:00 [INFO] shabbat_detector.hebcal_gate: Hebcal refreshed: 2 start(s), 1 end(s) (geo=281184, diaspora=True)
2026-10-08 21:09:56 [INFO] shabbat_detector.hebcal_gate: Hebcal refreshed: 2 start(s), 1 end(s) (geo=281184, diaspora=True)
2026-10-08 21:26:44 [INFO] shabbat_detector.hebcal_gate: Hebcal refreshed: 2 start(s), 1 end(s) (geo=281184, diaspora=True)
2026-10-08 21:26:44 [INFO] shabbat_detector.cycle_analyzer: Elevator idle 421s - resetting cycle (was in _Phase.LEG_ONE)
2026-10-08 21:36:46 [INFO] shabbat_detector.hebcal_gate: Hebcal refreshed: 2 start(s), 1 end(s) (geo=281184, diaspora=True)
2026-10-08 21:52:23 [INFO] shabbat_detector.hebcal_gate: Hebcal refreshed: 2 start(s), 1 end(s) (geo=281184, diaspora=True)
2026-10-08 22:03:03 [INFO] shabbat_detector.hebcal_gate: Hebcal refreshed: 2 start(s), 1 end(s) (geo=281184, diaspora=True)
2026-10-08 22:14:34 [INFO] shabbat_detector.hebcal_gate: Hebcal refreshed: 2 start(s), 1 end(s) (geo=281184, diaspora=True)
2026-10-08 22:19:35 [INFO] shabbat_detector.cycle_analyzer: Cycle recovered (missed BOTTOM-terminal read): 1345s, up_stops=['2', '-1', '2', '0', '9', '2', '-1', '0', '7', '-1', '0', '-1', '9', '11', '9', '-1', '0', '9', '10', '0'], down_stops=['-1', '6', '-2']
2026-10-08 22:19:35 [INFO] shabbat_detector.fsm: [D] DetectorState.CANDIDATE_SHABBAT → DetectorState.NORMAL
2026-10-08 22:19:35 [INFO] detector: SHABBAT TRANSITION CANDIDATE_SHABBAT -> NORMAL | סיבה: מחזור לא תאם - עצירות לא חוקיות בעלייה: ['10', '11', '2', '7', '9']; כיסוי קומות חלקי (עלייה 67%, ירידה 38%); קפיצות-אחורה (עלייה 9, ירידה 1); חזרות על קומות (עלייה 13, ירידה 0); 8 חריגות טיימינג
2026-10-08 22:21:05 [INFO] detector: Config updated remotely (keys=['SHABBAT_DETECTOR'])
2026-10-08 22:27:01 [INFO] shabbat_detector.hebcal_gate: Hebcal refreshed: 2 start(s), 1 end(s) (geo=281184, diaspora=True)
2026-10-08 22:27:01 [INFO] shabbat_detector.cycle_analyzer: Cycle aborted: returned to TOP without reaching BOTTOM
2026-10-08 22:27:01 [INFO] shabbat_detector.fsm: [D] DetectorState.NORMAL → DetectorState.CANDIDATE_SHABBAT
2026-10-08 22:27:01 [INFO] detector: SHABBAT TRANSITION NORMAL -> CANDIDATE_SHABBAT | סיבה: מחזור אפשרי החל - ממתין להשלמה
2026-10-08 22:28:31 [INFO] detector: Config updated remotely (keys=['SHABBAT_DETECTOR'])
2026-10-08 22:38:39 [INFO] shabbat_detector.hebcal_gate: Hebcal refreshed: 2 start(s), 1 end(s) (geo=281184, diaspora=True)
2026-10-08 22:38:39 [INFO] shabbat_detector.cycle_analyzer: Elevator idle 578s - resetting cycle (was in _Phase.LEG_ONE)
2026-10-08 22:48:41 [INFO] shabbat_detector.hebcal_gate: Hebcal refreshed: 2 start(s), 1 end(s) (geo=281184, diaspora=True)
2026-10-08 22:58:52 [INFO] shabbat_detector.hebcal_gate: Hebcal refreshed: 2 start(s), 1 end(s) (geo=281184, diaspora=True)
2026-10-08 23:11:19 [INFO] shabbat_detector.hebcal_gate: Hebcal refreshed: 2 start(s), 1 end(s) (geo=281184, diaspora=True)
2026-10-08 23:24:03 [INFO] shabbat_detector.hebcal_gate: Hebcal refreshed: 2 start(s), 1 end(s) (geo=281184, diaspora=True)
2026-10-08 23:35:13 [INFO] shabbat_detector.hebcal_gate: Hebcal refreshed: 2 start(s), 1 end(s) (geo=281184, diaspora=True)
2026-10-08 23:46:48 [INFO] shabbat_detector.hebcal_gate: Hebcal refreshed: 2 start(s), 1 end(s) (geo=281184, diaspora=True)
2026-10-08 23:57:16 [INFO] shabbat_detector.hebcal_gate: Hebcal refreshed: 2 start(s), 1 end(s) (geo=281184, diaspora=True)
2026-10-09 00:04:05 [INFO] shabbat_detector.cycle_analyzer: Elevator idle 369s - resetting cycle (was in _Phase.LEG_ONE)
2026-10-09 00:09:27 [INFO] shabbat_detector.hebcal_gate: Hebcal refreshed: 2 start(s), 1 end(s) (geo=281184, diaspora=True)
2026-10-09 00:19:47 [INFO] shabbat_detector.hebcal_gate: Hebcal refreshed: 2 start(s), 1 end(s) (geo=281184, diaspora=True)
2026-10-09 00:30:06 [INFO] shabbat_detector.hebcal_gate: Hebcal refreshed: 2 start(s), 1 end(s) (geo=281184, diaspora=True)
2026-10-09 00:40:29 [INFO] shabbat_detector.hebcal_gate: Hebcal refreshed: 2 start(s), 1 end(s) (geo=281184, diaspora=True)
2026-10-09 00:52:50 [INFO] shabbat_detector.hebcal_gate: Hebcal refreshed: 2 start(s), 1 end(s) (geo=281184, diaspora=True)
2026-10-09 01:13:45 [INFO] shabbat_detector.hebcal_gate: Hebcal refreshed: 2 start(s), 1 end(s) (geo=281184, diaspora=True)
2026-10-09 01:33:32 [INFO] shabbat_detector.hebcal_gate: Hebcal refreshed: 2 start(s), 1 end(s) (geo=281184, diaspora=True)
2026-10-09 01:44:04 [INFO] shabbat_detector.hebcal_gate: Hebcal refreshed: 2 start(s), 1 end(s) (geo=281184, diaspora=True)
2026-10-09 02:41:32 [INFO] shabbat_detector.hebcal_gate: Hebcal refreshed: 2 start(s), 1 end(s) (geo=281184, diaspora=True)
2026-10-09 02:52:23 [INFO] shabbat_detector.hebcal_gate: Hebcal refreshed: 2 start(s), 1 end(s) (geo=281184, diaspora=True)
2026-10-09 03:12:35 [INFO] shabbat_detector.hebcal_gate: Hebcal refreshed: 2 start(s), 1 end(s) (geo=281184, diaspora=True)
2026-10-09 03:20:07 [INFO] shabbat_detector.cycle_analyzer: Cycle aborted: returned to TOP without reaching BOTTOM
2026-10-09 03:25:13 [INFO] shabbat_detector.hebcal_gate: Hebcal refreshed: 2 start(s), 1 end(s) (geo=281184, diaspora=True)
2026-10-09 03:25:13 [INFO] shabbat_detector.cycle_analyzer: Elevator idle 423s - resetting cycle (was in _Phase.LEG_ONE)
2026-10-09 03:48:30 [INFO] shabbat_detector.hebcal_gate: Hebcal refreshed: 2 start(s), 1 end(s) (geo=281184, diaspora=True)
2026-10-09 03:48:30 [INFO] shabbat_detector.cycle_analyzer: Elevator idle 1381s - resetting cycle (was in _Phase.LEG_ONE)
2026-10-09 04:10:02 [INFO] shabbat_detector.hebcal_gate: Hebcal refreshed: 2 start(s), 1 end(s) (geo=281184, diaspora=True)
2026-10-09 05:02:44 [INFO] shabbat_detector.hebcal_gate: Hebcal refreshed: 2 start(s), 1 end(s) (geo=281184, diaspora=True)
2026-10-09 06:20:25 [INFO] shabbat_detector.hebcal_gate: Hebcal refreshed: 2 start(s), 1 end(s) (geo=281184, diaspora=True)
2026-10-09 06:34:01 [INFO] shabbat_detector.hebcal_gate: Hebcal refreshed: 2 start(s), 1 end(s) (geo=281184, diaspora=True)
2026-10-09 06:52:11 [INFO] shabbat_detector.hebcal_gate: Hebcal refreshed: 2 start(s), 1 end(s) (geo=281184, diaspora=True)
2026-10-09 07:02:17 [INFO] shabbat_detector.hebcal_gate: Hebcal refreshed: 2 start(s), 1 end(s) (geo=281184, diaspora=True)
2026-10-09 07:09:36 [INFO] shabbat_detector.cycle_analyzer: Cycle recovered (missed TOP-terminal read): 614s, up_stops=['2', '0', '5', '0', '5', '0', '11'], down_stops=['0', '2', '0']
2026-10-09 07:09:36 [INFO] shabbat_detector.fsm: [D] DetectorState.CANDIDATE_SHABBAT → DetectorState.NORMAL
2026-10-09 07:09:36 [INFO] detector: SHABBAT TRANSITION CANDIDATE_SHABBAT -> NORMAL | סיבה: מחזור לא תאם - עצירות לא חוקיות בעלייה: ['11', '2', '5']; כיסוי קומות חלקי (עלייה 33%, ירידה 25%); 2 חריגות טיימינג
2026-10-09 07:10:07 [INFO] detector: Config updated remotely (keys=['SHABBAT_DETECTOR'])
2026-10-09 07:15:04 [INFO] shabbat_detector.hebcal_gate: Hebcal refreshed: 2 start(s), 1 end(s) (geo=281184, diaspora=True)
2026-10-09 07:15:04 [INFO] shabbat_detector.cycle_analyzer: Elevator idle 337s - resetting cycle (was in _Phase.LEG_ONE)
2026-10-09 07:23:52 [INFO] shabbat_detector.cycle_analyzer: Elevator idle 515s - resetting cycle (was in _Phase.LEG_ONE)
2026-10-09 07:28:08 [INFO] shabbat_detector.hebcal_gate: Hebcal refreshed: 2 start(s), 1 end(s) (geo=281184, diaspora=True)
2026-10-09 07:42:27 [INFO] shabbat_detector.hebcal_gate: Hebcal refreshed: 2 start(s), 1 end(s) (geo=281184, diaspora=True)
2026-10-09 07:44:43 [INFO] shabbat_detector.fsm: [D] DetectorState.NORMAL → DetectorState.CANDIDATE_SHABBAT
2026-10-09 07:44:43 [INFO] detector: SHABBAT TRANSITION NORMAL -> CANDIDATE_SHABBAT | סיבה: מחזור אפשרי החל - ממתין להשלמה
2026-10-09 07:45:13 [INFO] detector: Config updated remotely (keys=['SHABBAT_DETECTOR'])
2026-10-09 07:54:32 [INFO] shabbat_detector.hebcal_gate: Hebcal refreshed: 2 start(s), 1 end(s) (geo=281184, diaspora=True)
2026-10-09 07:54:32 [INFO] shabbat_detector.cycle_analyzer: Elevator idle 701s - resetting cycle (was in _Phase.LEG_ONE)
2026-10-09 08:01:56 [INFO] shabbat_detector.firebase_client: SSE stream connecting: https://ramada-elev-default-rtdb.europe-west1.firebasedatabase.app/elevator_configs/D.json
2026-10-09 08:02:56 [INFO] detector: Config updated remotely (keys=['AUTO_LEARN_CONFIG', 'BOTTOM_FLOOR', 'FLOOR_WAITS', 'SHABBAT_ACTIVE', 'SHABBAT_BREAK_ACTIVE', 'SHABBAT_DETECTOR', 'SHABBAT_MODE', 'STOPPING_FLOORS', 'STOPPING_FLOORS_DOWN', 'STOPPING_FLOORS_UP', 'TIME_PASS_FLOOR', 'TIME_PER_FLOOR', 'TOP_FLOOR', 'VISIBLE_FLOORS', 'secret_key'])
2026-10-09 08:03:43 [INFO] shabbat_detector.cycle_analyzer: Cycle recovered (missed TOP-terminal read): 540s, up_stops=['1', '0', '-1', '0', '2', '11'], down_stops=['-1', '0', '1', '2', '0', '1', '2', '1', '0', '-1', '7']
2026-10-09 08:03:43 [INFO] shabbat_detector.fsm: [D] DetectorState.CANDIDATE_SHABBAT → DetectorState.NORMAL
2026-10-09 08:03:43 [INFO] detector: SHABBAT TRANSITION CANDIDATE_SHABBAT -> NORMAL | סיבה: מחזור לא תאם - עצירות לא חוקיות בעלייה: ['1', '11', '2']; עצירות לא חוקיות בירידה: ['1', '7']; כיסוי קומות חלקי (עלייה 67%, ירידה 38%); קפיצות-אחורה (עלייה 2, ירידה 6); 5 חריגות טיימינג
2026-10-09 08:04:36 [INFO] shabbat_detector.hebcal_gate: Hebcal refreshed: 2 start(s), 1 end(s) (geo=281184, diaspora=True)
2026-10-09 08:05:43 [INFO] detector: Config updated remotely (keys=['SHABBAT_DETECTOR'])
2026-10-09 08:09:17 [INFO] shabbat_detector.cycle_analyzer: Cycle recovered (missed TOP-terminal read): 328s, up_stops=['0', '2', '9', '11'], down_stops=['-2', '1', '11', '0', '1']
2026-10-09 08:09:17 [INFO] shabbat_detector.fsm: [D] DetectorState.NORMAL → DetectorState.CANDIDATE_SHABBAT
2026-10-09 08:09:17 [INFO] detector: SHABBAT TRANSITION NORMAL -> CANDIDATE_SHABBAT | סיבה: מחזור אפשרי החל - ממתין להשלמה
2026-10-09 08:09:17 [INFO] shabbat_detector.fsm: [D] DetectorState.CANDIDATE_SHABBAT → DetectorState.NORMAL
2026-10-09 08:09:17 [INFO] detector: SHABBAT TRANSITION CANDIDATE_SHABBAT -> NORMAL | סיבה: מחזור לא תאם - עצירות לא חוקיות בעלייה: ['11', '2', '9']; עצירות לא חוקיות בירידה: ['1', '11']; כיסוי קומות חלקי (עלייה 33%, ירידה 25%); 4 חריגות טיימינג
2026-10-09 08:09:18 [INFO] detector: Config updated remotely (keys=['SHABBAT_DETECTOR'])
2026-10-09 08:10:17 [INFO] detector: Config updated remotely (keys=['SHABBAT_DETECTOR'])
2026-10-09 08:12:09 [INFO] shabbat_detector.cycle_analyzer: Cycle aborted: returned to BOTTOM without reaching TOP
2026-10-09 08:12:09 [INFO] shabbat_detector.fsm: [D] DetectorState.NORMAL → DetectorState.CANDIDATE_SHABBAT
2026-10-09 08:12:09 [INFO] detector: SHABBAT TRANSITION NORMAL -> CANDIDATE_SHABBAT | סיבה: מחזור אפשרי החל - ממתין להשלמה
2026-10-09 08:13:18 [INFO] shabbat_detector.firebase_client: SSE stream connecting: https://ramada-elev-default-rtdb.europe-west1.firebasedatabase.app/settings.json
2026-10-09 08:13:39 [INFO] detector: Config updated remotely (keys=['SHABBAT_DETECTOR'])
2026-10-09 08:14:42 [INFO] shabbat_detector.hebcal_gate: Hebcal refreshed: 2 start(s), 1 end(s) (geo=281184, diaspora=True)
2026-10-09 08:23:14 [INFO] shabbat_detector.firebase_client: SSE stream connecting: https://ramada-elev-default-rtdb.europe-west1.firebasedatabase.app/elevator_configs/D.json
2026-10-09 08:24:15 [INFO] detector: Config updated remotely (keys=['AUTO_LEARN_CONFIG', 'BOTTOM_FLOOR', 'FLOOR_WAITS', 'SHABBAT_ACTIVE', 'SHABBAT_BREAK_ACTIVE', 'SHABBAT_DETECTOR', 'SHABBAT_MODE', 'STOPPING_FLOORS', 'STOPPING_FLOORS_DOWN', 'STOPPING_FLOORS_UP', 'TIME_PASS_FLOOR', 'TIME_PER_FLOOR', 'TOP_FLOOR', 'VISIBLE_FLOORS', 'secret_key'])
2026-10-09 08:24:21 [INFO] shabbat_detector.cycle_analyzer: Cycle aborted: returned to BOTTOM without reaching TOP
2026-10-09 08:24:47 [INFO] shabbat_detector.hebcal_gate: Hebcal refreshed: 2 start(s), 1 end(s) (geo=281184, diaspora=True)
2026-10-09 08:32:48 [INFO] shabbat_detector.cycle_analyzer: Cycle recovered (missed TOP-terminal read): 495s, up_stops=['0', '9', '11'], down_stops=['8', '0', '-1', '-2', '0', '7', '2', '0', '1', '0', '8', '1', '-2', '7', '9', '8']
2026-10-09 08:32:48 [INFO] shabbat_detector.fsm: [D] DetectorState.CANDIDATE_SHABBAT → DetectorState.NORMAL
2026-10-09 08:32:48 [INFO] detector: SHABBAT TRANSITION CANDIDATE_SHABBAT -> NORMAL | סיבה: מחזור לא תאם - עצירות לא חוקיות בעלייה: ['11', '9']; עצירות לא חוקיות בירידה: ['1', '7', '9']; כיסוי קומות חלקי (עלייה 33%, ירידה 62%); קפיצות-אחורה (עלייה 0, ירידה 6); 7 חריגות טיימינג
2026-10-09 08:33:18 [INFO] detector: Config updated remotely (keys=['SHABBAT_DETECTOR'])
2026-10-09 08:34:33 [INFO] shabbat_detector.cycle_analyzer: Cycle aborted: returned to BOTTOM without reaching TOP
2026-10-09 08:34:33 [INFO] shabbat_detector.fsm: [D] DetectorState.NORMAL → DetectorState.CANDIDATE_SHABBAT
2026-10-09 08:34:33 [INFO] detector: SHABBAT TRANSITION NORMAL -> CANDIDATE_SHABBAT | סיבה: מחזור אפשרי החל - ממתין להשלמה
2026-10-09 08:34:47 [INFO] shabbat_detector.hebcal_gate: Hebcal refreshed: 2 start(s), 1 end(s) (geo=281184, diaspora=True)
2026-10-09 08:36:33 [INFO] detector: Config updated remotely (keys=['SHABBAT_DETECTOR'])
2026-10-09 08:45:31 [INFO] shabbat_detector.hebcal_gate: Hebcal refreshed: 2 start(s), 1 end(s) (geo=281184, diaspora=True)
2026-10-09 08:47:25 [INFO] shabbat_detector.cycle_analyzer: Cycle complete: 730s, up_stops=['-2', '-1', '-2', '1', '-2', '-1', '0', '5'], down_stops=['5', '0', '-1', '8', '5', '1', '-1', '-2', '1', '-2', '2', '-1', '1', '-1']
2026-10-09 08:47:55 [INFO] detector: Config updated remotely (keys=['SHABBAT_DETECTOR'])
2026-10-09 08:55:32 [INFO] shabbat_detector.hebcal_gate: Hebcal refreshed: 2 start(s), 1 end(s) (geo=281184, diaspora=True)
2026-10-09 09:06:12 [INFO] shabbat_detector.hebcal_gate: Hebcal refreshed: 2 start(s), 1 end(s) (geo=281184, diaspora=True)
2026-10-09 09:16:27 [INFO] shabbat_detector.hebcal_gate: Hebcal refreshed: 2 start(s), 1 end(s) (geo=281184, diaspora=True)
2026-10-09 09:21:41 [INFO] shabbat_detector.cycle_analyzer: Cycle recovered (missed TOP-terminal read): 2072s, up_stops=['6', '1', '-2', '-1', '3', '10', '0', '2', '0', '-2', '2', '3', '1', '-1', '2', '-1', '-2', '-1', '11'], down_stops=['10', '-1', '0', '-2', '-1', '8', '10', '1', '2', '8', '0', '9', '-2', '1', '-1', '-2', '11', '9', '-1', '5', '-2']
2026-10-09 09:21:41 [INFO] shabbat_detector.fsm: [D] DetectorState.CANDIDATE_SHABBAT → DetectorState.NORMAL
2026-10-09 09:21:41 [INFO] detector: SHABBAT TRANSITION CANDIDATE_SHABBAT -> NORMAL | סיבה: מחזור לא תאם - עצירות לא חוקיות בעלייה: ['1', '10', '11', '2', '3', '6']; עצירות לא חוקיות בירידה: ['1', '11', '5', '9']; קפיצות-אחורה (עלייה 9, ירידה 10); חזרות על קומות (עלייה 10, ירידה 11); 10 חריגות טיימינג
2026-10-09 09:22:41 [INFO] detector: Config updated remotely (keys=['SHABBAT_DETECTOR'])
2026-10-09 09:23:04 [INFO] shabbat_detector.cycle_analyzer: Cycle aborted: returned to BOTTOM without reaching TOP
2026-10-09 09:23:04 [INFO] shabbat_detector.fsm: [D] DetectorState.NORMAL → DetectorState.CANDIDATE_SHABBAT
2026-10-09 09:23:04 [INFO] detector: SHABBAT TRANSITION NORMAL -> CANDIDATE_SHABBAT | סיבה: מחזור אפשרי החל - ממתין להשלמה
2026-10-09 09:23:34 [INFO] detector: Config updated remotely (keys=['SHABBAT_DETECTOR'])
2026-10-09 09:26:58 [INFO] shabbat_detector.hebcal_gate: Hebcal refreshed: 2 start(s), 1 end(s) (geo=281184, diaspora=True)
2026-10-09 09:37:40 [INFO] shabbat_detector.cycle_analyzer: Cycle recovered (missed TOP-terminal read): 824s, up_stops=['-1', '2', '9', '-2', '2', '0', '2', '3', '-1', '-2', '-1', '8', '7', '2', '1', '-1', '-2', '2', '-1', '9', '11'], down_stops=['3', '-1', '-2', '-1', '2', '8', '-1']
2026-10-09 09:37:40 [INFO] shabbat_detector.fsm: [D] DetectorState.CANDIDATE_SHABBAT → DetectorState.NORMAL
2026-10-09 09:37:40 [INFO] detector: SHABBAT TRANSITION CANDIDATE_SHABBAT -> NORMAL | סיבה: מחזור לא תאם - עצירות לא חוקיות בעלייה: ['1', '11', '2', '3', '7', '8', '9']; עצירות לא חוקיות בירידה: ['3']; קפיצות-אחורה (עלייה 10, ירידה 3); חזרות על קומות (עלייה 11, ירידה 2); 9 חריגות טיימינג
2026-10-09 09:37:42 [INFO] detector: Config updated remotely (keys=['SHABBAT_DETECTOR'])
2026-10-09 09:37:49 [INFO] shabbat_detector.hebcal_gate: Hebcal refreshed: 2 start(s), 1 end(s) (geo=281184, diaspora=True)
2026-10-09 09:44:47 [INFO] shabbat_detector.cycle_analyzer: Cycle complete: 489s, up_stops=['-1', '8', '-1', '-2', '7', '1', '-1', '-2'], down_stops=['2', '-2']
2026-10-09 09:44:47 [INFO] shabbat_detector.fsm: [D] DetectorState.NORMAL → DetectorState.CANDIDATE_SHABBAT
2026-10-09 09:44:47 [INFO] detector: SHABBAT TRANSITION NORMAL -> CANDIDATE_SHABBAT | סיבה: מחזור אפשרי החל - ממתין להשלמה
2026-10-09 09:44:47 [INFO] shabbat_detector.fsm: [D] DetectorState.CANDIDATE_SHABBAT → DetectorState.NORMAL
2026-10-09 09:44:47 [INFO] detector: SHABBAT TRANSITION CANDIDATE_SHABBAT -> NORMAL | סיבה: מחזור לא תאם - עצירות לא חוקיות בעלייה: ['1', '7', '8']; כיסוי קומות חלקי (עלייה 67%, ירידה 25%); קפיצות-אחורה (עלייה 5, ירידה 0); 3 חריגות טיימינג
2026-10-09 09:44:48 [INFO] detector: Config updated remotely (keys=['SHABBAT_DETECTOR'])
2026-10-09 09:47:18 [INFO] detector: Config updated remotely (keys=['SHABBAT_DETECTOR'])
2026-10-09 09:47:58 [INFO] shabbat_detector.cycle_analyzer: Cycle aborted: returned to BOTTOM without reaching TOP
2026-10-09 09:47:58 [INFO] shabbat_detector.fsm: [D] DetectorState.NORMAL → DetectorState.CANDIDATE_SHABBAT
2026-10-09 09:47:58 [INFO] detector: SHABBAT TRANSITION NORMAL -> CANDIDATE_SHABBAT | סיבה: מחזור אפשרי החל - ממתין להשלמה
2026-10-09 09:49:51 [INFO] shabbat_detector.hebcal_gate: Hebcal refreshed: 2 start(s), 1 end(s) (geo=281184, diaspora=True)
2026-10-09 09:50:28 [INFO] detector: Config updated remotely (keys=['SHABBAT_DETECTOR'])
2026-10-09 10:00:52 [INFO] shabbat_detector.hebcal_gate: Hebcal refreshed: 2 start(s), 1 end(s) (geo=281184, diaspora=True)
2026-10-09 10:02:43 [INFO] shabbat_detector.cycle_analyzer: Cycle aborted: returned to BOTTOM without reaching TOP
2026-10-09 10:05:48 [INFO] shabbat_detector.cycle_analyzer: Cycle aborted: returned to BOTTOM without reaching TOP
2026-10-09 10:07:40 [INFO] shabbat_detector.cycle_analyzer: Cycle aborted: returned to BOTTOM without reaching TOP
2026-10-09 10:10:34 [INFO] shabbat_detector.hebcal_gate: Hebcal refreshed: 2 start(s), 1 end(s) (geo=281184, diaspora=True)
2026-10-09 10:20:34 [INFO] shabbat_detector.hebcal_gate: Hebcal refreshed: 2 start(s), 1 end(s) (geo=281184, diaspora=True)
2026-10-09 10:27:18 [WARNING] shabbat_detector.cycle_analyzer: Unexpected: touched opposite terminal again in leg 2
2026-10-09 10:30:08 [WARNING] shabbat_detector.cycle_analyzer: Unexpected: touched opposite terminal again in leg 2
2026-10-09 10:33:37 [INFO] shabbat_detector.hebcal_gate: Hebcal refreshed: 2 start(s), 1 end(s) (geo=281184, diaspora=True)
2026-10-09 10:33:37 [INFO] shabbat_detector.cycle_analyzer: Elevator idle 356s - resetting cycle (was in _Phase.LEG_TWO)
2026-10-09 10:44:13 [INFO] shabbat_detector.hebcal_gate: Hebcal refreshed: 2 start(s), 1 end(s) (geo=281184, diaspora=True)
2026-10-09 10:44:43 [INFO] shabbat_detector.cycle_analyzer: Cycle recovered (missed BOTTOM-terminal read): 651s, up_stops=['1', '8', '-1', '5', '-1', '2', '-1', '-2', '8', '9', '7', '-1'], down_stops=['-2']
2026-10-09 10:44:43 [INFO] shabbat_detector.fsm: [D] DetectorState.CANDIDATE_SHABBAT → DetectorState.NORMAL
2026-10-09 10:44:43 [INFO] detector: SHABBAT TRANSITION CANDIDATE_SHABBAT -> NORMAL | סיבה: מחזור לא תאם - עצירות לא חוקיות בעלייה: ['1', '2', '5', '7', '8', '9']; כיסוי קומות חלקי (עלייה 67%, ירידה 12%); קפיצות-אחורה (עלייה 6, ירידה 0); 7 חריגות טיימינג
2026-10-09 10:45:14 [INFO] detector: Config updated remotely (keys=['SHABBAT_DETECTOR'])
2026-10-09 10:54:14 [INFO] shabbat_detector.hebcal_gate: Hebcal refreshed: 2 start(s), 1 end(s) (geo=281184, diaspora=True)
2026-10-09 11:04:18 [INFO] shabbat_detector.hebcal_gate: Hebcal refreshed: 2 start(s), 1 end(s) (geo=281184, diaspora=True)
2026-10-09 11:14:20 [INFO] shabbat_detector.hebcal_gate: Hebcal refreshed: 2 start(s), 1 end(s) (geo=281184, diaspora=True)
2026-10-09 11:18:02 [WARNING] shabbat_detector.cycle_analyzer: Unexpected: touched opposite terminal again in leg 2
2026-10-09 11:22:40 [INFO] shabbat_detector.cycle_analyzer: Elevator idle 367s - resetting cycle (was in _Phase.LEG_TWO)
2026-10-09 11:24:40 [INFO] shabbat_detector.hebcal_gate: Hebcal refreshed: 2 start(s), 1 end(s) (geo=281184, diaspora=True)
2026-10-09 11:36:36 [INFO] shabbat_detector.hebcal_gate: Hebcal refreshed: 2 start(s), 1 end(s) (geo=281184, diaspora=True)
2026-10-09 11:43:30 [INFO] shabbat_detector.cycle_analyzer: Cycle recovered (missed TOP-terminal read): 1248s, up_stops=['-1', '3', '1', '-1', '1', '3', '-1', '2', '-1', '2', '-1', '3', '3', '0', '3', '4', '10', '-1', '11'], down_stops=['10', '-1', '10', '5', '2', '-2']
2026-10-09 11:43:30 [INFO] shabbat_detector.fsm: [D] DetectorState.NORMAL → DetectorState.CANDIDATE_SHABBAT
2026-10-09 11:43:30 [INFO] detector: SHABBAT TRANSITION NORMAL -> CANDIDATE_SHABBAT | סיבה: מחזור אפשרי החל - ממתין להשלמה
2026-10-09 11:43:30 [INFO] shabbat_detector.fsm: [D] DetectorState.CANDIDATE_SHABBAT → DetectorState.NORMAL
2026-10-09 11:43:30 [INFO] detector: SHABBAT TRANSITION CANDIDATE_SHABBAT -> NORMAL | סיבה: מחזור לא תאם - עצירות לא חוקיות בעלייה: ['1', '10', '11', '2', '3', '4']; עצירות לא חוקיות בירידה: ['5']; קפיצות-אחורה (עלייה 7, ירידה 1); חזרות על קומות (עלייה 11, ירידה 1); 7 חריגות טיימינג
2026-10-09 11:43:30 [INFO] detector: Config updated remotely (keys=['SHABBAT_DETECTOR'])
2026-10-09 11:45:30 [INFO] detector: Config updated remotely (keys=['SHABBAT_DETECTOR'])
2026-10-09 11:50:10 [INFO] shabbat_detector.hebcal_gate: Hebcal refreshed: 2 start(s), 1 end(s) (geo=281184, diaspora=True)
2026-10-09 11:59:41 [INFO] shabbat_detector.cycle_analyzer: Cycle aborted: returned to BOTTOM without reaching TOP
2026-10-09 11:59:41 [INFO] shabbat_detector.fsm: [D] DetectorState.NORMAL → DetectorState.CANDIDATE_SHABBAT
2026-10-09 11:59:41 [INFO] detector: SHABBAT TRANSITION NORMAL -> CANDIDATE_SHABBAT | סיבה: מחזור אפשרי החל - ממתין להשלמה
2026-10-09 12:01:11 [INFO] detector: Config updated remotely (keys=['SHABBAT_DETECTOR'])
2026-10-09 12:04:27 [INFO] shabbat_detector.hebcal_gate: Hebcal refreshed: 2 start(s), 1 end(s) (geo=281184, diaspora=True)
2026-10-09 12:04:27 [INFO] shabbat_detector.cycle_analyzer: Elevator idle 314s - resetting cycle (was in _Phase.LEG_ONE)
2026-10-09 12:10:27 [INFO] shabbat_detector.cycle_analyzer: Cycle aborted: returned to BOTTOM without reaching TOP
2026-10-09 12:14:09 [INFO] shabbat_detector.cycle_analyzer: Cycle aborted: returned to BOTTOM without reaching TOP
2026-10-09 12:14:38 [INFO] shabbat_detector.hebcal_gate: Hebcal refreshed: 2 start(s), 1 end(s) (geo=281184, diaspora=True)
2026-10-09 12:31:45 [INFO] shabbat_detector.hebcal_gate: Hebcal refreshed: 2 start(s), 1 end(s) (geo=281184, diaspora=True)
2026-10-09 12:31:45 [INFO] shabbat_detector.cycle_analyzer: Elevator idle 715s - resetting cycle (was in _Phase.LEG_ONE)
2026-10-09 12:38:44 [INFO] shabbat_detector.cycle_analyzer: Elevator idle 362s - resetting cycle (was in _Phase.LEG_ONE)
2026-10-09 12:44:48 [INFO] shabbat_detector.hebcal_gate: Hebcal refreshed: 2 start(s), 1 end(s) (geo=281184, diaspora=True)
2026-10-09 12:50:37 [INFO] shabbat_detector.cycle_analyzer: Cycle complete: 685s, up_stops=['3', '-1'], down_stops=['-1', '1', '3', '-1']
2026-10-09 12:50:37 [INFO] shabbat_detector.fsm: [D] DetectorState.CANDIDATE_SHABBAT → DetectorState.NORMAL
2026-10-09 12:50:37 [INFO] detector: SHABBAT TRANSITION CANDIDATE_SHABBAT -> NORMAL | סיבה: מחזור לא תאם - עצירות לא חוקיות בעלייה: ['3']; עצירות לא חוקיות בירידה: ['1', '3']; כיסוי קומות חלקי (עלייה 33%, ירידה 12%); 3 חריגות טיימינג
2026-10-09 12:51:07 [INFO] detector: Config updated remotely (keys=['SHABBAT_DETECTOR'])
2026-10-09 12:57:17 [INFO] shabbat_detector.hebcal_gate: Hebcal refreshed: 2 start(s), 1 end(s) (geo=281184, diaspora=True)
2026-10-09 13:06:14 [WARNING] shabbat_detector.cycle_analyzer: Unexpected: touched opposite terminal again in leg 2
2026-10-09 13:07:49 [INFO] shabbat_detector.hebcal_gate: Hebcal refreshed: 2 start(s), 1 end(s) (geo=281184, diaspora=True)
2026-10-09 13:09:18 [INFO] shabbat_detector.cycle_analyzer: Cycle complete: 1119s, up_stops=['-1', '-1', '6'], down_stops=['10', '1', '1', '-2']
2026-10-09 13:09:18 [INFO] shabbat_detector.fsm: [D] DetectorState.NORMAL → DetectorState.CANDIDATE_SHABBAT
2026-10-09 13:09:18 [INFO] detector: SHABBAT TRANSITION NORMAL -> CANDIDATE_SHABBAT | סיבה: מחזור אפשרי החל - ממתין להשלמה
2026-10-09 13:09:18 [INFO] shabbat_detector.fsm: [D] DetectorState.CANDIDATE_SHABBAT → DetectorState.NORMAL
2026-10-09 13:09:18 [INFO] detector: SHABBAT TRANSITION CANDIDATE_SHABBAT -> NORMAL | סיבה: מחזור לא תאם - עצירות לא חוקיות בעלייה: ['6']; עצירות לא חוקיות בירידה: ['1']; כיסוי קומות חלקי (עלייה 33%, ירידה 25%); 3 חריגות טיימינג
2026-10-09 13:09:19 [INFO] detector: Config updated remotely (keys=['SHABBAT_DETECTOR'])
2026-10-09 13:10:49 [INFO] detector: Config updated remotely (keys=['SHABBAT_DETECTOR'])
2026-10-09 13:17:55 [INFO] shabbat_detector.hebcal_gate: Hebcal refreshed: 2 start(s), 1 end(s) (geo=281184, diaspora=True)
2026-10-09 13:27:59 [INFO] shabbat_detector.hebcal_gate: Hebcal refreshed: 2 start(s), 1 end(s) (geo=281184, diaspora=True)
2026-10-09 13:29:26 [WARNING] shabbat_detector.cycle_analyzer: Unexpected: touched opposite terminal again in leg 2
2026-10-09 13:31:03 [WARNING] shabbat_detector.cycle_analyzer: Unexpected: touched opposite terminal again in leg 2
2026-10-09 13:38:33 [INFO] shabbat_detector.hebcal_gate: Hebcal refreshed: 2 start(s), 1 end(s) (geo=281184, diaspora=True)
2026-10-09 13:48:00 [WARNING] shabbat_detector.cycle_analyzer: Unexpected: touched opposite terminal again in leg 2
2026-10-09 13:50:08 [INFO] shabbat_detector.hebcal_gate: Hebcal refreshed: 2 start(s), 1 end(s) (geo=281184, diaspora=True)
2026-10-09 13:53:08 [WARNING] shabbat_detector.cycle_analyzer: Unexpected: touched opposite terminal again in leg 2
2026-10-09 13:57:41 [WARNING] shabbat_detector.cycle_analyzer: Unexpected: touched opposite terminal again in leg 2
2026-10-09 14:00:15 [INFO] shabbat_detector.cycle_analyzer: Cycle complete: 3036s, up_stops=['8', '-1', '-1', '1', '2', '-2', '2', '-1', '1', '3', '0', '0', '2', '4', '3', '-1', '10', '-2', '0', '1', '0', '-2', '2', '0', '-1', '-1', '2', '-1', '2', '0', '-2', '0', '2', '11', '-1', '11', '3', '11', '3', '0', '0', '-1', '3', '-1', '-2', '1', '3', '-1', '2', '-1', '-1'], down_stops=['0', '1', '-1', '2', '-2']
2026-10-09 14:00:15 [INFO] shabbat_detector.fsm: [D] DetectorState.NORMAL → DetectorState.CANDIDATE_SHABBAT
2026-10-09 14:00:15 [INFO] detector: SHABBAT TRANSITION NORMAL -> CANDIDATE_SHABBAT | סיבה: מחזור אפשרי החל - ממתין להשלמה
2026-10-09 14:00:15 [INFO] shabbat_detector.fsm: [D] DetectorState.CANDIDATE_SHABBAT → DetectorState.NORMAL
2026-10-09 14:00:15 [INFO] detector: SHABBAT TRANSITION CANDIDATE_SHABBAT -> NORMAL | סיבה: מחזור לא תאם - עצירות לא חוקיות בעלייה: ['1', '10', '11', '2', '3', '4', '8']; עצירות לא חוקיות בירידה: ['1']; קפיצות-אחורה (עלייה 23, ירידה 2); חזרות על קומות (עלייה 41, ירידה 0); 8 חריגות טיימינג
2026-10-09 14:00:16 [INFO] detector: Config updated remotely (keys=['SHABBAT_DETECTOR'])
2026-10-09 14:00:17 [INFO] shabbat_detector.hebcal_gate: Hebcal refreshed: 2 start(s), 1 end(s) (geo=281184, diaspora=True)
2026-10-09 14:02:16 [INFO] detector: Config updated remotely (keys=['SHABBAT_DETECTOR'])
2026-10-09 14:10:39 [INFO] shabbat_detector.hebcal_gate: Hebcal refreshed: 2 start(s), 1 end(s) (geo=281184, diaspora=True)
2026-10-09 14:11:10 [WARNING] shabbat_detector.cycle_analyzer: Unexpected: touched opposite terminal again in leg 2
2026-10-09 14:13:48 [WARNING] shabbat_detector.cycle_analyzer: Unexpected: touched opposite terminal again in leg 2
2026-10-09 14:15:12 [WARNING] shabbat_detector.cycle_analyzer: Unexpected: touched opposite terminal again in leg 2
2026-10-09 14:17:58 [WARNING] shabbat_detector.cycle_analyzer: Unexpected: touched opposite terminal again in leg 2
2026-10-09 14:22:24 [INFO] shabbat_detector.hebcal_gate: Hebcal refreshed: 2 start(s), 1 end(s) (geo=281184, diaspora=True)
2026-10-09 14:32:50 [INFO] shabbat_detector.hebcal_gate: Hebcal refreshed: 2 start(s), 1 end(s) (geo=281184, diaspora=True)
2026-10-09 14:44:15 [INFO] shabbat_detector.hebcal_gate: Hebcal refreshed: 2 start(s), 1 end(s) (geo=281184, diaspora=True)
2026-10-09 14:44:15 [WARNING] shabbat_detector.cycle_analyzer: Unexpected: touched opposite terminal again in leg 2
2026-10-09 14:48:15 [WARNING] shabbat_detector.cycle_analyzer: Unexpected: touched opposite terminal again in leg 2
2026-10-09 14:51:14 [WARNING] shabbat_detector.cycle_analyzer: Unexpected: touched opposite terminal again in leg 2
2026-10-09 14:55:07 [INFO] shabbat_detector.hebcal_gate: Hebcal refreshed: 2 start(s), 1 end(s) (geo=281184, diaspora=True)
2026-10-09 14:58:24 [WARNING] shabbat_detector.cycle_analyzer: Unexpected: touched opposite terminal again in leg 2
2026-10-09 15:01:41 [INFO] shabbat_detector.cycle_analyzer: Cycle complete: 3676s, up_stops=['-1', '-1', '-1', '-1', '3', '-1', '-1', '3', '-1', '2', '4', '-1', '3', '4', '0', '-1', '11', '-1', '1', '2', '3', '5', '-1', '1', '-1', '-1', '2', '11', '10', '-2', '2', '5', '-2', '5', '-1', '-1', '6', '-1', '4', '0', '2', '-1', '-2', '-1', '1', '-1', '3', '-1'], down_stops=['8', '3', '-1', '6', '1', '-1', '2']
2026-10-09 15:01:41 [INFO] shabbat_detector.fsm: [D] DetectorState.NORMAL → DetectorState.CANDIDATE_SHABBAT
2026-10-09 15:01:41 [INFO] detector: SHABBAT TRANSITION NORMAL -> CANDIDATE_SHABBAT | סיבה: מחזור אפשרי החל - ממתין להשלמה
2026-10-09 15:01:41 [INFO] shabbat_detector.fsm: [D] DetectorState.CANDIDATE_SHABBAT → DetectorState.NORMAL
2026-10-09 15:01:41 [INFO] detector: SHABBAT TRANSITION CANDIDATE_SHABBAT -> NORMAL | סיבה: מחזור לא תאם - עצירות לא חוקיות בעלייה: ['1', '10', '11', '2', '3', '4', '5', '6']; עצירות לא חוקיות בירידה: ['1', '3']; קפיצות-אחורה (עלייה 18, ירידה 2); חזרות על קומות (עלייה 37, ירידה 1); 11 חריגות טיימינג
2026-10-09 15:01:42 [INFO] detector: Config updated remotely (keys=['SHABBAT_DETECTOR'])
2026-10-09 15:03:41 [INFO] detector: Config updated remotely (keys=['SHABBAT_DETECTOR'])
2026-10-09 15:05:11 [INFO] shabbat_detector.hebcal_gate: Hebcal refreshed: 2 start(s), 1 end(s) (geo=281184, diaspora=True)
2026-10-09 15:12:09 [WARNING] shabbat_detector.cycle_analyzer: Unexpected: touched opposite terminal again in leg 2
2026-10-09 15:16:00 [INFO] shabbat_detector.hebcal_gate: Hebcal refreshed: 2 start(s), 1 end(s) (geo=281184, diaspora=True)
2026-10-09 15:17:13 [INFO] shabbat_detector.cycle_analyzer: Cycle complete: 966s, up_stops=['-1', '4', '5', '4', '-1', '2', '-2', '-1', '3', '1', '2', '-1', '4', '-1'], down_stops=['1', '-1', '-1', '5', '-1', '4', '-1', '-2']
2026-10-09 15:17:13 [INFO] shabbat_detector.fsm: [D] DetectorState.NORMAL → DetectorState.CANDIDATE_SHABBAT
2026-10-09 15:17:13 [INFO] detector: SHABBAT TRANSITION NORMAL -> CANDIDATE_SHABBAT | סיבה: מחזור אפשרי החל - ממתין להשלמה
2026-10-09 15:17:14 [INFO] shabbat_detector.fsm: [D] DetectorState.CANDIDATE_SHABBAT → DetectorState.NORMAL
2026-10-09 15:17:14 [INFO] detector: SHABBAT TRANSITION CANDIDATE_SHABBAT -> NORMAL | סיבה: מחזור לא תאם - עצירות לא חוקיות בעלייה: ['1', '2', '3', '4', '5']; עצירות לא חוקיות בירידה: ['1', '5']; כיסוי קומות חלקי (עלייה 67%, ירידה 38%); קפיצות-אחורה (עלייה 6, ירידה 2); 5 חריגות טיימינג
2026-10-09 15:17:15 [INFO] detector: Config updated remotely (keys=['SHABBAT_DETECTOR'])
2026-10-09 15:19:14 [INFO] detector: Config updated remotely (keys=['SHABBAT_DETECTOR'])
2026-10-09 15:25:12 [INFO] shabbat_detector.cycle_analyzer: Cycle complete: 490s, up_stops=['-2', '-1', '1', '2', '3', '4', '0', '2', '5', '-1', '11', '5', '1', '11'], down_stops=[]
2026-10-09 15:25:12 [INFO] shabbat_detector.fsm: [D] DetectorState.NORMAL → DetectorState.CANDIDATE_SHABBAT
2026-10-09 15:25:12 [INFO] detector: SHABBAT TRANSITION NORMAL -> CANDIDATE_SHABBAT | סיבה: מחזור אפשרי החל - ממתין להשלמה
2026-10-09 15:25:12 [INFO] shabbat_detector.fsm: [D] DetectorState.CANDIDATE_SHABBAT → DetectorState.NORMAL
2026-10-09 15:25:12 [INFO] detector: SHABBAT TRANSITION CANDIDATE_SHABBAT -> NORMAL | סיבה: מחזור לא תאם - עצירות לא חוקיות בעלייה: ['1', '11', '2', '3', '4', '5']; כיסוי קומות חלקי (עלייה 100%, ירידה 0%); 9 חריגות טיימינג
2026-10-09 15:25:12 [INFO] detector: Config updated remotely (keys=['SHABBAT_DETECTOR'])
2026-10-09 15:26:02 [INFO] shabbat_detector.hebcal_gate: Hebcal refreshed: 2 start(s), 1 end(s) (geo=281184, diaspora=True)
2026-10-09 15:27:12 [INFO] detector: Config updated remotely (keys=['SHABBAT_DETECTOR'])
2026-10-09 15:32:48 [WARNING] shabbat_detector.cycle_analyzer: Unexpected: touched opposite terminal again in leg 2
2026-10-09 15:34:51 [WARNING] shabbat_detector.cycle_analyzer: Unexpected: touched opposite terminal again in leg 2
2026-10-09 15:36:27 [WARNING] shabbat_detector.cycle_analyzer: Unexpected: touched opposite terminal again in leg 2
2026-10-09 15:36:32 [INFO] shabbat_detector.hebcal_gate: Hebcal refreshed: 2 start(s), 1 end(s) (geo=281184, diaspora=True)
2026-10-09 15:37:59 [INFO] shabbat_detector.cycle_analyzer: Cycle complete: 768s, up_stops=['-1', '0', '10', '3', '-1', '-1', '2', '1', '-1', '-1', '9', '-1', '3', '4'], down_stops=['-2', '11', '-1', '1', '-1', '1', '2']
2026-10-09 15:37:59 [INFO] shabbat_detector.fsm: [D] DetectorState.NORMAL → DetectorState.CANDIDATE_SHABBAT
2026-10-09 15:37:59 [INFO] detector: SHABBAT TRANSITION NORMAL -> CANDIDATE_SHABBAT | סיבה: מחזור אפשרי החל - ממתין להשלמה
2026-10-09 15:38:00 [INFO] shabbat_detector.fsm: [D] DetectorState.CANDIDATE_SHABBAT → DetectorState.NORMAL
2026-10-09 15:38:00 [INFO] detector: SHABBAT TRANSITION CANDIDATE_SHABBAT -> NORMAL | סיבה: מחזור לא תאם - עצירות לא חוקיות בעלייה: ['1', '10', '2', '3', '4', '9']; עצירות לא חוקיות בירידה: ['1', '11']; כיסוי קומות חלקי (עלייה 67%, ירידה 38%); קפיצות-אחורה (עלייה 5, ירידה 4); 9 חריגות טיימינג
2026-10-09 15:38:00 [INFO] detector: Config updated remotely (keys=['SHABBAT_DETECTOR'])
2026-10-09 15:40:00 [INFO] detector: Config updated remotely (keys=['SHABBAT_DETECTOR'])
2026-10-09 15:43:16 [WARNING] shabbat_detector.cycle_analyzer: Unexpected: touched opposite terminal again in leg 2
2026-10-09 15:46:34 [INFO] shabbat_detector.hebcal_gate: Hebcal refreshed: 2 start(s), 1 end(s) (geo=281184, diaspora=True)
2026-10-09 15:47:13 [WARNING] shabbat_detector.cycle_analyzer: Unexpected: touched opposite terminal again in leg 2
2026-10-09 15:52:32 [WARNING] shabbat_detector.cycle_analyzer: Unexpected: touched opposite terminal again in leg 2
2026-10-09 15:54:07 [WARNING] shabbat_detector.cycle_analyzer: Unexpected: touched opposite terminal again in leg 2
2026-10-09 15:55:48 [WARNING] shabbat_detector.cycle_analyzer: Unexpected: touched opposite terminal again in leg 2
2026-10-09 15:56:58 [INFO] shabbat_detector.hebcal_gate: Hebcal refreshed: 2 start(s), 1 end(s) (geo=281184, diaspora=True)
2026-10-09 15:57:54 [INFO] shabbat_detector.cycle_analyzer: Cycle complete: 1181s, up_stops=['-1', '1', '11', '11', '10', '5', '4', '-2', '-2', '6', '11', '4', '-1', '11', '3', '-1', '-2', '11', '-1', '-1', '11', '4'], down_stops=['7', '-2']
2026-10-09 15:57:54 [INFO] shabbat_detector.fsm: [D] DetectorState.NORMAL → DetectorState.CANDIDATE_SHABBAT
2026-10-09 15:57:54 [INFO] detector: SHABBAT TRANSITION NORMAL -> CANDIDATE_SHABBAT | סיבה: מחזור אפשרי החל - ממתין להשלמה
2026-10-09 15:57:55 [INFO] shabbat_detector.fsm: [D] DetectorState.CANDIDATE_SHABBAT → DetectorState.NORMAL
2026-10-09 15:57:55 [INFO] detector: SHABBAT TRANSITION CANDIDATE_SHABBAT -> NORMAL | סיבה: מחזור לא תאם - עצירות לא חוקיות בעלייה: ['1', '10', '11', '3', '4', '5', '6']; עצירות לא חוקיות בירידה: ['7']; כיסוי קומות חלקי (עלייה 67%, ירידה 12%); קפיצות-אחורה (עלייה 11, ירידה 0); חזרות על קומות (עלייה 13, ירידה 0); 9 חריגות טיימינג
2026-10-09 15:57:56 [INFO] detector: Config updated remotely (keys=['SHABBAT_DETECTOR'])
2026-10-09 15:59:55 [INFO] detector: Config updated remotely (keys=['SHABBAT_DETECTOR'])
2026-10-09 16:06:08 [WARNING] shabbat_detector.cycle_analyzer: Unexpected: touched opposite terminal again in leg 2
2026-10-09 16:06:58 [INFO] shabbat_detector.hebcal_gate: Hebcal refreshed: 2 start(s), 1 end(s) (geo=281184, diaspora=True)
2026-10-09 16:13:10 [WARNING] shabbat_detector.cycle_analyzer: Unexpected: touched opposite terminal again in leg 2
2026-10-09 16:17:14 [INFO] shabbat_detector.hebcal_gate: Hebcal refreshed: 2 start(s), 1 end(s) (geo=281184, diaspora=True)
2026-10-09 16:20:45 [WARNING] shabbat_detector.cycle_analyzer: Unexpected: touched opposite terminal again in leg 2
2026-10-09 16:24:50 [WARNING] shabbat_detector.cycle_analyzer: Unexpected: touched opposite terminal again in leg 2
2026-10-09 16:26:19 [INFO] shabbat_detector.cycle_analyzer: Cycle complete: 1716s, up_stops=['-2', '4', '5', '-1', '1', '11', '-1', '-2', '-2', '6', '10', '5', '-1', '11', '4', '-1', '4', '-1', '1', '-1', '-1', '2', '5', '6', '8', '4', '3', '1', '2', '7', '4', '3', '-1', '6', '5', '2', '-1', '-2', '5', '6', '11', '5', '2', '-1', '4', '5', '6'], down_stops=['10', '-2']
2026-10-09 16:26:19 [INFO] shabbat_detector.fsm: [D] DetectorState.NORMAL → DetectorState.CANDIDATE_SHABBAT
2026-10-09 16:26:19 [INFO] detector: SHABBAT TRANSITION NORMAL -> CANDIDATE_SHABBAT | סיבה: מחזור אפשרי החל - ממתין להשלמה
2026-10-09 16:26:19 [INFO] shabbat_detector.fsm: [D] DetectorState.CANDIDATE_SHABBAT → DetectorState.NORMAL
2026-10-09 16:26:19 [INFO] detector: SHABBAT TRANSITION CANDIDATE_SHABBAT -> NORMAL | סיבה: מחזור לא תאם - עצירות לא חוקיות בעלייה: ['1', '10', '11', '2', '3', '4', '5', '6', '7', '8']; כיסוי קומות חלקי (עלייה 67%, ירידה 25%); קפיצות-אחורה (עלייה 22, ירידה 0); חזרות על קומות (עלייה 35, ירידה 0); 11 חריגות טיימינג
2026-10-09 16:26:20 [INFO] detector: Config updated remotely (keys=['SHABBAT_DETECTOR'])
2026-10-09 16:27:46 [INFO] shabbat_detector.hebcal_gate: Hebcal refreshed: 2 start(s), 1 end(s) (geo=281184, diaspora=True)
2026-10-09 16:27:49 [INFO] detector: Config updated remotely (keys=['SHABBAT_DETECTOR'])
2026-10-09 16:29:08 [INFO] shabbat_detector.cycle_analyzer: Cycle recovered (missed BOTTOM-terminal read): 171s, up_stops=['-1', '0', '3', '4', '11'], down_stops=['-2']
2026-10-09 16:29:08 [INFO] shabbat_detector.fsm: [D] DetectorState.NORMAL → DetectorState.CANDIDATE_SHABBAT
2026-10-09 16:29:08 [INFO] detector: SHABBAT TRANSITION NORMAL -> CANDIDATE_SHABBAT | סיבה: מחזור אפשרי החל - ממתין להשלמה
2026-10-09 16:29:08 [INFO] shabbat_detector.fsm: [D] DetectorState.CANDIDATE_SHABBAT → DetectorState.NORMAL
2026-10-09 16:29:08 [INFO] detector: SHABBAT TRANSITION CANDIDATE_SHABBAT -> NORMAL | סיבה: מחזור לא תאם - עצירות לא חוקיות בעלייה: ['11', '3', '4']; כיסוי קומות חלקי (עלייה 67%, ירידה 12%); 5 חריגות טיימינג
2026-10-09 16:29:09 [INFO] detector: Config updated remotely (keys=['SHABBAT_DETECTOR'])
2026-10-09 16:30:09 [INFO] detector: Config updated remotely (keys=['SHABBAT_DETECTOR'])
2026-10-09 16:37:46 [INFO] shabbat_detector.hebcal_gate: Hebcal refreshed: 2 start(s), 1 end(s) (geo=281184, diaspora=True)
2026-10-09 16:40:12 [INFO] shabbat_detector.cycle_analyzer: Cycle aborted: returned to TOP without reaching BOTTOM
2026-10-09 16:40:12 [INFO] shabbat_detector.fsm: [D] DetectorState.NORMAL → DetectorState.CANDIDATE_SHABBAT
2026-10-09 16:40:12 [INFO] detector: SHABBAT TRANSITION NORMAL -> CANDIDATE_SHABBAT | סיבה: מחזור אפשרי החל - ממתין להשלמה
2026-10-09 16:41:42 [INFO] detector: Config updated remotely (keys=['SHABBAT_DETECTOR'])
2026-10-09 16:42:33 [INFO] shabbat_detector.cycle_analyzer: Cycle aborted: returned to TOP without reaching BOTTOM
2026-10-09 16:47:57 [INFO] shabbat_detector.hebcal_gate: Hebcal refreshed: 2 start(s), 1 end(s) (geo=281184, diaspora=True)
2026-10-09 16:58:23 [INFO] shabbat_detector.hebcal_gate: Hebcal refreshed: 2 start(s), 1 end(s) (geo=281184, diaspora=True)
2026-10-09 17:02:26 [INFO] shabbat_detector.cycle_analyzer: Cycle complete: 1183s, up_stops=['-1', '0'], down_stops=['3', '5', '11', '-1', '1', '-1', '3', '7', '-1', '0', '2', '-1', '7', '11', '5', '-1', '11', '7', '-1', '11', '-1', '-2', '3', '4', '5', '-1']
2026-10-09 17:02:26 [INFO] shabbat_detector.fsm: [D] DetectorState.CANDIDATE_SHABBAT → DetectorState.NORMAL
2026-10-09 17:02:26 [INFO] detector: SHABBAT TRANSITION CANDIDATE_SHABBAT -> NORMAL | סיבה: מחזור לא תאם - עצירות לא חוקיות בירידה: ['1', '11', '3', '5', '7']; קפיצות-אחורה (עלייה 0, ירידה 14); חזרות על קומות (עלייה 0, ירידה 16); 9 חריגות טיימינג
2026-10-09 17:03:27 [INFO] detector: Config updated remotely (keys=['SHABBAT_DETECTOR'])
2026-10-09 17:08:14 [INFO] shabbat_detector.hebcal_gate: Hebcal refreshed: 2 start(s), 1 end(s) (geo=281184, diaspora=True)
2026-10-09 17:10:35 [INFO] shabbat_detector.cycle_analyzer: Cycle complete: 489s, up_stops=['-1', '0'], down_stops=['10', '8', '6', '4', '2', '0', '-1', '-2']
2026-10-09 17:10:35 [INFO] shabbat_detector.fsm: [D] DetectorState.NORMAL → DetectorState.CANDIDATE_SHABBAT
2026-10-09 17:10:35 [INFO] detector: SHABBAT TRANSITION NORMAL -> CANDIDATE_SHABBAT | סיבה: מחזור אפשרי החל - ממתין להשלמה
2026-10-09 17:10:35 [INFO] shabbat_detector.fsm: [D] DetectorState.CANDIDATE_SHABBAT → DetectorState.SHABBAT
2026-10-09 17:10:35 [INFO] detector: SHABBAT TRANSITION CANDIDATE_SHABBAT -> SHABBAT | סיבה: נכנס למצב שבת - מחזור תאם הגדרות: כיסוי עלייה 67% / ירידה 100%, נסיעה רצופה (0 קפיצות-אחורה), משך 489.0s (1.03× הצפוי 475.0s), 0 חריגות טיימינג
2026-10-09 17:10:36 [INFO] detector: AutoLearner: suggestion from 3921 cycles (consistency=0.00, cv=0.220)
2026-10-09 17:10:36 [INFO] detector: Config updated remotely (keys=['SHABBAT_DETECTOR'])
2026-10-09 17:10:36 [INFO] detector: Config updated remotely (keys=['SHABBAT_DETECTOR', 'SHABBAT_ACTIVE'])
2026-10-09 17:11:36 [INFO] detector: Config updated remotely (keys=['SHABBAT_DETECTOR'])
2026-10-09 17:18:30 [INFO] shabbat_detector.cycle_analyzer: Cycle complete: 475s, up_stops=['-2', '-1', '0'], down_stops=['10', '8', '6', '4', '2', '0', '-1', '-2']
2026-10-09 17:18:31 [INFO] detector: AutoLearner: suggestion from 3922 cycles (consistency=0.00, cv=0.220)
2026-10-09 17:18:31 [INFO] detector: Config updated remotely (keys=['SHABBAT_DETECTOR'])
2026-10-09 17:18:32 [INFO] shabbat_detector.hebcal_gate: Hebcal refreshed: 2 start(s), 1 end(s) (geo=281184, diaspora=True)
2026-10-09 17:19:31 [INFO] detector: Config updated remotely (keys=['SHABBAT_DETECTOR'])
2026-10-09 17:26:22 [INFO] shabbat_detector.cycle_analyzer: Cycle complete: 474s, up_stops=['-1', '0'], down_stops=['10', '8', '7', '4', '2', '0', '-1', '-2']
2026-10-09 17:26:23 [INFO] detector: AutoLearner: suggestion from 3923 cycles (consistency=0.00, cv=0.219)
2026-10-09 17:26:24 [INFO] detector: Config updated remotely (keys=['SHABBAT_DETECTOR'])
2026-10-09 17:28:23 [INFO] detector: Config updated remotely (keys=['SHABBAT_DETECTOR'])
2026-10-09 17:28:33 [INFO] shabbat_detector.hebcal_gate: Hebcal refreshed: 2 start(s), 1 end(s) (geo=281184, diaspora=True)
2026-10-09 17:34:18 [INFO] shabbat_detector.cycle_analyzer: Cycle complete: 475s, up_stops=['-2', '0'], down_stops=['10', '8', '6', '4', '2', '0', '-1', '-2']
2026-10-09 17:34:18 [INFO] detector: AutoLearner: suggestion from 3924 cycles (consistency=0.00, cv=0.220)
2026-10-09 17:34:19 [INFO] detector: Config updated remotely (keys=['SHABBAT_DETECTOR'])
2026-10-09 17:36:18 [INFO] detector: Config updated remotely (keys=['SHABBAT_DETECTOR'])
2026-10-09 17:38:35 [INFO] shabbat_detector.hebcal_gate: Hebcal refreshed: 2 start(s), 1 end(s) (geo=281184, diaspora=True)
2026-10-09 17:42:13 [INFO] shabbat_detector.cycle_analyzer: Cycle complete: 473s, up_stops=['-1', '0'], down_stops=['10', '8', '6', '4', '3', '0', '-1', '-2']
2026-10-09 17:42:13 [INFO] detector: AutoLearner: suggestion from 3925 cycles (consistency=0.00, cv=0.220)
2026-10-09 17:42:15 [INFO] detector: Config updated remotely (keys=['SHABBAT_DETECTOR'])
2026-10-09 17:43:44 [INFO] detector: Config updated remotely (keys=['SHABBAT_DETECTOR'])
2026-10-09 17:48:37 [INFO] shabbat_detector.hebcal_gate: Hebcal refreshed: 2 start(s), 1 end(s) (geo=281184, diaspora=True)
2026-10-09 17:50:04 [INFO] shabbat_detector.cycle_analyzer: Cycle complete: 472s, up_stops=['-2', '-1', '0'], down_stops=['10', '8', '6', '4', '2', '0', '-1', '-2']
2026-10-09 17:50:05 [INFO] detector: AutoLearner: suggestion from 3926 cycles (consistency=0.00, cv=0.220)
2026-10-09 17:50:05 [INFO] detector: Config updated remotely (keys=['SHABBAT_DETECTOR'])
2026-10-09 17:51:35 [INFO] detector: Config updated remotely (keys=['SHABBAT_DETECTOR'])
2026-10-09 17:57:58 [INFO] shabbat_detector.cycle_analyzer: Cycle complete: 473s, up_stops=['-2', '-1', '0'], down_stops=['10', '8', '6', '4', '2', '0', '-1', '-2']
2026-10-09 17:57:58 [INFO] detector: AutoLearner: suggestion from 3927 cycles (consistency=0.00, cv=0.220)
2026-10-09 17:58:00 [INFO] detector: Config updated remotely (keys=['SHABBAT_DETECTOR'])
2026-10-09 17:58:39 [INFO] shabbat_detector.hebcal_gate: Hebcal refreshed: 2 start(s), 1 end(s) (geo=281184, diaspora=True)
2026-10-09 17:59:59 [INFO] detector: Config updated remotely (keys=['SHABBAT_DETECTOR'])
2026-10-09 18:05:51 [INFO] shabbat_detector.cycle_analyzer: Cycle complete: 475s, up_stops=['-2', '-1', '0'], down_stops=['10', '8', '6', '4', '3', '0', '-1', '-2']
2026-10-09 18:05:52 [INFO] detector: AutoLearner: suggestion from 3928 cycles (consistency=0.00, cv=0.220)
2026-10-09 18:05:53 [INFO] detector: Config updated remotely (keys=['SHABBAT_DETECTOR'])
2026-10-09 18:07:52 [INFO] detector: Config updated remotely (keys=['SHABBAT_DETECTOR'])
2026-10-09 18:08:40 [INFO] shabbat_detector.hebcal_gate: Hebcal refreshed: 2 start(s), 1 end(s) (geo=281184, diaspora=True)
2026-10-09 18:13:46 [INFO] shabbat_detector.cycle_analyzer: Cycle complete: 475s, up_stops=['-1', '0'], down_stops=['10', '8', '6', '4', '2', '0', '-1']
2026-10-09 18:13:46 [INFO] detector: AutoLearner: suggestion from 3929 cycles (consistency=0.00, cv=0.220)
2026-10-09 18:13:48 [INFO] detector: Config updated remotely (keys=['SHABBAT_DETECTOR'])
2026-10-09 18:15:47 [INFO] detector: Config updated remotely (keys=['SHABBAT_DETECTOR'])
2026-10-09 18:18:41 [INFO] shabbat_detector.hebcal_gate: Hebcal refreshed: 2 start(s), 1 end(s) (geo=281184, diaspora=True)
2026-10-09 18:21:41 [INFO] shabbat_detector.cycle_analyzer: Cycle complete: 474s, up_stops=['-1', '0'], down_stops=['10', '8', '6', '4', '2', '0', '-1', '-2']
2026-10-09 18:21:42 [INFO] detector: AutoLearner: suggestion from 3930 cycles (consistency=0.00, cv=0.220)
2026-10-09 18:21:43 [INFO] detector: Config updated remotely (keys=['SHABBAT_DETECTOR'])
2026-10-09 18:23:42 [INFO] detector: Config updated remotely (keys=['SHABBAT_DETECTOR'])
2026-10-09 18:28:43 [INFO] shabbat_detector.hebcal_gate: Hebcal refreshed: 2 start(s), 1 end(s) (geo=281184, diaspora=True)
2026-10-09 18:29:33 [INFO] shabbat_detector.cycle_analyzer: Cycle complete: 472s, up_stops=['-1', '0'], down_stops=['10', '8', '6', '4', '2', '0', '-1', '-2']
2026-10-09 18:29:33 [INFO] detector: AutoLearner: suggestion from 3931 cycles (consistency=0.00, cv=0.219)
2026-10-09 18:29:33 [INFO] detector: Config updated remotely (keys=['SHABBAT_DETECTOR'])
2026-10-09 18:31:03 [INFO] detector: Config updated remotely (keys=['SHABBAT_DETECTOR'])
2026-10-09 18:37:28 [INFO] shabbat_detector.cycle_analyzer: Cycle complete: 475s, up_stops=['-1', '0'], down_stops=['10', '8', '7', '4', '2', '0', '-1', '-2']
2026-10-09 18:37:29 [INFO] detector: AutoLearner: suggestion from 3932 cycles (consistency=0.00, cv=0.219)
2026-10-09 18:37:30 [INFO] detector: Config updated remotely (keys=['SHABBAT_DETECTOR'])
2026-10-09 18:37:59 [INFO] detector: Config updated remotely (keys=['SHABBAT_DETECTOR'])
2026-10-09 18:38:44 [INFO] shabbat_detector.hebcal_gate: Hebcal refreshed: 2 start(s), 1 end(s) (geo=281184, diaspora=True)
2026-10-09 18:45:23 [INFO] shabbat_detector.cycle_analyzer: Cycle complete: 474s, up_stops=['-1', '0'], down_stops=['10', '8', '6', '4', '3', '0', '-1', '-2']
2026-10-09 18:45:23 [INFO] detector: AutoLearner: suggestion from 3933 cycles (consistency=0.00, cv=0.219)
2026-10-09 18:45:25 [INFO] detector: Config updated remotely (keys=['SHABBAT_DETECTOR'])
2026-10-09 18:46:54 [INFO] detector: Config updated remotely (keys=['SHABBAT_DETECTOR'])
2026-10-09 18:48:45 [INFO] shabbat_detector.hebcal_gate: Hebcal refreshed: 2 start(s), 1 end(s) (geo=281184, diaspora=True)
2026-10-09 18:53:15 [INFO] shabbat_detector.cycle_analyzer: Cycle complete: 475s, up_stops=['-1', '0'], down_stops=['10', '8', '6', '4', '3', '0', '-1']
2026-10-09 18:53:16 [INFO] detector: AutoLearner: suggestion from 3934 cycles (consistency=0.00, cv=0.219)
2026-10-09 18:53:17 [INFO] detector: Config updated remotely (keys=['SHABBAT_DETECTOR'])
2026-10-09 18:54:46 [INFO] detector: Config updated remotely (keys=['SHABBAT_DETECTOR'])
2026-10-09 18:58:46 [INFO] shabbat_detector.hebcal_gate: Hebcal refreshed: 2 start(s), 1 end(s) (geo=281184, diaspora=True)
2026-10-09 19:01:10 [INFO] shabbat_detector.cycle_analyzer: Cycle complete: 474s, up_stops=['-2', '-1', '0'], down_stops=['10', '8', '6', '4', '2', '0', '-1', '-2']
2026-10-09 19:01:11 [INFO] detector: AutoLearner: suggestion from 3935 cycles (consistency=0.00, cv=0.219)
2026-10-09 19:01:11 [INFO] detector: Config updated remotely (keys=['SHABBAT_DETECTOR'])
2026-10-09 19:02:41 [INFO] detector: Config updated remotely (keys=['SHABBAT_DETECTOR'])
2026-10-09 19:08:48 [INFO] shabbat_detector.hebcal_gate: Hebcal refreshed: 2 start(s), 1 end(s) (geo=281184, diaspora=True)
2026-10-09 19:09:06 [INFO] shabbat_detector.cycle_analyzer: Cycle complete: 474s, up_stops=['-2', '-1', '0'], down_stops=['10', '8', '6', '4', '2', '0', '-1', '-2']
2026-10-09 19:09:06 [INFO] detector: AutoLearner: suggestion from 3936 cycles (consistency=0.00, cv=0.219)
2026-10-09 19:09:07 [INFO] detector: Config updated remotely (keys=['SHABBAT_DETECTOR'])
2026-10-09 19:10:36 [INFO] detector: Config updated remotely (keys=['SHABBAT_DETECTOR'])
2026-10-09 19:16:59 [INFO] shabbat_detector.cycle_analyzer: Cycle complete: 474s, up_stops=['-2', '-1', '0'], down_stops=['10', '8', '6', '4', '2', '0', '-1', '-2']
2026-10-09 19:17:00 [INFO] detector: AutoLearner: suggestion from 3937 cycles (consistency=0.00, cv=0.219)
2026-10-09 19:17:00 [INFO] detector: Config updated remotely (keys=['SHABBAT_DETECTOR'])
2026-10-09 19:18:50 [INFO] shabbat_detector.hebcal_gate: Hebcal refreshed: 2 start(s), 1 end(s) (geo=281184, diaspora=True)
2026-10-09 19:19:00 [INFO] detector: Config updated remotely (keys=['SHABBAT_DETECTOR'])
2026-10-09 19:24:53 [INFO] shabbat_detector.cycle_analyzer: Cycle complete: 474s, up_stops=['-1', '0'], down_stops=['10', '8', '6', '4', '2', '0', '-1', '-2']
2026-10-09 19:24:54 [INFO] detector: AutoLearner: suggestion from 3938 cycles (consistency=0.00, cv=0.219)
2026-10-09 19:24:55 [INFO] detector: Config updated remotely (keys=['SHABBAT_DETECTOR'])
2026-10-09 19:26:25 [INFO] detector: Config updated remotely (keys=['SHABBAT_DETECTOR'])
2026-10-09 19:28:51 [INFO] shabbat_detector.hebcal_gate: Hebcal refreshed: 2 start(s), 1 end(s) (geo=281184, diaspora=True)
2026-10-09 19:32:46 [INFO] shabbat_detector.cycle_analyzer: Cycle complete: 473s, up_stops=['-2', '-1', '0'], down_stops=['10', '8', '6', '4', '2', '0', '-1', '-2']
2026-10-09 19:32:46 [INFO] detector: AutoLearner: suggestion from 3939 cycles (consistency=0.00, cv=0.219)
2026-10-09 19:32:46 [INFO] detector: Config updated remotely (keys=['SHABBAT_DETECTOR'])
2026-10-09 19:33:46 [INFO] detector: Config updated remotely (keys=['SHABBAT_DETECTOR'])
2026-10-09 19:38:52 [INFO] shabbat_detector.hebcal_gate: Hebcal refreshed: 2 start(s), 1 end(s) (geo=281184, diaspora=True)
2026-10-09 19:40:36 [INFO] shabbat_detector.cycle_analyzer: Cycle complete: 471s, up_stops=['-2', '-1', '0'], down_stops=['10', '8', '6', '4', '2', '0', '-1', '-2']
2026-10-09 19:40:36 [INFO] detector: AutoLearner: suggestion from 3940 cycles (consistency=0.00, cv=0.219)
2026-10-09 19:40:38 [INFO] detector: Config updated remotely (keys=['SHABBAT_DETECTOR'])
2026-10-09 19:41:37 [INFO] detector: Config updated remotely (keys=['SHABBAT_DETECTOR'])
2026-10-09 19:48:31 [INFO] shabbat_detector.cycle_analyzer: Cycle complete: 474s, up_stops=['-2', '-1', '0'], down_stops=['10', '8', '6', '4', '2', '0', '-1']
2026-10-09 19:48:31 [INFO] detector: AutoLearner: suggestion from 3941 cycles (consistency=0.00, cv=0.219)
2026-10-09 19:48:37 [INFO] detector: Config updated remotely (keys=['SHABBAT_DETECTOR'])
2026-10-09 19:48:53 [INFO] shabbat_detector.hebcal_gate: Hebcal refreshed: 2 start(s), 1 end(s) (geo=281184, diaspora=True)
2026-10-09 19:49:07 [INFO] detector: Config updated remotely (keys=['SHABBAT_DETECTOR'])
2026-10-09 19:56:25 [INFO] shabbat_detector.cycle_analyzer: Cycle complete: 474s, up_stops=['-1', '0'], down_stops=['10', '8', '6', '4', '3', '0', '-1', '-2']
2026-10-09 19:56:26 [INFO] detector: AutoLearner: suggestion from 3942 cycles (consistency=0.00, cv=0.219)
2026-10-09 19:56:27 [INFO] detector: Config updated remotely (keys=['SHABBAT_DETECTOR'])
2026-10-09 19:58:26 [INFO] detector: Config updated remotely (keys=['SHABBAT_DETECTOR'])
2026-10-09 19:58:56 [INFO] shabbat_detector.hebcal_gate: Hebcal refreshed: 2 start(s), 1 end(s) (geo=281184, diaspora=True)
2026-10-09 20:04:16 [INFO] shabbat_detector.cycle_analyzer: Cycle complete: 471s, up_stops=['-2', '-1', '0'], down_stops=['10', '8', '6', '4', '3', '0', '-1', '-2']
2026-10-09 20:04:17 [INFO] detector: AutoLearner: suggestion from 3943 cycles (consistency=0.00, cv=0.219)
2026-10-09 20:04:18 [INFO] detector: Config updated remotely (keys=['SHABBAT_DETECTOR'])
2026-10-09 20:05:47 [INFO] detector: Config updated remotely (keys=['SHABBAT_DETECTOR'])
2026-10-09 20:08:57 [INFO] shabbat_detector.hebcal_gate: Hebcal refreshed: 2 start(s), 1 end(s) (geo=281184, diaspora=True)
2026-10-09 20:12:07 [INFO] shabbat_detector.cycle_analyzer: Cycle complete: 473s, up_stops=['-1', '0'], down_stops=['10', '8', '7', '4', '3', '0', '-1', '-2']
2026-10-09 20:12:07 [INFO] detector: AutoLearner: suggestion from 3944 cycles (consistency=0.00, cv=0.219)
2026-10-09 20:12:09 [INFO] detector: Config updated remotely (keys=['SHABBAT_DETECTOR'])
2026-10-09 20:13:08 [INFO] detector: Config updated remotely (keys=['SHABBAT_DETECTOR'])
2026-10-09 20:18:58 [INFO] shabbat_detector.hebcal_gate: Hebcal refreshed: 2 start(s), 1 end(s) (geo=281184, diaspora=True)
2026-10-09 20:20:00 [INFO] shabbat_detector.cycle_analyzer: Cycle complete: 471s, up_stops=['-2', '-1', '0'], down_stops=['10', '8', '6', '4', '2', '0', '-1', '-2']
2026-10-09 20:20:01 [INFO] detector: AutoLearner: suggestion from 3945 cycles (consistency=0.00, cv=0.219)
2026-10-09 20:20:01 [INFO] detector: Config updated remotely (keys=['SHABBAT_DETECTOR'])
2026-10-09 20:21:01 [INFO] detector: Config updated remotely (keys=['SHABBAT_DETECTOR'])
2026-10-09 20:27:53 [INFO] shabbat_detector.cycle_analyzer: Cycle complete: 472s, up_stops=['-1', '0'], down_stops=['10', '8', '6', '4', '3', '0', '-1', '-2']
2026-10-09 20:27:53 [INFO] detector: AutoLearner: suggestion from 3946 cycles (consistency=0.00, cv=0.219)
2026-10-09 20:27:55 [INFO] detector: Config updated remotely (keys=['SHABBAT_DETECTOR'])
2026-10-09 20:28:53 [INFO] detector: Config updated remotely (keys=['SHABBAT_DETECTOR'])
2026-10-09 20:29:00 [INFO] shabbat_detector.hebcal_gate: Hebcal refreshed: 2 start(s), 1 end(s) (geo=281184, diaspora=True)
2026-10-09 20:35:46 [INFO] shabbat_detector.cycle_analyzer: Cycle complete: 473s, up_stops=['-2', '0'], down_stops=['10', '8', '6', '4', '2', '0', '-1', '-2']
2026-10-09 20:35:46 [INFO] detector: AutoLearner: suggestion from 3947 cycles (consistency=0.00, cv=0.219)
2026-10-09 20:35:47 [INFO] detector: Config updated remotely (keys=['SHABBAT_DETECTOR'])
2026-10-09 20:36:46 [INFO] detector: Config updated remotely (keys=['SHABBAT_DETECTOR'])
2026-10-09 20:39:01 [INFO] shabbat_detector.hebcal_gate: Hebcal refreshed: 2 start(s), 1 end(s) (geo=281184, diaspora=True)
2026-10-09 20:43:38 [INFO] shabbat_detector.cycle_analyzer: Cycle complete: 474s, up_stops=['-1', '0'], down_stops=['10', '8', '7', '4', '2', '0', '-1', '-2']
2026-10-09 20:43:38 [INFO] detector: AutoLearner: suggestion from 3948 cycles (consistency=0.00, cv=0.219)
2026-10-09 20:43:39 [INFO] detector: Config updated remotely (keys=['SHABBAT_DETECTOR'])
2026-10-09 20:44:08 [INFO] detector: Config updated remotely (keys=['SHABBAT_DETECTOR'])
2026-10-09 20:49:02 [INFO] shabbat_detector.hebcal_gate: Hebcal refreshed: 2 start(s), 1 end(s) (geo=281184, diaspora=True)
2026-10-09 20:51:32 [INFO] shabbat_detector.cycle_analyzer: Cycle complete: 473s, up_stops=['-2', '-1', '0'], down_stops=['10', '8', '6', '4', '2', '0', '-1', '-2']
2026-10-09 20:51:33 [INFO] detector: AutoLearner: suggestion from 3949 cycles (consistency=0.00, cv=0.219)
2026-10-09 20:51:34 [INFO] detector: Config updated remotely (keys=['SHABBAT_DETECTOR'])
2026-10-09 20:53:33 [INFO] detector: Config updated remotely (keys=['SHABBAT_DETECTOR'])
2026-10-09 20:59:03 [INFO] shabbat_detector.hebcal_gate: Hebcal refreshed: 2 start(s), 1 end(s) (geo=281184, diaspora=True)
2026-10-09 20:59:22 [INFO] shabbat_detector.cycle_analyzer: Cycle complete: 471s, up_stops=['-2', '-1', '0'], down_stops=['10', '8', '6', '4', '2', '0', '-1', '-2']
2026-10-09 20:59:22 [INFO] detector: AutoLearner: suggestion from 3950 cycles (consistency=0.00, cv=0.219)
2026-10-09 20:59:23 [INFO] detector: Config updated remotely (keys=['SHABBAT_DETECTOR'])
2026-10-09 21:01:23 [INFO] detector: Config updated remotely (keys=['SHABBAT_DETECTOR'])
2026-10-09 21:07:17 [INFO] shabbat_detector.cycle_analyzer: Cycle complete: 474s, up_stops=['-1', '0'], down_stops=['10', '8', '6', '4', '3', '0', '-1', '-2']
2026-10-09 21:07:17 [INFO] detector: AutoLearner: suggestion from 3951 cycles (consistency=0.00, cv=0.219)
2026-10-09 21:07:17 [INFO] detector: Config updated remotely (keys=['SHABBAT_DETECTOR'])
2026-10-09 21:08:17 [INFO] detector: Config updated remotely (keys=['SHABBAT_DETECTOR'])
2026-10-09 21:09:10 [INFO] shabbat_detector.hebcal_gate: Hebcal refreshed: 2 start(s), 1 end(s) (geo=281184, diaspora=True)
2026-10-09 21:15:09 [INFO] shabbat_detector.cycle_analyzer: Cycle complete: 472s, up_stops=['-2', '-1', '0'], down_stops=['10', '8', '6', '4', '2', '0', '-1', '-2']
2026-10-09 21:15:09 [INFO] detector: AutoLearner: suggestion from 3952 cycles (consistency=0.00, cv=0.219)
2026-10-09 21:15:11 [INFO] detector: Config updated remotely (keys=['SHABBAT_DETECTOR'])
2026-10-09 21:16:10 [INFO] detector: Config updated remotely (keys=['SHABBAT_DETECTOR'])
2026-10-09 21:19:12 [INFO] shabbat_detector.hebcal_gate: Hebcal refreshed: 2 start(s), 1 end(s) (geo=281184, diaspora=True)
2026-10-09 21:23:02 [INFO] shabbat_detector.cycle_analyzer: Cycle complete: 473s, up_stops=['-2', '-1', '0'], down_stops=['10', '8', '6', '4', '3', '0', '-1', '-2']
2026-10-09 21:23:03 [INFO] detector: AutoLearner: suggestion from 3953 cycles (consistency=0.00, cv=0.219)
2026-10-09 21:23:03 [INFO] detector: Config updated remotely (keys=['SHABBAT_DETECTOR'])
2026-10-09 21:23:33 [INFO] detector: Config updated remotely (keys=['SHABBAT_DETECTOR'])
2026-10-09 21:29:18 [INFO] shabbat_detector.hebcal_gate: Hebcal refreshed: 2 start(s), 1 end(s) (geo=281184, diaspora=True)
2026-10-09 21:30:56 [INFO] shabbat_detector.cycle_analyzer: Cycle complete: 475s, up_stops=['-2', '-1', '0'], down_stops=['10', '8', '6', '4', '2', '0', '-1', '-2']
2026-10-09 21:30:57 [INFO] detector: AutoLearner: suggestion from 3954 cycles (consistency=0.00, cv=0.219)
2026-10-09 21:30:58 [INFO] detector: Config updated remotely (keys=['SHABBAT_DETECTOR'])
2026-10-09 21:32:57 [INFO] detector: Config updated remotely (keys=['SHABBAT_DETECTOR'])
2026-10-09 21:38:52 [INFO] shabbat_detector.cycle_analyzer: Cycle complete: 475s, up_stops=['-2', '-1', '0'], down_stops=['10', '8', '6', '4', '2', '0', '-1', '-2']
2026-10-09 21:38:53 [INFO] detector: AutoLearner: suggestion from 3955 cycles (consistency=0.00, cv=0.219)
2026-10-09 21:38:53 [INFO] detector: Config updated remotely (keys=['SHABBAT_DETECTOR'])
2026-10-09 21:39:19 [INFO] shabbat_detector.hebcal_gate: Hebcal refreshed: 2 start(s), 1 end(s) (geo=281184, diaspora=True)
2026-10-09 21:40:53 [INFO] detector: Config updated remotely (keys=['SHABBAT_DETECTOR'])
2026-10-09 21:46:47 [INFO] shabbat_detector.cycle_analyzer: Cycle complete: 475s, up_stops=['-2', '-1', '0'], down_stops=['10', '8', '6', '4', '2', '0', '-1', '-2']
2026-10-09 21:46:48 [INFO] detector: AutoLearner: suggestion from 3956 cycles (consistency=0.00, cv=0.219)
2026-10-09 21:46:49 [INFO] detector: Config updated remotely (keys=['SHABBAT_DETECTOR'])
2026-10-09 21:48:18 [INFO] detector: Config updated remotely (keys=['SHABBAT_DETECTOR'])
2026-10-09 21:49:21 [INFO] shabbat_detector.hebcal_gate: Hebcal refreshed: 2 start(s), 1 end(s) (geo=281184, diaspora=True)
2026-10-09 21:54:40 [INFO] shabbat_detector.cycle_analyzer: Cycle complete: 474s, up_stops=['-1', '0'], down_stops=['10', '8', '6', '4', '2', '0', '-1', '-2']
2026-10-09 21:54:40 [INFO] detector: AutoLearner: suggestion from 3957 cycles (consistency=0.00, cv=0.219)
2026-10-09 21:54:41 [INFO] detector: Config updated remotely (keys=['SHABBAT_DETECTOR'])
2026-10-09 21:56:10 [INFO] detector: Config updated remotely (keys=['SHABBAT_DETECTOR'])
2026-10-09 21:59:23 [INFO] shabbat_detector.hebcal_gate: Hebcal refreshed: 2 start(s), 1 end(s) (geo=281184, diaspora=True)
2026-10-09 22:02:50 [INFO] shabbat_detector.cycle_analyzer: Cycle complete: 490s, up_stops=['-2', '-1', '0'], down_stops=['10', '8', '6', '4', '2', '0', '-2']
2026-10-09 22:02:51 [INFO] detector: AutoLearner: suggestion from 3958 cycles (consistency=0.00, cv=0.220)
2026-10-09 22:02:52 [INFO] detector: Config updated remotely (keys=['SHABBAT_DETECTOR'])
2026-10-09 22:04:21 [INFO] detector: Config updated remotely (keys=['SHABBAT_DETECTOR'])
2026-10-09 22:09:24 [INFO] shabbat_detector.hebcal_gate: Hebcal refreshed: 2 start(s), 1 end(s) (geo=281184, diaspora=True)
2026-10-09 22:10:44 [INFO] shabbat_detector.cycle_analyzer: Cycle complete: 474s, up_stops=['-2', '-1', '0'], down_stops=['10', '8', '7', '4', '2', '0', '-1', '-2']
2026-10-09 22:10:44 [INFO] detector: AutoLearner: suggestion from 3959 cycles (consistency=0.00, cv=0.220)
2026-10-09 22:10:45 [INFO] detector: Config updated remotely (keys=['SHABBAT_DETECTOR'])
2026-10-09 22:11:44 [INFO] detector: Config updated remotely (keys=['SHABBAT_DETECTOR'])
2026-10-09 22:18:39 [INFO] shabbat_detector.cycle_analyzer: Cycle complete: 477s, up_stops=['-1', '0'], down_stops=['10', '8', '6', '4', '2', '0', '-1', '-2']
2026-10-09 22:18:39 [INFO] detector: AutoLearner: suggestion from 3960 cycles (consistency=0.00, cv=0.220)
2026-10-09 22:18:39 [INFO] detector: Config updated remotely (keys=['SHABBAT_DETECTOR'])
2026-10-09 22:19:09 [INFO] detector: Config updated remotely (keys=['SHABBAT_DETECTOR'])
2026-10-09 22:19:30 [INFO] shabbat_detector.hebcal_gate: Hebcal refreshed: 2 start(s), 1 end(s) (geo=281184, diaspora=True)
2026-10-09 22:26:33 [INFO] shabbat_detector.cycle_analyzer: Cycle complete: 471s, up_stops=['-2', '-1', '0'], down_stops=['10', '8', '6', '4', '2', '0', '-1', '-2']
2026-10-09 22:26:33 [INFO] detector: AutoLearner: suggestion from 3961 cycles (consistency=0.00, cv=0.220)
2026-10-09 22:26:33 [INFO] detector: Config updated remotely (keys=['SHABBAT_DETECTOR'])
2026-10-09 22:27:03 [INFO] detector: Config updated remotely (keys=['SHABBAT_DETECTOR'])
2026-10-09 22:29:30 [INFO] shabbat_detector.hebcal_gate: Hebcal refreshed: 2 start(s), 1 end(s) (geo=281184, diaspora=True)
2026-10-09 22:34:28 [INFO] shabbat_detector.cycle_analyzer: Cycle complete: 475s, up_stops=['-2', '-1', '0'], down_stops=['10', '8', '6', '4', '3', '0', '-1', '-2']
2026-10-09 22:34:29 [INFO] detector: AutoLearner: suggestion from 3962 cycles (consistency=0.00, cv=0.219)
2026-10-09 22:34:30 [INFO] detector: Config updated remotely (keys=['SHABBAT_DETECTOR'])
2026-10-09 22:36:59 [INFO] detector: Config updated remotely (keys=['SHABBAT_DETECTOR'])
2026-10-09 22:39:32 [INFO] shabbat_detector.hebcal_gate: Hebcal refreshed: 2 start(s), 1 end(s) (geo=281184, diaspora=True)
2026-10-09 22:42:21 [INFO] shabbat_detector.cycle_analyzer: Cycle complete: 474s, up_stops=['-1', '0'], down_stops=['10', '8', '6', '4', '2', '0', '-1', '-2']
2026-10-09 22:42:21 [INFO] detector: AutoLearner: suggestion from 3963 cycles (consistency=0.00, cv=0.219)
2026-10-09 22:42:22 [INFO] detector: Config updated remotely (keys=['SHABBAT_DETECTOR'])
2026-10-09 22:44:21 [INFO] detector: Config updated remotely (keys=['SHABBAT_DETECTOR'])
2026-10-09 22:49:34 [INFO] shabbat_detector.hebcal_gate: Hebcal refreshed: 2 start(s), 1 end(s) (geo=281184, diaspora=True)
2026-10-09 22:50:15 [INFO] shabbat_detector.cycle_analyzer: Cycle complete: 474s, up_stops=['-1', '0'], down_stops=['10', '8', '6', '4', '2', '0', '-1', '-2']
2026-10-09 22:50:15 [INFO] detector: AutoLearner: suggestion from 3964 cycles (consistency=0.00, cv=0.219)
2026-10-09 22:50:17 [INFO] detector: Config updated remotely (keys=['SHABBAT_DETECTOR'])
2026-10-09 22:51:46 [INFO] detector: Config updated remotely (keys=['SHABBAT_DETECTOR'])
2026-10-09 22:58:10 [INFO] shabbat_detector.cycle_analyzer: Cycle complete: 475s, up_stops=['-2', '-1', '0'], down_stops=['10', '8', '6', '4', '2', '0', '-1', '-2']
2026-10-09 22:58:11 [INFO] detector: AutoLearner: suggestion from 3965 cycles (consistency=0.00, cv=0.219)
2026-10-09 22:58:12 [INFO] detector: Config updated remotely (keys=['SHABBAT_DETECTOR'])
2026-10-09 22:59:11 [INFO] detector: Config updated remotely (keys=['SHABBAT_DETECTOR'])
2026-10-09 22:59:35 [INFO] shabbat_detector.hebcal_gate: Hebcal refreshed: 2 start(s), 1 end(s) (geo=281184, diaspora=True)
2026-10-09 23:06:06 [INFO] shabbat_detector.cycle_analyzer: Cycle complete: 475s, up_stops=['-1', '0'], down_stops=['10', '8', '6', '4', '2', '0', '-1', '-2']
2026-10-09 23:06:06 [INFO] detector: AutoLearner: suggestion from 3966 cycles (consistency=0.00, cv=0.219)
2026-10-09 23:06:07 [INFO] detector: Config updated remotely (keys=['SHABBAT_DETECTOR'])
2026-10-09 23:07:07 [INFO] detector: Config updated remotely (keys=['SHABBAT_DETECTOR'])
2026-10-09 23:09:37 [INFO] shabbat_detector.hebcal_gate: Hebcal refreshed: 2 start(s), 1 end(s) (geo=281184, diaspora=True)
2026-10-09 23:14:01 [INFO] shabbat_detector.cycle_analyzer: Cycle complete: 475s, up_stops=['-2', '-1', '0'], down_stops=['10', '8', '7', '4', '2', '0', '-1', '-2']
2026-10-09 23:14:02 [INFO] detector: AutoLearner: suggestion from 3967 cycles (consistency=0.00, cv=0.219)
2026-10-09 23:14:03 [INFO] detector: Config updated remotely (keys=['SHABBAT_DETECTOR'])
2026-10-09 23:14:32 [INFO] detector: Config updated remotely (keys=['SHABBAT_DETECTOR'])
2026-10-09 23:19:39 [INFO] shabbat_detector.hebcal_gate: Hebcal refreshed: 2 start(s), 1 end(s) (geo=281184, diaspora=True)
2026-10-09 23:21:57 [INFO] shabbat_detector.cycle_analyzer: Cycle complete: 475s, up_stops=['-2', '-1', '0'], down_stops=['10', '8', '6', '4', '2', '0', '-1', '-2']
2026-10-09 23:21:57 [INFO] detector: AutoLearner: suggestion from 3968 cycles (consistency=0.00, cv=0.219)
2026-10-09 23:21:58 [INFO] detector: Config updated remotely (keys=['SHABBAT_DETECTOR'])
2026-10-09 23:23:57 [INFO] detector: Config updated remotely (keys=['SHABBAT_DETECTOR'])
2026-10-09 23:29:41 [INFO] shabbat_detector.hebcal_gate: Hebcal refreshed: 2 start(s), 1 end(s) (geo=281184, diaspora=True)
2026-10-09 23:29:48 [INFO] shabbat_detector.cycle_analyzer: Cycle complete: 472s, up_stops=['-1', '0'], down_stops=['10', '8', '7', '4', '2', '0', '-1', '-2']
2026-10-09 23:29:48 [INFO] detector: AutoLearner: suggestion from 3969 cycles (consistency=0.00, cv=0.219)
2026-10-09 23:29:49 [INFO] detector: Config updated remotely (keys=['SHABBAT_DETECTOR'])
2026-10-09 23:31:19 [INFO] detector: Config updated remotely (keys=['SHABBAT_DETECTOR'])
2026-10-09 23:37:44 [INFO] shabbat_detector.cycle_analyzer: Cycle complete: 476s, up_stops=['-1', '0'], down_stops=['10', '8', '7', '4', '2', '0', '-1', '-2']
2026-10-09 23:37:45 [INFO] detector: AutoLearner: suggestion from 3970 cycles (consistency=0.00, cv=0.219)
2026-10-09 23:37:46 [INFO] detector: Config updated remotely (keys=['SHABBAT_DETECTOR'])
2026-10-09 23:38:45 [INFO] detector: Config updated remotely (keys=['SHABBAT_DETECTOR'])
2026-10-09 23:39:42 [INFO] shabbat_detector.hebcal_gate: Hebcal refreshed: 2 start(s), 1 end(s) (geo=281184, diaspora=True)
2026-10-09 23:45:36 [INFO] shabbat_detector.cycle_analyzer: Cycle complete: 474s, up_stops=['-1', '0'], down_stops=['10', '8', '6', '4', '2', '0', '-1', '-2']
2026-10-09 23:45:37 [INFO] detector: AutoLearner: suggestion from 3971 cycles (consistency=0.00, cv=0.219)
2026-10-09 23:45:38 [INFO] detector: Config updated remotely (keys=['SHABBAT_DETECTOR'])
2026-10-09 23:46:07 [INFO] detector: Config updated remotely (keys=['SHABBAT_DETECTOR'])
2026-10-09 23:49:48 [INFO] shabbat_detector.hebcal_gate: Hebcal refreshed: 2 start(s), 1 end(s) (geo=281184, diaspora=True)
2026-10-09 23:53:47 [INFO] shabbat_detector.cycle_analyzer: Cycle complete: 490s, up_stops=['-2', '-1', '0'], down_stops=['10', '8', '7', '4', '2', '0', '-1', '-2']
2026-10-09 23:53:48 [INFO] detector: AutoLearner: suggestion from 3972 cycles (consistency=0.00, cv=0.219)
2026-10-09 23:53:49 [INFO] detector: Config updated remotely (keys=['SHABBAT_DETECTOR'])
2026-10-09 23:55:18 [INFO] detector: Config updated remotely (keys=['SHABBAT_DETECTOR'])
2026-10-09 23:59:50 [INFO] shabbat_detector.hebcal_gate: Hebcal refreshed: 2 start(s), 1 end(s) (geo=281184, diaspora=True)
2026-10-10 00:03:19 [INFO] shabbat_detector.cycle_analyzer: Cycle complete: 571s, up_stops=['-1', '0'], down_stops=['10', '8', '6', '4', '2', '0', '-1', '-2']
2026-10-10 00:03:20 [INFO] detector: AutoLearner: suggestion from 3973 cycles (consistency=0.00, cv=0.219)
2026-10-10 00:03:21 [INFO] detector: Config updated remotely (keys=['SHABBAT_DETECTOR'])
2026-10-10 00:04:50 [INFO] detector: Config updated remotely (keys=['SHABBAT_DETECTOR'])
2026-10-10 00:09:52 [INFO] shabbat_detector.hebcal_gate: Hebcal refreshed: 2 start(s), 1 end(s) (geo=281184, diaspora=True)
2026-10-10 00:11:12 [INFO] shabbat_detector.cycle_analyzer: Cycle complete: 473s, up_stops=['-2', '-1', '0'], down_stops=['10', '8', '6', '4', '3', '0', '-1', '-2']
2026-10-10 00:11:13 [INFO] detector: AutoLearner: suggestion from 3974 cycles (consistency=0.00, cv=0.219)
2026-10-10 00:11:14 [INFO] detector: Config updated remotely (keys=['SHABBAT_DETECTOR'])
2026-10-10 00:12:13 [INFO] detector: Config updated remotely (keys=['SHABBAT_DETECTOR'])
2026-10-10 00:19:04 [INFO] shabbat_detector.cycle_analyzer: Cycle complete: 472s, up_stops=['-2', '-1', '0'], down_stops=['10', '8', '6', '4', '2', '0', '-1', '-2']
2026-10-10 00:19:05 [INFO] detector: AutoLearner: suggestion from 3975 cycles (consistency=0.00, cv=0.219)
2026-10-10 00:19:05 [INFO] detector: Config updated remotely (keys=['SHABBAT_DETECTOR'])
2026-10-10 00:19:35 [INFO] detector: Config updated remotely (keys=['SHABBAT_DETECTOR'])
2026-10-10 00:19:53 [INFO] shabbat_detector.hebcal_gate: Hebcal refreshed: 2 start(s), 1 end(s) (geo=281184, diaspora=True)
2026-10-10 00:26:56 [INFO] shabbat_detector.cycle_analyzer: Cycle complete: 472s, up_stops=['-1', '0'], down_stops=['10', '8', '6', '4', '3', '0', '-1', '-2']
2026-10-10 00:26:57 [INFO] detector: AutoLearner: suggestion from 3976 cycles (consistency=0.00, cv=0.219)
2026-10-10 00:26:57 [INFO] detector: Config updated remotely (keys=['SHABBAT_DETECTOR'])
2026-10-10 00:28:57 [INFO] detector: Config updated remotely (keys=['SHABBAT_DETECTOR'])
2026-10-10 00:29:55 [INFO] shabbat_detector.hebcal_gate: Hebcal refreshed: 2 start(s), 1 end(s) (geo=281184, diaspora=True)
2026-10-10 00:34:52 [INFO] shabbat_detector.cycle_analyzer: Cycle complete: 476s, up_stops=['-1', '0'], down_stops=['10', '8', '6', '4', '2', '0', '-1', '-2']
2026-10-10 00:34:53 [INFO] detector: AutoLearner: suggestion from 3977 cycles (consistency=0.00, cv=0.219)
2026-10-10 00:34:53 [INFO] detector: Config updated remotely (keys=['SHABBAT_DETECTOR'])
2026-10-10 00:36:53 [INFO] detector: Config updated remotely (keys=['SHABBAT_DETECTOR'])
2026-10-10 00:39:56 [INFO] shabbat_detector.hebcal_gate: Hebcal refreshed: 2 start(s), 1 end(s) (geo=281184, diaspora=True)
2026-10-10 00:42:47 [INFO] shabbat_detector.cycle_analyzer: Cycle complete: 475s, up_stops=['-2', '-1', '0'], down_stops=['10', '8', '6', '4', '2', '0', '-1', '-2']
2026-10-10 00:42:48 [INFO] detector: AutoLearner: suggestion from 3978 cycles (consistency=0.00, cv=0.219)
2026-10-10 00:42:48 [INFO] detector: Config updated remotely (keys=['SHABBAT_DETECTOR'])
2026-10-10 00:44:18 [INFO] detector: Config updated remotely (keys=['SHABBAT_DETECTOR'])
2026-10-10 00:49:57 [INFO] shabbat_detector.hebcal_gate: Hebcal refreshed: 2 start(s), 1 end(s) (geo=281184, diaspora=True)
2026-10-10 00:50:43 [INFO] shabbat_detector.cycle_analyzer: Cycle complete: 475s, up_stops=['-2', '-1', '0'], down_stops=['10', '8', '7', '4', '2', '0', '-1', '-2']
2026-10-10 00:50:43 [INFO] detector: AutoLearner: suggestion from 3979 cycles (consistency=0.00, cv=0.219)
2026-10-10 00:50:44 [INFO] detector: Config updated remotely (keys=['SHABBAT_DETECTOR'])
2026-10-10 00:51:43 [INFO] detector: Config updated remotely (keys=['SHABBAT_DETECTOR'])
2026-10-10 00:58:36 [INFO] shabbat_detector.cycle_analyzer: Cycle complete: 473s, up_stops=['-2', '-1', '0'], down_stops=['10', '8', '7', '4', '2', '0', '-1', '-2']
2026-10-10 00:58:36 [INFO] detector: AutoLearner: suggestion from 3980 cycles (consistency=0.00, cv=0.219)
2026-10-10 00:58:37 [INFO] detector: Config updated remotely (keys=['SHABBAT_DETECTOR'])
2026-10-10 00:59:58 [INFO] shabbat_detector.hebcal_gate: Hebcal refreshed: 2 start(s), 1 end(s) (geo=281184, diaspora=True)
2026-10-10 01:01:06 [INFO] detector: Config updated remotely (keys=['SHABBAT_DETECTOR'])
2026-10-10 01:06:29 [INFO] shabbat_detector.cycle_analyzer: Cycle complete: 474s, up_stops=['-2', '-1', '0'], down_stops=['10', '8', '6', '4', '2', '0', '-1', '-2']
2026-10-10 01:06:30 [INFO] detector: AutoLearner: suggestion from 3981 cycles (consistency=0.00, cv=0.219)
2026-10-10 01:06:31 [INFO] detector: Config updated remotely (keys=['SHABBAT_DETECTOR'])
2026-10-10 01:08:30 [INFO] detector: Config updated remotely (keys=['SHABBAT_DETECTOR'])
2026-10-10 01:09:59 [INFO] shabbat_detector.hebcal_gate: Hebcal refreshed: 2 start(s), 1 end(s) (geo=281184, diaspora=True)
2026-10-10 01:17:04 [INFO] shabbat_detector.cycle_analyzer: Elevator idle 434s - resetting cycle (was in _Phase.LEG_ONE)
2026-10-10 01:20:01 [INFO] shabbat_detector.hebcal_gate: Hebcal refreshed: 2 start(s), 1 end(s) (geo=281184, diaspora=True)
2026-10-10 01:25:39 [INFO] shabbat_detector.cycle_analyzer: Cycle complete: 475s, up_stops=['-2', '-1', '0'], down_stops=['10', '8', '7', '4', '2', '0', '-1', '-2']
2026-10-10 01:25:40 [INFO] detector: AutoLearner: suggestion from 3982 cycles (consistency=0.00, cv=0.219)
2026-10-10 01:25:41 [INFO] detector: Config updated remotely (keys=['SHABBAT_DETECTOR'])
2026-10-10 01:26:10 [INFO] detector: Config updated remotely (keys=['SHABBAT_DETECTOR'])
2026-10-10 01:30:07 [INFO] shabbat_detector.hebcal_gate: Hebcal refreshed: 2 start(s), 1 end(s) (geo=281184, diaspora=True)
2026-10-10 01:33:36 [INFO] shabbat_detector.cycle_analyzer: Cycle complete: 475s, up_stops=['-2', '-1', '0'], down_stops=['10', '8', '7', '4', '2', '0', '-1', '-2']
2026-10-10 01:33:36 [INFO] detector: AutoLearner: suggestion from 3983 cycles (consistency=0.00, cv=0.219)
2026-10-10 01:33:37 [INFO] detector: Config updated remotely (keys=['SHABBAT_DETECTOR'])
2026-10-10 01:35:37 [INFO] detector: Config updated remotely (keys=['SHABBAT_DETECTOR'])
2026-10-10 01:40:09 [INFO] shabbat_detector.hebcal_gate: Hebcal refreshed: 2 start(s), 1 end(s) (geo=281184, diaspora=True)
2026-10-10 01:41:30 [INFO] shabbat_detector.cycle_analyzer: Cycle complete: 475s, up_stops=['-2', '-1', '0'], down_stops=['10', '8', '7', '4', '2', '0', '-1', '-2']
2026-10-10 01:41:30 [INFO] detector: AutoLearner: suggestion from 3984 cycles (consistency=0.00, cv=0.219)
2026-10-10 01:41:30 [INFO] detector: Config updated remotely (keys=['SHABBAT_DETECTOR'])
2026-10-10 01:42:30 [INFO] detector: Config updated remotely (keys=['SHABBAT_DETECTOR'])
2026-10-10 01:49:25 [INFO] shabbat_detector.cycle_analyzer: Cycle complete: 475s, up_stops=['-2', '-1', '0'], down_stops=['10', '8', '7', '4', '3', '0', '-1', '-2']
2026-10-10 01:49:25 [INFO] detector: AutoLearner: suggestion from 3985 cycles (consistency=0.00, cv=0.219)
2026-10-10 01:49:25 [INFO] detector: Config updated remotely (keys=['SHABBAT_DETECTOR'])
2026-10-10 01:49:55 [INFO] detector: Config updated remotely (keys=['SHABBAT_DETECTOR'])
2026-10-10 01:50:10 [INFO] shabbat_detector.hebcal_gate: Hebcal refreshed: 2 start(s), 1 end(s) (geo=281184, diaspora=True)
2026-10-10 01:57:20 [INFO] shabbat_detector.cycle_analyzer: Cycle complete: 475s, up_stops=['-2', '-1', '0'], down_stops=['10', '8', '7', '4', '2', '0', '-1', '-2']
2026-10-10 01:57:21 [INFO] detector: AutoLearner: suggestion from 3986 cycles (consistency=0.00, cv=0.219)
2026-10-10 01:57:22 [INFO] detector: Config updated remotely (keys=['SHABBAT_DETECTOR'])
2026-10-10 01:59:21 [INFO] detector: Config updated remotely (keys=['SHABBAT_DETECTOR'])
2026-10-10 02:00:11 [INFO] shabbat_detector.hebcal_gate: Hebcal refreshed: 2 start(s), 1 end(s) (geo=281184, diaspora=True)
2026-10-10 02:05:12 [INFO] shabbat_detector.cycle_analyzer: Cycle complete: 473s, up_stops=['-2', '-1', '0'], down_stops=['10', '8', '6', '4', '2', '0', '-1', '-2']
2026-10-10 02:05:13 [INFO] detector: AutoLearner: suggestion from 3987 cycles (consistency=0.00, cv=0.219)
2026-10-10 02:05:13 [INFO] detector: Config updated remotely (keys=['SHABBAT_DETECTOR'])
2026-10-10 02:06:44 [INFO] detector: Config updated remotely (keys=['SHABBAT_DETECTOR'])
2026-10-10 02:10:13 [INFO] shabbat_detector.hebcal_gate: Hebcal refreshed: 2 start(s), 1 end(s) (geo=281184, diaspora=True)
2026-10-10 02:13:07 [INFO] shabbat_detector.cycle_analyzer: Cycle complete: 473s, up_stops=['-2', '-1', '0'], down_stops=['10', '8', '6', '4', '2', '0', '-1', '-2']
2026-10-10 02:13:08 [INFO] detector: AutoLearner: suggestion from 3988 cycles (consistency=0.00, cv=0.219)
2026-10-10 02:13:09 [INFO] detector: Config updated remotely (keys=['SHABBAT_DETECTOR'])
2026-10-10 02:15:08 [INFO] detector: Config updated remotely (keys=['SHABBAT_DETECTOR'])
2026-10-10 02:20:15 [INFO] shabbat_detector.hebcal_gate: Hebcal refreshed: 2 start(s), 1 end(s) (geo=281184, diaspora=True)
2026-10-10 02:21:02 [INFO] shabbat_detector.cycle_analyzer: Cycle complete: 476s, up_stops=['-1', '0'], down_stops=['10', '8', '6', '4', '2', '0', '-1', '-2']
2026-10-10 02:21:03 [INFO] detector: AutoLearner: suggestion from 3989 cycles (consistency=0.00, cv=0.219)
2026-10-10 02:21:04 [INFO] detector: Config updated remotely (keys=['SHABBAT_DETECTOR'])
2026-10-10 02:22:33 [INFO] detector: Config updated remotely (keys=['SHABBAT_DETECTOR'])
2026-10-10 02:28:56 [INFO] shabbat_detector.cycle_analyzer: Cycle complete: 473s, up_stops=['-2', '-1', '0'], down_stops=['10', '8', '6', '4', '2', '0', '-1', '-2']
2026-10-10 02:28:56 [INFO] detector: AutoLearner: suggestion from 3990 cycles (consistency=0.00, cv=0.219)
2026-10-10 02:28:57 [INFO] detector: Config updated remotely (keys=['SHABBAT_DETECTOR'])
2026-10-10 02:30:16 [INFO] shabbat_detector.hebcal_gate: Hebcal refreshed: 2 start(s), 1 end(s) (geo=281184, diaspora=True)
2026-10-10 02:30:26 [INFO] detector: Config updated remotely (keys=['SHABBAT_DETECTOR'])
2026-10-10 02:36:51 [INFO] shabbat_detector.cycle_analyzer: Cycle complete: 476s, up_stops=['-2', '-1', '0'], down_stops=['10', '8', '6', '4', '2', '0', '-1', '-2']
2026-10-10 02:36:51 [INFO] detector: AutoLearner: suggestion from 3991 cycles (consistency=0.00, cv=0.219)
2026-10-10 02:36:52 [INFO] detector: Config updated remotely (keys=['SHABBAT_DETECTOR'])
2026-10-10 02:37:52 [INFO] detector: Config updated remotely (keys=['SHABBAT_DETECTOR'])
2026-10-10 02:40:17 [INFO] shabbat_detector.hebcal_gate: Hebcal refreshed: 2 start(s), 1 end(s) (geo=281184, diaspora=True)
2026-10-10 02:44:47 [INFO] shabbat_detector.cycle_analyzer: Cycle complete: 476s, up_stops=['-1', '0'], down_stops=['10', '8', '6', '4', '2', '0', '-1']
2026-10-10 02:44:47 [INFO] detector: AutoLearner: suggestion from 3992 cycles (consistency=0.00, cv=0.219)
2026-10-10 02:44:48 [INFO] detector: Config updated remotely (keys=['SHABBAT_DETECTOR'])
2026-10-10 02:45:48 [INFO] detector: Config updated remotely (keys=['SHABBAT_DETECTOR'])
2026-10-10 02:50:20 [INFO] shabbat_detector.hebcal_gate: Hebcal refreshed: 2 start(s), 1 end(s) (geo=281184, diaspora=True)
2026-10-10 02:52:44 [INFO] shabbat_detector.cycle_analyzer: Cycle complete: 476s, up_stops=['-2', '-1', '0'], down_stops=['10', '8', '6', '4', '2', '0', '-1', '-2']
2026-10-10 02:52:44 [INFO] detector: AutoLearner: suggestion from 3993 cycles (consistency=0.00, cv=0.219)
2026-10-10 02:52:45 [INFO] detector: Config updated remotely (keys=['SHABBAT_DETECTOR'])
2026-10-10 02:53:44 [INFO] detector: Config updated remotely (keys=['SHABBAT_DETECTOR'])
2026-10-10 03:00:22 [INFO] shabbat_detector.hebcal_gate: Hebcal refreshed: 2 start(s), 1 end(s) (geo=281184, diaspora=True)
2026-10-10 03:00:38 [INFO] shabbat_detector.cycle_analyzer: Cycle complete: 475s, up_stops=['-2', '-1', '0'], down_stops=['10', '8', '7', '4', '2', '0', '-1', '-2']
2026-10-10 03:00:38 [INFO] detector: AutoLearner: suggestion from 3994 cycles (consistency=0.00, cv=0.219)
2026-10-10 03:00:38 [INFO] detector: Config updated remotely (keys=['SHABBAT_DETECTOR'])
2026-10-10 03:01:08 [INFO] detector: Config updated remotely (keys=['SHABBAT_DETECTOR'])
2026-10-10 03:01:58 [INFO] shabbat_detector.firebase_client: SSE stream connecting: https://ramada-elev-default-rtdb.europe-west1.firebasedatabase.app/settings.json
2026-10-10 03:02:55 [INFO] shabbat_detector.firebase_client: SSE stream connecting: https://ramada-elev-default-rtdb.europe-west1.firebasedatabase.app/elevator_configs/D.json
2026-10-10 03:03:26 [INFO] detector: Config updated remotely (keys=['AUTO_LEARN_CONFIG', 'BOTTOM_FLOOR', 'FLOOR_WAITS', 'SHABBAT_ACTIVE', 'SHABBAT_BREAK_ACTIVE', 'SHABBAT_DETECTOR', 'SHABBAT_MODE', 'STOPPING_FLOORS', 'STOPPING_FLOORS_DOWN', 'STOPPING_FLOORS_UP', 'TIME_PASS_FLOOR', 'TIME_PER_FLOOR', 'TOP_FLOOR', 'VISIBLE_FLOORS', 'secret_key'])
2026-10-10 03:08:33 [INFO] shabbat_detector.cycle_analyzer: Cycle complete: 475s, up_stops=['-2', '-1', '0'], down_stops=['10', '8', '6', '4', '2', '0', '-1', '-2']
2026-10-10 03:08:34 [INFO] detector: AutoLearner: suggestion from 3995 cycles (consistency=0.00, cv=0.219)
2026-10-10 03:08:35 [INFO] detector: Config updated remotely (keys=['SHABBAT_DETECTOR'])
2026-10-10 03:10:23 [INFO] shabbat_detector.hebcal_gate: Hebcal refreshed: 2 start(s), 1 end(s) (geo=281184, diaspora=True)
2026-10-10 03:11:04 [INFO] detector: Config updated remotely (keys=['SHABBAT_DETECTOR'])
2026-10-10 03:16:26 [INFO] shabbat_detector.cycle_analyzer: Cycle complete: 473s, up_stops=['-1', '0'], down_stops=['10', '8', '6', '4', '3', '0', '-1']
2026-10-10 03:16:27 [INFO] detector: AutoLearner: suggestion from 3996 cycles (consistency=0.00, cv=0.219)
2026-10-10 03:16:28 [INFO] detector: Config updated remotely (keys=['SHABBAT_DETECTOR'])
2026-10-10 03:17:57 [INFO] detector: Config updated remotely (keys=['SHABBAT_DETECTOR'])
2026-10-10 03:20:25 [INFO] shabbat_detector.hebcal_gate: Hebcal refreshed: 2 start(s), 1 end(s) (geo=281184, diaspora=True)
2026-10-10 03:24:20 [INFO] shabbat_detector.cycle_analyzer: Cycle complete: 474s, up_stops=['-1', '0'], down_stops=['10', '8', '6', '4', '2', '0', '-1', '-2']
2026-10-10 03:24:21 [INFO] detector: AutoLearner: suggestion from 3997 cycles (consistency=0.00, cv=0.219)
2026-10-10 03:24:22 [INFO] detector: Config updated remotely (keys=['SHABBAT_DETECTOR'])
2026-10-10 03:25:51 [INFO] detector: Config updated remotely (keys=['SHABBAT_DETECTOR'])
2026-10-10 03:30:27 [INFO] shabbat_detector.hebcal_gate: Hebcal refreshed: 2 start(s), 1 end(s) (geo=281184, diaspora=True)
2026-10-10 03:32:14 [INFO] shabbat_detector.cycle_analyzer: Cycle complete: 474s, up_stops=['-2', '-1', '0'], down_stops=['10', '8', '7', '4', '2', '0', '-1', '-2']
2026-10-10 03:32:15 [INFO] detector: AutoLearner: suggestion from 3998 cycles (consistency=0.00, cv=0.219)
2026-10-10 03:32:16 [INFO] detector: Config updated remotely (keys=['SHABBAT_DETECTOR'])
2026-10-10 03:33:15 [INFO] detector: Config updated remotely (keys=['SHABBAT_DETECTOR'])
2026-10-10 03:40:08 [INFO] shabbat_detector.cycle_analyzer: Cycle complete: 475s, up_stops=['-2', '-1', '0'], down_stops=['10', '8', '6', '4', '2', '0', '-2']
2026-10-10 03:40:09 [INFO] detector: AutoLearner: suggestion from 3999 cycles (consistency=0.00, cv=0.219)
2026-10-10 03:40:09 [INFO] detector: Config updated remotely (keys=['SHABBAT_DETECTOR'])
2026-10-10 03:40:28 [INFO] shabbat_detector.hebcal_gate: Hebcal refreshed: 2 start(s), 1 end(s) (geo=281184, diaspora=True)
2026-10-10 03:40:39 [INFO] detector: Config updated remotely (keys=['SHABBAT_DETECTOR'])
2026-10-10 03:48:03 [INFO] shabbat_detector.cycle_analyzer: Cycle complete: 474s, up_stops=['-2', '-1', '0'], down_stops=['10', '8', '6', '4', '2', '0', '-1', '-2']
2026-10-10 03:48:04 [INFO] detector: AutoLearner: suggestion from 4000 cycles (consistency=0.00, cv=0.219)
2026-10-10 03:48:04 [INFO] detector: Config updated remotely (keys=['SHABBAT_DETECTOR'])
2026-10-10 03:48:34 [INFO] detector: Config updated remotely (keys=['SHABBAT_DETECTOR'])
2026-10-10 03:50:31 [INFO] shabbat_detector.hebcal_gate: Hebcal refreshed: 2 start(s), 1 end(s) (geo=281184, diaspora=True)
2026-10-10 03:55:57 [INFO] shabbat_detector.cycle_analyzer: Cycle complete: 475s, up_stops=['-2', '-1', '0'], down_stops=['10', '8', '6', '4', '3', '0', '-1', '-2']
2026-10-10 03:55:58 [INFO] detector: AutoLearner: suggestion from 4001 cycles (consistency=0.00, cv=0.219)
2026-10-10 03:55:59 [INFO] detector: Config updated remotely (keys=['SHABBAT_DETECTOR'])
2026-10-10 03:57:58 [INFO] detector: Config updated remotely (keys=['SHABBAT_DETECTOR'])
2026-10-10 04:00:32 [INFO] shabbat_detector.hebcal_gate: Hebcal refreshed: 2 start(s), 1 end(s) (geo=281184, diaspora=True)
2026-10-10 04:03:52 [INFO] shabbat_detector.cycle_analyzer: Cycle complete: 474s, up_stops=['-2', '-1', '0'], down_stops=['10', '8', '6', '4', '2', '0', '-1', '-2']
2026-10-10 04:03:52 [INFO] detector: AutoLearner: suggestion from 4002 cycles (consistency=0.00, cv=0.219)
2026-10-10 04:03:52 [INFO] detector: Config updated remotely (keys=['SHABBAT_DETECTOR'])
2026-10-10 04:05:52 [INFO] detector: Config updated remotely (keys=['SHABBAT_DETECTOR'])
2026-10-10 04:10:34 [INFO] shabbat_detector.hebcal_gate: Hebcal refreshed: 2 start(s), 1 end(s) (geo=281184, diaspora=True)
2026-10-10 04:11:45 [INFO] shabbat_detector.cycle_analyzer: Cycle complete: 474s, up_stops=['-2', '-1', '0'], down_stops=['10', '8', '6', '4', '2', '0', '-1', '-2']
2026-10-10 04:11:46 [INFO] detector: AutoLearner: suggestion from 4003 cycles (consistency=0.00, cv=0.219)
2026-10-10 04:11:47 [INFO] detector: Config updated remotely (keys=['SHABBAT_DETECTOR'])
2026-10-10 04:13:16 [INFO] detector: Config updated remotely (keys=['SHABBAT_DETECTOR'])
2026-10-10 04:19:41 [INFO] shabbat_detector.cycle_analyzer: Cycle complete: 475s, up_stops=['-2', '-1', '0'], down_stops=['10', '8', '6', '4', '2', '0', '-1']
2026-10-10 04:19:41 [INFO] detector: AutoLearner: suggestion from 4004 cycles (consistency=0.00, cv=0.219)
2026-10-10 04:19:42 [INFO] detector: Config updated remotely (keys=['SHABBAT_DETECTOR'])
2026-10-10 04:20:35 [INFO] shabbat_detector.hebcal_gate: Hebcal refreshed: 2 start(s), 1 end(s) (geo=281184, diaspora=True)
2026-10-10 04:21:12 [INFO] detector: Config updated remotely (keys=['SHABBAT_DETECTOR'])
2026-10-10 04:27:34 [INFO] shabbat_detector.cycle_analyzer: Cycle complete: 474s, up_stops=['-2', '-1', '0'], down_stops=['10', '8', '7', '4', '2', '0', '-1', '-2']
2026-10-10 04:27:34 [INFO] detector: AutoLearner: suggestion from 4005 cycles (consistency=0.00, cv=0.219)
2026-10-10 04:27:35 [INFO] detector: Config updated remotely (keys=['SHABBAT_DETECTOR'])
2026-10-10 04:28:04 [INFO] detector: Config updated remotely (keys=['SHABBAT_DETECTOR'])
2026-10-10 04:30:37 [INFO] shabbat_detector.hebcal_gate: Hebcal refreshed: 2 start(s), 1 end(s) (geo=281184, diaspora=True)
2026-10-10 04:35:28 [INFO] shabbat_detector.cycle_analyzer: Cycle complete: 474s, up_stops=['-2', '-1', '0'], down_stops=['10', '8', '7', '4', '2', '0', '-1', '-2']
2026-10-10 04:35:28 [INFO] detector: AutoLearner: suggestion from 4006 cycles (consistency=0.00, cv=0.219)
2026-10-10 04:35:29 [INFO] detector: Config updated remotely (keys=['SHABBAT_DETECTOR'])
2026-10-10 04:37:29 [INFO] detector: Config updated remotely (keys=['SHABBAT_DETECTOR'])
2026-10-10 04:40:43 [INFO] shabbat_detector.hebcal_gate: Hebcal refreshed: 2 start(s), 1 end(s) (geo=281184, diaspora=True)
2026-10-10 04:43:23 [INFO] shabbat_detector.cycle_analyzer: Cycle complete: 474s, up_stops=['-2', '-1', '0'], down_stops=['10', '8', '6', '4', '2', '0', '-2']
2026-10-10 04:43:24 [INFO] detector: AutoLearner: suggestion from 4007 cycles (consistency=0.00, cv=0.219)
2026-10-10 04:43:25 [INFO] detector: Config updated remotely (keys=['SHABBAT_DETECTOR'])
2026-10-10 04:44:54 [INFO] detector: Config updated remotely (keys=['SHABBAT_DETECTOR'])
2026-10-10 04:50:44 [INFO] shabbat_detector.hebcal_gate: Hebcal refreshed: 2 start(s), 1 end(s) (geo=281184, diaspora=True)
2026-10-10 04:51:18 [INFO] shabbat_detector.cycle_analyzer: Cycle complete: 475s, up_stops=['-2', '-1', '0'], down_stops=['10', '8', '7', '4', '2', '0', '-1', '-2']
2026-10-10 04:51:19 [INFO] detector: AutoLearner: suggestion from 4008 cycles (consistency=0.00, cv=0.219)
2026-10-10 04:51:20 [INFO] detector: Config updated remotely (keys=['SHABBAT_DETECTOR'])
2026-10-10 04:52:49 [INFO] detector: Config updated remotely (keys=['SHABBAT_DETECTOR'])
2026-10-10 04:59:11 [INFO] shabbat_detector.cycle_analyzer: Cycle complete: 475s, up_stops=['-2', '-1', '0'], down_stops=['10', '8', '6', '4', '2', '0', '-1', '-2']
2026-10-10 04:59:12 [INFO] detector: AutoLearner: suggestion from 4009 cycles (consistency=0.00, cv=0.219)
2026-10-10 04:59:13 [INFO] detector: Config updated remotely (keys=['SHABBAT_DETECTOR'])
2026-10-10 05:00:42 [INFO] detector: Config updated remotely (keys=['SHABBAT_DETECTOR'])
2026-10-10 05:00:45 [INFO] shabbat_detector.hebcal_gate: Hebcal refreshed: 2 start(s), 1 end(s) (geo=281184, diaspora=True)
2026-10-10 05:07:07 [INFO] shabbat_detector.cycle_analyzer: Cycle complete: 473s, up_stops=['-1', '0'], down_stops=['10', '8', '6', '4', '2', '0', '-1', '-2']
2026-10-10 05:07:07 [INFO] detector: AutoLearner: suggestion from 4010 cycles (consistency=0.00, cv=0.219)
2026-10-10 05:07:08 [INFO] detector: Config updated remotely (keys=['SHABBAT_DETECTOR'])
2026-10-10 05:08:08 [INFO] detector: Config updated remotely (keys=['SHABBAT_DETECTOR'])
2026-10-10 05:10:48 [INFO] shabbat_detector.hebcal_gate: Hebcal refreshed: 2 start(s), 1 end(s) (geo=281184, diaspora=True)
2026-10-10 05:15:01 [INFO] shabbat_detector.cycle_analyzer: Cycle complete: 475s, up_stops=['-2', '-1', '0'], down_stops=['10', '8', '6', '4', '2', '0', '-1', '-2']
2026-10-10 05:15:02 [INFO] detector: AutoLearner: suggestion from 4011 cycles (consistency=0.00, cv=0.219)
2026-10-10 05:15:02 [INFO] detector: Config updated remotely (keys=['SHABBAT_DETECTOR'])
2026-10-10 05:15:32 [INFO] detector: Config updated remotely (keys=['SHABBAT_DETECTOR'])
2026-10-10 05:20:49 [INFO] shabbat_detector.hebcal_gate: Hebcal refreshed: 2 start(s), 1 end(s) (geo=281184, diaspora=True)
2026-10-10 05:22:56 [INFO] shabbat_detector.cycle_analyzer: Cycle complete: 475s, up_stops=['-2', '-1', '0'], down_stops=['10', '8', '6', '4', '2', '0', '-1', '-2']
2026-10-10 05:22:57 [INFO] detector: AutoLearner: suggestion from 4012 cycles (consistency=0.00, cv=0.219)
2026-10-10 05:22:57 [INFO] detector: Config updated remotely (keys=['SHABBAT_DETECTOR'])
2026-10-10 05:23:27 [INFO] detector: Config updated remotely (keys=['SHABBAT_DETECTOR'])
2026-10-10 05:30:50 [INFO] shabbat_detector.hebcal_gate: Hebcal refreshed: 2 start(s), 1 end(s) (geo=281184, diaspora=True)
2026-10-10 05:30:51 [INFO] shabbat_detector.cycle_analyzer: Cycle complete: 474s, up_stops=['-2', '0'], down_stops=['10', '8', '6', '4', '2', '0', '-1', '-2']
2026-10-10 05:30:51 [INFO] detector: AutoLearner: suggestion from 4013 cycles (consistency=0.00, cv=0.219)
2026-10-10 05:30:52 [INFO] detector: Config updated remotely (keys=['SHABBAT_DETECTOR'])
2026-10-10 05:32:51 [INFO] detector: Config updated remotely (keys=['SHABBAT_DETECTOR'])
2026-10-10 05:38:43 [INFO] shabbat_detector.cycle_analyzer: Cycle complete: 473s, up_stops=['-1', '0'], down_stops=['10', '8', '6', '4', '2', '0', '-1', '-2']
2026-10-10 05:38:43 [INFO] detector: AutoLearner: suggestion from 4014 cycles (consistency=0.00, cv=0.219)
2026-10-10 05:38:44 [INFO] detector: Config updated remotely (keys=['SHABBAT_DETECTOR'])
2026-10-10 05:40:44 [INFO] detector: Config updated remotely (keys=['SHABBAT_DETECTOR'])
2026-10-10 05:40:51 [INFO] shabbat_detector.hebcal_gate: Hebcal refreshed: 2 start(s), 1 end(s) (geo=281184, diaspora=True)
2026-10-10 05:46:37 [INFO] shabbat_detector.cycle_analyzer: Cycle complete: 474s, up_stops=['-2', '-1', '0'], down_stops=['10', '8', '6', '4', '2', '0', '-1', '-2']
2026-10-10 05:46:37 [INFO] detector: AutoLearner: suggestion from 4015 cycles (consistency=0.00, cv=0.219)
2026-10-10 05:46:38 [INFO] detector: Config updated remotely (keys=['SHABBAT_DETECTOR'])
2026-10-10 05:47:08 [INFO] detector: Config updated remotely (keys=['SHABBAT_DETECTOR'])
2026-10-10 05:50:52 [INFO] shabbat_detector.hebcal_gate: Hebcal refreshed: 2 start(s), 1 end(s) (geo=281184, diaspora=True)
2026-10-10 05:54:29 [INFO] shabbat_detector.cycle_analyzer: Cycle complete: 473s, up_stops=['-2', '-1', '0'], down_stops=['10', '8', '7', '4', '2', '0', '-1']
2026-10-10 05:54:29 [INFO] detector: AutoLearner: suggestion from 4016 cycles (consistency=0.00, cv=0.219)
2026-10-10 05:54:30 [INFO] detector: Config updated remotely (keys=['SHABBAT_DETECTOR'])
2026-10-10 05:56:29 [INFO] detector: Config updated remotely (keys=['SHABBAT_DETECTOR'])
2026-10-10 06:00:54 [INFO] shabbat_detector.hebcal_gate: Hebcal refreshed: 2 start(s), 1 end(s) (geo=281184, diaspora=True)
2026-10-10 06:02:23 [INFO] shabbat_detector.cycle_analyzer: Cycle complete: 474s, up_stops=['-1', '0'], down_stops=['10', '8', '6', '4', '3', '0', '-1', '-2']
2026-10-10 06:02:23 [INFO] detector: AutoLearner: suggestion from 4017 cycles (consistency=0.00, cv=0.219)
2026-10-10 06:02:24 [INFO] detector: Config updated remotely (keys=['SHABBAT_DETECTOR'])
2026-10-10 06:03:23 [INFO] detector: Config updated remotely (keys=['SHABBAT_DETECTOR'])
2026-10-10 06:10:16 [INFO] shabbat_detector.cycle_analyzer: Cycle complete: 473s, up_stops=['-2', '-1', '0'], down_stops=['10', '8', '6', '4', '2', '0', '-1', '-2']
2026-10-10 06:10:17 [INFO] detector: AutoLearner: suggestion from 4018 cycles (consistency=0.00, cv=0.219)
2026-10-10 06:10:18 [INFO] detector: Config updated remotely (keys=['SHABBAT_DETECTOR'])
2026-10-10 06:10:55 [INFO] shabbat_detector.hebcal_gate: Hebcal refreshed: 2 start(s), 1 end(s) (geo=281184, diaspora=True)
2026-10-10 06:11:17 [INFO] detector: Config updated remotely (keys=['SHABBAT_DETECTOR'])
2026-10-10 06:18:13 [INFO] shabbat_detector.cycle_analyzer: Cycle complete: 476s, up_stops=['-2', '-1', '0'], down_stops=['10', '8', '6', '4', '3', '0', '-1', '-2']
2026-10-10 06:18:14 [INFO] detector: AutoLearner: suggestion from 4019 cycles (consistency=0.00, cv=0.219)
2026-10-10 06:18:14 [INFO] detector: Config updated remotely (keys=['SHABBAT_DETECTOR'])
2026-10-10 06:20:44 [INFO] detector: Config updated remotely (keys=['SHABBAT_DETECTOR'])
2026-10-10 06:20:57 [INFO] shabbat_detector.hebcal_gate: Hebcal refreshed: 2 start(s), 1 end(s) (geo=281184, diaspora=True)
2026-10-10 06:26:06 [INFO] shabbat_detector.cycle_analyzer: Cycle complete: 473s, up_stops=['-2', '-1', '0'], down_stops=['10', '8', '6', '4', '2', '0', '-1', '-2']
2026-10-10 06:26:06 [INFO] detector: AutoLearner: suggestion from 4020 cycles (consistency=0.00, cv=0.219)
2026-10-10 06:26:07 [INFO] detector: Config updated remotely (keys=['SHABBAT_DETECTOR'])
2026-10-10 06:28:07 [INFO] detector: Config updated remotely (keys=['SHABBAT_DETECTOR'])
2026-10-10 06:30:58 [INFO] shabbat_detector.hebcal_gate: Hebcal refreshed: 2 start(s), 1 end(s) (geo=281184, diaspora=True)
2026-10-10 06:34:00 [INFO] shabbat_detector.cycle_analyzer: Cycle complete: 474s, up_stops=['-2', '-1', '0'], down_stops=['10', '8', '6', '4', '3', '0', '-1', '-2']
2026-10-10 06:34:01 [INFO] detector: AutoLearner: suggestion from 4021 cycles (consistency=0.00, cv=0.219)
2026-10-10 06:34:01 [INFO] detector: Config updated remotely (keys=['SHABBAT_DETECTOR'])
2026-10-10 06:36:01 [INFO] detector: Config updated remotely (keys=['SHABBAT_DETECTOR'])
2026-10-10 06:40:59 [INFO] shabbat_detector.hebcal_gate: Hebcal refreshed: 2 start(s), 1 end(s) (geo=281184, diaspora=True)
2026-10-10 06:41:55 [INFO] shabbat_detector.cycle_analyzer: Cycle complete: 474s, up_stops=['-1', '0'], down_stops=['10', '8', '6', '4', '2', '0', '-1', '-2']
2026-10-10 06:41:55 [INFO] detector: AutoLearner: suggestion from 4022 cycles (consistency=0.00, cv=0.219)
2026-10-10 06:41:56 [INFO] detector: Config updated remotely (keys=['SHABBAT_DETECTOR'])
2026-10-10 06:42:56 [INFO] detector: Config updated remotely (keys=['SHABBAT_DETECTOR'])
2026-10-10 06:49:46 [INFO] shabbat_detector.cycle_analyzer: Cycle complete: 472s, up_stops=['-2', '-1', '0'], down_stops=['10', '8', '7', '4', '3', '0', '-1', '-2']
2026-10-10 06:49:47 [INFO] detector: AutoLearner: suggestion from 4023 cycles (consistency=0.00, cv=0.219)
2026-10-10 06:49:47 [INFO] detector: Config updated remotely (keys=['SHABBAT_DETECTOR'])
2026-10-10 06:50:17 [INFO] detector: Config updated remotely (keys=['SHABBAT_DETECTOR'])
2026-10-10 06:51:01 [INFO] shabbat_detector.hebcal_gate: Hebcal refreshed: 2 start(s), 1 end(s) (geo=281184, diaspora=True)
2026-10-10 06:57:38 [INFO] shabbat_detector.cycle_analyzer: Cycle complete: 473s, up_stops=['-2', '-1', '0'], down_stops=['10', '8', '6', '4', '2', '0', '-1', '-2']
2026-10-10 06:57:38 [INFO] detector: AutoLearner: suggestion from 4024 cycles (consistency=0.00, cv=0.219)
2026-10-10 06:57:39 [INFO] detector: Config updated remotely (keys=['SHABBAT_DETECTOR'])
2026-10-10 06:58:09 [INFO] detector: Config updated remotely (keys=['SHABBAT_DETECTOR'])
2026-10-10 07:01:02 [INFO] shabbat_detector.hebcal_gate: Hebcal refreshed: 2 start(s), 1 end(s) (geo=281184, diaspora=True)
2026-10-10 07:05:30 [INFO] shabbat_detector.cycle_analyzer: Cycle complete: 472s, up_stops=['-2', '-1', '0'], down_stops=['10', '8', '6', '4', '2', '0', '-1', '-2']
2026-10-10 07:05:30 [INFO] detector: AutoLearner: suggestion from 4025 cycles (consistency=0.00, cv=0.219)
2026-10-10 07:05:31 [INFO] detector: Config updated remotely (keys=['SHABBAT_DETECTOR'])
2026-10-10 07:06:00 [INFO] detector: Config updated remotely (keys=['SHABBAT_DETECTOR'])
2026-10-10 07:11:03 [INFO] shabbat_detector.hebcal_gate: Hebcal refreshed: 2 start(s), 1 end(s) (geo=281184, diaspora=True)
2026-10-10 07:13:24 [INFO] shabbat_detector.cycle_analyzer: Cycle complete: 473s, up_stops=['-2', '-1', '0'], down_stops=['10', '8', '7', '4', '2', '0', '-1', '-2']
2026-10-10 07:13:25 [INFO] detector: AutoLearner: suggestion from 4026 cycles (consistency=0.00, cv=0.219)
2026-10-10 07:13:26 [INFO] detector: Config updated remotely (keys=['SHABBAT_DETECTOR'])
2026-10-10 07:15:25 [INFO] detector: Config updated remotely (keys=['SHABBAT_DETECTOR'])
2026-10-10 07:21:04 [INFO] shabbat_detector.hebcal_gate: Hebcal refreshed: 2 start(s), 1 end(s) (geo=281184, diaspora=True)
2026-10-10 07:21:18 [INFO] shabbat_detector.cycle_analyzer: Cycle complete: 474s, up_stops=['-2', '0'], down_stops=['10', '8', '6', '4', '2', '0', '-1', '-2']
2026-10-10 07:21:19 [INFO] detector: AutoLearner: suggestion from 4027 cycles (consistency=0.00, cv=0.219)
2026-10-10 07:21:20 [INFO] detector: Config updated remotely (keys=['SHABBAT_DETECTOR'])
2026-10-10 07:23:19 [INFO] detector: Config updated remotely (keys=['SHABBAT_DETECTOR'])
2026-10-10 07:29:13 [INFO] shabbat_detector.cycle_analyzer: Cycle complete: 476s, up_stops=['-1', '0'], down_stops=['10', '8', '7', '4', '2', '0', '-1', '-2']
2026-10-10 07:29:14 [INFO] detector: AutoLearner: suggestion from 4028 cycles (consistency=0.00, cv=0.219)
2026-10-10 07:29:14 [INFO] detector: Config updated remotely (keys=['SHABBAT_DETECTOR'])
2026-10-10 07:30:14 [INFO] detector: Config updated remotely (keys=['SHABBAT_DETECTOR'])
2026-10-10 07:31:06 [INFO] shabbat_detector.hebcal_gate: Hebcal refreshed: 2 start(s), 1 end(s) (geo=281184, diaspora=True)
2026-10-10 07:37:08 [INFO] shabbat_detector.cycle_analyzer: Cycle complete: 474s, up_stops=['-1', '0'], down_stops=['10', '8', '6', '4', '2', '0', '-1', '-2']
2026-10-10 07:37:08 [INFO] detector: AutoLearner: suggestion from 4029 cycles (consistency=0.00, cv=0.219)
2026-10-10 07:37:10 [INFO] detector: Config updated remotely (keys=['SHABBAT_DETECTOR'])
2026-10-10 07:37:39 [INFO] detector: Config updated remotely (keys=['SHABBAT_DETECTOR'])
2026-10-10 07:41:07 [INFO] shabbat_detector.hebcal_gate: Hebcal refreshed: 2 start(s), 1 end(s) (geo=281184, diaspora=True)
2026-10-10 07:45:01 [INFO] shabbat_detector.cycle_analyzer: Cycle complete: 476s, up_stops=['-2', '-1', '0'], down_stops=['10', '8', '6', '4', '2', '0', '-1', '-2']
2026-10-10 07:45:02 [INFO] detector: AutoLearner: suggestion from 4030 cycles (consistency=0.00, cv=0.219)
2026-10-10 07:45:03 [INFO] detector: Config updated remotely (keys=['SHABBAT_DETECTOR'])
2026-10-10 07:45:32 [INFO] detector: Config updated remotely (keys=['SHABBAT_DETECTOR'])
2026-10-10 07:51:08 [INFO] shabbat_detector.hebcal_gate: Hebcal refreshed: 2 start(s), 1 end(s) (geo=281184, diaspora=True)
2026-10-10 07:52:54 [INFO] shabbat_detector.cycle_analyzer: Cycle complete: 470s, up_stops=['-1', '0'], down_stops=['10', '8', '6', '4', '2', '0', '-1', '-2']
2026-10-10 07:53:00 [INFO] detector: AutoLearner: suggestion from 4031 cycles (consistency=0.00, cv=0.219)
2026-10-10 07:53:00 [INFO] detector: Config updated remotely (keys=['SHABBAT_DETECTOR'])
2026-10-10 07:55:00 [INFO] detector: Config updated remotely (keys=['SHABBAT_DETECTOR'])
2026-10-10 08:00:46 [INFO] shabbat_detector.cycle_analyzer: Cycle complete: 474s, up_stops=['-2', '-1', '0'], down_stops=['10', '8', '6', '4', '2', '0', '-1', '-2']
2026-10-10 08:00:47 [INFO] detector: AutoLearner: suggestion from 4032 cycles (consistency=0.00, cv=0.219)
2026-10-10 08:00:48 [INFO] detector: Config updated remotely (keys=['SHABBAT_DETECTOR'])
2026-10-10 08:01:09 [INFO] shabbat_detector.hebcal_gate: Hebcal refreshed: 2 start(s), 1 end(s) (geo=281184, diaspora=True)
2026-10-10 08:02:47 [INFO] detector: Config updated remotely (keys=['SHABBAT_DETECTOR'])
2026-10-10 08:08:42 [INFO] shabbat_detector.cycle_analyzer: Cycle complete: 475s, up_stops=['-1', '0'], down_stops=['10', '8', '6', '4', '2', '0', '-1']
2026-10-10 08:08:42 [INFO] detector: AutoLearner: suggestion from 4033 cycles (consistency=0.00, cv=0.219)
2026-10-10 08:08:43 [INFO] detector: Config updated remotely (keys=['SHABBAT_DETECTOR'])
2026-10-10 08:10:13 [INFO] detector: Config updated remotely (keys=['SHABBAT_DETECTOR'])
2026-10-10 08:11:16 [INFO] shabbat_detector.hebcal_gate: Hebcal refreshed: 2 start(s), 1 end(s) (geo=281184, diaspora=True)
2026-10-10 08:16:40 [INFO] shabbat_detector.cycle_analyzer: Cycle complete: 473s, up_stops=['-2', '-1', '0'], down_stops=['10', '8', '7', '4', '2', '0', '-1', '-2']
2026-10-10 08:16:41 [INFO] detector: AutoLearner: suggestion from 4034 cycles (consistency=0.00, cv=0.219)
2026-10-10 08:16:42 [INFO] detector: Config updated remotely (keys=['SHABBAT_DETECTOR'])
2026-10-10 08:17:41 [INFO] detector: Config updated remotely (keys=['SHABBAT_DETECTOR'])
2026-10-10 08:21:17 [INFO] shabbat_detector.hebcal_gate: Hebcal refreshed: 2 start(s), 1 end(s) (geo=281184, diaspora=True)
2026-10-10 08:24:31 [INFO] shabbat_detector.cycle_analyzer: Cycle complete: 474s, up_stops=['-1', '0'], down_stops=['10', '8', '6', '4', '2', '0', '-1', '-2']
2026-10-10 08:24:31 [INFO] detector: AutoLearner: suggestion from 4035 cycles (consistency=0.00, cv=0.219)
2026-10-10 08:24:32 [INFO] detector: Config updated remotely (keys=['SHABBAT_DETECTOR'])
2026-10-10 08:25:31 [INFO] detector: Config updated remotely (keys=['SHABBAT_DETECTOR'])
2026-10-10 08:31:19 [INFO] shabbat_detector.hebcal_gate: Hebcal refreshed: 2 start(s), 1 end(s) (geo=281184, diaspora=True)
2026-10-10 08:32:25 [INFO] shabbat_detector.cycle_analyzer: Cycle complete: 475s, up_stops=['-1', '0'], down_stops=['10', '8', '7', '4', '2', '0', '-1', '-2']
2026-10-10 08:32:25 [INFO] detector: AutoLearner: suggestion from 4036 cycles (consistency=0.00, cv=0.219)
2026-10-10 08:32:26 [INFO] detector: Config updated remotely (keys=['SHABBAT_DETECTOR'])
2026-10-10 08:32:56 [INFO] detector: Config updated remotely (keys=['SHABBAT_DETECTOR'])
2026-10-10 08:40:21 [INFO] shabbat_detector.cycle_analyzer: Cycle complete: 476s, up_stops=['-1', '0'], down_stops=['10', '8', '6', '4', '2', '0', '-1', '-2']
2026-10-10 08:40:22 [INFO] detector: AutoLearner: suggestion from 4037 cycles (consistency=0.00, cv=0.219)
2026-10-10 08:40:23 [INFO] detector: Config updated remotely (keys=['SHABBAT_DETECTOR'])
2026-10-10 08:41:20 [INFO] shabbat_detector.hebcal_gate: Hebcal refreshed: 2 start(s), 1 end(s) (geo=281184, diaspora=True)
2026-10-10 08:42:22 [INFO] detector: Config updated remotely (keys=['SHABBAT_DETECTOR'])
2026-10-10 08:48:14 [INFO] shabbat_detector.cycle_analyzer: Cycle complete: 474s, up_stops=['-1', '0'], down_stops=['10', '8', '7', '4', '2', '0', '-1', '-2']
2026-10-10 08:48:14 [INFO] detector: AutoLearner: suggestion from 4038 cycles (consistency=0.00, cv=0.219)
2026-10-10 08:48:15 [INFO] detector: Config updated remotely (keys=['SHABBAT_DETECTOR'])
2026-10-10 08:49:14 [INFO] detector: Config updated remotely (keys=['SHABBAT_DETECTOR'])
2026-10-10 08:51:22 [INFO] shabbat_detector.hebcal_gate: Hebcal refreshed: 2 start(s), 1 end(s) (geo=281184, diaspora=True)
2026-10-10 08:56:08 [INFO] shabbat_detector.cycle_analyzer: Cycle complete: 473s, up_stops=['-2', '-1', '0'], down_stops=['10', '8', '6', '4', '3', '0', '-1', '-2']
2026-10-10 08:56:09 [INFO] detector: AutoLearner: suggestion from 4039 cycles (consistency=0.00, cv=0.219)
2026-10-10 08:56:10 [INFO] detector: Config updated remotely (keys=['SHABBAT_DETECTOR'])
2026-10-10 08:56:39 [INFO] detector: Config updated remotely (keys=['SHABBAT_DETECTOR'])
2026-10-10 09:01:23 [INFO] shabbat_detector.hebcal_gate: Hebcal refreshed: 2 start(s), 1 end(s) (geo=281184, diaspora=True)
2026-10-10 09:04:02 [INFO] shabbat_detector.cycle_analyzer: Cycle complete: 475s, up_stops=['-2', '-1', '0'], down_stops=['10', '8', '7', '4', '3', '0', '-2']
2026-10-10 09:04:03 [INFO] detector: AutoLearner: suggestion from 4040 cycles (consistency=0.00, cv=0.219)
2026-10-10 09:04:03 [INFO] detector: Config updated remotely (keys=['SHABBAT_DETECTOR'])
2026-10-10 09:06:03 [INFO] detector: Config updated remotely (keys=['SHABBAT_DETECTOR'])
2026-10-10 09:11:24 [INFO] shabbat_detector.hebcal_gate: Hebcal refreshed: 2 start(s), 1 end(s) (geo=281184, diaspora=True)
2026-10-10 09:11:57 [INFO] shabbat_detector.cycle_analyzer: Cycle complete: 474s, up_stops=['-2', '-1', '0'], down_stops=['10', '8', '6', '4', '2', '0', '-1', '-2']
2026-10-10 09:11:57 [INFO] detector: AutoLearner: suggestion from 4041 cycles (consistency=0.00, cv=0.219)
2026-10-10 09:11:58 [INFO] detector: Config updated remotely (keys=['SHABBAT_DETECTOR'])
2026-10-10 09:13:27 [INFO] detector: Config updated remotely (keys=['SHABBAT_DETECTOR'])
2026-10-10 09:19:51 [INFO] shabbat_detector.cycle_analyzer: Cycle complete: 474s, up_stops=['-2', '-1', '0'], down_stops=['10', '8', '6', '4', '2', '0', '-1', '-2']
2026-10-10 09:19:52 [INFO] detector: AutoLearner: suggestion from 4042 cycles (consistency=0.00, cv=0.219)
2026-10-10 09:19:52 [INFO] detector: Config updated remotely (keys=['SHABBAT_DETECTOR'])
2026-10-10 09:21:23 [INFO] detector: Config updated remotely (keys=['SHABBAT_DETECTOR'])
2026-10-10 09:21:25 [INFO] shabbat_detector.hebcal_gate: Hebcal refreshed: 2 start(s), 1 end(s) (geo=281184, diaspora=True)
2026-10-10 09:27:44 [INFO] shabbat_detector.cycle_analyzer: Cycle complete: 474s, up_stops=['-2', '-1', '0'], down_stops=['10', '8', '7', '4', '3', '0', '-1', '-2']
2026-10-10 09:27:44 [INFO] detector: AutoLearner: suggestion from 4043 cycles (consistency=0.00, cv=0.219)
2026-10-10 09:27:46 [INFO] detector: Config updated remotely (keys=['SHABBAT_DETECTOR'])
2026-10-10 09:28:15 [INFO] detector: Config updated remotely (keys=['SHABBAT_DETECTOR'])
2026-10-10 09:31:27 [INFO] shabbat_detector.hebcal_gate: Hebcal refreshed: 2 start(s), 1 end(s) (geo=281184, diaspora=True)
2026-10-10 09:35:38 [INFO] shabbat_detector.cycle_analyzer: Cycle complete: 474s, up_stops=['-2', '-1'], down_stops=['10', '8', '6', '4', '2', '0', '-1']
2026-10-10 09:35:39 [INFO] detector: AutoLearner: suggestion from 4044 cycles (consistency=0.00, cv=0.219)
2026-10-10 09:35:40 [INFO] detector: Config updated remotely (keys=['SHABBAT_DETECTOR'])
2026-10-10 09:36:09 [INFO] detector: Config updated remotely (keys=['SHABBAT_DETECTOR'])
2026-10-10 09:41:28 [INFO] shabbat_detector.hebcal_gate: Hebcal refreshed: 2 start(s), 1 end(s) (geo=281184, diaspora=True)
2026-10-10 09:43:32 [INFO] shabbat_detector.cycle_analyzer: Cycle complete: 472s, up_stops=['-2', '-1', '0'], down_stops=['10', '8', '7', '4', '2', '0', '-2']
2026-10-10 09:43:32 [INFO] detector: AutoLearner: suggestion from 4045 cycles (consistency=0.00, cv=0.219)
2026-10-10 09:43:33 [INFO] detector: Config updated remotely (keys=['SHABBAT_DETECTOR'])
2026-10-10 09:45:32 [INFO] detector: Config updated remotely (keys=['SHABBAT_DETECTOR'])
2026-10-10 09:51:25 [INFO] shabbat_detector.cycle_analyzer: Cycle complete: 474s, up_stops=['-1', '0'], down_stops=['10', '8', '6', '4', '2', '0', '-1', '-2']
2026-10-10 09:51:25 [INFO] detector: AutoLearner: suggestion from 4046 cycles (consistency=0.00, cv=0.219)
2026-10-10 09:51:26 [INFO] detector: Config updated remotely (keys=['SHABBAT_DETECTOR'])
2026-10-10 09:51:34 [INFO] shabbat_detector.hebcal_gate: Hebcal refreshed: 2 start(s), 1 end(s) (geo=281184, diaspora=True)
2026-10-10 09:53:56 [INFO] detector: Config updated remotely (keys=['SHABBAT_DETECTOR'])
2026-10-10 09:59:19 [INFO] shabbat_detector.cycle_analyzer: Cycle complete: 473s, up_stops=['-1', '0'], down_stops=['10', '8', '7', '4', '3', '0', '-1', '-2']
2026-10-10 09:59:19 [INFO] detector: AutoLearner: suggestion from 4047 cycles (consistency=0.00, cv=0.219)
2026-10-10 09:59:20 [INFO] detector: Config updated remotely (keys=['SHABBAT_DETECTOR'])
2026-10-10 10:01:20 [INFO] detector: Config updated remotely (keys=['SHABBAT_DETECTOR'])
2026-10-10 10:01:35 [INFO] shabbat_detector.hebcal_gate: Hebcal refreshed: 2 start(s), 1 end(s) (geo=281184, diaspora=True)
2026-10-10 10:07:09 [INFO] shabbat_detector.cycle_analyzer: Cycle complete: 472s, up_stops=['-2', '-1', '0'], down_stops=['10', '8', '7', '4', '2', '0', '-1', '-2']
2026-10-10 10:07:10 [INFO] detector: AutoLearner: suggestion from 4048 cycles (consistency=0.00, cv=0.219)
2026-10-10 10:07:10 [INFO] detector: Config updated remotely (keys=['SHABBAT_DETECTOR'])
2026-10-10 10:08:40 [INFO] detector: Config updated remotely (keys=['SHABBAT_DETECTOR'])
2026-10-10 10:11:42 [INFO] shabbat_detector.hebcal_gate: Hebcal refreshed: 2 start(s), 1 end(s) (geo=281184, diaspora=True)
2026-10-10 10:15:02 [INFO] shabbat_detector.cycle_analyzer: Cycle complete: 472s, up_stops=['-2', '-1', '0'], down_stops=['10', '8', '6', '4', '2', '0', '-1', '-2']
2026-10-10 10:15:03 [INFO] detector: AutoLearner: suggestion from 4049 cycles (consistency=0.00, cv=0.219)
2026-10-10 10:15:04 [INFO] detector: Config updated remotely (keys=['SHABBAT_DETECTOR'])
2026-10-10 10:16:33 [INFO] detector: Config updated remotely (keys=['SHABBAT_DETECTOR'])
2026-10-10 10:21:43 [INFO] shabbat_detector.hebcal_gate: Hebcal refreshed: 2 start(s), 1 end(s) (geo=281184, diaspora=True)
2026-10-10 10:22:55 [INFO] shabbat_detector.cycle_analyzer: Cycle complete: 474s, up_stops=['-2', '-1', '0'], down_stops=['10', '8', '7', '4', '3', '0', '-1', '-2']
2026-10-10 10:22:55 [INFO] detector: AutoLearner: suggestion from 4050 cycles (consistency=0.00, cv=0.219)
2026-10-10 10:22:56 [INFO] detector: Config updated remotely (keys=['SHABBAT_DETECTOR'])
2026-10-10 10:23:55 [INFO] detector: Config updated remotely (keys=['SHABBAT_DETECTOR'])
2026-10-10 10:30:50 [INFO] shabbat_detector.cycle_analyzer: Cycle complete: 475s, up_stops=['-1', '0'], down_stops=['10', '8', '6', '4', '2', '0', '-1', '-2']
2026-10-10 10:30:50 [INFO] detector: AutoLearner: suggestion from 4051 cycles (consistency=0.00, cv=0.219)
2026-10-10 10:30:51 [INFO] detector: Config updated remotely (keys=['SHABBAT_DETECTOR'])
2026-10-10 10:31:44 [INFO] shabbat_detector.hebcal_gate: Hebcal refreshed: 2 start(s), 1 end(s) (geo=281184, diaspora=True)
2026-10-10 10:31:50 [INFO] detector: Config updated remotely (keys=['SHABBAT_DETECTOR'])
2026-10-10 10:38:44 [INFO] shabbat_detector.cycle_analyzer: Cycle complete: 472s, up_stops=['-2', '-1', '0'], down_stops=['10', '8', '6', '4', '3', '0', '-1', '-2']
2026-10-10 10:38:44 [INFO] detector: AutoLearner: suggestion from 4052 cycles (consistency=0.00, cv=0.219)
2026-10-10 10:38:46 [INFO] detector: Config updated remotely (keys=['SHABBAT_DETECTOR'])
2026-10-10 10:39:15 [INFO] detector: Config updated remotely (keys=['SHABBAT_DETECTOR'])
2026-10-10 10:41:47 [INFO] shabbat_detector.hebcal_gate: Hebcal refreshed: 2 start(s), 1 end(s) (geo=281184, diaspora=True)
2026-10-10 10:46:36 [INFO] shabbat_detector.cycle_analyzer: Cycle complete: 473s, up_stops=['-1', '0'], down_stops=['10', '8', '6', '4', '2', '0', '-1', '-2']
2026-10-10 10:46:36 [INFO] detector: AutoLearner: suggestion from 4053 cycles (consistency=0.00, cv=0.219)
2026-10-10 10:46:38 [INFO] detector: Config updated remotely (keys=['SHABBAT_DETECTOR'])
2026-10-10 10:48:07 [INFO] detector: Config updated remotely (keys=['SHABBAT_DETECTOR'])
2026-10-10 10:51:49 [INFO] shabbat_detector.hebcal_gate: Hebcal refreshed: 2 start(s), 1 end(s) (geo=281184, diaspora=True)
2026-10-10 10:54:31 [INFO] shabbat_detector.cycle_analyzer: Cycle complete: 475s, up_stops=['-1', '0'], down_stops=['10', '8', '6', '4', '2', '0', '-1', '-2']
2026-10-10 10:54:32 [INFO] detector: AutoLearner: suggestion from 4054 cycles (consistency=0.00, cv=0.219)
2026-10-10 10:54:33 [INFO] detector: Config updated remotely (keys=['SHABBAT_DETECTOR'])
2026-10-10 10:55:32 [INFO] detector: Config updated remotely (keys=['SHABBAT_DETECTOR'])
2026-10-10 11:01:50 [INFO] shabbat_detector.hebcal_gate: Hebcal refreshed: 2 start(s), 1 end(s) (geo=281184, diaspora=True)
2026-10-10 11:02:26 [INFO] shabbat_detector.cycle_analyzer: Cycle complete: 475s, up_stops=['-2', '-1', '0'], down_stops=['10', '8', '6', '4', '2', '0', '-1', '-2']
2026-10-10 11:02:27 [INFO] detector: AutoLearner: suggestion from 4055 cycles (consistency=0.00, cv=0.219)
2026-10-10 11:02:28 [INFO] detector: Config updated remotely (keys=['SHABBAT_DETECTOR'])
2026-10-10 11:02:57 [INFO] detector: Config updated remotely (keys=['SHABBAT_DETECTOR'])
2026-10-10 11:10:21 [INFO] shabbat_detector.cycle_analyzer: Cycle complete: 475s, up_stops=['-2', '-1', '0'], down_stops=['10', '8', '7', '4', '2', '0', '-1', '-2']
2026-10-10 11:10:22 [INFO] detector: AutoLearner: suggestion from 4056 cycles (consistency=0.00, cv=0.219)
2026-10-10 11:10:23 [INFO] detector: Config updated remotely (keys=['SHABBAT_DETECTOR'])
2026-10-10 11:11:56 [INFO] shabbat_detector.hebcal_gate: Hebcal refreshed: 2 start(s), 1 end(s) (geo=281184, diaspora=True)
2026-10-10 11:12:52 [INFO] detector: Config updated remotely (keys=['SHABBAT_DETECTOR'])
2026-10-10 11:18:14 [INFO] shabbat_detector.cycle_analyzer: Cycle complete: 474s, up_stops=['-1', '0'], down_stops=['10', '8', '6', '4', '2', '0', '-1', '-2']
2026-10-10 11:18:14 [INFO] detector: AutoLearner: suggestion from 4057 cycles (consistency=0.00, cv=0.219)
2026-10-10 11:18:15 [INFO] detector: Config updated remotely (keys=['SHABBAT_DETECTOR'])
2026-10-10 11:20:14 [INFO] detector: Config updated remotely (keys=['SHABBAT_DETECTOR'])
2026-10-10 11:21:57 [INFO] shabbat_detector.hebcal_gate: Hebcal refreshed: 2 start(s), 1 end(s) (geo=281184, diaspora=True)
2026-10-10 11:26:09 [INFO] shabbat_detector.cycle_analyzer: Cycle complete: 474s, up_stops=['-2', '-1', '0'], down_stops=['10', '8', '6', '4', '2', '0', '-1', '-2']
2026-10-10 11:26:10 [INFO] detector: AutoLearner: suggestion from 4058 cycles (consistency=0.00, cv=0.219)
2026-10-10 11:26:11 [INFO] detector: Config updated remotely (keys=['SHABBAT_DETECTOR'])
2026-10-10 11:28:10 [INFO] detector: Config updated remotely (keys=['SHABBAT_DETECTOR'])
2026-10-10 11:31:58 [INFO] shabbat_detector.hebcal_gate: Hebcal refreshed: 2 start(s), 1 end(s) (geo=281184, diaspora=True)
2026-10-10 11:34:01 [INFO] shabbat_detector.cycle_analyzer: Cycle complete: 472s, up_stops=['-2', '-1', '0'], down_stops=['10', '8', '6', '4', '2', '0', '-1', '-2']
2026-10-10 11:34:01 [INFO] detector: AutoLearner: suggestion from 4059 cycles (consistency=0.00, cv=0.219)
2026-10-10 11:34:01 [INFO] detector: Config updated remotely (keys=['SHABBAT_DETECTOR'])
2026-10-10 11:35:31 [INFO] detector: Config updated remotely (keys=['SHABBAT_DETECTOR'])
2026-10-10 11:41:54 [INFO] shabbat_detector.cycle_analyzer: Cycle complete: 474s, up_stops=['-1', '0'], down_stops=['10', '8', '7', '4', '2', '0', '-1', '-2']
2026-10-10 11:41:55 [INFO] detector: AutoLearner: suggestion from 4060 cycles (consistency=0.00, cv=0.219)
2026-10-10 11:41:55 [INFO] detector: Config updated remotely (keys=['SHABBAT_DETECTOR'])
2026-10-10 11:41:59 [INFO] shabbat_detector.hebcal_gate: Hebcal refreshed: 2 start(s), 1 end(s) (geo=281184, diaspora=True)
2026-10-10 11:42:55 [INFO] detector: Config updated remotely (keys=['SHABBAT_DETECTOR'])
2026-10-10 11:49:44 [INFO] shabbat_detector.cycle_analyzer: Cycle complete: 469s, up_stops=['-2', '-1', '0'], down_stops=['10', '8', '6', '4', '2', '0', '-1', '-2']
2026-10-10 11:49:45 [INFO] detector: AutoLearner: suggestion from 4061 cycles (consistency=0.00, cv=0.219)
2026-10-10 11:49:45 [INFO] detector: Config updated remotely (keys=['SHABBAT_DETECTOR'])
2026-10-10 11:50:45 [INFO] detector: Config updated remotely (keys=['SHABBAT_DETECTOR'])
2026-10-10 11:52:01 [INFO] shabbat_detector.hebcal_gate: Hebcal refreshed: 2 start(s), 1 end(s) (geo=281184, diaspora=True)
2026-10-10 11:57:35 [INFO] shabbat_detector.cycle_analyzer: Cycle complete: 472s, up_stops=['-2', '-1', '0'], down_stops=['10', '8', '6', '4', '2', '0', '-1', '-2']
2026-10-10 11:57:36 [INFO] detector: AutoLearner: suggestion from 4062 cycles (consistency=0.00, cv=0.219)
2026-10-10 11:57:37 [INFO] detector: Config updated remotely (keys=['SHABBAT_DETECTOR'])
2026-10-10 11:58:36 [INFO] detector: Config updated remotely (keys=['SHABBAT_DETECTOR'])
2026-10-10 12:02:07 [INFO] shabbat_detector.hebcal_gate: Hebcal refreshed: 2 start(s), 1 end(s) (geo=281184, diaspora=True)
2026-10-10 12:05:32 [INFO] shabbat_detector.cycle_analyzer: Cycle complete: 475s, up_stops=['-2', '-1', '0'], down_stops=['10', '8', '6', '4', '2', '0', '-1', '-2']
2026-10-10 12:05:32 [INFO] detector: AutoLearner: suggestion from 4063 cycles (consistency=0.00, cv=0.219)
2026-10-10 12:05:33 [INFO] detector: Config updated remotely (keys=['SHABBAT_DETECTOR'])
2026-10-10 12:06:03 [INFO] detector: Config updated remotely (keys=['SHABBAT_DETECTOR'])
2026-10-10 12:12:08 [INFO] shabbat_detector.hebcal_gate: Hebcal refreshed: 2 start(s), 1 end(s) (geo=281184, diaspora=True)
2026-10-10 12:13:23 [INFO] shabbat_detector.cycle_analyzer: Cycle complete: 473s, up_stops=['-1', '0'], down_stops=['10', '8', '6', '4', '2', '0', '-1', '-2']
2026-10-10 12:13:23 [INFO] detector: AutoLearner: suggestion from 4064 cycles (consistency=0.00, cv=0.219)
2026-10-10 12:13:24 [INFO] detector: Config updated remotely (keys=['SHABBAT_DETECTOR'])
2026-10-10 12:15:54 [INFO] detector: Config updated remotely (keys=['SHABBAT_DETECTOR'])
2026-10-10 12:21:16 [INFO] shabbat_detector.cycle_analyzer: Cycle complete: 472s, up_stops=['-1', '0'], down_stops=['10', '8', '7', '4', '2', '0', '-1', '-2']
2026-10-10 12:21:16 [INFO] detector: AutoLearner: suggestion from 4065 cycles (consistency=0.00, cv=0.219)
2026-10-10 12:21:21 [INFO] detector: Config updated remotely (keys=['SHABBAT_DETECTOR'])
2026-10-10 12:22:09 [INFO] shabbat_detector.hebcal_gate: Hebcal refreshed: 2 start(s), 1 end(s) (geo=281184, diaspora=True)
2026-10-10 12:23:21 [INFO] detector: Config updated remotely (keys=['SHABBAT_DETECTOR'])
2026-10-10 12:29:08 [INFO] shabbat_detector.cycle_analyzer: Cycle complete: 473s, up_stops=['-1', '0'], down_stops=['10', '8', '7', '4', '2', '0', '-1', '-2']
2026-10-10 12:29:08 [INFO] detector: AutoLearner: suggestion from 4066 cycles (consistency=0.00, cv=0.219)
2026-10-10 12:29:10 [INFO] detector: Config updated remotely (keys=['SHABBAT_DETECTOR'])
2026-10-10 12:29:39 [INFO] detector: Config updated remotely (keys=['SHABBAT_DETECTOR'])
2026-10-10 12:32:12 [INFO] shabbat_detector.hebcal_gate: Hebcal refreshed: 2 start(s), 1 end(s) (geo=281184, diaspora=True)
2026-10-10 12:37:03 [INFO] shabbat_detector.cycle_analyzer: Cycle complete: 474s, up_stops=['-2', '-1', '0'], down_stops=['10', '8', '7', '4', '2', '0', '-1', '-2']
2026-10-10 12:37:03 [INFO] detector: AutoLearner: suggestion from 4067 cycles (consistency=0.00, cv=0.219)
2026-10-10 12:37:03 [INFO] detector: Config updated remotely (keys=['SHABBAT_DETECTOR'])
2026-10-10 12:39:03 [INFO] detector: Config updated remotely (keys=['SHABBAT_DETECTOR'])
2026-10-10 12:42:14 [INFO] shabbat_detector.hebcal_gate: Hebcal refreshed: 2 start(s), 1 end(s) (geo=281184, diaspora=True)
2026-10-10 12:44:55 [INFO] shabbat_detector.cycle_analyzer: Cycle complete: 473s, up_stops=['-2', '-1', '0'], down_stops=['10', '8', '6', '4', '2', '0', '-1']
2026-10-10 12:44:56 [INFO] detector: AutoLearner: suggestion from 4068 cycles (consistency=0.00, cv=0.219)
2026-10-10 12:44:56 [INFO] detector: Config updated remotely (keys=['SHABBAT_DETECTOR'])
2026-10-10 12:44:56 [INFO] detector: Config updated remotely (keys=['SHABBAT_DETECTOR'])
2026-10-10 12:52:15 [INFO] shabbat_detector.hebcal_gate: Hebcal refreshed: 2 start(s), 1 end(s) (geo=281184, diaspora=True)
2026-10-10 12:52:51 [INFO] shabbat_detector.cycle_analyzer: Cycle complete: 475s, up_stops=['-2', '0'], down_stops=['10', '8', '6', '4', '2', '0', '-1', '-2']
2026-10-10 12:52:51 [INFO] detector: AutoLearner: suggestion from 4069 cycles (consistency=0.00, cv=0.219)
2026-10-10 12:52:51 [INFO] detector: Config updated remotely (keys=['SHABBAT_DETECTOR'])
2026-10-10 12:55:21 [INFO] detector: Config updated remotely (keys=['SHABBAT_DETECTOR'])
2026-10-10 13:00:44 [INFO] shabbat_detector.cycle_analyzer: Cycle complete: 474s, up_stops=['-1', '0'], down_stops=['10', '8', '6', '4', '2', '0', '-1', '-2']
2026-10-10 13:00:45 [INFO] detector: AutoLearner: suggestion from 4070 cycles (consistency=0.00, cv=0.219)
2026-10-10 13:00:46 [INFO] detector: Config updated remotely (keys=['SHABBAT_DETECTOR'])
2026-10-10 13:01:15 [INFO] detector: Config updated remotely (keys=['SHABBAT_DETECTOR'])
2026-10-10 13:02:22 [INFO] shabbat_detector.hebcal_gate: Hebcal refreshed: 2 start(s), 1 end(s) (geo=281184, diaspora=True)
2026-10-10 13:08:39 [INFO] shabbat_detector.cycle_analyzer: Cycle complete: 473s, up_stops=['-1', '0'], down_stops=['10', '8', '6', '4', '3', '0', '-1', '-2']
2026-10-10 13:08:39 [INFO] detector: AutoLearner: suggestion from 4071 cycles (consistency=0.00, cv=0.219)
2026-10-10 13:08:40 [INFO] detector: Config updated remotely (keys=['SHABBAT_DETECTOR'])
2026-10-10 13:10:40 [INFO] detector: Config updated remotely (keys=['SHABBAT_DETECTOR'])
2026-10-10 13:12:24 [INFO] shabbat_detector.hebcal_gate: Hebcal refreshed: 2 start(s), 1 end(s) (geo=281184, diaspora=True)
2026-10-10 13:16:33 [INFO] shabbat_detector.cycle_analyzer: Cycle complete: 475s, up_stops=['-2', '-1', '0'], down_stops=['10', '8', '7', '4', '2', '0', '-1', '-2']
2026-10-10 13:16:34 [INFO] detector: AutoLearner: suggestion from 4072 cycles (consistency=0.00, cv=0.219)
2026-10-10 13:16:34 [INFO] detector: Config updated remotely (keys=['SHABBAT_DETECTOR'])
2026-10-10 13:18:04 [INFO] detector: Config updated remotely (keys=['SHABBAT_DETECTOR'])
2026-10-10 13:22:25 [INFO] shabbat_detector.hebcal_gate: Hebcal refreshed: 2 start(s), 1 end(s) (geo=281184, diaspora=True)
2026-10-10 13:24:28 [INFO] shabbat_detector.cycle_analyzer: Cycle complete: 476s, up_stops=['-2', '-1', '0'], down_stops=['10', '8', '6', '4', '3', '1', '0', '-1', '-2']
2026-10-10 13:24:29 [INFO] detector: AutoLearner: suggestion from 4073 cycles (consistency=0.00, cv=0.219)
2026-10-10 13:24:30 [INFO] detector: Config updated remotely (keys=['SHABBAT_DETECTOR'])
2026-10-10 13:25:29 [INFO] detector: Config updated remotely (keys=['SHABBAT_DETECTOR'])
2026-10-10 13:32:22 [INFO] shabbat_detector.cycle_analyzer: Cycle complete: 474s, up_stops=['-1', '0'], down_stops=['10', '8', '6', '4', '2', '0', '-1', '-2']
2026-10-10 13:32:22 [INFO] detector: AutoLearner: suggestion from 4074 cycles (consistency=0.00, cv=0.219)
2026-10-10 13:32:24 [INFO] detector: Config updated remotely (keys=['SHABBAT_DETECTOR'])
2026-10-10 13:32:26 [INFO] shabbat_detector.hebcal_gate: Hebcal refreshed: 2 start(s), 1 end(s) (geo=281184, diaspora=True)
2026-10-10 13:33:23 [INFO] detector: Config updated remotely (keys=['SHABBAT_DETECTOR'])
2026-10-10 13:40:16 [INFO] shabbat_detector.cycle_analyzer: Cycle complete: 473s, up_stops=['-2', '-1', '0'], down_stops=['10', '8', '7', '4', '2', '0', '-1', '-2']
2026-10-10 13:40:17 [INFO] detector: AutoLearner: suggestion from 4075 cycles (consistency=0.00, cv=0.219)
2026-10-10 13:40:18 [INFO] detector: Config updated remotely (keys=['SHABBAT_DETECTOR'])
2026-10-10 13:40:47 [INFO] detector: Config updated remotely (keys=['SHABBAT_DETECTOR'])
2026-10-10 13:42:28 [INFO] shabbat_detector.hebcal_gate: Hebcal refreshed: 2 start(s), 1 end(s) (geo=281184, diaspora=True)
2026-10-10 13:48:10 [INFO] shabbat_detector.cycle_analyzer: Cycle complete: 474s, up_stops=['-2', '0'], down_stops=['10', '8', '7', '4', '2', '0', '-1', '-2']
2026-10-10 13:48:11 [INFO] detector: AutoLearner: suggestion from 4076 cycles (consistency=0.00, cv=0.219)
2026-10-10 13:48:12 [INFO] detector: Config updated remotely (keys=['SHABBAT_DETECTOR'])
2026-10-10 13:50:11 [INFO] detector: Config updated remotely (keys=['SHABBAT_DETECTOR'])
2026-10-10 13:52:30 [INFO] shabbat_detector.hebcal_gate: Hebcal refreshed: 2 start(s), 1 end(s) (geo=281184, diaspora=True)
2026-10-10 13:56:04 [INFO] shabbat_detector.cycle_analyzer: Cycle complete: 474s, up_stops=['-2', '-1', '0'], down_stops=['10', '8', '6', '4', '2', '0', '-1', '-2']
2026-10-10 13:56:05 [INFO] detector: AutoLearner: suggestion from 4077 cycles (consistency=0.00, cv=0.219)
2026-10-10 13:56:06 [INFO] detector: Config updated remotely (keys=['SHABBAT_DETECTOR'])
2026-10-10 13:57:35 [INFO] detector: Config updated remotely (keys=['SHABBAT_DETECTOR'])
2026-10-10 14:02:31 [INFO] shabbat_detector.hebcal_gate: Hebcal refreshed: 2 start(s), 1 end(s) (geo=281184, diaspora=True)
2026-10-10 14:03:58 [INFO] shabbat_detector.cycle_analyzer: Cycle complete: 473s, up_stops=['-1', '0'], down_stops=['10', '8', '7', '4', '3', '0', '-1', '-2']
2026-10-10 14:03:58 [INFO] detector: AutoLearner: suggestion from 4078 cycles (consistency=0.00, cv=0.219)
2026-10-10 14:04:00 [INFO] detector: Config updated remotely (keys=['SHABBAT_DETECTOR'])
2026-10-10 14:04:29 [INFO] detector: Config updated remotely (keys=['SHABBAT_DETECTOR'])
2026-10-10 14:11:51 [INFO] shabbat_detector.cycle_analyzer: Cycle complete: 474s, up_stops=['-2', '0'], down_stops=['10', '8', '7', '4', '2', '0', '-1', '-2']
2026-10-10 14:11:52 [INFO] detector: AutoLearner: suggestion from 4079 cycles (consistency=0.00, cv=0.219)
2026-10-10 14:11:52 [INFO] detector: Config updated remotely (keys=['SHABBAT_DETECTOR'])
2026-10-10 14:12:32 [INFO] shabbat_detector.hebcal_gate: Hebcal refreshed: 2 start(s), 1 end(s) (geo=281184, diaspora=True)
2026-10-10 14:13:22 [INFO] detector: Config updated remotely (keys=['SHABBAT_DETECTOR'])
2026-10-10 14:19:44 [INFO] shabbat_detector.cycle_analyzer: Cycle complete: 473s, up_stops=['-2', '-1', '0'], down_stops=['10', '8', '6', '4', '3', '0', '-1', '-2']
2026-10-10 14:19:45 [INFO] detector: AutoLearner: suggestion from 4080 cycles (consistency=0.00, cv=0.219)
2026-10-10 14:19:45 [INFO] detector: Config updated remotely (keys=['SHABBAT_DETECTOR'])
2026-10-10 14:20:45 [INFO] detector: Config updated remotely (keys=['SHABBAT_DETECTOR'])
2026-10-10 14:22:34 [INFO] shabbat_detector.hebcal_gate: Hebcal refreshed: 2 start(s), 1 end(s) (geo=281184, diaspora=True)
2026-10-10 14:27:37 [INFO] shabbat_detector.cycle_analyzer: Cycle complete: 473s, up_stops=['-2', '-1', '0'], down_stops=['10', '8', '7', '4', '3', '0', '-1', '-2']
2026-10-10 14:27:38 [INFO] detector: AutoLearner: suggestion from 4081 cycles (consistency=0.00, cv=0.219)
2026-10-10 14:27:38 [INFO] detector: Config updated remotely (keys=['SHABBAT_DETECTOR'])
2026-10-10 14:28:08 [INFO] detector: Config updated remotely (keys=['SHABBAT_DETECTOR'])
2026-10-10 14:32:35 [INFO] shabbat_detector.hebcal_gate: Hebcal refreshed: 2 start(s), 1 end(s) (geo=281184, diaspora=True)
2026-10-10 14:35:30 [INFO] shabbat_detector.cycle_analyzer: Cycle complete: 472s, up_stops=['-2', '-1', '0'], down_stops=['10', '8', '7', '4', '2', '0', '-1', '-2']
2026-10-10 14:35:30 [INFO] detector: AutoLearner: suggestion from 4082 cycles (consistency=0.00, cv=0.219)
2026-10-10 14:35:31 [INFO] detector: Config updated remotely (keys=['SHABBAT_DETECTOR'])
2026-10-10 14:37:31 [INFO] detector: Config updated remotely (keys=['SHABBAT_DETECTOR'])
2026-10-10 14:42:37 [INFO] shabbat_detector.hebcal_gate: Hebcal refreshed: 2 start(s), 1 end(s) (geo=281184, diaspora=True)
2026-10-10 14:43:23 [INFO] shabbat_detector.cycle_analyzer: Cycle complete: 475s, up_stops=['-1', '0'], down_stops=['10', '8', '6', '4', '2', '0', '-1', '-2']
2026-10-10 14:43:23 [INFO] detector: AutoLearner: suggestion from 4083 cycles (consistency=0.00, cv=0.219)
2026-10-10 14:43:25 [INFO] detector: Config updated remotely (keys=['SHABBAT_DETECTOR'])
2026-10-10 14:44:54 [INFO] detector: Config updated remotely (keys=['SHABBAT_DETECTOR'])
2026-10-10 14:51:18 [INFO] shabbat_detector.cycle_analyzer: Cycle complete: 474s, up_stops=['-1', '0'], down_stops=['10', '8', '7', '4', '2', '0', '-1', '-2']
2026-10-10 14:51:18 [INFO] detector: AutoLearner: suggestion from 4084 cycles (consistency=0.00, cv=0.219)
2026-10-10 14:51:19 [INFO] detector: Config updated remotely (keys=['SHABBAT_DETECTOR'])
2026-10-10 14:51:49 [INFO] detector: Config updated remotely (keys=['SHABBAT_DETECTOR'])
2026-10-10 14:52:38 [INFO] shabbat_detector.hebcal_gate: Hebcal refreshed: 2 start(s), 1 end(s) (geo=281184, diaspora=True)
2026-10-10 14:59:12 [INFO] shabbat_detector.cycle_analyzer: Cycle complete: 474s, up_stops=['-2', '-1', '0'], down_stops=['10', '8', '6', '4', '3', '0', '-1', '-2']
2026-10-10 14:59:12 [INFO] detector: AutoLearner: suggestion from 4085 cycles (consistency=0.00, cv=0.219)
2026-10-10 14:59:12 [INFO] detector: Config updated remotely (keys=['SHABBAT_DETECTOR'])
2026-10-10 15:01:13 [INFO] detector: Config updated remotely (keys=['SHABBAT_DETECTOR'])
2026-10-10 15:02:39 [INFO] shabbat_detector.hebcal_gate: Hebcal refreshed: 2 start(s), 1 end(s) (geo=281184, diaspora=True)
2026-10-10 15:07:07 [INFO] shabbat_detector.cycle_analyzer: Cycle complete: 475s, up_stops=['-2', '-1', '0'], down_stops=['10', '8', '6', '4', '3', '0', '-1', '-2']
2026-10-10 15:07:07 [INFO] detector: AutoLearner: suggestion from 4086 cycles (consistency=0.00, cv=0.219)
2026-10-10 15:07:07 [INFO] detector: Config updated remotely (keys=['SHABBAT_DETECTOR'])
2026-10-10 15:08:38 [INFO] detector: Config updated remotely (keys=['SHABBAT_DETECTOR'])
2026-10-10 15:12:41 [INFO] shabbat_detector.hebcal_gate: Hebcal refreshed: 2 start(s), 1 end(s) (geo=281184, diaspora=True)
2026-10-10 15:15:01 [INFO] shabbat_detector.cycle_analyzer: Cycle complete: 474s, up_stops=['-2', '-1', '0'], down_stops=['10', '8', '7', '4', '3', '0', '-1', '-2']
2026-10-10 15:15:02 [INFO] detector: AutoLearner: suggestion from 4087 cycles (consistency=0.00, cv=0.219)
2026-10-10 15:15:02 [INFO] detector: Config updated remotely (keys=['SHABBAT_DETECTOR'])
2026-10-10 15:16:02 [INFO] detector: Config updated remotely (keys=['SHABBAT_DETECTOR'])
2026-10-10 15:22:43 [INFO] shabbat_detector.hebcal_gate: Hebcal refreshed: 2 start(s), 1 end(s) (geo=281184, diaspora=True)
2026-10-10 15:22:57 [INFO] shabbat_detector.cycle_analyzer: Cycle complete: 475s, up_stops=['-2', '-1', '0'], down_stops=['10', '8', '6', '4', '2', '0', '-1', '-2']
2026-10-10 15:22:57 [INFO] detector: AutoLearner: suggestion from 4088 cycles (consistency=0.00, cv=0.219)
2026-10-10 15:22:59 [INFO] detector: Config updated remotely (keys=['SHABBAT_DETECTOR'])
2026-10-10 15:24:28 [INFO] detector: Config updated remotely (keys=['SHABBAT_DETECTOR'])
2026-10-10 15:30:50 [INFO] shabbat_detector.cycle_analyzer: Cycle complete: 475s, up_stops=['-1', '0'], down_stops=['10', '8', '6', '4', '2', '0', '-1', '-2']
2026-10-10 15:30:51 [INFO] detector: AutoLearner: suggestion from 4089 cycles (consistency=0.00, cv=0.219)
2026-10-10 15:30:52 [INFO] detector: Config updated remotely (keys=['SHABBAT_DETECTOR'])
2026-10-10 15:32:21 [INFO] detector: Config updated remotely (keys=['SHABBAT_DETECTOR'])
2026-10-10 15:32:44 [INFO] shabbat_detector.hebcal_gate: Hebcal refreshed: 2 start(s), 1 end(s) (geo=281184, diaspora=True)
2026-10-10 15:38:47 [INFO] shabbat_detector.cycle_analyzer: Cycle complete: 475s, up_stops=['-2', '-1', '0'], down_stops=['10', '8', '6', '4', '3', '0', '-1', '-2']
2026-10-10 15:38:47 [INFO] detector: AutoLearner: suggestion from 4090 cycles (consistency=0.00, cv=0.219)
2026-10-10 15:38:48 [INFO] detector: Config updated remotely (keys=['SHABBAT_DETECTOR'])
2026-10-10 15:39:17 [INFO] detector: Config updated remotely (keys=['SHABBAT_DETECTOR'])
2026-10-10 15:42:45 [INFO] shabbat_detector.hebcal_gate: Hebcal refreshed: 2 start(s), 1 end(s) (geo=281184, diaspora=True)
2026-10-10 15:46:37 [INFO] shabbat_detector.cycle_analyzer: Cycle complete: 472s, up_stops=['-1', '0'], down_stops=['10', '8', '6', '4', '2', '0', '-1', '-2']
2026-10-10 15:46:37 [INFO] detector: AutoLearner: suggestion from 4091 cycles (consistency=0.00, cv=0.219)
2026-10-10 15:46:38 [INFO] detector: Config updated remotely (keys=['SHABBAT_DETECTOR'])
2026-10-10 15:48:37 [INFO] detector: Config updated remotely (keys=['SHABBAT_DETECTOR'])
2026-10-10 15:52:46 [INFO] shabbat_detector.hebcal_gate: Hebcal refreshed: 2 start(s), 1 end(s) (geo=281184, diaspora=True)
2026-10-10 15:54:29 [INFO] shabbat_detector.cycle_analyzer: Cycle complete: 471s, up_stops=['-1', '0'], down_stops=['10', '8', '7', '4', '2', '0', '-1', '-2']
2026-10-10 15:54:30 [INFO] detector: AutoLearner: suggestion from 4092 cycles (consistency=0.00, cv=0.219)
2026-10-10 15:54:31 [INFO] detector: Config updated remotely (keys=['SHABBAT_DETECTOR'])
2026-10-10 15:55:31 [INFO] detector: Config updated remotely (keys=['SHABBAT_DETECTOR'])
2026-10-10 16:02:22 [INFO] shabbat_detector.cycle_analyzer: Cycle complete: 474s, up_stops=['-2', '-1', '0'], down_stops=['10', '8', '6', '4', '2', '0', '-1', '-2']
2026-10-10 16:02:22 [INFO] detector: AutoLearner: suggestion from 4093 cycles (consistency=0.00, cv=0.219)
2026-10-10 16:02:23 [INFO] detector: Config updated remotely (keys=['SHABBAT_DETECTOR'])
2026-10-10 16:02:48 [INFO] shabbat_detector.hebcal_gate: Hebcal refreshed: 2 start(s), 1 end(s) (geo=281184, diaspora=True)
2026-10-10 16:03:22 [INFO] detector: Config updated remotely (keys=['SHABBAT_DETECTOR'])
2026-10-10 16:10:18 [INFO] shabbat_detector.cycle_analyzer: Cycle complete: 476s, up_stops=['-1', '0'], down_stops=['10', '8', '6', '4', '3', '0', '-1', '-2']
2026-10-10 16:10:19 [INFO] detector: AutoLearner: suggestion from 4094 cycles (consistency=0.00, cv=0.219)
2026-10-10 16:10:19 [INFO] detector: Config updated remotely (keys=['SHABBAT_DETECTOR'])
2026-10-10 16:12:19 [INFO] detector: Config updated remotely (keys=['SHABBAT_DETECTOR'])
2026-10-10 16:12:50 [INFO] shabbat_detector.hebcal_gate: Hebcal refreshed: 2 start(s), 1 end(s) (geo=281184, diaspora=True)
2026-10-10 16:18:11 [INFO] shabbat_detector.cycle_analyzer: Cycle complete: 474s, up_stops=['-1', '0'], down_stops=['10', '8', '6', '4', '2', '0', '-2']
2026-10-10 16:18:12 [INFO] detector: AutoLearner: suggestion from 4095 cycles (consistency=0.00, cv=0.219)
2026-10-10 16:18:13 [INFO] detector: Config updated remotely (keys=['SHABBAT_DETECTOR'])
2026-10-10 16:19:42 [INFO] detector: Config updated remotely (keys=['SHABBAT_DETECTOR'])
2026-10-10 16:22:51 [INFO] shabbat_detector.hebcal_gate: Hebcal refreshed: 2 start(s), 1 end(s) (geo=281184, diaspora=True)
2026-10-10 16:26:04 [INFO] shabbat_detector.cycle_analyzer: Cycle complete: 472s, up_stops=['-1', '0'], down_stops=['10', '8', '6', '4', '3', '0', '-1', '-2']
2026-10-10 16:26:05 [INFO] detector: AutoLearner: suggestion from 4096 cycles (consistency=0.00, cv=0.219)
2026-10-10 16:26:06 [INFO] detector: Config updated remotely (keys=['SHABBAT_DETECTOR'])
2026-10-10 16:26:35 [INFO] detector: Config updated remotely (keys=['SHABBAT_DETECTOR'])
2026-10-10 16:32:57 [INFO] shabbat_detector.hebcal_gate: Hebcal refreshed: 2 start(s), 1 end(s) (geo=281184, diaspora=True)
2026-10-10 16:33:57 [INFO] shabbat_detector.cycle_analyzer: Cycle complete: 474s, up_stops=['-1', '0'], down_stops=['10', '8', '6', '4', '2', '0', '-1', '-2']
2026-10-10 16:33:58 [INFO] detector: AutoLearner: suggestion from 4097 cycles (consistency=0.00, cv=0.219)
2026-10-10 16:33:59 [INFO] detector: Config updated remotely (keys=['SHABBAT_DETECTOR'])
2026-10-10 16:35:58 [INFO] detector: Config updated remotely (keys=['SHABBAT_DETECTOR'])
2026-10-10 16:41:52 [INFO] shabbat_detector.cycle_analyzer: Cycle complete: 473s, up_stops=['-1', '0'], down_stops=['10', '8', '6', '4', '3', '0', '-1', '-2']
2026-10-10 16:41:52 [INFO] detector: AutoLearner: suggestion from 4098 cycles (consistency=0.00, cv=0.219)
2026-10-10 16:41:53 [INFO] detector: Config updated remotely (keys=['SHABBAT_DETECTOR'])
2026-10-10 16:42:53 [INFO] detector: Config updated remotely (keys=['SHABBAT_DETECTOR'])
2026-10-10 16:42:58 [INFO] shabbat_detector.hebcal_gate: Hebcal refreshed: 2 start(s), 1 end(s) (geo=281184, diaspora=True)
2026-10-10 16:49:46 [INFO] shabbat_detector.cycle_analyzer: Cycle complete: 474s, up_stops=['-1', '0'], down_stops=['10', '8', '6', '4', '2', '0', '-2']
2026-10-10 16:49:47 [INFO] detector: AutoLearner: suggestion from 4099 cycles (consistency=0.00, cv=0.220)
2026-10-10 16:49:47 [INFO] detector: Config updated remotely (keys=['SHABBAT_DETECTOR'])
2026-10-10 16:50:17 [INFO] detector: Config updated remotely (keys=['SHABBAT_DETECTOR'])
2026-10-10 16:52:59 [INFO] shabbat_detector.hebcal_gate: Hebcal refreshed: 2 start(s), 1 end(s) (geo=281184, diaspora=True)
2026-10-10 16:57:39 [INFO] shabbat_detector.cycle_analyzer: Cycle complete: 472s, up_stops=['-2', '-1', '0'], down_stops=['10', '8', '6', '4', '2', '0', '-1', '-2']
2026-10-10 16:57:39 [INFO] detector: AutoLearner: suggestion from 4100 cycles (consistency=0.00, cv=0.219)
2026-10-10 16:57:40 [INFO] detector: Config updated remotely (keys=['SHABBAT_DETECTOR'])
2026-10-10 16:58:09 [INFO] detector: Config updated remotely (keys=['SHABBAT_DETECTOR'])
2026-10-10 17:03:01 [INFO] shabbat_detector.hebcal_gate: Hebcal refreshed: 2 start(s), 1 end(s) (geo=281184, diaspora=True)
2026-10-10 17:05:32 [INFO] shabbat_detector.cycle_analyzer: Cycle complete: 474s, up_stops=['-2', '-1', '0'], down_stops=['10', '8', '6', '4', '2', '0', '-1', '-2']
2026-10-10 17:05:32 [INFO] detector: AutoLearner: suggestion from 4101 cycles (consistency=0.00, cv=0.219)
2026-10-10 17:05:34 [INFO] detector: Config updated remotely (keys=['SHABBAT_DETECTOR'])
2026-10-10 17:06:04 [INFO] detector: Config updated remotely (keys=['SHABBAT_DETECTOR'])
2026-10-10 17:13:05 [INFO] shabbat_detector.hebcal_gate: Hebcal refreshed: 2 start(s), 1 end(s) (geo=281184, diaspora=True)
2026-10-10 17:13:27 [INFO] shabbat_detector.cycle_analyzer: Cycle complete: 475s, up_stops=['-2', '-1', '0'], down_stops=['10', '8', '6', '4', '2', '0', '-1', '-2']
2026-10-10 17:13:28 [INFO] detector: AutoLearner: suggestion from 4102 cycles (consistency=0.00, cv=0.219)
2026-10-10 17:13:29 [INFO] detector: Config updated remotely (keys=['SHABBAT_DETECTOR'])
2026-10-10 17:15:58 [INFO] detector: Config updated remotely (keys=['SHABBAT_DETECTOR'])
2026-10-10 17:21:21 [INFO] shabbat_detector.cycle_analyzer: Cycle complete: 474s, up_stops=['-1', '0'], down_stops=['10', '8', '7', '4', '2', '0', '-1', '-2']
2026-10-10 17:21:22 [INFO] detector: AutoLearner: suggestion from 4103 cycles (consistency=0.00, cv=0.219)
2026-10-10 17:21:23 [INFO] detector: Config updated remotely (keys=['SHABBAT_DETECTOR'])
2026-10-10 17:22:52 [INFO] detector: Config updated remotely (keys=['SHABBAT_DETECTOR'])
2026-10-10 17:23:06 [INFO] shabbat_detector.hebcal_gate: Hebcal refreshed: 2 start(s), 1 end(s) (geo=281184, diaspora=True)
2026-10-10 17:29:14 [INFO] shabbat_detector.cycle_analyzer: Cycle complete: 474s, up_stops=['-2', '-1', '0'], down_stops=['10', '8', '7', '4', '2', '0', '-1', '-2']
2026-10-10 17:29:15 [INFO] detector: AutoLearner: suggestion from 4104 cycles (consistency=0.00, cv=0.219)
2026-10-10 17:29:15 [INFO] detector: Config updated remotely (keys=['SHABBAT_DETECTOR'])
2026-10-10 17:30:15 [INFO] detector: Config updated remotely (keys=['SHABBAT_DETECTOR'])
2026-10-10 17:33:07 [INFO] shabbat_detector.hebcal_gate: Hebcal refreshed: 2 start(s), 1 end(s) (geo=281184, diaspora=True)
2026-10-10 17:37:08 [INFO] shabbat_detector.cycle_analyzer: Cycle complete: 473s, up_stops=['-2', '0'], down_stops=['10', '8', '6', '4', '2', '0', '-1', '-2']
2026-10-10 17:37:08 [INFO] detector: AutoLearner: suggestion from 4105 cycles (consistency=0.00, cv=0.220)
2026-10-10 17:37:10 [INFO] detector: Config updated remotely (keys=['SHABBAT_DETECTOR'])
2026-10-10 17:38:09 [INFO] detector: Config updated remotely (keys=['SHABBAT_DETECTOR'])
2026-10-10 17:43:09 [INFO] shabbat_detector.hebcal_gate: Hebcal refreshed: 2 start(s), 1 end(s) (geo=281184, diaspora=True)
2026-10-10 17:45:01 [INFO] shabbat_detector.cycle_analyzer: Cycle complete: 473s, up_stops=['-2', '-1', '0'], down_stops=['10', '8', '6', '4', '3', '0', '-1', '-2']
2026-10-10 17:45:01 [INFO] detector: AutoLearner: suggestion from 4106 cycles (consistency=0.00, cv=0.220)
2026-10-10 17:45:03 [INFO] detector: Config updated remotely (keys=['SHABBAT_DETECTOR'])
2026-10-10 17:45:32 [INFO] detector: Config updated remotely (keys=['SHABBAT_DETECTOR'])
2026-10-10 17:52:55 [INFO] shabbat_detector.cycle_analyzer: Cycle complete: 474s, up_stops=['-1', '0'], down_stops=['10', '8', '6', '4', '2', '0', '-1', '-2']
2026-10-10 17:52:56 [INFO] detector: AutoLearner: suggestion from 4107 cycles (consistency=0.00, cv=0.219)
2026-10-10 17:52:56 [INFO] detector: Config updated remotely (keys=['SHABBAT_DETECTOR'])
2026-10-10 17:53:10 [INFO] shabbat_detector.hebcal_gate: Hebcal refreshed: 2 start(s), 1 end(s) (geo=281184, diaspora=True)
2026-10-10 17:54:56 [INFO] detector: Config updated remotely (keys=['SHABBAT_DETECTOR'])
2026-10-10 18:00:51 [INFO] shabbat_detector.cycle_analyzer: Cycle complete: 476s, up_stops=['-1', '0'], down_stops=['10', '8', '6', '4', '2', '0', '-1', '-2']
2026-10-10 18:00:51 [INFO] detector: AutoLearner: suggestion from 4108 cycles (consistency=0.00, cv=0.219)
2026-10-10 18:00:52 [INFO] detector: Config updated remotely (keys=['SHABBAT_DETECTOR'])
2026-10-10 18:02:22 [INFO] detector: Config updated remotely (keys=['SHABBAT_DETECTOR'])
2026-10-10 18:03:11 [INFO] shabbat_detector.hebcal_gate: Hebcal refreshed: 2 start(s), 1 end(s) (geo=281184, diaspora=True)
2026-10-10 18:08:42 [INFO] shabbat_detector.cycle_analyzer: Cycle complete: 470s, up_stops=['-2', '-1', '0'], down_stops=['10', '8', '7', '4', '2', '0', '-1', '-2']
2026-10-10 18:08:42 [INFO] detector: AutoLearner: suggestion from 4109 cycles (consistency=0.00, cv=0.219)
2026-10-10 18:08:43 [INFO] detector: Config updated remotely (keys=['SHABBAT_DETECTOR'])
2026-10-10 18:09:42 [INFO] detector: Config updated remotely (keys=['SHABBAT_DETECTOR'])
2026-10-10 18:13:13 [INFO] shabbat_detector.hebcal_gate: Hebcal refreshed: 2 start(s), 1 end(s) (geo=281184, diaspora=True)
2026-10-10 18:16:37 [INFO] shabbat_detector.cycle_analyzer: Cycle complete: 476s, up_stops=['-2', '-1', '0'], down_stops=['10', '8', '6', '4', '2', '0', '-1', '-2']
2026-10-10 18:16:37 [INFO] detector: AutoLearner: suggestion from 4110 cycles (consistency=0.00, cv=0.219)
2026-10-10 18:16:37 [INFO] detector: Config updated remotely (keys=['SHABBAT_DETECTOR'])
2026-10-10 18:17:37 [INFO] detector: Config updated remotely (keys=['SHABBAT_DETECTOR'])
2026-10-10 18:23:15 [INFO] shabbat_detector.hebcal_gate: Hebcal refreshed: 2 start(s), 1 end(s) (geo=281184, diaspora=True)
2026-10-10 18:24:31 [INFO] shabbat_detector.cycle_analyzer: Cycle complete: 475s, up_stops=['-2', '0'], down_stops=['10', '8', '6', '4', '2', '0', '-1', '-2']
2026-10-10 18:24:31 [INFO] detector: AutoLearner: suggestion from 4111 cycles (consistency=0.00, cv=0.220)
2026-10-10 18:24:33 [INFO] detector: Config updated remotely (keys=['SHABBAT_DETECTOR'])
2026-10-10 18:25:02 [INFO] detector: Config updated remotely (keys=['SHABBAT_DETECTOR'])
2026-10-10 18:32:25 [INFO] shabbat_detector.cycle_analyzer: Cycle complete: 473s, up_stops=['-2', '-1', '0'], down_stops=['10', '8', '6', '4', '2', '0', '-1', '-2']
2026-10-10 18:32:26 [INFO] detector: AutoLearner: suggestion from 4112 cycles (consistency=0.00, cv=0.220)
2026-10-10 18:32:27 [INFO] detector: Config updated remotely (keys=['SHABBAT_DETECTOR'])
2026-10-10 18:33:16 [INFO] shabbat_detector.hebcal_gate: Hebcal refreshed: 2 start(s), 1 end(s) (geo=281184, diaspora=True)
2026-10-10 18:34:56 [INFO] detector: Config updated remotely (keys=['SHABBAT_DETECTOR'])
2026-10-10 18:40:19 [INFO] shabbat_detector.cycle_analyzer: Cycle complete: 474s, up_stops=['-1', '0'], down_stops=['10', '8', '7', '4', '2', '0', '-1', '-2']
2026-10-10 18:40:20 [INFO] detector: AutoLearner: suggestion from 4113 cycles (consistency=0.00, cv=0.220)
2026-10-10 18:40:21 [INFO] detector: Config updated remotely (keys=['SHABBAT_DETECTOR'])
2026-10-10 18:42:20 [INFO] detector: Config updated remotely (keys=['SHABBAT_DETECTOR'])
2026-10-10 18:43:18 [INFO] shabbat_detector.hebcal_gate: Hebcal refreshed: 2 start(s), 1 end(s) (geo=281184, diaspora=True)
2026-10-10 18:48:10 [INFO] shabbat_detector.cycle_analyzer: Cycle complete: 473s, up_stops=['-2', '-1', '0'], down_stops=['10', '8', '6', '4', '2', '0', '-1', '-2']
2026-10-10 18:48:11 [INFO] detector: AutoLearner: suggestion from 4114 cycles (consistency=0.00, cv=0.219)
2026-10-10 18:48:12 [INFO] detector: Config updated remotely (keys=['SHABBAT_DETECTOR'])
2026-10-10 18:49:41 [INFO] detector: Config updated remotely (keys=['SHABBAT_DETECTOR'])
2026-10-10 18:53:20 [INFO] shabbat_detector.hebcal_gate: Hebcal refreshed: 2 start(s), 1 end(s) (geo=281184, diaspora=True)
2026-10-10 18:55:59 [INFO] shabbat_detector.fsm: [D] DetectorState.SHABBAT → DetectorState.CANDIDATE_EXIT
2026-10-10 18:55:59 [INFO] detector: SHABBAT TRANSITION SHABBAT -> CANDIDATE_EXIT | סיבה: 2 חריגות תוך 10 דקות - ממתין לאישור יציאה
2026-10-10 18:57:00 [INFO] detector: Config updated remotely (keys=['SHABBAT_DETECTOR'])
2026-10-10 19:03:21 [INFO] shabbat_detector.hebcal_gate: Hebcal refreshed: 2 start(s), 1 end(s) (geo=281184, diaspora=True)
2026-10-10 19:06:00 [INFO] shabbat_detector.fsm: [D] DetectorState.CANDIDATE_EXIT → DetectorState.NORMAL
2026-10-10 19:06:00 [INFO] detector: SHABBAT TRANSITION CANDIDATE_EXIT -> NORMAL | סיבה: יציאה ממצב שבת - 9 חריגות תוך 10 דקות
2026-10-10 19:08:31 [INFO] detector: Config updated remotely (keys=['SHABBAT_DETECTOR', 'SHABBAT_ACTIVE'])
2026-10-10 19:13:23 [INFO] shabbat_detector.hebcal_gate: Hebcal refreshed: 2 start(s), 1 end(s) (geo=281184, diaspora=True)
2026-10-10 19:16:02 [WARNING] shabbat_detector.firebase_client: Elevator stream reconnecting in 2s
2026-10-10 19:16:04 [INFO] shabbat_detector.firebase_client: SSE stream connecting: https://ramada-elev-default-rtdb.europe-west1.firebasedatabase.app/elevators/D.json
2026-10-10 19:16:08 [WARNING] shabbat_detector.firebase_client: Elevator stream error: HTTPSConnectionPool(host='ramada-elev-default-rtdb.europe-west1.firebasedatabase.app', port=443): Max retries exceeded with url: /elevators/D.json (Caused by SSLError(SSLEOFError(8, '[SSL: UNEXPECTED_EOF_WHILE_READING] EOF occurred in violation of protocol (_ssl.c:1029)')))
2026-10-10 19:16:08 [WARNING] shabbat_detector.firebase_client: Elevator stream reconnecting in 3s
2026-10-10 19:16:12 [INFO] shabbat_detector.firebase_client: SSE stream connecting: https://ramada-elev-default-rtdb.europe-west1.firebasedatabase.app/elevators/D.json
2026-10-10 19:23:35 [INFO] shabbat_detector.hebcal_gate: Hebcal refreshed: 2 start(s), 1 end(s) (geo=281184, diaspora=True)
2026-10-10 19:25:20 [INFO] shabbat_detector.cycle_analyzer: Cycle complete: 2238s, up_stops=['-1', '3', '-1', '2', '4', '-1', '2', '5', '-1', '1', '11'], down_stops=['10', '8', '6', '4', '2', '0', '-1', '0', '-1', '3', '8', '-1', '0', '3', '4', '7', '-1', '7', '0', '1', '7', '-1', '0', '2', '-2', '-1', '2', '7', '-1', '3', '-1', '0', '-1', '0', '5', '-1', '8', '11', '5', '3', '-1', '2', '-1', '4', '5', '-1', '4', '5', '4', '3', '-1', '2', '5', '6', '8', '6', '-1', '6', '11', '4', '3', '-1', '3', '-1', '6', '3', '-1', '4', '5', '11']
2026-10-10 19:25:20 [INFO] shabbat_detector.fsm: [D] DetectorState.NORMAL → DetectorState.CANDIDATE_SHABBAT
2026-10-10 19:25:20 [INFO] detector: SHABBAT TRANSITION NORMAL -> CANDIDATE_SHABBAT | סיבה: מחזור אפשרי החל - ממתין להשלמה
2026-10-10 19:25:20 [INFO] shabbat_detector.fsm: [D] DetectorState.CANDIDATE_SHABBAT → DetectorState.NORMAL
2026-10-10 19:25:20 [INFO] detector: SHABBAT TRANSITION CANDIDATE_SHABBAT -> NORMAL | סיבה: מחזור לא תאם - עצירות לא חוקיות בעלייה: ['1', '11', '2', '3', '4', '5']; עצירות לא חוקיות בירידה: ['1', '11', '3', '5', '7']; כיסוי קומות חלקי (עלייה 33%, ירידה 100%); קפיצות-אחורה (עלייה 3, ירידה 37); חזרות על קומות (עלייה 4, ירידה 57); 12 חריגות טיימינג
2026-10-10 19:25:22 [INFO] detector: Config updated remotely (keys=['SHABBAT_DETECTOR'])
2026-10-10 19:26:51 [INFO] detector: Config updated remotely (keys=['SHABBAT_DETECTOR'])
2026-10-10 19:32:44 [WARNING] shabbat_detector.firebase_client: Elevator stream reconnecting in 1s
2026-10-10 19:32:44 [INFO] shabbat_detector.firebase_client: SSE stream connecting: https://ramada-elev-default-rtdb.europe-west1.firebasedatabase.app/settings.json
2026-10-10 19:32:46 [INFO] shabbat_detector.firebase_client: SSE stream connecting: https://ramada-elev-default-rtdb.europe-west1.firebasedatabase.app/elevators/D.json
2026-10-10 19:33:34 [INFO] shabbat_detector.hebcal_gate: Hebcal refreshed: 2 start(s), 1 end(s) (geo=281184, diaspora=True)
2026-10-10 19:35:35 [INFO] shabbat_detector.cycle_analyzer: Cycle aborted: returned to TOP without reaching BOTTOM
2026-10-10 19:35:35 [INFO] shabbat_detector.fsm: [D] DetectorState.NORMAL → DetectorState.CANDIDATE_SHABBAT
2026-10-10 19:35:35 [INFO] detector: SHABBAT TRANSITION NORMAL -> CANDIDATE_SHABBAT | סיבה: מחזור אפשרי החל - ממתין להשלמה
2026-10-10 19:36:35 [INFO] detector: Config updated remotely (keys=['SHABBAT_DETECTOR'])
2026-10-10 19:38:24 [INFO] shabbat_detector.cycle_analyzer: Cycle complete: 180s, up_stops=['-1', '2', '6'], down_stops=['-1']
2026-10-10 19:38:24 [INFO] shabbat_detector.fsm: [D] DetectorState.CANDIDATE_SHABBAT → DetectorState.NORMAL
2026-10-10 19:38:24 [INFO] detector: SHABBAT TRANSITION CANDIDATE_SHABBAT -> NORMAL | סיבה: מחזור לא תאם - עצירות לא חוקיות בעלייה: ['2', '6']; כיסוי קומות חלקי (עלייה 33%, ירידה 12%); 3 חריגות טיימינג
2026-10-10 19:39:55 [INFO] detector: Config updated remotely (keys=['SHABBAT_DETECTOR'])
2026-10-10 19:41:52 [INFO] shabbat_detector.cycle_analyzer: Cycle complete: 206s, up_stops=['-1', '2', '4', '-1'], down_stops=['9', '0']
2026-10-10 19:41:52 [INFO] shabbat_detector.fsm: [D] DetectorState.NORMAL → DetectorState.CANDIDATE_SHABBAT
2026-10-10 19:41:52 [INFO] detector: SHABBAT TRANSITION NORMAL -> CANDIDATE_SHABBAT | סיבה: מחזור אפשרי החל - ממתין להשלמה
2026-10-10 19:41:52 [INFO] shabbat_detector.fsm: [D] DetectorState.CANDIDATE_SHABBAT → DetectorState.NORMAL
2026-10-10 19:41:52 [INFO] detector: SHABBAT TRANSITION CANDIDATE_SHABBAT -> NORMAL | סיבה: מחזור לא תאם - עצירות לא חוקיות בעלייה: ['2', '4']; עצירות לא חוקיות בירידה: ['9']; כיסוי קומות חלקי (עלייה 33%, ירידה 12%); 3 חריגות טיימינג
2026-10-10 19:41:53 [INFO] detector: Config updated remotely (keys=['SHABBAT_DETECTOR'])
2026-10-10 19:43:22 [INFO] detector: Config updated remotely (keys=['SHABBAT_DETECTOR'])
2026-10-10 19:43:47 [INFO] shabbat_detector.hebcal_gate: Hebcal refreshed: 2 start(s), 1 end(s) (geo=281184, diaspora=True)
2026-10-10 19:53:55 [INFO] shabbat_detector.hebcal_gate: Hebcal refreshed: 2 start(s), 1 end(s) (geo=281184, diaspora=True)
2026-10-10 19:57:53 [INFO] shabbat_detector.cycle_analyzer: Cycle recovered (missed BOTTOM-terminal read): 952s, up_stops=['-1', '2', '7', '6', '4', '1', '-1', '2', '1', '-1', '5', '-1'], down_stops=['-1', '3', '11', '5', '-1', '1', '11', '5', '-1', '1', '3', '-1', '2', '-1', '1', '-1', '3', '4', '-1', '2', '11', '-1', '-2']
2026-10-10 19:57:53 [INFO] shabbat_detector.fsm: [D] DetectorState.NORMAL → DetectorState.CANDIDATE_SHABBAT
2026-10-10 19:57:53 [INFO] detector: SHABBAT TRANSITION NORMAL -> CANDIDATE_SHABBAT | סיבה: מחזור אפשרי החל - ממתין להשלמה
2026-10-10 19:57:53 [INFO] shabbat_detector.fsm: [D] DetectorState.CANDIDATE_SHABBAT → DetectorState.NORMAL
2026-10-10 19:57:53 [INFO] detector: SHABBAT TRANSITION CANDIDATE_SHABBAT -> NORMAL | סיבה: מחזור לא תאם - עצירות לא חוקיות בעלייה: ['1', '2', '4', '5', '6', '7']; עצירות לא חוקיות בירידה: ['1', '11', '3', '5']; כיסוי קומות חלקי (עלייה 33%, ירידה 50%); קפיצות-אחורה (עלייה 7, ירידה 12); חזרות על קומות (עלייה 5, ירידה 15); 8 חריגות טיימינג
2026-10-10 19:57:54 [INFO] detector: Config updated remotely (keys=['SHABBAT_DETECTOR'])
2026-10-10 19:58:23 [INFO] detector: Config updated remotely (keys=['SHABBAT_DETECTOR'])
2026-10-10 20:04:00 [INFO] shabbat_detector.hebcal_gate: Hebcal refreshed: 2 start(s), 1 end(s) (geo=281184, diaspora=True)
2026-10-10 20:06:16 [WARNING] shabbat_detector.firebase_client: Elevator stream reconnecting in 1s
2026-10-10 20:06:17 [INFO] shabbat_detector.firebase_client: SSE stream connecting: https://ramada-elev-default-rtdb.europe-west1.firebasedatabase.app/elevators/D.json
2026-10-10 20:14:35 [INFO] shabbat_detector.hebcal_gate: Hebcal refreshed: 2 start(s), 1 end(s) (geo=281184, diaspora=True)
2026-10-10 20:18:51 [INFO] shabbat_detector.firebase_client: SSE stream connecting: https://ramada-elev-default-rtdb.europe-west1.firebasedatabase.app/settings.json
2026-10-10 20:19:47 [INFO] shabbat_detector.cycle_analyzer: Cycle complete: 1324s, up_stops=['2', '1', '-1', '2', '0', '1', '0', '11', '6', '-1', '4', '11', '2', '4'], down_stops=['4', '8', '-1', '6', '5', '-1', '4', '3', '-1', '2', '6', '2', '2', '11', '4', '1', '-1', '3', '1', '-1']
2026-10-10 20:19:47 [INFO] shabbat_detector.fsm: [D] DetectorState.NORMAL → DetectorState.CANDIDATE_SHABBAT
2026-10-10 20:19:47 [INFO] detector: SHABBAT TRANSITION NORMAL -> CANDIDATE_SHABBAT | סיבה: מחזור אפשרי החל - ממתין להשלמה
2026-10-10 20:19:47 [INFO] shabbat_detector.fsm: [D] DetectorState.CANDIDATE_SHABBAT → DetectorState.NORMAL
2026-10-10 20:19:47 [INFO] detector: SHABBAT TRANSITION CANDIDATE_SHABBAT -> NORMAL | סיבה: מחזור לא תאם - עצירות לא חוקיות בעלייה: ['1', '11', '2', '4', '6']; עצירות לא חוקיות בירידה: ['1', '11', '3', '5']; קפיצות-אחורה (עלייה 7, ירידה 7); חזרות על קומות (עלייה 7, ירידה 11); 7 חריגות טיימינג
2026-10-10 20:19:48 [INFO] detector: Config updated remotely (keys=['SHABBAT_DETECTOR'])
2026-10-10 20:20:48 [INFO] detector: Config updated remotely (keys=['SHABBAT_DETECTOR'])
2026-10-10 20:22:30 [INFO] shabbat_detector.firebase_client: SSE stream connecting: https://ramada-elev-default-rtdb.europe-west1.firebasedatabase.app/elevator_configs/D.json
2026-10-10 20:22:35 [WARNING] shabbat_detector.firebase_client: Background stream error (/elevator_configs/D.json): HTTPSConnectionPool(host='ramada-elev-default-rtdb.europe-west1.firebasedatabase.app', port=443): Max retries exceeded with url: /elevator_configs/D.json (Caused by SSLError(SSLEOFError(8, '[SSL: UNEXPECTED_EOF_WHILE_READING] EOF occurred in violation of protocol (_ssl.c:1029)')))
2026-10-10 20:22:39 [INFO] shabbat_detector.firebase_client: SSE stream connecting: https://ramada-elev-default-rtdb.europe-west1.firebasedatabase.app/elevator_configs/D.json
2026-10-10 20:23:09 [INFO] detector: Config updated remotely (keys=['AUTO_LEARN_CONFIG', 'BOTTOM_FLOOR', 'FLOOR_WAITS', 'SHABBAT_ACTIVE', 'SHABBAT_BREAK_ACTIVE', 'SHABBAT_DETECTOR', 'SHABBAT_MODE', 'STOPPING_FLOORS', 'STOPPING_FLOORS_DOWN', 'STOPPING_FLOORS_UP', 'TIME_PASS_FLOOR', 'TIME_PER_FLOOR', 'TOP_FLOOR', 'VISIBLE_FLOORS', 'secret_key'])
2026-10-10 20:25:05 [INFO] shabbat_detector.hebcal_gate: Hebcal refreshed: 2 start(s), 1 end(s) (geo=281184, diaspora=True)
2026-10-10 20:27:22 [WARNING] shabbat_detector.cycle_analyzer: Unexpected: touched opposite terminal again in leg 2
2026-10-10 20:35:12 [INFO] shabbat_detector.hebcal_gate: Hebcal refreshed: 2 start(s), 1 end(s) (geo=281184, diaspora=True)
2026-10-10 20:44:00 [WARNING] shabbat_detector.cycle_analyzer: Unexpected: touched opposite terminal again in leg 2
2026-10-10 20:46:13 [INFO] shabbat_detector.hebcal_gate: Hebcal refreshed: 2 start(s), 1 end(s) (geo=281184, diaspora=True)
2026-10-10 20:48:09 [WARNING] shabbat_detector.cycle_analyzer: Unexpected: touched opposite terminal again in leg 2
2026-10-10 20:52:53 [WARNING] shabbat_detector.cycle_analyzer: Unexpected: touched opposite terminal again in leg 2
2026-10-10 20:58:15 [INFO] shabbat_detector.hebcal_gate: Hebcal refreshed: 2 start(s), 1 end(s) (geo=281184, diaspora=True)
2026-10-10 21:03:00 [WARNING] shabbat_detector.cycle_analyzer: Unexpected: touched opposite terminal again in leg 2
2026-10-10 21:04:35 [WARNING] shabbat_detector.cycle_analyzer: Unexpected: touched opposite terminal again in leg 2
2026-10-10 21:08:54 [INFO] shabbat_detector.hebcal_gate: Hebcal refreshed: 2 start(s), 1 end(s) (geo=281184, diaspora=True)
2026-10-10 21:13:25 [INFO] shabbat_detector.cycle_analyzer: Cycle complete: 3218s, up_stops=['-2', '11', '5', '-1', '1', '-1', '1', '5', '9', '11', '0', '11', '0', '2', '-1', '3', '-1', '4', '3', '-1', '11', '-1', '-2', '-1', '3', '0', '3', '2', '4', '-1', '11', '-1', '4', '-2', '-1', '-1', '1', '7', '3', '11', '-1', '11', '3', '-1', '4'], down_stops=['-1', '3']
2026-10-10 21:13:25 [INFO] shabbat_detector.fsm: [D] DetectorState.NORMAL → DetectorState.CANDIDATE_SHABBAT
2026-10-10 21:13:25 [INFO] detector: SHABBAT TRANSITION NORMAL -> CANDIDATE_SHABBAT | סיבה: מחזור אפשרי החל - ממתין להשלמה
2026-10-10 21:13:25 [INFO] shabbat_detector.fsm: [D] DetectorState.CANDIDATE_SHABBAT → DetectorState.NORMAL
2026-10-10 21:13:25 [INFO] detector: SHABBAT TRANSITION CANDIDATE_SHABBAT -> NORMAL | סיבה: מחזור לא תאם - עצירות לא חוקיות בעלייה: ['1', '11', '2', '3', '4', '5', '7', '9']; עצירות לא חוקיות בירידה: ['3']; כיסוי קומות חלקי (עלייה 100%, ירידה 12%); קפיצות-אחורה (עלייה 20, ירידה 1); חזרות על קומות (עלייה 34, ירידה 0); 11 חריגות טיימינג
2026-10-10 21:13:26 [INFO] detector: Config updated remotely (keys=['SHABBAT_DETECTOR'])
2026-10-10 21:13:56 [INFO] detector: Config updated remotely (keys=['SHABBAT_DETECTOR'])
2026-10-10 21:18:56 [INFO] shabbat_detector.hebcal_gate: Hebcal refreshed: 2 start(s), 1 end(s) (geo=281184, diaspora=True)
2026-10-10 21:30:50 [INFO] shabbat_detector.hebcal_gate: Hebcal refreshed: 2 start(s), 1 end(s) (geo=281184, diaspora=True)
2026-10-10 21:40:53 [INFO] shabbat_detector.hebcal_gate: Hebcal refreshed: 2 start(s), 1 end(s) (geo=281184, diaspora=True)
